timestamp_s,Fx_N,Fy_N,Fz_N,Mx_Nm,My_Nm,Mz_Nm,TCP_x_m,TCP_y_m,TCP_z_m,TCP_rx_rad,TCP_ry_rad,TCP_rz_rad
0.000422,-0.016250,-0.006250,0.006250,-0.000625,-0.000625,0.000000,0.386000,-0.690000,0.097998,-3.141591,0.000002,0.000002
0.004539,-0.016250,-0.006250,0.006250,-0.000625,-0.000625,0.000000,0.386000,-0.690000,0.097998,-3.141591,0.000002,0.000002
0.008504,-0.016250,-0.006250,0.006250,-0.000625,-0.000625,0.000000,0.386000,-0.690000,0.097998,-3.141591,0.000002,0.000002
0.012511,-0.016250,-0.006250,0.006250,-0.000625,-0.000625,0.000000,0.386000,-0.690000,0.097998,-3.141591,0.000002,0.000002
0.016507,-0.016250,-0.006250,0.006250,-0.000625,-0.000625,0.000000,0.386000,-0.690000,0.097998,-3.141591,0.000002,0.000002
0.020504,-0.016250,-0.006250,-0.003750,0.000375,-0.000625,0.000000,0.386000,-0.690000,0.097998,-3.141591,0.000002,0.000002
0.024501,-0.016250,-0.006250,-0.003750,0.000375,-0.000625,0.000000,0.386000,-0.690000,0.097998,-3.141591,0.000002,0.000002
0.028501,-0.016250,-0.006250,-0.003750,0.000375,-0.000625,0.000000,0.386000,-0.690000,0.097998,-3.141591,0.000002,0.000002
0.032502,-0.016250,-0.006250,-0.003750,0.000375,-0.000625,0.000000,0.386000,-0.690000,0.097998,-3.141591,0.000002,0.000002
0.036506,-0.016247,-0.006256,-0.003750,0.000375,-0.000625,-0.000000,0.385999,-0.689999,0.097996,-3.141587,0.000005,0.000002
0.040501,-0.016247,-0.006256,-0.003750,0.000375,-0.000625,-0.000000,0.385999,-0.689999,0.097996,-3.141587,0.000005,0.000002
0.044501,-0.016245,-0.006258,-0.003750,0.000375,-0.000625,-0.000000,0.386000,-0.689994,0.097991,-3.141585,0.000007,0.000007
0.048499,-0.016241,-0.006265,-0.003750,0.000375,-0.000625,-0.000000,0.386002,-0.689986,0.097981,-3.141579,0.000011,0.000009
0.052551,-0.016239,-0.006268,-0.003750,0.000375,-0.000625,-0.000000,0.386005,-0.689974,0.097967,-3.141577,0.000013,0.000016
0.056583,-0.006240,-0.006268,-0.003750,0.000375,0.000375,-0.000000,0.386015,-0.689953,0.097948,-3.141578,0.000013,0.000030
0.060587,-0.006239,-0.006269,-0.003750,0.000375,0.000375,-0.000000,0.386022,-0.689928,0.097923,-3.141577,0.000013,0.000030
0.064521,-0.006236,-0.006275,-0.003750,0.000375,0.000375,-0.000000,0.386034,-0.689893,0.097894,-3.141572,0.000017,0.000043
0.068576,-0.006235,-0.006275,-0.003750,0.000375,0.000375,-0.000000,0.386046,-0.689853,0.097868,-3.141572,0.000017,0.000041
0.072572,-0.006233,-0.006280,-0.003751,0.000375,0.000375,-0.000000,0.386063,-0.689803,0.097839,-3.141569,0.000020,0.000039
0.076529,-0.006226,-0.006291,-0.003751,0.000376,0.000375,-0.000000,0.386081,-0.689744,0.097808,-3.141561,0.000027,0.000046
0.080492,-0.006228,-0.006288,-0.003751,0.000375,0.000375,-0.000000,0.386098,-0.689682,0.097779,-3.141563,0.000025,0.000040
0.084507,-0.006226,-0.006291,-0.003751,0.000376,0.000375,-0.000000,0.386124,-0.689610,0.097748,-3.141561,0.000027,0.000051
0.088510,-0.006232,-0.006280,-0.003751,0.000375,0.000375,-0.000000,0.386151,-0.689534,0.097720,-3.141568,0.000020,0.000061
0.092576,-0.006224,-0.006296,-0.003751,0.000376,0.000375,-0.000000,0.386173,-0.689451,0.097686,-3.141557,0.000030,0.000057
0.096567,-0.006219,-0.006304,-0.003751,0.000376,0.000375,-0.000000,0.386200,-0.689364,0.097653,-3.141551,0.000035,0.000061
0.100505,-0.046213,-0.016315,-0.033752,0.000376,-0.000625,-0.000000,0.386229,-0.689273,0.097623,-3.141543,0.000042,0.000064
0.104506,-0.046206,-0.016327,-0.033752,0.000376,-0.000625,-0.000000,0.386257,-0.689181,0.097595,-3.141534,0.000049,0.000067
0.108548,-0.046198,-0.016341,-0.033752,0.000376,-0.000624,-0.000000,0.386285,-0.689090,0.097570,-3.141524,0.000058,0.000076
0.112554,-0.046188,-0.016358,-0.033753,0.000376,-0.000624,-0.000000,0.386312,-0.688998,0.097547,-3.141512,0.000068,0.000079
0.116509,-0.046185,-0.016363,-0.033753,0.000376,-0.000624,-0.000000,0.386339,-0.688910,0.097529,-3.141508,0.000072,0.000077
0.120543,-0.046175,-0.016381,-0.033753,0.000377,-0.000624,-0.000000,0.386367,-0.688818,0.097508,-3.141495,0.000083,0.000080
0.124544,-0.046175,-0.016381,-0.033753,0.000377,-0.000624,-0.000000,0.386395,-0.688732,0.097493,-3.141495,0.000083,0.000085
0.128542,-0.046175,-0.016380,-0.033753,0.000377,-0.000624,-0.000000,0.386424,-0.688641,0.097477,-3.141495,0.000082,0.000087
0.132518,-0.046179,-0.016373,-0.033753,0.000377,-0.000624,-0.000000,0.386451,-0.688549,0.097462,-3.141501,0.000078,0.000083
0.136529,-0.076185,-0.036364,-0.013753,0.000376,-0.001624,-0.001000,0.386485,-0.688448,0.097445,-3.141507,0.000072,0.000086
0.140534,-0.076189,-0.036356,-0.013753,0.000376,-0.001624,-0.001000,0.386519,-0.688342,0.097431,-3.141513,0.000067,0.000080
0.144539,-0.076201,-0.036335,-0.013752,0.000376,-0.001624,-0.001000,0.386551,-0.688234,0.097418,-3.141528,0.000054,0.000074
0.148502,-0.076210,-0.036319,-0.013752,0.000376,-0.001625,-0.001000,0.386585,-0.688123,0.097403,-3.141540,0.000045,0.000065
0.152499,-0.076226,-0.036291,-0.013751,0.000376,-0.001625,-0.001000,0.386621,-0.688014,0.097391,-3.141561,0.000027,0.000057
0.156544,-0.076235,-0.036277,-0.013751,0.000375,-0.001625,-0.001000,0.386654,-0.687902,0.097377,-3.141571,0.000018,0.000055
0.160537,-0.076244,-0.036260,-0.013750,0.000375,-0.001625,-0.001000,0.386689,-0.687792,0.097361,-3.141584,0.000008,0.000053
0.164502,-0.076244,-0.036260,-0.013750,0.000375,-0.001625,-0.001000,0.386689,-0.687792,0.097361,-3.141584,0.000008,0.000053
0.168519,-0.076232,-0.036282,-0.013751,0.000375,-0.001625,-0.001000,0.386709,-0.687665,0.097319,-3.141567,0.000021,0.000024
0.172509,-0.076246,-0.036257,-0.013750,0.000375,-0.001625,-0.001000,0.386779,-0.687444,0.097316,-3.141586,0.000006,0.000028
0.176506,-0.076235,-0.036276,-0.013751,0.000375,-0.001625,-0.001000,0.386830,-0.687321,0.097296,-3.141572,0.000017,0.000053
0.180496,-0.016232,0.003718,0.026249,-0.000625,0.000375,-0.000000,0.386863,-0.687209,0.097281,-3.141567,0.000022,0.000058
0.184538,-0.016225,0.003707,0.026249,-0.000624,0.000375,-0.000000,0.386897,-0.687098,0.097261,-3.141559,0.000028,0.000056
0.188541,-0.016229,0.003713,0.026249,-0.000625,0.000375,-0.000000,0.386929,-0.686989,0.097249,-3.141564,0.000025,0.000050
0.192539,-0.016238,0.003729,0.026249,-0.000625,0.000375,-0.000000,0.386965,-0.686881,0.097233,-3.141575,0.000015,0.000048
0.196546,-0.016241,0.003733,0.026249,-0.000625,0.000375,-0.000000,0.387001,-0.686772,0.097213,-3.141579,0.000012,0.000047
0.200546,-0.016247,0.003744,0.026250,-0.000625,0.000375,-0.000000,0.387033,-0.686664,0.097195,-3.141586,0.000005,0.000040
0.204539,-0.016253,0.003755,0.026250,-0.000625,0.000375,0.000000,0.387069,-0.686555,0.097176,3.141591,-0.000002,0.000045
0.208539,-0.016267,0.003779,0.026251,-0.000625,0.000375,0.000000,0.387101,-0.686448,0.097159,3.141573,-0.000017,0.000039
0.212546,-0.016270,0.003785,0.026251,-0.000625,0.000375,0.000000,0.387136,-0.686338,0.097138,3.141569,-0.000020,0.000038
0.216558,-0.026279,-0.036199,-0.013749,0.000374,-0.000625,-0.001000,0.387169,-0.686232,0.097122,3.141557,-0.000030,0.000031
0.220540,-0.026285,-0.036189,-0.013749,0.000374,-0.000625,-0.001000,0.387203,-0.686126,0.097105,3.141550,-0.000037,0.000025
0.224540,-0.026283,-0.036193,-0.013749,0.000374,-0.000625,-0.001000,0.387235,-0.686019,0.097086,3.141552,-0.000034,0.000019
0.228507,-0.026278,-0.036202,-0.013749,0.000374,-0.000625,-0.001000,0.387267,-0.685911,0.097064,3.141559,-0.000029,0.000019
0.232511,-0.026273,-0.036211,-0.013749,0.000375,-0.000625,-0.001000,0.387298,-0.685807,0.097042,3.141566,-0.000023,0.000022
0.236545,-0.026266,-0.036222,-0.013749,0.000375,-0.000625,-0.001000,0.387325,-0.685710,0.097022,3.141574,-0.000016,0.000016
0.240539,-0.026253,-0.036245,-0.013750,0.000375,-0.000625,-0.001000,0.387349,-0.685615,0.096999,3.141591,-0.000002,0.000018
0.244511,-0.026251,-0.036249,-0.013750,0.000375,-0.000625,-0.001000,0.387377,-0.685524,0.096979,-3.141592,0.000001,0.000028
0.248502,-0.026255,-0.036242,-0.013750,0.000375,-0.000625,-0.001000,0.387404,-0.685438,0.096965,3.141588,-0.000004,0.000026
0.252525,0.003744,-0.006240,-0.003750,-0.000625,0.000375,-0.001000,0.387430,-0.685350,0.096947,3.141587,-0.000005,0.000031
0.256538,0.003743,-0.006237,-0.003750,-0.000625,0.000375,-0.001000,0.387459,-0.685260,0.096929,3.141585,-0.000007,0.000034
0.260482,0.003741,-0.006234,-0.003750,-0.000625,0.000375,-0.001000,0.387487,-0.685169,0.096910,3.141583,-0.000008,0.000036
0.264479,0.003741,-0.006234,-0.003750,-0.000625,0.000375,-0.001000,0.387487,-0.685169,0.096910,3.141583,-0.000008,0.000036
0.268478,0.003738,-0.006230,-0.003749,-0.000625,0.000375,-0.001000,0.387512,-0.685080,0.096890,3.141579,-0.000011,0.000034
0.272478,0.003736,-0.006225,-0.003749,-0.000625,0.000375,-0.001000,0.387539,-0.684989,0.096869,3.141576,-0.000014,0.000037
0.276478,0.003740,-0.006233,-0.003750,-0.000625,0.000375,-0.001000,0.387584,-0.684794,0.096804,3.141582,-0.000009,0.000015
0.280479,0.003715,-0.006189,-0.003748,-0.000626,0.000375,-0.001000,0.387625,-0.684719,0.096817,3.141550,-0.000036,0.000018
0.284478,0.003711,-0.006182,-0.003748,-0.000626,0.000375,-0.001000,0.387643,-0.684617,0.096794,3.141545,-0.000041,0.000014
0.288478,0.003707,-0.006174,-0.003748,-0.000626,0.000375,-0.001000,0.387672,-0.684526,0.096779,3.141539,-0.000046,0.000010
0.292480,0.003706,-0.006173,-0.003748,-0.000626,0.000375,-0.001000,0.387719,-0.684426,0.096761,3.141538,-0.000047,0.000033
0.296477,-0.006291,-0.016178,-0.003748,0.000374,0.000375,-0.001000,0.387746,-0.684334,0.096743,3.141541,-0.000044,0.000029
0.300506,-0.006292,-0.016176,-0.003748,0.000374,0.000375,-0.001000,0.387773,-0.684243,0.096726,3.141540,-0.000045,0.000018
0.304509,-0.006294,-0.016173,-0.003748,0.000374,0.000375,-0.001000,0.387801,-0.684153,0.096707,3.141538,-0.000047,0.000014
0.308503,-0.006296,-0.016170,-0.003748,0.000374,0.000375,-0.001000,0.387829,-0.684062,0.096688,3.141536,-0.000049,0.000010
0.312482,-0.006301,-0.016161,-0.003748,0.000374,0.000374,-0.001000,0.387858,-0.683973,0.096672,3.141529,-0.000054,0.000006
0.316481,-0.006301,-0.016161,-0.003748,0.000374,0.000374,-0.001000,0.387858,-0.683973,0.096672,3.141529,-0.000054,0.000006
0.320577,-0.006300,-0.016163,-0.003748,0.000374,0.000374,-0.001000,0.387886,-0.683882,0.096650,3.141531,-0.000053,0.000009
0.324568,-0.006305,-0.016154,-0.003748,0.000374,0.000374,-0.001000,0.387915,-0.683793,0.096633,3.141524,-0.000058,0.000011
0.328573,-0.006300,-0.016162,-0.003748,0.000374,0.000374,-0.001000,0.387943,-0.683703,0.096609,3.141530,-0.000054,0.000014
0.332507,-0.026298,-0.016166,0.006252,0.000374,0.000374,-0.002000,0.387996,-0.683529,0.096566,3.141533,-0.000051,0.000017
0.336506,-0.026297,-0.016168,0.006252,0.000374,0.000374,-0.002000,0.388018,-0.683448,0.096543,3.141534,-0.000050,0.000020
0.340506,-0.026297,-0.016168,0.006252,0.000374,0.000374,-0.002000,0.388018,-0.683448,0.096543,3.141534,-0.000050,0.000020
0.344511,-0.026295,-0.016171,0.006252,0.000374,0.000375,-0.002000,0.388064,-0.683293,0.096498,3.141537,-0.000048,0.000020
0.348507,-0.026295,-0.016171,0.006252,0.000374,0.000375,-0.002000,0.388064,-0.683293,0.096498,3.141537,-0.000048,0.000020
0.352534,-0.026294,-0.016174,0.006252,0.000374,0.000375,-0.002000,0.388087,-0.683218,0.096476,3.141539,-0.000046,0.000025
0.356552,-0.026289,-0.016181,0.006251,0.000374,0.000375,-0.002000,0.388109,-0.683142,0.096451,3.141544,-0.000042,0.000030
0.360539,-0.026286,-0.016187,0.006251,0.000374,0.000375,-0.002000,0.388131,-0.683066,0.096425,3.141548,-0.000038,0.000035
0.364547,-0.026285,-0.016189,0.006251,0.000374,0.000375,-0.002000,0.388153,-0.682991,0.096403,3.141550,-0.000036,0.000040
0.368511,-0.026284,-0.016191,0.006251,0.000374,0.000375,-0.002000,0.388172,-0.682916,0.096380,3.141551,-0.000036,0.000033
0.372480,-0.026284,-0.016191,0.006251,0.000374,0.000375,-0.002000,0.388172,-0.682916,0.096380,3.141551,-0.000036,0.000033
0.376479,-0.026304,-0.016155,0.006252,0.000374,0.000374,-0.002000,0.388217,-0.682765,0.096333,3.141525,-0.000058,0.000016
0.380479,-0.006286,-0.016187,-0.013749,0.000374,0.000375,-0.002000,0.388239,-0.682685,0.096310,3.141548,-0.000038,0.000025
0.384506,-0.006284,-0.016190,-0.013749,0.000374,0.000375,-0.002000,0.388252,-0.682597,0.096281,3.141551,-0.000036,0.000024
0.388505,-0.006285,-0.016189,-0.013749,0.000374,0.000375,-0.002000,0.388289,-0.682512,0.096264,3.141550,-0.000037,0.000044
0.392511,-0.006287,-0.016185,-0.013749,0.000374,0.000375,-0.002000,0.388310,-0.682437,0.096245,3.141547,-0.000039,0.000042
0.396536,-0.006287,-0.016185,-0.013749,0.000374,0.000375,-0.002000,0.388333,-0.682361,0.096229,3.141547,-0.000039,0.000040
0.400551,-0.006287,-0.016184,-0.013749,0.000374,0.000375,-0.002000,0.388357,-0.682283,0.096212,3.141546,-0.000040,0.000043
0.404545,-0.006285,-0.016188,-0.013749,0.000374,0.000375,-0.002000,0.388379,-0.682207,0.096192,3.141549,-0.000037,0.000041
0.408539,-0.006282,-0.016194,-0.013749,0.000374,0.000375,-0.002000,0.388403,-0.682128,0.096174,3.141553,-0.000034,0.000037
0.412546,-0.006274,-0.016208,-0.013749,0.000374,0.000375,-0.002000,0.388422,-0.682049,0.096150,3.141564,-0.000025,0.000028
0.416544,-0.016276,-0.016205,0.006251,-0.000626,-0.000625,-0.002000,0.388447,-0.681971,0.096130,3.141562,-0.000027,0.000031
0.420540,-0.016276,-0.016204,0.006251,-0.000626,-0.000625,-0.002000,0.388472,-0.681893,0.096113,3.141561,-0.000027,0.000027
0.424546,-0.016274,-0.016207,0.006251,-0.000626,-0.000625,-0.002000,0.388493,-0.681817,0.096093,3.141563,-0.000025,0.000018
0.428540,-0.016272,-0.016211,0.006251,-0.000625,-0.000625,-0.002000,0.388517,-0.681739,0.096072,3.141566,-0.000023,0.000014
0.432543,-0.016270,-0.016214,0.006251,-0.000625,-0.000625,-0.002000,0.388539,-0.681662,0.096052,3.141568,-0.000021,0.000006
0.436540,-0.016276,-0.016204,0.006251,-0.000626,-0.000625,-0.002000,0.388564,-0.681585,0.096033,3.141561,-0.000027,0.000001
0.440541,-0.016282,-0.016194,0.006251,-0.000626,-0.000625,-0.002000,0.388591,-0.681505,0.096015,3.141554,-0.000033,0.000002
0.444541,-0.016280,-0.016196,0.006251,-0.000626,-0.000625,-0.002000,0.388615,-0.681426,0.095993,3.141555,-0.000032,-0.000002
0.448511,-0.016280,-0.016197,0.006251,-0.000626,-0.000625,-0.002000,0.388641,-0.681344,0.095970,3.141556,-0.000032,-0.000002
0.452495,-0.016286,-0.016187,0.006251,-0.000626,-0.000625,-0.002000,0.388666,-0.681267,0.095950,3.141548,-0.000038,-0.000006
0.456539,-0.016282,-0.016194,0.006251,-0.000626,-0.000625,-0.002000,0.388692,-0.681185,0.095926,3.141554,-0.000033,-0.000012
0.460543,-0.026280,-0.026197,0.006251,0.000374,-0.000625,-0.003000,0.388715,-0.681106,0.095904,3.141555,-0.000032,-0.000017
0.464538,-0.026282,-0.026193,0.006251,0.000374,-0.000625,-0.003000,0.388740,-0.681028,0.095885,3.141553,-0.000034,-0.000014
0.468537,-0.026278,-0.026201,0.006251,0.000374,-0.000625,-0.003000,0.388765,-0.680946,0.095860,3.141559,-0.000029,-0.000014
0.472482,-0.026277,-0.026202,0.006251,0.000374,-0.000625,-0.003000,0.388790,-0.680868,0.095837,3.141559,-0.000029,-0.000018
0.476533,-0.026273,-0.026210,0.006251,0.000374,-0.000625,-0.003000,0.388815,-0.680786,0.095813,3.141565,-0.000024,-0.000011
0.480518,-0.026268,-0.026218,0.006251,0.000375,-0.000625,-0.003000,0.388839,-0.680707,0.095789,3.141571,-0.000019,-0.000001
0.484568,-0.026263,-0.026227,0.006250,0.000375,-0.000625,-0.003000,0.388865,-0.680626,0.095767,3.141578,-0.000013,0.000006
0.488548,-0.026261,-0.026231,0.006250,0.000375,-0.000625,-0.003000,0.388889,-0.680547,0.095747,3.141580,-0.000011,0.000009
0.492561,-0.026253,-0.026245,0.006250,0.000375,-0.000625,-0.003000,0.388912,-0.680467,0.095720,3.141590,-0.000002,0.000011
0.496507,-0.026251,-0.026248,0.006250,0.000375,-0.000625,-0.003000,0.388939,-0.680387,0.095700,-3.141592,0.000000,0.000018
0.500482,-0.016249,-0.016253,-0.003750,0.000375,0.000375,-0.003000,0.388962,-0.680308,0.095681,-3.141589,0.000003,0.000028
0.504482,-0.016244,-0.016262,-0.003750,0.000375,0.000375,-0.003000,0.388985,-0.680228,0.095659,-3.141582,0.000009,0.000037
0.508498,-0.016241,-0.016266,-0.003750,0.000375,0.000375,-0.003000,0.389011,-0.680147,0.095639,-3.141579,0.000012,0.000024
0.512505,-0.016244,-0.016261,-0.003750,0.000375,0.000375,-0.003000,0.389038,-0.680067,0.095618,-3.141583,0.000009,0.000051
0.516506,-0.016249,-0.016252,-0.003750,0.000375,0.000375,-0.003000,0.389062,-0.679988,0.095600,-3.141590,0.000003,0.000054
0.520506,-0.016255,-0.016242,-0.003750,0.000375,0.000375,-0.003000,0.389089,-0.679908,0.095583,3.141589,-0.000003,0.000034
0.524507,-0.016267,-0.016220,-0.003749,0.000375,0.000375,-0.003000,0.389114,-0.679831,0.095568,3.141572,-0.000017,0.000037
0.528505,-0.016278,-0.016200,-0.003749,0.000374,0.000375,-0.003000,0.389132,-0.679740,0.095548,3.141558,-0.000030,0.000037
0.532505,-0.016290,-0.016179,-0.003748,0.000374,0.000375,-0.003000,0.389175,-0.679652,0.095535,3.141543,-0.000043,0.000060
0.536519,-0.016296,-0.016169,-0.003748,0.000374,0.000375,-0.003000,0.389203,-0.679568,0.095516,3.141536,-0.000049,0.000058
0.540506,-0.026296,-0.026168,0.016252,0.000374,0.000375,-0.003000,0.389229,-0.679482,0.095500,3.141535,-0.000050,0.000056
0.544538,-0.026298,-0.026165,0.016252,0.000374,0.000374,-0.003000,0.389258,-0.679392,0.095482,3.141533,-0.000052,0.000052
0.548516,-0.026294,-0.026172,0.016252,0.000374,0.000375,-0.003000,0.389286,-0.679303,0.095466,3.141538,-0.000047,0.000048
0.552540,-0.026291,-0.026177,0.016252,0.000374,0.000375,-0.003000,0.389314,-0.679213,0.095447,3.141541,-0.000044,0.000044
0.556513,-0.026285,-0.026188,0.016252,0.000374,0.000375,-0.003000,0.389341,-0.679123,0.095428,3.141549,-0.000037,0.000040
0.560539,-0.026282,-0.026194,0.016251,0.000374,0.000375,-0.003000,0.389370,-0.679034,0.095411,3.141554,-0.000034,0.000036
0.564545,-0.026281,-0.026194,0.016251,0.000374,0.000375,-0.003000,0.389399,-0.678947,0.095396,3.141554,-0.000033,0.000032
0.568504,-0.026276,-0.026205,0.016251,0.000374,0.000375,-0.003000,0.389428,-0.678858,0.095375,3.141562,-0.000027,0.000028
0.572546,-0.026276,-0.026205,0.016251,0.000374,0.000375,-0.003000,0.389428,-0.678858,0.095375,3.141562,-0.000027,0.000028
0.576544,-0.026277,-0.026203,0.016251,0.000374,0.000375,-0.003000,0.389458,-0.678770,0.095358,3.141560,-0.000028,0.000017
0.580533,-0.016280,-0.016197,0.016251,0.000374,-0.000625,-0.003000,0.389515,-0.678593,0.095321,3.141556,-0.000032,0.000009
0.584508,-0.016286,-0.016186,0.016252,0.000374,-0.000625,-0.003000,0.389544,-0.678506,0.095302,3.141548,-0.000039,0.000005
0.588537,-0.016289,-0.016181,0.016252,0.000374,-0.000625,-0.003000,0.389573,-0.678417,0.095281,3.141545,-0.000042,0.000001
0.592539,-0.016295,-0.016171,0.016252,0.000374,-0.000625,-0.003000,0.389602,-0.678329,0.095263,3.141537,-0.000048,-0.000003
0.596537,-0.016308,-0.016148,0.016253,0.000374,-0.000626,-0.003000,0.389633,-0.678243,0.095247,3.141520,-0.000063,0.000006
0.600501,-0.016313,-0.016137,0.016253,0.000374,-0.000626,-0.003000,0.389660,-0.678157,0.095228,3.141513,-0.000069,0.000004
0.604538,-0.016322,-0.016121,0.016253,0.000373,-0.000626,-0.003000,0.389690,-0.678071,0.095212,3.141501,-0.000079,0.000014
0.608505,-0.016328,-0.016112,0.016253,0.000373,-0.000626,-0.003000,0.389720,-0.677984,0.095195,3.141494,-0.000085,0.000023
0.612545,-0.026312,-0.026139,0.006252,0.000374,-0.000626,-0.004000,0.389734,-0.677884,0.095150,3.141514,-0.000068,0.000008
0.616577,-0.026320,-0.026125,0.006253,0.000373,-0.000626,-0.004000,0.389773,-0.677807,0.095153,3.141503,-0.000077,0.000044
0.620524,-0.026317,-0.026131,0.006253,0.000374,-0.000626,-0.004000,0.389806,-0.677697,0.095129,3.141508,-0.000073,0.000056
0.624508,-0.026309,-0.026144,0.006252,0.000374,-0.000626,-0.004000,0.389825,-0.677630,0.095111,3.141518,-0.000065,0.000058
0.628503,-0.026313,-0.026137,0.006253,0.000374,-0.000626,-0.004000,0.389852,-0.677545,0.095097,3.141513,-0.000069,0.000063
0.632483,-0.026303,-0.026155,0.006252,0.000374,-0.000626,-0.004000,0.389880,-0.677455,0.095075,3.141526,-0.000058,0.000073
0.636508,-0.026299,-0.026162,0.006252,0.000374,-0.000626,-0.004000,0.389906,-0.677369,0.095060,3.141531,-0.000054,0.000078
0.640506,-0.026297,-0.026166,0.006252,0.000374,-0.000626,-0.004000,0.389934,-0.677280,0.095040,3.141533,-0.000051,0.000087
0.644505,-0.026298,-0.026165,0.006252,0.000374,-0.000626,-0.004000,0.389959,-0.677193,0.095024,3.141533,-0.000052,0.000092
0.648479,-0.026298,-0.026165,0.006252,0.000374,-0.000626,-0.004000,0.389992,-0.677083,0.095001,3.141533,-0.000052,0.000090
0.652503,-0.026301,-0.026160,0.006252,0.000374,-0.000626,-0.004000,0.390012,-0.677016,0.094988,3.141529,-0.000055,0.000086
0.656479,-0.006306,-0.006150,0.006252,0.000374,0.000374,-0.004000,0.390040,-0.676927,0.094971,3.141522,-0.000061,0.000055
0.660499,-0.006315,-0.006134,0.006253,0.000374,0.000374,-0.004000,0.390073,-0.676818,0.094946,3.141510,-0.000071,0.000074
0.664534,-0.006323,-0.006119,0.006253,0.000373,0.000374,-0.004000,0.390081,-0.676743,0.094931,3.141499,-0.000081,0.000038
0.668504,-0.006333,-0.006102,0.006253,0.000373,0.000374,-0.004000,0.390125,-0.676646,0.094915,3.141487,-0.000091,0.000056
0.672573,-0.006342,-0.006084,0.006254,0.000373,0.000374,-0.004000,0.390155,-0.676558,0.094897,3.141475,-0.000102,0.000052
0.676502,-0.006355,-0.006061,0.006254,0.000373,0.000374,-0.004000,0.390185,-0.676472,0.094881,3.141458,-0.000117,0.000048
0.680480,-0.006358,-0.006056,0.006254,0.000373,0.000374,-0.004000,0.390210,-0.676385,0.094861,3.141454,-0.000120,0.000040
0.684534,-0.006359,-0.006054,0.006255,0.000373,0.000374,-0.004000,0.390238,-0.676296,0.094843,3.141453,-0.000122,0.000036
0.688540,-0.006350,-0.006070,0.006254,0.000373,0.000374,-0.004000,0.390261,-0.676207,0.094820,3.141464,-0.000112,0.000027
0.692544,-0.006345,-0.006079,0.006254,0.000373,0.000374,-0.004000,0.390288,-0.676117,0.094798,3.141471,-0.000106,0.000023
0.696545,-0.016332,-0.026103,0.006253,0.000373,-0.000626,-0.004000,0.390311,-0.676027,0.094775,3.141488,-0.000091,0.000008
0.700550,-0.016326,-0.026113,0.006253,0.000373,-0.000626,-0.004000,0.390339,-0.675938,0.094754,3.141495,-0.000085,0.000004
0.704539,-0.016313,-0.026136,0.006253,0.000374,-0.000626,-0.004000,0.390362,-0.675849,0.094731,3.141512,-0.000070,-0.000005
0.708539,-0.016308,-0.026147,0.006252,0.000374,-0.000626,-0.004000,0.390389,-0.675759,0.094710,3.141520,-0.000063,0.000005
0.712541,-0.016309,-0.026143,0.006252,0.000374,-0.000626,-0.004000,0.390414,-0.675673,0.094691,3.141517,-0.000065,0.000003
0.716511,-0.016309,-0.026145,0.006252,0.000374,-0.000626,-0.004000,0.390443,-0.675584,0.094669,3.141518,-0.000065,0.000005
0.720547,-0.016310,-0.026142,0.006252,0.000374,-0.000626,-0.004000,0.390467,-0.675497,0.094651,3.141516,-0.000066,0.000010
0.724540,-0.016312,-0.026139,0.006253,0.000374,-0.000626,-0.004000,0.390492,-0.675410,0.094632,3.141514,-0.000069,0.000008
0.728539,-0.016321,-0.026123,0.006253,0.000373,-0.000626,-0.004000,0.390518,-0.675324,0.094617,3.141503,-0.000078,0.000013
0.732512,-0.016322,-0.026120,0.006253,0.000373,-0.000626,-0.004000,0.390546,-0.675236,0.094598,3.141500,-0.000080,0.000023
0.736550,-0.056337,-0.036094,-0.263746,0.000373,-0.004626,-0.004000,0.390573,-0.675151,0.094589,3.141482,-0.000096,0.000028
0.740543,-0.056346,-0.036078,-0.263746,0.000373,-0.004626,-0.004000,0.390600,-0.675066,0.094572,3.141470,-0.000107,0.000039
0.744540,-0.056360,-0.036052,-0.263745,0.000373,-0.004626,-0.004000,0.390628,-0.674983,0.094562,3.141451,-0.000123,0.000044
0.748544,-0.056370,-0.036034,-0.263745,0.000372,-0.004626,-0.004000,0.390654,-0.674897,0.094544,3.141439,-0.000134,0.000056
0.752544,-0.056382,-0.036012,-0.263744,0.000372,-0.004626,-0.004000,0.390682,-0.674814,0.094530,3.141423,-0.000148,0.000061
0.756539,-0.056382,-0.036012,-0.263744,0.000372,-0.004626,-0.004000,0.390682,-0.674814,0.094530,3.141423,-0.000148,0.000061
0.760544,-0.056384,-0.036009,-0.263744,0.000372,-0.004626,-0.004000,0.390734,-0.674643,0.094497,3.141421,-0.000150,0.000064
0.764544,-0.056373,-0.036028,-0.263745,0.000372,-0.004626,-0.004000,0.390759,-0.674555,0.094478,3.141435,-0.000138,0.000062
0.768549,-0.056369,-0.036036,-0.263745,0.000372,-0.004626,-0.004000,0.390784,-0.674469,0.094462,3.141440,-0.000133,0.000067
0.772539,-0.056368,-0.036038,-0.263745,0.000372,-0.004626,-0.004000,0.390817,-0.674360,0.094442,3.141441,-0.000132,0.000065
0.776499,-0.056368,-0.036038,-0.263745,0.000372,-0.004626,-0.004000,0.390817,-0.674360,0.094442,3.141441,-0.000132,0.000065
0.780552,-0.366368,-0.156038,-2.503745,-0.002628,-0.042626,0.002000,0.390843,-0.674274,0.094427,3.141442,-0.000132,0.000063
0.784539,-0.366372,-0.156030,-2.503745,-0.002628,-0.042626,0.002000,0.390867,-0.674191,0.094412,3.141436,-0.000137,0.000050
0.788529,-0.366385,-0.156005,-2.503744,-0.002628,-0.042626,0.002000,0.390921,-0.674023,0.094379,3.141418,-0.000152,0.000040
0.792504,-0.366391,-0.155996,-2.503744,-0.002628,-0.042627,0.002000,0.390947,-0.673937,0.094363,3.141412,-0.000158,0.000031
0.796496,-0.366395,-0.155988,-2.503744,-0.002628,-0.042627,0.002000,0.390977,-0.673851,0.094347,3.141406,-0.000163,0.000034
0.800554,-0.366400,-0.155978,-2.503743,-0.002628,-0.042627,0.002000,0.391003,-0.673766,0.094330,3.141399,-0.000169,0.000025
0.804515,-0.366408,-0.155964,-2.503743,-0.002629,-0.042627,0.002000,0.391031,-0.673682,0.094315,3.141388,-0.000179,0.000017
0.808514,-0.366410,-0.155960,-2.503743,-0.002629,-0.042627,0.002000,0.391055,-0.673595,0.094296,3.141386,-0.000181,0.000008
0.812512,-0.366410,-0.155960,-2.503743,-0.002629,-0.042627,0.002000,0.391055,-0.673595,0.094296,3.141386,-0.000181,0.000008
0.816543,-0.446426,-0.185932,-3.083742,-0.004629,-0.051627,0.004000,0.391108,-0.673425,0.094260,3.141366,-0.000198,-0.000009
0.820515,-0.446426,-0.185932,-3.083742,-0.004629,-0.051627,0.004000,0.391108,-0.673425,0.094260,3.141366,-0.000198,-0.000009
0.824514,-0.896420,-0.245942,-5.793743,-0.011629,-0.097627,0.010000,0.391123,-0.673327,0.094221,3.141373,-0.000193,-0.000044
0.828542,-0.896439,-0.245908,-5.793742,-0.011629,-0.097627,0.010000,0.391161,-0.673255,0.094229,3.141349,-0.000214,-0.000019
0.832516,-0.896443,-0.245901,-5.793742,-0.011629,-0.097627,0.010000,0.391190,-0.673169,0.094214,3.141343,-0.000218,-0.000010
0.836512,-0.896441,-0.245904,-5.793742,-0.011629,-0.097627,0.010000,0.391242,-0.672998,0.094179,3.141346,-0.000216,-0.000007
0.840512,-0.896436,-0.245914,-5.793742,-0.011629,-0.097627,0.010000,0.391267,-0.672911,0.094158,3.141353,-0.000210,0.000005
0.844492,-0.896433,-0.245918,-5.793742,-0.011629,-0.097627,0.010000,0.391292,-0.672825,0.094140,3.141356,-0.000207,0.000010
0.848516,-0.896433,-0.245918,-5.793742,-0.011629,-0.097627,0.010000,0.391292,-0.672825,0.094140,3.141356,-0.000207,0.000010
0.852513,-0.896430,-0.245925,-5.793742,-0.011629,-0.097627,0.010000,0.391341,-0.672651,0.094099,3.141361,-0.000203,0.000026
0.856520,-0.896430,-0.245925,-5.793742,-0.011629,-0.097627,0.010000,0.391341,-0.672651,0.094099,3.141361,-0.000203,0.000026
0.860542,-1.536428,-0.415927,-9.953742,-0.020629,-0.162627,0.020000,0.391369,-0.672563,0.094078,3.141362,-0.000202,0.000036
0.864509,-1.536433,-0.415917,-9.953742,-0.020629,-0.162627,0.020000,0.391396,-0.672478,0.094060,3.141355,-0.000208,0.000040
0.868545,-1.536438,-0.415908,-9.953742,-0.020629,-0.162627,0.020000,0.391423,-0.672395,0.094044,3.141349,-0.000214,0.000045
0.872543,-1.536437,-0.415911,-9.953742,-0.020629,-0.162627,0.020000,0.391448,-0.672308,0.094023,3.141351,-0.000212,0.000050
0.876542,-1.536438,-0.415908,-9.953742,-0.020629,-0.162627,0.020000,0.391474,-0.672223,0.094005,3.141349,-0.000214,0.000055
0.880487,-1.536443,-0.415899,-9.953742,-0.020629,-0.162627,0.020000,0.391499,-0.672138,0.093988,3.141342,-0.000220,0.000060
0.884535,-1.536446,-0.415894,-9.953742,-0.020629,-0.162627,0.020000,0.391525,-0.672052,0.093968,3.141339,-0.000223,0.000038
0.888543,-1.536447,-0.415893,-9.953742,-0.020629,-0.162627,0.020000,0.391542,-0.671951,0.093943,3.141338,-0.000224,0.000041
0.892485,-1.536447,-0.415893,-9.953742,-0.020629,-0.162627,0.020000,0.391542,-0.671951,0.093943,3.141338,-0.000224,0.000041
0.896483,-2.406450,-0.575886,-14.873741,-0.032630,-0.243627,0.032000,0.391608,-0.671771,0.093906,3.141333,-0.000228,0.000066
0.900488,-2.406463,-0.575880,-14.873741,-0.032630,-0.243627,0.032000,0.391634,-0.671687,0.093889,3.141323,-0.000228,0.000064
0.904485,-2.406463,-0.575880,-14.873741,-0.032630,-0.243627,0.032000,0.391660,-0.671602,0.093874,3.141322,-0.000229,0.000063
0.908487,-2.406457,-0.575891,-14.873741,-0.032630,-0.243627,0.032000,0.391688,-0.671514,0.093854,3.141330,-0.000222,0.000059
0.912488,-2.406463,-0.575880,-14.873741,-0.032630,-0.243627,0.032000,0.391715,-0.671430,0.093844,3.141322,-0.000229,0.000057
0.916487,-2.406456,-0.575892,-14.873741,-0.032630,-0.243627,0.032000,0.391739,-0.671343,0.093825,3.141331,-0.000221,0.000048
0.920494,-2.406456,-0.575892,-14.873741,-0.032630,-0.243627,0.032000,0.391764,-0.671256,0.093811,3.141331,-0.000221,0.000046
0.924491,-2.406456,-0.575892,-14.873741,-0.032630,-0.243627,0.032000,0.391789,-0.671170,0.093796,3.141331,-0.000221,0.000038
0.928495,-2.406449,-0.575905,-14.873742,-0.032629,-0.243627,0.032000,0.391815,-0.671080,0.093779,3.141341,-0.000213,0.000034
0.932496,-2.406448,-0.575907,-14.873742,-0.032629,-0.243627,0.032000,0.391840,-0.670994,0.093766,3.141342,-0.000212,0.000025
0.936495,-3.086451,-0.695900,-20.063742,-0.050629,-0.320627,0.044000,0.391864,-0.670912,0.093752,3.141337,-0.000216,0.000012
0.940496,-3.086453,-0.695897,-20.063742,-0.050629,-0.320627,0.044000,0.391892,-0.670829,0.093742,3.141335,-0.000218,0.000017
0.944502,-3.086455,-0.695894,-20.063742,-0.050629,-0.320627,0.044000,0.391919,-0.670746,0.093733,3.141333,-0.000220,0.000015
0.948503,-3.086455,-0.695893,-20.063742,-0.050630,-0.320627,0.044000,0.391944,-0.670665,0.093726,3.141332,-0.000221,0.000015
0.952503,-3.086461,-0.695882,-20.063742,-0.050630,-0.320627,0.044000,0.391969,-0.670584,0.093725,3.141324,-0.000227,0.000009
0.956544,-3.086450,-0.695901,-20.063742,-0.050629,-0.320627,0.044000,0.391991,-0.670500,0.093715,3.141338,-0.000215,0.000016
0.960537,-3.086446,-0.695909,-20.063742,-0.050629,-0.320627,0.044000,0.392013,-0.670416,0.093710,3.141344,-0.000210,0.000017
0.964543,-3.086438,-0.695924,-20.063743,-0.050629,-0.320627,0.044000,0.392038,-0.670330,0.093703,3.141354,-0.000201,0.000022
0.968523,-3.086429,-0.695940,-20.063743,-0.050629,-0.320627,0.044000,0.392061,-0.670247,0.093698,3.141366,-0.000191,0.000029
0.972531,-3.086417,-0.695962,-20.063744,-0.050629,-0.320627,0.044000,0.392082,-0.670162,0.093691,3.141382,-0.000177,0.000029
0.976514,-3.206410,-0.715975,-20.973744,-0.052628,-0.334627,0.046000,0.392106,-0.670080,0.093683,3.141391,-0.000169,0.000036
0.980514,-3.756410,-0.795976,-24.593743,-0.060628,-0.392627,0.053000,0.392134,-0.669997,0.093678,3.141392,-0.000168,0.000041
0.984549,-3.756400,-0.795993,-24.593743,-0.060628,-0.392627,0.053000,0.392155,-0.669913,0.093665,3.141404,-0.000158,0.000048
0.988510,-3.756401,-0.795992,-24.593743,-0.060628,-0.392627,0.053000,0.392180,-0.669832,0.093658,3.141403,-0.000158,0.000049
0.992551,-3.756398,-0.795996,-24.593743,-0.060628,-0.392627,0.053000,0.392204,-0.669749,0.093648,3.141406,-0.000156,0.000049
0.996545,-3.756392,-0.796009,-24.593744,-0.060628,-0.392627,0.053000,0.392229,-0.669664,0.093639,3.141415,-0.000148,0.000054
1.000484,-3.756386,-0.796020,-24.593744,-0.060628,-0.392626,0.053000,0.392253,-0.669577,0.093628,3.141423,-0.000141,0.000059
1.004484,-3.756381,-0.796028,-24.593744,-0.060628,-0.392626,0.053000,0.392277,-0.669495,0.093623,3.141429,-0.000136,0.000059
1.008487,-3.756376,-0.796037,-24.593744,-0.060628,-0.392626,0.053000,0.392300,-0.669412,0.093619,3.141435,-0.000130,0.000059
1.012486,-3.756372,-0.796045,-24.593744,-0.060628,-0.392626,0.053000,0.392325,-0.669327,0.093613,3.141441,-0.000125,0.000064
1.016490,-4.216371,-0.766047,-27.353745,-0.075628,-0.434626,0.059000,0.392358,-0.669224,0.093611,3.141442,-0.000124,0.000065
1.020488,-4.216353,-0.766078,-27.353745,-0.075627,-0.434626,0.059000,0.392365,-0.669150,0.093588,3.141465,-0.000104,0.000043
1.024487,-4.216366,-0.766054,-27.353745,-0.075627,-0.434626,0.059000,0.392408,-0.669058,0.093608,3.141448,-0.000119,0.000070
1.028484,-4.216363,-0.766060,-27.353745,-0.075627,-0.434626,0.059000,0.392432,-0.668976,0.093609,3.141452,-0.000115,0.000064
1.032494,-4.216353,-0.766079,-27.353745,-0.075627,-0.434626,0.059000,0.392457,-0.668890,0.093607,3.141465,-0.000104,0.000062
1.036515,-4.216349,-0.766085,-27.353746,-0.075627,-0.434626,0.059000,0.392482,-0.668806,0.093609,3.141470,-0.000099,0.000060
1.040486,-4.216341,-0.766100,-27.353746,-0.075627,-0.434626,0.059000,0.392509,-0.668721,0.093612,3.141481,-0.000090,0.000065
1.044484,-4.216336,-0.766110,-27.353746,-0.075627,-0.434626,0.059000,0.392533,-0.668640,0.093617,3.141488,-0.000084,0.000059
1.048485,-4.216328,-0.766125,-27.353747,-0.075627,-0.434626,0.059000,0.392559,-0.668555,0.093621,3.141499,-0.000074,0.000050
1.052506,-4.216319,-0.766140,-27.353747,-0.075626,-0.434626,0.059000,0.392585,-0.668471,0.093624,3.141509,-0.000065,0.000048
1.056544,-4.306316,-0.736146,-28.023747,-0.082626,-0.442626,0.060000,0.392608,-0.668389,0.093625,3.141514,-0.000061,0.000042
1.060544,-4.486314,-0.706151,-29.373748,-0.088626,-0.458626,0.062000,0.392636,-0.668306,0.093624,3.141517,-0.000058,0.000040
1.064516,-4.486316,-0.706147,-29.373748,-0.088626,-0.458626,0.062000,0.392663,-0.668223,0.093623,3.141514,-0.000060,0.000038
1.068542,-4.486305,-0.706166,-29.373748,-0.088626,-0.458626,0.062000,0.392685,-0.668140,0.093612,3.141528,-0.000049,0.000039
1.072486,-4.486305,-0.706167,-29.373748,-0.088626,-0.458626,0.062000,0.392712,-0.668056,0.093607,3.141528,-0.000048,0.000037
1.076540,-4.486306,-0.706166,-29.373748,-0.088626,-0.458626,0.062000,0.392739,-0.667973,0.093600,3.141528,-0.000049,0.000042
1.080500,-4.486306,-0.706164,-29.373748,-0.088626,-0.458626,0.062000,0.392764,-0.667892,0.093593,3.141527,-0.000049,0.000042
1.084503,-4.486312,-0.706154,-29.373748,-0.088626,-0.458626,0.062000,0.392791,-0.667809,0.093592,3.141519,-0.000056,0.000047
1.088537,-4.486313,-0.706152,-29.373748,-0.088626,-0.458626,0.062000,0.392818,-0.667726,0.093585,3.141518,-0.000057,0.000045
1.092541,-4.486312,-0.706154,-29.373748,-0.088626,-0.458626,0.062000,0.392842,-0.667645,0.093580,3.141519,-0.000056,0.000046
1.096545,-4.486316,-0.706147,-29.373748,-0.088626,-0.458626,0.062000,0.392870,-0.667563,0.093575,3.141514,-0.000061,0.000050
1.100544,-4.656315,-0.596148,-29.703747,-0.096626,-0.464626,0.063000,0.392897,-0.667480,0.093570,3.141515,-0.000060,0.000055
1.104538,-4.656315,-0.596149,-29.703748,-0.096626,-0.464626,0.063000,0.392921,-0.667398,0.093566,3.141516,-0.000059,0.000056
1.108541,-4.656310,-0.596157,-29.703748,-0.096626,-0.464626,0.063000,0.392947,-0.667315,0.093560,3.141521,-0.000054,0.000054
1.112541,-4.656311,-0.596155,-29.703748,-0.096626,-0.464626,0.063000,0.392975,-0.667232,0.093561,3.141520,-0.000056,0.000059
1.116540,-4.656310,-0.596157,-29.703748,-0.096626,-0.464626,0.063000,0.393000,-0.667152,0.093558,3.141522,-0.000054,0.000052
1.120545,-4.656305,-0.596167,-29.703748,-0.096626,-0.464626,0.063000,0.393027,-0.667069,0.093554,3.141529,-0.000048,0.000057
1.124539,-4.656303,-0.596170,-29.703748,-0.096626,-0.464626,0.063000,0.393053,-0.666985,0.093552,3.141531,-0.000046,0.000062
1.128540,-4.656295,-0.596185,-29.703748,-0.096626,-0.464625,0.063000,0.393079,-0.666901,0.093546,3.141542,-0.000036,0.000060
1.132545,-4.656292,-0.596190,-29.703748,-0.096626,-0.464625,0.063000,0.393105,-0.666816,0.093546,3.141545,-0.000033,0.000065
1.136508,-4.536288,-0.966199,-29.863749,-0.084626,-0.461625,0.066000,0.393130,-0.666731,0.093542,3.141551,-0.000028,0.000057
1.140545,-4.536278,-0.966216,-29.863749,-0.084625,-0.461625,0.066000,0.393157,-0.666643,0.093538,3.141564,-0.000017,0.000066
1.144539,-4.536273,-0.966226,-29.863749,-0.084625,-0.461625,0.066000,0.393181,-0.666557,0.093535,3.141571,-0.000010,0.000064
1.148549,-4.536277,-0.966219,-29.863749,-0.084625,-0.461625,0.066000,0.393212,-0.666473,0.093539,3.141566,-0.000015,0.000067
1.152512,-4.536292,-0.966191,-29.863748,-0.084626,-0.461625,0.066000,0.393242,-0.666389,0.093544,3.141545,-0.000033,0.000043
1.156503,-4.536266,-0.966238,-29.863750,-0.084625,-0.461625,0.066000,0.393254,-0.666288,0.093541,3.141579,-0.000003,0.000034
1.160540,-4.536263,-0.966244,-29.863750,-0.084625,-0.461625,0.066000,0.393301,-0.666192,0.093542,3.141583,0.000001,0.000057
1.164537,-4.536257,-0.966256,-29.863750,-0.084625,-0.461625,0.066000,0.393325,-0.666106,0.093542,3.141592,0.000008,0.000055
1.168538,-4.536258,-0.966254,-29.863750,-0.084625,-0.461625,0.066000,0.393353,-0.666019,0.093543,3.141591,0.000007,0.000051
1.172553,-4.536258,-0.966254,-29.863750,-0.084625,-0.461625,0.066000,0.393378,-0.665934,0.093546,3.141590,0.000007,0.000043
1.176544,-4.576259,-1.056252,-30.163751,-0.076625,-0.467625,0.069000,0.393406,-0.665847,0.093547,3.141589,0.000006,0.000045
1.180545,-4.576260,-1.056249,-30.163751,-0.076625,-0.467625,0.069000,0.393435,-0.665761,0.093547,3.141587,0.000004,0.000048
1.184500,-4.576265,-1.056240,-30.163751,-0.076625,-0.467625,0.069000,0.393460,-0.665676,0.093549,3.141581,-0.000001,0.000039
1.188524,-4.576276,-1.056219,-30.163750,-0.076625,-0.467625,0.069000,0.393488,-0.665595,0.093554,3.141566,-0.000015,0.000038
1.192543,-4.576286,-1.056201,-30.163750,-0.076626,-0.467625,0.069000,0.393519,-0.665512,0.093562,3.141553,-0.000027,0.000040
1.196546,-4.576284,-1.056205,-30.163750,-0.076626,-0.467625,0.069000,0.393545,-0.665427,0.093561,3.141556,-0.000024,0.000038
1.200514,-4.576284,-1.056205,-30.163750,-0.076626,-0.467625,0.069000,0.393573,-0.665340,0.093564,3.141556,-0.000024,0.000041
1.204518,-4.576282,-1.056209,-30.163750,-0.076626,-0.467625,0.069000,0.393601,-0.665254,0.093563,3.141559,-0.000021,0.000051
1.208535,-4.576282,-1.056209,-30.163750,-0.076626,-0.467625,0.069000,0.393626,-0.665169,0.093566,3.141558,-0.000022,0.000049
1.212542,-4.486275,-1.046221,-29.593749,-0.073625,-0.463625,0.069000,0.393653,-0.665081,0.093566,3.141567,-0.000014,0.000051
1.216515,-4.486272,-1.046228,-29.593749,-0.073625,-0.463625,0.069000,0.393681,-0.664994,0.093568,3.141572,-0.000009,0.000054
1.220543,-4.486260,-1.046249,-29.593749,-0.073625,-0.463625,0.069000,0.393705,-0.664908,0.093569,3.141587,0.000004,0.000045
1.224540,-4.486259,-1.046252,-29.593749,-0.073625,-0.463625,0.069000,0.393734,-0.664822,0.093576,3.141589,0.000006,0.000041
1.228540,-4.486256,-1.046258,-29.593750,-0.073625,-0.463625,0.069000,0.393762,-0.664736,0.093586,-3.141592,0.000010,0.000044
1.232514,-4.486250,-1.046268,-29.593750,-0.073625,-0.463625,0.069000,0.393788,-0.664652,0.093592,-3.141585,0.000016,0.000036
1.236540,-4.486247,-1.046274,-29.593750,-0.073625,-0.463625,0.069000,0.393816,-0.664566,0.093602,-3.141581,0.000020,0.000038
1.240515,-4.486243,-1.046280,-29.593750,-0.073625,-0.463625,0.069000,0.393840,-0.664480,0.093613,-3.141576,0.000024,0.000030
1.244540,-4.486237,-1.046293,-29.593750,-0.073624,-0.463625,0.069000,0.393867,-0.664392,0.093622,-3.141567,0.000032,0.000026
1.248522,-4.486227,-1.046311,-29.593751,-0.073624,-0.463625,0.069000,0.393892,-0.664302,0.093628,-3.141554,0.000043,0.000035
1.252518,-4.486213,-1.046336,-29.593751,-0.073624,-0.463625,0.069000,0.393917,-0.664212,0.093634,-3.141537,0.000059,0.000031
1.256541,-4.306210,-1.016344,-28.433752,-0.068624,-0.448625,0.067000,0.393943,-0.664124,0.093647,-3.141531,0.000064,0.000034
1.260506,-4.306198,-1.016347,-28.433752,-0.068624,-0.448624,0.067000,0.393968,-0.664038,0.093658,-3.141522,0.000063,0.000025
1.264545,-4.306198,-1.016347,-28.433752,-0.068624,-0.448624,0.067000,0.393996,-0.663951,0.093669,-3.141522,0.000063,0.000028
1.268522,-4.306201,-1.016342,-28.433751,-0.068624,-0.448624,0.067000,0.394024,-0.663864,0.093684,-3.141526,0.000060,0.000024
1.272523,-4.306206,-1.016333,-28.433751,-0.068624,-0.448625,0.067000,0.394053,-0.663779,0.093696,-3.141532,0.000054,0.000026
1.276541,-4.306206,-1.016333,-28.433751,-0.068624,-0.448625,0.067000,0.394077,-0.663694,0.093707,-3.141532,0.000054,0.000024
1.280527,-4.306207,-1.016330,-28.433751,-0.068624,-0.448625,0.067000,0.394105,-0.663608,0.093716,-3.141534,0.000052,0.000020
1.284504,-4.306206,-1.016333,-28.433751,-0.068624,-0.448625,0.067000,0.394132,-0.663520,0.093723,-3.141532,0.000054,0.000003
1.288510,-4.306206,-1.016333,-28.433751,-0.068624,-0.448625,0.067000,0.394132,-0.663520,0.093723,-3.141532,0.000054,0.000003
1.292504,-4.306207,-1.016331,-28.433751,-0.068624,-0.448625,0.067000,0.394156,-0.663434,0.093733,-3.141533,0.000053,0.000021
1.296503,-4.196202,-0.586339,-26.473752,-0.084624,-0.420624,0.060000,0.394209,-0.663258,0.093749,-3.141528,0.000058,0.000006
1.300540,-4.196203,-0.586339,-26.473752,-0.084624,-0.420624,0.060000,0.394223,-0.663162,0.093761,-3.141528,0.000058,0.000005
1.304505,-4.196210,-0.586325,-26.473752,-0.084624,-0.420625,0.060000,0.394253,-0.663077,0.093776,-3.141538,0.000049,0.000007
1.308524,-4.196210,-0.586325,-26.473752,-0.084624,-0.420625,0.060000,0.394253,-0.663077,0.093776,-3.141538,0.000049,0.000007
1.312540,-4.196211,-0.586324,-26.473752,-0.084624,-0.420625,0.060000,0.394324,-0.662895,0.093798,-3.141539,0.000048,0.000042
1.316512,-4.196205,-0.586335,-26.473752,-0.084624,-0.420625,0.060000,0.394350,-0.662808,0.093805,-3.141531,0.000056,0.000044
1.320521,-4.196204,-0.586337,-26.473752,-0.084624,-0.420624,0.060000,0.394375,-0.662722,0.093820,-3.141529,0.000057,0.000043
1.324500,-4.196197,-0.586349,-26.473753,-0.084624,-0.420624,0.060000,0.394401,-0.662634,0.093828,-3.141521,0.000065,0.000045
1.328531,-4.196196,-0.586351,-26.473753,-0.084624,-0.420624,0.060000,0.394428,-0.662547,0.093843,-3.141519,0.000066,0.000041
1.332516,-4.196196,-0.586351,-26.473753,-0.084624,-0.420624,0.060000,0.394428,-0.662547,0.093843,-3.141519,0.000066,0.000041
1.336529,-3.796182,-0.426377,-23.463753,-0.078623,-0.373624,0.051000,0.394483,-0.662373,0.093870,-3.141501,0.000082,0.000033
1.340502,-3.796182,-0.426377,-23.463753,-0.078623,-0.373624,0.051000,0.394483,-0.662373,0.093870,-3.141501,0.000082,0.000033
1.344540,-3.796177,-0.426386,-23.463753,-0.078623,-0.373624,0.051000,0.394511,-0.662287,0.093884,-3.141495,0.000088,0.000029
1.348529,-3.796167,-0.426406,-23.463754,-0.078623,-0.373624,0.051000,0.394567,-0.662119,0.093913,-3.141481,0.000100,0.000023
1.352502,-3.796165,-0.426409,-23.463754,-0.078623,-0.373624,0.051000,0.394596,-0.662035,0.093929,-3.141478,0.000103,0.000019
1.356578,-3.796165,-0.426409,-23.463754,-0.078623,-0.373624,0.051000,0.394596,-0.662035,0.093929,-3.141478,0.000103,0.000019
1.360540,-3.796163,-0.426413,-23.463754,-0.078623,-0.373624,0.051000,0.394626,-0.661951,0.093946,-3.141476,0.000105,0.000022
1.364539,-3.796155,-0.426428,-23.463754,-0.078623,-0.373624,0.051000,0.394654,-0.661865,0.093957,-3.141465,0.000114,0.000018
1.368552,-3.796148,-0.426442,-23.463755,-0.078623,-0.373624,0.051000,0.394682,-0.661779,0.093967,-3.141455,0.000123,0.000014
1.372540,-3.796144,-0.426449,-23.463755,-0.078623,-0.373624,0.051000,0.394710,-0.661693,0.093979,-3.141450,0.000128,0.000010
1.376500,-3.796136,-0.426463,-23.463755,-0.078622,-0.373624,0.051000,0.394738,-0.661607,0.093989,-3.141440,0.000137,0.000006
1.380499,-3.406136,-0.376464,-20.423756,-0.069622,-0.331624,0.045000,0.394768,-0.661523,0.094003,-3.141439,0.000138,0.000008
1.384501,-3.406135,-0.376466,-20.423756,-0.069622,-0.331624,0.045000,0.394827,-0.661354,0.094029,-3.141438,0.000139,0.000014
1.388538,-3.406135,-0.376466,-20.423756,-0.069622,-0.331624,0.045000,0.394827,-0.661354,0.094029,-3.141438,0.000139,0.000014
1.392541,-3.406132,-0.376471,-20.423756,-0.069622,-0.331624,0.045000,0.394855,-0.661269,0.094037,-3.141435,0.000142,0.000023
1.396546,-3.406133,-0.376470,-20.423756,-0.069622,-0.331624,0.045000,0.394885,-0.661185,0.094048,-3.141436,0.000141,0.000026
1.400526,-3.406136,-0.376464,-20.423756,-0.069622,-0.331624,0.045000,0.394915,-0.661101,0.094062,-3.141440,0.000138,0.000028
1.404537,-3.406140,-0.376456,-20.423756,-0.069622,-0.331624,0.045000,0.394945,-0.661017,0.094074,-3.141445,0.000133,0.000031
1.408538,-3.406142,-0.376454,-20.423756,-0.069622,-0.331624,0.045000,0.394974,-0.660932,0.094083,-3.141447,0.000131,0.000040
1.412594,-3.406142,-0.376454,-20.423756,-0.069622,-0.331624,0.045000,0.395000,-0.660849,0.094095,-3.141447,0.000131,0.000039
1.416523,-2.696148,-0.536441,-16.893755,-0.041623,-0.275624,0.039000,0.395030,-0.660766,0.094110,-3.141456,0.000123,0.000048
1.420556,-2.696150,-0.536438,-16.893755,-0.041623,-0.275624,0.039000,0.395067,-0.660660,0.094127,-3.141459,0.000121,0.000051
1.424540,-2.696154,-0.536431,-16.893755,-0.041623,-0.275624,0.039000,0.395089,-0.660597,0.094140,-3.141463,0.000117,0.000053
1.428539,-2.696153,-0.536432,-16.893755,-0.041623,-0.275624,0.039000,0.395123,-0.660492,0.094154,-3.141463,0.000117,0.000058
1.432536,-2.696161,-0.536418,-16.893754,-0.041623,-0.275624,0.039000,0.395145,-0.660431,0.094167,-3.141472,0.000109,0.000068
1.436555,-2.696164,-0.536413,-16.893754,-0.041623,-0.275624,0.039000,0.395175,-0.660347,0.094181,-3.141476,0.000105,0.000070
1.440505,-2.696162,-0.536415,-16.893754,-0.041623,-0.275624,0.039000,0.395206,-0.660245,0.094196,-3.141474,0.000107,0.000071
1.444540,-2.696148,-0.536443,-16.893755,-0.041623,-0.275624,0.039000,0.395217,-0.660170,0.094187,-3.141455,0.000124,0.000046
1.448538,-2.696168,-0.536405,-16.893754,-0.041623,-0.275624,0.039000,0.395258,-0.660083,0.094227,-3.141481,0.000100,0.000063
1.452558,-2.696166,-0.536409,-16.893754,-0.041623,-0.275624,0.039000,0.395284,-0.660001,0.094234,-3.141479,0.000103,0.000061
1.456546,-2.146165,-0.526410,-13.623754,-0.028623,-0.223624,0.033000,0.395311,-0.659919,0.094246,-3.141478,0.000103,0.000059
1.460540,-2.146163,-0.526414,-13.623754,-0.028623,-0.223624,0.033000,0.395334,-0.659838,0.094254,-3.141476,0.000106,0.000053
1.464497,-2.146159,-0.526422,-13.623754,-0.028623,-0.223624,0.033000,0.395361,-0.659756,0.094258,-3.141470,0.000111,0.000051
1.468540,-2.146155,-0.526429,-13.623754,-0.028623,-0.223624,0.033000,0.395383,-0.659674,0.094260,-3.141465,0.000116,0.000044
1.472540,-2.146145,-0.526448,-13.623755,-0.028623,-0.223624,0.033000,0.395408,-0.659590,0.094259,-3.141451,0.000128,0.000036
1.476539,-2.146145,-0.526448,-13.623755,-0.028623,-0.223624,0.033000,0.395434,-0.659508,0.094261,-3.141452,0.000127,0.000034
1.480545,-2.146139,-0.526460,-13.623755,-0.028622,-0.223624,0.033000,0.395456,-0.659426,0.094260,-3.141443,0.000135,0.000028
1.484549,-2.146142,-0.526454,-13.623755,-0.028622,-0.223624,0.033000,0.395483,-0.659344,0.094265,-3.141447,0.000131,0.000026
1.488499,-2.146143,-0.526453,-13.623755,-0.028622,-0.223624,0.033000,0.395510,-0.659262,0.094267,-3.141448,0.000131,0.000024
1.492537,-2.146143,-0.526452,-13.623755,-0.028622,-0.223624,0.033000,0.395536,-0.659180,0.094269,-3.141449,0.000130,0.000022
1.496512,-2.146153,-0.526434,-13.623754,-0.028623,-0.223624,0.033000,0.395565,-0.659100,0.094277,-3.141461,0.000119,0.000020
1.500552,-1.496153,-0.326433,-9.863754,-0.021623,-0.161624,0.022000,0.395591,-0.659018,0.094279,-3.141462,0.000118,0.000018
1.504540,-1.496156,-0.326428,-9.863754,-0.021623,-0.161624,0.022000,0.395615,-0.658938,0.094284,-3.141466,0.000115,0.000019
1.508540,-1.496160,-0.326421,-9.863754,-0.021623,-0.161624,0.022000,0.395641,-0.658855,0.094288,-3.141471,0.000110,0.000017
1.512506,-1.496170,-0.326401,-9.863754,-0.021623,-0.161624,0.022000,0.395669,-0.658774,0.094295,-3.141485,0.000098,0.000022
1.516544,-1.496174,-0.326394,-9.863754,-0.021623,-0.161624,0.022000,0.395695,-0.658691,0.094298,-3.141490,0.000093,0.000027
1.520545,-1.496182,-0.326380,-9.863753,-0.021623,-0.161624,0.022000,0.395718,-0.658611,0.094303,-3.141500,0.000084,0.000027
1.524541,-1.496186,-0.326372,-9.863753,-0.021623,-0.161624,0.022000,0.395745,-0.658529,0.094305,-3.141505,0.000079,0.000032
1.528543,-1.496196,-0.326352,-9.863753,-0.021624,-0.161624,0.022000,0.395773,-0.658449,0.094312,-3.141519,0.000067,0.000044
1.532538,-1.496205,-0.326335,-9.863752,-0.021624,-0.161625,0.022000,0.395800,-0.658367,0.094321,-3.141531,0.000055,0.000055
1.536540,-1.496212,-0.326322,-9.863752,-0.021624,-0.161625,0.022000,0.395824,-0.658288,0.094327,-3.141540,0.000047,0.000062
1.540541,-1.326218,-0.206312,-8.073752,-0.023624,-0.134625,0.018000,0.395851,-0.658206,0.094336,-3.141548,0.000041,0.000074
1.544539,-1.326218,-0.206312,-8.073752,-0.023624,-0.134625,0.018000,0.395876,-0.658123,0.094339,-3.141548,0.000041,0.000079
1.548526,-1.326217,-0.206313,-8.073752,-0.023624,-0.134625,0.018000,0.395901,-0.658039,0.094343,-3.141547,0.000042,0.000084
1.552546,-1.326214,-0.206319,-8.073752,-0.023624,-0.134625,0.018000,0.395924,-0.657958,0.094344,-3.141542,0.000046,0.000091
1.556550,-1.326211,-0.206325,-8.073752,-0.023624,-0.134625,0.018000,0.395948,-0.657873,0.094345,-3.141538,0.000049,0.000096
1.560538,-1.326205,-0.206335,-8.073752,-0.023624,-0.134625,0.018000,0.395969,-0.657790,0.094343,-3.141531,0.000056,0.000096
1.564499,-1.326196,-0.206352,-8.073753,-0.023624,-0.134624,0.018000,0.395993,-0.657706,0.094338,-3.141519,0.000067,0.000094
1.568503,-1.326197,-0.206351,-8.073753,-0.023624,-0.134624,0.018000,0.396017,-0.657626,0.094340,-3.141520,0.000066,0.000095
1.572526,-1.326195,-0.206355,-8.073753,-0.023624,-0.134624,0.018000,0.396043,-0.657543,0.094339,-3.141517,0.000069,0.000093
1.576554,-1.256196,-0.206352,-7.683752,-0.021624,-0.127624,0.017000,0.396069,-0.657462,0.094338,-3.141519,0.000067,0.000084
1.580524,-1.116198,-0.186349,-6.753752,-0.017624,-0.112624,0.014000,0.396095,-0.657380,0.094337,-3.141522,0.000065,0.000083
1.584519,-1.116182,-0.186379,-6.753753,-0.017623,-0.112624,0.014000,0.396106,-0.657285,0.094314,-3.141500,0.000084,0.000049
1.588517,-1.116200,-0.186346,-6.753752,-0.017624,-0.112624,0.014000,0.396148,-0.657195,0.094332,-3.141523,0.000063,0.000070
1.592490,-1.116199,-0.186346,-6.753752,-0.017624,-0.112624,0.014000,0.396173,-0.657112,0.094326,-3.141523,0.000063,0.000061
1.596484,-1.116199,-0.186348,-6.753752,-0.017624,-0.112624,0.014000,0.396197,-0.657028,0.094322,-3.141523,0.000064,0.000060
1.600491,-1.116209,-0.186329,-6.753752,-0.017624,-0.112625,0.014000,0.396221,-0.656948,0.094320,-3.141536,0.000052,0.000047
1.604545,-1.116215,-0.186316,-6.753752,-0.017624,-0.112625,0.014000,0.396248,-0.656867,0.094318,-3.141545,0.000044,0.000038
1.608545,-1.116225,-0.186299,-6.753751,-0.017624,-0.112625,0.014000,0.396275,-0.656786,0.094318,-3.141557,0.000033,0.000029
1.612545,-1.116235,-0.186279,-6.753751,-0.017625,-0.112625,0.014000,0.396303,-0.656705,0.094316,-3.141571,0.000020,0.000021
1.616549,-0.956245,-0.196259,-5.443750,-0.012625,-0.093625,0.011000,0.396330,-0.656624,0.094313,-3.141584,0.000007,0.000019
1.620537,-0.956256,-0.196240,-5.443750,-0.012625,-0.093625,0.011000,0.396357,-0.656543,0.094311,3.141587,-0.000005,0.000017
1.624543,-0.956266,-0.196220,-5.443749,-0.012625,-0.093625,0.011000,0.396382,-0.656464,0.094309,3.141573,-0.000018,0.000011
1.628541,-0.956270,-0.196212,-5.443749,-0.012625,-0.093625,0.011000,0.396407,-0.656381,0.094302,3.141567,-0.000023,0.000009
1.632519,-0.956271,-0.196210,-5.443749,-0.012625,-0.093625,0.011000,0.396434,-0.656295,0.094295,3.141566,-0.000024,0.000012
1.636489,-0.956275,-0.196202,-5.443749,-0.012626,-0.093625,0.011000,0.396459,-0.656212,0.094288,3.141561,-0.000029,0.000017
1.640528,-0.956279,-0.196195,-5.443749,-0.012626,-0.093625,0.011000,0.396486,-0.656126,0.094283,3.141555,-0.000034,0.000026
1.644541,-0.956281,-0.196192,-5.443749,-0.012626,-0.093625,0.011000,0.396512,-0.656039,0.094274,3.141554,-0.000036,0.000035
1.648533,-0.956281,-0.196192,-5.443749,-0.012626,-0.093625,0.011000,0.396539,-0.655953,0.094267,3.141553,-0.000036,0.000051
1.652533,-0.956285,-0.196183,-5.443748,-0.012626,-0.093625,0.011000,0.396567,-0.655867,0.094261,3.141548,-0.000041,0.000061
1.656534,-0.956286,-0.196182,-5.443748,-0.012626,-0.093625,0.011000,0.396594,-0.655782,0.094253,3.141547,-0.000042,0.000070
1.660541,-0.846284,-0.296186,-5.493748,-0.008626,-0.090625,0.012000,0.396620,-0.655695,0.094244,3.141550,-0.000039,0.000080
1.664544,-0.846284,-0.296185,-5.493748,-0.008626,-0.090625,0.012000,0.396647,-0.655609,0.094236,3.141549,-0.000040,0.000082
1.668540,-0.846279,-0.296195,-5.493749,-0.008626,-0.090625,0.012000,0.396672,-0.655521,0.094225,3.141556,-0.000033,0.000092
1.672539,-0.846278,-0.296197,-5.493749,-0.008626,-0.090625,0.012000,0.396699,-0.655434,0.094212,3.141558,-0.000032,0.000094
1.676542,-0.846284,-0.296186,-5.493748,-0.008626,-0.090625,0.012000,0.396725,-0.655347,0.094203,3.141550,-0.000039,0.000104
1.680543,-0.846282,-0.296188,-5.493749,-0.008626,-0.090625,0.012000,0.396751,-0.655260,0.094190,3.141551,-0.000038,0.000100
1.684549,-0.846291,-0.296173,-5.493748,-0.008626,-0.090625,0.012000,0.396779,-0.655176,0.094184,3.141540,-0.000048,0.000096
1.688545,-0.846301,-0.296154,-5.493748,-0.008626,-0.090626,0.012000,0.396807,-0.655090,0.094174,3.141527,-0.000060,0.000092
1.692540,-0.846311,-0.296135,-5.493747,-0.008626,-0.090626,0.012000,0.396834,-0.655005,0.094163,3.141514,-0.000072,0.000061
1.696503,-0.846324,-0.296110,-5.493747,-0.008627,-0.090626,0.012000,0.396863,-0.654921,0.094155,3.141496,-0.000088,0.000057
1.700552,-0.986331,-0.226095,-6.173746,-0.011627,-0.103626,0.012000,0.396894,-0.654815,0.094142,3.141486,-0.000098,0.000075
1.704498,-0.986338,-0.226082,-6.173746,-0.011627,-0.103626,0.012000,0.396922,-0.654730,0.094130,3.141477,-0.000106,0.000064
1.708507,-0.986342,-0.226075,-6.173746,-0.011627,-0.103626,0.012000,0.396948,-0.654643,0.094117,3.141472,-0.000110,0.000060
1.712499,-0.986347,-0.226064,-6.173745,-0.011627,-0.103626,0.012000,0.396975,-0.654558,0.094107,3.141465,-0.000117,0.000049
1.716513,-0.986347,-0.226065,-6.173745,-0.011627,-0.103626,0.012000,0.397001,-0.654470,0.094093,3.141465,-0.000117,0.000039
1.720538,-0.986350,-0.226059,-6.173745,-0.011627,-0.103626,0.012000,0.397028,-0.654385,0.094080,3.141461,-0.000121,0.000035
1.724539,-0.986346,-0.226066,-6.173745,-0.011627,-0.103626,0.012000,0.397054,-0.654298,0.094065,3.141466,-0.000116,0.000024
1.728540,-0.986349,-0.226061,-6.173745,-0.011627,-0.103626,0.012000,0.397080,-0.654211,0.094053,3.141462,-0.000119,0.000013
1.732520,-0.986349,-0.226061,-6.173745,-0.011627,-0.103626,0.012000,0.397107,-0.654125,0.094038,3.141462,-0.000120,0.000009
1.736550,-1.206350,-0.326059,-8.043745,-0.017627,-0.131626,0.018000,0.397132,-0.654037,0.094022,3.141461,-0.000121,0.000005
1.740537,-1.206354,-0.326051,-8.043745,-0.017627,-0.131626,0.018000,0.397163,-0.653950,0.094006,3.141455,-0.000126,-0.000001
1.744539,-1.206357,-0.326044,-8.043745,-0.017628,-0.131626,0.018000,0.397188,-0.653863,0.093993,3.141451,-0.000130,0.000001
1.748508,-1.206361,-0.326037,-8.043745,-0.017628,-0.131626,0.018000,0.397215,-0.653777,0.093979,3.141446,-0.000135,0.000004
1.752546,-1.206362,-0.326035,-8.043745,-0.017628,-0.131626,0.018000,0.397243,-0.653688,0.093962,3.141445,-0.000136,0.000011
1.756541,-1.206366,-0.326028,-8.043745,-0.017628,-0.131626,0.018000,0.397270,-0.653602,0.093948,3.141439,-0.000141,0.000014
1.760540,-1.206364,-0.326031,-8.043745,-0.017628,-0.131626,0.018000,0.397295,-0.653514,0.093928,3.141442,-0.000139,0.000023
1.764507,-1.206372,-0.326017,-8.043744,-0.017628,-0.131626,0.018000,0.397322,-0.653428,0.093914,3.141432,-0.000148,0.000026
1.768544,-1.206370,-0.326021,-8.043744,-0.017628,-0.131626,0.018000,0.397346,-0.653340,0.093895,3.141434,-0.000145,0.000035
1.772546,-1.206373,-0.326013,-8.043744,-0.017628,-0.131626,0.018000,0.397372,-0.653253,0.093881,3.141429,-0.000150,0.000038
1.776538,-1.786381,-0.425999,-11.103744,-0.025628,-0.183626,0.026000,0.397402,-0.653166,0.093867,3.141419,-0.000159,0.000052
1.780511,-1.786385,-0.425992,-11.103743,-0.025628,-0.183626,0.026000,0.397428,-0.653080,0.093853,3.141414,-0.000164,0.000054
1.784521,-1.786388,-0.425984,-11.103743,-0.025628,-0.183626,0.026000,0.397455,-0.652993,0.093839,3.141409,-0.000169,0.000057
1.788518,-1.786392,-0.425977,-11.103743,-0.025628,-0.183627,0.026000,0.397481,-0.652907,0.093824,3.141404,-0.000173,0.000060
1.792540,-1.786392,-0.425977,-11.103743,-0.025628,-0.183627,0.026000,0.397510,-0.652819,0.093809,3.141404,-0.000174,0.000067
1.796546,-1.786389,-0.425982,-11.103743,-0.025628,-0.183626,0.026000,0.397534,-0.652731,0.093792,3.141408,-0.000170,0.000070
1.800524,-1.786396,-0.425970,-11.103743,-0.025628,-0.183627,0.026000,0.397561,-0.652645,0.093781,3.141399,-0.000178,0.000066
1.804542,-1.786396,-0.425968,-11.103743,-0.025629,-0.183627,0.026000,0.397586,-0.652557,0.093765,3.141398,-0.000179,0.000062
1.808503,-1.786391,-0.425978,-11.103743,-0.025628,-0.183626,0.026000,0.397609,-0.652467,0.093744,3.141405,-0.000173,0.000058
1.812540,-1.786391,-0.425978,-11.103743,-0.025628,-0.183626,0.026000,0.397609,-0.652467,0.093744,3.141405,-0.000173,0.000058
1.816521,-2.536401,-0.515958,-15.063743,-0.042629,-0.248627,0.035000,0.397664,-0.652293,0.093719,3.141391,-0.000185,0.000054
1.820555,-2.536406,-0.515950,-15.063743,-0.042629,-0.248627,0.035000,0.397698,-0.652185,0.093703,3.141385,-0.000191,0.000043
1.824541,-2.536426,-0.515911,-15.063742,-0.042629,-0.248627,0.035000,0.397721,-0.652121,0.093696,3.141358,-0.000216,0.000003
1.828540,-2.536426,-0.515911,-15.063742,-0.042629,-0.248627,0.035000,0.397721,-0.652121,0.093696,3.141358,-0.000216,0.000003
1.832521,-2.536405,-0.515952,-15.063743,-0.042629,-0.248627,0.035000,0.397749,-0.652012,0.093676,3.141387,-0.000190,0.000022
1.836544,-2.536400,-0.515961,-15.063743,-0.042629,-0.248627,0.035000,0.397800,-0.651837,0.093649,3.141393,-0.000184,0.000013
1.840541,-2.536390,-0.515979,-15.063744,-0.042628,-0.248626,0.035000,0.397822,-0.651751,0.093629,3.141406,-0.000172,0.000005
1.844583,-2.536386,-0.515988,-15.063744,-0.042628,-0.248626,0.035000,0.397845,-0.651667,0.093615,3.141412,-0.000167,-0.000004
1.848501,-2.536379,-0.516002,-15.063744,-0.042628,-0.248626,0.035000,0.397871,-0.651581,0.093599,3.141422,-0.000158,-0.000001
1.852506,-2.536379,-0.516002,-15.063744,-0.042628,-0.248626,0.035000,0.397871,-0.651581,0.093599,3.141422,-0.000158,-0.000001
1.856508,-3.166376,-0.526007,-19.153744,-0.050628,-0.312626,0.043000,0.397919,-0.651414,0.093576,3.141425,-0.000154,-0.000011
1.860508,-3.166372,-0.526014,-19.153745,-0.050628,-0.312626,0.043000,0.397946,-0.651329,0.093560,3.141431,-0.000150,-0.000009
1.864537,-3.166372,-0.526014,-19.153745,-0.050628,-0.312626,0.043000,0.397946,-0.651329,0.093560,3.141431,-0.000150,-0.000009
1.868538,-3.166370,-0.526018,-19.153745,-0.050628,-0.312626,0.043000,0.397971,-0.651246,0.093550,3.141433,-0.000147,-0.000004
1.872543,-3.166357,-0.526043,-19.153745,-0.050628,-0.312626,0.043000,0.398017,-0.651077,0.093532,3.141451,-0.000131,0.000006
1.876539,-3.166353,-0.526051,-19.153746,-0.050627,-0.312626,0.043000,0.398043,-0.650991,0.093526,3.141456,-0.000126,0.000022
1.880545,-3.166349,-0.526059,-19.153746,-0.050627,-0.312626,0.043000,0.398066,-0.650906,0.093520,3.141462,-0.000121,0.000027
1.884549,-3.166342,-0.526073,-19.153746,-0.050627,-0.312626,0.043000,0.398087,-0.650820,0.093513,3.141471,-0.000112,0.000032
1.888541,-3.166340,-0.526075,-19.153746,-0.050627,-0.312626,0.043000,0.398114,-0.650735,0.093510,3.141473,-0.000111,0.000048
1.892540,-3.166339,-0.526078,-19.153746,-0.050627,-0.312626,0.043000,0.398141,-0.650649,0.093507,3.141475,-0.000109,0.000057
1.896512,-3.736341,-0.766073,-23.133746,-0.053627,-0.376626,0.052000,0.398165,-0.650566,0.093505,3.141472,-0.000112,0.000062
1.900547,-3.736341,-0.766073,-23.133746,-0.053627,-0.376626,0.052000,0.398165,-0.650566,0.093505,3.141472,-0.000112,0.000062
1.904559,-3.736350,-0.766056,-23.133745,-0.053627,-0.376626,0.052000,0.398217,-0.650399,0.093500,3.141460,-0.000123,0.000070
1.908540,-3.736350,-0.766056,-23.133745,-0.053627,-0.376626,0.052000,0.398217,-0.650399,0.093500,3.141460,-0.000123,0.000070
1.912539,-3.736354,-0.766049,-23.133745,-0.053628,-0.376626,0.052000,0.398242,-0.650316,0.093495,3.141455,-0.000127,0.000061
1.916513,-3.736350,-0.766057,-23.133745,-0.053627,-0.376626,0.052000,0.398267,-0.650230,0.093490,3.141460,-0.000122,0.000071
1.920538,-3.736345,-0.766065,-23.133745,-0.053627,-0.376626,0.052000,0.398289,-0.650145,0.093484,3.141466,-0.000117,0.000049
1.924539,-3.736341,-0.766074,-23.133746,-0.053627,-0.376626,0.052000,0.398315,-0.650058,0.093479,3.141472,-0.000112,0.000051
1.928505,-3.736333,-0.766089,-23.133746,-0.053627,-0.376626,0.052000,0.398326,-0.649961,0.093474,3.141482,-0.000102,0.000050
1.932504,-3.736328,-0.766098,-23.133746,-0.053627,-0.376626,0.052000,0.398349,-0.649876,0.093470,3.141489,-0.000096,0.000048
1.936505,-3.736328,-0.766098,-23.133746,-0.053627,-0.376626,0.052000,0.398349,-0.649876,0.093470,3.141489,-0.000096,0.000048
1.940505,-4.186326,-0.666102,-26.123746,-0.071627,-0.424626,0.058000,0.398417,-0.649702,0.093471,3.141491,-0.000094,0.000071
1.944505,-4.186320,-0.666113,-26.123746,-0.071627,-0.424626,0.058000,0.398442,-0.649620,0.093470,3.141499,-0.000086,0.000062
1.948501,-4.186321,-0.666113,-26.123746,-0.071627,-0.424626,0.058000,0.398469,-0.649540,0.093472,3.141499,-0.000087,0.000054
1.952505,-4.186314,-0.666125,-26.123747,-0.071627,-0.424626,0.058000,0.398490,-0.649459,0.093471,3.141508,-0.000079,0.000041
1.956505,-4.186309,-0.666134,-26.123747,-0.071626,-0.424626,0.058000,0.398516,-0.649377,0.093476,3.141514,-0.000073,0.000032
1.960505,-4.186303,-0.666147,-26.123747,-0.071626,-0.424626,0.058000,0.398540,-0.649295,0.093475,3.141523,-0.000065,0.000024
1.964505,-4.186295,-0.666162,-26.123748,-0.071626,-0.424625,0.058000,0.398564,-0.649212,0.093478,3.141533,-0.000055,0.000015
1.968505,-4.186288,-0.666175,-26.123748,-0.071626,-0.424625,0.058000,0.398588,-0.649128,0.093478,3.141542,-0.000047,0.000007
1.972497,-4.186282,-0.666187,-26.123748,-0.071626,-0.424625,0.058000,0.398612,-0.649046,0.093478,3.141551,-0.000039,0.000011
1.976505,-4.266279,-0.626195,-27.203748,-0.075626,-0.436625,0.058000,0.398637,-0.648963,0.093481,3.141556,-0.000034,0.000010
1.980505,-4.266276,-0.626201,-27.203748,-0.075626,-0.436625,0.058000,0.398662,-0.648881,0.093481,3.141560,-0.000030,0.000015
1.984505,-4.266275,-0.626203,-27.203749,-0.075626,-0.436625,0.058000,0.398688,-0.648800,0.093486,3.141561,-0.000029,0.000019
1.988505,-4.266277,-0.626197,-27.203748,-0.075626,-0.436625,0.058000,0.398714,-0.648720,0.093492,3.141558,-0.000032,0.000024
1.992505,-4.266282,-0.626187,-27.203748,-0.075626,-0.436625,0.058000,0.398740,-0.648639,0.093501,3.141551,-0.000039,0.000029
1.996544,-4.266285,-0.626182,-27.203748,-0.075626,-0.436625,0.058000,0.398766,-0.648559,0.093507,3.141548,-0.000042,0.000034
2.000543,-4.266284,-0.626185,-27.203748,-0.075626,-0.436625,0.058000,0.398791,-0.648477,0.093513,3.141550,-0.000040,0.000039
2.004538,-4.266284,-0.626185,-27.203748,-0.075626,-0.436625,0.058000,0.398791,-0.648477,0.093513,3.141550,-0.000040,0.000039
2.008533,-4.266278,-0.626195,-27.203748,-0.075626,-0.436625,0.058000,0.398815,-0.648394,0.093519,3.141556,-0.000034,0.000024
2.012532,-4.266280,-0.626192,-27.203748,-0.075626,-0.436625,0.058000,0.398874,-0.648209,0.093539,3.141554,-0.000036,0.000061
2.016533,-4.376277,-0.576197,-27.383749,-0.081626,-0.438625,0.059000,0.398898,-0.648127,0.093547,3.141558,-0.000033,0.000065
2.020524,-4.386278,-0.566197,-27.263748,-0.083626,-0.435625,0.058000,0.398924,-0.648046,0.093559,3.141557,-0.000033,0.000070
2.024533,-4.386278,-0.566196,-27.263748,-0.083626,-0.435625,0.058000,0.398949,-0.647965,0.093570,3.141557,-0.000033,0.000069
2.028533,-4.386274,-0.566203,-27.263748,-0.083626,-0.435625,0.058000,0.398974,-0.647883,0.093580,3.141562,-0.000029,0.000073
2.032528,-4.386269,-0.566213,-27.263748,-0.083625,-0.435625,0.058000,0.399007,-0.647780,0.093595,3.141569,-0.000022,0.000078
2.036533,-4.386266,-0.566220,-27.263748,-0.083625,-0.435625,0.058000,0.399026,-0.647717,0.093605,3.141573,-0.000018,0.000074
2.040537,-4.386262,-0.566228,-27.263749,-0.083625,-0.435625,0.058000,0.399052,-0.647631,0.093618,3.141579,-0.000013,0.000084
2.044539,-4.386256,-0.566238,-27.263749,-0.083625,-0.435625,0.058000,0.399079,-0.647546,0.093632,3.141586,-0.000006,0.000080
2.048537,-4.386249,-0.566252,-27.263749,-0.083625,-0.435625,0.058000,0.399104,-0.647459,0.093643,-3.141589,0.000003,0.000076
2.052519,-4.386241,-0.566268,-27.263750,-0.083625,-0.435625,0.058000,0.399129,-0.647373,0.093655,-3.141578,0.000013,0.000071
2.056503,-4.386233,-0.566284,-27.263750,-0.083625,-0.435625,0.058000,0.399158,-0.647285,0.093667,-3.141568,0.000023,0.000079
2.060507,-4.386218,-0.566312,-27.263751,-0.083624,-0.435625,0.058000,0.399181,-0.647198,0.093677,-3.141548,0.000042,0.000075
2.064505,-4.256211,-0.586327,-26.073752,-0.077624,-0.417625,0.056000,0.399208,-0.647113,0.093688,-3.141538,0.000051,0.000071
2.068505,-4.256199,-0.586350,-26.073753,-0.077624,-0.417624,0.056000,0.399236,-0.647024,0.093699,-3.141522,0.000066,0.000071
2.072505,-4.256192,-0.586365,-26.073753,-0.077624,-0.417624,0.056000,0.399262,-0.646939,0.093710,-3.141512,0.000075,0.000060
2.076505,-4.256186,-0.586375,-26.073754,-0.077623,-0.417624,0.056000,0.399289,-0.646854,0.093725,-3.141505,0.000082,0.000056
2.080506,-4.256181,-0.586386,-26.073754,-0.077623,-0.417624,0.056000,0.399314,-0.646768,0.093740,-3.141497,0.000089,0.000052
2.084505,-4.256173,-0.586401,-26.073754,-0.077623,-0.417624,0.056000,0.399341,-0.646683,0.093751,-3.141487,0.000098,0.000048
2.088505,-4.256169,-0.586409,-26.073755,-0.077623,-0.417624,0.056000,0.399366,-0.646598,0.093764,-3.141481,0.000104,0.000044
2.092511,-4.256167,-0.586413,-26.073755,-0.077623,-0.417624,0.056000,0.399392,-0.646512,0.093780,-3.141479,0.000107,0.000026
2.096506,-3.826166,-0.506416,-23.013753,-0.070623,-0.375624,0.050000,0.399422,-0.646426,0.093795,-3.141477,0.000108,0.000054
2.100506,-3.826160,-0.506427,-23.013754,-0.070623,-0.375624,0.050000,0.399447,-0.646340,0.093810,-3.141469,0.000115,0.000056
2.104505,-3.826157,-0.506434,-23.013754,-0.070623,-0.375624,0.050000,0.399463,-0.646243,0.093831,-3.141464,0.000120,0.000032
2.108507,-3.826160,-0.506427,-23.013754,-0.070623,-0.375624,0.050000,0.399505,-0.646151,0.093853,-3.141469,0.000116,0.000057
2.112505,-3.826160,-0.506427,-23.013754,-0.070623,-0.375624,0.050000,0.399505,-0.646151,0.093853,-3.141469,0.000116,0.000057
2.116505,-3.826168,-0.506412,-23.013753,-0.070623,-0.375624,0.050000,0.399561,-0.645980,0.093895,-3.141479,0.000106,0.000067
2.120505,-3.826168,-0.506412,-23.013753,-0.070623,-0.375624,0.050000,0.399561,-0.645980,0.093895,-3.141479,0.000106,0.000067
2.124539,-3.826167,-0.506414,-23.013753,-0.070623,-0.375624,0.050000,0.399595,-0.645874,0.093918,-3.141478,0.000107,0.000070
2.128539,-3.826173,-0.506403,-23.013753,-0.070623,-0.375624,0.050000,0.399644,-0.645725,0.093954,-3.141486,0.000100,0.000066
2.132539,-3.826176,-0.506396,-23.013753,-0.070623,-0.375624,0.050000,0.399672,-0.645641,0.093976,-3.141490,0.000096,0.000069
2.136538,-3.096179,-0.616390,-19.693754,-0.048623,-0.318624,0.043000,0.399699,-0.645557,0.093998,-3.141495,0.000092,0.000072
2.140539,-3.096177,-0.616393,-19.693754,-0.048623,-0.318624,0.043000,0.399727,-0.645470,0.094014,-3.141492,0.000094,0.000072
2.144540,-3.096178,-0.616392,-19.693754,-0.048623,-0.318624,0.043000,0.399754,-0.645385,0.094032,-3.141493,0.000093,0.000068
2.148540,-3.096174,-0.616401,-19.693754,-0.048623,-0.318624,0.043000,0.399782,-0.645297,0.094046,-3.141487,0.000099,0.000075
2.152539,-3.096173,-0.616403,-19.693754,-0.048623,-0.318624,0.043000,0.399807,-0.645211,0.094059,-3.141486,0.000100,0.000078
2.156540,-3.096168,-0.616412,-19.693754,-0.048623,-0.318624,0.043000,0.399835,-0.645123,0.094073,-3.141479,0.000106,0.000078
2.160504,-3.096167,-0.616414,-19.693755,-0.048623,-0.318624,0.043000,0.399861,-0.645037,0.094087,-3.141478,0.000107,0.000074
2.164541,-3.096163,-0.616422,-19.693755,-0.048623,-0.318624,0.043000,0.399889,-0.644950,0.094099,-3.141472,0.000113,0.000068
2.168541,-3.096159,-0.616431,-19.693755,-0.048623,-0.318624,0.043000,0.399917,-0.644862,0.094112,-3.141467,0.000118,0.000075
2.172539,-3.096160,-0.616429,-19.693755,-0.048623,-0.318624,0.043000,0.399944,-0.644778,0.094130,-3.141468,0.000117,0.000071
2.176546,-2.306154,-0.446439,-14.833755,-0.036623,-0.241624,0.031000,0.399970,-0.644693,0.094145,-3.141461,0.000123,0.000060
2.180545,-2.306152,-0.446444,-14.833755,-0.036623,-0.241624,0.031000,0.399999,-0.644607,0.094162,-3.141457,0.000127,0.000061
2.184537,-2.306144,-0.446460,-14.833755,-0.036622,-0.241624,0.031000,0.400024,-0.644520,0.094174,-3.141447,0.000137,0.000057
2.188505,-2.306139,-0.446470,-14.833755,-0.036622,-0.241624,0.031000,0.400051,-0.644432,0.094188,-3.141440,0.000143,0.000057
2.192505,-2.306131,-0.446485,-14.833756,-0.036622,-0.241624,0.031000,0.400076,-0.644345,0.094200,-3.141429,0.000153,0.000046
2.196505,-2.306120,-0.446507,-14.833756,-0.036622,-0.241624,0.031000,0.400102,-0.644256,0.094210,-3.141414,0.000167,0.000047
2.200505,-2.306120,-0.446507,-14.833756,-0.036622,-0.241624,0.031000,0.400102,-0.644256,0.094210,-3.141414,0.000167,0.000047
2.204505,-2.306118,-0.446512,-14.833756,-0.036622,-0.241624,0.031000,0.400120,-0.644158,0.094228,-3.141411,0.000170,0.000020
2.208506,-2.306116,-0.446515,-14.833756,-0.036622,-0.241624,0.031000,0.400163,-0.644061,0.094244,-3.141409,0.000173,0.000043
2.212504,-2.306116,-0.446515,-14.833756,-0.036622,-0.241624,0.031000,0.400163,-0.644061,0.094244,-3.141409,0.000173,0.000043
2.216506,-2.306112,-0.446524,-14.833757,-0.036622,-0.241624,0.031000,0.400188,-0.643975,0.094257,-3.141403,0.000178,0.000039
2.220505,-1.926113,-0.386521,-12.823756,-0.031622,-0.207624,0.025000,0.400219,-0.643890,0.094274,-3.141405,0.000177,0.000046
2.224512,-1.456115,-0.286518,-9.843757,-0.024622,-0.158624,0.018000,0.400274,-0.643719,0.094303,-3.141407,0.000175,0.000049
2.228506,-1.456115,-0.286518,-9.843757,-0.024622,-0.158624,0.018000,0.400302,-0.643632,0.094314,-3.141407,0.000174,0.000050
2.232505,-1.456115,-0.286518,-9.843757,-0.024622,-0.158624,0.018000,0.400302,-0.643632,0.094314,-3.141407,0.000174,0.000050
2.236499,-1.456117,-0.286514,-9.843757,-0.024622,-0.158624,0.018000,0.400356,-0.643460,0.094325,-3.141409,0.000172,0.000053
2.240503,-1.456122,-0.286505,-9.843756,-0.024622,-0.158624,0.018000,0.400382,-0.643374,0.094326,-3.141416,0.000166,0.000042
2.244505,-1.456131,-0.286486,-9.843756,-0.024622,-0.158624,0.018000,0.400436,-0.643202,0.094328,-3.141429,0.000154,0.000039
2.248506,-1.456131,-0.286486,-9.843756,-0.024622,-0.158624,0.018000,0.400436,-0.643202,0.094328,-3.141429,0.000154,0.000039
2.252506,-1.456145,-0.286459,-9.843755,-0.024622,-0.158624,0.018000,0.400466,-0.643117,0.094335,-3.141447,0.000137,0.000046
2.256543,-0.916165,-0.126420,-5.573754,-0.017623,-0.092624,0.008000,0.400525,-0.642950,0.094348,-3.141475,0.000111,0.000042
2.260544,-0.916168,-0.126414,-5.573754,-0.017623,-0.092624,0.008000,0.400551,-0.642865,0.094354,-3.141478,0.000108,0.000038
2.264504,-0.916168,-0.126414,-5.573754,-0.017623,-0.092624,0.008000,0.400551,-0.642865,0.094354,-3.141478,0.000108,0.000038
2.268537,-0.916170,-0.126410,-5.573754,-0.017623,-0.092624,0.008000,0.400578,-0.642781,0.094360,-3.141481,0.000105,0.000034
2.272544,-0.916173,-0.126404,-5.573754,-0.017623,-0.092624,0.008000,0.400632,-0.642610,0.094374,-3.141487,0.000099,0.000030
2.276540,-0.916174,-0.126401,-5.573754,-0.017623,-0.092624,0.008000,0.400632,-0.642610,0.094374,-3.141487,0.000099,0.000030
2.280540,-0.916171,-0.126408,-5.573754,-0.017623,-0.092624,0.008000,0.400659,-0.642522,0.094376,-3.141482,0.000104,0.000031
2.284540,-0.916165,-0.126420,-5.573754,-0.017623,-0.092624,0.008000,0.400684,-0.642435,0.094375,-3.141474,0.000112,0.000020
2.288539,-0.916167,-0.126415,-5.573754,-0.017623,-0.092624,0.008000,0.400712,-0.642348,0.094380,-3.141478,0.000108,0.000021
2.292539,-0.916167,-0.126416,-5.573754,-0.017623,-0.092624,0.008000,0.400738,-0.642263,0.094385,-3.141477,0.000109,0.000023
2.296539,-0.916169,-0.126412,-5.573754,-0.017623,-0.092624,0.008000,0.400764,-0.642179,0.094392,-3.141480,0.000106,0.000019
2.300549,-0.636165,-0.126420,-3.873754,-0.009623,-0.063624,0.005000,0.400793,-0.642093,0.094394,-3.141475,0.000111,0.000020
2.304539,-0.416170,-0.116411,-2.643754,-0.004623,-0.042624,0.003000,0.400811,-0.641999,0.094405,-3.141481,0.000106,-0.000005
2.308571,-0.416166,-0.116417,-2.643754,-0.004623,-0.042624,0.003000,0.400856,-0.641901,0.094406,-3.141477,0.000110,0.000023
2.312568,-0.416166,-0.116417,-2.643754,-0.004623,-0.042624,0.003000,0.400856,-0.641901,0.094406,-3.141477,0.000110,0.000023
2.316571,-0.416166,-0.116417,-2.643754,-0.004623,-0.042624,0.003000,0.400856,-0.641901,0.094406,-3.141477,0.000110,0.000023
2.320479,-0.416172,-0.116406,-2.643754,-0.004623,-0.042624,0.003000,0.400935,-0.641644,0.094411,-3.141484,0.000102,0.000035
2.324480,-0.416174,-0.116401,-2.643754,-0.004623,-0.042624,0.003000,0.400963,-0.641557,0.094409,-3.141487,0.000099,0.000043
2.328481,-0.416181,-0.116389,-2.643753,-0.004623,-0.042624,0.003000,0.400990,-0.641473,0.094406,-3.141496,0.000091,0.000052
2.332481,-0.416186,-0.116378,-2.643753,-0.004623,-0.042624,0.003000,0.401016,-0.641389,0.094406,-3.141503,0.000085,0.000048
2.336478,-0.416193,-0.116365,-2.643753,-0.004624,-0.042624,0.003000,0.401043,-0.641306,0.094402,-3.141513,0.000076,0.000044
2.340483,-0.216196,-0.066359,-1.233753,-0.002624,-0.020624,-0.001000,0.401069,-0.641221,0.094398,-3.141516,0.000072,0.000046
2.344485,-0.216205,-0.066340,-1.233752,-0.002624,-0.020625,-0.001000,0.401095,-0.641142,0.094397,-3.141530,0.000060,0.000045
2.348487,-0.216216,-0.066319,-1.233752,-0.002624,-0.020625,-0.001000,0.401123,-0.641059,0.094393,-3.141544,0.000046,0.000041
2.352488,-0.216224,-0.066301,-1.233751,-0.002624,-0.020625,-0.001000,0.401147,-0.640977,0.094385,-3.141556,0.000035,0.000032
2.356491,-0.216236,-0.066278,-1.233751,-0.002625,-0.020625,-0.001000,0.401175,-0.640895,0.094379,-3.141572,0.000020,0.000035
2.360505,-0.216248,-0.066255,-1.233750,-0.002625,-0.020625,-0.001000,0.401200,-0.640815,0.094373,-3.141588,0.000005,0.000026
2.364504,-0.216250,-0.066250,-1.233750,-0.002625,-0.020625,-0.001000,0.401226,-0.640731,0.094361,-3.141591,0.000001,0.000022
2.368482,-0.216242,-0.066266,-1.233750,-0.002625,-0.020625,-0.001000,0.401239,-0.640637,0.094330,-3.141580,0.000012,-0.000007
2.372478,-0.216242,-0.066266,-1.233750,-0.002625,-0.020625,-0.001000,0.401239,-0.640637,0.094330,-3.141580,0.000012,-0.000007
2.376478,-0.066261,-0.046229,-0.323750,0.000375,-0.005625,-0.003000,0.401305,-0.640465,0.094329,3.141580,-0.000012,0.000017
2.380479,-0.066259,-0.046232,-0.323750,0.000375,-0.005625,-0.003000,0.401332,-0.640381,0.094317,3.141582,-0.000010,0.000019
2.384482,-0.066254,-0.046242,-0.323750,0.000375,-0.005625,-0.003000,0.401358,-0.640297,0.094305,3.141589,-0.000004,0.000015
2.388558,-0.066250,-0.046250,-0.323750,0.000375,-0.005625,-0.003000,0.401381,-0.640214,0.094291,-3.141591,0.000001,0.000007
2.392559,-0.066249,-0.046253,-0.323750,0.000375,-0.005625,-0.003000,0.401407,-0.640130,0.094280,-3.141589,0.000003,0.000009
2.396552,-0.066248,-0.046254,-0.323750,0.000375,-0.005625,-0.003000,0.401431,-0.640048,0.094266,-3.141589,0.000004,0.000014
2.400548,-0.066245,-0.046260,-0.323750,0.000375,-0.005625,-0.003000,0.401456,-0.639964,0.094249,-3.141584,0.000008,0.000017
2.404549,-0.066248,-0.046254,-0.323750,0.000375,-0.005625,-0.003000,0.401483,-0.639880,0.094236,-3.141589,0.000004,0.000013
2.408545,-0.066252,-0.046246,-0.323750,0.000375,-0.005625,-0.003000,0.401506,-0.639798,0.094221,3.141591,-0.000001,0.000011
2.412543,-0.066262,-0.046227,-0.323750,0.000375,-0.005625,-0.003000,0.401534,-0.639716,0.094212,3.141579,-0.000013,0.000027
2.416541,-0.066268,-0.046214,-0.323749,0.000375,-0.005625,-0.003000,0.401558,-0.639635,0.094199,3.141570,-0.000022,0.000025
2.420542,-0.236273,-0.076203,-1.263749,-0.002626,-0.022625,-0.001000,0.401584,-0.639551,0.094182,3.141563,-0.000029,0.000035
2.424543,-0.236284,-0.076183,-1.263748,-0.002626,-0.022625,-0.001000,0.401609,-0.639470,0.094170,3.141548,-0.000042,0.000040
2.428537,-0.236295,-0.076160,-1.263748,-0.002626,-0.022625,-0.001000,0.401637,-0.639388,0.094155,3.141533,-0.000057,0.000049
2.432540,-0.236306,-0.076137,-1.263747,-0.002626,-0.022626,-0.001000,0.401661,-0.639307,0.094141,3.141517,-0.000071,0.000054
2.436539,-0.236319,-0.076111,-1.263747,-0.002627,-0.022626,-0.001000,0.401695,-0.639203,0.094124,3.141500,-0.000088,0.000063
2.440539,-0.236322,-0.076106,-1.263746,-0.002627,-0.022626,-0.001000,0.401713,-0.639139,0.094111,3.141496,-0.000092,0.000066
2.444539,-0.236333,-0.076084,-1.263746,-0.002627,-0.022626,-0.001000,0.401740,-0.639056,0.094098,3.141481,-0.000106,0.000069
2.448537,-0.236338,-0.076074,-1.263746,-0.002627,-0.022626,-0.001000,0.401765,-0.638971,0.094082,3.141474,-0.000112,0.000071
2.452505,-0.236340,-0.076070,-1.263746,-0.002627,-0.022626,-0.001000,0.401790,-0.638886,0.094062,3.141471,-0.000115,0.000074
2.456510,-0.616341,-0.166068,-3.773745,-0.007627,-0.064626,0.006000,0.401815,-0.638800,0.094045,3.141470,-0.000117,0.000070
2.460510,-0.616341,-0.166068,-3.773745,-0.007627,-0.064626,0.006000,0.401815,-0.638800,0.094045,3.141470,-0.000117,0.000070
2.464507,-0.616345,-0.166059,-3.773745,-0.007627,-0.064626,0.006000,0.401872,-0.638609,0.094006,3.141464,-0.000123,0.000062
2.468508,-0.616349,-0.166051,-3.773745,-0.007627,-0.064626,0.006000,0.401898,-0.638525,0.093991,3.141459,-0.000128,0.000058
2.472482,-0.616347,-0.166055,-3.773745,-0.007627,-0.064626,0.006000,0.401923,-0.638440,0.093972,3.141461,-0.000125,0.000047
2.476478,-0.616345,-0.166059,-3.773745,-0.007627,-0.064626,0.006000,0.401948,-0.638356,0.093954,3.141464,-0.000122,0.000050
2.480501,-0.616346,-0.166057,-3.773745,-0.007627,-0.064626,0.006000,0.401973,-0.638270,0.093937,3.141463,-0.000124,0.000039
2.484508,-0.616348,-0.166054,-3.773745,-0.007627,-0.064626,0.006000,0.401998,-0.638186,0.093919,3.141461,-0.000126,0.000035
2.488506,-0.616353,-0.166043,-3.773745,-0.007628,-0.064626,0.006000,0.402024,-0.638102,0.093901,3.141454,-0.000132,0.000031
2.492512,-0.616351,-0.166046,-3.773745,-0.007628,-0.064626,0.006000,0.402048,-0.638016,0.093881,3.141455,-0.000131,0.000027
2.496508,-1.196357,-0.266036,-7.063745,-0.017628,-0.120626,0.013000,0.402074,-0.637932,0.093863,3.141448,-0.000137,0.000023
2.500505,-1.196362,-0.266024,-7.063744,-0.017628,-0.120626,0.013000,0.402099,-0.637848,0.093844,3.141441,-0.000145,0.000019
2.504505,-1.196364,-0.266020,-7.063744,-0.017628,-0.120626,0.013000,0.402124,-0.637762,0.093825,3.141437,-0.000148,0.000021
2.508510,-1.196373,-0.266003,-7.063744,-0.017628,-0.120626,0.013000,0.402149,-0.637678,0.093809,3.141426,-0.000159,0.000024
2.512505,-1.196375,-0.265999,-7.063744,-0.017628,-0.120626,0.013000,0.402174,-0.637593,0.093789,3.141423,-0.000162,0.000020
2.516553,-1.196380,-0.265988,-7.063743,-0.017628,-0.120626,0.013000,0.402200,-0.637509,0.093772,3.141416,-0.000168,0.000016
2.520510,-1.196384,-0.265980,-7.063743,-0.017628,-0.120626,0.013000,0.402225,-0.637425,0.093757,3.141411,-0.000173,0.000025
2.524540,-1.196382,-0.265984,-7.063743,-0.017628,-0.120626,0.013000,0.402253,-0.637338,0.093738,3.141414,-0.000171,0.000032
2.528539,-1.196383,-0.265981,-7.063743,-0.017628,-0.120626,0.013000,0.402278,-0.637253,0.093720,3.141412,-0.000173,0.000042
2.532539,-1.696381,-0.425986,-10.303743,-0.024628,-0.170626,0.022000,0.402302,-0.637167,0.093703,3.141415,-0.000170,0.000045
2.536538,-1.696377,-0.425995,-10.303744,-0.024628,-0.170626,0.022000,0.402328,-0.637079,0.093680,3.141421,-0.000164,0.000058
2.540539,-1.826375,-0.485998,-11.113744,-0.024628,-0.182626,0.025000,0.402350,-0.636992,0.093661,3.141423,-0.000162,0.000061
2.544539,-1.826377,-0.485995,-11.113744,-0.024628,-0.182626,0.025000,0.402377,-0.636904,0.093642,3.141421,-0.000164,0.000075
2.548539,-1.826375,-0.485998,-11.113744,-0.024628,-0.182626,0.025000,0.402402,-0.636815,0.093623,3.141423,-0.000162,0.000089
2.552539,-1.826373,-0.486002,-11.113744,-0.024628,-0.182626,0.025000,0.402428,-0.636726,0.093604,3.141426,-0.000160,0.000096
2.556544,-1.826376,-0.485995,-11.113744,-0.024628,-0.182626,0.025000,0.402453,-0.636641,0.093591,3.141421,-0.000164,0.000099
2.560540,-1.826376,-0.485995,-11.113744,-0.024628,-0.182626,0.025000,0.402453,-0.636641,0.093591,3.141421,-0.000164,0.000099
2.564545,-1.826380,-0.485987,-11.113743,-0.024628,-0.182626,0.025000,0.402507,-0.636467,0.093562,3.141416,-0.000169,0.000100
2.568538,-1.826380,-0.485987,-11.113743,-0.024628,-0.182626,0.025000,0.402534,-0.636380,0.093547,3.141416,-0.000169,0.000100
2.572516,-1.826381,-0.485985,-11.113743,-0.024628,-0.182626,0.025000,0.402561,-0.636292,0.093530,3.141415,-0.000170,0.000101
2.576503,-2.576381,-0.605984,-15.503743,-0.035628,-0.258626,0.035000,0.402584,-0.636206,0.093515,3.141414,-0.000171,0.000056
2.580509,-2.576380,-0.605986,-15.503743,-0.035628,-0.258626,0.035000,0.402616,-0.636095,0.093495,3.141415,-0.000170,0.000084
2.584502,-2.576380,-0.605986,-15.503743,-0.035628,-0.258626,0.035000,0.402616,-0.636095,0.093495,3.141415,-0.000170,0.000084
2.588508,-2.576384,-0.605979,-15.503743,-0.035628,-0.258626,0.035000,0.402668,-0.635919,0.093467,3.141411,-0.000174,0.000071
2.592508,-2.576384,-0.605979,-15.503743,-0.035628,-0.258626,0.035000,0.402668,-0.635919,0.093467,3.141411,-0.000174,0.000071
2.596511,-2.576386,-0.605975,-15.503743,-0.035628,-0.258626,0.035000,0.402719,-0.635745,0.093441,3.141408,-0.000177,0.000061
2.600569,-2.576387,-0.605972,-15.503743,-0.035628,-0.258626,0.035000,0.402746,-0.635659,0.093432,3.141405,-0.000179,0.000054
2.604493,-2.576389,-0.605968,-15.503743,-0.035628,-0.258626,0.035000,0.402774,-0.635572,0.093423,3.141403,-0.000181,0.000048
2.608539,-2.576389,-0.605968,-15.503743,-0.035628,-0.258626,0.035000,0.402774,-0.635572,0.093423,3.141403,-0.000181,0.000048
2.612539,-2.576384,-0.605978,-15.503743,-0.035628,-0.258626,0.035000,0.402799,-0.635484,0.093411,3.141410,-0.000175,0.000035
2.616539,-2.576386,-0.605975,-15.503743,-0.035628,-0.258626,0.035000,0.402827,-0.635397,0.093401,3.141408,-0.000177,0.000022
2.620539,-3.326380,-0.725987,-19.753743,-0.049628,-0.329626,0.045000,0.402856,-0.635288,0.093383,3.141416,-0.000170,0.000005
2.624539,-3.326378,-0.725990,-19.753743,-0.049628,-0.329626,0.045000,0.402881,-0.635199,0.093373,3.141418,-0.000167,0.000005
2.628539,-3.326372,-0.726002,-19.753744,-0.049628,-0.329626,0.045000,0.402899,-0.635131,0.093363,3.141427,-0.000159,0.000005
2.632539,-3.326371,-0.726004,-19.753744,-0.049628,-0.329626,0.045000,0.402931,-0.635021,0.093359,3.141427,-0.000159,0.000006
2.636509,-3.326356,-0.726035,-19.753744,-0.049628,-0.329626,0.045000,0.402939,-0.634942,0.093336,3.141449,-0.000138,-0.000014
2.640539,-3.326371,-0.726004,-19.753744,-0.049628,-0.329626,0.045000,0.402985,-0.634847,0.093357,3.141428,-0.000158,0.000027
2.644539,-3.326366,-0.726014,-19.753744,-0.049628,-0.329626,0.045000,0.403009,-0.634762,0.093354,3.141435,-0.000152,0.000036
2.648540,-3.326363,-0.726020,-19.753744,-0.049628,-0.329626,0.045000,0.403037,-0.634675,0.093354,3.141438,-0.000148,0.000050
2.652539,-3.326356,-0.726036,-19.753744,-0.049628,-0.329626,0.045000,0.403063,-0.634587,0.093349,3.141449,-0.000138,0.000064
2.656539,-3.326351,-0.726044,-19.753745,-0.049628,-0.329626,0.045000,0.403089,-0.634499,0.093344,3.141455,-0.000132,0.000071
2.660539,-3.776344,-0.836059,-23.193745,-0.058627,-0.380626,0.053000,0.403114,-0.634411,0.093337,3.141465,-0.000123,0.000079
2.664539,-3.776338,-0.836071,-23.193745,-0.058627,-0.380626,0.053000,0.403139,-0.634322,0.093328,3.141473,-0.000115,0.000086
2.668541,-3.776331,-0.836086,-23.193745,-0.058627,-0.380626,0.053000,0.403161,-0.634235,0.093321,3.141483,-0.000105,0.000088
2.672539,-3.776328,-0.836092,-23.193745,-0.058627,-0.380626,0.053000,0.403188,-0.634147,0.093314,3.141487,-0.000101,0.000096
2.676539,-3.776323,-0.836101,-23.193746,-0.058627,-0.380626,0.053000,0.403214,-0.634060,0.093309,3.141493,-0.000096,0.000096
2.680539,-3.776324,-0.836099,-23.193746,-0.058627,-0.380626,0.053000,0.403242,-0.633973,0.093310,3.141492,-0.000097,0.000097
2.684537,-3.776322,-0.836103,-23.193746,-0.058627,-0.380626,0.053000,0.403268,-0.633886,0.093309,3.141495,-0.000094,0.000090
2.688539,-3.776314,-0.836119,-23.193746,-0.058627,-0.380626,0.053000,0.403294,-0.633798,0.093303,3.141506,-0.000084,0.000091
2.692546,-3.776309,-0.836129,-23.193746,-0.058627,-0.380626,0.053000,0.403321,-0.633711,0.093300,3.141512,-0.000077,0.000091
2.696539,-4.186308,-0.726132,-24.963747,-0.073626,-0.407626,0.057000,0.403348,-0.633625,0.093298,3.141514,-0.000075,0.000085
2.700539,-4.186300,-0.726149,-24.963747,-0.073626,-0.407626,0.057000,0.403370,-0.633537,0.093294,3.141526,-0.000064,0.000074
2.704571,-4.186295,-0.726159,-24.963748,-0.073626,-0.407625,0.057000,0.403395,-0.633449,0.093290,3.141532,-0.000058,0.000068
2.708539,-4.186293,-0.726163,-24.963748,-0.073626,-0.407625,0.057000,0.403421,-0.633361,0.093289,3.141535,-0.000055,0.000055
2.712539,-4.186291,-0.726167,-24.963748,-0.073626,-0.407625,0.057000,0.403448,-0.633274,0.093287,3.141538,-0.000053,0.000042
2.716545,-4.186288,-0.726173,-24.963748,-0.073626,-0.407625,0.057000,0.403474,-0.633186,0.093289,3.141542,-0.000049,0.000035
2.720543,-4.186285,-0.726179,-24.963748,-0.073626,-0.407625,0.057000,0.403500,-0.633098,0.093290,3.141546,-0.000045,0.000029
2.724540,-4.186284,-0.726180,-24.963748,-0.073626,-0.407625,0.057000,0.403527,-0.633012,0.093294,3.141547,-0.000044,0.000016
2.728540,-4.186283,-0.726183,-24.963748,-0.073626,-0.407625,0.057000,0.403554,-0.632925,0.093300,3.141549,-0.000042,0.000010
2.732545,-4.186283,-0.726183,-24.963748,-0.073626,-0.407625,0.057000,0.403578,-0.632840,0.093303,3.141549,-0.000042,-0.000001
2.736538,-4.186284,-0.726180,-24.963748,-0.073626,-0.407625,0.057000,0.403614,-0.632734,0.093312,3.141547,-0.000044,-0.000000
2.740540,-4.346283,-0.576184,-25.963748,-0.083626,-0.419625,0.059000,0.403623,-0.632662,0.093319,3.141550,-0.000042,-0.000031
2.744539,-4.346281,-0.576186,-25.963748,-0.083626,-0.419625,0.059000,0.403664,-0.632571,0.093324,3.141551,-0.000040,0.000000
2.748542,-4.346277,-0.576196,-25.963749,-0.083626,-0.419625,0.059000,0.403693,-0.632487,0.093329,3.141558,-0.000034,0.000014
2.752548,-4.346272,-0.576207,-25.963749,-0.083626,-0.419625,0.059000,0.403716,-0.632406,0.093335,3.141565,-0.000027,0.000019
2.756539,-4.346272,-0.576206,-25.963749,-0.083626,-0.419625,0.059000,0.403744,-0.632325,0.093345,3.141564,-0.000027,0.000029
2.760512,-4.346267,-0.576216,-25.963749,-0.083625,-0.419625,0.059000,0.403766,-0.632243,0.093351,3.141571,-0.000020,0.000034
2.764540,-4.346264,-0.576222,-25.963749,-0.083625,-0.419625,0.059000,0.403794,-0.632162,0.093361,3.141576,-0.000016,0.000036
2.768577,-4.346261,-0.576227,-25.963749,-0.083625,-0.419625,0.059000,0.403820,-0.632080,0.093369,3.141579,-0.000013,0.000046
2.772570,-4.346256,-0.576239,-25.963750,-0.083625,-0.419625,0.059000,0.403846,-0.631997,0.093377,3.141587,-0.000005,0.000055
2.776507,-4.346247,-0.576257,-25.963750,-0.083625,-0.419625,0.059000,0.403871,-0.631913,0.093382,-3.141586,0.000006,0.000064
2.780499,-4.386247,-0.556256,-25.873750,-0.082625,-0.421625,0.059000,0.403896,-0.631834,0.093392,-3.141587,0.000006,0.000063
2.784484,-4.386242,-0.556268,-25.873750,-0.082625,-0.421625,0.059000,0.403922,-0.631752,0.093400,-3.141579,0.000013,0.000065
2.788480,-4.386236,-0.556280,-25.873751,-0.082625,-0.421625,0.059000,0.403949,-0.631669,0.093407,-3.141571,0.000021,0.000068
2.792479,-4.386230,-0.556292,-25.873751,-0.082624,-0.421625,0.059000,0.403975,-0.631587,0.093414,-3.141563,0.000029,0.000071
2.796506,-4.386221,-0.556310,-25.873751,-0.082624,-0.421625,0.059000,0.403999,-0.631503,0.093420,-3.141551,0.000041,0.000067
2.800579,-4.386214,-0.556324,-25.873752,-0.082624,-0.421625,0.059000,0.404025,-0.631420,0.093430,-3.141541,0.000050,0.000069
2.804585,-4.386211,-0.556332,-25.873752,-0.082624,-0.421625,0.059000,0.404051,-0.631337,0.093441,-3.141536,0.000055,0.000065
2.808568,-4.386206,-0.556341,-25.873752,-0.082624,-0.421625,0.059000,0.404077,-0.631255,0.093454,-3.141530,0.000061,0.000061
2.812569,-4.386200,-0.556354,-25.873752,-0.082624,-0.421624,0.059000,0.404099,-0.631173,0.093463,-3.141521,0.000070,0.000053
2.816572,-3.916195,-0.696364,-24.423754,-0.073624,-0.394624,0.057000,0.404128,-0.631088,0.093476,-3.141514,0.000076,0.000053
2.820564,-3.916191,-0.696371,-24.423754,-0.073623,-0.394624,0.057000,0.404151,-0.631008,0.093487,-3.141510,0.000081,0.000044
2.824551,-3.916190,-0.696374,-24.423754,-0.073623,-0.394624,0.057000,0.404177,-0.630925,0.093502,-3.141507,0.000083,0.000034
2.828553,-3.916191,-0.696371,-24.423754,-0.073623,-0.394624,0.057000,0.404204,-0.630844,0.093518,-3.141510,0.000081,0.000030
2.832554,-3.916192,-0.696370,-24.423754,-0.073624,-0.394624,0.057000,0.404239,-0.630742,0.093538,-3.141510,0.000080,0.000012
2.836513,-3.916194,-0.696365,-24.423754,-0.073624,-0.394624,0.057000,0.404258,-0.630681,0.093552,-3.141513,0.000077,0.000008
2.840545,-3.916195,-0.696364,-24.423754,-0.073624,-0.394624,0.057000,0.404290,-0.630581,0.093571,-3.141514,0.000076,-0.000007
2.844543,-3.916198,-0.696359,-24.423754,-0.073624,-0.394624,0.057000,0.404311,-0.630521,0.093584,-3.141518,0.000072,-0.000011
2.848514,-3.916209,-0.696335,-24.423753,-0.073624,-0.394625,0.057000,0.404338,-0.630440,0.093603,-3.141534,0.000057,-0.000036
2.852542,-3.916199,-0.696356,-24.423754,-0.073624,-0.394624,0.057000,0.404351,-0.630348,0.093622,-3.141520,0.000071,-0.000031
2.856542,-3.916203,-0.696348,-24.423753,-0.073624,-0.394624,0.057000,0.404395,-0.630257,0.093642,-3.141525,0.000066,-0.000001
2.860541,-3.476204,-0.646346,-22.093752,-0.063624,-0.358625,0.052000,0.404422,-0.630175,0.093659,-3.141527,0.000064,0.000008
2.864539,-3.476203,-0.646349,-22.093752,-0.063624,-0.358625,0.052000,0.404444,-0.630093,0.093674,-3.141524,0.000066,0.000007
2.868545,-3.476201,-0.646353,-22.093752,-0.063624,-0.358624,0.052000,0.404471,-0.630012,0.093690,-3.141522,0.000069,0.000009
2.872540,-3.476200,-0.646355,-22.093752,-0.063624,-0.358624,0.052000,0.404494,-0.629931,0.093704,-3.141520,0.000070,0.000014
2.876541,-3.476198,-0.646359,-22.093752,-0.063624,-0.358624,0.052000,0.404521,-0.629850,0.093719,-3.141518,0.000073,0.000023
2.880539,-3.476199,-0.646357,-22.093752,-0.063624,-0.358624,0.052000,0.404548,-0.629768,0.093737,-3.141519,0.000071,0.000033
2.884546,-3.476200,-0.646355,-22.093752,-0.063624,-0.358624,0.052000,0.404573,-0.629690,0.093754,-3.141521,0.000070,0.000038
2.888541,-3.476196,-0.646362,-22.093752,-0.063624,-0.358624,0.052000,0.404599,-0.629607,0.093765,-3.141516,0.000075,0.000054
2.892538,-3.476197,-0.646361,-22.093752,-0.063624,-0.358624,0.052000,0.404623,-0.629528,0.093784,-3.141516,0.000074,0.000052
2.896540,-2.856196,-0.396364,-18.303753,-0.060624,-0.295624,0.041000,0.404649,-0.629446,0.093798,-3.141515,0.000076,0.000061
2.900545,-2.856191,-0.396373,-18.303753,-0.060623,-0.295624,0.041000,0.404674,-0.629363,0.093811,-3.141508,0.000082,0.000071
2.904540,-2.856183,-0.396390,-18.303754,-0.060623,-0.295624,0.041000,0.404697,-0.629281,0.093824,-3.141497,0.000093,0.000069
2.908539,-2.856181,-0.396394,-18.303754,-0.060623,-0.295624,0.041000,0.404724,-0.629200,0.093840,-3.141495,0.000095,0.000078
2.912539,-2.856175,-0.396406,-18.303754,-0.060623,-0.295624,0.041000,0.404749,-0.629117,0.093856,-3.141487,0.000103,0.000081
2.916544,-2.856167,-0.396423,-18.303754,-0.060623,-0.295624,0.041000,0.404771,-0.629036,0.093868,-3.141475,0.000114,0.000079
2.920511,-2.856165,-0.396428,-18.303755,-0.060623,-0.295624,0.041000,0.404799,-0.628955,0.093885,-3.141472,0.000118,0.000075
2.924543,-2.856165,-0.396427,-18.303755,-0.060623,-0.295624,0.041000,0.404825,-0.628874,0.093904,-3.141472,0.000117,0.000071
2.928542,-2.856173,-0.396410,-18.303754,-0.060623,-0.295624,0.041000,0.404852,-0.628793,0.093923,-3.141484,0.000106,0.000040
2.932546,-2.856164,-0.396431,-18.303755,-0.060623,-0.295624,0.041000,0.404875,-0.628712,0.093940,-3.141470,0.000120,0.000059
2.936543,-2.366157,-0.296445,-15.183755,-0.052623,-0.245624,0.034000,0.404908,-0.628604,0.093958,-3.141461,0.000129,0.000052
2.940540,-2.196158,-0.286443,-13.893755,-0.048623,-0.225624,0.032000,0.404919,-0.628530,0.093977,-3.141462,0.000128,0.000012
2.944543,-2.196155,-0.286447,-13.893755,-0.048623,-0.225624,0.032000,0.404960,-0.628434,0.093993,-3.141459,0.000131,0.000029
2.948540,-2.196154,-0.286450,-13.893755,-0.048623,-0.225624,0.032000,0.404985,-0.628347,0.094008,-3.141457,0.000133,0.000029
2.952545,-2.196147,-0.286465,-13.893756,-0.048622,-0.225624,0.032000,0.405010,-0.628259,0.094019,-3.141447,0.000142,0.000016
2.956542,-2.196147,-0.286466,-13.893756,-0.048622,-0.225624,0.032000,0.405036,-0.628172,0.094031,-3.141447,0.000143,0.000010
2.960542,-2.196144,-0.286471,-13.893756,-0.048622,-0.225624,0.032000,0.405062,-0.628085,0.094039,-3.141443,0.000146,0.000010
2.964540,-2.196150,-0.286459,-13.893756,-0.048622,-0.225624,0.032000,0.405089,-0.628000,0.094054,-3.141451,0.000138,0.000011
2.968546,-2.196153,-0.286453,-13.893755,-0.048622,-0.225624,0.032000,0.405117,-0.627915,0.094067,-3.141455,0.000134,0.000018
2.972551,-2.196160,-0.286439,-13.893755,-0.048623,-0.225624,0.032000,0.405146,-0.627831,0.094081,-3.141464,0.000125,0.000018
2.976538,-2.196160,-0.286439,-13.893755,-0.048623,-0.225624,0.032000,0.405146,-0.627831,0.094081,-3.141464,0.000125,0.000018
2.980541,-1.616164,-0.176431,-9.813754,-0.035623,-0.160624,0.022000,0.405174,-0.627747,0.094091,-3.141470,0.000120,0.000025
2.984514,-1.616168,-0.176423,-9.813754,-0.035623,-0.160624,0.022000,0.405199,-0.627663,0.094103,-3.141475,0.000115,0.000028
2.988512,-1.616174,-0.176410,-9.813754,-0.035623,-0.160624,0.022000,0.405253,-0.627493,0.094112,-3.141484,0.000106,0.000042
2.992539,-1.616174,-0.176410,-9.813754,-0.035623,-0.160624,0.022000,0.405253,-0.627493,0.094112,-3.141484,0.000106,0.000042
2.996513,-1.616179,-0.176398,-9.813754,-0.035623,-0.160624,0.022000,0.405307,-0.627321,0.094113,-3.141492,0.000099,0.000050
3.000511,-1.616179,-0.176398,-9.813754,-0.035623,-0.160624,0.022000,0.405307,-0.627321,0.094113,-3.141492,0.000099,0.000050
3.004540,-1.616181,-0.176394,-9.813754,-0.035623,-0.160624,0.022000,0.405334,-0.627235,0.094111,-3.141495,0.000096,0.000057
3.008512,-1.616185,-0.176387,-9.813753,-0.035623,-0.160624,0.022000,0.405358,-0.627152,0.094114,-3.141500,0.000091,0.000060
3.012548,-1.616192,-0.176372,-9.813753,-0.035623,-0.160624,0.022000,0.405386,-0.627067,0.094117,-3.141510,0.000081,0.000060
3.016540,-1.616197,-0.176361,-9.813753,-0.035624,-0.160624,0.022000,0.405414,-0.626983,0.094125,-3.141517,0.000074,0.000068
3.020513,-0.916212,-0.156331,-6.043752,-0.016624,-0.098625,0.013000,0.405470,-0.626818,0.094149,-3.141537,0.000054,0.000071
3.024545,-0.916212,-0.156331,-6.043752,-0.016624,-0.098625,0.013000,0.405470,-0.626818,0.094149,-3.141537,0.000054,0.000071
3.028540,-0.916216,-0.156322,-6.043752,-0.016624,-0.098625,0.013000,0.405498,-0.626734,0.094159,-3.141543,0.000049,0.000078
3.032541,-0.916211,-0.156331,-6.043752,-0.016624,-0.098625,0.013000,0.405524,-0.626647,0.094164,-3.141537,0.000055,0.000085
3.036547,-0.916199,-0.156358,-6.043753,-0.016624,-0.098624,0.013000,0.405540,-0.626550,0.094153,-3.141519,0.000072,0.000058
3.040543,-0.916208,-0.156338,-6.043752,-0.016624,-0.098625,0.013000,0.405574,-0.626477,0.094176,-3.141532,0.000059,0.000081
3.044540,-0.916211,-0.156333,-6.043752,-0.016624,-0.098625,0.013000,0.405605,-0.626372,0.094182,-3.141536,0.000056,0.000077
3.048535,-0.916210,-0.156334,-6.043752,-0.016624,-0.098625,0.013000,0.405626,-0.626309,0.094186,-3.141535,0.000056,0.000078
3.052540,-0.916210,-0.156335,-6.043752,-0.016624,-0.098625,0.013000,0.405650,-0.626226,0.094189,-3.141534,0.000057,0.000074
3.056549,-0.916208,-0.156338,-6.043752,-0.016624,-0.098625,0.013000,0.405678,-0.626140,0.094196,-3.141532,0.000059,0.000074
3.060546,-0.636208,-0.196339,-4.133752,-0.009624,-0.068625,0.010000,0.405702,-0.626057,0.094200,-3.141532,0.000060,0.000070
3.064544,-0.636197,-0.196361,-4.133753,-0.009624,-0.068624,0.010000,0.405718,-0.625965,0.094184,-3.141517,0.000074,0.000032
3.068539,-0.636214,-0.196326,-4.133752,-0.009624,-0.068625,0.010000,0.405757,-0.625892,0.094207,-3.141540,0.000051,0.000033
3.072540,-0.636213,-0.196329,-4.133752,-0.009624,-0.068625,0.010000,0.405772,-0.625799,0.094206,-3.141538,0.000054,0.000029
3.076540,-0.636214,-0.196326,-4.133752,-0.009624,-0.068625,0.010000,0.405814,-0.625705,0.094205,-3.141541,0.000051,0.000052
3.080541,-0.636218,-0.196318,-4.133752,-0.009624,-0.068625,0.010000,0.405841,-0.625620,0.094199,-3.141546,0.000046,0.000059
3.084541,-0.636221,-0.196311,-4.133752,-0.009624,-0.068625,0.010000,0.405865,-0.625537,0.094193,-3.141551,0.000041,0.000055
3.088541,-0.636234,-0.196285,-4.133751,-0.009625,-0.068625,0.010000,0.405892,-0.625456,0.094194,-3.141567,0.000025,0.000051
3.092539,-0.636235,-0.196283,-4.133751,-0.009625,-0.068625,0.010000,0.405919,-0.625371,0.094185,-3.141569,0.000023,0.000058
3.096542,-0.636248,-0.196255,-4.133750,-0.009625,-0.068625,0.010000,0.405946,-0.625290,0.094183,-3.141588,0.000005,0.000054
3.100550,-0.416255,-0.116239,-2.603750,-0.005625,-0.042625,0.006000,0.405971,-0.625208,0.094177,3.141587,-0.000005,0.000057
3.104506,-0.416263,-0.116224,-2.603749,-0.005625,-0.042625,0.006000,0.406000,-0.625125,0.094171,3.141577,-0.000016,0.000064
3.108551,-0.416270,-0.116208,-2.603749,-0.005626,-0.042625,0.006000,0.406026,-0.625043,0.094164,3.141566,-0.000026,0.000060
3.112505,-0.416274,-0.116199,-2.603749,-0.005626,-0.042625,0.006000,0.406054,-0.624959,0.094158,3.141561,-0.000032,0.000060
3.116541,-0.416279,-0.116189,-2.603748,-0.005626,-0.042625,0.006000,0.406080,-0.624877,0.094148,3.141553,-0.000039,0.000070
3.120559,-0.416281,-0.116185,-2.603748,-0.005626,-0.042625,0.006000,0.406108,-0.624793,0.094138,3.141551,-0.000041,0.000070
3.124540,-0.416285,-0.116176,-2.603748,-0.005626,-0.042625,0.006000,0.406133,-0.624711,0.094132,3.141545,-0.000047,0.000066
3.128541,-0.416284,-0.116179,-2.603748,-0.005626,-0.042625,0.006000,0.406160,-0.624626,0.094119,3.141547,-0.000045,0.000073
3.132540,-0.416280,-0.116187,-2.603748,-0.005626,-0.042625,0.006000,0.406185,-0.624543,0.094105,3.141552,-0.000040,0.000069
3.136539,-0.356278,-0.126191,-2.123749,-0.004626,-0.035625,0.005000,0.406208,-0.624459,0.094096,3.141555,-0.000037,0.000078
3.140540,-0.366273,-0.146201,-2.273749,-0.003626,-0.037625,0.005000,0.406233,-0.624377,0.094083,3.141562,-0.000030,0.000074
3.144499,-0.366268,-0.146213,-2.273749,-0.003625,-0.037625,0.005000,0.406256,-0.624292,0.094073,3.141570,-0.000023,0.000070
3.148543,-0.366263,-0.146224,-2.273749,-0.003625,-0.037625,0.005000,0.406281,-0.624209,0.094062,3.141577,-0.000016,0.000073
3.152540,-0.366261,-0.146227,-2.273750,-0.003625,-0.037625,0.005000,0.406305,-0.624126,0.094051,3.141579,-0.000013,0.000069
3.156540,-0.366263,-0.146224,-2.273749,-0.003625,-0.037625,0.005000,0.406330,-0.624044,0.094041,3.141577,-0.000016,0.000065
3.160543,-0.366261,-0.146227,-2.273750,-0.003625,-0.037625,0.005000,0.406355,-0.623961,0.094031,3.141579,-0.000013,0.000068
3.164539,-0.366264,-0.146221,-2.273749,-0.003625,-0.037625,0.005000,0.406383,-0.623877,0.094018,3.141575,-0.000017,0.000068
3.168538,-0.366270,-0.146208,-2.273749,-0.003626,-0.037625,0.005000,0.406406,-0.623797,0.094006,3.141566,-0.000026,0.000059
3.172542,-0.366276,-0.146195,-2.273749,-0.003626,-0.037625,0.005000,0.406431,-0.623716,0.093994,3.141557,-0.000035,0.000055
3.176539,-0.366283,-0.146181,-2.273748,-0.003626,-0.037625,0.005000,0.406460,-0.623632,0.093982,3.141549,-0.000043,0.000056
3.180540,-0.646290,-0.186166,-3.923748,-0.006626,-0.067625,0.008000,0.406483,-0.623553,0.093967,3.141538,-0.000054,0.000047
3.184540,-0.646300,-0.186145,-3.923747,-0.006626,-0.067626,0.008000,0.406509,-0.623472,0.093956,3.141525,-0.000067,0.000043
3.188541,-0.646304,-0.186136,-3.923747,-0.006626,-0.067626,0.008000,0.406536,-0.623387,0.093939,3.141518,-0.000074,0.000050
3.192539,-0.646312,-0.186120,-3.923747,-0.006627,-0.067626,0.008000,0.406559,-0.623307,0.093925,3.141508,-0.000084,0.000048
3.196539,-0.646323,-0.186097,-3.923746,-0.006627,-0.067626,0.008000,0.406585,-0.623226,0.093911,3.141493,-0.000099,0.000044
3.200539,-0.646328,-0.186086,-3.923746,-0.006627,-0.067626,0.008000,0.406614,-0.623143,0.093893,3.141485,-0.000106,0.000045
3.204538,-0.646333,-0.186075,-3.923745,-0.006627,-0.067626,0.008000,0.406636,-0.623063,0.093875,3.141478,-0.000113,0.000043
3.208539,-0.646337,-0.186066,-3.923745,-0.006627,-0.067626,0.008000,0.406666,-0.622980,0.093858,3.141472,-0.000119,0.000050
3.212539,-0.646339,-0.186062,-3.923745,-0.006627,-0.067626,0.008000,0.406691,-0.622898,0.093840,3.141470,-0.000122,0.000026
3.216546,-1.076339,-0.266061,-6.393745,-0.014627,-0.108626,0.014000,0.406706,-0.622806,0.093816,3.141469,-0.000122,0.000022
3.220541,-1.076339,-0.266063,-6.393745,-0.014627,-0.108626,0.014000,0.406747,-0.622713,0.093794,3.141470,-0.000122,0.000045
3.224539,-1.076334,-0.266073,-6.393745,-0.014627,-0.108626,0.014000,0.406771,-0.622630,0.093774,3.141477,-0.000115,0.000048
3.228541,-1.076329,-0.266083,-6.393746,-0.014627,-0.108626,0.014000,0.406797,-0.622548,0.093754,3.141484,-0.000108,0.000043
3.232541,-1.076325,-0.266093,-6.393746,-0.014627,-0.108626,0.014000,0.406820,-0.622464,0.093732,3.141490,-0.000102,0.000039
3.236543,-1.076320,-0.266102,-6.393746,-0.014627,-0.108626,0.014000,0.406846,-0.622378,0.093711,3.141496,-0.000096,0.000040
3.240540,-1.076316,-0.266111,-6.393746,-0.014627,-0.108626,0.014000,0.406869,-0.622294,0.093690,3.141502,-0.000090,0.000036
3.244540,-1.076320,-0.266103,-6.393746,-0.014627,-0.108626,0.014000,0.406897,-0.622211,0.093674,3.141497,-0.000095,0.000036
3.248540,-1.076316,-0.266111,-6.393746,-0.014627,-0.108626,0.014000,0.406919,-0.622126,0.093652,3.141502,-0.000090,0.000032
3.252540,-1.076318,-0.266106,-6.393746,-0.014627,-0.108626,0.014000,0.406946,-0.622041,0.093632,3.141499,-0.000093,0.000033
3.256539,-1.076328,-0.266084,-6.393746,-0.014627,-0.108626,0.014000,0.406973,-0.621961,0.093619,3.141484,-0.000107,0.000029
3.260539,-1.536330,-0.546079,-9.763746,-0.016627,-0.159626,0.023000,0.406997,-0.621878,0.093599,3.141481,-0.000111,0.000024
3.264542,-1.536338,-0.546064,-9.763745,-0.016627,-0.159626,0.023000,0.407025,-0.621794,0.093585,3.141471,-0.000121,0.000032
3.268540,-1.536342,-0.546054,-9.763745,-0.016627,-0.159626,0.023000,0.407049,-0.621711,0.093568,3.141464,-0.000127,0.000028
3.272544,-1.536350,-0.546037,-9.763745,-0.016628,-0.159626,0.023000,0.407076,-0.621627,0.093552,3.141453,-0.000139,0.000028
3.276540,-1.536352,-0.546033,-9.763744,-0.016628,-0.159626,0.023000,0.407099,-0.621543,0.093533,3.141450,-0.000141,0.000024
3.280539,-1.536353,-0.546030,-9.763744,-0.016628,-0.159626,0.023000,0.407123,-0.621460,0.093516,3.141449,-0.000143,0.000020
3.284540,-1.536355,-0.546026,-9.763744,-0.016628,-0.159626,0.023000,0.407148,-0.621374,0.093497,3.141446,-0.000146,0.000020
3.288513,-1.536356,-0.546023,-9.763744,-0.016628,-0.159626,0.023000,0.407172,-0.621291,0.093479,3.141444,-0.000148,0.000023
3.292540,-1.536354,-0.546028,-9.763744,-0.016628,-0.159626,0.023000,0.407198,-0.621205,0.093461,3.141447,-0.000145,0.000023
3.296541,-1.536361,-0.546015,-9.763744,-0.016628,-0.159626,0.023000,0.407223,-0.621123,0.093449,3.141438,-0.000153,0.000026
3.300540,-2.266361,-0.636013,-14.213744,-0.027628,-0.236626,0.034000,0.407250,-0.621039,0.093434,3.141438,-0.000154,0.000027
3.304542,-2.266362,-0.636012,-14.213744,-0.027628,-0.236626,0.034000,0.407274,-0.620956,0.093418,3.141437,-0.000155,0.000036
3.308537,-2.266359,-0.636018,-14.213744,-0.027628,-0.236626,0.034000,0.407301,-0.620872,0.093401,3.141441,-0.000151,0.000036
3.312541,-2.266359,-0.636018,-14.213744,-0.027628,-0.236626,0.034000,0.407324,-0.620788,0.093387,3.141441,-0.000151,0.000032
3.316546,-2.266358,-0.636019,-14.213744,-0.027628,-0.236626,0.034000,0.407348,-0.620705,0.093373,3.141442,-0.000150,0.000042
3.320540,-2.266352,-0.636032,-14.213744,-0.027628,-0.236626,0.034000,0.407373,-0.620618,0.093356,3.141450,-0.000142,0.000042
3.324540,-2.266349,-0.636039,-14.213744,-0.027628,-0.236626,0.034000,0.407395,-0.620534,0.093341,3.141455,-0.000137,0.000038
3.328540,-2.266343,-0.636051,-14.213745,-0.027627,-0.236626,0.034000,0.407420,-0.620447,0.093323,3.141463,-0.000129,0.000039
3.332540,-2.266343,-0.636051,-14.213745,-0.027627,-0.236626,0.034000,0.407420,-0.620447,0.093323,3.141463,-0.000129,0.000039
3.336542,-2.266343,-0.636051,-14.213745,-0.027627,-0.236626,0.034000,0.407446,-0.620361,0.093308,3.141463,-0.000129,0.000012
3.340541,-2.266348,-0.636041,-14.213744,-0.027628,-0.236626,0.034000,0.407505,-0.620170,0.093278,3.141456,-0.000136,0.000027
3.344545,-3.006351,-0.726034,-18.713744,-0.044628,-0.308626,0.044000,0.407531,-0.620085,0.093264,3.141451,-0.000141,0.000027
3.348540,-3.006360,-0.726016,-18.713744,-0.044628,-0.308626,0.044000,0.407562,-0.620000,0.093255,3.141439,-0.000153,0.000025
3.352540,-3.006362,-0.726011,-18.713744,-0.044628,-0.308626,0.044000,0.407588,-0.619915,0.093244,3.141436,-0.000156,0.000026
3.356539,-3.006363,-0.726009,-18.713744,-0.044628,-0.308626,0.044000,0.407613,-0.619828,0.093236,3.141435,-0.000157,0.000013
3.360539,-3.006361,-0.726013,-18.713744,-0.044628,-0.308626,0.044000,0.407641,-0.619740,0.093227,3.141438,-0.000154,0.000018
3.364540,-3.006357,-0.726021,-18.713744,-0.044628,-0.308626,0.044000,0.407665,-0.619653,0.093221,3.141443,-0.000149,0.000018
3.368539,-3.006351,-0.726035,-18.713744,-0.044628,-0.308626,0.044000,0.407687,-0.619565,0.093213,3.141452,-0.000140,0.000019
3.372538,-3.006343,-0.726051,-18.713745,-0.044627,-0.308626,0.044000,0.407712,-0.619474,0.093208,3.141463,-0.000130,0.000010
3.376538,-3.476340,-0.776059,-21.403745,-0.056627,-0.351626,0.050000,0.407736,-0.619387,0.093202,3.141468,-0.000125,0.000010
3.380541,-3.476335,-0.776068,-21.403746,-0.056627,-0.351626,0.050000,0.407761,-0.619300,0.093198,3.141474,-0.000118,0.000011
3.384539,-3.476334,-0.776071,-21.403746,-0.056627,-0.351626,0.050000,0.407790,-0.619213,0.093196,3.141476,-0.000116,0.000016
3.388540,-3.476330,-0.776078,-21.403746,-0.056627,-0.351626,0.050000,0.407815,-0.619127,0.093189,3.141481,-0.000112,0.000016
3.392541,-3.476330,-0.776079,-21.403746,-0.056627,-0.351626,0.050000,0.407844,-0.619040,0.093185,3.141482,-0.000111,0.000028
3.396540,-3.476330,-0.776079,-21.403746,-0.056627,-0.351626,0.050000,0.407869,-0.618954,0.093179,3.141481,-0.000111,0.000035
3.400544,-3.476330,-0.776079,-21.403746,-0.056627,-0.351626,0.050000,0.407894,-0.618869,0.093173,3.141481,-0.000111,0.000036
3.404542,-3.476324,-0.776091,-21.403746,-0.056627,-0.351626,0.050000,0.407921,-0.618779,0.093164,3.141490,-0.000103,0.000047
3.408541,-3.476324,-0.776091,-21.403746,-0.056627,-0.351626,0.050000,0.407946,-0.618694,0.093158,3.141489,-0.000103,0.000061
3.412538,-4.076318,-0.766105,-23.523746,-0.068627,-0.389626,0.055000,0.407968,-0.618605,0.093150,3.141498,-0.000094,0.000062
3.416545,-4.076317,-0.766107,-23.523746,-0.068627,-0.389626,0.055000,0.407993,-0.618519,0.093146,3.141500,-0.000093,0.000062
3.420539,-4.126316,-0.746109,-23.693746,-0.070627,-0.392626,0.056000,0.408021,-0.618431,0.093143,3.141501,-0.000092,0.000074
3.424540,-4.126317,-0.746106,-23.693746,-0.070627,-0.392626,0.056000,0.408046,-0.618345,0.093143,3.141499,-0.000093,0.000074
3.428539,-4.126315,-0.746111,-23.693746,-0.070627,-0.392626,0.056000,0.408071,-0.618259,0.093142,3.141502,-0.000090,0.000075
3.432539,-4.126314,-0.746113,-23.693746,-0.070627,-0.392626,0.056000,0.408096,-0.618173,0.093138,3.141504,-0.000089,0.000068
3.436542,-4.126314,-0.746113,-23.693746,-0.070627,-0.392626,0.056000,0.408096,-0.618173,0.093138,3.141504,-0.000089,0.000068
3.440540,-4.126309,-0.746123,-23.693746,-0.070627,-0.392626,0.056000,0.408149,-0.617999,0.093138,3.141511,-0.000082,0.000067
3.444544,-4.126309,-0.746123,-23.693746,-0.070627,-0.392626,0.056000,0.408180,-0.617892,0.093141,3.141510,-0.000083,0.000054
3.448540,-4.126307,-0.746127,-23.693746,-0.070627,-0.392626,0.056000,0.408201,-0.617825,0.093139,3.141513,-0.000080,0.000052
3.452541,-4.126302,-0.746139,-23.693747,-0.070626,-0.392626,0.056000,0.408225,-0.617738,0.093138,3.141521,-0.000072,0.000046
3.456541,-4.316299,-0.636144,-24.663748,-0.077626,-0.408626,0.056000,0.408253,-0.617651,0.093139,3.141525,-0.000068,0.000044
3.460540,-4.316297,-0.636149,-24.663748,-0.077626,-0.408625,0.056000,0.408281,-0.617563,0.093138,3.141528,-0.000065,0.000042
3.464540,-4.316296,-0.636150,-24.663748,-0.077626,-0.408625,0.056000,0.408306,-0.617478,0.093142,3.141528,-0.000064,0.000036
3.468540,-4.316296,-0.636151,-24.663748,-0.077626,-0.408625,0.056000,0.408335,-0.617391,0.093145,3.141529,-0.000064,0.000034
3.472542,-4.316293,-0.636157,-24.663748,-0.077626,-0.408625,0.056000,0.408360,-0.617305,0.093146,3.141533,-0.000060,0.000028
3.476539,-4.316305,-0.636130,-24.663748,-0.077626,-0.408626,0.056000,0.408391,-0.617221,0.093154,3.141516,-0.000077,-0.000001
3.480540,-4.316305,-0.636130,-24.663748,-0.077626,-0.408626,0.056000,0.408391,-0.617221,0.093154,3.141516,-0.000077,-0.000001
3.484540,-4.316278,-0.636189,-24.663749,-0.077626,-0.408625,0.056000,0.408406,-0.617120,0.093136,3.141554,-0.000038,-0.000002
3.488557,-4.316280,-0.636185,-24.663749,-0.077626,-0.408625,0.056000,0.408476,-0.616936,0.093163,3.141552,-0.000041,0.000023
3.492537,-4.316280,-0.636186,-24.663749,-0.077626,-0.408625,0.056000,0.408504,-0.616849,0.093167,3.141552,-0.000040,0.000021
3.496539,-4.316280,-0.636186,-24.663749,-0.077626,-0.408625,0.056000,0.408504,-0.616849,0.093167,3.141552,-0.000040,0.000021
3.500541,-4.526277,-0.636193,-24.943748,-0.075626,-0.422625,0.059000,0.408528,-0.616762,0.093169,3.141557,-0.000036,0.000022
3.504540,-4.526275,-0.636197,-24.943748,-0.075626,-0.422625,0.059000,0.408556,-0.616675,0.093175,3.141559,-0.000034,0.000040
3.508539,-4.526271,-0.636205,-24.943748,-0.075626,-0.422625,0.059000,0.408581,-0.616589,0.093178,3.141565,-0.000028,0.000048
3.512540,-4.526267,-0.636213,-24.943749,-0.075625,-0.422625,0.059000,0.408608,-0.616502,0.093182,3.141570,-0.000023,0.000052
3.516544,-4.526271,-0.636206,-24.943748,-0.075626,-0.422625,0.059000,0.408662,-0.616330,0.093196,3.141565,-0.000028,0.000071
3.520548,-4.526274,-0.636198,-24.943748,-0.075626,-0.422625,0.059000,0.408692,-0.616244,0.093208,3.141560,-0.000033,0.000083
3.524512,-4.526269,-0.636209,-24.943748,-0.075626,-0.422625,0.059000,0.408716,-0.616158,0.093214,3.141567,-0.000025,0.000083
3.528541,-4.526267,-0.636214,-24.943749,-0.075625,-0.422625,0.059000,0.408742,-0.616073,0.093222,3.141571,-0.000022,0.000091
3.532548,-4.526267,-0.636214,-24.943749,-0.075625,-0.422625,0.059000,0.408768,-0.615989,0.093233,3.141571,-0.000022,0.000098
3.536539,-4.526267,-0.636214,-24.943749,-0.075625,-0.422625,0.059000,0.408768,-0.615989,0.093233,3.141571,-0.000022,0.000098
3.540544,-4.186264,-0.796219,-24.433748,-0.064625,-0.407625,0.056000,0.408794,-0.615904,0.093241,3.141574,-0.000019,0.000098
3.544541,-4.186259,-0.796231,-24.433749,-0.064625,-0.407625,0.056000,0.408845,-0.615738,0.093260,3.141582,-0.000011,0.000101
3.548548,-4.186259,-0.796231,-24.433749,-0.064625,-0.407625,0.056000,0.408845,-0.615738,0.093260,3.141582,-0.000011,0.000101
3.552546,-4.186254,-0.796241,-24.433749,-0.064625,-0.407625,0.056000,0.408897,-0.615573,0.093284,3.141588,-0.000005,0.000091
3.556540,-4.186254,-0.796241,-24.433749,-0.064625,-0.407625,0.056000,0.408897,-0.615573,0.093284,3.141588,-0.000005,0.000091
3.560545,-4.186252,-0.796247,-24.433749,-0.064625,-0.407625,0.056000,0.408923,-0.615489,0.093293,3.141592,-0.000000,0.000091
3.564540,-4.186245,-0.796261,-24.433750,-0.064625,-0.407625,0.056000,0.408947,-0.615407,0.093302,-3.141584,0.000009,0.000081
3.568540,-4.186247,-0.796256,-24.433749,-0.064625,-0.407625,0.056000,0.408972,-0.615326,0.093317,-3.141587,0.000006,0.000070
3.572547,-4.186244,-0.796264,-24.433750,-0.064625,-0.407625,0.056000,0.408999,-0.615243,0.093328,-3.141582,0.000011,0.000064
3.576545,-3.896243,-0.656265,-23.143751,-0.065625,-0.384625,0.051000,0.409023,-0.615162,0.093341,-3.141581,0.000012,0.000060
3.580578,-3.896223,-0.656308,-23.143752,-0.065624,-0.384625,0.051000,0.409040,-0.615068,0.093331,-3.141553,0.000040,0.000026
3.584540,-3.896235,-0.656282,-23.143751,-0.065625,-0.384625,0.051000,0.409069,-0.614986,0.093365,-3.141570,0.000023,0.000020
3.588543,-3.896236,-0.656281,-23.143751,-0.065625,-0.384625,0.051000,0.409103,-0.614915,0.093374,-3.141571,0.000022,0.000036
3.592540,-3.896232,-0.656289,-23.143751,-0.065625,-0.384625,0.051000,0.409131,-0.614832,0.093385,-3.141565,0.000027,0.000010
3.596542,-3.896231,-0.656292,-23.143751,-0.065624,-0.384625,0.051000,0.409145,-0.614741,0.093400,-3.141564,0.000029,-0.000001
3.600540,-3.896231,-0.656292,-23.143751,-0.065624,-0.384625,0.051000,0.409173,-0.614658,0.093412,-3.141563,0.000030,-0.000014
3.604544,-3.896227,-0.656301,-23.143752,-0.065624,-0.384625,0.051000,0.409213,-0.614565,0.093424,-3.141558,0.000036,0.000016
3.608541,-3.896223,-0.656309,-23.143752,-0.065624,-0.384625,0.051000,0.409240,-0.614482,0.093435,-3.141552,0.000041,0.000023
3.612540,-3.896223,-0.656310,-23.143752,-0.065624,-0.384625,0.051000,0.409267,-0.614398,0.093447,-3.141552,0.000042,0.000030
3.616540,-3.436222,-0.386312,-20.743752,-0.069624,-0.340625,0.045000,0.409291,-0.614316,0.093460,-3.141551,0.000043,0.000033
3.620545,-3.436220,-0.386315,-20.743752,-0.069624,-0.340625,0.045000,0.409318,-0.614233,0.093474,-3.141549,0.000045,0.000047
3.624540,-3.436222,-0.386310,-20.743752,-0.069624,-0.340625,0.045000,0.409343,-0.614153,0.093489,-3.141551,0.000042,0.000056
3.628542,-3.436220,-0.386317,-20.743752,-0.069624,-0.340625,0.045000,0.409370,-0.614069,0.093499,-3.141547,0.000046,0.000070
3.632540,-3.436221,-0.386314,-20.743752,-0.069624,-0.340625,0.045000,0.409396,-0.613989,0.093515,-3.141549,0.000044,0.000079
3.636539,-3.436221,-0.386314,-20.743752,-0.069624,-0.340625,0.045000,0.409423,-0.613907,0.093527,-3.141549,0.000044,0.000086
3.640540,-3.436223,-0.386310,-20.743752,-0.069624,-0.340625,0.045000,0.409448,-0.613826,0.093542,-3.141552,0.000041,0.000096
3.644540,-3.436222,-0.386311,-20.743752,-0.069624,-0.340625,0.045000,0.409473,-0.613745,0.093553,-3.141551,0.000042,0.000092
3.648540,-3.436219,-0.386319,-20.743752,-0.069624,-0.340625,0.045000,0.409499,-0.613661,0.093565,-3.141546,0.000047,0.000099
3.652541,-3.436218,-0.386320,-20.743752,-0.069624,-0.340625,0.045000,0.409524,-0.613580,0.093577,-3.141545,0.000048,0.000102
3.656541,-3.036221,-0.276316,-17.953751,-0.062624,-0.295625,0.038000,0.409549,-0.613500,0.093592,-3.141548,0.000045,0.000098
3.660540,-3.036218,-0.276322,-17.953752,-0.062624,-0.295625,0.038000,0.409572,-0.613418,0.093601,-3.141544,0.000049,0.000093
3.664539,-3.036216,-0.276325,-17.953752,-0.062624,-0.295625,0.038000,0.409597,-0.613337,0.093615,-3.141542,0.000051,0.000089
3.668545,-3.036214,-0.276331,-17.953752,-0.062624,-0.295625,0.038000,0.409623,-0.613253,0.093625,-3.141538,0.000055,0.000090
3.672540,-3.036213,-0.276333,-17.953752,-0.062624,-0.295625,0.038000,0.409649,-0.613173,0.093638,-3.141537,0.000057,0.000086
3.676540,-3.036213,-0.276334,-17.953752,-0.062624,-0.295625,0.038000,0.409673,-0.613092,0.093649,-3.141537,0.000057,0.000075
3.680540,-3.036212,-0.276335,-17.953752,-0.062624,-0.295625,0.038000,0.409699,-0.613012,0.093662,-3.141535,0.000058,0.000064
3.684542,-3.036211,-0.276337,-17.953752,-0.062624,-0.295625,0.038000,0.409727,-0.612930,0.093675,-3.141534,0.000059,0.000058
3.688540,-3.036211,-0.276338,-17.953752,-0.062624,-0.295625,0.038000,0.409752,-0.612849,0.093687,-3.141534,0.000060,0.000047
3.692540,-3.036210,-0.276338,-17.953752,-0.062624,-0.295625,0.038000,0.409776,-0.612769,0.093699,-3.141533,0.000060,0.000036
3.696543,-2.626209,-0.196341,-15.073752,-0.055624,-0.252625,0.031000,0.409803,-0.612686,0.093713,-3.141532,0.000062,0.000030
3.700540,-2.626209,-0.196342,-15.073752,-0.055624,-0.252625,0.031000,0.409828,-0.612605,0.093724,-3.141531,0.000062,0.000019
3.704543,-2.626200,-0.196360,-15.073752,-0.055624,-0.252624,0.031000,0.409850,-0.612522,0.093730,-3.141519,0.000075,0.000008
3.708541,-2.626198,-0.196366,-15.073753,-0.055624,-0.252624,0.031000,0.409878,-0.612439,0.093738,-3.141516,0.000078,0.000009
3.712540,-2.626197,-0.196369,-15.073753,-0.055624,-0.252624,0.031000,0.409902,-0.612358,0.093744,-3.141514,0.000080,0.000005
3.716541,-2.626194,-0.196375,-15.073753,-0.055623,-0.252624,0.031000,0.409928,-0.612275,0.093745,-3.141510,0.000084,0.000005
3.720540,-2.626196,-0.196371,-15.073753,-0.055624,-0.252624,0.031000,0.409953,-0.612194,0.093751,-3.141512,0.000082,0.000001
3.724541,-2.626198,-0.196365,-15.073753,-0.055624,-0.252624,0.031000,0.409982,-0.612113,0.093756,-3.141516,0.000078,0.000008
3.728542,-2.626208,-0.196344,-15.073752,-0.055624,-0.252625,0.031000,0.410008,-0.612034,0.093761,-3.141530,0.000064,-0.000009
3.732541,-2.626184,-0.196397,-15.073753,-0.055623,-0.252624,0.031000,0.410021,-0.611942,0.093745,-3.141495,0.000099,-0.000006
3.736539,-2.256200,-0.236361,-13.463753,-0.044624,-0.223624,0.027000,0.410064,-0.611852,0.093769,-3.141519,0.000075,0.000030
3.740542,-1.996197,-0.286368,-12.253753,-0.036624,-0.201624,0.024000,0.410090,-0.611768,0.093770,-3.141514,0.000080,0.000037
3.744541,-1.996197,-0.286367,-12.253753,-0.036624,-0.201624,0.024000,0.410117,-0.611685,0.093771,-3.141515,0.000079,0.000044
3.748540,-1.996200,-0.286361,-12.253753,-0.036624,-0.201624,0.024000,0.410143,-0.611602,0.093776,-3.141519,0.000075,0.000052
3.752542,-1.996198,-0.286366,-12.253753,-0.036624,-0.201624,0.024000,0.410168,-0.611517,0.093775,-3.141515,0.000079,0.000059
3.756541,-1.996199,-0.286364,-12.253753,-0.036624,-0.201624,0.024000,0.410194,-0.611433,0.093776,-3.141517,0.000077,0.000066
3.760542,-1.996199,-0.286363,-12.253753,-0.036624,-0.201624,0.024000,0.410221,-0.611350,0.093777,-3.141518,0.000077,0.000066
3.764541,-1.996206,-0.286348,-12.253752,-0.036624,-0.201625,0.024000,0.410245,-0.611269,0.093780,-3.141528,0.000066,0.000062
3.768540,-1.996207,-0.286347,-12.253752,-0.036624,-0.201625,0.024000,0.410272,-0.611186,0.093782,-3.141528,0.000066,0.000063
3.772541,-1.996218,-0.286321,-12.253752,-0.036624,-0.201625,0.024000,0.410300,-0.611105,0.093790,-3.141545,0.000049,0.000063
3.776515,-1.596225,-0.386307,-10.333751,-0.024624,-0.168625,0.021000,0.410326,-0.611025,0.093794,-3.141554,0.000039,0.000052
3.780540,-1.596231,-0.386293,-10.333751,-0.024624,-0.168625,0.021000,0.410357,-0.610942,0.093799,-3.141563,0.000030,0.000051
3.784541,-1.596235,-0.386285,-10.333751,-0.024625,-0.168625,0.021000,0.410381,-0.610861,0.093801,-3.141568,0.000025,0.000047
3.788539,-1.596241,-0.386271,-10.333750,-0.024625,-0.168625,0.021000,0.410409,-0.610779,0.093805,-3.141578,0.000015,0.000040
3.792540,-1.596244,-0.386264,-10.333750,-0.024625,-0.168625,0.021000,0.410435,-0.610695,0.093809,-3.141582,0.000011,0.000034
3.796541,-1.596245,-0.386263,-10.333750,-0.024625,-0.168625,0.021000,0.410461,-0.610612,0.093810,-3.141583,0.000010,0.000028
3.800542,-1.596251,-0.386250,-10.333750,-0.024625,-0.168625,0.021000,0.410488,-0.610529,0.093816,-3.141591,0.000002,0.000028
3.804541,-1.596245,-0.386262,-10.333750,-0.024625,-0.168625,0.021000,0.410510,-0.610446,0.093815,-3.141583,0.000010,0.000011
3.808507,-1.596251,-0.386249,-10.333750,-0.024625,-0.168625,0.021000,0.410537,-0.610363,0.093820,-3.141592,0.000001,0.000004
3.812507,-1.596245,-0.386263,-10.333750,-0.024625,-0.168625,0.021000,0.410562,-0.610279,0.093820,-3.141583,0.000010,-0.000002
3.816537,-1.596244,-0.386264,-10.333750,-0.024625,-0.168625,0.021000,0.410588,-0.610195,0.093825,-3.141582,0.000011,-0.000008
3.820540,-1.376243,-0.296267,-9.293750,-0.021625,-0.150625,0.017000,0.410612,-0.610114,0.093830,-3.141580,0.000013,-0.000019
3.824540,-1.376239,-0.296276,-9.293751,-0.021625,-0.150625,0.017000,0.410640,-0.610029,0.093834,-3.141574,0.000019,-0.000014
3.828545,-1.376241,-0.296272,-9.293750,-0.021625,-0.150625,0.017000,0.410667,-0.609946,0.093840,-3.141577,0.000016,-0.000020
3.832542,-1.376237,-0.296279,-9.293751,-0.021625,-0.150625,0.017000,0.410692,-0.609861,0.093842,-3.141572,0.000021,-0.000013
3.836539,-1.376235,-0.296285,-9.293751,-0.021625,-0.150625,0.017000,0.410716,-0.609776,0.093843,-3.141568,0.000025,-0.000006
3.840541,-1.376232,-0.296291,-9.293751,-0.021624,-0.150625,0.017000,0.410748,-0.609667,0.093844,-3.141565,0.000029,0.000012
3.844504,-1.376229,-0.296297,-9.293751,-0.021624,-0.150625,0.017000,0.410768,-0.609600,0.093844,-3.141561,0.000033,0.000017
3.848546,-1.376223,-0.296312,-9.293752,-0.021624,-0.150625,0.017000,0.410799,-0.609489,0.093838,-3.141551,0.000043,0.000029
3.852508,-1.376221,-0.296317,-9.293752,-0.021624,-0.150625,0.017000,0.410805,-0.609414,0.093837,-3.141548,0.000046,0.000009
3.856505,-1.236223,-0.256311,-7.923752,-0.020624,-0.130625,0.014000,0.410847,-0.609315,0.093835,-3.141551,0.000042,0.000048
3.860540,-1.236227,-0.256303,-7.923751,-0.020624,-0.130625,0.014000,0.410875,-0.609228,0.093836,-3.141557,0.000037,0.000053
3.864542,-1.236228,-0.256299,-7.923751,-0.020624,-0.130625,0.014000,0.410902,-0.609141,0.093835,-3.141559,0.000034,0.000058
3.868540,-1.236233,-0.256288,-7.923751,-0.020625,-0.130625,0.014000,0.410926,-0.609056,0.093834,-3.141566,0.000027,0.000058
3.872541,-1.236238,-0.256277,-7.923751,-0.020625,-0.130625,0.014000,0.410954,-0.608970,0.093834,-3.141574,0.000020,0.000063
3.876541,-1.236243,-0.256266,-7.923750,-0.020625,-0.130625,0.014000,0.410981,-0.608883,0.093833,-3.141581,0.000012,0.000068
3.880540,-1.236251,-0.256248,-7.923750,-0.020625,-0.130625,0.014000,0.411009,-0.608797,0.093833,-3.141593,0.000000,0.000066
3.884540,-1.236251,-0.256248,-7.923750,-0.020625,-0.130625,0.014000,0.411009,-0.608797,0.093833,-3.141593,0.000000,0.000066
3.888542,-1.236256,-0.256236,-7.923750,-0.020625,-0.130625,0.014000,0.411059,-0.608625,0.093826,3.141585,-0.000007,0.000065
3.892541,-1.236259,-0.256231,-7.923749,-0.020625,-0.130625,0.014000,0.411085,-0.608537,0.093823,3.141582,-0.000011,0.000063
3.896542,-1.106261,-0.266228,-6.903749,-0.016625,-0.113625,0.013000,0.411109,-0.608452,0.093822,3.141580,-0.000013,0.000057
3.900540,-1.106263,-0.266222,-6.903749,-0.016625,-0.113625,0.013000,0.411135,-0.608364,0.093819,3.141576,-0.000017,0.000049
3.904543,-1.106266,-0.266216,-6.903749,-0.016625,-0.113625,0.013000,0.411162,-0.608277,0.093815,3.141572,-0.000021,0.000047
3.908540,-1.106267,-0.266213,-6.903749,-0.016625,-0.113625,0.013000,0.411189,-0.608190,0.093814,3.141570,-0.000023,0.000038
3.912540,-1.106269,-0.266209,-6.903749,-0.016626,-0.113625,0.013000,0.411216,-0.608103,0.093812,3.141568,-0.000026,0.000030
3.916540,-1.106271,-0.266205,-6.903749,-0.016626,-0.113625,0.013000,0.411240,-0.608018,0.093811,3.141565,-0.000028,0.000017
3.920540,-1.106270,-0.266206,-6.903749,-0.016626,-0.113625,0.013000,0.411266,-0.607931,0.093806,3.141566,-0.000028,0.000015
3.924538,-1.106270,-0.266207,-6.903749,-0.016626,-0.113625,0.013000,0.411293,-0.607843,0.093802,3.141567,-0.000027,0.000013
3.928540,-1.106271,-0.266205,-6.903749,-0.016626,-0.113625,0.013000,0.411320,-0.607757,0.093802,3.141565,-0.000028,0.000018
3.932540,-1.106270,-0.266206,-6.903749,-0.016626,-0.113625,0.013000,0.411344,-0.607672,0.093797,3.141566,-0.000028,-0.000015
3.936546,-1.126264,-0.276219,-6.683749,-0.015625,-0.111625,0.012000,0.411369,-0.607584,0.093789,3.141574,-0.000019,-0.000010
3.940545,-1.126264,-0.276219,-6.683749,-0.015625,-0.111625,0.012000,0.411369,-0.607584,0.093789,3.141574,-0.000019,-0.000010
3.944541,-1.176264,-0.276220,-6.603749,-0.015625,-0.113625,0.013000,0.411388,-0.607485,0.093785,3.141575,-0.000018,-0.000001
3.948540,-1.176263,-0.276222,-6.603749,-0.015625,-0.113625,0.013000,0.411431,-0.607386,0.093780,3.141576,-0.000017,0.000031
3.952540,-1.176260,-0.276228,-6.603749,-0.015625,-0.113625,0.013000,0.411457,-0.607299,0.093772,3.141580,-0.000013,0.000036
3.956545,-1.176259,-0.276230,-6.603750,-0.015625,-0.113625,0.013000,0.411510,-0.607125,0.093755,3.141581,-0.000012,0.000046
3.960546,-1.176259,-0.276230,-6.603750,-0.015625,-0.113625,0.013000,0.411510,-0.607125,0.093755,3.141581,-0.000012,0.000046
3.964542,-1.176269,-0.276209,-6.603749,-0.015626,-0.113625,0.013000,0.411565,-0.606953,0.093738,3.141568,-0.000025,0.000056
3.968543,-1.176269,-0.276209,-6.603749,-0.015626,-0.113625,0.013000,0.411565,-0.606953,0.093738,3.141568,-0.000025,0.000056
3.972542,-1.176279,-0.276185,-6.603748,-0.015626,-0.113625,0.013000,0.411594,-0.606868,0.093732,3.141552,-0.000041,0.000061
3.976519,-1.216296,-0.266147,-6.873747,-0.016626,-0.118625,0.013000,0.411652,-0.606699,0.093712,3.141528,-0.000067,0.000071
3.980541,-1.216296,-0.266147,-6.873747,-0.016626,-0.118625,0.013000,0.411652,-0.606699,0.093712,3.141528,-0.000067,0.000071
3.984542,-1.216302,-0.266134,-6.873747,-0.016626,-0.118626,0.013000,0.411677,-0.606615,0.093701,3.141519,-0.000076,0.000071
3.988545,-1.216314,-0.266106,-6.873746,-0.016627,-0.118626,0.013000,0.411732,-0.606443,0.093676,3.141501,-0.000094,0.000075
3.992543,-1.216320,-0.266093,-6.873746,-0.016627,-0.118626,0.013000,0.411760,-0.606357,0.093665,3.141493,-0.000103,0.000073
3.996542,-1.216320,-0.266093,-6.873746,-0.016627,-0.118626,0.013000,0.411760,-0.606357,0.093665,3.141493,-0.000103,0.000073
4.000541,-1.216322,-0.266088,-6.873746,-0.016627,-0.118626,0.013000,0.411813,-0.606184,0.093639,3.141490,-0.000107,0.000069
4.004541,-1.216316,-0.266101,-6.873746,-0.016627,-0.118626,0.013000,0.411839,-0.606096,0.093622,3.141498,-0.000098,0.000067
4.008549,-1.216316,-0.266101,-6.873746,-0.016627,-0.118626,0.013000,0.411839,-0.606096,0.093622,3.141498,-0.000098,0.000067
4.012540,-1.216313,-0.266110,-6.873746,-0.016627,-0.118626,0.013000,0.411864,-0.606008,0.093609,3.141504,-0.000092,0.000059
4.016540,-1.346306,-0.436125,-8.073747,-0.012627,-0.137626,0.018000,0.411920,-0.605833,0.093580,3.141514,-0.000081,0.000060
4.020541,-1.346306,-0.436125,-8.073747,-0.012627,-0.137626,0.018000,0.411920,-0.605833,0.093580,3.141514,-0.000081,0.000060
4.024541,-1.346302,-0.436134,-8.073747,-0.012626,-0.137626,0.018000,0.411946,-0.605745,0.093567,3.141519,-0.000076,0.000051
4.028542,-1.346298,-0.436144,-8.073747,-0.012626,-0.137625,0.018000,0.411972,-0.605659,0.093555,3.141526,-0.000069,0.000050
4.032540,-1.346293,-0.436154,-8.073748,-0.012626,-0.137625,0.018000,0.411999,-0.605572,0.093543,3.141532,-0.000063,0.000048
4.036542,-1.346289,-0.436162,-8.073748,-0.012626,-0.137625,0.018000,0.412022,-0.605486,0.093529,3.141537,-0.000057,0.000048
4.040539,-1.346288,-0.436165,-8.073748,-0.012626,-0.137625,0.018000,0.412046,-0.605402,0.093517,3.141539,-0.000055,0.000042
4.044503,-1.346288,-0.436166,-8.073748,-0.012626,-0.137625,0.018000,0.412078,-0.605298,0.093506,3.141540,-0.000054,0.000042
4.048542,-1.346289,-0.436164,-8.073748,-0.012626,-0.137625,0.018000,0.412099,-0.605233,0.093497,3.141539,-0.000056,0.000047
4.052539,-1.346291,-0.436158,-8.073748,-0.012626,-0.137625,0.018000,0.412128,-0.605131,0.093485,3.141535,-0.000059,0.000043
4.056551,-1.746292,-0.476155,-10.743748,-0.023626,-0.179625,0.024000,0.412148,-0.605069,0.093475,3.141533,-0.000062,0.000050
4.060540,-1.746300,-0.476137,-10.743747,-0.023626,-0.179626,0.024000,0.412174,-0.604987,0.093467,3.141522,-0.000073,0.000051
4.064512,-1.746311,-0.476114,-10.743747,-0.023627,-0.179626,0.024000,0.412202,-0.604906,0.093461,3.141507,-0.000089,0.000051
4.068540,-1.746318,-0.476096,-10.743746,-0.023627,-0.179626,0.024000,0.412229,-0.604824,0.093453,3.141495,-0.000101,0.000052
4.072540,-1.746327,-0.476077,-10.743746,-0.023627,-0.179626,0.024000,0.412256,-0.604742,0.093444,3.141483,-0.000114,0.000059
4.076542,-1.746334,-0.476060,-10.743745,-0.023627,-0.179626,0.024000,0.412280,-0.604662,0.093436,3.141472,-0.000125,0.000055
4.080541,-1.746353,-0.476016,-10.743744,-0.023628,-0.179626,0.024000,0.412307,-0.604581,0.093426,3.141444,-0.000154,0.000028
4.084540,-1.746338,-0.476050,-10.743745,-0.023627,-0.179626,0.024000,0.412335,-0.604473,0.093407,3.141466,-0.000132,0.000063
4.088540,-1.746341,-0.476045,-10.743745,-0.023628,-0.179626,0.024000,0.412361,-0.604391,0.093395,3.141462,-0.000135,0.000063
4.092541,-1.746338,-0.476051,-10.743745,-0.023627,-0.179626,0.024000,0.412384,-0.604305,0.093379,3.141466,-0.000131,0.000064
4.096541,-1.746338,-0.476050,-10.743745,-0.023627,-0.179626,0.024000,0.412410,-0.604222,0.093364,3.141466,-0.000132,0.000057
4.100540,-2.306335,-0.426058,-13.803745,-0.042627,-0.229626,0.032000,0.412433,-0.604137,0.093349,3.141471,-0.000127,0.000058
4.104541,-2.306337,-0.426053,-13.803745,-0.042627,-0.229626,0.032000,0.412460,-0.604055,0.093339,3.141468,-0.000130,0.000058
4.108544,-2.306333,-0.426061,-13.803745,-0.042627,-0.229626,0.032000,0.412486,-0.603973,0.093324,3.141473,-0.000124,0.000059
4.112540,-2.306329,-0.426072,-13.803745,-0.042627,-0.229626,0.032000,0.412511,-0.603890,0.093313,3.141480,-0.000117,0.000059
4.116540,-2.306327,-0.426075,-13.803745,-0.042627,-0.229626,0.032000,0.412537,-0.603807,0.093302,3.141482,-0.000115,0.000066
4.120542,-2.306325,-0.426080,-13.803746,-0.042627,-0.229626,0.032000,0.412563,-0.603725,0.093293,3.141485,-0.000112,0.000067
4.124546,-2.306321,-0.426089,-13.803746,-0.042627,-0.229626,0.032000,0.412588,-0.603641,0.093280,3.141491,-0.000106,0.000060
4.128541,-2.306317,-0.426098,-13.803746,-0.042627,-0.229626,0.032000,0.412612,-0.603557,0.093267,3.141497,-0.000100,0.000061
4.132540,-2.306308,-0.426118,-13.803747,-0.042627,-0.229626,0.032000,0.412635,-0.603472,0.093248,3.141509,-0.000087,0.000048
4.136547,-2.846304,-0.616129,-16.503747,-0.048626,-0.272626,0.039000,0.412657,-0.603390,0.093238,3.141517,-0.000079,0.000044
4.140540,-2.846304,-0.616128,-16.503747,-0.048626,-0.272626,0.039000,0.412682,-0.603306,0.093231,3.141516,-0.000080,0.000044
4.144540,-2.846296,-0.616147,-16.503747,-0.048626,-0.272625,0.039000,0.412706,-0.603222,0.093220,3.141528,-0.000067,0.000045
4.148544,-2.846298,-0.616142,-16.503747,-0.048626,-0.272626,0.039000,0.412730,-0.603143,0.093217,3.141525,-0.000071,0.000047
4.152540,-2.846295,-0.616149,-16.503747,-0.048626,-0.272625,0.039000,0.412755,-0.603060,0.093211,3.141530,-0.000066,0.000048
4.156540,-2.846297,-0.616144,-16.503747,-0.048626,-0.272625,0.039000,0.412780,-0.602980,0.093208,3.141526,-0.000069,0.000044
4.160540,-2.846296,-0.616146,-16.503747,-0.048626,-0.272625,0.039000,0.412807,-0.602899,0.093204,3.141528,-0.000068,0.000044
4.164542,-2.846303,-0.616130,-16.503747,-0.048626,-0.272626,0.039000,0.412833,-0.602821,0.093206,3.141518,-0.000078,0.000040
4.168541,-2.846299,-0.616138,-16.503747,-0.048626,-0.272626,0.039000,0.412858,-0.602738,0.093200,3.141523,-0.000073,0.000047
4.172549,-2.846302,-0.616133,-16.503747,-0.048626,-0.272626,0.039000,0.412885,-0.602657,0.093197,3.141519,-0.000076,0.000054
4.176515,-2.846304,-0.616129,-16.503747,-0.048626,-0.272626,0.039000,0.412908,-0.602576,0.093195,3.141517,-0.000079,0.000050
4.180543,-3.336300,-0.816135,-19.733747,-0.049626,-0.323626,0.047000,0.412933,-0.602492,0.093188,3.141521,-0.000075,0.000051
4.184540,-3.336300,-0.816137,-19.733747,-0.049626,-0.323626,0.047000,0.412957,-0.602409,0.093184,3.141522,-0.000074,0.000044
4.188540,-3.336302,-0.816133,-19.733747,-0.049626,-0.323626,0.047000,0.412980,-0.602328,0.093181,3.141519,-0.000077,0.000040
4.192541,-3.336298,-0.816141,-19.733747,-0.049626,-0.323626,0.047000,0.412995,-0.602235,0.093176,3.141524,-0.000071,0.000014
4.196540,-3.336302,-0.816132,-19.733747,-0.049626,-0.323626,0.047000,0.413032,-0.602163,0.093177,3.141518,-0.000078,0.000014
4.200542,-3.336301,-0.816134,-19.733747,-0.049626,-0.323626,0.047000,0.413064,-0.602060,0.093174,3.141520,-0.000076,0.000035
4.204540,-3.336299,-0.816139,-19.733747,-0.049626,-0.323626,0.047000,0.413086,-0.601979,0.093174,3.141523,-0.000073,0.000031
4.208541,-3.336302,-0.816131,-19.733747,-0.049626,-0.323626,0.047000,0.413113,-0.601898,0.093176,3.141518,-0.000078,0.000032
4.212542,-3.336300,-0.816137,-19.733747,-0.049626,-0.323626,0.047000,0.413136,-0.601817,0.093176,3.141522,-0.000074,0.000021
4.216540,-3.336295,-0.816149,-19.733748,-0.049626,-0.323625,0.047000,0.413161,-0.601734,0.093174,3.141529,-0.000066,0.000021
4.220543,-3.756290,-0.686160,-21.373747,-0.060626,-0.359625,0.051000,0.413185,-0.601650,0.093172,3.141537,-0.000059,0.000028
4.224541,-3.756288,-0.686163,-21.373747,-0.060626,-0.359625,0.051000,0.413207,-0.601569,0.093170,3.141538,-0.000057,0.000024
4.228545,-3.756284,-0.686172,-21.373748,-0.060626,-0.359625,0.051000,0.413231,-0.601485,0.093165,3.141544,-0.000051,0.000018
4.232540,-3.756283,-0.686175,-21.373748,-0.060626,-0.359625,0.051000,0.413257,-0.601402,0.093162,3.141546,-0.000049,0.000018
4.236539,-3.756279,-0.686185,-21.373748,-0.060626,-0.359625,0.051000,0.413281,-0.601319,0.093159,3.141553,-0.000042,0.000019
4.240541,-3.756276,-0.686190,-21.373748,-0.060626,-0.359625,0.051000,0.413306,-0.601236,0.093159,3.141556,-0.000038,0.000013
4.244540,-3.756272,-0.686201,-21.373748,-0.060626,-0.359625,0.051000,0.413331,-0.601153,0.093155,3.141563,-0.000031,0.000013
4.248540,-3.756270,-0.686205,-21.373749,-0.060626,-0.359625,0.051000,0.413357,-0.601071,0.093154,3.141566,-0.000028,0.000020
4.252541,-3.756270,-0.686205,-21.373749,-0.060626,-0.359625,0.051000,0.413383,-0.600989,0.093156,3.141565,-0.000029,0.000027
4.256545,-3.756268,-0.686209,-21.373749,-0.060626,-0.359625,0.051000,0.413412,-0.600905,0.093155,3.141568,-0.000026,0.000032
4.260551,-3.706268,-0.736209,-21.963749,-0.060626,-0.365625,0.052000,0.413438,-0.600823,0.093157,3.141568,-0.000026,0.000040
4.264540,-3.706264,-0.736219,-21.963749,-0.060625,-0.365625,0.052000,0.413460,-0.600742,0.093154,3.141575,-0.000019,0.000035
4.268540,-3.706265,-0.736217,-21.963749,-0.060625,-0.365625,0.052000,0.413486,-0.600660,0.093153,3.141573,-0.000021,0.000043
4.272542,-3.706263,-0.736222,-21.963749,-0.060625,-0.365625,0.052000,0.413509,-0.600579,0.093153,3.141576,-0.000017,0.000039
4.276540,-3.706258,-0.736232,-21.963749,-0.060625,-0.365625,0.052000,0.413533,-0.600496,0.093150,3.141583,-0.000010,0.000039
4.280540,-3.706259,-0.736232,-21.963749,-0.060625,-0.365625,0.052000,0.413559,-0.600414,0.093152,3.141583,-0.000011,0.000039
4.284540,-3.706261,-0.736225,-21.963749,-0.060625,-0.365625,0.052000,0.413585,-0.600332,0.093156,3.141578,-0.000015,0.000040
4.288540,-3.706257,-0.736236,-21.963750,-0.060625,-0.365625,0.052000,0.413609,-0.600248,0.093152,3.141585,-0.000008,0.000040
4.292540,-3.706254,-0.736242,-21.963750,-0.060625,-0.365625,0.052000,0.413635,-0.600166,0.093154,3.141589,-0.000003,0.000034
4.296540,-3.706254,-0.736243,-21.963750,-0.060625,-0.365625,0.052000,0.413660,-0.600083,0.093157,3.141590,-0.000003,0.000028
4.300541,-3.736256,-0.746238,-22.133750,-0.063625,-0.365625,0.054000,0.413686,-0.600002,0.093162,3.141586,-0.000007,0.000021
4.304541,-3.736261,-0.746227,-22.133749,-0.063625,-0.365625,0.054000,0.413714,-0.599921,0.093170,3.141579,-0.000014,0.000015
4.308540,-3.736260,-0.746229,-22.133749,-0.063625,-0.365625,0.054000,0.413739,-0.599839,0.093174,3.141581,-0.000013,-0.000025
4.312541,-3.736261,-0.746226,-22.133749,-0.063625,-0.365625,0.054000,0.413771,-0.599736,0.093183,3.141579,-0.000015,0.000003
4.316540,-3.736262,-0.746223,-22.133749,-0.063625,-0.365625,0.054000,0.413797,-0.599655,0.093191,3.141577,-0.000017,-0.000004
4.320542,-3.736256,-0.746238,-22.133750,-0.063625,-0.365625,0.054000,0.413821,-0.599571,0.093192,3.141587,-0.000006,-0.000003
4.324540,-3.736253,-0.746243,-22.133750,-0.063625,-0.365625,0.054000,0.413848,-0.599486,0.093201,3.141590,-0.000003,0.000002
4.328542,-3.736253,-0.746243,-22.133750,-0.063625,-0.365625,0.054000,0.413873,-0.599403,0.093211,3.141590,-0.000003,0.000002
4.332542,-3.736249,-0.746253,-22.133750,-0.063625,-0.365625,0.054000,0.413898,-0.599320,0.093216,-3.141589,0.000004,0.000003
4.336544,-3.736246,-0.526260,-21.983751,-0.077625,-0.359625,0.052000,0.413923,-0.599234,0.093225,-3.141585,0.000008,0.000014
4.340543,-3.736242,-0.526269,-21.983751,-0.077625,-0.359625,0.052000,0.413948,-0.599146,0.093230,-3.141579,0.000015,0.000019
4.344541,-3.736242,-0.526268,-21.983751,-0.077625,-0.359625,0.052000,0.413977,-0.599058,0.093240,-3.141579,0.000014,0.000022
4.348541,-3.736241,-0.526271,-21.983751,-0.077625,-0.359625,0.052000,0.414005,-0.598970,0.093245,-3.141578,0.000016,0.000032
4.352547,-3.736241,-0.526271,-21.983751,-0.077625,-0.359625,0.052000,0.414005,-0.598970,0.093245,-3.141578,0.000016,0.000032
4.356546,-3.736234,-0.526287,-21.983751,-0.077625,-0.359625,0.052000,0.414058,-0.598794,0.093259,-3.141568,0.000026,0.000039
4.360546,-3.736235,-0.526286,-21.983751,-0.077625,-0.359625,0.052000,0.414084,-0.598708,0.093269,-3.141568,0.000026,0.000044
4.364538,-3.736231,-0.526296,-21.983752,-0.077624,-0.359625,0.052000,0.414108,-0.598621,0.093274,-3.141562,0.000032,0.000049
4.368545,-3.736234,-0.526289,-21.983751,-0.077625,-0.359625,0.052000,0.414138,-0.598534,0.093286,-3.141566,0.000028,0.000052
4.372545,-3.736232,-0.526293,-21.983752,-0.077624,-0.359625,0.052000,0.414164,-0.598448,0.093293,-3.141564,0.000031,0.000057
4.376515,-3.656235,-0.416286,-20.413752,-0.072625,-0.339625,0.048000,0.414192,-0.598363,0.093305,-3.141568,0.000026,0.000055
4.380541,-3.656233,-0.416290,-20.413752,-0.072625,-0.339625,0.048000,0.414220,-0.598275,0.093312,-3.141565,0.000029,0.000064
4.384546,-3.656234,-0.416289,-20.413752,-0.072625,-0.339625,0.048000,0.414246,-0.598189,0.093322,-3.141566,0.000028,0.000063
4.388543,-3.656234,-0.416289,-20.413752,-0.072625,-0.339625,0.048000,0.414246,-0.598189,0.093322,-3.141566,0.000028,0.000063
4.392540,-3.656227,-0.416305,-20.413752,-0.072624,-0.339625,0.048000,0.414300,-0.598015,0.093335,-3.141556,0.000038,0.000057
4.396542,-3.656225,-0.416309,-20.413752,-0.072624,-0.339625,0.048000,0.414325,-0.597928,0.093343,-3.141553,0.000042,0.000048
4.400538,-3.656223,-0.416313,-20.413752,-0.072624,-0.339625,0.048000,0.414350,-0.597842,0.093349,-3.141551,0.000044,0.000047
4.404540,-3.656221,-0.416318,-20.413753,-0.072624,-0.339625,0.048000,0.414378,-0.597752,0.093357,-3.141548,0.000047,0.000043
4.408540,-3.656219,-0.416322,-20.413753,-0.072624,-0.339625,0.048000,0.414403,-0.597666,0.093364,-3.141545,0.000050,0.000034
4.412540,-3.656220,-0.416321,-20.413753,-0.072624,-0.339625,0.048000,0.414432,-0.597578,0.093374,-3.141546,0.000049,0.000030
4.416540,-3.076221,-0.616319,-17.843752,-0.053624,-0.294625,0.044000,0.414459,-0.597494,0.093383,-3.141547,0.000048,0.000028
4.420544,-3.076221,-0.616320,-17.843752,-0.053624,-0.294625,0.044000,0.414486,-0.597408,0.093394,-3.141547,0.000049,0.000020
4.424543,-3.076222,-0.616316,-17.843752,-0.053624,-0.294625,0.044000,0.414515,-0.597322,0.093409,-3.141549,0.000046,0.000016
4.428540,-3.076223,-0.616315,-17.843752,-0.053624,-0.294625,0.044000,0.414541,-0.597236,0.093419,-3.141550,0.000045,0.000014
4.432541,-3.076220,-0.616321,-17.843752,-0.053624,-0.294625,0.044000,0.414575,-0.597126,0.093429,-3.141546,0.000049,0.000017
4.436539,-3.076206,-0.616354,-17.843753,-0.053624,-0.294625,0.044000,0.414585,-0.597048,0.093416,-3.141525,0.000072,-0.000014
4.440548,-3.076218,-0.616325,-17.843752,-0.053624,-0.294625,0.044000,0.414627,-0.596951,0.093447,-3.141544,0.000052,0.000018
4.444543,-3.076213,-0.616337,-17.843752,-0.053624,-0.294625,0.044000,0.414654,-0.596862,0.093454,-3.141536,0.000060,0.000027
4.448540,-3.076214,-0.616336,-17.843752,-0.053624,-0.294625,0.044000,0.414680,-0.596776,0.093464,-3.141536,0.000060,0.000025
4.452543,-3.076214,-0.616336,-17.843752,-0.053624,-0.294625,0.044000,0.414680,-0.596776,0.093464,-3.141536,0.000060,0.000025
4.456538,-2.466209,-0.456348,-14.933753,-0.040624,-0.246625,0.036000,0.414707,-0.596687,0.093470,-3.141529,0.000067,0.000035
4.460544,-2.466209,-0.456347,-14.933753,-0.040624,-0.246625,0.036000,0.414736,-0.596599,0.093480,-3.141530,0.000067,0.000044
4.464552,-2.466213,-0.456338,-14.933753,-0.040624,-0.246625,0.036000,0.414793,-0.596428,0.093492,-3.141535,0.000061,0.000066
4.468541,-2.466215,-0.456332,-14.933752,-0.040624,-0.246625,0.036000,0.414819,-0.596343,0.093497,-3.141539,0.000057,0.000077
4.472540,-2.466218,-0.456326,-14.933752,-0.040624,-0.246625,0.036000,0.414849,-0.596256,0.093501,-3.141543,0.000052,0.000087
4.476537,-2.466219,-0.456325,-14.933752,-0.040624,-0.246625,0.036000,0.414874,-0.596171,0.093503,-3.141544,0.000052,0.000092
4.480542,-2.466220,-0.456322,-14.933752,-0.040624,-0.246625,0.036000,0.414902,-0.596082,0.093503,-3.141545,0.000050,0.000101
4.484541,-2.466223,-0.456314,-14.933752,-0.040624,-0.246625,0.036000,0.414928,-0.595997,0.093505,-3.141550,0.000045,0.000093
4.488540,-2.466223,-0.456314,-14.933752,-0.040624,-0.246625,0.036000,0.414928,-0.595997,0.093505,-3.141550,0.000045,0.000093
4.492544,-2.466221,-0.456318,-14.933752,-0.040624,-0.246625,0.036000,0.414981,-0.595822,0.093506,-3.141548,0.000048,0.000094
4.496541,-1.876222,-0.326317,-11.623752,-0.032624,-0.191625,0.026000,0.415010,-0.595734,0.093508,-3.141548,0.000047,0.000090
4.500540,-1.876222,-0.326317,-11.623752,-0.032624,-0.191625,0.026000,0.415035,-0.595649,0.093509,-3.141549,0.000046,0.000088
4.504540,-1.876222,-0.326317,-11.623752,-0.032624,-0.191625,0.026000,0.415035,-0.595649,0.093509,-3.141549,0.000046,0.000088
4.508544,-1.876219,-0.326323,-11.623752,-0.032624,-0.191625,0.026000,0.415063,-0.595561,0.093510,-3.141545,0.000051,0.000084
4.512546,-1.876225,-0.326310,-11.623751,-0.032624,-0.191625,0.026000,0.415120,-0.595390,0.093518,-3.141553,0.000042,0.000064
4.516542,-1.876225,-0.326310,-11.623751,-0.032624,-0.191625,0.026000,0.415120,-0.595390,0.093518,-3.141553,0.000042,0.000064
4.520538,-1.876228,-0.326303,-11.623751,-0.032624,-0.191625,0.026000,0.415150,-0.595304,0.093522,-3.141558,0.000037,0.000054
4.524539,-1.876233,-0.326291,-11.623751,-0.032624,-0.191625,0.026000,0.415177,-0.595219,0.093529,-3.141565,0.000029,0.000045
4.528540,-1.876236,-0.326285,-11.623751,-0.032625,-0.191625,0.026000,0.415207,-0.595133,0.093532,-3.141569,0.000025,0.000035
4.532543,-1.876230,-0.326298,-11.623751,-0.032624,-0.191625,0.026000,0.415231,-0.595046,0.093533,-3.141561,0.000034,0.000026
4.536542,-1.576228,-0.336302,-10.213751,-0.026624,-0.166625,0.024000,0.415265,-0.594937,0.093532,-3.141558,0.000037,0.000022
4.540542,-1.576228,-0.336303,-10.213751,-0.026624,-0.166625,0.024000,0.415283,-0.594875,0.093534,-3.141558,0.000037,0.000009
4.544542,-1.456228,-0.336303,-9.323752,-0.024624,-0.152625,0.022000,0.415310,-0.594790,0.093537,-3.141557,0.000038,0.000007
4.548542,-1.456225,-0.336310,-9.323752,-0.024624,-0.152625,0.022000,0.415334,-0.594708,0.093539,-3.141553,0.000042,0.000014
4.552540,-1.456224,-0.336311,-9.323752,-0.024624,-0.152625,0.022000,0.415360,-0.594627,0.093542,-3.141552,0.000043,0.000022
4.556542,-1.456230,-0.336299,-9.323751,-0.024624,-0.152625,0.022000,0.415377,-0.594538,0.093549,-3.141560,0.000035,0.000002
4.560545,-1.456232,-0.336293,-9.323751,-0.024624,-0.152625,0.022000,0.415419,-0.594446,0.093553,-3.141564,0.000031,0.000043
4.564544,-1.456238,-0.336280,-9.323751,-0.024625,-0.152625,0.022000,0.415449,-0.594364,0.093558,-3.141572,0.000021,0.000061
4.568553,-1.456238,-0.336278,-9.323751,-0.024625,-0.152625,0.022000,0.415475,-0.594283,0.093559,-3.141573,0.000021,0.000068
4.572538,-1.456241,-0.336272,-9.323751,-0.024625,-0.152625,0.022000,0.415501,-0.594202,0.093563,-3.141577,0.000016,0.000069
4.576516,-1.446245,-0.266262,-8.333750,-0.026625,-0.138625,0.020000,0.415526,-0.594121,0.093563,-3.141584,0.000010,0.000083
4.580541,-1.446247,-0.266259,-8.333750,-0.026625,-0.138625,0.020000,0.415552,-0.594039,0.093562,-3.141585,0.000008,0.000083
4.584513,-1.446248,-0.266255,-8.333750,-0.026625,-0.138625,0.020000,0.415578,-0.593955,0.093560,-3.141588,0.000005,0.000095
4.588543,-1.446251,-0.266250,-8.333750,-0.026625,-0.138625,0.020000,0.415604,-0.593873,0.093557,-3.141591,0.000001,0.000095
4.592544,-1.446250,-0.266250,-8.333750,-0.026625,-0.138625,0.020000,0.415630,-0.593788,0.093552,-3.141591,0.000002,0.000100
4.596541,-1.446253,-0.266245,-8.333750,-0.026625,-0.138625,0.020000,0.415655,-0.593707,0.093549,3.141591,-0.000002,0.000101
4.600513,-1.446256,-0.266237,-8.333750,-0.026625,-0.138625,0.020000,0.415681,-0.593626,0.093543,3.141586,-0.000007,0.000094
4.604542,-1.446256,-0.266237,-8.333750,-0.026625,-0.138625,0.020000,0.415706,-0.593544,0.093537,3.141586,-0.000007,0.000088
4.608540,-1.446259,-0.266229,-8.333750,-0.026625,-0.138625,0.020000,0.415734,-0.593461,0.093531,3.141581,-0.000012,0.000086
4.612542,-1.446262,-0.266223,-8.333749,-0.026625,-0.138625,0.020000,0.415760,-0.593380,0.093527,3.141577,-0.000016,0.000073
4.616540,-1.436264,-0.266218,-8.283749,-0.026625,-0.137625,0.020000,0.415785,-0.593299,0.093524,3.141574,-0.000020,0.000067
4.620542,-1.316270,-0.246204,-7.573749,-0.020626,-0.126625,0.016000,0.415812,-0.593219,0.093521,3.141565,-0.000029,0.000061
4.624542,-1.316267,-0.246211,-7.573749,-0.020625,-0.126625,0.016000,0.415839,-0.593135,0.093514,3.141570,-0.000024,0.000045
4.628541,-1.316272,-0.246199,-7.573749,-0.020626,-0.126625,0.016000,0.415865,-0.593054,0.093511,3.141562,-0.000033,0.000039
4.632541,-1.316270,-0.246204,-7.573749,-0.020626,-0.126625,0.016000,0.415888,-0.592970,0.093503,3.141565,-0.000029,0.000026
4.636539,-1.316265,-0.246215,-7.573749,-0.020625,-0.126625,0.016000,0.415914,-0.592885,0.093491,3.141572,-0.000022,0.000018
4.640540,-1.316265,-0.246214,-7.573749,-0.020625,-0.126625,0.016000,0.415939,-0.592804,0.093485,3.141572,-0.000022,0.000005
4.644538,-1.316265,-0.246214,-7.573749,-0.020625,-0.126625,0.016000,0.415964,-0.592722,0.093479,3.141572,-0.000023,-0.000002
4.648541,-1.316265,-0.246215,-7.573749,-0.020625,-0.126625,0.016000,0.415987,-0.592639,0.093474,3.141572,-0.000022,-0.000008
4.652538,-1.316263,-0.246219,-7.573749,-0.020625,-0.126625,0.016000,0.416012,-0.592557,0.093464,3.141575,-0.000019,-0.000008
4.656540,-1.316264,-0.246218,-7.573749,-0.020625,-0.126625,0.016000,0.416043,-0.592455,0.093457,3.141574,-0.000020,-0.000007
4.660539,-1.386263,-0.376220,-7.943749,-0.017625,-0.135625,0.019000,0.416062,-0.592394,0.093453,3.141575,-0.000019,0.000000
4.664540,-1.386263,-0.376220,-7.943749,-0.017625,-0.135625,0.019000,0.416087,-0.592313,0.093447,3.141575,-0.000019,0.000007
4.668542,-1.386267,-0.376211,-7.943749,-0.017625,-0.135625,0.019000,0.416113,-0.592232,0.093440,3.141570,-0.000025,0.000014
4.672541,-1.386267,-0.376211,-7.943749,-0.017625,-0.135625,0.019000,0.416138,-0.592151,0.093434,3.141570,-0.000025,0.000028
4.676541,-1.386266,-0.376214,-7.943749,-0.017625,-0.135625,0.019000,0.416161,-0.592068,0.093423,3.141571,-0.000023,0.000036
4.680542,-1.386270,-0.376204,-7.943749,-0.017626,-0.135625,0.019000,0.416187,-0.591987,0.093415,3.141565,-0.000029,0.000043
4.684542,-1.386270,-0.376205,-7.943749,-0.017626,-0.135625,0.019000,0.416210,-0.591904,0.093401,3.141566,-0.000029,0.000050
4.688540,-1.386292,-0.376151,-7.943747,-0.017626,-0.135625,0.019000,0.416238,-0.591825,0.093397,3.141532,-0.000065,0.000023
4.692543,-1.386284,-0.376170,-7.943748,-0.017626,-0.135625,0.019000,0.416262,-0.591743,0.093386,3.141544,-0.000052,0.000051
4.696541,-1.386285,-0.376167,-7.943748,-0.017626,-0.135625,0.019000,0.416292,-0.591640,0.093370,3.141542,-0.000054,0.000058
4.700541,-1.606293,-0.306150,-9.833747,-0.026626,-0.164625,0.022000,0.416302,-0.591571,0.093362,3.141531,-0.000066,0.000038
4.704540,-1.606296,-0.306142,-9.833747,-0.026626,-0.164625,0.022000,0.416343,-0.591478,0.093349,3.141526,-0.000071,0.000066
4.708560,-1.606300,-0.306132,-9.833747,-0.026626,-0.164626,0.022000,0.416368,-0.591397,0.093340,3.141520,-0.000078,0.000066
4.712542,-1.606305,-0.306121,-9.833746,-0.026627,-0.164626,0.022000,0.416395,-0.591317,0.093331,3.141513,-0.000085,0.000060
4.716541,-1.606307,-0.306116,-9.833746,-0.026627,-0.164626,0.022000,0.416420,-0.591236,0.093320,3.141510,-0.000089,0.000060
4.720541,-1.606306,-0.306118,-9.833746,-0.026627,-0.164626,0.022000,0.416444,-0.591154,0.093308,3.141511,-0.000087,0.000054
4.724538,-1.606308,-0.306113,-9.833746,-0.026627,-0.164626,0.022000,0.416469,-0.591073,0.093297,3.141508,-0.000091,0.000048
4.728545,-1.606309,-0.306110,-9.833746,-0.026627,-0.164626,0.022000,0.416494,-0.590991,0.093288,3.141506,-0.000093,0.000035
4.732540,-1.606306,-0.306118,-9.833746,-0.026627,-0.164626,0.022000,0.416519,-0.590906,0.093274,3.141511,-0.000087,0.000033
4.736543,-1.936302,-0.446126,-12.293747,-0.029627,-0.203626,0.028000,0.416545,-0.590821,0.093260,3.141516,-0.000082,0.000024
4.740542,-1.936298,-0.446135,-12.293747,-0.029626,-0.203625,0.028000,0.416570,-0.590735,0.093247,3.141522,-0.000076,0.000009
4.744543,-1.936295,-0.446144,-12.293747,-0.029626,-0.203625,0.028000,0.416597,-0.590647,0.093234,3.141528,-0.000070,0.000005
4.748540,-1.936293,-0.446148,-12.293747,-0.029626,-0.203625,0.028000,0.416621,-0.590561,0.093224,3.141530,-0.000067,-0.000003
4.752542,-1.936292,-0.446150,-12.293747,-0.029626,-0.203625,0.028000,0.416649,-0.590474,0.093212,3.141531,-0.000066,-0.000007
4.756540,-1.936291,-0.446154,-12.293747,-0.029626,-0.203625,0.028000,0.416676,-0.590386,0.093202,3.141534,-0.000063,-0.000011
4.760540,-1.936289,-0.446158,-12.293747,-0.029626,-0.203625,0.028000,0.416701,-0.590300,0.093192,3.141537,-0.000060,-0.000013
4.764543,-1.936289,-0.446158,-12.293747,-0.029626,-0.203625,0.028000,0.416701,-0.590300,0.093192,3.141537,-0.000060,-0.000013
4.768542,-1.936288,-0.446159,-12.293747,-0.029626,-0.203625,0.028000,0.416756,-0.590125,0.093173,3.141537,-0.000060,-0.000001
4.772540,-1.936293,-0.446148,-12.293747,-0.029626,-0.203625,0.028000,0.416781,-0.590040,0.093165,3.141530,-0.000067,0.000004
4.776515,-2.226297,-0.586139,-14.233747,-0.035626,-0.232625,0.033000,0.416810,-0.589954,0.093158,3.141525,-0.000073,0.000013
4.780552,-2.366304,-0.596123,-15.263747,-0.040627,-0.247626,0.036000,0.416840,-0.589868,0.093151,3.141515,-0.000084,0.000023
4.784542,-2.366307,-0.596115,-15.263746,-0.040627,-0.247626,0.036000,0.416865,-0.589783,0.093145,3.141509,-0.000090,0.000028
4.788540,-2.366315,-0.596096,-15.263746,-0.040627,-0.247626,0.036000,0.416892,-0.589699,0.093145,3.141498,-0.000103,0.000033
4.792540,-2.366315,-0.596095,-15.263746,-0.040627,-0.247626,0.036000,0.416908,-0.589602,0.093139,3.141497,-0.000103,0.000015
4.796541,-2.366317,-0.596089,-15.263746,-0.040627,-0.247626,0.036000,0.416952,-0.589503,0.093135,3.141494,-0.000107,0.000052
4.800541,-2.366319,-0.596086,-15.263746,-0.040627,-0.247626,0.036000,0.416976,-0.589417,0.093134,3.141492,-0.000109,0.000050
4.804541,-2.366318,-0.596088,-15.263746,-0.040627,-0.247626,0.036000,0.416987,-0.589341,0.093130,3.141493,-0.000108,0.000033
4.808539,-2.366317,-0.596089,-15.263746,-0.040627,-0.247626,0.036000,0.417030,-0.589242,0.093126,3.141494,-0.000107,0.000062
4.812539,-2.366317,-0.596091,-15.263746,-0.040627,-0.247626,0.036000,0.417055,-0.589156,0.093122,3.141495,-0.000106,0.000067
4.816540,-2.366318,-0.596087,-15.263746,-0.040627,-0.247626,0.036000,0.417083,-0.589069,0.093120,3.141492,-0.000109,0.000070
4.820543,-2.986317,-0.656090,-18.493745,-0.055627,-0.298626,0.043000,0.417108,-0.588984,0.093118,3.141494,-0.000107,0.000068
4.824542,-2.986316,-0.656091,-18.493745,-0.055627,-0.298626,0.043000,0.417135,-0.588896,0.093114,3.141495,-0.000106,0.000064
4.828541,-2.986315,-0.656094,-18.493745,-0.055627,-0.298626,0.043000,0.417160,-0.588811,0.093111,3.141497,-0.000104,0.000056
4.832539,-2.986308,-0.656110,-18.493746,-0.055627,-0.298626,0.043000,0.417186,-0.588723,0.093106,3.141507,-0.000093,0.000058
4.836542,-2.986305,-0.656119,-18.493746,-0.055627,-0.298626,0.043000,0.417213,-0.588634,0.093101,3.141513,-0.000087,0.000048
4.840546,-2.986298,-0.656136,-18.493747,-0.055626,-0.298625,0.043000,0.417236,-0.588547,0.093096,3.141523,-0.000076,0.000039
4.844538,-2.986289,-0.656158,-18.493747,-0.055626,-0.298625,0.043000,0.417260,-0.588457,0.093088,3.141536,-0.000061,0.000028
4.848541,-2.986282,-0.656175,-18.493748,-0.055626,-0.298625,0.043000,0.417285,-0.588368,0.093084,3.141547,-0.000049,0.000018
4.852503,-3.376275,-0.556191,-20.033748,-0.070626,-0.327625,0.046000,0.417311,-0.588279,0.093079,3.141557,-0.000038,0.000014
4.856539,-3.376271,-0.556201,-20.033748,-0.070626,-0.327625,0.046000,0.417336,-0.588189,0.093075,3.141564,-0.000032,0.000010
4.860540,-3.376271,-0.556199,-20.033748,-0.070626,-0.327625,0.046000,0.417364,-0.588103,0.093076,3.141562,-0.000033,0.000012
4.864552,-3.376271,-0.556199,-20.033748,-0.070626,-0.327625,0.046000,0.417364,-0.588103,0.093076,3.141562,-0.000033,0.000012
4.868540,-3.376267,-0.556211,-20.033749,-0.070625,-0.327625,0.046000,0.417390,-0.588014,0.093074,3.141570,-0.000025,0.000015
4.872542,-3.376272,-0.556197,-20.033748,-0.070626,-0.327625,0.046000,0.417444,-0.587843,0.093073,3.141561,-0.000034,0.000016
4.876539,-3.376276,-0.556189,-20.033748,-0.070626,-0.327625,0.046000,0.417471,-0.587756,0.093075,3.141556,-0.000040,0.000025
4.880542,-3.376278,-0.556182,-20.033748,-0.070626,-0.327625,0.046000,0.417499,-0.587669,0.093079,3.141552,-0.000044,0.000035
4.884540,-3.376285,-0.556167,-20.033747,-0.070626,-0.327625,0.046000,0.417526,-0.587582,0.093082,3.141542,-0.000055,0.000038
4.888540,-3.376283,-0.556172,-20.033748,-0.070626,-0.327625,0.046000,0.417551,-0.587493,0.093082,3.141545,-0.000051,0.000040
4.892541,-3.376283,-0.556172,-20.033748,-0.070626,-0.327625,0.046000,0.417551,-0.587493,0.093082,3.141545,-0.000051,0.000040
4.896544,-3.466287,-0.666161,-21.343747,-0.067626,-0.345625,0.049000,0.417604,-0.587317,0.093084,3.141539,-0.000059,0.000059
4.900543,-3.466285,-0.666166,-21.343747,-0.067626,-0.345625,0.049000,0.417629,-0.587227,0.093084,3.141542,-0.000055,0.000062
4.904540,-3.466288,-0.666158,-21.343747,-0.067626,-0.345625,0.049000,0.417656,-0.587140,0.093086,3.141537,-0.000061,0.000072
4.908543,-3.466293,-0.666146,-21.343746,-0.067626,-0.345625,0.049000,0.417684,-0.587054,0.093093,3.141530,-0.000069,0.000047
4.912544,-3.466296,-0.666139,-21.343746,-0.067626,-0.345625,0.049000,0.417701,-0.586957,0.093097,3.141525,-0.000073,0.000050
4.916542,-3.466301,-0.666128,-21.343746,-0.067626,-0.345626,0.049000,0.417745,-0.586859,0.093104,3.141518,-0.000081,0.000080
4.920544,-3.466305,-0.666118,-21.343745,-0.067627,-0.345626,0.049000,0.417774,-0.586774,0.093113,3.141512,-0.000088,0.000076
4.924549,-3.466305,-0.666117,-21.343745,-0.067627,-0.345626,0.049000,0.417801,-0.586686,0.093114,3.141511,-0.000089,0.000079
4.928544,-3.466302,-0.666125,-21.343746,-0.067627,-0.345626,0.049000,0.417827,-0.586598,0.093117,3.141516,-0.000083,0.000075
4.932540,-3.466302,-0.666125,-21.343746,-0.067627,-0.345626,0.049000,0.417827,-0.586598,0.093117,3.141516,-0.000083,0.000075
4.936549,-3.636299,-0.646133,-21.873747,-0.069626,-0.359625,0.051000,0.417877,-0.586424,0.093122,3.141521,-0.000078,0.000062
4.940541,-3.636299,-0.646133,-21.873747,-0.069626,-0.359625,0.051000,0.417877,-0.586424,0.093122,3.141521,-0.000078,0.000062
4.944542,-3.636285,-0.646165,-21.873747,-0.069626,-0.359625,0.051000,0.417927,-0.586246,0.093120,3.141541,-0.000056,0.000061
4.948544,-3.636279,-0.646180,-21.873748,-0.069626,-0.359625,0.051000,0.417954,-0.586158,0.093121,3.141551,-0.000046,0.000057
4.952509,-3.636273,-0.646195,-21.873748,-0.069626,-0.359625,0.051000,0.417980,-0.586070,0.093123,3.141560,-0.000035,0.000053
4.956540,-3.636267,-0.646211,-21.873749,-0.069625,-0.359625,0.051000,0.418003,-0.585984,0.093125,3.141570,-0.000025,0.000044
4.960548,-3.636263,-0.646220,-21.873749,-0.069625,-0.359625,0.051000,0.418031,-0.585897,0.093129,3.141576,-0.000019,0.000047
4.964549,-3.636263,-0.646219,-21.873749,-0.069625,-0.359625,0.051000,0.418060,-0.585812,0.093138,3.141575,-0.000020,0.000050
4.968541,-3.636263,-0.646219,-21.873749,-0.069625,-0.359625,0.051000,0.418060,-0.585812,0.093138,3.141575,-0.000020,0.000050
4.972540,-3.636257,-0.646235,-21.873749,-0.069625,-0.359625,0.051000,0.418085,-0.585727,0.093141,3.141585,-0.000008,0.000041
4.976518,-3.396247,-0.606257,-20.983751,-0.067625,-0.342625,0.048000,0.418138,-0.585552,0.093153,-3.141587,0.000007,0.000053
4.980543,-3.396244,-0.606265,-20.983751,-0.067625,-0.342625,0.048000,0.418162,-0.585467,0.093155,-3.141582,0.000012,0.000052
4.984549,-3.396240,-0.606276,-20.983751,-0.067625,-0.342625,0.048000,0.418189,-0.585379,0.093160,-3.141575,0.000019,0.000061
4.988547,-3.396238,-0.606281,-20.983751,-0.067625,-0.342625,0.048000,0.418215,-0.585291,0.093168,-3.141572,0.000023,0.000064
4.992548,-3.396238,-0.606281,-20.983751,-0.067625,-0.342625,0.048000,0.418215,-0.585291,0.093168,-3.141572,0.000023,0.000064
4.996541,-3.396234,-0.606290,-20.983752,-0.067625,-0.342625,0.048000,0.418240,-0.585203,0.093172,-3.141566,0.000029,0.000066
5.000539,-3.396232,-0.606295,-20.983752,-0.067624,-0.342625,0.048000,0.418264,-0.585117,0.093180,-3.141563,0.000032,0.000065
5.004542,-3.396231,-0.606298,-20.983752,-0.067624,-0.342625,0.048000,0.418291,-0.585030,0.093186,-3.141561,0.000034,0.000067
5.008546,-3.396234,-0.606291,-20.983752,-0.067625,-0.342625,0.048000,0.418319,-0.584944,0.093197,-3.141566,0.000029,0.000070
5.012507,-3.396235,-0.606289,-20.983751,-0.067625,-0.342625,0.048000,0.418346,-0.584857,0.093205,-3.141567,0.000028,0.000073
5.016542,-3.396235,-0.606288,-20.983751,-0.067625,-0.342625,0.048000,0.418374,-0.584770,0.093216,-3.141567,0.000028,0.000076
5.020540,-3.286240,-0.566276,-19.783750,-0.068625,-0.321625,0.046000,0.418403,-0.584685,0.093230,-3.141575,0.000019,0.000072
5.024541,-3.286244,-0.566266,-19.783750,-0.068625,-0.321625,0.046000,0.418427,-0.584600,0.093239,-3.141581,0.000013,0.000070
5.028542,-3.286247,-0.566259,-19.783750,-0.068625,-0.321625,0.046000,0.418455,-0.584514,0.093250,-3.141586,0.000007,0.000066
5.032540,-3.286246,-0.566262,-19.783750,-0.068625,-0.321625,0.046000,0.418482,-0.584427,0.093256,-3.141584,0.000009,0.000062
5.036543,-3.286249,-0.566254,-19.783750,-0.068625,-0.321625,0.046000,0.418508,-0.584343,0.093267,-3.141589,0.000004,0.000067
5.040541,-3.286247,-0.566258,-19.783750,-0.068625,-0.321625,0.046000,0.418532,-0.584258,0.093274,-3.141586,0.000007,0.000065
5.044540,-3.286249,-0.566254,-19.783750,-0.068625,-0.321625,0.046000,0.418559,-0.584175,0.093280,-3.141588,0.000005,0.000070
5.048539,-3.286247,-0.566258,-19.783750,-0.068625,-0.321625,0.046000,0.418582,-0.584093,0.093286,-3.141586,0.000007,0.000050
5.052542,-3.286248,-0.566257,-19.783750,-0.068625,-0.321625,0.046000,0.418616,-0.583991,0.093296,-3.141587,0.000006,0.000055
5.056540,-3.286249,-0.566253,-19.783750,-0.068625,-0.321625,0.046000,0.418635,-0.583931,0.093302,-3.141589,0.000004,0.000022
5.060542,-2.896249,-0.456254,-17.693751,-0.063625,-0.283625,0.040000,0.418666,-0.583831,0.093314,-3.141589,0.000004,0.000043
5.064540,-2.896245,-0.456263,-17.693751,-0.063625,-0.283625,0.040000,0.418693,-0.583748,0.093318,-3.141583,0.000011,0.000041
5.068541,-2.896243,-0.456268,-17.693751,-0.063625,-0.283625,0.040000,0.418720,-0.583665,0.093326,-3.141580,0.000014,0.000046
5.072542,-2.896241,-0.456273,-17.693751,-0.063625,-0.283625,0.040000,0.418744,-0.583584,0.093333,-3.141577,0.000017,0.000040
5.076542,-2.896237,-0.456283,-17.693751,-0.063625,-0.283625,0.040000,0.418770,-0.583502,0.093337,-3.141571,0.000024,0.000044
5.080543,-2.896235,-0.456288,-17.693751,-0.063625,-0.283625,0.040000,0.418795,-0.583421,0.093345,-3.141568,0.000027,0.000045
5.084542,-2.896229,-0.456304,-17.693752,-0.063624,-0.283625,0.040000,0.418820,-0.583337,0.093347,-3.141558,0.000038,0.000050
5.088541,-2.896219,-0.456327,-17.693753,-0.063624,-0.283625,0.040000,0.418716,-0.583588,0.097999,-3.141591,0.000001,0.000002
5.092542,-2.896217,-0.456332,-17.693753,-0.063624,-0.283625,0.040000,0.418868,-0.583171,0.093356,-3.141541,0.000057,0.000049
5.096538,-2.556210,-0.386350,-14.783752,-0.050624,-0.244625,0.034000,0.418893,-0.583087,0.093361,-3.141529,0.000069,0.000047
5.100545,-2.556210,-0.386350,-14.783752,-0.050624,-0.244625,0.034000,0.418920,-0.583004,0.093371,-3.141529,0.000069,0.000045
5.104540,-2.556206,-0.386361,-14.783753,-0.050624,-0.244625,0.034000,0.418943,-0.582922,0.093376,-3.141523,0.000077,0.000039
5.108540,-2.556205,-0.386363,-14.783753,-0.050624,-0.244625,0.034000,0.418970,-0.582840,0.093381,-3.141521,0.000079,0.000037
5.112542,-2.556207,-0.386358,-14.783753,-0.050624,-0.244625,0.034000,0.418997,-0.582758,0.093387,-3.141524,0.000075,0.000035
5.116542,-2.556210,-0.386349,-14.783752,-0.050624,-0.244625,0.034000,0.419025,-0.582676,0.093396,-3.141530,0.000069,0.000040
5.120540,-2.556210,-0.386349,-14.783752,-0.050624,-0.244625,0.034000,0.419049,-0.582596,0.093398,-3.141530,0.000069,0.000027
5.124544,-2.556212,-0.386344,-14.783752,-0.050624,-0.244625,0.034000,0.419077,-0.582513,0.093404,-3.141533,0.000065,0.000032
5.128542,-2.556212,-0.386345,-14.783752,-0.050624,-0.244625,0.034000,0.419103,-0.582430,0.093407,-3.141533,0.000066,0.000030
5.132542,-2.556214,-0.386340,-14.783752,-0.050624,-0.244625,0.034000,0.419127,-0.582350,0.093413,-3.141535,0.000063,0.000024
5.136541,-2.556217,-0.386333,-14.783752,-0.050624,-0.244625,0.034000,0.419155,-0.582268,0.093416,-3.141540,0.000058,0.000022
5.140540,-2.046219,-0.406328,-12.683752,-0.037624,-0.207625,0.027000,0.419180,-0.582188,0.093421,-3.141543,0.000055,0.000023
5.144541,-2.046222,-0.406321,-12.683752,-0.037624,-0.207625,0.027000,0.419207,-0.582106,0.093424,-3.141547,0.000050,0.000021
5.148541,-2.046224,-0.406316,-12.683752,-0.037624,-0.207625,0.027000,0.419232,-0.582026,0.093430,-3.141550,0.000047,0.000015
5.152541,-2.046227,-0.406309,-12.683752,-0.037624,-0.207625,0.027000,0.419259,-0.581944,0.093433,-3.141555,0.000042,0.000019
5.156544,-2.046227,-0.406307,-12.683752,-0.037624,-0.207625,0.027000,0.419283,-0.581863,0.093434,-3.141556,0.000041,0.000020
5.160540,-2.046230,-0.406300,-12.683752,-0.037624,-0.207625,0.027000,0.419310,-0.581781,0.093437,-3.141560,0.000036,0.000018
5.164542,-2.046231,-0.406298,-12.683752,-0.037624,-0.207625,0.027000,0.419335,-0.581701,0.093437,-3.141562,0.000034,0.000025
5.168542,-2.046237,-0.406283,-12.683751,-0.037625,-0.207625,0.027000,0.419360,-0.581622,0.093440,-3.141571,0.000024,0.000026
5.172542,-2.046238,-0.406281,-12.683751,-0.037625,-0.207625,0.027000,0.419387,-0.581539,0.093440,-3.141572,0.000023,0.000031
5.176516,-2.046242,-0.406271,-12.683751,-0.037625,-0.207625,0.027000,0.419412,-0.581460,0.093441,-3.141578,0.000016,0.000031
5.180541,-1.846247,-0.426258,-11.723750,-0.030625,-0.192625,0.025000,0.419441,-0.581379,0.093446,-3.141586,0.000007,0.000036
5.184540,-1.716249,-0.406254,-10.683750,-0.026625,-0.175625,0.022000,0.419473,-0.581280,0.093444,-3.141589,0.000004,0.000030
5.188540,-1.716240,-0.406276,-10.683751,-0.026625,-0.175625,0.022000,0.419483,-0.581208,0.093428,-3.141575,0.000019,0.000008
5.192541,-1.716253,-0.406243,-10.683750,-0.026625,-0.175625,0.022000,0.419526,-0.581119,0.093446,3.141590,-0.000003,0.000042
5.196512,-1.716252,-0.406246,-10.683750,-0.026625,-0.175625,0.022000,0.419550,-0.581039,0.093443,3.141592,-0.000001,0.000043
5.200500,-1.716251,-0.406250,-10.683750,-0.026625,-0.175625,0.022000,0.419578,-0.580957,0.093441,-3.141591,0.000002,0.000041
5.204509,-1.716251,-0.406248,-10.683750,-0.026625,-0.175625,0.022000,0.419602,-0.580877,0.093441,3.141593,-0.000000,0.000034
5.208537,-1.716250,-0.406250,-10.683750,-0.026625,-0.175625,0.022000,0.419629,-0.580795,0.093437,-3.141591,0.000002,0.000039
5.212580,-1.716248,-0.406255,-10.683750,-0.026625,-0.175625,0.022000,0.419653,-0.580714,0.093437,-3.141588,0.000005,0.000026
5.216570,-1.566242,-0.356271,-9.813750,-0.025625,-0.161625,0.019000,0.419678,-0.580630,0.093430,-3.141578,0.000016,0.000025
5.220572,-1.486240,-0.346276,-9.513751,-0.024625,-0.156625,0.018000,0.419701,-0.580550,0.093430,-3.141575,0.000019,0.000018
5.224566,-1.486238,-0.346282,-9.513751,-0.024625,-0.156625,0.018000,0.419727,-0.580466,0.093430,-3.141572,0.000023,0.000017
5.228557,-1.486237,-0.346284,-9.513751,-0.024625,-0.156625,0.018000,0.419751,-0.580386,0.093427,-3.141570,0.000025,0.000004
5.232558,-1.486232,-0.346295,-9.513751,-0.024624,-0.156625,0.018000,0.419776,-0.580302,0.093424,-3.141563,0.000032,0.000002
5.236509,-1.486236,-0.346287,-9.513751,-0.024625,-0.156625,0.018000,0.419804,-0.580221,0.093426,-3.141568,0.000027,0.000007
5.240550,-1.486234,-0.346291,-9.513751,-0.024625,-0.156625,0.018000,0.419827,-0.580139,0.093424,-3.141566,0.000029,0.000007
5.244519,-1.486235,-0.346288,-9.513751,-0.024625,-0.156625,0.018000,0.419854,-0.580057,0.093423,-3.141568,0.000028,0.000005
5.248546,-1.486237,-0.346284,-9.513751,-0.024625,-0.156625,0.018000,0.419880,-0.579974,0.093422,-3.141570,0.000025,0.000010
5.252506,-1.486235,-0.346288,-9.513751,-0.024625,-0.156625,0.018000,0.419905,-0.579891,0.093420,-3.141568,0.000028,0.000015
5.256521,-1.486239,-0.346279,-9.513751,-0.024625,-0.156625,0.018000,0.419931,-0.579808,0.093421,-3.141573,0.000022,0.000013
5.260542,-1.496240,-0.336276,-9.143751,-0.026625,-0.150625,0.019000,0.419957,-0.579725,0.093420,-3.141575,0.000019,0.000018
5.264539,-1.496239,-0.336278,-9.143751,-0.026625,-0.150625,0.019000,0.419979,-0.579643,0.093416,-3.141574,0.000020,0.000019
5.268550,-1.496239,-0.336280,-9.143751,-0.026625,-0.150625,0.019000,0.420003,-0.579559,0.093412,-3.141573,0.000022,0.000024
5.272541,-1.496243,-0.336269,-9.143751,-0.026625,-0.150625,0.019000,0.420029,-0.579476,0.093411,-3.141580,0.000014,0.000036
5.276541,-1.496243,-0.336268,-9.143751,-0.026625,-0.150625,0.019000,0.420054,-0.579392,0.093405,-3.141580,0.000014,0.000047
5.280541,-1.496249,-0.336255,-9.143750,-0.026625,-0.150625,0.019000,0.420081,-0.579310,0.093402,-3.141588,0.000005,0.000052
5.284541,-1.496253,-0.336243,-9.143750,-0.026625,-0.150625,0.019000,0.420105,-0.579230,0.093400,3.141590,-0.000003,0.000059
5.288542,-1.496261,-0.336223,-9.143750,-0.026625,-0.150625,0.019000,0.420133,-0.579149,0.093399,3.141578,-0.000017,0.000064
5.292547,-1.496264,-0.336217,-9.143749,-0.026625,-0.150625,0.019000,0.420159,-0.579067,0.093394,3.141574,-0.000021,0.000069
5.296585,-1.576269,-0.326205,-9.273749,-0.030626,-0.153625,0.019000,0.420187,-0.578985,0.093393,3.141566,-0.000029,0.000074
5.300541,-1.576272,-0.326196,-9.273748,-0.030626,-0.153625,0.019000,0.420210,-0.578905,0.093386,3.141561,-0.000035,0.000068
5.304538,-1.576273,-0.326195,-9.273748,-0.030626,-0.153625,0.019000,0.420236,-0.578822,0.093379,3.141560,-0.000036,0.000059
5.308537,-1.576273,-0.326194,-9.273748,-0.030626,-0.153625,0.019000,0.420259,-0.578741,0.093372,3.141559,-0.000037,0.000053
5.312540,-1.576269,-0.326204,-9.273749,-0.030626,-0.153625,0.019000,0.420284,-0.578657,0.093360,3.141566,-0.000029,0.000051
5.316539,-1.576267,-0.326209,-9.273749,-0.030626,-0.153625,0.019000,0.420308,-0.578573,0.093351,3.141569,-0.000026,0.000043
5.320539,-1.576263,-0.326220,-9.273749,-0.030625,-0.153625,0.019000,0.420333,-0.578489,0.093340,3.141576,-0.000019,0.000014
5.324541,-1.576251,-0.326248,-9.273750,-0.030625,-0.153625,0.019000,0.420343,-0.578397,0.093315,-3.141592,0.000000,0.000001
5.328539,-1.576254,-0.326240,-9.273750,-0.030625,-0.153625,0.019000,0.420371,-0.578311,0.093317,3.141588,-0.000005,0.000004
5.332541,-1.576255,-0.326239,-9.273750,-0.030625,-0.153625,0.019000,0.420412,-0.578217,0.093310,3.141587,-0.000006,0.000022
5.336541,-1.576256,-0.326236,-9.273750,-0.030625,-0.153625,0.019000,0.420439,-0.578131,0.093302,3.141586,-0.000008,0.000018
5.340542,-1.606257,-0.416235,-9.833749,-0.025625,-0.161625,0.021000,0.420467,-0.578046,0.093294,3.141585,-0.000009,0.000021
5.344541,-1.606260,-0.416227,-9.833749,-0.025625,-0.161625,0.021000,0.420494,-0.577961,0.093289,3.141580,-0.000014,0.000017
5.348542,-1.606260,-0.416226,-9.833749,-0.025625,-0.161625,0.021000,0.420523,-0.577872,0.093281,3.141579,-0.000015,0.000018
5.352541,-1.606261,-0.416224,-9.833749,-0.025625,-0.161625,0.021000,0.420549,-0.577785,0.093274,3.141578,-0.000016,0.000007
5.356540,-1.606264,-0.416216,-9.833749,-0.025625,-0.161625,0.021000,0.420579,-0.577698,0.093268,3.141573,-0.000021,0.000014
5.360542,-1.606262,-0.416220,-9.833749,-0.025625,-0.161625,0.021000,0.420603,-0.577609,0.093259,3.141576,-0.000019,0.000017
5.364540,-1.606261,-0.416224,-9.833749,-0.025625,-0.161625,0.021000,0.420628,-0.577521,0.093249,3.141578,-0.000016,0.000019
5.368542,-1.606257,-0.416233,-9.833749,-0.025625,-0.161625,0.021000,0.420654,-0.577431,0.093236,3.141584,-0.000010,0.000033
5.372539,-1.606257,-0.416233,-9.833749,-0.025625,-0.161625,0.021000,0.420654,-0.577431,0.093236,3.141584,-0.000010,0.000033
5.376515,-1.606256,-0.416237,-9.833749,-0.025625,-0.161625,0.021000,0.420679,-0.577343,0.093227,3.141586,-0.000007,0.000036
5.380543,-1.636259,-0.426230,-9.963749,-0.025625,-0.164625,0.022000,0.420706,-0.577257,0.093221,3.141582,-0.000012,0.000052
5.384542,-1.906267,-0.446208,-11.283749,-0.032626,-0.187625,0.025000,0.420760,-0.577086,0.093212,3.141568,-0.000027,0.000071
5.388515,-1.906270,-0.446200,-11.283749,-0.032626,-0.187625,0.025000,0.420787,-0.577000,0.093206,3.141564,-0.000032,0.000081
5.392541,-1.906275,-0.446188,-11.283748,-0.032626,-0.187625,0.025000,0.420817,-0.576913,0.093204,3.141556,-0.000041,0.000088
5.396548,-1.906278,-0.446180,-11.283748,-0.032626,-0.187625,0.025000,0.420844,-0.576827,0.093199,3.141551,-0.000046,0.000091
5.400544,-1.906282,-0.446171,-11.283748,-0.032626,-0.187625,0.025000,0.420870,-0.576741,0.093192,3.141546,-0.000052,0.000093
5.404539,-1.906284,-0.446164,-11.283748,-0.032626,-0.187625,0.025000,0.420896,-0.576654,0.093187,3.141542,-0.000057,0.000089
5.408511,-1.906285,-0.446162,-11.283748,-0.032626,-0.187625,0.025000,0.420924,-0.576565,0.093180,3.141541,-0.000058,0.000090
5.412507,-1.906283,-0.446167,-11.283748,-0.032626,-0.187625,0.025000,0.420948,-0.576477,0.093170,3.141543,-0.000055,0.000079
5.416502,-2.126281,-0.516172,-13.363747,-0.036626,-0.218625,0.031000,0.420973,-0.576390,0.093162,3.141547,-0.000052,0.000075
5.420525,-2.126283,-0.516169,-13.363747,-0.036626,-0.218625,0.031000,0.420998,-0.576302,0.093153,3.141545,-0.000054,0.000071
5.424558,-2.126286,-0.516161,-13.363747,-0.036626,-0.218625,0.031000,0.421027,-0.576215,0.093148,3.141540,-0.000059,0.000065
5.428553,-2.126284,-0.516164,-13.363747,-0.036626,-0.218625,0.031000,0.421053,-0.576128,0.093137,3.141542,-0.000057,0.000054
5.432558,-2.126288,-0.516155,-13.363747,-0.036626,-0.218625,0.031000,0.421079,-0.576041,0.093130,3.141536,-0.000063,0.000017
5.436507,-2.126285,-0.516164,-13.363747,-0.036626,-0.218625,0.031000,0.421098,-0.575944,0.093109,3.141541,-0.000057,0.000010
5.440510,-2.126293,-0.516142,-13.363747,-0.036626,-0.218625,0.031000,0.421124,-0.575858,0.093114,3.141528,-0.000072,-0.000007
5.444548,-2.126296,-0.516135,-13.363746,-0.036626,-0.218625,0.031000,0.421169,-0.575759,0.093109,3.141524,-0.000077,0.000014
5.448548,-2.126297,-0.516133,-13.363746,-0.036626,-0.218625,0.031000,0.421197,-0.575670,0.093101,3.141523,-0.000079,0.000007
5.452536,-2.126297,-0.516133,-13.363746,-0.036626,-0.218625,0.031000,0.421197,-0.575670,0.093101,3.141523,-0.000079,0.000007
5.456542,-2.276294,-0.616139,-14.783747,-0.041626,-0.235625,0.035000,0.421247,-0.575496,0.093088,3.141526,-0.000074,-0.000001
5.460536,-2.276291,-0.616147,-14.783747,-0.041626,-0.235625,0.035000,0.421274,-0.575407,0.093082,3.141531,-0.000069,0.000007
5.464539,-2.276290,-0.616150,-14.783747,-0.041626,-0.235625,0.035000,0.421299,-0.575319,0.093080,3.141533,-0.000067,0.000016
5.468549,-2.276284,-0.616165,-14.783747,-0.041626,-0.235625,0.035000,0.421326,-0.575229,0.093073,3.141543,-0.000056,0.000030
5.472543,-2.276282,-0.616170,-14.783747,-0.041626,-0.235625,0.035000,0.421352,-0.575143,0.093072,3.141545,-0.000053,0.000040
5.476539,-2.276282,-0.616170,-14.783747,-0.041626,-0.235625,0.035000,0.421352,-0.575143,0.093072,3.141545,-0.000053,0.000040
5.480543,-2.276277,-0.616182,-14.783748,-0.041626,-0.235625,0.035000,0.421404,-0.574967,0.093066,3.141553,-0.000045,0.000063
5.484541,-2.276277,-0.616182,-14.783748,-0.041626,-0.235625,0.035000,0.421404,-0.574967,0.093066,3.141553,-0.000045,0.000063
5.488543,-2.276274,-0.616189,-14.783748,-0.041626,-0.235625,0.035000,0.421459,-0.574792,0.093061,3.141557,-0.000040,0.000086
5.492537,-2.276274,-0.616189,-14.783748,-0.041626,-0.235625,0.035000,0.421459,-0.574792,0.093061,3.141557,-0.000040,0.000086
5.496540,-2.516274,-0.606191,-15.953748,-0.051626,-0.252625,0.037000,0.421485,-0.574706,0.093057,3.141558,-0.000039,0.000096
5.500547,-2.516272,-0.606194,-15.953748,-0.051626,-0.252625,0.037000,0.421512,-0.574617,0.093055,3.141560,-0.000037,0.000096
5.504539,-2.586268,-0.566205,-16.253749,-0.055626,-0.257625,0.038000,0.421561,-0.574442,0.093047,3.141567,-0.000029,0.000088
5.508543,-2.586268,-0.566205,-16.253749,-0.055626,-0.257625,0.038000,0.421561,-0.574442,0.093047,3.141567,-0.000029,0.000088
5.512538,-2.586263,-0.566218,-16.253749,-0.055625,-0.257625,0.038000,0.421613,-0.574266,0.093040,3.141574,-0.000020,0.000085
5.516542,-2.586263,-0.566218,-16.253749,-0.055625,-0.257625,0.038000,0.421613,-0.574266,0.093040,3.141574,-0.000020,0.000085
5.520543,-2.586262,-0.566220,-16.253749,-0.055625,-0.257625,0.038000,0.421666,-0.574090,0.093039,3.141576,-0.000019,0.000061
5.524543,-2.586262,-0.566220,-16.253749,-0.055625,-0.257625,0.038000,0.421666,-0.574090,0.093039,3.141576,-0.000019,0.000061
5.528545,-2.586259,-0.566228,-16.253749,-0.055625,-0.257625,0.038000,0.421719,-0.573914,0.093036,3.141581,-0.000013,0.000044
5.532540,-2.586259,-0.566228,-16.253749,-0.055625,-0.257625,0.038000,0.421719,-0.573914,0.093036,3.141581,-0.000013,0.000044
5.536539,-2.586263,-0.566219,-16.253749,-0.055625,-0.257625,0.038000,0.421744,-0.573831,0.093037,3.141575,-0.000019,0.000029
5.540544,-2.896268,-0.446205,-17.223749,-0.066626,-0.277625,0.040000,0.421773,-0.573748,0.093041,3.141567,-0.000029,0.000018
5.544544,-2.896267,-0.446207,-17.223749,-0.066626,-0.277625,0.040000,0.421823,-0.573583,0.093040,3.141568,-0.000028,0.000001
5.548542,-2.896267,-0.446207,-17.223749,-0.066626,-0.277625,0.040000,0.421823,-0.573583,0.093040,3.141568,-0.000028,0.000001
5.552542,-2.896270,-0.446199,-17.223749,-0.066626,-0.277625,0.040000,0.421850,-0.573502,0.093042,3.141563,-0.000033,-0.000007
5.556541,-2.896271,-0.446197,-17.223749,-0.066626,-0.277625,0.040000,0.421876,-0.573420,0.093042,3.141562,-0.000035,-0.000009
5.560541,-2.896270,-0.446199,-17.223749,-0.066626,-0.277625,0.040000,0.421901,-0.573337,0.093039,3.141563,-0.000033,-0.000011
5.564541,-2.896271,-0.446197,-17.223749,-0.066626,-0.277625,0.040000,0.421926,-0.573255,0.093039,3.141562,-0.000035,-0.000033
5.568542,-2.896284,-0.446164,-17.223748,-0.066626,-0.277625,0.040000,0.421957,-0.573174,0.093040,3.141542,-0.000057,-0.000023
5.572540,-2.896273,-0.446191,-17.223749,-0.066626,-0.277625,0.040000,0.421981,-0.573090,0.093038,3.141558,-0.000039,-0.000019
5.576540,-2.766270,-0.576200,-17.583748,-0.061626,-0.277625,0.041000,0.422011,-0.572986,0.093033,3.141564,-0.000032,0.000013
5.580540,-2.766269,-0.576203,-17.583749,-0.061626,-0.277625,0.041000,0.422036,-0.572904,0.093030,3.141565,-0.000031,0.000018
5.584514,-2.766265,-0.576213,-17.583749,-0.061625,-0.277625,0.041000,0.422061,-0.572821,0.093026,3.141571,-0.000024,0.000030
5.588543,-2.766263,-0.576218,-17.583749,-0.061625,-0.277625,0.041000,0.422086,-0.572738,0.093026,3.141575,-0.000020,0.000042
5.592541,-2.766262,-0.576220,-17.583749,-0.061625,-0.277625,0.041000,0.422111,-0.572656,0.093022,3.141576,-0.000019,0.000047
5.596538,-2.766262,-0.576219,-17.583749,-0.061625,-0.277625,0.041000,0.422140,-0.572573,0.093024,3.141576,-0.000019,0.000056
5.600540,-2.766258,-0.576229,-17.583749,-0.061625,-0.277625,0.041000,0.422164,-0.572490,0.093020,3.141582,-0.000013,0.000061
5.604540,-2.766260,-0.576226,-17.583749,-0.061625,-0.277625,0.041000,0.422191,-0.572408,0.093019,3.141580,-0.000015,0.000053
5.608542,-2.766256,-0.576236,-17.583749,-0.061625,-0.277625,0.041000,0.422215,-0.572326,0.093015,3.141586,-0.000008,0.000058
5.612540,-2.766251,-0.576247,-17.583750,-0.061625,-0.277625,0.041000,0.422241,-0.572244,0.093012,3.141593,-0.000000,0.000056
5.616540,-2.766252,-0.576246,-17.583750,-0.061625,-0.277625,0.041000,0.422269,-0.572160,0.093014,3.141592,-0.000001,0.000059
5.620542,-2.676250,-0.706252,-17.343750,-0.048625,-0.276625,0.041000,0.422294,-0.572077,0.093013,-3.141590,0.000003,0.000057
5.624540,-2.676248,-0.706256,-17.343750,-0.048625,-0.276625,0.041000,0.422320,-0.571996,0.093011,-3.141588,0.000005,0.000048
5.628540,-2.676246,-0.706261,-17.343750,-0.048625,-0.276625,0.041000,0.422345,-0.571913,0.093010,-3.141585,0.000009,0.000040
5.632541,-2.676245,-0.706266,-17.343751,-0.048625,-0.276625,0.041000,0.422369,-0.571830,0.093010,-3.141582,0.000012,0.000031
5.636542,-2.676243,-0.706270,-17.343751,-0.048625,-0.276625,0.041000,0.422395,-0.571749,0.093008,-3.141579,0.000015,0.000023
5.640546,-2.676239,-0.706280,-17.343751,-0.048625,-0.276625,0.041000,0.422420,-0.571666,0.093004,-3.141573,0.000022,0.000014
5.644541,-2.676237,-0.706285,-17.343751,-0.048625,-0.276625,0.041000,0.422444,-0.571583,0.093003,-3.141570,0.000025,0.000012
5.648540,-2.676238,-0.706284,-17.343751,-0.048625,-0.276625,0.041000,0.422468,-0.571504,0.093005,-3.141571,0.000025,-0.000001
5.652541,-2.676234,-0.706294,-17.343751,-0.048624,-0.276625,0.041000,0.422492,-0.571421,0.093001,-3.141565,0.000032,-0.000009
5.656544,-2.726237,-0.606284,-17.283751,-0.051625,-0.278625,0.040000,0.422524,-0.571319,0.093002,-3.141570,0.000025,-0.000011
5.660541,-2.726240,-0.606277,-17.283750,-0.051625,-0.278625,0.040000,0.422545,-0.571259,0.093005,-3.141575,0.000020,-0.000013
5.664548,-2.726244,-0.606267,-17.283750,-0.051625,-0.278625,0.040000,0.422578,-0.571158,0.093005,-3.141581,0.000013,-0.000014
5.668541,-2.726238,-0.606283,-17.283751,-0.051625,-0.278625,0.040000,0.422586,-0.571090,0.092992,-3.141571,0.000024,-0.000048
5.672541,-2.726250,-0.606250,-17.283750,-0.051625,-0.278625,0.040000,0.422629,-0.570998,0.093009,-3.141591,0.000002,-0.000016
5.676546,-2.726252,-0.606247,-17.283750,-0.051625,-0.278625,0.040000,0.422655,-0.570917,0.093008,3.141592,-0.000000,-0.000011
5.680541,-2.726260,-0.606226,-17.283749,-0.051625,-0.278625,0.040000,0.422682,-0.570837,0.093014,3.141580,-0.000014,-0.000006
5.684540,-2.726260,-0.606224,-17.283749,-0.051625,-0.278625,0.040000,0.422707,-0.570754,0.093014,3.141578,-0.000016,0.000013
5.688543,-2.726261,-0.606222,-17.283749,-0.051625,-0.278625,0.040000,0.422732,-0.570672,0.093014,3.141577,-0.000018,0.000024
5.692542,-2.726262,-0.606219,-17.283749,-0.051625,-0.278625,0.040000,0.422754,-0.570592,0.093014,3.141576,-0.000019,0.000025
5.696540,-2.726263,-0.606219,-17.283749,-0.051625,-0.278625,0.040000,0.422782,-0.570508,0.093015,3.141575,-0.000020,0.000048
5.700540,-2.656261,-0.616224,-17.183749,-0.053625,-0.274625,0.040000,0.422807,-0.570425,0.093014,3.141578,-0.000016,0.000053
5.704540,-2.656263,-0.616218,-17.183749,-0.053625,-0.274625,0.040000,0.422830,-0.570346,0.093019,3.141575,-0.000020,0.000053
5.708542,-2.656263,-0.616217,-17.183749,-0.053625,-0.274625,0.040000,0.422856,-0.570265,0.093020,3.141574,-0.000021,0.000058
5.712540,-2.656262,-0.616221,-17.183749,-0.053625,-0.274625,0.040000,0.422882,-0.570183,0.093018,3.141577,-0.000018,0.000063
5.716542,-2.656264,-0.616214,-17.183749,-0.053625,-0.274625,0.040000,0.422906,-0.570105,0.093022,3.141572,-0.000023,0.000063
5.720542,-2.656262,-0.616221,-17.183749,-0.053625,-0.274625,0.040000,0.422934,-0.570021,0.093023,3.141576,-0.000019,0.000066
5.724540,-2.656263,-0.616219,-17.183749,-0.053625,-0.274625,0.040000,0.422961,-0.569941,0.093023,3.141575,-0.000020,0.000064
5.728540,-2.656260,-0.616225,-17.183750,-0.053625,-0.274625,0.040000,0.422986,-0.569859,0.093024,3.141579,-0.000015,0.000063
5.732544,-2.656256,-0.616235,-17.183750,-0.053625,-0.274625,0.040000,0.423010,-0.569776,0.093020,3.141585,-0.000009,0.000068
5.736544,-2.656252,-0.616247,-17.183750,-0.053625,-0.274625,0.040000,0.423034,-0.569692,0.093018,3.141593,-0.000000,0.000052
5.740540,-2.726247,-0.646259,-16.733751,-0.055625,-0.268625,0.041000,0.423058,-0.569605,0.093017,-3.141586,0.000008,0.000048
5.744542,-2.726242,-0.646271,-16.733751,-0.055625,-0.268625,0.041000,0.423082,-0.569518,0.093015,-3.141578,0.000016,0.000038
5.748540,-2.726238,-0.646282,-16.733751,-0.055625,-0.268625,0.041000,0.423107,-0.569432,0.093012,-3.141572,0.000024,0.000027
5.752541,-2.726234,-0.646294,-16.733752,-0.055624,-0.268625,0.041000,0.423131,-0.569345,0.093010,-3.141565,0.000032,0.000016
5.756542,-2.726229,-0.646306,-16.733752,-0.055624,-0.268625,0.041000,0.423155,-0.569258,0.093009,-3.141557,0.000040,0.000005
5.760541,-2.726232,-0.646299,-16.733752,-0.055624,-0.268625,0.041000,0.423183,-0.569174,0.093012,-3.141562,0.000035,0.000001
5.764511,-2.726232,-0.646299,-16.733752,-0.055624,-0.268625,0.041000,0.423210,-0.569090,0.093014,-3.141562,0.000035,0.000004
5.768542,-2.726235,-0.646291,-16.733752,-0.055624,-0.268625,0.041000,0.423240,-0.569004,0.093017,-3.141566,0.000030,0.000011
5.772541,-2.726237,-0.646284,-16.733751,-0.055625,-0.268625,0.041000,0.423267,-0.568920,0.093020,-3.141571,0.000025,0.000014
5.776541,-2.666238,-0.566283,-16.353751,-0.055625,-0.260625,0.040000,0.423293,-0.568834,0.093021,-3.141571,0.000024,0.000017
5.780541,-2.666246,-0.566261,-16.353751,-0.055625,-0.260625,0.040000,0.423321,-0.568751,0.093025,-3.141585,0.000009,0.000019
5.784504,-2.666247,-0.566260,-16.353751,-0.055625,-0.260625,0.040000,0.423347,-0.568666,0.093026,-3.141585,0.000008,0.000029
5.788539,-2.666239,-0.566281,-16.353751,-0.055625,-0.260625,0.040000,0.423362,-0.568567,0.093011,-3.141572,0.000023,0.000009
5.792541,-2.666251,-0.566248,-16.353750,-0.055625,-0.260625,0.040000,0.423405,-0.568471,0.093028,-3.141592,0.000000,0.000039
5.796541,-2.666251,-0.566250,-16.353750,-0.055625,-0.260625,0.040000,0.423429,-0.568385,0.093025,-3.141591,0.000002,0.000042
5.800542,-2.666251,-0.566250,-16.353750,-0.055625,-0.260625,0.040000,0.423429,-0.568385,0.093025,-3.141591,0.000002,0.000042
5.804516,-2.666255,-0.566238,-16.353750,-0.055625,-0.260625,0.040000,0.423483,-0.568212,0.093026,3.141587,-0.000006,0.000058
5.808545,-2.666261,-0.566224,-16.353750,-0.055625,-0.260625,0.040000,0.423510,-0.568128,0.093030,3.141578,-0.000016,0.000068
5.812543,-2.666263,-0.566217,-16.353749,-0.055625,-0.260625,0.040000,0.423537,-0.568044,0.093033,3.141574,-0.000021,0.000071
5.816541,-2.666266,-0.566208,-16.353749,-0.055626,-0.260625,0.040000,0.423566,-0.567961,0.093035,3.141569,-0.000027,0.000073
5.820540,-2.716269,-0.546201,-16.173749,-0.052626,-0.263625,0.039000,0.423593,-0.567877,0.093038,3.141565,-0.000032,0.000076
5.824540,-2.716272,-0.546194,-16.173748,-0.052626,-0.263625,0.039000,0.423620,-0.567793,0.093041,3.141560,-0.000037,0.000072
5.828540,-2.716273,-0.546191,-16.173748,-0.052626,-0.263625,0.039000,0.423647,-0.567709,0.093041,3.141559,-0.000039,0.000075
5.832504,-2.716273,-0.546191,-16.173748,-0.052626,-0.263625,0.039000,0.423673,-0.567624,0.093043,3.141559,-0.000039,0.000071
5.836542,-2.716271,-0.546196,-16.173748,-0.052626,-0.263625,0.039000,0.423700,-0.567535,0.093042,3.141562,-0.000036,0.000071
5.840540,-2.716265,-0.546213,-16.173749,-0.052625,-0.263625,0.039000,0.423723,-0.567448,0.093037,3.141572,-0.000024,0.000067
5.844541,-2.716263,-0.546217,-16.173749,-0.052625,-0.263625,0.039000,0.423750,-0.567360,0.093036,3.141574,-0.000021,0.000068
5.848542,-2.716261,-0.546222,-16.173749,-0.052625,-0.263625,0.039000,0.423777,-0.567271,0.093035,3.141577,-0.000018,0.000062
5.852540,-2.716257,-0.546234,-16.173750,-0.052625,-0.263625,0.039000,0.423803,-0.567182,0.093033,3.141584,-0.000010,0.000055
5.856541,-2.546254,-0.636240,-15.873750,-0.043625,-0.257625,0.038000,0.423828,-0.567096,0.093034,3.141588,-0.000005,0.000045
5.860538,-2.546252,-0.636246,-15.873750,-0.043625,-0.257625,0.038000,0.423855,-0.567008,0.093034,3.141592,-0.000001,0.000045
5.864504,-2.546250,-0.636252,-15.873750,-0.043625,-0.257625,0.038000,0.423883,-0.566921,0.093034,-3.141590,0.000003,0.000046
5.868541,-2.546248,-0.636258,-15.873750,-0.043625,-0.257625,0.038000,0.423908,-0.566835,0.093035,-3.141587,0.000007,0.000042
5.872541,-2.546248,-0.636258,-15.873750,-0.043625,-0.257625,0.038000,0.423937,-0.566748,0.093037,-3.141587,0.000007,0.000042
5.876542,-2.546247,-0.636259,-15.873750,-0.043625,-0.257625,0.038000,0.423964,-0.566661,0.093041,-3.141586,0.000008,0.000049
5.880512,-2.546245,-0.636265,-15.873750,-0.043625,-0.257625,0.038000,0.423992,-0.566573,0.093041,-3.141582,0.000012,0.000057
5.884542,-2.546245,-0.636265,-15.873750,-0.043625,-0.257625,0.038000,0.423992,-0.566573,0.093041,-3.141582,0.000012,0.000057
5.888543,-2.546244,-0.636268,-15.873750,-0.043625,-0.257625,0.038000,0.424017,-0.566487,0.093039,-3.141580,0.000014,0.000053
5.892540,-2.546240,-0.636277,-15.873751,-0.043625,-0.257625,0.038000,0.424070,-0.566310,0.093037,-3.141575,0.000021,0.000054
5.896541,-2.546238,-0.606282,-15.703751,-0.043625,-0.256625,0.037000,0.424093,-0.566224,0.093036,-3.141572,0.000024,0.000056
5.900540,-2.546238,-0.606282,-15.703751,-0.043625,-0.256625,0.037000,0.424093,-0.566224,0.093036,-3.141572,0.000024,0.000056
5.904553,-2.546243,-0.606270,-15.703750,-0.043625,-0.256625,0.037000,0.424149,-0.566048,0.093037,-3.141579,0.000016,0.000057
5.908515,-2.546246,-0.606261,-15.703750,-0.043625,-0.256625,0.037000,0.424175,-0.565965,0.093037,-3.141585,0.000009,0.000060
5.912546,-2.546250,-0.606252,-15.703750,-0.043625,-0.256625,0.037000,0.424204,-0.565878,0.093039,-3.141590,0.000003,0.000034
5.916515,-2.546249,-0.606254,-15.703750,-0.043625,-0.256625,0.037000,0.424223,-0.565783,0.093027,-3.141589,0.000004,0.000034
5.920541,-2.546249,-0.606254,-15.703750,-0.043625,-0.256625,0.037000,0.424223,-0.565783,0.093027,-3.141589,0.000004,0.000034
5.924539,-2.546258,-0.606229,-15.703749,-0.043625,-0.256625,0.037000,0.424294,-0.565597,0.093039,3.141581,-0.000013,0.000062
5.928540,-2.546258,-0.606229,-15.703749,-0.043625,-0.256625,0.037000,0.424294,-0.565597,0.093039,3.141581,-0.000013,0.000062
5.932511,-2.546264,-0.606214,-15.703749,-0.043625,-0.256625,0.037000,0.424324,-0.565512,0.093043,3.141573,-0.000023,0.000063
5.936541,-2.546263,-0.606216,-15.703749,-0.043625,-0.256625,0.037000,0.424351,-0.565423,0.093039,3.141574,-0.000022,0.000063
5.940546,-2.576265,-0.516212,-15.673749,-0.053625,-0.254625,0.037000,0.424378,-0.565336,0.093038,3.141572,-0.000024,0.000064
5.944512,-2.576263,-0.516217,-15.673749,-0.053625,-0.254625,0.037000,0.424405,-0.565248,0.093037,3.141574,-0.000021,0.000064
5.948511,-2.576262,-0.506219,-15.673749,-0.053625,-0.254625,0.037000,0.424428,-0.565161,0.093033,3.141576,-0.000020,0.000053
5.952542,-2.576266,-0.506210,-15.673749,-0.053625,-0.254625,0.037000,0.424456,-0.565074,0.093035,3.141570,-0.000026,0.000047
5.956512,-2.576262,-0.506220,-15.673749,-0.053625,-0.254625,0.037000,0.424482,-0.564985,0.093031,3.141576,-0.000019,0.000041
5.960543,-2.576260,-0.506226,-15.673749,-0.053625,-0.254625,0.037000,0.424509,-0.564898,0.093031,3.141580,-0.000015,0.000035
5.964513,-2.576256,-0.506235,-15.673750,-0.053625,-0.254625,0.037000,0.424564,-0.564722,0.093029,3.141585,-0.000008,0.000036
5.968513,-2.576256,-0.506235,-15.673750,-0.053625,-0.254625,0.037000,0.424564,-0.564722,0.093029,3.141585,-0.000008,0.000036
5.972551,-2.576256,-0.506236,-15.673750,-0.053625,-0.254625,0.037000,0.424591,-0.564635,0.093033,3.141586,-0.000008,0.000036
5.976493,-2.696248,-0.526258,-15.873750,-0.054625,-0.257625,0.037000,0.424642,-0.564460,0.093035,-3.141586,0.000007,0.000039
5.980511,-2.696247,-0.526259,-15.873750,-0.054625,-0.257625,0.037000,0.424669,-0.564373,0.093039,-3.141586,0.000008,0.000040
5.984572,-2.696247,-0.526259,-15.873750,-0.054625,-0.257625,0.037000,0.424669,-0.564373,0.093039,-3.141586,0.000008,0.000040
5.988565,-2.696242,-0.526273,-15.873750,-0.054625,-0.257625,0.037000,0.424695,-0.564285,0.093038,-3.141578,0.000017,0.000040
5.992566,-2.696241,-0.526275,-15.873751,-0.054625,-0.257625,0.037000,0.424749,-0.564109,0.093045,-3.141576,0.000019,0.000035
5.996570,-2.696241,-0.526275,-15.873751,-0.054625,-0.257625,0.037000,0.424749,-0.564109,0.093045,-3.141576,0.000019,0.000035
6.000554,-2.696241,-0.526276,-15.873751,-0.054625,-0.257625,0.037000,0.424777,-0.564022,0.093049,-3.141576,0.000019,0.000035
6.004548,-2.696241,-0.526275,-15.873750,-0.054625,-0.257625,0.037000,0.424804,-0.563934,0.093050,-3.141577,0.000019,0.000036
6.008512,-2.696243,-0.526269,-15.873750,-0.054625,-0.257625,0.037000,0.424830,-0.563846,0.093055,-3.141580,0.000015,0.000029
6.012514,-2.696252,-0.526246,-15.873750,-0.054625,-0.257625,0.037000,0.424859,-0.563760,0.093058,3.141591,-0.000001,-0.000004
6.016544,-2.696255,-0.526239,-15.873750,-0.054625,-0.257625,0.037000,0.424886,-0.563673,0.093062,3.141588,-0.000006,-0.000003
6.020547,-2.806246,-0.556262,-16.213750,-0.056625,-0.264625,0.039000,0.424919,-0.563562,0.093063,-3.141584,0.000010,0.000029
6.024544,-2.806251,-0.556248,-16.213750,-0.056625,-0.264625,0.039000,0.424947,-0.563475,0.093068,-3.141593,0.000000,0.000023
6.028539,-2.806254,-0.556241,-16.213750,-0.056625,-0.264625,0.039000,0.424974,-0.563391,0.093071,3.141588,-0.000005,0.000019
6.032543,-2.806255,-0.556239,-16.213750,-0.056625,-0.264625,0.039000,0.425001,-0.563303,0.093072,3.141588,-0.000006,0.000019
6.036538,-2.806257,-0.556232,-16.213749,-0.056625,-0.264625,0.039000,0.425027,-0.563219,0.093075,3.141583,-0.000011,0.000008
6.040542,-2.806262,-0.556219,-16.213749,-0.056625,-0.264625,0.039000,0.425055,-0.563136,0.093080,3.141575,-0.000020,0.000011
6.044545,-2.806265,-0.556210,-16.213749,-0.056625,-0.264625,0.039000,0.425082,-0.563053,0.093082,3.141570,-0.000026,0.000007
6.048541,-2.806266,-0.556207,-16.213749,-0.056626,-0.264625,0.039000,0.425106,-0.562972,0.093081,3.141569,-0.000028,0.000005
6.052540,-2.806269,-0.556200,-16.213749,-0.056626,-0.264625,0.039000,0.425135,-0.562890,0.093084,3.141564,-0.000033,0.000015
6.056505,-2.726270,-0.546197,-15.993748,-0.051626,-0.263625,0.038000,0.425159,-0.562808,0.093083,3.141562,-0.000035,0.000020
6.060507,-2.726267,-0.546207,-15.993748,-0.051626,-0.263625,0.038000,0.425182,-0.562725,0.093079,3.141568,-0.000028,0.000025
6.064504,-2.726268,-0.546204,-15.993748,-0.051626,-0.263625,0.038000,0.425209,-0.562642,0.093078,3.141566,-0.000030,0.000027
6.068543,-2.726266,-0.546208,-15.993748,-0.051626,-0.263625,0.038000,0.425233,-0.562560,0.093077,3.141569,-0.000028,0.000026
6.072540,-2.726268,-0.546204,-15.993748,-0.051626,-0.263625,0.038000,0.425260,-0.562477,0.093075,3.141567,-0.000030,0.000035
6.076541,-2.726264,-0.546214,-15.993749,-0.051625,-0.263625,0.038000,0.425282,-0.562393,0.093072,3.141573,-0.000023,0.000033
6.080541,-2.726260,-0.546226,-15.993749,-0.051625,-0.263625,0.038000,0.425308,-0.562309,0.093069,3.141580,-0.000015,0.000043
6.084540,-2.726258,-0.546230,-15.993749,-0.051625,-0.263625,0.038000,0.425332,-0.562227,0.093067,3.141582,-0.000012,0.000041
6.088540,-2.726254,-0.546241,-15.993749,-0.051625,-0.263625,0.038000,0.425358,-0.562143,0.093065,3.141589,-0.000004,0.000037
6.092539,-2.726252,-0.546245,-15.993750,-0.051625,-0.263625,0.038000,0.425382,-0.562061,0.093063,3.141591,-0.000002,0.000035
6.096542,-2.716249,-0.566253,-15.873750,-0.050625,-0.262625,0.038000,0.425409,-0.561978,0.093065,-3.141589,0.000004,0.000031
6.100541,-2.576249,-0.646254,-15.293750,-0.044625,-0.252625,0.037000,0.425434,-0.561898,0.093068,-3.141589,0.000004,0.000029
6.104540,-2.576245,-0.646265,-15.293750,-0.044625,-0.252625,0.037000,0.425460,-0.561813,0.093066,-3.141582,0.000012,0.000025
6.108539,-2.576245,-0.646266,-15.293750,-0.044625,-0.252625,0.037000,0.425488,-0.561731,0.093068,-3.141582,0.000013,0.000015
6.112540,-2.576240,-0.646278,-15.293751,-0.044625,-0.252625,0.037000,0.425510,-0.561647,0.093067,-3.141575,0.000021,-0.000021
6.116542,-2.576238,-0.646285,-15.293751,-0.044625,-0.252625,0.037000,0.425536,-0.561563,0.093068,-3.141571,0.000026,-0.000018
6.120540,-2.576244,-0.646267,-15.293750,-0.044625,-0.252625,0.037000,0.425560,-0.561482,0.093069,-3.141581,0.000014,-0.000027
6.124541,-2.576236,-0.646290,-15.293751,-0.044625,-0.252625,0.037000,0.425574,-0.561388,0.093070,-3.141567,0.000029,-0.000031
6.128540,-2.576234,-0.646295,-15.293751,-0.044624,-0.252625,0.037000,0.425614,-0.561291,0.093070,-3.141564,0.000033,-0.000001
6.132545,-2.576234,-0.646294,-15.293751,-0.044624,-0.252625,0.037000,0.425638,-0.561210,0.093071,-3.141565,0.000032,0.000004
6.136539,-2.576232,-0.646301,-15.293751,-0.044624,-0.252625,0.037000,0.425664,-0.561126,0.093072,-3.141561,0.000037,0.000007
6.140541,-2.516234,-0.466294,-15.293751,-0.051624,-0.250625,0.036000,0.425690,-0.561045,0.093075,-3.141565,0.000032,0.000005
6.144544,-2.516237,-0.466287,-15.293751,-0.051625,-0.250625,0.036000,0.425715,-0.560965,0.093079,-3.141569,0.000027,0.000003
6.148541,-2.516239,-0.466280,-15.293751,-0.051625,-0.250625,0.036000,0.425743,-0.560883,0.093082,-3.141573,0.000023,0.000013
6.152498,-2.516242,-0.466274,-15.293751,-0.051625,-0.250625,0.036000,0.425768,-0.560802,0.093085,-3.141577,0.000018,0.000024
6.156524,-2.516247,-0.466261,-15.293750,-0.051625,-0.250625,0.036000,0.425795,-0.560723,0.093091,-3.141585,0.000009,0.000029
6.160540,-2.516250,-0.466253,-15.293750,-0.051625,-0.250625,0.036000,0.425819,-0.560642,0.093093,-3.141590,0.000003,0.000034
6.164539,-2.516248,-0.466257,-15.293750,-0.051625,-0.250625,0.036000,0.425843,-0.560560,0.093091,-3.141587,0.000006,0.000046
6.168551,-2.516248,-0.466256,-15.293750,-0.051625,-0.250625,0.036000,0.425869,-0.560476,0.093092,-3.141588,0.000006,0.000055
6.172498,-2.516252,-0.466246,-15.293750,-0.051625,-0.250625,0.036000,0.425895,-0.560396,0.093093,3.141592,-0.000001,0.000060
6.176514,-2.516250,-0.436250,-15.343750,-0.053625,-0.250625,0.035000,0.425918,-0.560314,0.093092,-3.141591,0.000002,0.000059
6.180515,-2.466252,-0.416247,-15.313750,-0.059625,-0.244625,0.036000,0.425942,-0.560233,0.093090,3.141592,-0.000000,0.000064
6.184540,-2.466252,-0.416245,-15.313750,-0.059625,-0.244625,0.036000,0.425965,-0.560150,0.093090,3.141591,-0.000002,0.000062
6.188540,-2.466249,-0.416254,-15.313750,-0.059625,-0.244625,0.036000,0.425988,-0.560068,0.093086,-3.141589,0.000004,0.000060
6.192539,-2.466253,-0.416245,-15.313750,-0.059625,-0.244625,0.036000,0.426014,-0.559988,0.093086,3.141591,-0.000002,0.000058
6.196541,-2.466253,-0.416245,-15.313750,-0.059625,-0.244625,0.036000,0.426014,-0.559988,0.093086,3.141591,-0.000002,0.000058
6.200540,-2.466244,-0.416268,-15.313751,-0.059625,-0.244625,0.036000,0.426028,-0.559899,0.093072,-3.141581,0.000014,0.000023
6.204539,-2.466255,-0.416238,-15.313750,-0.059625,-0.244625,0.036000,0.426092,-0.559746,0.093086,3.141587,-0.000007,0.000051
6.208540,-2.466258,-0.416230,-15.313750,-0.059625,-0.244625,0.036000,0.426119,-0.559666,0.093089,3.141582,-0.000012,0.000049
6.212540,-2.466258,-0.416230,-15.313750,-0.059625,-0.244625,0.036000,0.426145,-0.559586,0.093090,3.141582,-0.000012,0.000040
6.216540,-2.466258,-0.416230,-15.313750,-0.059625,-0.244625,0.036000,0.426145,-0.559586,0.093090,3.141582,-0.000012,0.000040
6.220541,-2.326255,-0.436239,-14.763750,-0.053625,-0.233625,0.034000,0.426192,-0.559424,0.093088,3.141588,-0.000006,0.000030
6.224540,-2.326251,-0.436249,-14.763750,-0.053625,-0.233625,0.034000,0.426224,-0.559320,0.093084,-3.141592,0.000001,0.000026
6.228541,-2.326245,-0.436266,-14.763751,-0.053625,-0.233625,0.034000,0.426248,-0.559235,0.093080,-3.141582,0.000013,0.000022
6.232539,-2.326240,-0.436279,-14.763751,-0.053625,-0.233625,0.034000,0.426269,-0.559151,0.093079,-3.141574,0.000021,0.000020
6.236539,-2.326237,-0.436289,-14.763751,-0.053625,-0.233625,0.034000,0.426293,-0.559066,0.093075,-3.141568,0.000028,0.000016
6.240539,-2.326235,-0.436294,-14.763751,-0.053624,-0.233625,0.034000,0.426320,-0.558979,0.093074,-3.141565,0.000032,0.000017
6.244539,-2.326235,-0.436294,-14.763751,-0.053624,-0.233625,0.034000,0.426345,-0.558895,0.093077,-3.141565,0.000032,0.000013
6.248539,-2.326230,-0.436306,-14.763752,-0.053624,-0.233625,0.034000,0.426374,-0.558805,0.093075,-3.141558,0.000041,0.000025
6.252544,-2.326232,-0.436300,-14.763752,-0.053624,-0.233625,0.034000,0.426400,-0.558722,0.093080,-3.141562,0.000037,0.000034
6.256498,-2.326235,-0.436294,-14.763751,-0.053624,-0.233625,0.034000,0.426429,-0.558637,0.093084,-3.141565,0.000032,0.000041
6.260541,-2.326235,-0.436294,-14.763751,-0.053624,-0.233625,0.034000,0.426429,-0.558637,0.093084,-3.141565,0.000032,0.000041
6.264541,-2.456234,-0.416295,-14.653752,-0.052624,-0.237625,0.034000,0.426462,-0.558530,0.093087,-3.141565,0.000033,0.000049
6.268539,-2.456249,-0.416256,-14.653751,-0.052625,-0.237625,0.034000,0.426510,-0.558385,0.093100,-3.141588,0.000006,0.000041
6.272503,-2.456240,-0.416278,-14.653751,-0.052625,-0.237625,0.034000,0.426536,-0.558297,0.093101,-3.141575,0.000021,0.000081
6.276540,-2.456245,-0.416266,-14.653751,-0.052625,-0.237625,0.034000,0.426561,-0.558213,0.093107,-3.141582,0.000013,0.000084
6.280541,-2.456243,-0.416272,-14.653751,-0.052625,-0.237625,0.034000,0.426587,-0.558125,0.093107,-3.141578,0.000017,0.000091
6.284541,-2.456243,-0.416272,-14.653751,-0.052625,-0.237625,0.034000,0.426587,-0.558125,0.093107,-3.141578,0.000017,0.000091
6.288541,-2.456250,-0.416252,-14.653751,-0.052625,-0.237625,0.034000,0.426639,-0.557954,0.093116,-3.141590,0.000003,0.000095
6.292541,-2.456250,-0.416252,-14.653751,-0.052625,-0.237625,0.034000,0.426639,-0.557954,0.093116,-3.141590,0.000003,0.000095
6.296539,-2.456251,-0.416248,-14.653750,-0.052625,-0.237625,0.034000,0.426690,-0.557782,0.093117,-3.141592,0.000001,0.000091
6.300541,-2.296256,-0.426234,-14.593750,-0.048625,-0.234625,0.033000,0.426718,-0.557697,0.093121,3.141584,-0.000010,0.000085
6.304540,-2.296259,-0.426225,-14.593749,-0.048625,-0.234625,0.033000,0.426744,-0.557613,0.093123,3.141580,-0.000015,0.000074
6.308540,-2.296260,-0.426223,-14.593749,-0.048625,-0.234625,0.033000,0.426772,-0.557527,0.093123,3.141578,-0.000017,0.000075
6.312541,-2.296261,-0.426222,-14.593749,-0.048625,-0.234625,0.033000,0.426797,-0.557443,0.093124,3.141578,-0.000018,0.000030
6.316545,-2.296272,-0.426190,-14.593748,-0.048626,-0.234625,0.033000,0.426826,-0.557358,0.093127,3.141559,-0.000040,0.000024
6.320538,-2.296265,-0.426211,-14.593749,-0.048625,-0.234625,0.033000,0.426843,-0.557263,0.093126,3.141571,-0.000026,0.000018
6.324540,-2.296265,-0.426211,-14.593749,-0.048625,-0.234625,0.033000,0.426843,-0.557263,0.093126,3.141571,-0.000026,0.000018
6.328543,-2.296262,-0.426218,-14.593749,-0.048625,-0.234625,0.033000,0.426911,-0.557078,0.093122,3.141575,-0.000020,0.000032
6.332547,-2.296262,-0.426218,-14.593749,-0.048625,-0.234625,0.033000,0.426911,-0.557078,0.093122,3.141575,-0.000020,0.000032
6.336537,-2.206259,-0.476226,-14.373749,-0.043625,-0.229625,0.032000,0.426962,-0.556906,0.093118,3.141580,-0.000015,0.000009
6.340542,-2.056255,-0.536237,-13.523750,-0.035625,-0.216625,0.030000,0.426990,-0.556816,0.093115,3.141586,-0.000008,0.000007
6.344540,-2.056251,-0.536248,-13.523750,-0.035625,-0.216625,0.030000,0.427015,-0.556728,0.093113,-3.141593,0.000000,0.000007
6.348540,-2.056251,-0.536248,-13.523750,-0.035625,-0.216625,0.030000,0.427015,-0.556728,0.093113,-3.141593,0.000000,0.000007
6.352539,-2.056252,-0.536245,-13.523750,-0.035625,-0.216625,0.030000,0.427042,-0.556642,0.093113,3.141591,-0.000002,0.000021
6.356540,-2.056249,-0.536253,-13.523750,-0.035625,-0.216625,0.030000,0.427095,-0.556468,0.093109,-3.141589,0.000004,0.000036
6.360497,-2.056249,-0.536253,-13.523750,-0.035625,-0.216625,0.030000,0.427095,-0.556468,0.093109,-3.141589,0.000004,0.000036
6.364540,-2.056248,-0.536258,-13.523751,-0.035625,-0.216625,0.030000,0.427121,-0.556381,0.093108,-3.141587,0.000007,0.000050
6.368542,-2.056247,-0.536261,-13.523751,-0.035625,-0.216625,0.030000,0.427177,-0.556206,0.093107,-3.141585,0.000009,0.000069
6.372542,-2.056247,-0.536261,-13.523751,-0.035625,-0.216625,0.030000,0.427204,-0.556119,0.093110,-3.141585,0.000009,0.000083
6.376547,-1.926248,-0.476258,-12.703750,-0.038625,-0.202625,0.027000,0.427231,-0.556033,0.093110,-3.141586,0.000008,0.000090
6.380505,-1.926248,-0.476258,-12.703750,-0.038625,-0.202625,0.027000,0.427231,-0.556033,0.093110,-3.141586,0.000008,0.000090
6.384542,-1.926244,-0.476268,-12.703750,-0.038625,-0.202625,0.027000,0.427281,-0.555857,0.093108,-3.141581,0.000014,0.000091
6.388547,-1.926244,-0.476268,-12.703750,-0.038625,-0.202625,0.027000,0.427281,-0.555857,0.093108,-3.141581,0.000014,0.000091
6.392545,-1.926245,-0.476266,-12.703750,-0.038625,-0.202625,0.027000,0.427308,-0.555771,0.093108,-3.141582,0.000013,0.000085
6.396539,-1.926244,-0.476269,-12.703750,-0.038625,-0.202625,0.027000,0.427333,-0.555683,0.093106,-3.141580,0.000015,0.000079
6.400538,-1.926244,-0.476269,-12.703750,-0.038625,-0.202625,0.027000,0.427333,-0.555683,0.093106,-3.141580,0.000015,0.000079
6.404542,-1.926244,-0.476269,-12.703750,-0.038625,-0.202625,0.027000,0.427360,-0.555596,0.093108,-3.141580,0.000015,0.000072
6.408543,-1.926246,-0.476262,-12.703750,-0.038625,-0.202625,0.027000,0.427387,-0.555510,0.093111,-3.141584,0.000010,0.000066
6.412585,-1.926245,-0.476267,-12.703750,-0.038625,-0.202625,0.027000,0.427413,-0.555423,0.093110,-3.141581,0.000014,0.000019
6.416562,-1.926239,-0.476284,-12.703751,-0.038625,-0.202625,0.027000,0.427431,-0.555325,0.093098,-3.141572,0.000025,0.000011
6.420570,-2.016250,-0.326252,-12.633750,-0.049625,-0.199625,0.027000,0.427503,-0.555140,0.093119,-3.141590,0.000003,0.000023
6.424554,-2.016253,-0.326244,-12.633750,-0.049625,-0.199625,0.027000,0.427530,-0.555053,0.093122,3.141591,-0.000002,0.000010
6.428559,-2.016253,-0.326242,-12.633750,-0.049625,-0.199625,0.027000,0.427556,-0.554967,0.093122,3.141589,-0.000004,0.000004
6.432538,-2.016252,-0.326247,-12.633750,-0.049625,-0.199625,0.027000,0.427583,-0.554880,0.093121,3.141592,-0.000000,-0.000002
6.436505,-2.016255,-0.326239,-12.633750,-0.049625,-0.199625,0.027000,0.427608,-0.554797,0.093123,3.141587,-0.000006,-0.000013
6.440549,-2.016255,-0.326237,-12.633750,-0.049625,-0.199625,0.027000,0.427637,-0.554712,0.093123,3.141586,-0.000008,-0.000012
6.444481,-2.016258,-0.326228,-12.633749,-0.049625,-0.199625,0.027000,0.427663,-0.554629,0.093125,3.141581,-0.000013,-0.000010
6.448539,-2.016257,-0.326232,-12.633750,-0.049625,-0.199625,0.027000,0.427689,-0.554546,0.093122,3.141583,-0.000011,-0.000000
6.452544,-2.016258,-0.326230,-12.633749,-0.049625,-0.199625,0.027000,0.427715,-0.554463,0.093123,3.141582,-0.000013,0.000003
6.456534,-1.956255,-0.336239,-12.243750,-0.048625,-0.191625,0.026000,0.427737,-0.554381,0.093118,3.141587,-0.000006,0.000008
6.460527,-1.956254,-0.336242,-12.243750,-0.048625,-0.191625,0.026000,0.427763,-0.554298,0.093115,3.141589,-0.000004,0.000010
6.464497,-1.956250,-0.336252,-12.243750,-0.048625,-0.191625,0.026000,0.427791,-0.554213,0.093112,-3.141590,0.000003,0.000024
6.468541,-1.956247,-0.336261,-12.243750,-0.048625,-0.191625,0.026000,0.427813,-0.554131,0.093107,-3.141585,0.000009,0.000029
6.472537,-1.956245,-0.336266,-12.243751,-0.048625,-0.191625,0.026000,0.427840,-0.554049,0.093105,-3.141582,0.000013,0.000005
6.476537,-1.956245,-0.336266,-12.243751,-0.048625,-0.191625,0.026000,0.427840,-0.554049,0.093105,-3.141582,0.000013,0.000005
6.480541,-1.956247,-0.336260,-12.243750,-0.048625,-0.191625,0.026000,0.427893,-0.553884,0.093104,-3.141586,0.000008,0.000044
6.484538,-1.956246,-0.336263,-12.243751,-0.048625,-0.191625,0.026000,0.427919,-0.553801,0.093101,-3.141584,0.000010,0.000047
6.488541,-1.956250,-0.336252,-12.243750,-0.048625,-0.191625,0.026000,0.427947,-0.553720,0.093101,-3.141590,0.000003,0.000050
6.492544,-1.956249,-0.336255,-12.243750,-0.048625,-0.191625,0.026000,0.427973,-0.553637,0.093098,-3.141588,0.000005,0.000052
6.496540,-1.956250,-0.336251,-12.243750,-0.048625,-0.191625,0.026000,0.427999,-0.553555,0.093096,-3.141591,0.000002,0.000048
6.500539,-1.776251,-0.476249,-11.743750,-0.034625,-0.184625,0.025000,0.428026,-0.553472,0.093096,-3.141592,0.000001,0.000044
6.504542,-1.776251,-0.476247,-11.743750,-0.034625,-0.184625,0.025000,0.428052,-0.553389,0.093096,3.141593,-0.000000,0.000040
6.508549,-1.776250,-0.476250,-11.743750,-0.034625,-0.184625,0.025000,0.428077,-0.553307,0.093094,-3.141591,0.000002,0.000030
6.512541,-1.776249,-0.476254,-11.743750,-0.034625,-0.184625,0.025000,0.428102,-0.553223,0.093092,-3.141589,0.000005,-0.000008
6.516539,-1.776248,-0.476258,-11.743750,-0.034625,-0.184625,0.025000,0.428130,-0.553138,0.093089,-3.141587,0.000007,0.000019
6.520541,-1.776246,-0.476262,-11.743751,-0.034625,-0.184625,0.025000,0.428155,-0.553054,0.093087,-3.141584,0.000010,0.000009
6.524502,-1.776244,-0.476267,-11.743751,-0.034625,-0.184625,0.025000,0.428180,-0.552971,0.093087,-3.141581,0.000014,-0.000029
6.528541,-1.776234,-0.476297,-11.743752,-0.034624,-0.184625,0.025000,0.428194,-0.552878,0.093071,-3.141564,0.000034,-0.000040
6.532538,-1.776239,-0.476282,-11.743751,-0.034625,-0.184625,0.025000,0.428218,-0.552794,0.093083,-3.141573,0.000024,-0.000044
6.536539,-1.776240,-0.476280,-11.743751,-0.034625,-0.184625,0.025000,0.428262,-0.552698,0.093083,-3.141574,0.000023,-0.000016
6.540539,-1.876241,-0.406277,-11.983751,-0.036625,-0.192625,0.025000,0.428289,-0.552612,0.093082,-3.141576,0.000020,-0.000016
6.544540,-1.876252,-0.406246,-11.983750,-0.036625,-0.192625,0.025000,0.428316,-0.552530,0.093086,3.141592,-0.000001,-0.000047
6.548539,-1.876243,-0.406272,-11.983751,-0.036625,-0.192625,0.025000,0.428341,-0.552443,0.093082,-3.141578,0.000017,-0.000013
6.552538,-1.876244,-0.406269,-11.983750,-0.036625,-0.192625,0.025000,0.428366,-0.552360,0.093081,-3.141580,0.000015,-0.000010
6.556539,-1.876243,-0.406271,-11.983751,-0.036625,-0.192625,0.025000,0.428393,-0.552274,0.093077,-3.141579,0.000016,0.000004
6.560539,-1.876245,-0.406266,-11.983750,-0.036625,-0.192625,0.025000,0.428420,-0.552188,0.093074,-3.141582,0.000013,0.000011
6.564541,-1.876247,-0.406261,-11.983750,-0.036625,-0.192625,0.025000,0.428443,-0.552103,0.093072,-3.141585,0.000009,0.000021
6.568544,-1.876249,-0.406256,-11.983750,-0.036625,-0.192625,0.025000,0.428470,-0.552017,0.093069,-3.141588,0.000006,0.000028
6.572543,-1.876246,-0.406264,-11.983750,-0.036625,-0.192625,0.025000,0.428495,-0.551930,0.093063,-3.141583,0.000011,0.000035
6.576543,-1.886248,-0.396258,-12.043750,-0.037625,-0.193625,0.024000,0.428520,-0.551847,0.093060,-3.141587,0.000007,0.000038
6.580513,-1.856247,-0.366260,-12.113750,-0.036625,-0.195625,0.024000,0.428546,-0.551760,0.093057,-3.141585,0.000009,0.000045
6.584530,-1.856247,-0.366261,-12.113750,-0.036625,-0.195625,0.024000,0.428572,-0.551673,0.093051,-3.141585,0.000009,0.000052
6.588537,-1.856248,-0.366257,-12.113750,-0.036625,-0.195625,0.024000,0.428597,-0.551590,0.093050,-3.141587,0.000007,0.000048
6.592539,-1.856250,-0.366253,-12.113750,-0.036625,-0.195625,0.024000,0.428625,-0.551505,0.093048,-3.141590,0.000004,0.000062
6.596506,-1.856254,-0.366241,-12.113750,-0.036625,-0.195625,0.024000,0.428652,-0.551423,0.093046,3.141589,-0.000004,0.000058
6.600536,-1.856258,-0.366228,-12.113749,-0.036625,-0.195625,0.024000,0.428679,-0.551339,0.093044,3.141581,-0.000014,0.000059
6.604540,-1.856258,-0.366228,-12.113749,-0.036625,-0.195625,0.024000,0.428679,-0.551339,0.093044,3.141581,-0.000014,0.000059
6.608540,-1.856263,-0.366216,-12.113749,-0.036625,-0.195625,0.024000,0.428732,-0.551170,0.093037,3.141575,-0.000022,0.000049
6.612539,-1.856265,-0.366211,-12.113749,-0.036625,-0.195625,0.024000,0.428759,-0.551085,0.093033,3.141571,-0.000026,0.000042
6.616539,-1.856265,-0.366211,-12.113749,-0.036625,-0.195625,0.024000,0.428759,-0.551085,0.093033,3.141571,-0.000026,0.000042
6.620520,-1.856268,-0.366200,-12.113749,-0.036626,-0.195625,0.024000,0.428784,-0.551002,0.093033,3.141565,-0.000033,0.000032
6.624540,-1.856268,-0.366200,-12.113749,-0.036626,-0.195625,0.024000,0.428784,-0.551002,0.093033,3.141565,-0.000033,0.000032
6.628539,-1.906264,-0.446211,-12.263749,-0.037625,-0.197625,0.026000,0.428834,-0.550831,0.093025,3.141572,-0.000025,0.000008
6.632565,-1.906251,-0.446248,-12.263750,-0.037625,-0.197625,0.026000,0.428872,-0.550647,0.093002,-3.141592,0.000000,-0.000031
6.636538,-1.906257,-0.446233,-12.263750,-0.037625,-0.197625,0.026000,0.428913,-0.550549,0.093014,3.141584,-0.000010,0.000003
6.640540,-1.906258,-0.446230,-12.263750,-0.037625,-0.197625,0.026000,0.428935,-0.550468,0.093013,3.141582,-0.000012,0.000001
6.644545,-1.906254,-0.446240,-12.263750,-0.037625,-0.197625,0.026000,0.428960,-0.550380,0.093009,3.141588,-0.000005,0.000008
6.648539,-1.906255,-0.446236,-12.263750,-0.037625,-0.197625,0.026000,0.428982,-0.550299,0.093008,3.141586,-0.000008,0.000007
6.652537,-1.906258,-0.446228,-12.263750,-0.037625,-0.197625,0.026000,0.429007,-0.550216,0.093010,3.141581,-0.000014,0.000016
6.656541,-1.906257,-0.446232,-12.263750,-0.037625,-0.197625,0.026000,0.429033,-0.550130,0.093008,3.141584,-0.000011,0.000023
6.660544,-2.066255,-0.396236,-12.843750,-0.046625,-0.204625,0.027000,0.429057,-0.550046,0.093006,3.141586,-0.000008,0.000033
6.664538,-2.066254,-0.396240,-12.843750,-0.046625,-0.204625,0.027000,0.429081,-0.549962,0.093005,3.141588,-0.000005,0.000042
6.668538,-2.066257,-0.396232,-12.843750,-0.046625,-0.204625,0.027000,0.429106,-0.549878,0.093007,3.141584,-0.000011,0.000045
6.672548,-2.066257,-0.396232,-12.843750,-0.046625,-0.204625,0.027000,0.429106,-0.549878,0.093007,3.141584,-0.000011,0.000045
6.676540,-2.066249,-0.396253,-12.843750,-0.046625,-0.204625,0.027000,0.429149,-0.549707,0.093000,-3.141590,0.000004,0.000057
6.680539,-2.066246,-0.396264,-12.843750,-0.046625,-0.204625,0.027000,0.429170,-0.549620,0.092998,-3.141583,0.000011,0.000060
6.684498,-2.066244,-0.396269,-12.843751,-0.046625,-0.204625,0.027000,0.429192,-0.549535,0.092997,-3.141580,0.000015,0.000063
6.688520,-2.066243,-0.396272,-12.843751,-0.046625,-0.204625,0.027000,0.429215,-0.549451,0.092994,-3.141579,0.000017,0.000065
6.692540,-2.066241,-0.396277,-12.843751,-0.046625,-0.204625,0.027000,0.429238,-0.549365,0.092993,-3.141576,0.000020,0.000068
6.696539,-2.066244,-0.396268,-12.843751,-0.046625,-0.204625,0.027000,0.429262,-0.549282,0.092995,-3.141581,0.000015,0.000064
6.700548,-2.296244,-0.246267,-13.133751,-0.052625,-0.215625,0.028000,0.429286,-0.549198,0.092996,-3.141581,0.000014,0.000060
6.704539,-2.296246,-0.246264,-13.133750,-0.052625,-0.215625,0.028000,0.429313,-0.549113,0.092995,-3.141583,0.000012,0.000067
6.708539,-2.296246,-0.246264,-13.133750,-0.052625,-0.215625,0.028000,0.429313,-0.549113,0.092995,-3.141583,0.000012,0.000067
6.712542,-2.296252,-0.246246,-13.133750,-0.052625,-0.215625,0.028000,0.429363,-0.548947,0.092998,3.141592,-0.000001,0.000059
6.716539,-2.296260,-0.246223,-13.133749,-0.052625,-0.215625,0.028000,0.429388,-0.548865,0.093002,3.141579,-0.000017,0.000055
6.720540,-2.296259,-0.246226,-13.133749,-0.052625,-0.215625,0.028000,0.429411,-0.548780,0.092999,3.141580,-0.000015,0.000051
6.724539,-2.296271,-0.246191,-13.133748,-0.052626,-0.215625,0.028000,0.429436,-0.548697,0.092999,3.141560,-0.000039,0.000020
6.728545,-2.296262,-0.246216,-13.133749,-0.052625,-0.215625,0.028000,0.429459,-0.548609,0.092994,3.141575,-0.000022,0.000014
6.732537,-2.296262,-0.246216,-13.133749,-0.052625,-0.215625,0.028000,0.429459,-0.548609,0.092994,3.141575,-0.000022,0.000014
6.736538,-2.246264,-0.326211,-13.343749,-0.048625,-0.216625,0.028000,0.429514,-0.548416,0.092985,3.141571,-0.000026,0.000042
6.740541,-2.246268,-0.326200,-13.343749,-0.048626,-0.216625,0.028000,0.429539,-0.548332,0.092985,3.141565,-0.000033,0.000038
6.744541,-2.246268,-0.326200,-13.343749,-0.048626,-0.216625,0.028000,0.429539,-0.548332,0.092985,3.141565,-0.000033,0.000038
6.748539,-2.246269,-0.326198,-13.343749,-0.048626,-0.216625,0.028000,0.429594,-0.548159,0.092980,3.141564,-0.000035,0.000050
6.752540,-2.246268,-0.326200,-13.343749,-0.048626,-0.216625,0.028000,0.429620,-0.548074,0.092976,3.141565,-0.000033,0.000051
6.756546,-2.246268,-0.326200,-13.343749,-0.048626,-0.216625,0.028000,0.429620,-0.548074,0.092976,3.141565,-0.000033,0.000051
6.760495,-2.246267,-0.326203,-13.343749,-0.048626,-0.216625,0.028000,0.429648,-0.547989,0.092973,3.141567,-0.000031,0.000051
6.764536,-2.246270,-0.326195,-13.343748,-0.048626,-0.216625,0.028000,0.429702,-0.547819,0.092970,3.141562,-0.000037,0.000059
6.768538,-2.246270,-0.326195,-13.343748,-0.048626,-0.216625,0.028000,0.429702,-0.547819,0.092970,3.141562,-0.000037,0.000059
6.772539,-2.246271,-0.326192,-13.343748,-0.048626,-0.216625,0.028000,0.429728,-0.547733,0.092969,3.141560,-0.000039,0.000060
6.776539,-2.246268,-0.326201,-13.343749,-0.048626,-0.216625,0.028000,0.429754,-0.547647,0.092964,3.141566,-0.000033,0.000060
6.780513,-2.216264,-0.476211,-13.243749,-0.037625,-0.219625,0.030000,0.429778,-0.547560,0.092960,3.141571,-0.000026,0.000061
6.784521,-2.216258,-0.476230,-13.243749,-0.037625,-0.219625,0.030000,0.429828,-0.547386,0.092952,3.141582,-0.000012,0.000062
6.788499,-2.216258,-0.476230,-13.243749,-0.037625,-0.219625,0.030000,0.429828,-0.547386,0.092952,3.141582,-0.000012,0.000062
6.792540,-2.216252,-0.476247,-13.243750,-0.037625,-0.219625,0.030000,0.429852,-0.547299,0.092947,3.141593,-0.000000,0.000055
6.796538,-2.216248,-0.476256,-13.243750,-0.037625,-0.219625,0.030000,0.429877,-0.547213,0.092943,-3.141588,0.000006,0.000056
6.800537,-2.216244,-0.476268,-13.243750,-0.037625,-0.219625,0.030000,0.429902,-0.547126,0.092940,-3.141581,0.000014,0.000056
6.804545,-2.216243,-0.476272,-13.243750,-0.037625,-0.219625,0.030000,0.429931,-0.547038,0.092939,-3.141579,0.000017,0.000061
6.808537,-2.216239,-0.476283,-13.243751,-0.037625,-0.219625,0.030000,0.429956,-0.546952,0.092936,-3.141572,0.000025,0.000062
6.812539,-2.216239,-0.476283,-13.243751,-0.037625,-0.219625,0.030000,0.429956,-0.546952,0.092936,-3.141572,0.000025,0.000062
6.816540,-2.216241,-0.476279,-13.243751,-0.037625,-0.219625,0.030000,0.430014,-0.546762,0.092936,-3.141575,0.000022,0.000049
6.820540,-2.216241,-0.476279,-13.243751,-0.037625,-0.219625,0.030000,0.430014,-0.546762,0.092936,-3.141575,0.000022,0.000049
6.824541,-2.246243,-0.426273,-13.483751,-0.041625,-0.222625,0.030000,0.430063,-0.546612,0.092935,-3.141578,0.000018,0.000050
6.828540,-2.246251,-0.426247,-13.483750,-0.041625,-0.222625,0.030000,0.430090,-0.546527,0.092936,3.141593,-0.000000,0.000010
6.832540,-2.246243,-0.426272,-13.483751,-0.041625,-0.222625,0.030000,0.430113,-0.546439,0.092931,-3.141578,0.000017,0.000045
6.836540,-2.246245,-0.426266,-13.483751,-0.041625,-0.222625,0.030000,0.430137,-0.546356,0.092927,-3.141582,0.000013,0.000007
6.840539,-2.246251,-0.426249,-13.483750,-0.041625,-0.222625,0.030000,0.430172,-0.546253,0.092929,-3.141592,0.000001,0.000035
6.844542,-2.246257,-0.426233,-13.483750,-0.041625,-0.222625,0.030000,0.430197,-0.546172,0.092930,3.141584,-0.000011,0.000037
6.848541,-2.246260,-0.426222,-13.483750,-0.041625,-0.222625,0.030000,0.430226,-0.546088,0.092930,3.141578,-0.000018,0.000038
6.852544,-2.246261,-0.426220,-13.483750,-0.041625,-0.222625,0.030000,0.430251,-0.546006,0.092931,3.141577,-0.000019,0.000034
6.856541,-2.276264,-0.406210,-14.143749,-0.047625,-0.227625,0.032000,0.430277,-0.545924,0.092931,3.141571,-0.000026,0.000036
6.860546,-2.276266,-0.406206,-14.143749,-0.047626,-0.227625,0.032000,0.430302,-0.545842,0.092929,3.141569,-0.000029,0.000039
6.864541,-2.276268,-0.406198,-14.143749,-0.047626,-0.227625,0.032000,0.430328,-0.545760,0.092931,3.141564,-0.000035,0.000035
6.868541,-2.276272,-0.406188,-14.143748,-0.047626,-0.227625,0.032000,0.430357,-0.545677,0.092931,3.141558,-0.000042,0.000036
6.872539,-2.276273,-0.406185,-14.143748,-0.047626,-0.227625,0.032000,0.430383,-0.545595,0.092930,3.141557,-0.000044,0.000032
6.876539,-2.276274,-0.406180,-14.143748,-0.047626,-0.227625,0.032000,0.430410,-0.545511,0.092928,3.141554,-0.000047,0.000032
6.880539,-2.276276,-0.406177,-14.143748,-0.047626,-0.227625,0.032000,0.430437,-0.545430,0.092926,3.141552,-0.000050,0.000028
6.884540,-2.276275,-0.406180,-14.143748,-0.047626,-0.227625,0.032000,0.430461,-0.545347,0.092924,3.141554,-0.000048,0.000024
6.888540,-2.276274,-0.406183,-14.143748,-0.047626,-0.227625,0.032000,0.430488,-0.545262,0.092921,3.141555,-0.000046,0.000025
6.892497,-2.276273,-0.406185,-14.143748,-0.047626,-0.227625,0.032000,0.430513,-0.545180,0.092917,3.141557,-0.000044,0.000021
6.896539,-2.296272,-0.426187,-14.233749,-0.048626,-0.229625,0.033000,0.430541,-0.545097,0.092913,3.141558,-0.000043,0.000021
6.900540,-2.356269,-0.526197,-14.393749,-0.049626,-0.229625,0.034000,0.430565,-0.545013,0.092910,3.141564,-0.000035,0.000017
6.904540,-2.356270,-0.526194,-14.393749,-0.049626,-0.229625,0.034000,0.430594,-0.544931,0.092908,3.141562,-0.000038,0.000018
6.908547,-2.356266,-0.526204,-14.393749,-0.049626,-0.229625,0.034000,0.430618,-0.544847,0.092905,3.141568,-0.000031,0.000014
6.912539,-2.356263,-0.526215,-14.393749,-0.049625,-0.229625,0.034000,0.430642,-0.544764,0.092902,3.141574,-0.000023,0.000010
6.916544,-2.356261,-0.526219,-14.393749,-0.049625,-0.229625,0.034000,0.430669,-0.544680,0.092900,3.141576,-0.000020,0.000010
6.920539,-2.356262,-0.526218,-14.393749,-0.049625,-0.229625,0.034000,0.430696,-0.544599,0.092901,3.141576,-0.000021,0.000013
6.924539,-2.356258,-0.526228,-14.393750,-0.049625,-0.229625,0.034000,0.430722,-0.544514,0.092898,3.141582,-0.000014,0.000020
6.928541,-2.356252,-0.526246,-14.393750,-0.049625,-0.229625,0.034000,0.430745,-0.544430,0.092894,3.141592,-0.000001,0.000016
6.932537,-2.356250,-0.526251,-14.393750,-0.049625,-0.229625,0.034000,0.430770,-0.544348,0.092892,-3.141591,0.000002,0.000019
6.936539,-2.386249,-0.436255,-14.633750,-0.049625,-0.233625,0.035000,0.430795,-0.544266,0.092891,-3.141588,0.000005,0.000022
6.940540,-2.386250,-0.436252,-14.633750,-0.049625,-0.233625,0.035000,0.430823,-0.544182,0.092890,-3.141590,0.000003,0.000029
6.944539,-2.386247,-0.436262,-14.633750,-0.049625,-0.233625,0.035000,0.430845,-0.544102,0.092886,-3.141584,0.000010,0.000027
6.948540,-2.386250,-0.436253,-14.633750,-0.049625,-0.233625,0.035000,0.430875,-0.544019,0.092887,-3.141589,0.000004,0.000034
6.952540,-2.386251,-0.436250,-14.633750,-0.049625,-0.233625,0.035000,0.430898,-0.543939,0.092886,-3.141591,0.000002,0.000032
6.956532,-2.386250,-0.436253,-14.633750,-0.049625,-0.233625,0.035000,0.430922,-0.543856,0.092884,-3.141589,0.000004,0.000028
6.960512,-2.386253,-0.436243,-14.633750,-0.049625,-0.233625,0.035000,0.430942,-0.543766,0.092884,3.141590,-0.000004,0.000002
6.964540,-2.386257,-0.436232,-14.633750,-0.049625,-0.233625,0.035000,0.430965,-0.543687,0.092884,3.141584,-0.000011,-0.000007
6.968539,-2.386254,-0.436241,-14.633750,-0.049625,-0.233625,0.035000,0.431005,-0.543589,0.092879,3.141589,-0.000004,0.000021
6.972539,-2.386255,-0.436236,-14.633750,-0.049625,-0.233625,0.035000,0.431030,-0.543508,0.092876,3.141586,-0.000008,0.000017
6.976543,-2.386259,-0.436226,-14.633749,-0.049625,-0.233625,0.035000,0.431056,-0.543426,0.092876,3.141580,-0.000015,0.000020
6.980537,-2.486261,-0.456220,-15.153750,-0.051625,-0.245625,0.036000,0.431082,-0.543345,0.092873,3.141577,-0.000019,0.000009
6.984540,-2.486262,-0.456216,-15.153750,-0.051625,-0.245625,0.036000,0.431106,-0.543262,0.092871,3.141575,-0.000022,0.000005
6.988539,-2.486262,-0.456218,-15.153750,-0.051625,-0.245625,0.036000,0.431129,-0.543178,0.092866,3.141576,-0.000021,0.000001
6.992538,-2.486263,-0.456212,-15.153749,-0.051625,-0.245625,0.036000,0.431154,-0.543097,0.092863,3.141572,-0.000025,-0.000003
6.996500,-2.486267,-0.456202,-15.153749,-0.051626,-0.245625,0.036000,0.431180,-0.543015,0.092863,3.141567,-0.000032,-0.000007
7.000549,-2.486269,-0.456197,-15.153749,-0.051626,-0.245625,0.036000,0.431206,-0.542934,0.092860,3.141564,-0.000036,-0.000004
7.004540,-2.486272,-0.456188,-15.153749,-0.051626,-0.245625,0.036000,0.431233,-0.542853,0.092862,3.141559,-0.000042,-0.000008
7.008538,-2.486275,-0.456177,-15.153748,-0.051626,-0.245625,0.036000,0.431260,-0.542773,0.092861,3.141552,-0.000050,-0.000006
7.012540,-2.486276,-0.456175,-15.153748,-0.051626,-0.245625,0.036000,0.431288,-0.542690,0.092861,3.141551,-0.000051,0.000008
7.016538,-2.406273,-0.566183,-15.503748,-0.044626,-0.248625,0.036000,0.431312,-0.542607,0.092855,3.141556,-0.000045,0.000004
7.020539,-2.406270,-0.566191,-15.503748,-0.044626,-0.248625,0.036000,0.431335,-0.542524,0.092850,3.141561,-0.000040,0.000014
7.024540,-2.406271,-0.566188,-15.503748,-0.044626,-0.248625,0.036000,0.431360,-0.542442,0.092849,3.141559,-0.000042,0.000023
7.028542,-2.406268,-0.566199,-15.503748,-0.044626,-0.248625,0.036000,0.431386,-0.542357,0.092846,3.141565,-0.000034,0.000031
7.032501,-2.406266,-0.566204,-15.503749,-0.044626,-0.248625,0.036000,0.431411,-0.542275,0.092844,3.141567,-0.000031,0.000033
7.036498,-2.406261,-0.566220,-15.503749,-0.044625,-0.248625,0.036000,0.431434,-0.542188,0.092839,3.141577,-0.000019,0.000041
7.040538,-2.406259,-0.566224,-15.503749,-0.044625,-0.248625,0.036000,0.431459,-0.542102,0.092837,3.141579,-0.000017,0.000048
7.044540,-2.406254,-0.566241,-15.503750,-0.044625,-0.248625,0.036000,0.431486,-0.542013,0.092832,3.141589,-0.000005,0.000059
7.048538,-2.406252,-0.566246,-15.503750,-0.044625,-0.248625,0.036000,0.431511,-0.541928,0.092832,3.141592,-0.000001,0.000060
7.052539,-2.406250,-0.566252,-15.503750,-0.044625,-0.248625,0.036000,0.431537,-0.541843,0.092831,-3.141590,0.000003,0.000054
7.056539,-2.406251,-0.566249,-15.503750,-0.044625,-0.248625,0.036000,0.431564,-0.541759,0.092831,-3.141592,0.000001,0.000054
7.060540,-2.466249,-0.576254,-15.823750,-0.045625,-0.252625,0.037000,0.431590,-0.541674,0.092830,-3.141589,0.000005,0.000048
7.064539,-2.466247,-0.576260,-15.823750,-0.045625,-0.252625,0.037000,0.431618,-0.541587,0.092830,-3.141586,0.000009,0.000046
7.068539,-2.466246,-0.576264,-15.823750,-0.045625,-0.252625,0.037000,0.431643,-0.541501,0.092828,-3.141583,0.000012,0.000040
7.072538,-2.466247,-0.576261,-15.823750,-0.045625,-0.252625,0.037000,0.431670,-0.541417,0.092828,-3.141585,0.000010,0.000034
7.076538,-2.466243,-0.576272,-15.823750,-0.045625,-0.252625,0.037000,0.431700,-0.541309,0.092825,-3.141579,0.000017,0.000025
7.080539,-2.466242,-0.576276,-15.823750,-0.045625,-0.252625,0.037000,0.431727,-0.541221,0.092823,-3.141577,0.000020,0.000024
7.084540,-2.466250,-0.576251,-15.823750,-0.045625,-0.252625,0.037000,0.431748,-0.541159,0.092825,-3.141591,0.000002,-0.000014
7.088541,-2.466248,-0.576259,-15.823750,-0.045625,-0.252625,0.037000,0.431771,-0.541071,0.092819,-3.141586,0.000008,-0.000020
7.092540,-2.466231,-0.576309,-15.823751,-0.045624,-0.252625,0.037000,0.431784,-0.540973,0.092799,-3.141558,0.000043,-0.000022
7.096539,-2.466240,-0.576282,-15.823751,-0.045625,-0.252625,0.037000,0.431821,-0.540897,0.092814,-3.141573,0.000024,0.000005
7.100497,-2.536244,-0.456270,-16.223751,-0.057625,-0.255625,0.037000,0.431850,-0.540811,0.092813,-3.141580,0.000016,-0.000023
7.104538,-2.536239,-0.456284,-16.223751,-0.057625,-0.255625,0.037000,0.431865,-0.540716,0.092798,-3.141572,0.000026,-0.000023
7.108539,-2.536251,-0.456249,-16.223750,-0.057625,-0.255625,0.037000,0.431911,-0.540620,0.092813,-3.141592,0.000001,0.000003
7.112542,-2.536251,-0.456249,-16.223750,-0.057625,-0.255625,0.037000,0.431911,-0.540620,0.092813,-3.141592,0.000001,0.000003
7.116550,-2.536252,-0.456245,-16.223750,-0.057625,-0.255625,0.037000,0.431939,-0.540534,0.092811,3.141591,-0.000002,0.000014
7.120541,-2.536258,-0.456227,-16.223750,-0.057625,-0.255625,0.037000,0.431967,-0.540451,0.092812,3.141581,-0.000014,0.000022
7.124540,-2.536262,-0.456217,-16.223749,-0.057625,-0.255625,0.037000,0.431995,-0.540368,0.092812,3.141575,-0.000022,0.000029
7.128541,-2.536275,-0.456205,-16.223749,-0.057626,-0.255625,0.037000,0.432050,-0.540197,0.092811,3.141562,-0.000027,0.000055
7.132540,-2.536274,-0.456206,-16.223749,-0.057626,-0.255625,0.037000,0.432077,-0.540110,0.092807,3.141563,-0.000026,0.000066
7.136542,-2.536269,-0.456221,-16.223750,-0.057625,-0.255625,0.037000,0.432101,-0.540020,0.092800,3.141572,-0.000015,0.000078
7.140541,-2.636264,-0.516237,-16.413750,-0.058625,-0.260625,0.039000,0.432124,-0.539933,0.092793,3.141580,-0.000005,0.000079
7.144539,-2.636262,-0.516244,-16.413750,-0.058625,-0.260625,0.039000,0.432149,-0.539844,0.092787,3.141584,0.000001,0.000084
7.148539,-2.636260,-0.516248,-16.413750,-0.058625,-0.260625,0.039000,0.432176,-0.539756,0.092785,3.141587,0.000003,0.000089
7.152539,-2.636257,-0.516258,-16.413750,-0.058625,-0.260625,0.039000,0.432201,-0.539666,0.092782,3.141593,0.000011,0.000087
7.156539,-2.636256,-0.516261,-16.413750,-0.058625,-0.260625,0.039000,0.432229,-0.539579,0.092779,-3.141591,0.000013,0.000085
7.160542,-2.636254,-0.516267,-16.413750,-0.058625,-0.260625,0.039000,0.432256,-0.539492,0.092779,-3.141588,0.000017,0.000083
7.164537,-2.636252,-0.516272,-16.413751,-0.058625,-0.260625,0.039000,0.432284,-0.539405,0.092778,-3.141585,0.000021,0.000082
7.168540,-2.636252,-0.516272,-16.413751,-0.058625,-0.260625,0.039000,0.432313,-0.539319,0.092780,-3.141585,0.000020,0.000073
7.172551,-2.636251,-0.516278,-16.413751,-0.058625,-0.260625,0.039000,0.432341,-0.539232,0.092780,-3.141582,0.000024,0.000058
7.176545,-2.646253,-0.616270,-16.593751,-0.056625,-0.262625,0.040000,0.432370,-0.539147,0.092782,-3.141586,0.000019,0.000050
7.180504,-2.646249,-0.616281,-16.593751,-0.056625,-0.262625,0.040000,0.432396,-0.539058,0.092780,-3.141580,0.000027,0.000041
7.184541,-2.646246,-0.616293,-16.593752,-0.056625,-0.262625,0.040000,0.432422,-0.538970,0.092778,-3.141573,0.000035,0.000026
7.188539,-2.646246,-0.616292,-16.593752,-0.056625,-0.262625,0.040000,0.432449,-0.538882,0.092779,-3.141574,0.000034,0.000011
7.192540,-2.646245,-0.616296,-16.593752,-0.056624,-0.262625,0.040000,0.432475,-0.538794,0.092777,-3.141571,0.000037,0.000002
7.196546,-2.646245,-0.616295,-16.593752,-0.056624,-0.262625,0.040000,0.432504,-0.538704,0.092779,-3.141572,0.000037,-0.000002
7.200539,-2.646244,-0.616299,-16.593752,-0.056624,-0.262625,0.040000,0.432531,-0.538616,0.092777,-3.141570,0.000039,-0.000003
7.204499,-2.646244,-0.616298,-16.593752,-0.056624,-0.262625,0.040000,0.432557,-0.538528,0.092778,-3.141570,0.000039,0.000002
7.208541,-2.646243,-0.616302,-16.593752,-0.056624,-0.262625,0.040000,0.432584,-0.538440,0.092777,-3.141568,0.000042,0.000020
7.212504,-2.646245,-0.616295,-16.593752,-0.056624,-0.262625,0.040000,0.432612,-0.538354,0.092780,-3.141572,0.000037,0.000032
7.216539,-2.646245,-0.616295,-16.593752,-0.056624,-0.262625,0.040000,0.432612,-0.538354,0.092780,-3.141572,0.000037,0.000032
7.220549,-2.716251,-0.546278,-17.073751,-0.055625,-0.272625,0.039000,0.432669,-0.538178,0.092783,-3.141582,0.000024,0.000053
7.224522,-2.716253,-0.546271,-17.073750,-0.055625,-0.272625,0.039000,0.432697,-0.538091,0.092787,-3.141586,0.000019,0.000065
7.228546,-2.716256,-0.546262,-17.073750,-0.055625,-0.272625,0.039000,0.432723,-0.538007,0.092788,-3.141591,0.000013,0.000065
7.232536,-2.716260,-0.546249,-17.073750,-0.055625,-0.272625,0.039000,0.432753,-0.537922,0.092793,3.141587,0.000004,0.000077
7.236540,-2.716261,-0.546247,-17.073750,-0.055625,-0.272625,0.039000,0.432778,-0.537837,0.092793,3.141586,0.000003,0.000084
7.240498,-2.716262,-0.546242,-17.073750,-0.055625,-0.272625,0.039000,0.432804,-0.537752,0.092791,3.141584,-0.000001,0.000085
7.244539,-2.716265,-0.546235,-17.073749,-0.055625,-0.272625,0.039000,0.432828,-0.537671,0.092794,3.141579,-0.000006,0.000054
7.248539,-2.716268,-0.546225,-17.073749,-0.055625,-0.272625,0.039000,0.432846,-0.537579,0.092795,3.141574,-0.000013,0.000054
7.252545,-2.716267,-0.546228,-17.073749,-0.055625,-0.272625,0.039000,0.432868,-0.537496,0.092792,3.141575,-0.000011,0.000050
7.256536,-2.746260,-0.556250,-17.003750,-0.052625,-0.274625,0.039000,0.432894,-0.537412,0.092776,3.141588,0.000005,0.000044
7.260545,-2.746267,-0.556228,-17.003749,-0.052625,-0.274625,0.039000,0.432934,-0.537316,0.092789,3.141575,-0.000011,0.000065
7.264546,-2.746270,-0.556219,-17.003749,-0.052625,-0.274625,0.039000,0.432960,-0.537235,0.092790,3.141570,-0.000017,0.000054
7.268550,-2.746267,-0.556227,-17.003749,-0.052625,-0.274625,0.039000,0.432985,-0.537150,0.092784,3.141575,-0.000011,0.000048
7.272539,-2.746271,-0.556214,-17.003749,-0.052625,-0.274625,0.039000,0.433015,-0.537070,0.092789,3.141567,-0.000021,0.000042
7.276540,-2.746271,-0.556214,-17.003749,-0.052625,-0.274625,0.039000,0.433015,-0.537070,0.092789,3.141567,-0.000021,0.000042
7.280540,-2.746268,-0.556224,-17.003749,-0.052625,-0.274625,0.039000,0.433039,-0.536987,0.092785,3.141573,-0.000014,0.000024
7.284540,-2.746268,-0.556226,-17.003749,-0.052625,-0.274625,0.039000,0.433091,-0.536823,0.092783,3.141574,-0.000012,0.000001
7.288540,-2.746264,-0.556236,-17.003750,-0.052625,-0.274625,0.039000,0.433116,-0.536738,0.092780,3.141580,-0.000005,-0.000006
7.292538,-2.746263,-0.556240,-17.003750,-0.052625,-0.274625,0.039000,0.433143,-0.536655,0.092777,3.141582,-0.000002,-0.000012
7.296541,-2.746263,-0.556240,-17.003750,-0.052625,-0.274625,0.039000,0.433143,-0.536655,0.092777,3.141582,-0.000002,-0.000012
7.300546,-2.596262,-0.596244,-16.613750,-0.049625,-0.265625,0.038000,0.433169,-0.536570,0.092776,3.141585,0.000001,-0.000018
7.304542,-2.596254,-0.596267,-16.613750,-0.049625,-0.265625,0.038000,0.433216,-0.536402,0.092771,-3.141588,0.000017,-0.000015
7.308500,-2.596254,-0.596267,-16.613750,-0.049625,-0.265625,0.038000,0.433216,-0.536402,0.092771,-3.141588,0.000017,-0.000015
7.312539,-2.596253,-0.596272,-16.613750,-0.049625,-0.265625,0.038000,0.433244,-0.536316,0.092770,-3.141585,0.000020,0.000004
7.316540,-2.596253,-0.596270,-16.613750,-0.049625,-0.265625,0.038000,0.433269,-0.536235,0.092770,-3.141586,0.000019,0.000006
7.320537,-2.596250,-0.596281,-16.613751,-0.049625,-0.265625,0.038000,0.433293,-0.536150,0.092767,-3.141580,0.000026,0.000020
7.324536,-2.596248,-0.596287,-16.613751,-0.049625,-0.265625,0.038000,0.433320,-0.536066,0.092767,-3.141577,0.000031,0.000027
7.328539,-2.596245,-0.596296,-16.613751,-0.049624,-0.265625,0.038000,0.433369,-0.535900,0.092764,-3.141572,0.000037,0.000044
7.332539,-2.596245,-0.596296,-16.613751,-0.049624,-0.265625,0.038000,0.433369,-0.535900,0.092764,-3.141572,0.000037,0.000044
7.336547,-2.596247,-0.596288,-16.613751,-0.049625,-0.265625,0.038000,0.433396,-0.535816,0.092767,-3.141576,0.000032,0.000045
7.340538,-2.716249,-0.456282,-16.603751,-0.061625,-0.265625,0.038000,0.433423,-0.535734,0.092771,-3.141580,0.000027,0.000052
7.344538,-2.716248,-0.456286,-16.603752,-0.061625,-0.265625,0.038000,0.433452,-0.535648,0.092769,-3.141577,0.000030,0.000057
7.348542,-2.716249,-0.456284,-16.603752,-0.061625,-0.265625,0.038000,0.433476,-0.535563,0.092770,-3.141578,0.000029,0.000051
7.352539,-2.716249,-0.456283,-16.603751,-0.061625,-0.265625,0.038000,0.433508,-0.535456,0.092771,-3.141579,0.000028,0.000049
7.356538,-2.716252,-0.456275,-16.603751,-0.061625,-0.265625,0.038000,0.433518,-0.535386,0.092773,-3.141583,0.000022,0.000011
7.360542,-2.716250,-0.456279,-16.603751,-0.061625,-0.265625,0.038000,0.433558,-0.535287,0.092772,-3.141581,0.000025,0.000037
7.364541,-2.716255,-0.456265,-16.603751,-0.061625,-0.265625,0.038000,0.433588,-0.535202,0.092776,-3.141589,0.000016,0.000035
7.368542,-2.716255,-0.456263,-16.603751,-0.061625,-0.265625,0.038000,0.433613,-0.535118,0.092776,-3.141590,0.000014,0.000029
7.372539,-2.716256,-0.456262,-16.603751,-0.061625,-0.265625,0.038000,0.433640,-0.535031,0.092777,-3.141591,0.000013,0.000020
7.376539,-2.716259,-0.426252,-16.973750,-0.064625,-0.266625,0.039000,0.433665,-0.534946,0.092778,3.141589,0.000006,0.000007
7.380548,-2.716260,-0.426250,-16.973750,-0.064625,-0.266625,0.039000,0.433690,-0.534861,0.092778,3.141588,0.000005,-0.000006
7.384539,-2.716265,-0.426235,-16.973750,-0.064625,-0.266625,0.039000,0.433717,-0.534778,0.092781,3.141579,-0.000006,-0.000019
7.388538,-2.716265,-0.426233,-16.973750,-0.064625,-0.266625,0.039000,0.433744,-0.534691,0.092782,3.141578,-0.000007,-0.000020
7.392538,-2.716268,-0.426225,-16.973750,-0.064625,-0.266625,0.039000,0.433770,-0.534608,0.092784,3.141574,-0.000013,-0.000020
7.396540,-2.716267,-0.426228,-16.973750,-0.064625,-0.266625,0.039000,0.433795,-0.534523,0.092781,3.141576,-0.000011,-0.000026
7.400541,-2.716268,-0.426225,-16.973750,-0.064625,-0.266625,0.039000,0.433823,-0.534437,0.092781,3.141574,-0.000013,-0.000028
7.404539,-2.716268,-0.426224,-16.973750,-0.064625,-0.266625,0.039000,0.433848,-0.534352,0.092781,3.141573,-0.000014,-0.000027
7.408538,-2.716269,-0.426222,-16.973750,-0.064625,-0.266625,0.039000,0.433875,-0.534269,0.092782,3.141572,-0.000015,-0.000020
7.412503,-2.716267,-0.426227,-16.973750,-0.064625,-0.266625,0.039000,0.433903,-0.534183,0.092780,3.141575,-0.000012,-0.000002
7.416543,-2.716264,-0.426237,-16.973750,-0.064625,-0.266625,0.039000,0.433926,-0.534098,0.092777,3.141581,-0.000004,-0.000001
7.420539,-2.826262,-0.426242,-16.713750,-0.061625,-0.271625,0.039000,0.433954,-0.534011,0.092776,3.141583,-0.000001,0.000017
7.424539,-2.826263,-0.426240,-16.713750,-0.061625,-0.271625,0.039000,0.433981,-0.533928,0.092776,3.141582,-0.000002,0.000024
7.428540,-2.826259,-0.426251,-16.713750,-0.061625,-0.271625,0.039000,0.434005,-0.533843,0.092773,3.141588,0.000005,0.000032
7.432539,-2.826258,-0.426256,-16.713750,-0.061625,-0.271625,0.039000,0.434030,-0.533759,0.092772,3.141591,0.000009,0.000039
7.436538,-2.826257,-0.426260,-16.713750,-0.061625,-0.271625,0.039000,0.434055,-0.533675,0.092771,-3.141592,0.000012,0.000046
7.440539,-2.826255,-0.426265,-16.713751,-0.061625,-0.271625,0.039000,0.434081,-0.533590,0.092769,-3.141589,0.000015,0.000053
7.444538,-2.826254,-0.426269,-16.713751,-0.061625,-0.271625,0.039000,0.434106,-0.533506,0.092768,-3.141587,0.000018,0.000054
7.448540,-2.826252,-0.426274,-16.713751,-0.061625,-0.271625,0.039000,0.434131,-0.533422,0.092767,-3.141584,0.000022,0.000061
7.452539,-2.826253,-0.426271,-16.713751,-0.061625,-0.271625,0.039000,0.434157,-0.533338,0.092766,-3.141586,0.000020,0.000062
7.456540,-2.826254,-0.426270,-16.713751,-0.061625,-0.271625,0.039000,0.434181,-0.533257,0.092767,-3.141587,0.000019,0.000051
7.460539,-2.686250,-0.566279,-16.603751,-0.051625,-0.268625,0.039000,0.434206,-0.533173,0.092762,-3.141581,0.000025,0.000045
7.464539,-2.686249,-0.566284,-16.603752,-0.051625,-0.268625,0.039000,0.434231,-0.533088,0.092761,-3.141579,0.000029,0.000012
7.468501,-2.686249,-0.566282,-16.603751,-0.051625,-0.268625,0.039000,0.434258,-0.533005,0.092762,-3.141579,0.000028,0.000039
7.472540,-2.686256,-0.566263,-16.603751,-0.051625,-0.268625,0.039000,0.434292,-0.532905,0.092769,-3.141590,0.000014,0.000026
7.476553,-2.686252,-0.566275,-16.603751,-0.051625,-0.268625,0.039000,0.434314,-0.532822,0.092767,-3.141583,0.000022,0.000015
7.480539,-2.686254,-0.566269,-16.603751,-0.051625,-0.268625,0.039000,0.434341,-0.532739,0.092771,-3.141587,0.000018,0.000009
7.484546,-2.686254,-0.566268,-16.603751,-0.051625,-0.268625,0.039000,0.434366,-0.532655,0.092773,-3.141587,0.000018,0.000003
7.488542,-2.686254,-0.566267,-16.603751,-0.051625,-0.268625,0.039000,0.434393,-0.532572,0.092773,-3.141588,0.000017,0.000003
7.492539,-2.686254,-0.566266,-16.603751,-0.051625,-0.268625,0.039000,0.434418,-0.532488,0.092775,-3.141588,0.000016,0.000004
7.496537,-2.686255,-0.566266,-16.603751,-0.051625,-0.268625,0.039000,0.434441,-0.532406,0.092777,-3.141589,0.000016,0.000007
7.500537,-2.716257,-0.566258,-16.793750,-0.049625,-0.272625,0.039000,0.434467,-0.532323,0.092779,3.141592,0.000011,0.000014
7.504537,-2.716255,-0.566264,-16.793751,-0.049625,-0.272625,0.039000,0.434490,-0.532237,0.092779,-3.141590,0.000014,0.000021
7.508538,-2.716257,-0.566257,-16.793750,-0.049625,-0.272625,0.039000,0.434517,-0.532155,0.092783,3.141592,0.000010,0.000022
7.512499,-2.716259,-0.566252,-16.793750,-0.049625,-0.272625,0.039000,0.434543,-0.532071,0.092787,3.141589,0.000006,0.000029
7.516541,-2.716262,-0.566244,-16.793750,-0.049625,-0.272625,0.039000,0.434568,-0.531987,0.092790,3.141584,0.000000,0.000043
7.520500,-2.716262,-0.566244,-16.793750,-0.049625,-0.272625,0.039000,0.434568,-0.531987,0.092790,3.141584,0.000000,0.000043
7.524539,-2.716260,-0.566250,-16.793750,-0.049625,-0.272625,0.039000,0.434594,-0.531904,0.092790,3.141588,0.000005,0.000050
7.528540,-2.716265,-0.566235,-16.793750,-0.049625,-0.272625,0.039000,0.434646,-0.531740,0.092795,3.141579,-0.000006,0.000053
7.532538,-2.716267,-0.566227,-16.793749,-0.049625,-0.272625,0.039000,0.434674,-0.531658,0.092798,3.141575,-0.000011,0.000060
7.536553,-2.716267,-0.566228,-16.793749,-0.049625,-0.272625,0.039000,0.434700,-0.531575,0.092801,3.141576,-0.000011,0.000068
7.540539,-2.686265,-0.456232,-16.603750,-0.057625,-0.265625,0.038000,0.434724,-0.531494,0.092798,3.141578,-0.000008,0.000070
7.544538,-2.686268,-0.456225,-16.603750,-0.057625,-0.265625,0.038000,0.434752,-0.531412,0.092801,3.141574,-0.000013,0.000071
7.548538,-2.686264,-0.456237,-16.603750,-0.057625,-0.265625,0.038000,0.434774,-0.531330,0.092799,3.141580,-0.000005,0.000074
7.552543,-2.686264,-0.456235,-16.603750,-0.057625,-0.265625,0.038000,0.434800,-0.531247,0.092800,3.141580,-0.000006,0.000074
7.556577,-2.686263,-0.456239,-16.603750,-0.057625,-0.265625,0.038000,0.434824,-0.531165,0.092798,3.141582,-0.000003,0.000070
7.560539,-2.686260,-0.456250,-16.603751,-0.057625,-0.265625,0.038000,0.434849,-0.531082,0.092795,3.141588,0.000005,0.000071
7.564542,-2.686258,-0.456255,-16.603751,-0.057625,-0.265625,0.038000,0.434872,-0.531000,0.092793,3.141590,0.000008,0.000067
7.568500,-2.686257,-0.456258,-16.603751,-0.057625,-0.265625,0.038000,0.434898,-0.530916,0.092791,3.141592,0.000011,0.000067
7.572538,-2.686256,-0.456262,-16.603751,-0.057625,-0.265625,0.038000,0.434922,-0.530835,0.092789,-3.141591,0.000013,0.000056
7.576539,-2.556255,-0.516265,-16.063751,-0.055625,-0.253625,0.037000,0.434948,-0.530752,0.092786,-3.141589,0.000016,0.000050
7.580539,-2.556254,-0.516269,-16.063751,-0.055625,-0.253625,0.037000,0.434974,-0.530669,0.092784,-3.141587,0.000018,0.000051
7.584540,-2.556254,-0.516267,-16.063751,-0.055625,-0.253625,0.037000,0.434999,-0.530589,0.092784,-3.141588,0.000016,0.000040
7.588583,-2.556257,-0.516259,-16.063751,-0.055625,-0.253625,0.037000,0.435027,-0.530507,0.092787,-3.141592,0.000011,0.000040
7.592539,-2.556255,-0.516264,-16.063751,-0.055625,-0.253625,0.037000,0.435051,-0.530427,0.092786,-3.141590,0.000015,0.000036
7.596539,-2.556257,-0.516257,-16.063751,-0.055625,-0.253625,0.037000,0.435079,-0.530345,0.092788,3.141592,0.000010,0.000044
7.600539,-2.556258,-0.516254,-16.063751,-0.055625,-0.253625,0.037000,0.435107,-0.530263,0.092788,3.141590,0.000008,0.000051
7.604539,-2.556259,-0.516253,-16.063751,-0.055625,-0.253625,0.037000,0.435133,-0.530180,0.092789,3.141589,0.000007,0.000058
7.608538,-2.556258,-0.516257,-16.063751,-0.055625,-0.253625,0.037000,0.435156,-0.530099,0.092786,3.141591,0.000009,0.000054
7.612556,-2.556256,-0.516263,-16.063751,-0.055625,-0.253625,0.037000,0.435182,-0.530015,0.092786,-3.141590,0.000014,0.000028
7.616537,-2.556254,-0.516267,-16.063751,-0.055625,-0.253625,0.037000,0.435212,-0.529913,0.092785,-3.141588,0.000017,0.000062
7.620497,-2.646253,-0.526273,-15.913751,-0.059625,-0.252625,0.037000,0.435235,-0.529831,0.092785,-3.141585,0.000021,0.000058
7.624527,-2.646251,-0.526277,-15.913751,-0.059625,-0.252625,0.037000,0.435260,-0.529747,0.092784,-3.141582,0.000024,0.000058
7.628536,-2.646249,-0.526284,-15.913751,-0.059625,-0.252625,0.037000,0.435284,-0.529662,0.092785,-3.141578,0.000029,0.000059
7.632537,-2.646249,-0.526283,-15.913751,-0.059625,-0.252625,0.037000,0.435310,-0.529579,0.092786,-3.141579,0.000028,0.000059
7.636538,-2.646251,-0.526277,-15.913751,-0.059625,-0.252625,0.037000,0.435339,-0.529495,0.092789,-3.141583,0.000024,0.000064
7.640540,-2.646252,-0.526276,-15.913751,-0.059625,-0.252625,0.037000,0.435366,-0.529409,0.092791,-3.141583,0.000023,0.000063
7.644540,-2.646251,-0.526277,-15.913751,-0.059625,-0.252625,0.037000,0.435392,-0.529322,0.092794,-3.141583,0.000024,0.000068
7.648542,-2.646253,-0.526270,-15.913751,-0.059625,-0.252625,0.037000,0.435423,-0.529235,0.092798,-3.141586,0.000019,0.000071
7.652541,-2.646255,-0.526265,-15.913750,-0.059625,-0.252625,0.037000,0.435450,-0.529149,0.092802,-3.141589,0.000015,0.000069
7.656541,-2.606255,-0.506264,-16.063751,-0.056625,-0.255625,0.036000,0.435477,-0.529063,0.092804,-3.141589,0.000015,0.000067
7.660538,-2.606259,-0.506254,-16.063751,-0.056625,-0.255625,0.036000,0.435504,-0.528977,0.092812,3.141590,0.000008,0.000059
7.664539,-2.606257,-0.506260,-16.063751,-0.056625,-0.255625,0.036000,0.435530,-0.528890,0.092812,-3.141592,0.000012,0.000057
7.668538,-2.606259,-0.506252,-16.063751,-0.056625,-0.255625,0.036000,0.435557,-0.528804,0.092814,3.141589,0.000006,0.000048
7.672538,-2.606257,-0.506258,-16.063751,-0.056625,-0.255625,0.036000,0.435581,-0.528716,0.092815,3.141592,0.000011,0.000047
7.676540,-2.606257,-0.506258,-16.063751,-0.056625,-0.255625,0.036000,0.435608,-0.528630,0.092816,3.141592,0.000010,0.000038
7.680550,-2.606254,-0.506269,-16.063751,-0.056625,-0.255625,0.036000,0.435631,-0.528541,0.092814,-3.141587,0.000019,0.000003
7.684541,-2.606254,-0.506268,-16.063751,-0.056625,-0.255625,0.036000,0.435657,-0.528455,0.092814,-3.141588,0.000017,0.000035
7.688538,-2.606253,-0.506273,-16.063751,-0.056625,-0.255625,0.036000,0.435682,-0.528367,0.092814,-3.141585,0.000021,0.000033
7.692539,-2.606255,-0.506265,-16.063751,-0.056625,-0.255625,0.036000,0.435710,-0.528282,0.092817,-3.141589,0.000016,0.000031
7.696499,-2.606252,-0.506276,-16.063751,-0.056625,-0.255625,0.036000,0.435735,-0.528194,0.092813,-3.141583,0.000023,0.000036
7.700541,-2.576252,-0.506275,-15.583751,-0.053625,-0.251625,0.035000,0.435761,-0.528108,0.092815,-3.141583,0.000023,0.000035
7.704536,-2.576255,-0.506267,-15.583751,-0.053625,-0.251625,0.035000,0.435790,-0.528024,0.092816,-3.141588,0.000017,0.000040
7.708538,-2.576250,-0.506282,-15.583751,-0.053625,-0.251625,0.035000,0.435815,-0.527936,0.092810,-3.141580,0.000028,0.000038
7.712500,-2.576251,-0.506279,-15.583751,-0.053625,-0.251625,0.035000,0.435842,-0.527850,0.092809,-3.141581,0.000026,0.000036
7.716536,-2.576251,-0.506279,-15.583751,-0.053625,-0.251625,0.035000,0.435842,-0.527850,0.092809,-3.141581,0.000026,0.000036
7.720540,-2.576251,-0.506279,-15.583751,-0.053625,-0.251625,0.035000,0.435894,-0.527677,0.092806,-3.141581,0.000026,0.000026
7.724541,-2.576251,-0.506279,-15.583751,-0.053625,-0.251625,0.035000,0.435894,-0.527677,0.092806,-3.141581,0.000026,0.000026
7.728500,-2.576252,-0.506277,-15.583751,-0.053625,-0.251625,0.035000,0.435921,-0.527591,0.092805,-3.141583,0.000024,-0.000009
7.732543,-2.576251,-0.506278,-15.583751,-0.053625,-0.251625,0.035000,0.435974,-0.527419,0.092804,-3.141582,0.000025,-0.000006
7.736589,-2.576246,-0.506294,-15.583751,-0.053624,-0.251625,0.035000,0.435999,-0.527331,0.092797,-3.141573,0.000036,0.000019
7.740539,-2.356254,-0.556269,-14.743750,-0.046625,-0.236625,0.033000,0.436025,-0.527249,0.092799,-3.141587,0.000018,-0.000014
7.744543,-2.356237,-0.556323,-14.743752,-0.046624,-0.236625,0.033000,0.436039,-0.527153,0.092783,-3.141557,0.000056,-0.000016
7.748545,-2.356244,-0.556301,-14.743751,-0.046624,-0.236625,0.033000,0.436083,-0.527057,0.092795,-3.141569,0.000041,0.000016
7.752539,-2.356241,-0.556312,-14.743752,-0.046624,-0.236625,0.033000,0.436105,-0.526976,0.092792,-3.141563,0.000049,0.000006
7.756540,-2.356241,-0.556312,-14.743752,-0.046624,-0.236625,0.033000,0.436105,-0.526976,0.092792,-3.141563,0.000049,0.000006
7.760540,-2.356243,-0.556303,-14.743752,-0.046624,-0.236625,0.033000,0.436160,-0.526809,0.092796,-3.141568,0.000043,0.000004
7.764543,-2.356243,-0.556303,-14.743752,-0.046624,-0.236625,0.033000,0.436160,-0.526809,0.092796,-3.141568,0.000043,0.000004
7.768539,-2.356244,-0.556302,-14.743751,-0.046624,-0.236625,0.033000,0.436214,-0.526642,0.092799,-3.141569,0.000042,0.000010
7.772546,-2.356240,-0.556314,-14.743752,-0.046624,-0.236625,0.033000,0.436238,-0.526557,0.092797,-3.141562,0.000050,0.000010
7.776548,-2.316240,-0.496313,-14.463752,-0.051624,-0.229625,0.032000,0.436263,-0.526474,0.092797,-3.141563,0.000049,0.000011
7.780547,-2.316240,-0.496314,-14.463752,-0.051624,-0.229625,0.032000,0.436291,-0.526389,0.092801,-3.141562,0.000050,0.000016
7.784538,-2.316238,-0.496320,-14.463752,-0.051624,-0.229625,0.032000,0.436315,-0.526305,0.092801,-3.141559,0.000055,0.000016
7.788538,-2.316238,-0.496320,-14.463752,-0.051624,-0.229625,0.032000,0.436315,-0.526305,0.092801,-3.141559,0.000055,0.000016
7.792541,-2.316236,-0.496326,-14.463752,-0.051624,-0.229625,0.032000,0.436365,-0.526135,0.092803,-3.141555,0.000059,0.000029
7.796505,-2.316236,-0.496328,-14.463753,-0.051624,-0.229625,0.032000,0.436390,-0.526052,0.092806,-3.141555,0.000060,0.000029
7.800538,-2.316236,-0.496328,-14.463753,-0.051624,-0.229625,0.032000,0.436390,-0.526052,0.092806,-3.141555,0.000060,0.000029
7.804539,-2.316236,-0.496326,-14.463752,-0.051624,-0.229625,0.032000,0.436416,-0.525969,0.092807,-3.141555,0.000059,0.000030
7.808539,-2.316232,-0.496339,-14.463753,-0.051624,-0.229625,0.032000,0.436440,-0.525881,0.092806,-3.141548,0.000068,0.000028
7.812541,-2.316234,-0.496334,-14.463753,-0.051624,-0.229625,0.032000,0.436466,-0.525799,0.092811,-3.141551,0.000065,0.000022
7.816541,-2.296225,-0.426334,-14.273753,-0.056624,-0.224625,0.032000,0.436492,-0.525715,0.092814,-3.141545,0.000062,0.000015
7.820538,-2.296225,-0.426333,-14.273753,-0.056624,-0.224625,0.032000,0.436517,-0.525632,0.092815,-3.141546,0.000061,0.000009
7.824537,-2.296226,-0.426331,-14.273753,-0.056624,-0.224625,0.032000,0.436568,-0.525463,0.092818,-3.141547,0.000059,0.000001
7.828541,-2.296229,-0.426322,-14.273753,-0.056624,-0.224625,0.032000,0.436597,-0.525378,0.092819,-3.141552,0.000053,-0.000000
7.832501,-2.296232,-0.426309,-14.273752,-0.056624,-0.224625,0.032000,0.436624,-0.525297,0.092825,-3.141559,0.000044,-0.000007
7.836545,-2.296231,-0.426314,-14.273752,-0.056624,-0.224625,0.032000,0.436649,-0.525210,0.092823,-3.141556,0.000047,-0.000008
7.840541,-2.296234,-0.426305,-14.273752,-0.056624,-0.224625,0.032000,0.436678,-0.525126,0.092825,-3.141561,0.000041,-0.000010
7.844539,-2.296234,-0.426305,-14.273752,-0.056624,-0.224625,0.032000,0.436678,-0.525126,0.092825,-3.141561,0.000041,-0.000010
7.848546,-2.296235,-0.426302,-14.273752,-0.056624,-0.224625,0.032000,0.436704,-0.525040,0.092824,-3.141563,0.000039,-0.000012
7.852539,-2.296236,-0.426299,-14.273752,-0.056624,-0.224625,0.032000,0.436730,-0.524954,0.092823,-3.141564,0.000037,-0.000014
7.856513,-2.296239,-0.426289,-14.273752,-0.056625,-0.224625,0.032000,0.436757,-0.524869,0.092823,-3.141570,0.000030,-0.000042
7.860513,-2.286241,-0.416280,-13.463751,-0.051625,-0.215625,0.030000,0.436785,-0.524784,0.092825,-3.141575,0.000023,-0.000004
7.864544,-2.286242,-0.416277,-13.463751,-0.051625,-0.215625,0.030000,0.436811,-0.524698,0.092824,-3.141576,0.000021,-0.000019
7.868539,-2.286242,-0.416277,-13.463751,-0.051625,-0.215625,0.030000,0.436811,-0.524698,0.092824,-3.141576,0.000021,-0.000019
7.872541,-2.286240,-0.416285,-13.463751,-0.051625,-0.215625,0.030000,0.436853,-0.524518,0.092813,-3.141572,0.000026,-0.000002
7.876537,-2.286247,-0.416262,-13.463750,-0.051625,-0.215625,0.030000,0.436897,-0.524419,0.092824,-3.141585,0.000010,0.000041
7.880540,-2.286248,-0.416259,-13.463750,-0.051625,-0.215625,0.030000,0.436921,-0.524335,0.092823,-3.141587,0.000008,0.000042
7.884536,-2.286249,-0.416256,-13.463750,-0.051625,-0.215625,0.030000,0.436952,-0.524249,0.092823,-3.141588,0.000006,0.000051
7.888540,-2.286247,-0.416261,-13.463750,-0.051625,-0.215625,0.030000,0.436975,-0.524165,0.092822,-3.141585,0.000009,0.000052
7.892539,-2.286249,-0.416257,-13.463750,-0.051625,-0.215625,0.030000,0.437003,-0.524080,0.092820,-3.141587,0.000007,0.000057
7.896522,-2.286247,-0.416262,-13.463750,-0.051625,-0.215625,0.030000,0.437029,-0.523994,0.092819,-3.141585,0.000010,0.000055
7.900542,-2.046248,-0.506260,-12.593750,-0.042625,-0.200625,0.028000,0.437054,-0.523911,0.092820,-3.141586,0.000009,0.000049
7.904539,-2.046248,-0.506259,-12.593750,-0.042625,-0.200625,0.028000,0.437081,-0.523826,0.092820,-3.141587,0.000008,0.000047
7.908538,-2.046248,-0.506259,-12.593750,-0.042625,-0.200625,0.028000,0.437109,-0.523742,0.092822,-3.141586,0.000008,0.000039
7.912539,-2.046247,-0.506263,-12.593750,-0.042625,-0.200625,0.028000,0.437135,-0.523655,0.092821,-3.141584,0.000011,0.000037
7.916500,-2.046242,-0.506277,-12.593751,-0.042625,-0.200625,0.028000,0.437161,-0.523570,0.092820,-3.141577,0.000021,0.000028
7.920540,-2.046239,-0.506289,-12.593751,-0.042625,-0.200625,0.028000,0.437186,-0.523483,0.092819,-3.141570,0.000030,0.000027
7.924543,-2.046239,-0.506288,-12.593751,-0.042625,-0.200625,0.028000,0.437213,-0.523398,0.092819,-3.141571,0.000029,0.000018
7.928521,-2.046234,-0.506306,-12.593752,-0.042624,-0.200625,0.028000,0.437234,-0.523312,0.092815,-3.141561,0.000042,0.000012
7.932511,-2.046236,-0.506298,-12.593752,-0.042624,-0.200625,0.028000,0.437263,-0.523228,0.092818,-3.141565,0.000036,0.000010
7.936511,-2.046236,-0.506298,-12.593752,-0.042624,-0.200625,0.028000,0.437263,-0.523228,0.092818,-3.141565,0.000036,0.000010
7.940496,-1.976230,-0.466317,-12.063752,-0.038624,-0.196625,0.026000,0.437311,-0.523057,0.092817,-3.141554,0.000050,0.000002
7.944544,-1.976230,-0.466318,-12.063752,-0.038624,-0.196625,0.026000,0.437336,-0.522975,0.092819,-3.141554,0.000050,0.000003
7.948537,-1.976231,-0.466316,-12.063752,-0.038624,-0.196625,0.026000,0.437361,-0.522892,0.092820,-3.141555,0.000049,0.000003
7.952539,-1.976231,-0.466315,-12.063752,-0.038624,-0.196625,0.026000,0.437386,-0.522809,0.092821,-3.141556,0.000048,0.000011
7.956539,-1.976232,-0.466313,-12.063752,-0.038624,-0.196625,0.026000,0.437410,-0.522726,0.092821,-3.141557,0.000047,0.000018
7.960539,-1.976232,-0.466311,-12.063752,-0.038624,-0.196625,0.026000,0.437439,-0.522642,0.092821,-3.141558,0.000045,0.000030
7.964541,-1.976236,-0.466298,-12.063751,-0.038624,-0.196625,0.026000,0.437465,-0.522560,0.092827,-3.141565,0.000036,0.000044
7.968540,-1.976239,-0.466289,-12.063751,-0.038625,-0.196625,0.026000,0.437492,-0.522478,0.092827,-3.141570,0.000029,0.000051
7.972539,-1.976242,-0.466280,-12.063751,-0.038625,-0.196625,0.026000,0.437517,-0.522396,0.092828,-3.141575,0.000023,0.000058
7.976539,-1.976243,-0.466277,-12.063751,-0.038625,-0.196625,0.026000,0.437543,-0.522314,0.092828,-3.141576,0.000021,0.000065
7.980568,-1.926245,-0.396268,-11.723751,-0.041625,-0.189625,0.026000,0.437570,-0.522229,0.092830,-3.141581,0.000015,0.000077
7.984544,-1.926245,-0.396271,-11.723751,-0.041625,-0.189625,0.026000,0.437593,-0.522145,0.092826,-3.141580,0.000016,0.000051
7.988543,-1.926248,-0.396259,-11.723750,-0.041625,-0.189625,0.026000,0.437626,-0.522042,0.092825,-3.141587,0.000008,0.000089
7.992537,-1.926248,-0.396261,-11.723751,-0.041625,-0.189625,0.026000,0.437650,-0.521958,0.092821,-3.141585,0.000009,0.000090
7.996539,-1.926248,-0.396258,-11.723750,-0.041625,-0.189625,0.026000,0.437673,-0.521874,0.092821,-3.141587,0.000007,0.000084
8.000501,-1.926252,-0.396246,-11.723750,-0.041625,-0.189625,0.026000,0.437700,-0.521792,0.092819,3.141592,-0.000001,0.000084
8.004539,-1.926253,-0.396242,-11.723750,-0.041625,-0.189625,0.026000,0.437724,-0.521709,0.092817,3.141589,-0.000004,0.000078
8.008545,-1.926254,-0.396239,-11.723750,-0.041625,-0.189625,0.026000,0.437752,-0.521625,0.092817,3.141588,-0.000006,0.000069
8.012523,-1.926255,-0.396235,-11.723750,-0.041625,-0.189625,0.026000,0.437777,-0.521542,0.092815,3.141586,-0.000009,0.000063
8.016539,-1.926257,-0.396231,-11.723750,-0.041625,-0.189625,0.026000,0.437803,-0.521461,0.092813,3.141583,-0.000012,0.000050
8.020546,-1.796260,-0.446218,-11.263749,-0.039625,-0.178625,0.026000,0.437830,-0.521379,0.092811,3.141577,-0.000021,0.000044
8.024539,-1.796264,-0.446206,-11.263749,-0.039626,-0.178625,0.026000,0.437856,-0.521298,0.092809,3.141570,-0.000030,0.000031
8.028539,-1.796264,-0.446206,-11.263749,-0.039626,-0.178625,0.026000,0.437884,-0.521214,0.092803,3.141570,-0.000030,0.000023
8.032543,-1.796263,-0.446207,-11.263749,-0.039626,-0.178625,0.026000,0.437909,-0.521131,0.092798,3.141571,-0.000029,0.000016
8.036539,-1.796265,-0.446201,-11.263749,-0.039626,-0.178625,0.026000,0.437936,-0.521046,0.092794,3.141567,-0.000034,0.000008
8.040544,-1.796265,-0.446202,-11.263749,-0.039626,-0.178625,0.026000,0.437963,-0.520961,0.092790,3.141568,-0.000033,0.000006
8.044500,-1.796261,-0.446214,-11.263749,-0.039625,-0.178625,0.026000,0.437987,-0.520875,0.092780,3.141574,-0.000024,-0.000002
8.048540,-1.796259,-0.446221,-11.263749,-0.039625,-0.178625,0.026000,0.438012,-0.520788,0.092774,3.141578,-0.000019,0.000003
8.052536,-1.796257,-0.446228,-11.263749,-0.039625,-0.178625,0.026000,0.438037,-0.520702,0.092767,3.141582,-0.000014,0.000014
8.056541,-1.796253,-0.446243,-11.263750,-0.039625,-0.178625,0.026000,0.438062,-0.520615,0.092760,3.141590,-0.000003,0.000026
8.060540,-1.826249,-0.426255,-11.153750,-0.044625,-0.174625,0.025000,0.438086,-0.520529,0.092750,-3.141589,0.000005,0.000038
8.064514,-1.826249,-0.426256,-11.153750,-0.044625,-0.174625,0.025000,0.438113,-0.520444,0.092746,-3.141588,0.000006,0.000050
8.068539,-1.826246,-0.426265,-11.153750,-0.044625,-0.174625,0.025000,0.438139,-0.520358,0.092740,-3.141583,0.000012,0.000061
8.072539,-1.826245,-0.426271,-11.153751,-0.044625,-0.174625,0.025000,0.438165,-0.520273,0.092733,-3.141580,0.000017,0.000073
8.076539,-1.826248,-0.426261,-11.153750,-0.044625,-0.174625,0.025000,0.438196,-0.520188,0.092733,-3.141585,0.000010,0.000083
8.080539,-1.826246,-0.426267,-11.153751,-0.044625,-0.174625,0.025000,0.438222,-0.520102,0.092725,-3.141582,0.000014,0.000088
8.084539,-1.826249,-0.426255,-11.153750,-0.044625,-0.174625,0.025000,0.438255,-0.519999,0.092725,-3.141588,0.000006,0.000086
8.088540,-1.826249,-0.426256,-11.153750,-0.044625,-0.174625,0.025000,0.438275,-0.519936,0.092719,-3.141588,0.000006,0.000086
8.092539,-1.826249,-0.426256,-11.153750,-0.044625,-0.174625,0.025000,0.438275,-0.519936,0.092719,-3.141588,0.000006,0.000086
8.096539,-1.916253,-0.386243,-11.863750,-0.047625,-0.184625,0.026000,0.438331,-0.519764,0.092711,3.141590,-0.000003,0.000087
8.100543,-1.916257,-0.386228,-11.863749,-0.047625,-0.184625,0.026000,0.438358,-0.519679,0.092706,3.141582,-0.000014,0.000072
8.104539,-2.006257,-0.376227,-12.243749,-0.048625,-0.192625,0.028000,0.438383,-0.519593,0.092700,3.141582,-0.000014,0.000064
8.108539,-2.006260,-0.376220,-12.243749,-0.048625,-0.192625,0.028000,0.438409,-0.519508,0.092695,3.141577,-0.000020,0.000055
8.112540,-2.006263,-0.376209,-12.243749,-0.048625,-0.192625,0.028000,0.438435,-0.519423,0.092688,3.141572,-0.000027,0.000040
8.116545,-2.006264,-0.376206,-12.243749,-0.048626,-0.192625,0.028000,0.438460,-0.519337,0.092679,3.141570,-0.000029,0.000025
8.120541,-2.006268,-0.376191,-12.243748,-0.048626,-0.192625,0.028000,0.438486,-0.519252,0.092675,3.141562,-0.000040,-0.000024
8.124539,-2.006268,-0.376190,-12.243748,-0.048626,-0.192625,0.028000,0.438513,-0.519167,0.092668,3.141561,-0.000041,-0.000005
8.128539,-2.006276,-0.376162,-12.243748,-0.048626,-0.192625,0.028000,0.438542,-0.519084,0.092667,3.141546,-0.000061,-0.000048
8.132539,-2.006279,-0.376155,-12.243747,-0.048626,-0.192625,0.028000,0.438568,-0.518999,0.092662,3.141542,-0.000067,-0.000056
8.136545,-2.006287,-0.376128,-12.243746,-0.048626,-0.192625,0.028000,0.438606,-0.518893,0.092662,3.141528,-0.000086,-0.000028
8.140539,-2.226289,-0.506120,-13.733746,-0.051627,-0.219625,0.033000,0.438632,-0.518807,0.092657,3.141523,-0.000092,-0.000023
8.144540,-2.226294,-0.506103,-13.733746,-0.051627,-0.219625,0.033000,0.438663,-0.518722,0.092658,3.141514,-0.000104,-0.000014
8.148541,-2.226293,-0.506106,-13.733746,-0.051627,-0.219625,0.033000,0.438688,-0.518633,0.092655,3.141516,-0.000102,-0.000004
8.152499,-2.226293,-0.506108,-13.733746,-0.051627,-0.219625,0.033000,0.438715,-0.518545,0.092652,3.141517,-0.000100,0.000005
8.156496,-2.226291,-0.506112,-13.733746,-0.051627,-0.219625,0.033000,0.438742,-0.518456,0.092650,3.141519,-0.000097,0.000015
8.160539,-2.226290,-0.506115,-13.733746,-0.051627,-0.219625,0.033000,0.438768,-0.518367,0.092648,3.141521,-0.000095,0.000024
8.164539,-2.226289,-0.506120,-13.733746,-0.051627,-0.219625,0.033000,0.438795,-0.518279,0.092647,3.141524,-0.000091,0.000034
8.168543,-2.226284,-0.506136,-13.733747,-0.051626,-0.219625,0.033000,0.438817,-0.518191,0.092640,3.141532,-0.000080,0.000039
8.172539,-2.226279,-0.506154,-13.733748,-0.051626,-0.219625,0.033000,0.438842,-0.518101,0.092637,3.141542,-0.000067,0.000042
8.176539,-2.326278,-0.566157,-15.063748,-0.052626,-0.238625,0.035000,0.438870,-0.518014,0.092634,3.141544,-0.000065,0.000051
8.180539,-2.366271,-0.556181,-15.333748,-0.053626,-0.242625,0.036000,0.438894,-0.517924,0.092627,3.141556,-0.000048,0.000047
8.184544,-2.366268,-0.556193,-15.333748,-0.053626,-0.242625,0.036000,0.438920,-0.517835,0.092626,3.141563,-0.000039,0.000050
8.188539,-2.366265,-0.556202,-15.333748,-0.053626,-0.242625,0.036000,0.438945,-0.517749,0.092621,3.141568,-0.000033,0.000041
8.192539,-2.366263,-0.556208,-15.333749,-0.053625,-0.242625,0.036000,0.438972,-0.517661,0.092621,3.141571,-0.000028,0.000044
8.196541,-2.366260,-0.556218,-15.333749,-0.053625,-0.242625,0.036000,0.438999,-0.517573,0.092617,3.141577,-0.000021,0.000034
8.200539,-2.366259,-0.556223,-15.333749,-0.053625,-0.242625,0.036000,0.439025,-0.517484,0.092616,3.141579,-0.000018,0.000023
8.204540,-2.366258,-0.556226,-15.333749,-0.053625,-0.242625,0.036000,0.439051,-0.517399,0.092614,3.141581,-0.000015,0.000014
8.208539,-2.366256,-0.556231,-15.333749,-0.053625,-0.242625,0.036000,0.439078,-0.517311,0.092612,3.141584,-0.000012,-0.000003
8.212539,-2.366256,-0.556233,-15.333749,-0.053625,-0.242625,0.036000,0.439104,-0.517223,0.092609,3.141585,-0.000011,-0.000014
8.216539,-2.596255,-0.506236,-16.313750,-0.065625,-0.257625,0.037000,0.439130,-0.517134,0.092606,3.141586,-0.000008,-0.000024
8.220546,-2.596254,-0.506238,-16.313750,-0.065625,-0.257625,0.037000,0.439157,-0.517045,0.092603,3.141588,-0.000007,-0.000035
8.224539,-2.596253,-0.506241,-16.313750,-0.065625,-0.257625,0.037000,0.439180,-0.516958,0.092600,3.141589,-0.000005,-0.000044
8.228540,-2.596255,-0.506237,-16.313750,-0.065625,-0.257625,0.037000,0.439208,-0.516871,0.092599,3.141587,-0.000007,-0.000034
8.232540,-2.596258,-0.506227,-16.313750,-0.065625,-0.257625,0.037000,0.439236,-0.516784,0.092599,3.141581,-0.000015,-0.000038
8.236546,-2.596257,-0.506229,-16.313750,-0.065625,-0.257625,0.037000,0.439260,-0.516698,0.092595,3.141583,-0.000013,-0.000040
8.240542,-2.596258,-0.506226,-16.313750,-0.065625,-0.257625,0.037000,0.439287,-0.516610,0.092594,3.141581,-0.000015,-0.000030
8.244540,-2.596260,-0.506217,-16.313749,-0.065625,-0.257625,0.037000,0.439316,-0.516523,0.092596,3.141576,-0.000022,-0.000021
8.248541,-2.596264,-0.506206,-16.313749,-0.065626,-0.257625,0.037000,0.439342,-0.516439,0.092595,3.141570,-0.000030,-0.000009
8.252551,-2.596265,-0.506202,-16.313749,-0.065626,-0.257625,0.037000,0.439370,-0.516352,0.092593,3.141568,-0.000033,0.000014
8.256540,-2.726267,-0.496193,-17.243748,-0.074626,-0.266625,0.041000,0.439399,-0.516265,0.092595,3.141563,-0.000039,0.000024
8.260500,-2.726271,-0.496182,-17.243748,-0.074626,-0.266625,0.041000,0.439425,-0.516181,0.092594,3.141557,-0.000047,0.000029
8.264515,-2.726272,-0.496178,-17.243747,-0.074626,-0.266625,0.041000,0.439454,-0.516094,0.092592,3.141555,-0.000050,0.000038
8.268538,-2.726272,-0.496178,-17.243747,-0.074626,-0.266625,0.041000,0.439454,-0.516094,0.092592,3.141555,-0.000050,0.000038
8.272543,-2.726271,-0.496180,-17.243748,-0.074626,-0.266625,0.041000,0.439467,-0.516000,0.092590,3.141556,-0.000048,0.000003
8.276539,-2.726273,-0.496174,-17.243747,-0.074626,-0.266625,0.041000,0.439539,-0.515811,0.092588,3.141553,-0.000053,0.000040
8.280544,-2.726271,-0.496178,-17.243748,-0.074626,-0.266625,0.041000,0.439563,-0.515725,0.092586,3.141555,-0.000050,0.000038
8.284539,-2.726271,-0.496178,-17.243748,-0.074626,-0.266625,0.041000,0.439563,-0.515725,0.092586,3.141555,-0.000050,0.000038
8.288541,-2.726269,-0.496186,-17.243748,-0.074626,-0.266625,0.041000,0.439616,-0.515549,0.092583,3.141560,-0.000044,0.000037
8.292539,-2.726269,-0.496186,-17.243748,-0.074626,-0.266625,0.041000,0.439616,-0.515549,0.092583,3.141560,-0.000044,0.000037
8.296541,-2.726268,-0.496190,-17.243748,-0.074626,-0.266625,0.041000,0.439642,-0.515464,0.092581,3.141562,-0.000041,0.000028
8.300540,-2.976265,-0.586201,-17.943749,-0.073626,-0.282625,0.044000,0.439669,-0.515376,0.092578,3.141568,-0.000033,0.000024
8.304539,-2.976265,-0.586201,-17.943749,-0.073626,-0.282625,0.044000,0.439669,-0.515376,0.092578,3.141568,-0.000033,0.000024
8.308541,-2.976260,-0.586218,-17.943749,-0.073625,-0.282625,0.044000,0.439747,-0.515115,0.092577,3.141577,-0.000021,-0.000005
8.312537,-2.976257,-0.586230,-17.943750,-0.073625,-0.282625,0.044000,0.439770,-0.515028,0.092575,3.141583,-0.000013,-0.000021
8.316539,-2.976257,-0.586230,-17.943750,-0.073625,-0.282625,0.044000,0.439770,-0.515028,0.092575,3.141583,-0.000013,-0.000021
8.320539,-2.976255,-0.586238,-17.943750,-0.073625,-0.282625,0.044000,0.439799,-0.514942,0.092576,3.141587,-0.000007,-0.000018
8.324537,-2.976252,-0.586247,-17.943750,-0.073625,-0.282625,0.044000,0.439851,-0.514769,0.092574,3.141592,-0.000000,-0.000010
8.328542,-2.976248,-0.586259,-17.943751,-0.073625,-0.282625,0.044000,0.439876,-0.514680,0.092572,-3.141586,0.000008,-0.000000
8.332538,-2.976248,-0.586259,-17.943751,-0.073625,-0.282625,0.044000,0.439876,-0.514680,0.092572,-3.141586,0.000008,-0.000000
8.336546,-2.976249,-0.586258,-17.943751,-0.073625,-0.282625,0.044000,0.439902,-0.514595,0.092573,-3.141587,0.000007,0.000005
8.340542,-3.086249,-0.646257,-18.573750,-0.073625,-0.294625,0.046000,0.439956,-0.514424,0.092576,-3.141588,0.000007,0.000019
8.344539,-3.086249,-0.646257,-18.573750,-0.073625,-0.294625,0.046000,0.439956,-0.514424,0.092576,-3.141588,0.000007,0.000019
8.348541,-3.086246,-0.646267,-18.573750,-0.073625,-0.294625,0.046000,0.440006,-0.514250,0.092575,-3.141582,0.000014,0.000034
8.352541,-3.086246,-0.646265,-18.573750,-0.073625,-0.294625,0.046000,0.440033,-0.514166,0.092574,-3.141583,0.000012,0.000039
8.356540,-3.086246,-0.646265,-18.573750,-0.073625,-0.294625,0.046000,0.440033,-0.514166,0.092574,-3.141583,0.000012,0.000039
8.360539,-3.086247,-0.646263,-18.573750,-0.073625,-0.294625,0.046000,0.440061,-0.514079,0.092575,-3.141584,0.000011,0.000048
8.364499,-3.086248,-0.646260,-18.573750,-0.073625,-0.294625,0.046000,0.440086,-0.513994,0.092574,-3.141586,0.000009,0.000046
8.368536,-3.086247,-0.646264,-18.573750,-0.073625,-0.294625,0.046000,0.440112,-0.513905,0.092572,-3.141584,0.000012,0.000022
8.372549,-3.086249,-0.646257,-18.573750,-0.073625,-0.294625,0.046000,0.440139,-0.513821,0.092575,-3.141588,0.000007,0.000061
8.376544,-3.086248,-0.686261,-18.783750,-0.070625,-0.298625,0.047000,0.440153,-0.513728,0.092574,-3.141586,0.000010,0.000026
8.380547,-3.126246,-0.756267,-19.073750,-0.063625,-0.306625,0.047000,0.440196,-0.513627,0.092574,-3.141582,0.000014,0.000060
8.384538,-3.126246,-0.756266,-19.073750,-0.063625,-0.306625,0.047000,0.440205,-0.513556,0.092575,-3.141583,0.000013,0.000027
8.388539,-3.126250,-0.756253,-19.073750,-0.063625,-0.306625,0.047000,0.440251,-0.513456,0.092580,-3.141590,0.000004,0.000061
8.392549,-3.126252,-0.756246,-19.073749,-0.063625,-0.306625,0.047000,0.440278,-0.513372,0.092583,3.141592,-0.000001,0.000052
8.396545,-3.126252,-0.756247,-19.073750,-0.063625,-0.306625,0.047000,0.440305,-0.513285,0.092586,3.141592,-0.000001,0.000049
8.400538,-3.126254,-0.756239,-19.073749,-0.063625,-0.306625,0.047000,0.440331,-0.513201,0.092589,3.141588,-0.000006,0.000040
8.404538,-3.126254,-0.756238,-19.073749,-0.063625,-0.306625,0.047000,0.440356,-0.513116,0.092590,3.141587,-0.000007,0.000032
8.408540,-3.126254,-0.756237,-19.073749,-0.063625,-0.306625,0.047000,0.440384,-0.513029,0.092590,3.141587,-0.000008,0.000028
8.412542,-3.126254,-0.756237,-19.073749,-0.063625,-0.306625,0.047000,0.440412,-0.512943,0.092592,3.141587,-0.000008,0.000030
8.416539,-3.126255,-0.756235,-19.073749,-0.063625,-0.306625,0.047000,0.440437,-0.512857,0.092593,3.141586,-0.000009,0.000035
8.420538,-3.146251,-0.706249,-19.163750,-0.067625,-0.308625,0.047000,0.440461,-0.512771,0.092593,-3.141592,0.000001,0.000034
8.424543,-3.146249,-0.706256,-19.163750,-0.067625,-0.308625,0.047000,0.440486,-0.512683,0.092594,-3.141588,0.000006,0.000037
8.428538,-3.146247,-0.706262,-19.163750,-0.067625,-0.308625,0.047000,0.440511,-0.512597,0.092594,-3.141585,0.000010,0.000042
8.432539,-3.146245,-0.706271,-19.163750,-0.067625,-0.308625,0.047000,0.440535,-0.512512,0.092596,-3.141580,0.000017,0.000047
8.436538,-3.146243,-0.706278,-19.163751,-0.067625,-0.308625,0.047000,0.440563,-0.512425,0.092598,-3.141576,0.000022,0.000049
8.440539,-3.146241,-0.706286,-19.163751,-0.067625,-0.308625,0.047000,0.440586,-0.512342,0.092599,-3.141572,0.000027,0.000050
8.444538,-3.146240,-0.706287,-19.163751,-0.067625,-0.308625,0.047000,0.440610,-0.512261,0.092603,-3.141571,0.000029,0.000050
8.448539,-3.146239,-0.706291,-19.163751,-0.067625,-0.308625,0.047000,0.440637,-0.512177,0.092608,-3.141569,0.000032,0.000049
8.452540,-3.146238,-0.706295,-19.163751,-0.067624,-0.308625,0.047000,0.440662,-0.512096,0.092614,-3.141567,0.000034,0.000049
8.456539,-3.046235,-0.716305,-19.023752,-0.066624,-0.302625,0.047000,0.440686,-0.512014,0.092617,-3.141562,0.000041,0.000050
8.460539,-2.986234,-0.706309,-18.803752,-0.066624,-0.296625,0.045000,0.440713,-0.511930,0.092622,-3.141560,0.000044,0.000055
8.464538,-2.986235,-0.706305,-18.803752,-0.066624,-0.296625,0.045000,0.440738,-0.511849,0.092629,-3.141562,0.000041,0.000055
8.468499,-2.986234,-0.706309,-18.803752,-0.066624,-0.296625,0.045000,0.440762,-0.511767,0.092634,-3.141560,0.000044,0.000056
8.472538,-2.986233,-0.706313,-18.803752,-0.066624,-0.296625,0.045000,0.440789,-0.511683,0.092640,-3.141558,0.000047,0.000061
8.476538,-2.986230,-0.706323,-18.803752,-0.066624,-0.296625,0.045000,0.440811,-0.511600,0.092644,-3.141552,0.000054,0.000054
8.480539,-2.986229,-0.706328,-18.803752,-0.066624,-0.296625,0.045000,0.440844,-0.511495,0.092651,-3.141550,0.000058,0.000057
8.484539,-2.986227,-0.706336,-18.803753,-0.066624,-0.296625,0.045000,0.440862,-0.511431,0.092652,-3.141546,0.000064,0.000058
8.488541,-2.986225,-0.706340,-18.803753,-0.066624,-0.296625,0.045000,0.440892,-0.511328,0.092659,-3.141543,0.000067,0.000056
8.492499,-2.986225,-0.706340,-18.803753,-0.066624,-0.296625,0.045000,0.440892,-0.511328,0.092659,-3.141543,0.000067,0.000056
8.496536,-2.986214,-0.706381,-18.803754,-0.066623,-0.296625,0.045000,0.440923,-0.511173,0.092654,-3.141522,0.000096,0.000017
8.500539,-2.926222,-0.576354,-18.073753,-0.072624,-0.282625,0.044000,0.440951,-0.511091,0.092678,-3.141536,0.000077,0.000008
8.504540,-2.926220,-0.576358,-18.073753,-0.072624,-0.282625,0.044000,0.440991,-0.510995,0.092684,-3.141534,0.000080,0.000033
8.508539,-2.926223,-0.576350,-18.073753,-0.072624,-0.282625,0.044000,0.441016,-0.510914,0.092693,-3.141538,0.000074,0.000034
8.512537,-2.926223,-0.576348,-18.073753,-0.072624,-0.282625,0.044000,0.441044,-0.510831,0.092701,-3.141539,0.000072,0.000039
8.516539,-2.926224,-0.576347,-18.073753,-0.072624,-0.282625,0.044000,0.441069,-0.510750,0.092709,-3.141540,0.000072,0.000033
8.520539,-2.926223,-0.576351,-18.073753,-0.072624,-0.282625,0.044000,0.441095,-0.510666,0.092715,-3.141538,0.000075,0.000038
8.524542,-2.926225,-0.576344,-18.073752,-0.072624,-0.282625,0.044000,0.441121,-0.510586,0.092726,-3.141541,0.000070,0.000038
8.528539,-2.926227,-0.576336,-18.073752,-0.072624,-0.282625,0.044000,0.441146,-0.510505,0.092735,-3.141546,0.000064,0.000039
8.532514,-2.926226,-0.576338,-18.073752,-0.072624,-0.282625,0.044000,0.441172,-0.510420,0.092739,-3.141544,0.000065,0.000037
8.536560,-2.796225,-0.486342,-17.373753,-0.072624,-0.270625,0.041000,0.441196,-0.510339,0.092745,-3.141542,0.000068,0.000037
8.540543,-2.676226,-0.426339,-16.533752,-0.068624,-0.258625,0.038000,0.441220,-0.510257,0.092751,-3.141544,0.000066,0.000031
8.544537,-2.676226,-0.426340,-16.533752,-0.068624,-0.258625,0.038000,0.441245,-0.510176,0.092755,-3.141543,0.000067,0.000025
8.548536,-2.676225,-0.426344,-16.533753,-0.068624,-0.258625,0.038000,0.441271,-0.510092,0.092760,-3.141541,0.000070,0.000030
8.552537,-2.676224,-0.426346,-16.533753,-0.068624,-0.258625,0.038000,0.441295,-0.510011,0.092764,-3.141540,0.000071,0.000024
8.556536,-2.676225,-0.426342,-16.533752,-0.068624,-0.258625,0.038000,0.441320,-0.509929,0.092770,-3.141542,0.000068,0.000024
8.560538,-2.676223,-0.426350,-16.533753,-0.068624,-0.258625,0.038000,0.441343,-0.509847,0.092772,-3.141538,0.000074,0.000018
8.564537,-2.676223,-0.426351,-16.533753,-0.068624,-0.258625,0.038000,0.441371,-0.509764,0.092774,-3.141538,0.000074,0.000023
8.568536,-2.676224,-0.426346,-16.533753,-0.068624,-0.258625,0.038000,0.441397,-0.509684,0.092779,-3.141540,0.000071,0.000017
8.572500,-2.676223,-0.426352,-16.533753,-0.068624,-0.258625,0.038000,0.441422,-0.509603,0.092779,-3.141537,0.000075,0.000011
8.576536,-2.376226,-0.476339,-14.163752,-0.053624,-0.227625,0.034000,0.441452,-0.509523,0.092784,-3.141544,0.000066,0.000016
8.580539,-2.376227,-0.476337,-14.163752,-0.053624,-0.227625,0.034000,0.441478,-0.509442,0.092784,-3.141545,0.000064,0.000009
8.584541,-2.376230,-0.476324,-14.163752,-0.053624,-0.227625,0.034000,0.441506,-0.509363,0.092789,-3.141552,0.000055,0.000003
8.588539,-2.376232,-0.476317,-14.163752,-0.053624,-0.227625,0.034000,0.441532,-0.509283,0.092792,-3.141556,0.000050,0.000004
8.592541,-2.376231,-0.476322,-14.163752,-0.053624,-0.227625,0.034000,0.441557,-0.509203,0.092791,-3.141553,0.000054,0.000004
8.596538,-2.376233,-0.476316,-14.163752,-0.053624,-0.227625,0.034000,0.441586,-0.509121,0.092794,-3.141557,0.000049,0.000016
8.600539,-2.376231,-0.476322,-14.163752,-0.053624,-0.227625,0.034000,0.441610,-0.509039,0.092795,-3.141553,0.000054,0.000016
8.604513,-2.376230,-0.476326,-14.163752,-0.053624,-0.227625,0.034000,0.441634,-0.508957,0.092793,-3.141551,0.000057,0.000017
8.608539,-2.376234,-0.476310,-14.163752,-0.053624,-0.227625,0.034000,0.441659,-0.508877,0.092795,-3.141559,0.000045,-0.000010
8.612499,-2.376219,-0.476365,-14.163753,-0.053624,-0.227625,0.034000,0.441672,-0.508784,0.092780,-3.141530,0.000085,-0.000005
8.616541,-2.376224,-0.476346,-14.163753,-0.053624,-0.227625,0.034000,0.441715,-0.508690,0.092794,-3.141541,0.000071,0.000027
8.620572,-1.896221,-0.556358,-12.383753,-0.037624,-0.195625,0.030000,0.441737,-0.508607,0.092792,-3.141534,0.000080,0.000028
8.624541,-1.896221,-0.556358,-12.383753,-0.037624,-0.195625,0.030000,0.441737,-0.508607,0.092792,-3.141534,0.000080,0.000028
8.628589,-1.896223,-0.556352,-12.383753,-0.037624,-0.195625,0.030000,0.441790,-0.508444,0.092798,-3.141537,0.000075,0.000027
8.632539,-1.896224,-0.556346,-12.383753,-0.037624,-0.195625,0.030000,0.441817,-0.508361,0.092802,-3.141541,0.000071,0.000025
8.636540,-1.896226,-0.556340,-12.383753,-0.037624,-0.195625,0.030000,0.441844,-0.508278,0.092806,-3.141544,0.000067,0.000017
8.640540,-1.896225,-0.556345,-12.383753,-0.037624,-0.195625,0.030000,0.441871,-0.508192,0.092805,-3.141541,0.000070,0.000013
8.644540,-1.896225,-0.556345,-12.383753,-0.037624,-0.195625,0.030000,0.441871,-0.508192,0.092805,-3.141541,0.000070,0.000013
8.648543,-1.896230,-0.556324,-12.383752,-0.037624,-0.195625,0.030000,0.441929,-0.508021,0.092812,-3.141552,0.000055,-0.000002
8.652540,-1.896230,-0.556324,-12.383752,-0.037624,-0.195625,0.030000,0.441954,-0.507937,0.092814,-3.141552,0.000055,-0.000004
8.656540,-1.896233,-0.556317,-12.383752,-0.037624,-0.195625,0.030000,0.441984,-0.507849,0.092817,-3.141556,0.000050,-0.000003
8.660539,-1.896233,-0.556317,-12.383752,-0.037624,-0.195625,0.030000,0.441984,-0.507849,0.092817,-3.141556,0.000050,-0.000003
8.664540,-1.786234,-0.506310,-11.483752,-0.036624,-0.181625,0.027000,0.442038,-0.507676,0.092823,-3.141559,0.000045,-0.000004
8.668539,-1.786235,-0.506309,-11.483752,-0.036624,-0.181625,0.027000,0.442064,-0.507588,0.092824,-3.141560,0.000044,-0.000008
8.672540,-1.786235,-0.506308,-11.483752,-0.036624,-0.181625,0.027000,0.442090,-0.507501,0.092824,-3.141561,0.000043,-0.000006
8.676540,-1.786232,-0.506319,-11.483752,-0.036624,-0.181625,0.027000,0.442115,-0.507414,0.092821,-3.141555,0.000051,-0.000003
8.680503,-1.786231,-0.506323,-11.483752,-0.036624,-0.181625,0.027000,0.442140,-0.507325,0.092820,-3.141553,0.000055,0.000000
8.684490,-1.786231,-0.506321,-11.483752,-0.036624,-0.181625,0.027000,0.442167,-0.507239,0.092820,-3.141554,0.000053,0.000016
8.688538,-1.786232,-0.506318,-11.483752,-0.036624,-0.181625,0.027000,0.442195,-0.507153,0.092820,-3.141555,0.000051,0.000026
8.692540,-1.786231,-0.506322,-11.483752,-0.036624,-0.181625,0.027000,0.442221,-0.507066,0.092817,-3.141553,0.000054,0.000029
8.696540,-1.686232,-0.406320,-10.633752,-0.039624,-0.166625,0.024000,0.442248,-0.506980,0.092817,-3.141555,0.000052,0.000038
8.700539,-1.686232,-0.406317,-10.633752,-0.039624,-0.166625,0.024000,0.442276,-0.506893,0.092817,-3.141556,0.000050,0.000048
8.704539,-1.686237,-0.406301,-10.633752,-0.039624,-0.166625,0.024000,0.442303,-0.506811,0.092819,-3.141564,0.000039,0.000046
8.708540,-1.686238,-0.406296,-10.633751,-0.039624,-0.166625,0.024000,0.442333,-0.506723,0.092817,-3.141567,0.000035,0.000053
8.712504,-1.686237,-0.406299,-10.633752,-0.039624,-0.166625,0.024000,0.442358,-0.506639,0.092814,-3.141566,0.000037,0.000051
8.716539,-1.686237,-0.406299,-10.633752,-0.039624,-0.166625,0.024000,0.442358,-0.506639,0.092814,-3.141566,0.000037,0.000051
8.720546,-1.686238,-0.406295,-10.633751,-0.039624,-0.166625,0.024000,0.442411,-0.506466,0.092806,-3.141567,0.000035,0.000050
8.724539,-1.686239,-0.406293,-10.633751,-0.039624,-0.166625,0.024000,0.442436,-0.506381,0.092806,-3.141569,0.000033,0.000035
8.728543,-1.686239,-0.406294,-10.633751,-0.039624,-0.166625,0.024000,0.442462,-0.506294,0.092802,-3.141568,0.000034,0.000031
8.732540,-1.686239,-0.406295,-10.633751,-0.039624,-0.166625,0.024000,0.442488,-0.506207,0.092797,-3.141568,0.000034,0.000027
8.736539,-1.576240,-0.406290,-9.873751,-0.039625,-0.152625,0.023000,0.442513,-0.506123,0.092795,-3.141570,0.000031,0.000019
8.740524,-1.576238,-0.406298,-9.873751,-0.039624,-0.152625,0.023000,0.442538,-0.506039,0.092788,-3.141566,0.000036,0.000017
8.744540,-1.576237,-0.406301,-9.873751,-0.039624,-0.152625,0.023000,0.442565,-0.505952,0.092785,-3.141565,0.000038,0.000013
8.748540,-1.576237,-0.406301,-9.873751,-0.039624,-0.152625,0.023000,0.442565,-0.505952,0.092785,-3.141565,0.000038,0.000013
8.752540,-1.576238,-0.406297,-9.873751,-0.039624,-0.152625,0.023000,0.442616,-0.505785,0.092778,-3.141567,0.000036,-0.000024
8.756544,-1.576244,-0.406275,-9.873751,-0.039625,-0.152625,0.023000,0.442643,-0.505702,0.092775,-3.141578,0.000020,-0.000026
8.760544,-1.576240,-0.406292,-9.873751,-0.039625,-0.152625,0.023000,0.442668,-0.505618,0.092769,-3.141570,0.000032,-0.000021
8.764541,-1.576241,-0.406285,-9.873751,-0.039625,-0.152625,0.023000,0.442701,-0.505515,0.092766,-3.141573,0.000027,0.000009
8.768540,-1.576245,-0.406272,-9.873750,-0.039625,-0.152625,0.023000,0.442728,-0.505432,0.092763,-3.141580,0.000018,0.000014
8.772514,-1.576248,-0.406261,-9.873750,-0.039625,-0.152625,0.023000,0.442755,-0.505349,0.092762,-3.141586,0.000010,0.000019
8.776540,-1.636248,-0.396261,-10.083750,-0.044625,-0.155625,0.024000,0.442782,-0.505263,0.092757,-3.141586,0.000010,0.000035
8.780540,-1.636251,-0.396250,-10.083750,-0.044625,-0.155625,0.024000,0.442806,-0.505183,0.092756,-3.141591,0.000002,0.000043
8.784502,-1.636251,-0.396250,-10.083750,-0.044625,-0.155625,0.024000,0.442831,-0.505098,0.092751,-3.141591,0.000002,0.000054
8.788544,-1.636252,-0.396245,-10.083750,-0.044625,-0.155625,0.024000,0.442859,-0.505013,0.092748,3.141591,-0.000002,0.000064
8.792544,-1.636252,-0.396246,-10.083750,-0.044625,-0.155625,0.024000,0.442882,-0.504927,0.092744,3.141592,-0.000001,0.000076
8.796513,-1.636254,-0.396239,-10.083750,-0.044625,-0.155625,0.024000,0.442907,-0.504844,0.092739,3.141588,-0.000006,0.000081
8.800540,-1.636254,-0.396239,-10.083750,-0.044625,-0.155625,0.024000,0.442907,-0.504844,0.092739,3.141588,-0.000006,0.000081
8.804540,-1.636255,-0.396233,-10.083749,-0.044625,-0.155625,0.024000,0.442934,-0.504761,0.092735,3.141585,-0.000010,0.000086
8.808540,-1.636255,-0.396233,-10.083749,-0.044625,-0.155625,0.024000,0.442985,-0.504590,0.092724,3.141585,-0.000010,0.000093
8.812510,-1.636255,-0.396233,-10.083749,-0.044625,-0.155625,0.024000,0.442985,-0.504590,0.092724,3.141585,-0.000010,0.000093
8.816540,-1.636257,-0.396228,-10.083749,-0.044625,-0.155625,0.024000,0.443012,-0.504508,0.092721,3.141582,-0.000015,0.000085
8.820542,-1.746257,-0.396227,-10.923749,-0.043625,-0.171625,0.025000,0.443062,-0.504340,0.092709,3.141582,-0.000015,0.000068
8.824541,-1.746257,-0.396227,-10.923749,-0.043625,-0.171625,0.025000,0.443062,-0.504340,0.092709,3.141582,-0.000015,0.000068
8.828542,-1.746261,-0.396214,-10.923749,-0.043625,-0.171625,0.025000,0.443116,-0.504172,0.092701,3.141575,-0.000025,0.000056
8.832541,-1.746261,-0.396213,-10.923749,-0.043625,-0.171625,0.025000,0.443140,-0.504091,0.092694,3.141574,-0.000025,0.000043
8.836554,-1.746261,-0.396212,-10.923749,-0.043625,-0.171625,0.025000,0.443166,-0.504007,0.092688,3.141574,-0.000026,0.000034
8.840542,-1.746261,-0.396211,-10.923749,-0.043625,-0.171625,0.025000,0.443192,-0.503924,0.092681,3.141573,-0.000027,0.000026
8.844541,-1.746262,-0.396208,-10.923749,-0.043626,-0.171625,0.025000,0.443216,-0.503843,0.092672,3.141572,-0.000029,0.000013
8.848540,-1.746262,-0.396208,-10.923749,-0.043626,-0.171625,0.025000,0.443216,-0.503843,0.092672,3.141572,-0.000029,0.000013
8.852544,-1.746262,-0.396207,-10.923749,-0.043626,-0.171625,0.025000,0.443242,-0.503760,0.092666,3.141571,-0.000030,0.000004
8.856545,-1.746263,-0.396205,-10.923749,-0.043626,-0.171625,0.025000,0.443267,-0.503680,0.092658,3.141570,-0.000031,-0.000002
8.860539,-1.916262,-0.446209,-11.923749,-0.047625,-0.188625,0.028000,0.443292,-0.503597,0.092649,3.141572,-0.000028,0.000003
8.864545,-1.916263,-0.446205,-11.923749,-0.047626,-0.188625,0.028000,0.443342,-0.503433,0.092634,3.141570,-0.000031,0.000015
8.868539,-1.916263,-0.446205,-11.923749,-0.047626,-0.188625,0.028000,0.443342,-0.503433,0.092634,3.141570,-0.000031,0.000015
8.872540,-1.916264,-0.446201,-11.923748,-0.047626,-0.188625,0.028000,0.443368,-0.503350,0.092625,3.141569,-0.000034,0.000020
8.876543,-1.916263,-0.446206,-11.923749,-0.047626,-0.188625,0.028000,0.443394,-0.503267,0.092616,3.141571,-0.000030,0.000039
8.880540,-1.916263,-0.446205,-11.923749,-0.047626,-0.188625,0.028000,0.443418,-0.503186,0.092609,3.141570,-0.000031,0.000053
8.884539,-1.916263,-0.446204,-11.923749,-0.047626,-0.188625,0.028000,0.443449,-0.503081,0.092596,3.141570,-0.000031,0.000062
8.888543,-1.916265,-0.446198,-11.923748,-0.047626,-0.188625,0.028000,0.443470,-0.503020,0.092592,3.141567,-0.000036,0.000070
8.892550,-1.916264,-0.446199,-11.923748,-0.047626,-0.188625,0.028000,0.443500,-0.502918,0.092580,3.141567,-0.000035,0.000075
8.896541,-1.916261,-0.446211,-11.923749,-0.047625,-0.188625,0.028000,0.443509,-0.502849,0.092562,3.141574,-0.000027,0.000048
8.900574,-2.106262,-0.596208,-13.443749,-0.047626,-0.212625,0.032000,0.443535,-0.502766,0.092554,3.141572,-0.000029,0.000053
8.904568,-2.106269,-0.596183,-13.443748,-0.047626,-0.212625,0.032000,0.443578,-0.502673,0.092556,3.141559,-0.000047,0.000085
8.908560,-2.106271,-0.596174,-13.443748,-0.047626,-0.212625,0.032000,0.443605,-0.502591,0.092549,3.141554,-0.000054,0.000077
8.912561,-2.106270,-0.596178,-13.443748,-0.047626,-0.212625,0.032000,0.443628,-0.502510,0.092540,3.141556,-0.000051,0.000070
8.916555,-2.106270,-0.596177,-13.443748,-0.047626,-0.212625,0.032000,0.443654,-0.502427,0.092533,3.141556,-0.000051,0.000069
8.920549,-2.106270,-0.596178,-13.443748,-0.047626,-0.212625,0.032000,0.443681,-0.502344,0.092528,3.141556,-0.000051,0.000060
8.924547,-2.106271,-0.596176,-13.443748,-0.047626,-0.212625,0.032000,0.443706,-0.502264,0.092520,3.141555,-0.000052,0.000047
8.928543,-2.106269,-0.596183,-13.443748,-0.047626,-0.212625,0.032000,0.443731,-0.502181,0.092513,3.141559,-0.000047,0.000039
8.932524,-2.106268,-0.596184,-13.443748,-0.047626,-0.212625,0.032000,0.443754,-0.502099,0.092509,3.141560,-0.000046,0.000026
8.936535,-2.106266,-0.596193,-13.443749,-0.047626,-0.212625,0.032000,0.443779,-0.502016,0.092504,3.141564,-0.000039,0.000017
8.940516,-2.446264,-0.616200,-15.543748,-0.064626,-0.239625,0.036000,0.443804,-0.501932,0.092497,3.141568,-0.000035,0.000009
8.944536,-2.446263,-0.616204,-15.543748,-0.064626,-0.239625,0.036000,0.443826,-0.501851,0.092496,3.141570,-0.000032,-0.000011
8.948538,-2.446262,-0.616208,-15.543749,-0.064625,-0.239625,0.036000,0.443851,-0.501767,0.092494,3.141572,-0.000029,-0.000012
8.952535,-2.446259,-0.616217,-15.543749,-0.064625,-0.239625,0.036000,0.443874,-0.501686,0.092489,3.141577,-0.000022,-0.000019
8.956539,-2.446258,-0.616221,-15.543749,-0.064625,-0.239625,0.036000,0.443899,-0.501602,0.092487,3.141579,-0.000019,-0.000020
8.960540,-2.446257,-0.616226,-15.543749,-0.064625,-0.239625,0.036000,0.443924,-0.501519,0.092485,3.141581,-0.000016,-0.000015
8.964541,-2.446256,-0.616230,-15.543749,-0.064625,-0.239625,0.036000,0.443949,-0.501435,0.092483,3.141583,-0.000013,-0.000010
8.968540,-2.446255,-0.616234,-15.543749,-0.064625,-0.239625,0.036000,0.443974,-0.501351,0.092481,3.141585,-0.000010,0.000001
8.972546,-2.446254,-0.616238,-15.543750,-0.064625,-0.239625,0.036000,0.443996,-0.501270,0.092480,3.141588,-0.000007,0.000009
8.976547,-2.736252,-0.636243,-17.533749,-0.074625,-0.266625,0.039000,0.444022,-0.501187,0.092479,3.141591,-0.000003,0.000020
8.980547,-2.736253,-0.636242,-17.533749,-0.074625,-0.266625,0.039000,0.444049,-0.501105,0.092479,3.141590,-0.000004,0.000032
8.984538,-2.736255,-0.636235,-17.533749,-0.074625,-0.266625,0.039000,0.444076,-0.501023,0.092482,3.141586,-0.000009,0.000037
8.988540,-2.736254,-0.636239,-17.533749,-0.074625,-0.266625,0.039000,0.444098,-0.500941,0.092480,3.141588,-0.000006,0.000038
8.992539,-2.736251,-0.636250,-17.533750,-0.074625,-0.266625,0.039000,0.444123,-0.500857,0.092478,-3.141591,0.000002,0.000043
8.996543,-2.736250,-0.636254,-17.533750,-0.074625,-0.266625,0.039000,0.444147,-0.500774,0.092476,-3.141589,0.000005,0.000048
9.000540,-2.736250,-0.636254,-17.533750,-0.074625,-0.266625,0.039000,0.444170,-0.500693,0.092477,-3.141590,0.000004,0.000048
9.004545,-2.736249,-0.636258,-17.533750,-0.074625,-0.266625,0.039000,0.444195,-0.500609,0.092475,-3.141587,0.000007,0.000046
9.008540,-2.736249,-0.636257,-17.533750,-0.074625,-0.266625,0.039000,0.444220,-0.500526,0.092476,-3.141588,0.000007,0.000045
9.012541,-2.736250,-0.636254,-17.533750,-0.074625,-0.266625,0.039000,0.444242,-0.500444,0.092476,-3.141589,0.000005,0.000032
9.016539,-3.076250,-0.556252,-18.403751,-0.078625,-0.289625,0.041000,0.444268,-0.500361,0.092476,-3.141590,0.000004,0.000023
9.020540,-3.076251,-0.556250,-18.403750,-0.078625,-0.289625,0.041000,0.444292,-0.500277,0.092476,-3.141591,0.000002,0.000015
9.024540,-3.076250,-0.556254,-18.403751,-0.078625,-0.289625,0.041000,0.444316,-0.500194,0.092474,-3.141589,0.000005,0.000013
9.028539,-3.076254,-0.556237,-18.403750,-0.078625,-0.289625,0.041000,0.444344,-0.500112,0.092476,3.141587,-0.000008,0.000005
9.032540,-3.076250,-0.556253,-18.403751,-0.078625,-0.289625,0.041000,0.444359,-0.500022,0.092463,-3.141590,0.000004,-0.000038
9.036539,-3.076253,-0.556244,-18.403750,-0.078625,-0.289625,0.041000,0.444383,-0.499942,0.092463,3.141591,-0.000003,-0.000044
9.040539,-3.076260,-0.556214,-18.403749,-0.078625,-0.289625,0.041000,0.444427,-0.499846,0.092476,3.141575,-0.000024,-0.000027
9.044540,-3.076263,-0.556205,-18.403749,-0.078626,-0.289625,0.041000,0.444456,-0.499763,0.092477,3.141571,-0.000031,-0.000031
9.048541,-3.076264,-0.556201,-18.403749,-0.078626,-0.289625,0.041000,0.444483,-0.499680,0.092475,3.141568,-0.000034,-0.000033
9.052540,-3.076264,-0.556199,-18.403749,-0.078626,-0.289625,0.041000,0.444509,-0.499598,0.092475,3.141567,-0.000036,-0.000035
9.056505,-3.076263,-0.556203,-18.403749,-0.078626,-0.289625,0.041000,0.444533,-0.499515,0.092473,3.141569,-0.000033,-0.000037
9.060541,-3.066261,-0.566212,-18.523749,-0.079625,-0.290625,0.042000,0.444560,-0.499429,0.092468,3.141574,-0.000026,-0.000020
9.064540,-2.936261,-0.586210,-18.603749,-0.075625,-0.288625,0.041000,0.444586,-0.499347,0.092468,3.141573,-0.000027,-0.000009
9.068546,-2.936257,-0.586225,-18.603750,-0.075625,-0.288625,0.041000,0.444609,-0.499262,0.092461,3.141581,-0.000016,0.000003
9.072540,-2.936258,-0.586223,-18.603749,-0.075625,-0.288625,0.041000,0.444637,-0.499177,0.092462,3.141580,-0.000018,0.000013
9.076540,-2.936255,-0.586233,-18.603750,-0.075625,-0.288625,0.041000,0.444660,-0.499093,0.092458,3.141585,-0.000010,0.000018
9.080540,-2.936252,-0.586244,-18.603750,-0.075625,-0.288625,0.041000,0.444685,-0.499010,0.092454,3.141591,-0.000003,0.000023
9.084539,-2.936249,-0.586256,-18.603750,-0.075625,-0.288625,0.041000,0.444709,-0.498926,0.092452,-3.141588,0.000006,0.000034
9.088539,-2.936250,-0.586255,-18.603750,-0.075625,-0.288625,0.041000,0.444736,-0.498841,0.092453,-3.141589,0.000005,0.000044
9.092546,-2.936248,-0.586260,-18.603751,-0.075625,-0.288625,0.041000,0.444762,-0.498758,0.092452,-3.141586,0.000009,0.000049
9.096538,-2.936245,-0.586273,-18.603751,-0.075625,-0.288625,0.041000,0.444787,-0.498675,0.092451,-3.141579,0.000019,0.000054
9.100540,-2.946245,-0.646274,-18.623751,-0.068625,-0.294625,0.042000,0.444815,-0.498590,0.092454,-3.141579,0.000019,0.000057
9.104537,-2.946243,-0.646281,-18.623751,-0.068625,-0.294625,0.042000,0.444841,-0.498508,0.092454,-3.141575,0.000024,0.000048
9.108540,-2.946241,-0.646287,-18.623751,-0.068625,-0.294625,0.042000,0.444867,-0.498426,0.092454,-3.141572,0.000029,0.000040
9.112540,-2.946241,-0.646289,-18.623751,-0.068625,-0.294625,0.042000,0.444894,-0.498344,0.092458,-3.141571,0.000030,0.000038
9.116540,-2.946237,-0.646302,-18.623751,-0.068624,-0.294625,0.042000,0.444921,-0.498259,0.092456,-3.141565,0.000040,0.000027
9.120540,-2.946234,-0.646316,-18.623752,-0.068624,-0.294625,0.042000,0.444944,-0.498175,0.092456,-3.141557,0.000050,0.000019
9.124540,-2.946232,-0.646324,-18.623752,-0.068624,-0.294625,0.042000,0.444969,-0.498092,0.092458,-3.141553,0.000056,0.000011
9.128541,-2.946230,-0.646332,-18.623752,-0.068624,-0.294625,0.042000,0.444995,-0.498009,0.092460,-3.141549,0.000062,0.000002
9.132540,-2.946226,-0.646346,-18.623753,-0.068624,-0.294625,0.042000,0.445018,-0.497925,0.092459,-3.141542,0.000072,-0.000006
9.136544,-2.946224,-0.646353,-18.623753,-0.068624,-0.294625,0.042000,0.445042,-0.497841,0.092460,-3.141538,0.000077,-0.000008
9.140544,-3.026222,-0.546362,-18.863753,-0.078624,-0.294625,0.042000,0.445066,-0.497757,0.092463,-3.141533,0.000084,-0.000003
9.144540,-3.026219,-0.546375,-18.863753,-0.078624,-0.294625,0.042000,0.445088,-0.497672,0.092461,-3.141527,0.000093,0.000002
9.148539,-3.026220,-0.546370,-18.863753,-0.078624,-0.294625,0.042000,0.445116,-0.497588,0.092466,-3.141529,0.000090,0.000011
9.152540,-3.026219,-0.546374,-18.863753,-0.078624,-0.294625,0.042000,0.445140,-0.497504,0.092472,-3.141527,0.000093,0.000010
9.156539,-3.026220,-0.546370,-18.863753,-0.078624,-0.294625,0.042000,0.445166,-0.497422,0.092477,-3.141530,0.000089,0.000021
9.160540,-3.026220,-0.546370,-18.863753,-0.078624,-0.294625,0.042000,0.445166,-0.497422,0.092477,-3.141530,0.000089,0.000021
9.164540,-3.026224,-0.546354,-18.863753,-0.078624,-0.294625,0.042000,0.445200,-0.497320,0.092488,-3.141538,0.000078,0.000031
9.168541,-3.026229,-0.546334,-18.863752,-0.078624,-0.294625,0.042000,0.445253,-0.497157,0.092503,-3.141548,0.000063,0.000041
9.172540,-3.026231,-0.546329,-18.863752,-0.078624,-0.294625,0.042000,0.445279,-0.497075,0.092509,-3.141550,0.000060,0.000046
9.176539,-3.026233,-0.546319,-18.863752,-0.078624,-0.294625,0.042000,0.445306,-0.496994,0.092516,-3.141556,0.000052,0.000051
9.180539,-2.896234,-0.496314,-18.593752,-0.079624,-0.285625,0.041000,0.445332,-0.496911,0.092521,-3.141558,0.000049,0.000049
9.184539,-2.896237,-0.496304,-18.593752,-0.079624,-0.285625,0.041000,0.445359,-0.496830,0.092528,-3.141564,0.000041,0.000054
9.188540,-2.896240,-0.496292,-18.593751,-0.079625,-0.285625,0.041000,0.445388,-0.496746,0.092534,-3.141570,0.000032,0.000064
9.192540,-2.896240,-0.496293,-18.593751,-0.079624,-0.285625,0.041000,0.445412,-0.496663,0.092538,-3.141569,0.000033,0.000062
9.196540,-2.896241,-0.496289,-18.593751,-0.079625,-0.285625,0.041000,0.445437,-0.496580,0.092543,-3.141571,0.000030,0.000060
9.200539,-2.896242,-0.496284,-18.593751,-0.079625,-0.285625,0.041000,0.445463,-0.496498,0.092548,-3.141574,0.000027,0.000065
9.204540,-2.896243,-0.496280,-18.593751,-0.079625,-0.285625,0.041000,0.445489,-0.496416,0.092554,-3.141576,0.000024,0.000064
9.208537,-2.896242,-0.496287,-18.593751,-0.079625,-0.285625,0.041000,0.445514,-0.496330,0.092554,-3.141573,0.000028,0.000060
9.212539,-2.896243,-0.496282,-18.593751,-0.079625,-0.285625,0.041000,0.445540,-0.496247,0.092560,-3.141575,0.000025,0.000051
9.216539,-2.796241,-0.536290,-17.483752,-0.079625,-0.268625,0.039000,0.445565,-0.496165,0.092561,-3.141571,0.000031,0.000043
9.220540,-2.796240,-0.536292,-17.483752,-0.079625,-0.268625,0.039000,0.445589,-0.496081,0.092565,-3.141570,0.000032,0.000041
9.224540,-2.796239,-0.536295,-17.483752,-0.079624,-0.268625,0.039000,0.445614,-0.495998,0.092569,-3.141568,0.000035,0.000039
9.228550,-2.796239,-0.536297,-17.483752,-0.079624,-0.268625,0.039000,0.445640,-0.495917,0.092573,-3.141567,0.000036,0.000038
9.232540,-2.796238,-0.536299,-17.483752,-0.079624,-0.268625,0.039000,0.445666,-0.495831,0.092576,-3.141566,0.000037,0.000034
9.236555,-2.796241,-0.536289,-17.483752,-0.079625,-0.268625,0.039000,0.445694,-0.495747,0.092585,-3.141571,0.000030,0.000037
9.240538,-2.796239,-0.536298,-17.483752,-0.079624,-0.268625,0.039000,0.445719,-0.495661,0.092587,-3.141567,0.000037,0.000033
9.244539,-2.796240,-0.536294,-17.483752,-0.079624,-0.268625,0.039000,0.445747,-0.495577,0.092593,-3.141569,0.000034,0.000035
9.248539,-2.796237,-0.536303,-17.483752,-0.079624,-0.268625,0.039000,0.445773,-0.495491,0.092595,-3.141564,0.000040,0.000038
9.252544,-2.796235,-0.536312,-17.483752,-0.079624,-0.268625,0.039000,0.445798,-0.495405,0.092598,-3.141560,0.000047,0.000041
9.256539,-2.476233,-0.446319,-15.623752,-0.067624,-0.239625,0.035000,0.445824,-0.495316,0.092599,-3.141556,0.000053,0.000048
9.260545,-2.476233,-0.446321,-15.623752,-0.067624,-0.239625,0.035000,0.445850,-0.495230,0.092603,-3.141555,0.000054,0.000051
9.264539,-2.476230,-0.446334,-15.623752,-0.067624,-0.239625,0.035000,0.445874,-0.495144,0.092601,-3.141548,0.000063,0.000047
9.268540,-2.476228,-0.446340,-15.623753,-0.067624,-0.239625,0.035000,0.445900,-0.495058,0.092602,-3.141545,0.000068,0.000043
9.272541,-2.476227,-0.446345,-15.623753,-0.067624,-0.239625,0.035000,0.445926,-0.494969,0.092601,-3.141542,0.000072,0.000044
9.276523,-2.476225,-0.446352,-15.623753,-0.067624,-0.239625,0.035000,0.445952,-0.494883,0.092601,-3.141539,0.000076,0.000053
9.280546,-2.476224,-0.446359,-15.623753,-0.067624,-0.239625,0.035000,0.445978,-0.494798,0.092602,-3.141536,0.000081,0.000056
9.284502,-2.476222,-0.446365,-15.623753,-0.067624,-0.239625,0.035000,0.446012,-0.494689,0.092602,-3.141533,0.000086,0.000054
9.288523,-2.476222,-0.446364,-15.623753,-0.067624,-0.239625,0.035000,0.446031,-0.494625,0.092603,-3.141533,0.000085,0.000053
9.292533,-2.476222,-0.446365,-15.623753,-0.067624,-0.239625,0.035000,0.446064,-0.494519,0.092607,-3.141532,0.000086,0.000046
9.296572,-2.476222,-0.446365,-15.623753,-0.067624,-0.239625,0.035000,0.446064,-0.494519,0.092607,-3.141532,0.000086,0.000046
9.300503,-2.276221,-0.486367,-14.033753,-0.056624,-0.221625,0.032000,0.446103,-0.494360,0.092612,-3.141531,0.000088,0.000012
9.304499,-2.276223,-0.486363,-14.033753,-0.056624,-0.221625,0.032000,0.446146,-0.494262,0.092618,-3.141534,0.000084,0.000039
9.308543,-2.276223,-0.486362,-14.033753,-0.056624,-0.221625,0.032000,0.446172,-0.494177,0.092619,-3.141534,0.000084,0.000035
9.312503,-2.276224,-0.486358,-14.033753,-0.056624,-0.221625,0.032000,0.446199,-0.494092,0.092624,-3.141536,0.000081,0.000031
9.316523,-2.276223,-0.486363,-14.033753,-0.056624,-0.221625,0.032000,0.446226,-0.494004,0.092623,-3.141534,0.000084,0.000039
9.320504,-2.276221,-0.486369,-14.033753,-0.056624,-0.221625,0.032000,0.446251,-0.493918,0.092624,-3.141530,0.000089,0.000035
9.324510,-2.276223,-0.486363,-14.033753,-0.056624,-0.221625,0.032000,0.446277,-0.493833,0.092628,-3.141533,0.000085,0.000031
9.328540,-2.276223,-0.486363,-14.033753,-0.056624,-0.221625,0.032000,0.446277,-0.493833,0.092628,-3.141533,0.000085,0.000031
9.332612,-2.276223,-0.486362,-14.033753,-0.056624,-0.221625,0.032000,0.446303,-0.493747,0.092629,-3.141534,0.000084,0.000033
9.336538,-2.026227,-0.566347,-12.973753,-0.045624,-0.204625,0.031000,0.446357,-0.493578,0.092634,-3.141542,0.000073,0.000032
9.340538,-2.026227,-0.566347,-12.973753,-0.045624,-0.204625,0.031000,0.446357,-0.493578,0.092634,-3.141542,0.000073,0.000032
9.344498,-2.026229,-0.566337,-12.973753,-0.045624,-0.204625,0.031000,0.446409,-0.493411,0.092635,-3.141547,0.000065,0.000027
9.348537,-2.026229,-0.566337,-12.973753,-0.045624,-0.204625,0.031000,0.446409,-0.493411,0.092635,-3.141547,0.000065,0.000027
9.352500,-2.026230,-0.566335,-12.973753,-0.045624,-0.204625,0.031000,0.446436,-0.493327,0.092636,-3.141548,0.000064,0.000023
9.356503,-2.026230,-0.566333,-12.973753,-0.045624,-0.204625,0.031000,0.446461,-0.493244,0.092636,-3.141549,0.000062,0.000021
9.360538,-2.026235,-0.566312,-12.973752,-0.045624,-0.204625,0.031000,0.446490,-0.493162,0.092641,-3.141560,0.000047,0.000017
9.364569,-2.026235,-0.566312,-12.973752,-0.045624,-0.204625,0.031000,0.446490,-0.493162,0.092641,-3.141560,0.000047,0.000017
9.368538,-2.026237,-0.566306,-12.973752,-0.045624,-0.204625,0.031000,0.446545,-0.492993,0.092639,-3.141563,0.000043,0.000016
9.372538,-2.026242,-0.566286,-12.973751,-0.045625,-0.204625,0.031000,0.446571,-0.492912,0.092638,-3.141573,0.000028,-0.000020
9.376538,-2.026241,-0.566288,-12.973751,-0.045625,-0.204625,0.031000,0.446606,-0.492807,0.092642,-3.141572,0.000030,0.000008
9.380538,-1.886241,-0.486291,-11.903751,-0.045625,-0.185625,0.029000,0.446632,-0.492723,0.092639,-3.141570,0.000032,0.000004
9.384540,-1.886241,-0.486289,-11.903751,-0.045625,-0.185625,0.029000,0.446660,-0.492638,0.092639,-3.141571,0.000030,0.000007
9.388540,-1.886244,-0.486279,-11.903751,-0.045625,-0.185625,0.029000,0.446689,-0.492556,0.092639,-3.141577,0.000023,0.000010
9.392540,-1.886244,-0.486277,-11.903751,-0.045625,-0.185625,0.029000,0.446713,-0.492473,0.092639,-3.141578,0.000021,0.000001
9.396540,-1.886245,-0.486275,-11.903751,-0.045625,-0.185625,0.029000,0.446741,-0.492389,0.092639,-3.141579,0.000020,0.000004
9.400541,-1.886245,-0.486273,-11.903751,-0.045625,-0.185625,0.029000,0.446768,-0.492304,0.092640,-3.141580,0.000019,0.000007
9.404540,-1.886243,-0.486284,-11.903751,-0.045625,-0.185625,0.029000,0.446794,-0.492220,0.092636,-3.141574,0.000026,0.000009
9.408540,-1.886243,-0.486282,-11.903751,-0.045625,-0.185625,0.029000,0.446821,-0.492135,0.092636,-3.141575,0.000025,0.000012
9.412541,-1.886242,-0.486287,-11.903751,-0.045625,-0.185625,0.029000,0.446847,-0.492050,0.092636,-3.141572,0.000029,0.000015
9.416500,-1.886242,-0.486284,-11.903751,-0.045625,-0.185625,0.029000,0.446873,-0.491969,0.092635,-3.141574,0.000027,0.000013
9.420540,-1.696240,-0.556295,-11.023751,-0.041624,-0.165625,0.027000,0.446900,-0.491884,0.092631,-3.141568,0.000035,0.000016
9.424547,-1.696238,-0.556301,-11.023751,-0.041624,-0.165625,0.027000,0.446926,-0.491799,0.092631,-3.141566,0.000039,0.000019
9.428540,-1.696236,-0.556311,-11.023752,-0.041624,-0.165625,0.027000,0.446950,-0.491717,0.092627,-3.141560,0.000047,0.000024
9.432541,-1.696235,-0.556314,-11.023752,-0.041624,-0.165625,0.027000,0.446977,-0.491632,0.092625,-3.141559,0.000049,0.000020
9.436539,-1.696234,-0.556319,-11.023752,-0.041624,-0.165625,0.027000,0.447002,-0.491550,0.092623,-3.141556,0.000052,0.000018
9.440547,-1.696235,-0.556316,-11.023752,-0.041624,-0.165625,0.027000,0.447028,-0.491469,0.092622,-3.141558,0.000050,0.000016
9.444541,-1.696233,-0.556324,-11.023752,-0.041624,-0.165625,0.027000,0.447052,-0.491386,0.092616,-3.141554,0.000056,0.000008
9.448540,-1.696232,-0.556329,-11.023752,-0.041624,-0.165625,0.027000,0.447078,-0.491305,0.092615,-3.141551,0.000060,0.000006
9.452541,-1.696232,-0.556326,-11.023752,-0.041624,-0.165625,0.027000,0.447104,-0.491223,0.092614,-3.141553,0.000058,0.000005
9.456540,-1.696232,-0.556328,-11.023752,-0.041624,-0.165625,0.027000,0.447127,-0.491144,0.092610,-3.141552,0.000059,-0.000008
9.460540,-1.726231,-0.496331,-10.573753,-0.043624,-0.163625,0.027000,0.447152,-0.491061,0.092607,-3.141550,0.000061,-0.000010
9.464540,-1.726232,-0.496328,-10.573753,-0.043624,-0.163625,0.027000,0.447176,-0.490982,0.092607,-3.141552,0.000059,-0.000016
9.468540,-1.726231,-0.496331,-10.573753,-0.043624,-0.163625,0.027000,0.447200,-0.490899,0.092604,-3.141550,0.000062,-0.000018
9.472540,-1.726232,-0.496326,-10.573752,-0.043624,-0.163625,0.027000,0.447226,-0.490818,0.092601,-3.141553,0.000058,-0.000013
9.476541,-1.726233,-0.496322,-10.573752,-0.043624,-0.163625,0.027000,0.447251,-0.490736,0.092599,-3.141555,0.000054,-0.000015
9.480540,-1.726233,-0.496322,-10.573752,-0.043624,-0.163625,0.027000,0.447275,-0.490654,0.092593,-3.141555,0.000055,-0.000010
9.484544,-1.726235,-0.496315,-10.573752,-0.043624,-0.163625,0.027000,0.447300,-0.490572,0.092589,-3.141558,0.000050,-0.000012
9.488541,-1.726238,-0.496302,-10.573752,-0.043624,-0.163625,0.027000,0.447333,-0.490470,0.092587,-3.141565,0.000040,-0.000002
9.492541,-1.726240,-0.496295,-10.573752,-0.043624,-0.163625,0.027000,0.447350,-0.490411,0.092582,-3.141568,0.000035,-0.000006
9.496547,-1.766242,-0.406288,-10.833751,-0.047625,-0.168625,0.027000,0.447381,-0.490308,0.092578,-3.141572,0.000030,0.000004
9.500541,-1.766243,-0.406282,-10.833751,-0.047625,-0.168625,0.027000,0.447402,-0.490245,0.092573,-3.141575,0.000025,0.000015
9.504540,-1.766245,-0.406275,-10.833751,-0.047625,-0.168625,0.027000,0.447425,-0.490165,0.092569,-3.141579,0.000020,-0.000018
9.508540,-1.766248,-0.406263,-10.833750,-0.047625,-0.168625,0.027000,0.447452,-0.490081,0.092567,-3.141585,0.000011,0.000032
9.512544,-1.766257,-0.406226,-10.833749,-0.047625,-0.168625,0.027000,0.447477,-0.490003,0.092566,3.141582,-0.000016,-0.000001
9.516554,-1.766262,-0.406205,-10.833748,-0.047626,-0.168625,0.027000,0.447504,-0.489922,0.092564,3.141571,-0.000031,0.000011
9.520545,-1.766258,-0.406219,-10.833749,-0.047625,-0.168625,0.027000,0.447535,-0.489820,0.092557,3.141578,-0.000021,0.000047
9.524540,-1.766261,-0.406207,-10.833748,-0.047626,-0.168625,0.027000,0.447562,-0.489739,0.092554,3.141572,-0.000030,0.000052
9.528541,-1.766260,-0.406212,-10.833749,-0.047625,-0.168625,0.027000,0.447586,-0.489656,0.092546,3.141575,-0.000026,0.000050
9.532539,-1.766262,-0.406205,-10.833748,-0.047626,-0.168625,0.027000,0.447611,-0.489574,0.092542,3.141571,-0.000031,0.000042
9.536540,-1.766262,-0.406203,-10.833748,-0.047626,-0.168625,0.027000,0.447637,-0.489490,0.092534,3.141570,-0.000033,0.000045
9.540537,-1.866264,-0.456195,-11.443748,-0.044626,-0.180625,0.029000,0.447663,-0.489406,0.092529,3.141566,-0.000039,0.000034
9.544540,-1.866263,-0.456200,-11.443748,-0.044626,-0.180625,0.029000,0.447687,-0.489319,0.092520,3.141569,-0.000035,0.000030
9.548540,-1.866262,-0.456205,-11.443749,-0.044626,-0.180625,0.029000,0.447712,-0.489231,0.092512,3.141571,-0.000031,0.000024
9.552540,-1.866262,-0.456204,-11.443749,-0.044626,-0.180625,0.029000,0.447740,-0.489144,0.092506,3.141571,-0.000032,0.000018
9.556545,-1.866261,-0.456210,-11.443749,-0.044625,-0.180625,0.029000,0.447763,-0.489057,0.092498,3.141573,-0.000028,0.000007
9.560540,-1.866258,-0.456222,-11.443749,-0.044625,-0.180625,0.029000,0.447786,-0.488971,0.092489,3.141580,-0.000019,-0.000004
9.564530,-1.866256,-0.456229,-11.443749,-0.044625,-0.180625,0.029000,0.447813,-0.488883,0.092482,3.141583,-0.000014,-0.000010
9.568539,-1.866256,-0.456229,-11.443749,-0.044625,-0.180625,0.029000,0.447813,-0.488883,0.092482,3.141583,-0.000014,-0.000010
9.572544,-1.866252,-0.456247,-11.443750,-0.044625,-0.180625,0.029000,0.447864,-0.488710,0.092465,3.141593,-0.000000,-0.000006
9.576540,-2.056253,-0.506241,-12.553750,-0.050625,-0.197625,0.031000,0.447893,-0.488624,0.092460,3.141589,-0.000005,-0.000006
9.580537,-2.056251,-0.506247,-12.553750,-0.050625,-0.197625,0.031000,0.447918,-0.488538,0.092453,3.141592,-0.000000,-0.000003
9.584538,-2.056253,-0.506240,-12.553750,-0.050625,-0.197625,0.031000,0.447945,-0.488454,0.092449,3.141589,-0.000005,0.000006
9.588540,-2.056252,-0.506247,-12.553750,-0.050625,-0.197625,0.031000,0.447971,-0.488367,0.092442,3.141592,-0.000000,0.000014
9.592539,-2.056252,-0.506246,-12.553750,-0.050625,-0.197625,0.031000,0.447999,-0.488279,0.092436,3.141592,-0.000001,0.000028
9.596548,-2.056253,-0.506239,-12.553750,-0.050625,-0.197625,0.031000,0.448026,-0.488195,0.092431,3.141588,-0.000006,0.000037
9.600539,-2.056254,-0.506238,-12.553750,-0.050625,-0.197625,0.031000,0.448051,-0.488110,0.092425,3.141588,-0.000007,0.000053
9.604540,-2.056256,-0.506230,-12.553749,-0.050625,-0.197625,0.031000,0.448078,-0.488023,0.092419,3.141584,-0.000013,0.000068
9.608537,-2.056254,-0.506235,-12.553750,-0.050625,-0.197625,0.031000,0.448104,-0.487935,0.092411,3.141586,-0.000009,0.000075
9.612539,-2.056255,-0.506234,-12.553750,-0.050625,-0.197625,0.031000,0.448129,-0.487850,0.092405,3.141586,-0.000010,0.000078
9.616540,-2.056253,-0.506239,-12.553750,-0.050625,-0.197625,0.031000,0.448152,-0.487764,0.092397,3.141589,-0.000006,0.000080
9.620545,-2.356253,-0.526240,-14.373749,-0.059625,-0.226625,0.035000,0.448178,-0.487675,0.092391,3.141589,-0.000006,0.000081
9.624540,-2.356253,-0.526241,-14.373750,-0.059625,-0.226625,0.035000,0.448202,-0.487590,0.092387,3.141589,-0.000005,0.000077
9.628544,-2.356255,-0.526233,-14.373749,-0.059625,-0.226625,0.035000,0.448227,-0.487505,0.092389,3.141585,-0.000011,0.000073
9.632592,-2.356261,-0.526207,-14.373748,-0.059626,-0.226625,0.035000,0.448256,-0.487419,0.092390,3.141572,-0.000030,0.000033
9.636514,-2.356257,-0.526226,-14.373749,-0.059625,-0.226625,0.035000,0.448279,-0.487333,0.092387,3.141582,-0.000016,0.000056
9.640571,-2.356259,-0.526215,-14.373749,-0.059625,-0.226625,0.035000,0.448295,-0.487241,0.092386,3.141576,-0.000024,0.000012
9.644565,-2.356267,-0.526183,-14.373748,-0.059626,-0.226625,0.035000,0.448333,-0.487165,0.092389,3.141560,-0.000048,0.000001
9.648559,-2.356261,-0.526207,-14.373748,-0.059626,-0.226625,0.035000,0.448359,-0.487060,0.092383,3.141572,-0.000030,0.000017
9.652559,-2.356264,-0.526197,-14.373748,-0.059626,-0.226625,0.035000,0.448386,-0.486976,0.092384,3.141567,-0.000037,0.000007
9.656552,-2.356266,-0.526186,-14.373748,-0.059626,-0.226625,0.035000,0.448411,-0.486891,0.092383,3.141562,-0.000045,-0.000004
9.660548,-2.656267,-0.576183,-16.223748,-0.074626,-0.248625,0.040000,0.448436,-0.486806,0.092382,3.141560,-0.000048,-0.000015
9.664550,-2.656267,-0.576183,-16.223748,-0.074626,-0.248625,0.040000,0.448461,-0.486721,0.092381,3.141558,-0.000050,-0.000012
9.668543,-2.656268,-0.576179,-16.223748,-0.074626,-0.248625,0.040000,0.448461,-0.486721,0.092381,3.141558,-0.000050,-0.000012
9.672523,-2.656267,-0.576182,-16.223748,-0.074626,-0.248625,0.040000,0.448505,-0.486550,0.092373,3.141560,-0.000048,0.000003
9.676542,-2.656265,-0.576190,-16.223748,-0.074626,-0.248625,0.040000,0.448527,-0.486464,0.092367,3.141564,-0.000043,0.000012
9.680548,-2.656263,-0.576200,-16.223749,-0.074626,-0.248625,0.040000,0.448550,-0.486377,0.092363,3.141569,-0.000035,0.000028
9.684539,-2.656262,-0.576203,-16.223749,-0.074626,-0.248625,0.040000,0.448573,-0.486290,0.092360,3.141570,-0.000033,0.000045
9.688539,-2.656260,-0.576213,-16.223749,-0.074625,-0.248625,0.040000,0.448595,-0.486204,0.092356,3.141575,-0.000026,0.000054
9.692540,-2.656259,-0.576217,-16.223749,-0.074625,-0.248625,0.040000,0.448617,-0.486120,0.092354,3.141577,-0.000023,0.000066
9.696539,-2.656257,-0.576226,-16.223749,-0.074625,-0.248625,0.040000,0.448643,-0.486032,0.092350,3.141582,-0.000016,0.000080
9.700529,-2.766258,-0.486219,-17.463749,-0.082625,-0.264625,0.042000,0.448667,-0.485950,0.092353,3.141578,-0.000021,0.000078
9.704541,-2.766256,-0.486228,-17.463749,-0.082625,-0.264625,0.042000,0.448693,-0.485862,0.092348,3.141583,-0.000014,0.000086
9.708540,-2.766258,-0.486221,-17.463749,-0.082625,-0.264625,0.042000,0.448716,-0.485780,0.092351,3.141579,-0.000019,0.000077
9.712540,-2.766257,-0.486225,-17.463749,-0.082625,-0.264625,0.042000,0.448740,-0.485695,0.092349,3.141582,-0.000016,0.000073
9.716540,-2.766255,-0.486234,-17.463749,-0.082625,-0.264625,0.042000,0.448766,-0.485610,0.092344,3.141586,-0.000010,0.000069
9.720539,-2.766256,-0.486227,-17.463749,-0.082625,-0.264625,0.042000,0.448791,-0.485526,0.092347,3.141582,-0.000015,0.000065
9.724546,-2.766257,-0.486226,-17.463749,-0.082625,-0.264625,0.042000,0.448813,-0.485442,0.092348,3.141582,-0.000016,0.000050
9.728541,-2.766256,-0.486230,-17.463749,-0.082625,-0.264625,0.042000,0.448840,-0.485355,0.092346,3.141584,-0.000013,0.000037
9.732497,-2.766256,-0.486229,-17.463749,-0.082625,-0.264625,0.042000,0.448861,-0.485272,0.092347,3.141583,-0.000014,0.000022
9.736539,-3.026255,-0.416233,-18.223750,-0.087625,-0.283625,0.044000,0.448888,-0.485184,0.092345,3.141585,-0.000011,0.000009
9.740538,-3.026251,-0.416251,-18.223750,-0.087625,-0.283625,0.044000,0.448909,-0.485097,0.092341,-3.141591,0.000002,-0.000008
9.744524,-3.026251,-0.416249,-18.223750,-0.087625,-0.283625,0.044000,0.448935,-0.485012,0.092341,-3.141592,0.000001,-0.000026
9.748523,-3.026249,-0.416259,-18.223750,-0.087625,-0.283625,0.044000,0.448959,-0.484924,0.092337,-3.141587,0.000008,-0.000039
9.752524,-3.026249,-0.416257,-18.223750,-0.087625,-0.283625,0.044000,0.448987,-0.484837,0.092337,-3.141588,0.000007,-0.000045
9.756501,-3.026249,-0.416256,-18.223750,-0.087625,-0.283625,0.044000,0.449011,-0.484752,0.092339,-3.141588,0.000006,-0.000049
9.760540,-3.026249,-0.416259,-18.223750,-0.087625,-0.283625,0.044000,0.449036,-0.484667,0.092336,-3.141587,0.000009,-0.000046
9.764501,-3.026250,-0.416252,-18.223750,-0.087625,-0.283625,0.044000,0.449064,-0.484581,0.092339,-3.141590,0.000003,-0.000032
9.768523,-3.026250,-0.416252,-18.223750,-0.087625,-0.283625,0.044000,0.449064,-0.484581,0.092339,-3.141590,0.000003,-0.000032
9.772539,-3.026250,-0.416253,-18.223750,-0.087625,-0.283625,0.044000,0.449107,-0.484404,0.092336,-3.141590,0.000004,-0.000042
9.776523,-3.106247,-0.396266,-19.073750,-0.093625,-0.295625,0.045000,0.449134,-0.484317,0.092328,-3.141583,0.000014,-0.000028
9.780498,-3.106254,-0.396237,-19.073749,-0.093625,-0.295625,0.045000,0.449178,-0.484217,0.092340,3.141587,-0.000008,0.000011
9.784527,-3.106254,-0.396235,-19.073749,-0.093625,-0.295625,0.045000,0.449204,-0.484133,0.092340,3.141586,-0.000010,0.000020
9.788539,-3.106254,-0.396235,-19.073749,-0.093625,-0.295625,0.045000,0.449204,-0.484133,0.092340,3.141586,-0.000010,0.000020
9.792540,-3.106255,-0.396234,-19.073749,-0.093625,-0.295625,0.045000,0.449230,-0.484046,0.092341,3.141586,-0.000010,0.000028
9.796540,-3.106252,-0.396243,-19.073749,-0.093625,-0.295625,0.045000,0.449253,-0.483960,0.092337,3.141590,-0.000003,0.000030
9.800504,-3.106254,-0.396235,-19.073749,-0.093625,-0.295625,0.045000,0.449305,-0.483788,0.092341,3.141586,-0.000009,0.000027
9.804499,-3.106254,-0.396235,-19.073749,-0.093625,-0.295625,0.045000,0.449305,-0.483788,0.092341,3.141586,-0.000009,0.000027
9.808503,-3.106253,-0.396240,-19.073749,-0.093625,-0.295625,0.045000,0.449356,-0.483616,0.092342,3.141589,-0.000006,0.000017
9.812523,-3.106252,-0.396246,-19.073750,-0.093625,-0.295625,0.045000,0.449381,-0.483528,0.092342,3.141592,-0.000001,0.000011
9.816504,-3.106252,-0.396246,-19.073750,-0.093625,-0.295625,0.045000,0.449381,-0.483528,0.092342,3.141592,-0.000001,0.000011
9.820504,-3.196252,-0.536245,-19.523750,-0.089625,-0.303625,0.047000,0.449433,-0.483357,0.092345,3.141591,-0.000002,-0.000013
9.824505,-3.196248,-0.536264,-19.523751,-0.089625,-0.303625,0.047000,0.449458,-0.483269,0.092342,-3.141584,0.000012,-0.000012
9.828502,-3.196249,-0.536259,-19.523751,-0.089625,-0.303625,0.047000,0.449485,-0.483186,0.092346,-3.141587,0.000008,-0.000023
9.832545,-3.196249,-0.536259,-19.523751,-0.089625,-0.303625,0.047000,0.449485,-0.483186,0.092346,-3.141587,0.000008,-0.000023
9.836497,-3.196247,-0.536266,-19.523751,-0.089625,-0.303625,0.047000,0.449540,-0.483013,0.092349,-3.141583,0.000014,-0.000042
9.840523,-3.196245,-0.536275,-19.523751,-0.089625,-0.303625,0.047000,0.449564,-0.482928,0.092351,-3.141579,0.000020,-0.000046
9.844545,-3.196245,-0.536277,-19.523751,-0.089625,-0.303625,0.047000,0.449592,-0.482842,0.092354,-3.141578,0.000021,-0.000046
9.848519,-3.196245,-0.536277,-19.523751,-0.089625,-0.303625,0.047000,0.449621,-0.482754,0.092357,-3.141578,0.000022,-0.000041
9.852502,-3.196244,-0.536279,-19.523751,-0.089625,-0.303625,0.047000,0.449650,-0.482668,0.092361,-3.141577,0.000023,-0.000033
9.856499,-3.076242,-0.676287,-19.693752,-0.090625,-0.295625,0.048000,0.449676,-0.482581,0.092362,-3.141573,0.000029,-0.000026
9.860516,-3.076242,-0.676287,-19.693752,-0.090625,-0.295625,0.048000,0.449676,-0.482581,0.092362,-3.141573,0.000029,-0.000026
9.864499,-3.076239,-0.676303,-19.693752,-0.090624,-0.295625,0.048000,0.449727,-0.482409,0.092366,-3.141565,0.000041,-0.000002
9.868507,-3.076239,-0.676303,-19.693752,-0.090624,-0.295625,0.048000,0.449727,-0.482409,0.092366,-3.141565,0.000041,-0.000002
9.872540,-3.076238,-0.676305,-19.693752,-0.090624,-0.295625,0.048000,0.449752,-0.482322,0.092369,-3.141564,0.000043,0.000005
9.876540,-3.076238,-0.676308,-19.693752,-0.090624,-0.295625,0.048000,0.449779,-0.482235,0.092374,-3.141563,0.000045,0.000019
9.880544,-3.076236,-0.676316,-19.693753,-0.090624,-0.295625,0.048000,0.449805,-0.482148,0.092376,-3.141558,0.000051,0.000026
9.884540,-3.076238,-0.676308,-19.693752,-0.090624,-0.295625,0.048000,0.449834,-0.482062,0.092385,-3.141562,0.000045,0.000034
9.888539,-3.076237,-0.676311,-19.693752,-0.090624,-0.295625,0.048000,0.449860,-0.481976,0.092390,-3.141561,0.000047,0.000034
9.892540,-3.076236,-0.676316,-19.693753,-0.090624,-0.295625,0.048000,0.449894,-0.481866,0.092397,-3.141558,0.000051,0.000044
9.896537,-3.066235,-0.646317,-19.693753,-0.091624,-0.293625,0.047000,0.449913,-0.481802,0.092399,-3.141558,0.000052,0.000002
9.900541,-3.066236,-0.626316,-19.573752,-0.092624,-0.292625,0.046000,0.449949,-0.481694,0.092408,-3.141558,0.000051,0.000031
9.904540,-3.066235,-0.626320,-19.573752,-0.092624,-0.292625,0.046000,0.449976,-0.481607,0.092412,-3.141557,0.000053,0.000025
9.908542,-3.066237,-0.626311,-19.573752,-0.092624,-0.292625,0.046000,0.450004,-0.481521,0.092422,-3.141561,0.000047,0.000026
9.912540,-3.066237,-0.626310,-19.573752,-0.092624,-0.292625,0.046000,0.450031,-0.481435,0.092429,-3.141562,0.000046,0.000020
9.916544,-3.066235,-0.626320,-19.573752,-0.092624,-0.292625,0.046000,0.450057,-0.481348,0.092433,-3.141557,0.000054,0.000007
9.920540,-3.066237,-0.626312,-19.573752,-0.092624,-0.292625,0.046000,0.450085,-0.481262,0.092443,-3.141561,0.000048,-0.000006
9.924539,-3.066237,-0.626310,-19.573752,-0.092624,-0.292625,0.046000,0.450112,-0.481175,0.092450,-3.141562,0.000046,-0.000019
9.928539,-3.066236,-0.626315,-19.573752,-0.092624,-0.292625,0.046000,0.450137,-0.481091,0.092456,-3.141559,0.000050,-0.000030
9.932559,-3.066236,-0.626315,-19.573752,-0.092624,-0.292625,0.046000,0.450137,-0.481091,0.092456,-3.141559,0.000050,-0.000030
9.936539,-3.066235,-0.626320,-19.573752,-0.092624,-0.292625,0.046000,0.450189,-0.480921,0.092472,-3.141557,0.000053,-0.000026
9.940515,-3.016237,-0.536311,-18.843752,-0.094624,-0.283625,0.044000,0.450217,-0.480838,0.092480,-3.141561,0.000047,-0.000017
9.944541,-3.016235,-0.536323,-18.843752,-0.094624,-0.283625,0.044000,0.450241,-0.480754,0.092486,-3.141555,0.000056,-0.000014
9.948538,-3.016236,-0.536316,-18.843752,-0.094624,-0.283625,0.044000,0.450266,-0.480673,0.092496,-3.141559,0.000051,-0.000009
9.952538,-3.016235,-0.536321,-18.843752,-0.094624,-0.283625,0.044000,0.450292,-0.480589,0.092502,-3.141556,0.000054,0.000000
9.956509,-3.016237,-0.536314,-18.843752,-0.094624,-0.283625,0.044000,0.450317,-0.480509,0.092513,-3.141560,0.000049,0.000012
9.960527,-3.016236,-0.536319,-18.843752,-0.094624,-0.283625,0.044000,0.450342,-0.480425,0.092519,-3.141557,0.000053,0.000022
9.964578,-3.016236,-0.536317,-18.843752,-0.094624,-0.283625,0.044000,0.450369,-0.480342,0.092527,-3.141558,0.000052,0.000031
9.968567,-3.016233,-0.536330,-18.843753,-0.094624,-0.283625,0.044000,0.450392,-0.480260,0.092532,-3.141552,0.000061,0.000036
9.972569,-3.016234,-0.536328,-18.843753,-0.094624,-0.283625,0.044000,0.450419,-0.480177,0.092540,-3.141553,0.000060,0.000039
9.976571,-3.016237,-0.536311,-18.843752,-0.094624,-0.283625,0.044000,0.450447,-0.480095,0.092549,-3.141561,0.000047,0.000015
9.980540,-2.656233,-0.526332,-17.093753,-0.074624,-0.260625,0.039000,0.450476,-0.479993,0.092555,-3.141551,0.000063,0.000051
9.984504,-2.656231,-0.526338,-17.093753,-0.074624,-0.260625,0.039000,0.450502,-0.479909,0.092562,-3.141548,0.000067,0.000054
9.988553,-2.656232,-0.526337,-17.093753,-0.074624,-0.260625,0.039000,0.450529,-0.479827,0.092570,-3.141549,0.000066,0.000057
9.992501,-2.656231,-0.526340,-17.093753,-0.074624,-0.260625,0.039000,0.450555,-0.479744,0.092575,-3.141547,0.000069,0.000060
9.996548,-2.656231,-0.526340,-17.093753,-0.074624,-0.260625,0.039000,0.450581,-0.479664,0.092584,-3.141547,0.000069,0.000051
10.000544,-2.656230,-0.526344,-17.093753,-0.074624,-0.260625,0.039000,0.450608,-0.479581,0.092589,-3.141545,0.000071,0.000047
10.004542,-2.656230,-0.526342,-17.093753,-0.074624,-0.260625,0.039000,0.450635,-0.479498,0.092597,-3.141546,0.000070,0.000043
10.008541,-2.656230,-0.526346,-17.093753,-0.074624,-0.260625,0.039000,0.450661,-0.479415,0.092602,-3.141544,0.000073,0.000039
10.012542,-2.656230,-0.526343,-17.093753,-0.074624,-0.260625,0.039000,0.450690,-0.479333,0.092608,-3.141545,0.000071,0.000035
10.016542,-2.516229,-0.566347,-16.213753,-0.068624,-0.248625,0.037000,0.450714,-0.479252,0.092613,-3.141544,0.000074,0.000027
10.020538,-2.326227,-0.546357,-15.033753,-0.064624,-0.230625,0.035000,0.450739,-0.479168,0.092616,-3.141539,0.000081,0.000030
10.024538,-2.326227,-0.546358,-15.033753,-0.064624,-0.230625,0.035000,0.450766,-0.479085,0.092619,-3.141538,0.000082,0.000033
10.028540,-2.326229,-0.546351,-15.033753,-0.064624,-0.230625,0.035000,0.450793,-0.479003,0.092622,-3.141542,0.000077,0.000029
10.032540,-2.326229,-0.546351,-15.033753,-0.064624,-0.230625,0.035000,0.450818,-0.478919,0.092624,-3.141542,0.000076,0.000031
10.036538,-2.326226,-0.546363,-15.033753,-0.064624,-0.230625,0.035000,0.450843,-0.478835,0.092622,-3.141536,0.000085,0.000034
10.040540,-2.326228,-0.546355,-15.033753,-0.064624,-0.230625,0.035000,0.450869,-0.478752,0.092624,-3.141540,0.000080,0.000037
10.044538,-2.326227,-0.546361,-15.033753,-0.064624,-0.230625,0.035000,0.450895,-0.478665,0.092623,-3.141537,0.000084,0.000044
10.048539,-2.326228,-0.546354,-15.033753,-0.064624,-0.230625,0.035000,0.450922,-0.478579,0.092626,-3.141540,0.000079,0.000045
10.052543,-2.326228,-0.546354,-15.033753,-0.064624,-0.230625,0.035000,0.450946,-0.478494,0.092629,-3.141540,0.000079,0.000048
10.056538,-2.326230,-0.546346,-15.033753,-0.064624,-0.230625,0.035000,0.450974,-0.478409,0.092631,-3.141544,0.000073,0.000048
10.060540,-2.026229,-0.466347,-13.073753,-0.055624,-0.199625,0.030000,0.450998,-0.478325,0.092633,-3.141544,0.000073,0.000051
10.064539,-2.026232,-0.466335,-13.073752,-0.055624,-0.199625,0.030000,0.451033,-0.478220,0.092639,-3.141550,0.000065,0.000049
10.068539,-2.026228,-0.466354,-13.073753,-0.055624,-0.199625,0.030000,0.451044,-0.478148,0.092629,-3.141540,0.000079,0.000018
10.072539,-2.026228,-0.466354,-13.073753,-0.055624,-0.199625,0.030000,0.451044,-0.478148,0.092629,-3.141540,0.000079,0.000018
10.076539,-2.026238,-0.466310,-13.073752,-0.055624,-0.199625,0.030000,0.451091,-0.478050,0.092650,-3.141562,0.000046,0.000057
10.080539,-2.026237,-0.466312,-13.073752,-0.055624,-0.199625,0.030000,0.451143,-0.477881,0.092656,-3.141561,0.000048,0.000054
10.084539,-2.026238,-0.466306,-13.073751,-0.055624,-0.199625,0.030000,0.451171,-0.477795,0.092660,-3.141564,0.000043,0.000054
10.088539,-2.026240,-0.466298,-13.073751,-0.055624,-0.199625,0.030000,0.451197,-0.477712,0.092662,-3.141568,0.000038,0.000044
10.092540,-2.026240,-0.466298,-13.073751,-0.055624,-0.199625,0.030000,0.451197,-0.477712,0.092662,-3.141568,0.000038,0.000044
10.096505,-2.026238,-0.466306,-13.073751,-0.055624,-0.199625,0.030000,0.451222,-0.477625,0.092664,-3.141564,0.000044,0.000037
10.100539,-1.976237,-0.466311,-12.683752,-0.053624,-0.193625,0.030000,0.451273,-0.477455,0.092664,-3.141561,0.000047,0.000027
10.104543,-1.866236,-0.476317,-12.013752,-0.054624,-0.179625,0.028000,0.451299,-0.477368,0.092664,-3.141559,0.000052,0.000028
10.108545,-1.866236,-0.476319,-12.013752,-0.054624,-0.179625,0.028000,0.451324,-0.477284,0.092668,-3.141557,0.000053,0.000017
10.112513,-1.866236,-0.476319,-12.013752,-0.054624,-0.179625,0.028000,0.451324,-0.477284,0.092668,-3.141557,0.000053,0.000017
10.116539,-1.866234,-0.476330,-12.013753,-0.054624,-0.179625,0.028000,0.451349,-0.477197,0.092664,-3.141552,0.000061,0.000024
10.120539,-1.866234,-0.476329,-12.013753,-0.054624,-0.179625,0.028000,0.451402,-0.477028,0.092667,-3.141553,0.000060,0.000028
10.124542,-1.866234,-0.476326,-12.013753,-0.054624,-0.179625,0.028000,0.451429,-0.476943,0.092666,-3.141554,0.000058,0.000028
10.128539,-1.866234,-0.476326,-12.013753,-0.054624,-0.179625,0.028000,0.451454,-0.476859,0.092668,-3.141554,0.000058,0.000024
10.132545,-1.866233,-0.476330,-12.013753,-0.054624,-0.179625,0.028000,0.451481,-0.476773,0.092666,-3.141552,0.000061,0.000032
10.136550,-1.866233,-0.476330,-12.013753,-0.054624,-0.179625,0.028000,0.451481,-0.476773,0.092666,-3.141552,0.000061,0.000032
10.140538,-1.686239,-0.486306,-11.043752,-0.048624,-0.164625,0.026000,0.451539,-0.476604,0.092670,-3.141564,0.000043,-0.000014
10.144539,-1.686239,-0.486306,-11.043752,-0.048624,-0.164625,0.026000,0.451539,-0.476604,0.092670,-3.141564,0.000043,-0.000014
10.148507,-1.686232,-0.486336,-11.043753,-0.048624,-0.164625,0.026000,0.451598,-0.476408,0.092664,-3.141549,0.000065,0.000009
10.152545,-1.686232,-0.486336,-11.043753,-0.048624,-0.164625,0.026000,0.451598,-0.476408,0.092664,-3.141549,0.000065,0.000009
10.156507,-1.686230,-0.486348,-11.043753,-0.048624,-0.164625,0.026000,0.451647,-0.476234,0.092656,-3.141543,0.000075,0.000004
10.160539,-1.686230,-0.486348,-11.043753,-0.048624,-0.164625,0.026000,0.451647,-0.476234,0.092656,-3.141543,0.000075,0.000004
10.164547,-1.686228,-0.486357,-11.043753,-0.048624,-0.164625,0.026000,0.451701,-0.476058,0.092653,-3.141539,0.000081,-0.000004
10.168539,-1.686227,-0.486360,-11.043753,-0.048624,-0.164625,0.026000,0.451726,-0.475972,0.092650,-3.141538,0.000084,-0.000004
10.172546,-1.686225,-0.486369,-11.043754,-0.048624,-0.164625,0.026000,0.451752,-0.475882,0.092646,-3.141533,0.000090,-0.000005
10.176539,-1.686225,-0.486369,-11.043754,-0.048624,-0.164625,0.026000,0.451752,-0.475882,0.092646,-3.141533,0.000090,-0.000005
10.180539,-1.686226,-0.486367,-11.043754,-0.048624,-0.164625,0.026000,0.451778,-0.475796,0.092646,-3.141534,0.000089,-0.000011
10.184546,-1.656223,-0.446382,-10.303754,-0.044623,-0.158625,0.023000,0.451802,-0.475708,0.092638,-3.141527,0.000100,-0.000011
10.188539,-1.656223,-0.446379,-10.303754,-0.044623,-0.158625,0.023000,0.451829,-0.475622,0.092638,-3.141529,0.000097,-0.000017
10.192540,-1.656226,-0.446364,-10.303754,-0.044624,-0.158625,0.023000,0.451883,-0.475451,0.092635,-3.141536,0.000086,-0.000009
10.196540,-1.656226,-0.446364,-10.303754,-0.044624,-0.158625,0.023000,0.451883,-0.475451,0.092635,-3.141536,0.000086,-0.000009
10.200541,-1.656229,-0.446350,-10.303753,-0.044624,-0.158625,0.023000,0.451940,-0.475278,0.092634,-3.141543,0.000076,0.000003
10.204539,-1.656229,-0.446350,-10.303753,-0.044624,-0.158625,0.023000,0.451940,-0.475278,0.092634,-3.141543,0.000076,0.000003
10.208539,-1.656233,-0.446335,-10.303753,-0.044624,-0.158625,0.023000,0.451968,-0.475193,0.092637,-3.141550,0.000065,0.000004
10.212544,-1.656237,-0.446317,-10.303752,-0.044624,-0.158625,0.023000,0.451996,-0.475109,0.092638,-3.141559,0.000051,0.000011
10.216539,-1.656240,-0.446301,-10.303752,-0.044624,-0.158625,0.023000,0.452027,-0.475022,0.092640,-3.141567,0.000040,0.000016
10.220539,-1.616240,-0.456302,-10.313752,-0.040624,-0.160625,0.023000,0.452052,-0.474935,0.092635,-3.141566,0.000040,0.000010
10.224542,-1.616243,-0.456286,-10.313751,-0.040625,-0.160625,0.023000,0.452080,-0.474850,0.092638,-3.141574,0.000029,0.000011
10.228539,-1.616244,-0.456283,-10.313751,-0.040625,-0.160625,0.023000,0.452105,-0.474763,0.092637,-3.141576,0.000026,0.000004
10.232539,-1.616245,-0.456278,-10.313751,-0.040625,-0.160625,0.023000,0.452131,-0.474677,0.092635,-3.141578,0.000023,-0.000002
10.236538,-1.616246,-0.456274,-10.313751,-0.040625,-0.160625,0.023000,0.452154,-0.474593,0.092633,-3.141580,0.000019,-0.000006
10.240544,-1.616245,-0.456277,-10.313751,-0.040625,-0.160625,0.023000,0.452180,-0.474506,0.092630,-3.141578,0.000022,-0.000012
10.244539,-1.616246,-0.456271,-10.313751,-0.040625,-0.160625,0.023000,0.452205,-0.474423,0.092627,-3.141581,0.000018,-0.000043
10.248539,-1.616248,-0.456266,-10.313750,-0.040625,-0.160625,0.023000,0.452230,-0.474340,0.092624,-3.141584,0.000014,-0.000013
10.252503,-1.616246,-0.456273,-10.313751,-0.040625,-0.160625,0.023000,0.452260,-0.474235,0.092617,-3.141580,0.000019,-0.000019
10.256544,-1.616247,-0.456269,-10.313750,-0.040625,-0.160625,0.023000,0.452286,-0.474153,0.092616,-3.141582,0.000016,-0.000023
10.260537,-1.636249,-0.496257,-10.363750,-0.037625,-0.163625,0.022000,0.452313,-0.474071,0.092614,-3.141588,0.000007,-0.000020
10.264539,-1.636250,-0.496253,-10.363750,-0.037625,-0.163625,0.022000,0.452339,-0.473989,0.092613,-3.141590,0.000004,-0.000024
10.268537,-1.636251,-0.496248,-10.363750,-0.037625,-0.163625,0.022000,0.452367,-0.473907,0.092610,-3.141592,0.000001,-0.000022
10.272539,-1.636254,-0.496237,-10.363750,-0.037625,-0.163625,0.022000,0.452394,-0.473825,0.092609,3.141587,-0.000008,-0.000012
10.276539,-1.636254,-0.496238,-10.363750,-0.037625,-0.163625,0.022000,0.452420,-0.473742,0.092604,3.141588,-0.000007,-0.000009
10.280539,-1.636255,-0.496232,-10.363749,-0.037625,-0.163625,0.022000,0.452447,-0.473660,0.092600,3.141585,-0.000012,0.000000
10.284540,-1.636255,-0.496233,-10.363750,-0.037625,-0.163625,0.022000,0.452473,-0.473578,0.092596,3.141585,-0.000011,0.000010
10.288542,-1.636253,-0.496239,-10.363750,-0.037625,-0.163625,0.022000,0.452498,-0.473495,0.092588,3.141588,-0.000006,0.000019
10.292539,-1.636255,-0.496232,-10.363749,-0.037625,-0.163625,0.022000,0.452525,-0.473413,0.092584,3.141585,-0.000011,0.000029
10.296539,-1.636253,-0.496240,-10.363750,-0.037625,-0.163625,0.022000,0.452549,-0.473329,0.092577,3.141589,-0.000006,0.000038
10.300539,-1.626252,-0.466244,-10.363750,-0.040625,-0.160625,0.022000,0.452574,-0.473245,0.092569,3.141591,-0.000002,0.000041
10.304539,-1.626250,-0.466257,-10.363750,-0.040625,-0.160625,0.022000,0.452598,-0.473161,0.092559,-3.141588,0.000007,0.000044
10.308540,-1.626248,-0.466262,-10.363750,-0.040625,-0.160625,0.022000,0.452623,-0.473075,0.092551,-3.141585,0.000011,0.000044
10.312540,-1.626246,-0.466275,-10.363751,-0.040625,-0.160625,0.022000,0.452644,-0.472993,0.092542,-3.141580,0.000020,0.000043
10.316506,-1.626246,-0.466274,-10.363751,-0.040625,-0.160625,0.022000,0.452671,-0.472908,0.092536,-3.141580,0.000020,0.000037
10.320537,-1.626246,-0.466273,-10.363751,-0.040625,-0.160625,0.022000,0.452697,-0.472825,0.092529,-3.141580,0.000019,0.000033
10.324552,-1.626245,-0.466278,-10.363751,-0.040625,-0.160625,0.022000,0.452720,-0.472744,0.092521,-3.141578,0.000022,0.000024
10.328539,-1.626247,-0.466269,-10.363751,-0.040625,-0.160625,0.022000,0.452748,-0.472660,0.092514,-3.141582,0.000016,0.000018
10.332539,-1.626249,-0.466260,-10.363750,-0.040625,-0.160625,0.022000,0.452773,-0.472580,0.092508,-3.141587,0.000009,0.000010
10.336539,-1.626249,-0.466258,-10.363750,-0.040625,-0.160625,0.022000,0.452799,-0.472497,0.092501,-3.141587,0.000008,-0.000001
10.340538,-1.776250,-0.466254,-11.173750,-0.046625,-0.171625,0.025000,0.452825,-0.472415,0.092492,-3.141589,0.000005,-0.000005
10.344540,-1.776253,-0.466241,-11.173750,-0.046625,-0.171625,0.025000,0.452859,-0.472313,0.092483,3.141590,-0.000005,-0.000004
10.348539,-1.776253,-0.466238,-11.173750,-0.046625,-0.171625,0.025000,0.452883,-0.472233,0.092474,3.141588,-0.000007,-0.000006
10.352539,-1.776254,-0.466234,-11.173749,-0.046625,-0.171625,0.025000,0.452909,-0.472151,0.092465,3.141586,-0.000010,-0.000010
10.356504,-1.776257,-0.466219,-11.173749,-0.046625,-0.171625,0.025000,0.452936,-0.472072,0.092460,3.141579,-0.000022,-0.000012
10.360539,-1.776259,-0.466213,-11.173749,-0.046625,-0.171625,0.025000,0.452961,-0.471989,0.092450,3.141576,-0.000026,-0.000002
10.364543,-1.776259,-0.466209,-11.173749,-0.046625,-0.171625,0.025000,0.452987,-0.471907,0.092441,3.141574,-0.000028,0.000007
10.368537,-1.776259,-0.466212,-11.173749,-0.046625,-0.171625,0.025000,0.453011,-0.471824,0.092430,3.141575,-0.000027,0.000017
10.372542,-1.776260,-0.466209,-11.173749,-0.046625,-0.171625,0.025000,0.453034,-0.471742,0.092422,3.141574,-0.000029,0.000028
10.376540,-2.016259,-0.486211,-12.503749,-0.059625,-0.189625,0.029000,0.453058,-0.471659,0.092411,3.141575,-0.000027,0.000045
10.380537,-2.016259,-0.486210,-12.503749,-0.059625,-0.189625,0.029000,0.453082,-0.471579,0.092404,3.141574,-0.000028,0.000050
10.384537,-2.046260,-0.506206,-12.873748,-0.060626,-0.194625,0.030000,0.453108,-0.471496,0.092395,3.141572,-0.000031,0.000059
10.388539,-2.046259,-0.506210,-12.873749,-0.060625,-0.194625,0.030000,0.453132,-0.471413,0.092386,3.141575,-0.000028,0.000069
10.392539,-2.046258,-0.506214,-12.873749,-0.060625,-0.194625,0.030000,0.453158,-0.471330,0.092377,3.141576,-0.000025,0.000078
10.396539,-2.046260,-0.506205,-12.873748,-0.060626,-0.194625,0.030000,0.453184,-0.471248,0.092371,3.141572,-0.000032,0.000081
10.400539,-2.046258,-0.506216,-12.873749,-0.060625,-0.194625,0.030000,0.453207,-0.471167,0.092360,3.141578,-0.000023,0.000079
10.404542,-2.046258,-0.506215,-12.873749,-0.060625,-0.194625,0.030000,0.453233,-0.471085,0.092353,3.141577,-0.000024,0.000075
10.408537,-2.046260,-0.506208,-12.873748,-0.060626,-0.194625,0.030000,0.453259,-0.471006,0.092348,3.141573,-0.000030,0.000067
10.412540,-2.046257,-0.506221,-12.873749,-0.060625,-0.194625,0.030000,0.453283,-0.470923,0.092340,3.141580,-0.000020,0.000063
10.416539,-2.376258,-0.676216,-15.043749,-0.061625,-0.229625,0.035000,0.453311,-0.470841,0.092338,3.141578,-0.000023,0.000019
10.420539,-2.376256,-0.676225,-15.043749,-0.061625,-0.229625,0.035000,0.453341,-0.470738,0.092332,3.141582,-0.000017,0.000046
10.424539,-2.376255,-0.676230,-15.043749,-0.061625,-0.229625,0.035000,0.453350,-0.470672,0.092331,3.141584,-0.000013,-0.000001
10.428541,-2.376253,-0.676241,-15.043750,-0.061625,-0.229625,0.035000,0.453389,-0.470575,0.092328,3.141589,-0.000005,0.000020
10.432538,-2.376253,-0.676241,-15.043750,-0.061625,-0.229625,0.035000,0.453389,-0.470575,0.092328,3.141589,-0.000005,0.000020
10.436543,-2.376248,-0.676263,-15.043750,-0.061625,-0.229625,0.035000,0.453438,-0.470404,0.092322,-3.141585,0.000011,-0.000003
10.440540,-2.376246,-0.676274,-15.043751,-0.061625,-0.229625,0.035000,0.453462,-0.470318,0.092319,-3.141580,0.000019,-0.000016
10.444543,-2.376246,-0.676277,-15.043751,-0.061625,-0.229625,0.035000,0.453488,-0.470229,0.092316,-3.141579,0.000022,-0.000018
10.448538,-2.376243,-0.676287,-15.043751,-0.061625,-0.229625,0.035000,0.453512,-0.470142,0.092312,-3.141573,0.000030,-0.000017
10.452539,-2.376243,-0.676287,-15.043751,-0.061625,-0.229625,0.035000,0.453512,-0.470142,0.092312,-3.141573,0.000030,-0.000017
10.456539,-2.546245,-0.746277,-16.103751,-0.061625,-0.248625,0.037000,0.453565,-0.469971,0.092314,-3.141579,0.000022,-0.000003
10.460505,-2.716246,-0.736274,-17.213751,-0.067625,-0.265625,0.040000,0.453591,-0.469886,0.092313,-3.141580,0.000019,0.000018
10.464502,-2.716247,-0.736271,-17.213751,-0.067625,-0.265625,0.040000,0.453617,-0.469800,0.092312,-3.141582,0.000017,0.000032
10.468502,-2.716247,-0.736269,-17.213751,-0.067625,-0.265625,0.040000,0.453644,-0.469712,0.092312,-3.141582,0.000016,0.000051
10.472573,-2.716249,-0.736261,-17.213750,-0.067625,-0.265625,0.040000,0.453670,-0.469627,0.092315,-3.141586,0.000010,0.000058
10.476565,-2.716250,-0.736253,-17.213750,-0.067625,-0.265625,0.040000,0.453697,-0.469541,0.092317,-3.141590,0.000004,0.000065
10.480543,-2.716253,-0.736242,-17.213750,-0.067625,-0.265625,0.040000,0.453723,-0.469456,0.092317,3.141590,-0.000004,0.000072
10.484552,-2.716253,-0.736242,-17.213750,-0.067625,-0.265625,0.040000,0.453723,-0.469456,0.092317,3.141590,-0.000004,0.000072
10.488547,-2.716256,-0.736224,-17.213749,-0.067625,-0.265625,0.040000,0.453766,-0.469330,0.092317,3.141581,-0.000018,0.000073
10.492553,-2.716258,-0.736214,-17.213749,-0.067625,-0.265625,0.040000,0.453806,-0.469203,0.092319,3.141576,-0.000025,0.000067
10.496538,-2.876257,-0.516223,-17.923749,-0.078625,-0.278625,0.040000,0.453821,-0.469111,0.092307,3.141581,-0.000018,0.000021
10.500537,-2.876261,-0.516200,-17.923748,-0.078626,-0.278625,0.040000,0.453860,-0.469030,0.092318,3.141570,-0.000035,0.000046
10.504539,-2.876261,-0.516200,-17.923748,-0.078626,-0.278625,0.040000,0.453860,-0.469030,0.092318,3.141570,-0.000035,0.000046
10.508543,-2.876266,-0.516177,-17.923748,-0.078626,-0.278625,0.040000,0.453914,-0.468860,0.092315,3.141559,-0.000053,-0.000020
10.512508,-2.876262,-0.516196,-17.923748,-0.078626,-0.278625,0.040000,0.453938,-0.468773,0.092313,3.141568,-0.000038,-0.000033
10.516540,-2.876262,-0.516198,-17.923748,-0.078626,-0.278625,0.040000,0.453969,-0.468667,0.092309,3.141569,-0.000037,-0.000021
10.520540,-2.876262,-0.516198,-17.923748,-0.078626,-0.278625,0.040000,0.453969,-0.468667,0.092309,3.141569,-0.000037,-0.000021
10.524539,-2.876261,-0.516201,-17.923748,-0.078626,-0.278625,0.040000,0.453993,-0.468581,0.092306,3.141570,-0.000035,-0.000041
10.528538,-2.876259,-0.516211,-17.923749,-0.078625,-0.278625,0.040000,0.454018,-0.468495,0.092302,3.141575,-0.000027,-0.000054
10.532539,-2.876259,-0.516211,-17.923749,-0.078625,-0.278625,0.040000,0.454018,-0.468495,0.092302,3.141575,-0.000027,-0.000054
10.536544,-2.816257,-0.596220,-17.983749,-0.079625,-0.274625,0.042000,0.454096,-0.468236,0.092293,3.141579,-0.000021,-0.000068
10.540506,-2.816257,-0.596220,-17.983749,-0.079625,-0.274625,0.042000,0.454096,-0.468236,0.092293,3.141579,-0.000021,-0.000068
10.544539,-2.816256,-0.596224,-17.983750,-0.079625,-0.274625,0.042000,0.454124,-0.468148,0.092292,3.141582,-0.000017,-0.000056
10.548540,-2.816253,-0.596239,-17.983750,-0.079625,-0.274625,0.042000,0.454176,-0.467974,0.092286,3.141588,-0.000007,-0.000037
10.552543,-2.816251,-0.596249,-17.983750,-0.079625,-0.274625,0.042000,0.454203,-0.467886,0.092282,-3.141592,0.000001,-0.000018
10.556539,-2.816251,-0.596249,-17.983750,-0.079625,-0.274625,0.042000,0.454203,-0.467886,0.092282,-3.141592,0.000001,-0.000018
10.560546,-2.816249,-0.596261,-17.983751,-0.079625,-0.274625,0.042000,0.454230,-0.467798,0.092280,-3.141586,0.000010,-0.000007
10.564504,-2.816248,-0.596264,-17.983751,-0.079625,-0.274625,0.042000,0.454284,-0.467625,0.092279,-3.141585,0.000012,0.000006
10.568540,-2.816248,-0.596264,-17.983751,-0.079625,-0.274625,0.042000,0.454284,-0.467625,0.092279,-3.141585,0.000012,0.000006
10.572539,-2.816246,-0.596276,-17.983751,-0.079625,-0.274625,0.042000,0.454311,-0.467537,0.092277,-3.141579,0.000021,0.000018
10.576540,-2.816244,-0.596286,-17.983752,-0.079625,-0.274625,0.042000,0.454336,-0.467451,0.092273,-3.141574,0.000029,0.000011
10.580539,-2.766243,-0.536287,-18.183751,-0.086625,-0.269625,0.042000,0.454364,-0.467364,0.092275,-3.141574,0.000029,0.000017
10.584539,-2.766240,-0.536304,-18.183752,-0.086624,-0.269625,0.042000,0.454389,-0.467278,0.092270,-3.141566,0.000042,0.000017
10.588539,-2.766240,-0.536304,-18.183752,-0.086624,-0.269625,0.042000,0.454416,-0.467190,0.092272,-3.141566,0.000042,0.000009
10.592510,-2.766240,-0.536304,-18.183752,-0.086624,-0.269625,0.042000,0.454416,-0.467190,0.092272,-3.141566,0.000042,0.000009
10.596510,-2.766235,-0.536328,-18.183753,-0.086624,-0.269625,0.042000,0.454467,-0.467016,0.092268,-3.141554,0.000060,-0.000006
10.600516,-2.766234,-0.536334,-18.183753,-0.086624,-0.269625,0.042000,0.454493,-0.466927,0.092267,-3.141551,0.000065,-0.000021
10.604513,-2.766231,-0.536351,-18.183754,-0.086624,-0.269625,0.042000,0.454519,-0.466839,0.092262,-3.141543,0.000078,-0.000029
10.608514,-2.766231,-0.536351,-18.183754,-0.086624,-0.269625,0.042000,0.454546,-0.466751,0.092264,-3.141543,0.000077,-0.000045
10.612512,-2.766230,-0.536356,-18.183754,-0.086624,-0.269625,0.042000,0.454570,-0.466664,0.092263,-3.141541,0.000081,-0.000057
10.616514,-2.766230,-0.536356,-18.183754,-0.086624,-0.269625,0.042000,0.454597,-0.466577,0.092265,-3.141541,0.000081,-0.000073
10.620505,-2.986231,-0.496350,-18.713753,-0.089624,-0.283625,0.043000,0.454623,-0.466491,0.092269,-3.141544,0.000077,-0.000072
10.624503,-2.986230,-0.496357,-18.713753,-0.089624,-0.283625,0.043000,0.454654,-0.466383,0.092270,-3.141540,0.000082,-0.000069
10.628512,-2.986230,-0.496357,-18.713753,-0.089624,-0.283625,0.043000,0.454682,-0.466295,0.092271,-3.141541,0.000082,-0.000071
10.632513,-2.986232,-0.496345,-18.713753,-0.089624,-0.283625,0.043000,0.454711,-0.466209,0.092278,-3.141546,0.000073,-0.000059
10.636506,-2.986232,-0.496347,-18.713753,-0.089624,-0.283625,0.043000,0.454736,-0.466123,0.092281,-3.141545,0.000075,-0.000052
10.640512,-2.986234,-0.496335,-18.713753,-0.089624,-0.283625,0.043000,0.454762,-0.466042,0.092286,-3.141551,0.000065,-0.000035
10.644512,-2.986236,-0.496324,-18.713752,-0.089624,-0.283625,0.043000,0.454789,-0.465960,0.092294,-3.141556,0.000058,-0.000026
10.648512,-2.986237,-0.496319,-18.713752,-0.089624,-0.283625,0.043000,0.454817,-0.465876,0.092299,-3.141558,0.000054,-0.000012
10.652512,-2.986239,-0.496309,-18.713752,-0.089624,-0.283625,0.043000,0.454843,-0.465795,0.092306,-3.141563,0.000046,-0.000002
10.656512,-2.986240,-0.496304,-18.713752,-0.089624,-0.283625,0.043000,0.454869,-0.465713,0.092311,-3.141566,0.000043,0.000007
10.660540,-3.036242,-0.416298,-18.843752,-0.091624,-0.289625,0.043000,0.454896,-0.465629,0.092314,-3.141569,0.000038,0.000014
10.664540,-3.036243,-0.416293,-18.843751,-0.091624,-0.289625,0.043000,0.454922,-0.465547,0.092319,-3.141571,0.000034,0.000010
10.668504,-3.036243,-0.416289,-18.843751,-0.091625,-0.289625,0.043000,0.454946,-0.465464,0.092324,-3.141573,0.000031,0.000020
10.672539,-3.036244,-0.416284,-18.843751,-0.091625,-0.289625,0.043000,0.454974,-0.465381,0.092329,-3.141575,0.000027,0.000021
10.676539,-3.036244,-0.416285,-18.843751,-0.091625,-0.289625,0.043000,0.454998,-0.465298,0.092331,-3.141575,0.000028,0.000023
10.680540,-3.036244,-0.416286,-18.843751,-0.091625,-0.289625,0.043000,0.455022,-0.465215,0.092334,-3.141574,0.000029,0.000019
10.684539,-3.036245,-0.416281,-18.843751,-0.091625,-0.289625,0.043000,0.455050,-0.465131,0.092339,-3.141577,0.000025,0.000013
10.688540,-3.036245,-0.416282,-18.843751,-0.091625,-0.289625,0.043000,0.455074,-0.465049,0.092341,-3.141576,0.000026,0.000009
10.692539,-3.036243,-0.416290,-18.843751,-0.091625,-0.289625,0.043000,0.455101,-0.464964,0.092342,-3.141573,0.000032,0.000003
10.696539,-3.036242,-0.416296,-18.843752,-0.091624,-0.289625,0.043000,0.455125,-0.464881,0.092342,-3.141570,0.000036,-0.000014
10.700538,-2.866244,-0.596287,-17.993751,-0.071625,-0.279625,0.042000,0.455159,-0.464778,0.092351,-3.141574,0.000029,-0.000029
10.704539,-2.866244,-0.596288,-17.993751,-0.071625,-0.279625,0.042000,0.455178,-0.464716,0.092354,-3.141573,0.000031,-0.000031
10.708539,-2.866243,-0.596291,-17.993751,-0.071625,-0.279625,0.042000,0.455211,-0.464615,0.092358,-3.141572,0.000032,-0.000031
10.712539,-2.866242,-0.596297,-17.993751,-0.071624,-0.279625,0.042000,0.455230,-0.464553,0.092358,-3.141569,0.000037,-0.000032
10.716539,-2.866239,-0.596310,-17.993752,-0.071624,-0.279625,0.042000,0.455250,-0.464464,0.092356,-3.141563,0.000047,-0.000059
10.720507,-2.866243,-0.596291,-17.993751,-0.071625,-0.279625,0.042000,0.455284,-0.464388,0.092370,-3.141572,0.000033,-0.000049
10.724513,-2.866242,-0.596295,-17.993751,-0.071624,-0.279625,0.042000,0.455301,-0.464301,0.092376,-3.141570,0.000036,-0.000046
10.728507,-2.866240,-0.596305,-17.993752,-0.071624,-0.279625,0.042000,0.455342,-0.464202,0.092379,-3.141565,0.000043,-0.000001
10.732507,-2.866240,-0.596308,-17.993752,-0.071624,-0.279625,0.042000,0.455367,-0.464120,0.092383,-3.141564,0.000045,0.000009
10.736508,-2.866238,-0.596318,-17.993752,-0.071624,-0.279625,0.042000,0.455392,-0.464037,0.092386,-3.141559,0.000053,0.000011
10.740509,-2.606236,-0.586326,-16.563753,-0.068624,-0.255625,0.039000,0.455419,-0.463953,0.092387,-3.141556,0.000059,0.000025
10.744508,-2.606232,-0.586347,-16.563754,-0.068624,-0.255625,0.039000,0.455439,-0.463872,0.092386,-3.141546,0.000075,0.000030
10.748506,-2.606232,-0.586349,-16.563754,-0.068624,-0.255625,0.039000,0.455464,-0.463790,0.092390,-3.141544,0.000076,0.000033
10.752507,-2.606230,-0.586357,-16.563754,-0.068624,-0.255625,0.039000,0.455489,-0.463707,0.092391,-3.141541,0.000082,0.000043
10.756506,-2.606227,-0.586376,-16.563754,-0.068624,-0.255625,0.039000,0.455512,-0.463624,0.092387,-3.141532,0.000096,0.000052
10.760507,-2.606227,-0.586376,-16.563754,-0.068624,-0.255625,0.039000,0.455537,-0.463542,0.092389,-3.141532,0.000096,0.000048
10.764506,-2.606224,-0.586390,-16.563755,-0.068623,-0.255625,0.039000,0.455560,-0.463459,0.092388,-3.141525,0.000107,0.000051
10.768507,-2.606224,-0.586391,-16.563755,-0.068623,-0.255625,0.039000,0.455586,-0.463378,0.092391,-3.141525,0.000108,0.000054
10.772513,-2.606221,-0.586404,-16.563755,-0.068623,-0.255625,0.039000,0.455609,-0.463298,0.092389,-3.141519,0.000117,0.000052
10.776512,-2.606222,-0.586398,-16.563755,-0.068623,-0.255625,0.039000,0.455636,-0.463217,0.092393,-3.141521,0.000113,0.000048
10.780510,-2.366222,-0.486400,-15.413755,-0.066623,-0.235625,0.035000,0.455662,-0.463136,0.092396,-3.141521,0.000114,0.000038
10.784510,-2.366222,-0.486401,-15.413755,-0.066623,-0.235625,0.035000,0.455689,-0.463055,0.092399,-3.141520,0.000115,0.000034
10.788545,-2.366222,-0.486400,-15.413755,-0.066623,-0.235625,0.035000,0.455715,-0.462974,0.092400,-3.141521,0.000115,0.000036
10.792539,-2.366224,-0.486388,-15.413754,-0.066623,-0.235625,0.035000,0.455744,-0.462894,0.092405,-3.141526,0.000106,0.000032
10.796504,-2.366224,-0.486388,-15.413754,-0.066623,-0.235625,0.035000,0.455767,-0.462815,0.092407,-3.141526,0.000106,0.000024
10.800539,-2.366226,-0.486382,-15.413754,-0.066623,-0.235625,0.035000,0.455796,-0.462732,0.092411,-3.141529,0.000101,0.000024
10.804539,-2.366227,-0.486377,-15.413754,-0.066624,-0.235625,0.035000,0.455822,-0.462650,0.092415,-3.141531,0.000097,0.000027
10.808539,-2.366228,-0.486370,-15.413754,-0.066624,-0.235625,0.035000,0.455847,-0.462569,0.092418,-3.141535,0.000092,0.000030
10.812539,-2.366228,-0.486370,-15.413754,-0.066624,-0.235625,0.035000,0.455872,-0.462487,0.092419,-3.141535,0.000092,0.000033
10.816541,-2.366228,-0.486370,-15.413754,-0.066624,-0.235625,0.035000,0.455895,-0.462407,0.092421,-3.141535,0.000092,0.000031
10.820540,-2.296228,-0.466368,-14.633754,-0.069624,-0.221625,0.035000,0.455919,-0.462325,0.092422,-3.141536,0.000091,0.000000
10.824538,-2.296227,-0.466373,-14.633754,-0.069624,-0.221625,0.035000,0.455951,-0.462220,0.092421,-3.141534,0.000094,0.000039
10.828539,-2.296228,-0.466371,-14.633754,-0.069624,-0.221625,0.035000,0.455974,-0.462137,0.092421,-3.141534,0.000093,0.000042
10.832539,-2.296231,-0.466356,-14.633754,-0.069624,-0.221625,0.035000,0.456003,-0.462054,0.092424,-3.141541,0.000082,0.000049
10.836538,-2.296231,-0.466356,-14.633754,-0.069624,-0.221625,0.035000,0.456025,-0.461971,0.092425,-3.141542,0.000081,0.000045
10.840539,-2.296232,-0.466349,-14.633753,-0.069624,-0.221625,0.035000,0.456053,-0.461884,0.092429,-3.141545,0.000077,0.000050
10.844543,-2.296232,-0.466348,-14.633753,-0.069624,-0.221625,0.035000,0.456079,-0.461799,0.092429,-3.141545,0.000076,0.000051
10.848540,-2.296236,-0.466328,-14.633753,-0.069624,-0.221625,0.035000,0.456109,-0.461714,0.092435,-3.141555,0.000060,0.000056
10.852508,-2.296238,-0.466319,-14.633752,-0.069624,-0.221625,0.035000,0.456135,-0.461630,0.092436,-3.141559,0.000054,0.000050
10.856508,-2.126239,-0.476311,-13.853752,-0.061624,-0.207625,0.032000,0.456165,-0.461544,0.092439,-3.141563,0.000048,0.000055
10.860515,-2.126242,-0.476296,-13.853752,-0.061624,-0.207625,0.032000,0.456193,-0.461461,0.092442,-3.141570,0.000037,0.000055
10.864509,-2.126244,-0.476290,-13.853752,-0.061625,-0.207625,0.032000,0.456219,-0.461377,0.092445,-3.141573,0.000032,0.000049
10.868508,-2.126245,-0.476282,-13.853751,-0.061625,-0.207625,0.032000,0.456249,-0.461291,0.092447,-3.141576,0.000026,0.000041
10.872508,-2.126247,-0.476273,-13.853751,-0.061625,-0.207625,0.032000,0.456277,-0.461205,0.092449,-3.141581,0.000019,0.000032
10.876506,-2.126246,-0.476277,-13.853751,-0.061625,-0.207625,0.032000,0.456302,-0.461120,0.092446,-3.141579,0.000022,0.000019
10.880508,-2.126246,-0.476275,-13.853751,-0.061625,-0.207625,0.032000,0.456328,-0.461035,0.092447,-3.141580,0.000021,0.000013
10.884506,-2.126247,-0.476274,-13.853751,-0.061625,-0.207625,0.032000,0.456356,-0.460949,0.092447,-3.141580,0.000020,0.000012
10.888508,-2.126248,-0.476267,-13.853751,-0.061625,-0.207625,0.032000,0.456381,-0.460864,0.092451,-3.141583,0.000015,0.000012
10.892508,-2.126248,-0.476267,-13.853751,-0.061625,-0.207625,0.032000,0.456381,-0.460864,0.092451,-3.141583,0.000015,0.000012
10.896509,-2.126246,-0.476277,-13.853751,-0.061625,-0.207625,0.032000,0.456407,-0.460776,0.092446,-3.141579,0.000022,0.000017
10.900507,-2.056243,-0.536293,-13.113751,-0.052625,-0.201625,0.032000,0.456456,-0.460605,0.092442,-3.141571,0.000034,0.000018
10.904482,-2.046243,-0.536292,-13.053751,-0.051625,-0.201625,0.032000,0.456483,-0.460518,0.092442,-3.141572,0.000033,0.000023
10.908479,-2.046243,-0.536292,-13.053751,-0.051625,-0.201625,0.032000,0.456483,-0.460518,0.092442,-3.141572,0.000033,0.000023
10.912478,-2.046239,-0.536314,-13.053752,-0.051624,-0.201625,0.032000,0.456533,-0.460348,0.092436,-3.141562,0.000050,0.000011
10.916479,-2.046238,-0.536320,-13.053752,-0.051624,-0.201625,0.032000,0.456558,-0.460263,0.092436,-3.141559,0.000055,0.000005
10.920567,-2.046236,-0.536331,-13.053753,-0.051624,-0.201625,0.032000,0.456584,-0.460176,0.092433,-3.141553,0.000063,0.000003
10.924560,-2.046236,-0.536331,-13.053753,-0.051624,-0.201625,0.032000,0.456611,-0.460092,0.092435,-3.141553,0.000063,0.000004
10.928555,-2.046235,-0.536338,-13.053753,-0.051624,-0.201625,0.032000,0.456638,-0.460005,0.092435,-3.141550,0.000068,0.000002
10.932554,-2.046233,-0.536344,-13.053753,-0.051624,-0.201625,0.032000,0.456663,-0.459920,0.092435,-3.141548,0.000072,-0.000004
10.936548,-2.046234,-0.536342,-13.053753,-0.051624,-0.201625,0.032000,0.456690,-0.459833,0.092435,-3.141548,0.000071,-0.000006
10.940544,-1.876232,-0.556353,-12.343753,-0.042624,-0.192625,0.030000,0.456717,-0.459746,0.092432,-3.141543,0.000080,-0.000007
10.944545,-1.876232,-0.556353,-12.343753,-0.042624,-0.192625,0.030000,0.456717,-0.459746,0.092432,-3.141543,0.000080,-0.000007
10.948538,-1.876231,-0.556357,-12.343754,-0.042624,-0.192625,0.030000,0.456770,-0.459571,0.092431,-3.141542,0.000082,-0.000018
10.952517,-1.876230,-0.556361,-12.343754,-0.042624,-0.192625,0.030000,0.456795,-0.459484,0.092430,-3.141539,0.000086,-0.000019
10.956544,-1.876230,-0.556366,-12.343754,-0.042624,-0.192625,0.030000,0.456821,-0.459396,0.092428,-3.141537,0.000089,-0.000028
10.960535,-1.876229,-0.556371,-12.343754,-0.042624,-0.192625,0.030000,0.456847,-0.459308,0.092427,-3.141535,0.000093,-0.000056
10.964537,-1.876233,-0.556346,-12.343753,-0.042624,-0.192625,0.030000,0.456876,-0.459222,0.092429,-3.141546,0.000074,-0.000058
10.968538,-1.876229,-0.556368,-12.343754,-0.042624,-0.192625,0.030000,0.456890,-0.459127,0.092429,-3.141536,0.000091,-0.000053
10.972540,-1.876227,-0.556379,-12.343754,-0.042623,-0.192625,0.030000,0.456930,-0.459022,0.092426,-3.141531,0.000099,-0.000012
10.976538,-1.906229,-0.456370,-12.123754,-0.045624,-0.190625,0.029000,0.456958,-0.458936,0.092427,-3.141535,0.000092,-0.000007
10.980539,-1.906230,-0.456363,-12.123754,-0.045624,-0.190625,0.029000,0.456985,-0.458849,0.092430,-3.141538,0.000087,-0.000002
10.984508,-1.906231,-0.456360,-12.123753,-0.045624,-0.190625,0.029000,0.457011,-0.458762,0.092429,-3.141540,0.000085,-0.000003
10.988510,-1.906231,-0.456359,-12.123753,-0.045624,-0.190625,0.029000,0.457039,-0.458675,0.092430,-3.141541,0.000084,-0.000005
10.992506,-1.906231,-0.456359,-12.123753,-0.045624,-0.190625,0.029000,0.457039,-0.458675,0.092430,-3.141541,0.000084,-0.000005
10.996508,-1.906235,-0.456336,-12.123753,-0.045624,-0.190625,0.029000,0.457094,-0.458502,0.092435,-3.141551,0.000067,-0.000008
11.000507,-1.906235,-0.456336,-12.123753,-0.045624,-0.190625,0.029000,0.457094,-0.458502,0.092435,-3.141551,0.000067,-0.000008
11.004518,-1.906236,-0.456331,-12.123752,-0.045624,-0.190625,0.029000,0.457149,-0.458329,0.092434,-3.141554,0.000063,-0.000012
11.008481,-1.906239,-0.456316,-12.123752,-0.045624,-0.190625,0.029000,0.457177,-0.458243,0.092438,-3.141561,0.000052,-0.000020
11.012478,-1.906239,-0.456316,-12.123752,-0.045624,-0.190625,0.029000,0.457177,-0.458243,0.092438,-3.141561,0.000052,-0.000020
11.016478,-1.816242,-0.456299,-11.903752,-0.050624,-0.180625,0.028000,0.457231,-0.458069,0.092441,-3.141568,0.000039,-0.000044
11.020479,-1.816242,-0.456299,-11.903752,-0.050624,-0.180625,0.028000,0.457231,-0.458069,0.092441,-3.141568,0.000039,-0.000044
11.024479,-1.816242,-0.456296,-11.903752,-0.050624,-0.180625,0.028000,0.457257,-0.457982,0.092440,-3.141570,0.000037,-0.000052
11.028481,-1.816243,-0.456293,-11.903751,-0.050624,-0.180625,0.028000,0.457283,-0.457894,0.092439,-3.141571,0.000035,-0.000054
11.032481,-1.816246,-0.456279,-11.903751,-0.050625,-0.180625,0.028000,0.457308,-0.457810,0.092443,-3.141578,0.000024,-0.000060
11.036481,-1.816245,-0.456280,-11.903751,-0.050625,-0.180625,0.028000,0.457335,-0.457723,0.092439,-3.141577,0.000025,-0.000055
11.040482,-1.816247,-0.456269,-11.903751,-0.050625,-0.180625,0.028000,0.457387,-0.457555,0.092440,-3.141583,0.000016,-0.000040
11.044483,-1.816247,-0.456269,-11.903751,-0.050625,-0.180625,0.028000,0.457387,-0.457555,0.092440,-3.141583,0.000016,-0.000040
11.048485,-1.816249,-0.456261,-11.903750,-0.050625,-0.180625,0.028000,0.457414,-0.457472,0.092442,-3.141586,0.000010,-0.000026
11.052544,-1.816247,-0.456272,-11.903751,-0.050625,-0.180625,0.028000,0.457438,-0.457390,0.092438,-3.141581,0.000018,-0.000017
11.056541,-1.816247,-0.456269,-11.903751,-0.050625,-0.180625,0.028000,0.457464,-0.457306,0.092438,-3.141583,0.000016,-0.000009
11.060567,-1.796247,-0.406272,-11.373751,-0.052625,-0.173625,0.026000,0.457490,-0.457222,0.092434,-3.141581,0.000018,0.000005
11.064538,-1.796248,-0.406267,-11.373750,-0.052625,-0.173625,0.026000,0.457515,-0.457141,0.092432,-3.141584,0.000015,0.000008
11.068546,-1.796247,-0.406270,-11.373750,-0.052625,-0.173625,0.026000,0.457541,-0.457057,0.092428,-3.141582,0.000017,0.000015
11.072535,-1.796245,-0.406283,-11.373751,-0.052625,-0.173625,0.026000,0.457565,-0.456972,0.092420,-3.141576,0.000027,-0.000012
11.076539,-1.796247,-0.406272,-11.373751,-0.052625,-0.173625,0.026000,0.457591,-0.456891,0.092420,-3.141581,0.000019,-0.000009
11.080539,-1.796246,-0.406279,-11.373751,-0.052625,-0.173625,0.026000,0.457623,-0.456788,0.092413,-3.141578,0.000023,0.000023
11.084539,-1.796246,-0.406279,-11.373751,-0.052625,-0.173625,0.026000,0.457650,-0.456704,0.092407,-3.141578,0.000023,0.000017
11.088539,-1.796245,-0.406280,-11.373751,-0.052625,-0.173625,0.026000,0.457677,-0.456621,0.092403,-3.141577,0.000025,0.000011
11.092539,-1.796245,-0.406280,-11.373751,-0.052625,-0.173625,0.026000,0.457701,-0.456539,0.092397,-3.141577,0.000025,0.000007
11.096539,-1.796245,-0.406281,-11.333751,-0.052625,-0.173625,0.026000,0.457728,-0.456456,0.092392,-3.141577,0.000025,0.000008
11.100539,-1.756244,-0.426288,-11.103751,-0.049625,-0.170625,0.026000,0.457751,-0.456374,0.092386,-3.141574,0.000031,-0.000003
11.104539,-1.756245,-0.426283,-11.103751,-0.049625,-0.170625,0.026000,0.457778,-0.456290,0.092383,-3.141576,0.000027,-0.000009
11.108539,-1.756244,-0.426291,-11.103751,-0.049625,-0.170625,0.026000,0.457802,-0.456208,0.092377,-3.141572,0.000033,-0.000013
11.112505,-1.756244,-0.426291,-11.103751,-0.049625,-0.170625,0.026000,0.457828,-0.456125,0.092372,-3.141572,0.000033,-0.000013
11.116484,-1.756242,-0.426299,-11.103751,-0.049624,-0.170625,0.026000,0.457853,-0.456041,0.092366,-3.141569,0.000039,-0.000012
11.120478,-1.756241,-0.426305,-11.103752,-0.049624,-0.170625,0.026000,0.457878,-0.455956,0.092358,-3.141566,0.000043,-0.000012
11.124479,-1.756241,-0.426305,-11.103752,-0.049624,-0.170625,0.026000,0.457902,-0.455874,0.092353,-3.141566,0.000044,-0.000016
11.128479,-1.756242,-0.426298,-11.103751,-0.049624,-0.170625,0.026000,0.457929,-0.455791,0.092348,-3.141569,0.000038,-0.000008
11.132480,-1.756242,-0.426298,-11.103751,-0.049624,-0.170625,0.026000,0.457955,-0.455707,0.092342,-3.141569,0.000038,-0.000001
11.136480,-1.756243,-0.426297,-11.103751,-0.049624,-0.170625,0.026000,0.457980,-0.455627,0.092336,-3.141570,0.000037,0.000009
11.140481,-1.816242,-0.456297,-11.773751,-0.045624,-0.181625,0.027000,0.458005,-0.455545,0.092331,-3.141570,0.000037,0.000018
11.144482,-1.816243,-0.456295,-11.773751,-0.045624,-0.181625,0.027000,0.458031,-0.455461,0.092323,-3.141571,0.000036,0.000032
11.148483,-1.816243,-0.456294,-11.773751,-0.045624,-0.181625,0.027000,0.458057,-0.455381,0.092317,-3.141571,0.000035,0.000048
11.152483,-1.816244,-0.456286,-11.773751,-0.045625,-0.181625,0.027000,0.458081,-0.455299,0.092312,-3.141575,0.000029,0.000058
11.156485,-1.816246,-0.456278,-11.773751,-0.045625,-0.181625,0.027000,0.458107,-0.455219,0.092306,-3.141579,0.000023,0.000067
11.160489,-1.816247,-0.456269,-11.773751,-0.045625,-0.181625,0.027000,0.458133,-0.455139,0.092300,-3.141583,0.000017,0.000077
11.164490,-1.816250,-0.456253,-11.773750,-0.045625,-0.181625,0.027000,0.458162,-0.455057,0.092295,-3.141590,0.000004,0.000084
11.168495,-1.816252,-0.456245,-11.773750,-0.045625,-0.181625,0.027000,0.458188,-0.454976,0.092289,3.141591,-0.000002,0.000080
11.172495,-1.816254,-0.456231,-11.773749,-0.045625,-0.181625,0.027000,0.458214,-0.454896,0.092287,3.141585,-0.000012,0.000076
11.176501,-2.016257,-0.506215,-13.073748,-0.050625,-0.203625,0.031000,0.458241,-0.454816,0.092281,3.141578,-0.000024,0.000072
11.180541,-2.016259,-0.506207,-13.073748,-0.050626,-0.203625,0.031000,0.458267,-0.454736,0.092276,3.141574,-0.000031,0.000068
11.184541,-2.016257,-0.506217,-13.073749,-0.050625,-0.203625,0.031000,0.458292,-0.454652,0.092265,3.141579,-0.000023,0.000029
11.188539,-2.016258,-0.506209,-13.073748,-0.050625,-0.203625,0.031000,0.458318,-0.454572,0.092259,3.141575,-0.000029,0.000018
11.192539,-2.016263,-0.506183,-13.073747,-0.050626,-0.203625,0.031000,0.458344,-0.454491,0.092253,3.141563,-0.000049,0.000007
11.196540,-2.016260,-0.506201,-13.073748,-0.050626,-0.203625,0.031000,0.458360,-0.454404,0.092242,3.141571,-0.000035,-0.000010
11.200539,-2.016260,-0.506201,-13.073748,-0.050626,-0.203625,0.031000,0.458400,-0.454306,0.092236,3.141571,-0.000035,0.000008
11.204539,-2.016260,-0.506201,-13.073748,-0.050626,-0.203625,0.031000,0.458400,-0.454306,0.092236,3.141571,-0.000035,0.000008
11.208539,-2.016258,-0.506212,-13.073748,-0.050625,-0.203625,0.031000,0.458447,-0.454143,0.092220,3.141576,-0.000027,-0.000013
11.212539,-2.016256,-0.506220,-13.073749,-0.050625,-0.203625,0.031000,0.458472,-0.454059,0.092214,3.141580,-0.000021,-0.000012
11.216505,-2.016257,-0.506216,-13.073749,-0.050625,-0.203625,0.031000,0.458497,-0.453978,0.092212,3.141578,-0.000024,-0.000016
11.220535,-2.216255,-0.626226,-14.713749,-0.054625,-0.225625,0.034000,0.458520,-0.453896,0.092208,3.141583,-0.000016,-0.000007
11.224539,-2.216253,-0.626237,-14.713750,-0.054625,-0.225625,0.034000,0.458543,-0.453814,0.092205,3.141588,-0.000008,0.000003
11.228540,-2.216253,-0.626241,-14.713750,-0.054625,-0.225625,0.034000,0.458568,-0.453733,0.092203,3.141590,-0.000005,0.000012
11.232539,-2.216252,-0.626243,-14.713750,-0.054625,-0.225625,0.034000,0.458593,-0.453649,0.092199,3.141591,-0.000003,0.000026
11.236538,-2.216251,-0.626248,-14.713750,-0.054625,-0.225625,0.034000,0.458617,-0.453567,0.092198,-3.141592,0.000001,0.000036
11.240539,-2.216251,-0.626253,-14.713750,-0.054625,-0.225625,0.034000,0.458643,-0.453484,0.092196,-3.141590,0.000004,0.000050
11.244505,-2.216252,-0.626244,-14.713750,-0.054625,-0.225625,0.034000,0.458669,-0.453403,0.092198,3.141591,-0.000003,0.000059
11.248505,-2.216251,-0.626248,-14.713750,-0.054625,-0.225625,0.034000,0.458695,-0.453320,0.092196,-3.141592,0.000001,0.000067
11.252505,-2.216252,-0.626245,-14.713750,-0.054625,-0.225625,0.034000,0.458723,-0.453237,0.092194,3.141591,-0.000002,0.000074
11.256505,-2.546251,-0.636249,-16.463750,-0.070625,-0.249625,0.037000,0.458749,-0.453154,0.092192,-3.141592,0.000001,0.000074
11.260509,-2.546253,-0.636240,-16.463750,-0.070625,-0.249625,0.037000,0.458775,-0.453074,0.092194,3.141589,-0.000005,0.000064
11.264505,-2.546251,-0.636249,-16.463750,-0.070625,-0.249625,0.037000,0.458798,-0.452989,0.092189,-3.141592,0.000001,0.000058
11.268505,-2.546250,-0.636253,-16.463750,-0.070625,-0.249625,0.037000,0.458823,-0.452908,0.092187,-3.141590,0.000004,0.000047
11.272505,-2.546251,-0.636251,-16.463750,-0.070625,-0.249625,0.037000,0.458846,-0.452826,0.092186,-3.141591,0.000002,0.000036
11.276505,-2.546250,-0.636253,-16.463750,-0.070625,-0.249625,0.037000,0.458871,-0.452742,0.092183,-3.141590,0.000004,0.000030
11.280505,-2.546250,-0.636256,-16.463750,-0.070625,-0.249625,0.037000,0.458897,-0.452659,0.092180,-3.141589,0.000006,0.000017
11.284505,-2.546250,-0.636254,-16.463750,-0.070625,-0.249625,0.037000,0.458920,-0.452577,0.092179,-3.141590,0.000005,0.000006
11.288505,-2.546249,-0.636264,-16.463750,-0.070625,-0.249625,0.037000,0.458943,-0.452495,0.092175,-3.141585,0.000012,-0.000011
11.292505,-2.546249,-0.636261,-16.463750,-0.070625,-0.249625,0.037000,0.458968,-0.452411,0.092175,-3.141586,0.000011,-0.000024
11.296505,-2.546249,-0.636264,-16.463750,-0.070625,-0.249625,0.037000,0.458991,-0.452329,0.092172,-3.141585,0.000013,-0.000041
11.300505,-2.706248,-0.556269,-17.463751,-0.081625,-0.261625,0.039000,0.459016,-0.452245,0.092171,-3.141583,0.000016,-0.000048
11.304505,-2.706248,-0.556269,-17.463751,-0.081625,-0.261625,0.039000,0.459016,-0.452245,0.092171,-3.141583,0.000016,-0.000048
11.308505,-2.706247,-0.556272,-17.463751,-0.081625,-0.261625,0.039000,0.459049,-0.452143,0.092168,-3.141582,0.000018,-0.000049
11.312538,-2.706249,-0.556262,-17.463750,-0.081625,-0.261625,0.039000,0.459100,-0.451979,0.092170,-3.141586,0.000011,-0.000039
11.316539,-2.706248,-0.556267,-17.463751,-0.081625,-0.261625,0.039000,0.459125,-0.451898,0.092168,-3.141584,0.000014,-0.000029
11.320504,-2.706251,-0.556252,-17.463750,-0.081625,-0.261625,0.039000,0.459154,-0.451817,0.092171,-3.141591,0.000003,-0.000015
11.324540,-2.706251,-0.556251,-17.463750,-0.081625,-0.261625,0.039000,0.459180,-0.451734,0.092172,-3.141591,0.000003,-0.000001
11.328539,-2.706250,-0.556254,-17.463750,-0.081625,-0.261625,0.039000,0.459205,-0.451650,0.092169,-3.141590,0.000005,0.000006
11.332541,-2.706251,-0.556253,-17.463750,-0.081625,-0.261625,0.039000,0.459232,-0.451567,0.092170,-3.141590,0.000004,0.000013
11.336537,-2.946251,-0.576250,-18.033750,-0.081625,-0.276625,0.040000,0.459259,-0.451481,0.092169,-3.141591,0.000002,0.000018
11.340539,-2.966250,-0.566259,-18.073750,-0.081625,-0.277625,0.040000,0.459285,-0.451394,0.092164,-3.141587,0.000009,0.000023
11.344547,-2.966249,-0.566263,-18.073750,-0.081625,-0.277625,0.040000,0.459310,-0.451307,0.092162,-3.141586,0.000011,0.000022
11.348539,-2.966248,-0.566266,-18.073750,-0.081625,-0.277625,0.040000,0.459336,-0.451220,0.092160,-3.141584,0.000014,0.000020
11.352539,-2.966248,-0.566270,-18.073750,-0.081625,-0.277625,0.040000,0.459361,-0.451133,0.092157,-3.141582,0.000017,0.000012
11.356539,-2.966248,-0.566268,-18.073750,-0.081625,-0.277625,0.040000,0.459389,-0.451045,0.092158,-3.141583,0.000016,0.000008
11.360505,-2.966246,-0.566280,-18.073751,-0.081625,-0.277625,0.040000,0.459416,-0.450955,0.092155,-3.141578,0.000024,-0.000003
11.364541,-2.966245,-0.566283,-18.073751,-0.081625,-0.277625,0.040000,0.459439,-0.450871,0.092153,-3.141576,0.000027,-0.000023
11.368539,-2.966245,-0.566283,-18.073751,-0.081625,-0.277625,0.040000,0.459468,-0.450783,0.092154,-3.141576,0.000027,-0.000033
11.372538,-2.966245,-0.566287,-18.073751,-0.081625,-0.277625,0.040000,0.459493,-0.450696,0.092152,-3.141575,0.000030,-0.000042
11.376505,-2.966244,-0.566293,-18.073751,-0.081625,-0.277625,0.040000,0.459518,-0.450609,0.092152,-3.141572,0.000035,-0.000057
11.380504,-2.946244,-0.616292,-18.513752,-0.079625,-0.283625,0.041000,0.459549,-0.450522,0.092153,-3.141572,0.000034,-0.000067
11.384517,-2.946243,-0.616297,-18.513752,-0.079624,-0.283625,0.041000,0.459577,-0.450433,0.092152,-3.141570,0.000038,-0.000071
11.388516,-2.946243,-0.616296,-18.513752,-0.079624,-0.283625,0.041000,0.459604,-0.450351,0.092152,-3.141570,0.000037,-0.000084
11.392505,-2.946244,-0.616294,-18.513752,-0.079624,-0.283625,0.041000,0.459631,-0.450265,0.092152,-3.141571,0.000035,-0.000079
11.396505,-2.946245,-0.616288,-18.513751,-0.079625,-0.283625,0.041000,0.459659,-0.450180,0.092156,-3.141574,0.000031,-0.000074
11.400505,-2.946245,-0.616287,-18.513751,-0.079625,-0.283625,0.041000,0.459690,-0.450093,0.092157,-3.141575,0.000030,-0.000058
11.404505,-2.946245,-0.616287,-18.513751,-0.079625,-0.283625,0.041000,0.459690,-0.450093,0.092157,-3.141575,0.000030,-0.000058
11.408506,-2.946244,-0.616292,-18.513752,-0.079625,-0.283625,0.041000,0.459718,-0.450005,0.092155,-3.141572,0.000034,-0.000042
11.412505,-2.946244,-0.616292,-18.513752,-0.079625,-0.283625,0.041000,0.459772,-0.449833,0.092159,-3.141572,0.000034,-0.000025
11.416505,-3.016244,-0.636296,-18.953751,-0.079624,-0.292625,0.042000,0.459799,-0.449744,0.092157,-3.141571,0.000037,-0.000015
11.420505,-3.016242,-0.636302,-18.953751,-0.079624,-0.292625,0.042000,0.459822,-0.449659,0.092157,-3.141568,0.000041,-0.000015
11.424505,-3.016242,-0.636303,-18.953752,-0.079624,-0.292625,0.042000,0.459849,-0.449570,0.092159,-3.141567,0.000042,-0.000005
11.428481,-3.016246,-0.636284,-18.953751,-0.079625,-0.292625,0.042000,0.459878,-0.449482,0.092159,-3.141576,0.000028,-0.000029
11.432478,-3.016238,-0.636327,-18.953752,-0.079624,-0.292625,0.042000,0.459889,-0.449391,0.092148,-3.141557,0.000060,-0.000022
11.436478,-3.016241,-0.636314,-18.953752,-0.079624,-0.292625,0.042000,0.459931,-0.449290,0.092160,-3.141562,0.000051,0.000015
11.440537,-3.016240,-0.636320,-18.953752,-0.079624,-0.292625,0.042000,0.459956,-0.449203,0.092160,-3.141560,0.000055,0.000013
11.444567,-3.016239,-0.636322,-18.953752,-0.079624,-0.292625,0.042000,0.459981,-0.449120,0.092163,-3.141559,0.000056,0.000007
11.448560,-3.016239,-0.636322,-18.953752,-0.079624,-0.292625,0.042000,0.459981,-0.449120,0.092163,-3.141559,0.000056,0.000007
11.452560,-3.016239,-0.636324,-18.953752,-0.079624,-0.292625,0.042000,0.460006,-0.449036,0.092167,-3.141558,0.000058,0.000001
11.456544,-3.016239,-0.636326,-18.953752,-0.079624,-0.292625,0.042000,0.460031,-0.448953,0.092170,-3.141557,0.000060,-0.000005
11.460550,-3.026241,-0.676308,-19.193752,-0.084624,-0.290625,0.043000,0.460088,-0.448786,0.092186,-3.141565,0.000046,-0.000027
11.464546,-3.026241,-0.676311,-19.193752,-0.084624,-0.290625,0.043000,0.460115,-0.448704,0.092190,-3.141564,0.000048,-0.000040
11.468544,-3.026242,-0.676307,-19.193752,-0.084624,-0.290625,0.043000,0.460141,-0.448621,0.092196,-3.141566,0.000045,-0.000046
11.472530,-3.026242,-0.676307,-19.193752,-0.084624,-0.290625,0.043000,0.460141,-0.448621,0.092196,-3.141566,0.000045,-0.000046
11.476544,-3.026243,-0.676299,-19.193752,-0.084624,-0.290625,0.043000,0.460196,-0.448454,0.092207,-3.141569,0.000039,-0.000033
11.480515,-3.026242,-0.676304,-19.193752,-0.084624,-0.290625,0.043000,0.460220,-0.448370,0.092213,-3.141567,0.000043,-0.000033
11.484532,-3.026242,-0.676304,-19.193752,-0.084624,-0.290625,0.043000,0.460220,-0.448370,0.092213,-3.141567,0.000043,-0.000033
11.488534,-3.026242,-0.676303,-19.193752,-0.084624,-0.290625,0.043000,0.460272,-0.448201,0.092222,-3.141567,0.000042,-0.000014
11.492534,-3.026242,-0.676303,-19.193752,-0.084624,-0.290625,0.043000,0.460272,-0.448201,0.092222,-3.141567,0.000042,-0.000014
11.496510,-2.966241,-0.516310,-19.113752,-0.091624,-0.287625,0.041000,0.460321,-0.448034,0.092232,-3.141564,0.000047,0.000001
11.500503,-2.966240,-0.516319,-19.113752,-0.091624,-0.287625,0.041000,0.460344,-0.447948,0.092234,-3.141560,0.000054,0.000008
11.504539,-2.966240,-0.516319,-19.113752,-0.091624,-0.287625,0.041000,0.460344,-0.447948,0.092234,-3.141560,0.000054,0.000008
11.508505,-2.966239,-0.516322,-19.113752,-0.091624,-0.287625,0.041000,0.460375,-0.447843,0.092239,-3.141559,0.000057,0.000018
11.512505,-2.966239,-0.516322,-19.113752,-0.091624,-0.287625,0.041000,0.460375,-0.447843,0.092239,-3.141559,0.000057,0.000018
11.516505,-2.966235,-0.516349,-19.113753,-0.091624,-0.287625,0.041000,0.460409,-0.447689,0.092237,-3.141547,0.000077,-0.000006
11.520505,-2.966237,-0.516338,-19.113753,-0.091624,-0.287625,0.041000,0.460444,-0.447609,0.092250,-3.141552,0.000069,0.000033
11.524505,-2.966236,-0.516343,-19.113753,-0.091624,-0.287625,0.041000,0.460468,-0.447524,0.092256,-3.141549,0.000073,0.000033
11.528505,-2.966236,-0.516341,-19.113753,-0.091624,-0.287625,0.041000,0.460495,-0.447442,0.092263,-3.141550,0.000071,0.000034
11.532504,-2.966234,-0.516351,-19.113753,-0.091624,-0.287625,0.041000,0.460520,-0.447356,0.092266,-3.141546,0.000079,0.000039
11.536506,-2.966235,-0.516350,-19.113753,-0.091624,-0.287625,0.041000,0.460546,-0.447273,0.092274,-3.141546,0.000078,0.000040
11.540505,-2.846236,-0.486341,-17.863753,-0.092624,-0.267625,0.039000,0.460573,-0.447191,0.092282,-3.141551,0.000071,0.000033
11.544505,-2.846238,-0.486334,-17.863752,-0.092624,-0.267625,0.039000,0.460599,-0.447111,0.092292,-3.141554,0.000065,0.000029
11.548505,-2.846238,-0.486332,-17.863752,-0.092624,-0.267625,0.039000,0.460626,-0.447029,0.092299,-3.141555,0.000064,0.000023
11.552505,-2.846238,-0.486330,-17.863752,-0.092624,-0.267625,0.039000,0.460651,-0.446949,0.092306,-3.141556,0.000062,0.000019
11.556505,-2.846237,-0.486335,-17.863752,-0.092624,-0.267625,0.039000,0.460677,-0.446866,0.092312,-3.141553,0.000067,0.000020
11.560505,-2.846233,-0.486361,-17.863753,-0.092624,-0.267625,0.039000,0.460690,-0.446779,0.092307,-3.141542,0.000086,-0.000018
11.564505,-2.846233,-0.486364,-17.863753,-0.092624,-0.267625,0.039000,0.460717,-0.446697,0.092311,-3.141540,0.000088,-0.000017
11.568505,-2.846235,-0.486352,-17.863753,-0.092624,-0.267625,0.039000,0.460757,-0.446599,0.092325,-3.141545,0.000080,0.000015
11.572539,-2.846235,-0.486351,-17.863753,-0.092624,-0.267625,0.039000,0.460780,-0.446518,0.092333,-3.141546,0.000079,0.000018
11.576540,-2.836232,-0.496366,-17.783754,-0.092624,-0.266625,0.039000,0.460805,-0.446435,0.092332,-3.141539,0.000090,0.000025
11.580539,-2.606232,-0.436370,-16.673754,-0.082624,-0.250625,0.037000,0.460830,-0.446351,0.092338,-3.141537,0.000093,0.000032
11.584539,-2.606231,-0.436376,-16.673754,-0.082624,-0.250625,0.037000,0.460853,-0.446270,0.092338,-3.141534,0.000098,0.000028
11.588537,-2.606231,-0.436378,-16.673754,-0.082624,-0.250625,0.037000,0.460878,-0.446187,0.092341,-3.141534,0.000099,0.000036
11.592539,-2.606232,-0.436371,-16.673754,-0.082624,-0.250625,0.037000,0.460905,-0.446105,0.092343,-3.141537,0.000094,0.000036
11.596544,-2.606230,-0.436383,-16.673754,-0.082623,-0.250625,0.037000,0.460928,-0.446024,0.092341,-3.141532,0.000103,0.000039
11.600540,-2.606230,-0.436382,-16.673754,-0.082623,-0.250625,0.037000,0.460953,-0.445941,0.092342,-3.141532,0.000102,0.000040
11.604542,-2.606230,-0.436380,-16.673754,-0.082623,-0.250625,0.037000,0.460978,-0.445861,0.092341,-3.141533,0.000101,0.000042
11.608539,-2.606231,-0.436373,-16.673754,-0.082624,-0.250625,0.037000,0.461006,-0.445779,0.092344,-3.141536,0.000095,0.000043
11.612539,-2.606233,-0.436366,-16.673754,-0.082624,-0.250625,0.037000,0.461033,-0.445698,0.092347,-3.141539,0.000090,0.000043
11.616538,-2.606233,-0.436365,-16.673754,-0.082624,-0.250625,0.037000,0.461056,-0.445617,0.092348,-3.141540,0.000089,0.000046
11.620585,-2.406234,-0.436358,-14.993753,-0.069624,-0.231625,0.034000,0.461084,-0.445535,0.092350,-3.141543,0.000084,0.000047
11.624570,-2.406235,-0.436351,-14.993753,-0.069624,-0.231625,0.034000,0.461111,-0.445453,0.092353,-3.141546,0.000079,0.000047
11.628573,-2.406237,-0.436338,-14.993753,-0.069624,-0.231625,0.034000,0.461138,-0.445374,0.092358,-3.141552,0.000069,0.000037
11.632577,-2.406238,-0.436333,-14.993752,-0.069624,-0.231625,0.034000,0.461165,-0.445292,0.092362,-3.141554,0.000065,0.000037
11.636480,-2.406238,-0.436332,-14.993752,-0.069624,-0.231625,0.034000,0.461190,-0.445209,0.092363,-3.141555,0.000064,0.000031
11.640478,-2.406238,-0.436333,-14.993752,-0.069624,-0.231625,0.034000,0.461217,-0.445127,0.092365,-3.141554,0.000065,0.000032
11.644478,-2.406238,-0.436332,-14.993752,-0.069624,-0.231625,0.034000,0.461240,-0.445046,0.092366,-3.141555,0.000064,0.000021
11.648479,-2.406238,-0.436332,-14.993752,-0.069624,-0.231625,0.034000,0.461267,-0.444964,0.092368,-3.141555,0.000065,0.000021
11.652479,-2.406238,-0.436331,-14.993752,-0.069624,-0.231625,0.034000,0.461292,-0.444881,0.092369,-3.141555,0.000064,0.000022
11.656481,-2.356238,-0.466333,-14.763753,-0.066624,-0.228625,0.033000,0.461317,-0.444798,0.092372,-3.141554,0.000065,0.000023
11.660480,-2.216237,-0.556340,-14.353753,-0.060624,-0.220625,0.034000,0.461342,-0.444715,0.092372,-3.141551,0.000070,0.000023
11.664481,-2.216237,-0.556340,-14.353753,-0.060624,-0.220625,0.034000,0.461366,-0.444635,0.092374,-3.141551,0.000071,0.000026
11.668482,-2.216238,-0.556336,-14.353753,-0.060624,-0.220625,0.034000,0.461393,-0.444553,0.092379,-3.141553,0.000067,0.000033
11.672482,-2.216236,-0.556342,-14.353753,-0.060624,-0.220625,0.034000,0.461418,-0.444470,0.092379,-3.141550,0.000072,0.000034
11.676483,-2.216238,-0.556335,-14.353753,-0.060624,-0.220625,0.034000,0.461443,-0.444390,0.092382,-3.141553,0.000067,0.000023
11.680485,-2.216238,-0.556336,-14.353753,-0.060624,-0.220625,0.034000,0.461469,-0.444308,0.092384,-3.141553,0.000067,0.000017
11.684487,-2.216239,-0.556329,-14.353753,-0.060624,-0.220625,0.034000,0.461496,-0.444226,0.092386,-3.141556,0.000062,0.000017
11.688490,-2.216238,-0.556335,-14.353753,-0.060624,-0.220625,0.034000,0.461519,-0.444145,0.092387,-3.141553,0.000067,0.000007
11.692490,-2.216238,-0.556334,-14.353753,-0.060624,-0.220625,0.034000,0.461544,-0.444062,0.092387,-3.141554,0.000066,0.000001
11.696495,-2.216238,-0.556335,-14.353753,-0.060624,-0.220625,0.034000,0.461569,-0.443982,0.092389,-3.141553,0.000067,-0.000003
11.700501,-2.216239,-0.556330,-14.353753,-0.060624,-0.220625,0.034000,0.461597,-0.443901,0.092393,-3.141556,0.000063,-0.000003
11.704538,-2.176238,-0.476336,-13.863752,-0.064624,-0.211625,0.033000,0.461630,-0.443796,0.092394,-3.141553,0.000068,-0.000007
11.708539,-2.176238,-0.476337,-13.863753,-0.064624,-0.211625,0.033000,0.461654,-0.443716,0.092396,-3.141553,0.000068,-0.000004
11.712539,-2.176239,-0.476330,-13.863752,-0.064624,-0.211625,0.033000,0.461681,-0.443635,0.092399,-3.141556,0.000063,-0.000003
11.716502,-2.176239,-0.476330,-13.863752,-0.064624,-0.211625,0.033000,0.461708,-0.443552,0.092401,-3.141556,0.000063,-0.000009
11.720539,-2.176238,-0.476336,-13.863752,-0.064624,-0.211625,0.033000,0.461734,-0.443470,0.092400,-3.141553,0.000067,-0.000009
11.724540,-2.176237,-0.476343,-13.863753,-0.064624,-0.211625,0.033000,0.461758,-0.443387,0.092400,-3.141550,0.000073,-0.000002
11.728539,-2.176237,-0.476341,-13.863753,-0.064624,-0.211625,0.033000,0.461785,-0.443305,0.092400,-3.141551,0.000071,-0.000001
11.732539,-2.176235,-0.476352,-13.863753,-0.064624,-0.211625,0.033000,0.461809,-0.443221,0.092397,-3.141546,0.000080,-0.000000
11.736538,-1.986235,-0.466351,-13.313754,-0.065624,-0.193625,0.031000,0.461836,-0.443136,0.092398,-3.141546,0.000079,-0.000002
11.740539,-1.986234,-0.466358,-13.313754,-0.065624,-0.193625,0.031000,0.461862,-0.443051,0.092398,-3.141543,0.000084,0.000003
11.744504,-1.986233,-0.466368,-13.313754,-0.065624,-0.193625,0.031000,0.461889,-0.442963,0.092394,-3.141539,0.000092,0.000012
11.748541,-1.986233,-0.466366,-13.313754,-0.065624,-0.193625,0.031000,0.461917,-0.442875,0.092394,-3.141540,0.000090,0.000015
11.752539,-1.986232,-0.466371,-13.313754,-0.065624,-0.193625,0.031000,0.461942,-0.442789,0.092393,-3.141538,0.000094,0.000014
11.756538,-1.986232,-0.466376,-13.313755,-0.065624,-0.193625,0.031000,0.461969,-0.442701,0.092392,-3.141535,0.000098,0.000010
11.760539,-1.986232,-0.466374,-13.313755,-0.065624,-0.193625,0.031000,0.461994,-0.442615,0.092391,-3.141536,0.000096,0.000001
11.764539,-1.986231,-0.466379,-13.313755,-0.065624,-0.193625,0.031000,0.462021,-0.442527,0.092390,-3.141534,0.000100,-0.000003
11.768505,-1.986232,-0.466376,-13.313755,-0.065624,-0.193625,0.031000,0.462047,-0.442441,0.092390,-3.141535,0.000099,-0.000018
11.772505,-1.986232,-0.466374,-13.313755,-0.065624,-0.193625,0.031000,0.462074,-0.442353,0.092389,-3.141536,0.000097,-0.000028
11.776505,-1.956232,-0.486371,-12.823754,-0.063624,-0.187625,0.030000,0.462100,-0.442267,0.092389,-3.141537,0.000095,-0.000037
11.780505,-1.956232,-0.486374,-12.823754,-0.063624,-0.187625,0.030000,0.462125,-0.442182,0.092386,-3.141536,0.000097,-0.000045
11.784505,-1.956232,-0.486372,-12.823754,-0.063624,-0.187625,0.030000,0.462153,-0.442094,0.092385,-3.141537,0.000095,-0.000049
11.788505,-1.956234,-0.486363,-12.823753,-0.063624,-0.187625,0.030000,0.462180,-0.442009,0.092387,-3.141541,0.000088,-0.000057
11.792505,-1.956234,-0.486361,-12.823753,-0.063624,-0.187625,0.030000,0.462207,-0.441921,0.092386,-3.141542,0.000087,-0.000061
11.796505,-1.956235,-0.486352,-12.823753,-0.063624,-0.187625,0.030000,0.462237,-0.441834,0.092388,-3.141546,0.000080,-0.000065
11.800505,-1.956236,-0.486350,-12.823753,-0.063624,-0.187625,0.030000,0.462264,-0.441747,0.092387,-3.141547,0.000078,-0.000062
11.804505,-1.956238,-0.486336,-12.823753,-0.063624,-0.187625,0.030000,0.462292,-0.441662,0.092392,-3.141553,0.000068,-0.000064
11.808505,-1.956239,-0.486327,-12.823752,-0.063624,-0.187625,0.030000,0.462319,-0.441577,0.092393,-3.141557,0.000061,-0.000052
11.812505,-1.956239,-0.486327,-12.823752,-0.063624,-0.187625,0.030000,0.462319,-0.441577,0.092393,-3.141557,0.000061,-0.000052
11.816505,-1.956241,-0.486317,-12.823752,-0.063624,-0.187625,0.030000,0.462347,-0.441490,0.092393,-3.141562,0.000053,-0.000036
11.820505,-1.996242,-0.366306,-12.923752,-0.066624,-0.192625,0.031000,0.462401,-0.441317,0.092394,-3.141566,0.000045,-0.000048
11.824505,-1.996243,-0.366305,-12.923752,-0.066624,-0.192625,0.031000,0.462435,-0.441208,0.092395,-3.141567,0.000044,0.000004
11.828505,-1.996244,-0.366295,-12.923752,-0.066624,-0.192625,0.031000,0.462447,-0.441137,0.092396,-3.141572,0.000036,-0.000029
11.832539,-1.996245,-0.366287,-12.923751,-0.066625,-0.192625,0.031000,0.462491,-0.441033,0.092398,-3.141575,0.000030,0.000010
11.836538,-1.996245,-0.366287,-12.923751,-0.066625,-0.192625,0.031000,0.462518,-0.440945,0.092400,-3.141575,0.000031,0.000013
11.840539,-1.996245,-0.366291,-12.923751,-0.066625,-0.192625,0.031000,0.462543,-0.440856,0.092397,-3.141573,0.000033,0.000009
11.844539,-1.996246,-0.366284,-12.923751,-0.066625,-0.192625,0.031000,0.462573,-0.440766,0.092400,-3.141577,0.000028,0.000009
11.848503,-1.996247,-0.366277,-12.923751,-0.066625,-0.192625,0.031000,0.462596,-0.440679,0.092403,-3.141580,0.000023,-0.000006
11.852537,-1.996246,-0.366283,-12.923751,-0.066625,-0.192625,0.031000,0.462621,-0.440590,0.092403,-3.141577,0.000027,-0.000016
11.856539,-1.996246,-0.366282,-12.923751,-0.066625,-0.192625,0.031000,0.462647,-0.440502,0.092404,-3.141577,0.000026,-0.000020
11.860539,-1.896247,-0.506277,-12.843751,-0.053625,-0.193625,0.031000,0.462672,-0.440416,0.092408,-3.141580,0.000022,-0.000035
11.864539,-1.896246,-0.506283,-12.843751,-0.053625,-0.193625,0.031000,0.462699,-0.440325,0.092408,-3.141577,0.000027,-0.000042
11.868539,-1.896245,-0.506288,-12.843751,-0.053625,-0.193625,0.031000,0.462726,-0.440236,0.092407,-3.141575,0.000031,-0.000052
11.872539,-1.896245,-0.506291,-12.843751,-0.053625,-0.193625,0.031000,0.462752,-0.440148,0.092411,-3.141574,0.000033,-0.000056
11.876544,-1.896246,-0.506285,-12.843751,-0.053625,-0.193625,0.031000,0.462781,-0.440061,0.092414,-3.141576,0.000028,-0.000060
11.880539,-1.896245,-0.506290,-12.843751,-0.053625,-0.193625,0.031000,0.462807,-0.439973,0.092413,-3.141574,0.000032,-0.000057
11.884539,-1.896245,-0.506290,-12.843751,-0.053625,-0.193625,0.031000,0.462834,-0.439885,0.092415,-3.141574,0.000032,-0.000054
11.888539,-1.896245,-0.506290,-12.843751,-0.053625,-0.193625,0.031000,0.462861,-0.439797,0.092417,-3.141574,0.000032,-0.000045
11.892539,-1.896245,-0.506290,-12.843751,-0.053625,-0.193625,0.031000,0.462887,-0.439709,0.092419,-3.141574,0.000032,-0.000028
11.896539,-1.866244,-0.466295,-12.383752,-0.054624,-0.186625,0.030000,0.462914,-0.439621,0.092417,-3.141572,0.000036,-0.000012
11.900506,-1.866244,-0.466301,-12.383752,-0.054624,-0.186625,0.030000,0.462939,-0.439532,0.092417,-3.141569,0.000041,-0.000003
11.904505,-1.866243,-0.466306,-12.383752,-0.054624,-0.186625,0.030000,0.462965,-0.439444,0.092416,-3.141567,0.000045,0.000014
11.908505,-1.866242,-0.466310,-12.383752,-0.054624,-0.186625,0.030000,0.462992,-0.439353,0.092414,-3.141565,0.000048,0.000028
11.912505,-1.866242,-0.466315,-12.383752,-0.054624,-0.186625,0.030000,0.463018,-0.439265,0.092413,-3.141563,0.000052,0.000031
11.916506,-1.866242,-0.466315,-12.383752,-0.054624,-0.186625,0.030000,0.463018,-0.439265,0.092413,-3.141563,0.000052,0.000031
11.920505,-1.866238,-0.466338,-12.383753,-0.054624,-0.186625,0.030000,0.463069,-0.439084,0.092407,-3.141553,0.000069,0.000041
11.924505,-1.866239,-0.466335,-12.383753,-0.054624,-0.186625,0.030000,0.463096,-0.438996,0.092407,-3.141554,0.000067,0.000037
11.928505,-1.866239,-0.466333,-12.383753,-0.054624,-0.186625,0.030000,0.463123,-0.438908,0.092406,-3.141555,0.000065,0.000033
11.932505,-1.866242,-0.466313,-12.383752,-0.054624,-0.186625,0.030000,0.463149,-0.438824,0.092405,-3.141564,0.000050,-0.000022
11.936505,-1.866242,-0.466313,-12.383752,-0.054624,-0.186625,0.030000,0.463149,-0.438824,0.092405,-3.141564,0.000050,-0.000022
11.940505,-1.786240,-0.336322,-11.743753,-0.057624,-0.175625,0.029000,0.463212,-0.438627,0.092402,-3.141560,0.000057,-0.000008
11.944505,-1.786241,-0.336319,-11.743752,-0.057624,-0.175625,0.029000,0.463238,-0.438542,0.092401,-3.141561,0.000054,-0.000030
11.948506,-1.786241,-0.336319,-11.743752,-0.057624,-0.175625,0.029000,0.463238,-0.438542,0.092401,-3.141561,0.000054,-0.000030
11.952503,-1.786241,-0.336315,-11.743752,-0.057624,-0.175625,0.029000,0.463264,-0.438458,0.092400,-3.141563,0.000052,-0.000045
11.956506,-1.786244,-0.336299,-11.743752,-0.057624,-0.175625,0.029000,0.463321,-0.438287,0.092397,-3.141570,0.000040,-0.000070
11.960505,-1.786245,-0.336288,-11.743751,-0.057625,-0.175625,0.029000,0.463350,-0.438201,0.092396,-3.141575,0.000031,-0.000068
11.964552,-1.786246,-0.336285,-11.743751,-0.057625,-0.175625,0.029000,0.463378,-0.438114,0.092395,-3.141576,0.000029,-0.000065
11.968545,-1.786247,-0.336279,-11.743751,-0.057625,-0.175625,0.029000,0.463405,-0.438029,0.092391,-3.141579,0.000024,-0.000060
11.972537,-1.786247,-0.336279,-11.743751,-0.057625,-0.175625,0.029000,0.463405,-0.438029,0.092391,-3.141579,0.000024,-0.000060
11.976539,-1.766246,-0.376283,-11.573751,-0.061625,-0.168625,0.028000,0.463459,-0.437854,0.092384,-3.141577,0.000027,-0.000014
11.980541,-1.766245,-0.376289,-11.573751,-0.061625,-0.168625,0.028000,0.463482,-0.437767,0.092377,-3.141574,0.000032,-0.000002
11.984536,-1.766246,-0.376284,-11.573751,-0.061625,-0.168625,0.028000,0.463509,-0.437679,0.092374,-3.141576,0.000028,0.000014
11.988538,-1.766246,-0.376284,-11.573751,-0.061625,-0.168625,0.028000,0.463509,-0.437679,0.092374,-3.141576,0.000028,0.000014
11.992539,-1.766246,-0.376284,-11.573751,-0.061625,-0.168625,0.028000,0.463535,-0.437595,0.092368,-3.141577,0.000028,0.000020
11.996539,-1.766245,-0.376290,-11.573751,-0.061625,-0.168625,0.028000,0.463560,-0.437506,0.092361,-3.141574,0.000032,0.000036
12.000540,-1.766245,-0.376290,-11.573751,-0.061625,-0.168625,0.028000,0.463586,-0.437418,0.092355,-3.141574,0.000033,0.000039
12.004539,-1.766246,-0.376282,-11.573751,-0.061625,-0.168625,0.028000,0.463611,-0.437333,0.092351,-3.141577,0.000027,0.000037
12.008539,-1.766246,-0.376283,-11.573751,-0.061625,-0.168625,0.028000,0.463638,-0.437245,0.092345,-3.141577,0.000027,0.000040
12.012539,-1.766245,-0.376289,-11.573751,-0.061625,-0.168625,0.028000,0.463665,-0.437158,0.092338,-3.141574,0.000032,0.000036
12.016545,-1.766246,-0.376283,-11.573751,-0.061625,-0.168625,0.028000,0.463694,-0.437071,0.092335,-3.141577,0.000027,0.000025
12.020539,-1.736248,-0.466271,-11.903751,-0.057625,-0.170625,0.028000,0.463722,-0.436987,0.092333,-3.141582,0.000018,-0.000030
12.024540,-1.736250,-0.466258,-11.903750,-0.057625,-0.170625,0.028000,0.463759,-0.436880,0.092331,-3.141588,0.000008,-0.000012
12.028505,-1.736250,-0.466259,-11.903750,-0.057625,-0.170625,0.028000,0.463771,-0.436809,0.092327,-3.141587,0.000009,-0.000058
12.032505,-1.736250,-0.466255,-11.903750,-0.057625,-0.170625,0.028000,0.463812,-0.436711,0.092325,-3.141589,0.000006,-0.000049
12.036505,-1.736251,-0.466250,-11.903750,-0.057625,-0.170625,0.028000,0.463840,-0.436627,0.092322,-3.141591,0.000002,-0.000064
12.040505,-1.736251,-0.466251,-11.903750,-0.057625,-0.170625,0.028000,0.463865,-0.436545,0.092317,-3.141591,0.000003,-0.000077
12.044505,-1.736250,-0.466259,-11.903750,-0.057625,-0.170625,0.028000,0.463892,-0.436461,0.092312,-3.141588,0.000009,-0.000078
12.048505,-1.736250,-0.466255,-11.903750,-0.057625,-0.170625,0.028000,0.463918,-0.436379,0.092309,-3.141589,0.000006,-0.000078
12.052505,-1.736249,-0.466263,-11.903750,-0.057625,-0.170625,0.028000,0.463942,-0.436297,0.092304,-3.141586,0.000012,-0.000070
12.056503,-1.736248,-0.466271,-11.903751,-0.057625,-0.170625,0.028000,0.463965,-0.436216,0.092298,-3.141582,0.000018,-0.000061
12.060505,-1.936246,-0.546283,-12.903752,-0.058625,-0.191625,0.031000,0.463988,-0.436133,0.092288,-3.141577,0.000027,-0.000054
12.064505,-1.936245,-0.546290,-12.903752,-0.058625,-0.191625,0.031000,0.464011,-0.436050,0.092281,-3.141574,0.000032,-0.000040
12.068505,-1.936243,-0.546304,-12.903752,-0.058624,-0.191625,0.031000,0.464034,-0.435967,0.092274,-3.141568,0.000043,-0.000032
12.072505,-1.936243,-0.546311,-12.903753,-0.058624,-0.191625,0.031000,0.464058,-0.435884,0.092267,-3.141565,0.000049,-0.000018
12.076504,-1.936243,-0.546306,-12.903752,-0.058624,-0.191625,0.031000,0.464083,-0.435802,0.092265,-3.141567,0.000045,-0.000011
12.080505,-1.936242,-0.546313,-12.903753,-0.058624,-0.191625,0.031000,0.464108,-0.435717,0.092258,-3.141564,0.000050,0.000001
12.084506,-1.936242,-0.546314,-12.903753,-0.058624,-0.191625,0.031000,0.464133,-0.435635,0.092253,-3.141564,0.000051,0.000001
12.088505,-1.936243,-0.546309,-12.903753,-0.058624,-0.191625,0.031000,0.464159,-0.435553,0.092250,-3.141566,0.000047,0.000009
12.092539,-1.936244,-0.546299,-12.903752,-0.058624,-0.191625,0.031000,0.464186,-0.435472,0.092250,-3.141570,0.000039,0.000009
12.096539,-2.056246,-0.516283,-13.833751,-0.059625,-0.208625,0.032000,0.464214,-0.435392,0.092253,-3.141577,0.000027,0.000010
12.100541,-2.056248,-0.516275,-13.833751,-0.059625,-0.208625,0.032000,0.464241,-0.435311,0.092254,-3.141581,0.000021,0.000004
12.104539,-2.056249,-0.516267,-13.833750,-0.059625,-0.208625,0.032000,0.464269,-0.435228,0.092256,-3.141584,0.000015,0.000002
12.108539,-2.056251,-0.516251,-13.833750,-0.059625,-0.208625,0.032000,0.464297,-0.435147,0.092258,-3.141591,0.000003,-0.000011
12.112545,-2.056251,-0.516249,-13.833750,-0.059625,-0.208625,0.032000,0.464322,-0.435065,0.092258,-3.141592,0.000001,-0.000017
12.116509,-2.056252,-0.516246,-13.833750,-0.059625,-0.208625,0.032000,0.464349,-0.434984,0.092257,3.141592,-0.000001,-0.000037
12.120540,-2.056254,-0.516229,-13.833749,-0.059625,-0.208625,0.032000,0.464381,-0.434884,0.092259,3.141585,-0.000014,-0.000052
12.124539,-2.056254,-0.516226,-13.833749,-0.059625,-0.208625,0.032000,0.464401,-0.434822,0.092258,3.141583,-0.000016,-0.000063
12.128539,-2.056255,-0.516218,-13.833749,-0.059625,-0.208625,0.032000,0.464428,-0.434741,0.092259,3.141580,-0.000023,-0.000069
12.132538,-2.056256,-0.516214,-13.833749,-0.059625,-0.208625,0.032000,0.464453,-0.434659,0.092257,3.141578,-0.000026,-0.000075
12.136537,-2.056256,-0.516215,-13.833749,-0.059625,-0.208625,0.032000,0.464477,-0.434576,0.092253,3.141579,-0.000025,-0.000068
12.140539,-2.286255,-0.506218,-14.933749,-0.067625,-0.224625,0.034000,0.464501,-0.434494,0.092250,3.141580,-0.000022,-0.000067
12.144538,-2.286252,-0.506241,-14.933750,-0.067625,-0.224625,0.034000,0.464515,-0.434405,0.092236,3.141590,-0.000005,-0.000093
12.148539,-2.286255,-0.506223,-14.933749,-0.067625,-0.224625,0.034000,0.464549,-0.434329,0.092243,3.141582,-0.000019,-0.000079
12.152539,-2.286254,-0.506231,-14.933750,-0.067625,-0.224625,0.034000,0.464561,-0.434243,0.092237,3.141585,-0.000013,-0.000070
12.156510,-2.286253,-0.506239,-14.933750,-0.067625,-0.224625,0.034000,0.464601,-0.434144,0.092232,3.141589,-0.000006,-0.000020
12.160504,-2.286253,-0.506235,-14.933750,-0.067625,-0.224625,0.034000,0.464626,-0.434062,0.092230,3.141587,-0.000010,-0.000006
12.164505,-2.286255,-0.506224,-14.933749,-0.067625,-0.224625,0.034000,0.464653,-0.433981,0.092229,3.141582,-0.000018,0.000008
12.168505,-2.286254,-0.506227,-14.933749,-0.067625,-0.224625,0.034000,0.464676,-0.433901,0.092226,3.141584,-0.000016,0.000011
12.172512,-2.286253,-0.506235,-14.933750,-0.067625,-0.224625,0.034000,0.464700,-0.433819,0.092221,3.141587,-0.000009,0.000012
12.176506,-2.286254,-0.506225,-14.933749,-0.067625,-0.224625,0.034000,0.464727,-0.433738,0.092220,3.141583,-0.000017,0.000012
12.180505,-2.226255,-0.526222,-15.013749,-0.070625,-0.219625,0.034000,0.464754,-0.433657,0.092219,3.141582,-0.000020,0.000019
12.184505,-2.226254,-0.526230,-15.013749,-0.070625,-0.219625,0.034000,0.464778,-0.433575,0.092214,3.141585,-0.000013,0.000020
12.188505,-2.226253,-0.526235,-15.013750,-0.070625,-0.219625,0.034000,0.464804,-0.433493,0.092212,3.141587,-0.000010,0.000020
12.192505,-2.226254,-0.526232,-15.013750,-0.070625,-0.219625,0.034000,0.464830,-0.433412,0.092211,3.141586,-0.000012,0.000014
12.196505,-2.226254,-0.526229,-15.013749,-0.070625,-0.219625,0.034000,0.464856,-0.433331,0.092210,3.141585,-0.000014,0.000015
12.200505,-2.226253,-0.526234,-15.013750,-0.070625,-0.219625,0.034000,0.464880,-0.433252,0.092208,3.141587,-0.000011,0.000004
12.204505,-2.226252,-0.526244,-15.013750,-0.070625,-0.219625,0.034000,0.464904,-0.433169,0.092205,3.141591,-0.000003,-0.000002
12.208505,-2.226250,-0.526255,-15.013750,-0.070625,-0.219625,0.034000,0.464928,-0.433087,0.092201,-3.141589,0.000006,-0.000015
12.212505,-2.226249,-0.526266,-15.013751,-0.070625,-0.219625,0.034000,0.464951,-0.433005,0.092198,-3.141585,0.000014,-0.000028
12.216505,-2.226247,-0.526277,-15.013751,-0.070625,-0.219625,0.034000,0.464975,-0.432922,0.092194,-3.141580,0.000022,-0.000034
12.220505,-2.376245,-0.456295,-15.563752,-0.077624,-0.229625,0.036000,0.464998,-0.432839,0.092190,-3.141572,0.000037,-0.000033
12.224539,-2.376244,-0.456306,-15.563752,-0.077624,-0.229625,0.036000,0.465022,-0.432757,0.092186,-3.141567,0.000045,-0.000033
12.228539,-2.376244,-0.456306,-15.563752,-0.077624,-0.229625,0.036000,0.465022,-0.432757,0.092186,-3.141567,0.000045,-0.000033
12.232539,-2.376240,-0.456333,-15.563753,-0.077624,-0.229625,0.036000,0.465068,-0.432591,0.092178,-3.141555,0.000066,-0.000018
12.236536,-2.376238,-0.456349,-15.563754,-0.077624,-0.229625,0.036000,0.465090,-0.432505,0.092171,-3.141549,0.000078,-0.000013
12.240539,-2.376236,-0.456360,-15.563754,-0.077624,-0.229625,0.036000,0.465116,-0.432417,0.092168,-3.141544,0.000087,0.000003
12.244539,-2.376237,-0.456358,-15.563754,-0.077624,-0.229625,0.036000,0.465141,-0.432335,0.092168,-3.141545,0.000086,0.000004
12.248539,-2.376237,-0.456358,-15.563754,-0.077624,-0.229625,0.036000,0.465167,-0.432248,0.092169,-3.141545,0.000085,0.000013
12.252537,-2.376236,-0.456362,-15.563754,-0.077624,-0.229625,0.036000,0.465194,-0.432161,0.092167,-3.141543,0.000088,0.000023
12.256539,-2.376236,-0.456361,-15.563754,-0.077624,-0.229625,0.036000,0.465219,-0.432076,0.092168,-3.141544,0.000087,0.000021
12.260540,-2.446236,-0.456366,-16.263754,-0.085624,-0.237625,0.037000,0.465247,-0.431989,0.092167,-3.141541,0.000092,0.000031
12.264503,-2.446236,-0.456365,-16.263754,-0.085624,-0.237625,0.037000,0.465273,-0.431902,0.092168,-3.141542,0.000091,0.000040
12.268539,-2.446236,-0.456363,-16.263754,-0.085624,-0.237625,0.037000,0.465305,-0.431796,0.092168,-3.141543,0.000089,0.000041
12.272542,-2.446236,-0.456361,-16.263754,-0.085624,-0.237625,0.037000,0.465333,-0.431709,0.092168,-3.141544,0.000088,0.000044
12.276539,-2.446237,-0.456354,-16.263754,-0.085624,-0.237625,0.037000,0.465360,-0.431625,0.092171,-3.141547,0.000082,0.000042
12.280539,-2.446237,-0.456353,-16.263754,-0.085624,-0.237625,0.037000,0.465386,-0.431538,0.092172,-3.141547,0.000081,0.000045
12.284539,-2.446237,-0.456357,-16.263754,-0.085624,-0.237625,0.037000,0.465411,-0.431453,0.092170,-3.141545,0.000085,0.000037
12.288505,-2.446238,-0.456349,-16.263754,-0.085624,-0.237625,0.037000,0.465438,-0.431367,0.092171,-3.141549,0.000078,0.000033
12.292505,-2.446239,-0.456340,-16.263753,-0.085624,-0.237625,0.037000,0.465463,-0.431282,0.092173,-3.141553,0.000071,0.000018
12.296505,-2.446240,-0.456338,-16.263753,-0.085624,-0.237625,0.037000,0.465488,-0.431194,0.092172,-3.141554,0.000070,0.000014
12.300505,-2.576241,-0.416324,-16.943753,-0.082624,-0.253625,0.037000,0.465516,-0.431107,0.092176,-3.141560,0.000059,0.000010
12.304505,-2.576242,-0.416323,-16.943753,-0.082624,-0.253625,0.037000,0.465540,-0.431023,0.092177,-3.141560,0.000058,0.000001
12.308505,-2.576243,-0.416315,-16.943753,-0.082624,-0.253625,0.037000,0.465568,-0.430936,0.092179,-3.141564,0.000052,0.000004
12.312504,-2.576244,-0.416306,-16.943752,-0.082624,-0.253625,0.037000,0.465593,-0.430851,0.092180,-3.141568,0.000045,0.000003
12.316505,-2.576245,-0.416297,-16.943752,-0.082624,-0.253625,0.037000,0.465620,-0.430764,0.092182,-3.141571,0.000038,0.000005
12.320505,-2.576245,-0.416295,-16.943752,-0.082624,-0.253625,0.037000,0.465651,-0.430658,0.092182,-3.141572,0.000037,0.000013
12.324505,-2.576245,-0.416295,-16.943752,-0.082624,-0.253625,0.037000,0.465651,-0.430658,0.092182,-3.141572,0.000037,0.000013
12.328505,-2.576250,-0.416262,-16.943751,-0.082625,-0.253625,0.037000,0.465700,-0.430507,0.092185,-3.141587,0.000011,-0.000024
12.332507,-2.576250,-0.416262,-16.943751,-0.082625,-0.253625,0.037000,0.465700,-0.430507,0.092185,-3.141587,0.000011,-0.000024
12.336506,-2.616249,-0.536266,-17.023751,-0.076625,-0.257625,0.039000,0.465746,-0.430329,0.092185,-3.141585,0.000014,-0.000019
12.340509,-2.586249,-0.586265,-16.853751,-0.074625,-0.254625,0.039000,0.465788,-0.430225,0.092186,-3.141585,0.000014,0.000020
12.344505,-2.586250,-0.586263,-16.853751,-0.074625,-0.254625,0.039000,0.465816,-0.430139,0.092186,-3.141586,0.000012,0.000023
12.348505,-2.586250,-0.586263,-16.853751,-0.074625,-0.254625,0.039000,0.465816,-0.430139,0.092186,-3.141586,0.000012,0.000023
12.352539,-2.586251,-0.586254,-16.853750,-0.074625,-0.254625,0.039000,0.465845,-0.430053,0.092186,-3.141590,0.000005,0.000019
12.356539,-2.586250,-0.586259,-16.853751,-0.074625,-0.254625,0.039000,0.465872,-0.429967,0.092186,-3.141588,0.000009,0.000015
12.360546,-2.586249,-0.586264,-16.853751,-0.074625,-0.254625,0.039000,0.465898,-0.429879,0.092184,-3.141586,0.000012,0.000011
12.364547,-2.586250,-0.586258,-16.853751,-0.074625,-0.254625,0.039000,0.465952,-0.429706,0.092182,-3.141588,0.000008,0.000004
12.368503,-2.586249,-0.586269,-16.853751,-0.074625,-0.254625,0.039000,0.465980,-0.429620,0.092179,-3.141583,0.000016,-0.000007
12.372539,-2.586249,-0.586269,-16.853751,-0.074625,-0.254625,0.039000,0.465980,-0.429620,0.092179,-3.141583,0.000016,-0.000007
12.376539,-2.496247,-0.486285,-16.353752,-0.077625,-0.243625,0.036000,0.466033,-0.429443,0.092174,-3.141577,0.000029,-0.000017
12.380541,-2.496248,-0.486278,-16.353751,-0.077625,-0.243625,0.036000,0.466061,-0.429357,0.092177,-3.141580,0.000023,-0.000021
12.384539,-2.496248,-0.486278,-16.353751,-0.077625,-0.243625,0.036000,0.466061,-0.429357,0.092177,-3.141580,0.000023,-0.000021
12.388554,-2.496246,-0.486290,-16.353752,-0.077625,-0.243625,0.036000,0.466086,-0.429269,0.092174,-3.141575,0.000032,-0.000025
12.392547,-2.496244,-0.486307,-16.353752,-0.077624,-0.243625,0.036000,0.466139,-0.429095,0.092171,-3.141567,0.000046,-0.000033
12.396539,-2.496244,-0.486307,-16.353752,-0.077624,-0.243625,0.036000,0.466139,-0.429095,0.092171,-3.141567,0.000046,-0.000033
12.400549,-2.496242,-0.486319,-16.353753,-0.077624,-0.243625,0.036000,0.466192,-0.428921,0.092171,-3.141562,0.000055,-0.000034
12.404540,-2.496242,-0.486319,-16.353753,-0.077624,-0.243625,0.036000,0.466192,-0.428921,0.092171,-3.141562,0.000055,-0.000034
12.408547,-2.496241,-0.486332,-16.353753,-0.077624,-0.243625,0.036000,0.466246,-0.428745,0.092170,-3.141557,0.000065,-0.000030
12.412547,-2.496240,-0.486336,-16.353753,-0.077624,-0.243625,0.036000,0.466272,-0.428658,0.092168,-3.141555,0.000068,-0.000034
12.416505,-2.496240,-0.486336,-16.353753,-0.077624,-0.243625,0.036000,0.466272,-0.428658,0.092168,-3.141555,0.000068,-0.000034
12.420505,-2.436239,-0.646347,-16.303753,-0.077624,-0.237625,0.037000,0.466326,-0.428485,0.092167,-3.141550,0.000077,-0.000049
12.424505,-2.436239,-0.646347,-16.303753,-0.077624,-0.237625,0.037000,0.466326,-0.428485,0.092167,-3.141550,0.000077,-0.000049
12.428505,-2.436239,-0.646348,-16.303753,-0.077624,-0.237625,0.037000,0.466352,-0.428401,0.092169,-3.141550,0.000077,-0.000057
12.432505,-2.436239,-0.646346,-16.303753,-0.077624,-0.237625,0.037000,0.466379,-0.428315,0.092169,-3.141551,0.000076,-0.000061
12.436517,-2.436239,-0.646344,-16.303753,-0.077624,-0.237625,0.037000,0.466407,-0.428229,0.092169,-3.141552,0.000074,-0.000065
12.440505,-2.436239,-0.646349,-16.303754,-0.077624,-0.237625,0.037000,0.466434,-0.428142,0.092168,-3.141549,0.000079,-0.000069
12.444505,-2.436239,-0.646342,-16.303753,-0.077624,-0.237625,0.037000,0.466462,-0.428056,0.092171,-3.141552,0.000073,-0.000073
12.448505,-2.436240,-0.646340,-16.303753,-0.077624,-0.237625,0.037000,0.466489,-0.427970,0.092170,-3.141553,0.000072,-0.000077
12.452505,-2.436240,-0.646338,-16.303753,-0.077624,-0.237625,0.037000,0.466519,-0.427882,0.092170,-3.141554,0.000070,-0.000076
12.456505,-2.446240,-0.486339,-16.453753,-0.086624,-0.237625,0.036000,0.466546,-0.427795,0.092172,-3.141554,0.000071,-0.000107
12.460505,-2.446240,-0.486337,-16.453753,-0.086624,-0.237625,0.036000,0.466571,-0.427711,0.092172,-3.141554,0.000069,-0.000075
12.464505,-2.446240,-0.486335,-16.453753,-0.086624,-0.237625,0.036000,0.466601,-0.427623,0.092172,-3.141555,0.000068,-0.000067
12.468505,-2.446241,-0.486333,-16.453753,-0.086624,-0.237625,0.036000,0.466626,-0.427539,0.092172,-3.141556,0.000066,-0.000103
12.472503,-2.446240,-0.486338,-16.453753,-0.086624,-0.237625,0.036000,0.466658,-0.427430,0.092172,-3.141554,0.000070,-0.000057
12.476505,-2.446241,-0.486329,-16.453752,-0.086624,-0.237625,0.036000,0.466688,-0.427342,0.092172,-3.141558,0.000063,-0.000043
12.480505,-2.446241,-0.486329,-16.453752,-0.086624,-0.237625,0.036000,0.466715,-0.427256,0.092174,-3.141558,0.000063,-0.000033
12.484539,-2.446241,-0.486328,-16.453752,-0.086624,-0.237625,0.036000,0.466741,-0.427169,0.092175,-3.141558,0.000063,-0.000031
12.488541,-2.446241,-0.486332,-16.453753,-0.086624,-0.237625,0.036000,0.466767,-0.427081,0.092173,-3.141556,0.000066,-0.000028
12.492538,-2.446242,-0.486325,-16.453752,-0.086624,-0.237625,0.036000,0.466794,-0.426995,0.092176,-3.141559,0.000060,-0.000032
12.496540,-2.446242,-0.486324,-16.453752,-0.086624,-0.237625,0.036000,0.466820,-0.426908,0.092177,-3.141560,0.000060,-0.000042
12.500539,-2.556244,-0.586310,-16.363752,-0.081624,-0.242625,0.037000,0.466846,-0.426825,0.092180,-3.141566,0.000048,-0.000057
12.504540,-2.556243,-0.586314,-16.363752,-0.081624,-0.242625,0.037000,0.466872,-0.426738,0.092178,-3.141564,0.000051,-0.000061
12.508539,-2.556244,-0.586307,-16.363752,-0.081624,-0.242625,0.037000,0.466899,-0.426652,0.092181,-3.141567,0.000046,-0.000065
12.512539,-2.556244,-0.586311,-16.363752,-0.081624,-0.242625,0.037000,0.466925,-0.426564,0.092179,-3.141566,0.000049,-0.000069
12.516539,-2.556245,-0.586296,-16.363751,-0.081624,-0.242625,0.037000,0.466953,-0.426479,0.092182,-3.141572,0.000038,-0.000073
12.520539,-2.556246,-0.586294,-16.363751,-0.081624,-0.242625,0.037000,0.466980,-0.426393,0.092182,-3.141573,0.000036,-0.000084
12.524539,-2.556246,-0.586292,-16.363751,-0.081625,-0.242625,0.037000,0.467005,-0.426308,0.092182,-3.141574,0.000035,-0.000092
12.528539,-2.556247,-0.586284,-16.363751,-0.081625,-0.242625,0.037000,0.467032,-0.426225,0.092184,-3.141577,0.000029,-0.000094
12.532539,-2.556248,-0.586277,-16.363751,-0.081625,-0.242625,0.037000,0.467060,-0.426139,0.092186,-3.141580,0.000023,-0.000084
12.536537,-2.406248,-0.586275,-16.043751,-0.073625,-0.239625,0.036000,0.467087,-0.426053,0.092186,-3.141581,0.000022,-0.000068
12.540539,-2.406248,-0.586275,-16.043751,-0.073625,-0.239625,0.036000,0.467112,-0.425972,0.092187,-3.141581,0.000021,-0.000061
12.544537,-2.406248,-0.586275,-16.043751,-0.073625,-0.239625,0.036000,0.467138,-0.425889,0.092189,-3.141581,0.000021,-0.000049
12.548505,-2.406248,-0.586279,-16.043751,-0.073625,-0.239625,0.036000,0.467165,-0.425805,0.092187,-3.141579,0.000024,-0.000037
12.552505,-2.406249,-0.586271,-16.043751,-0.073625,-0.239625,0.036000,0.467190,-0.425724,0.092189,-3.141583,0.000018,-0.000030
12.556505,-2.406249,-0.586271,-16.043751,-0.073625,-0.239625,0.036000,0.467214,-0.425643,0.092190,-3.141583,0.000018,-0.000022
12.560505,-2.406248,-0.586275,-16.043751,-0.073625,-0.239625,0.036000,0.467240,-0.425560,0.092188,-3.141581,0.000022,-0.000011
12.564505,-2.406247,-0.586286,-16.043751,-0.073625,-0.239625,0.036000,0.467265,-0.425475,0.092185,-3.141576,0.000030,0.000001
12.568505,-2.406246,-0.586292,-16.043751,-0.073625,-0.239625,0.036000,0.467287,-0.425393,0.092184,-3.141574,0.000034,0.000002
12.572505,-2.406246,-0.586296,-16.043751,-0.073624,-0.239625,0.036000,0.467312,-0.425311,0.092182,-3.141572,0.000038,-0.000004
12.576504,-2.406244,-0.586310,-16.043752,-0.073624,-0.239625,0.036000,0.467336,-0.425227,0.092181,-3.141566,0.000048,-0.000040
12.580505,-2.386245,-0.566299,-15.553752,-0.067624,-0.236625,0.036000,0.467363,-0.425144,0.092181,-3.141571,0.000040,-0.000041
12.584505,-2.386243,-0.566320,-15.553753,-0.067624,-0.236625,0.036000,0.467392,-0.425040,0.092179,-3.141562,0.000056,-0.000005
12.588505,-2.386243,-0.566320,-15.553753,-0.067624,-0.236625,0.036000,0.467417,-0.424959,0.092180,-3.141562,0.000056,-0.000011
12.592505,-2.386242,-0.566330,-15.553753,-0.067624,-0.236625,0.036000,0.467441,-0.424874,0.092177,-3.141558,0.000064,-0.000013
12.596505,-2.386242,-0.566330,-15.553753,-0.067624,-0.236625,0.036000,0.467465,-0.424793,0.092178,-3.141558,0.000064,-0.000026
12.600505,-2.386242,-0.566323,-15.553753,-0.067624,-0.236625,0.036000,0.467492,-0.424713,0.092181,-3.141561,0.000059,-0.000032
12.604505,-2.386241,-0.566336,-15.553753,-0.067624,-0.236625,0.036000,0.467517,-0.424629,0.092178,-3.141555,0.000068,-0.000033
12.608513,-2.386241,-0.566334,-15.553753,-0.067624,-0.236625,0.036000,0.467543,-0.424549,0.092179,-3.141556,0.000067,-0.000040
12.612538,-2.386241,-0.566334,-15.553753,-0.067624,-0.236625,0.036000,0.467569,-0.424465,0.092180,-3.141556,0.000067,-0.000035
12.616539,-2.356241,-0.496332,-15.273753,-0.072624,-0.227625,0.035000,0.467595,-0.424385,0.092180,-3.141557,0.000066,-0.000041
12.620537,-2.336242,-0.446326,-15.243752,-0.075624,-0.226625,0.033000,0.467623,-0.424303,0.092183,-3.141560,0.000061,-0.000029
12.624538,-2.336241,-0.446338,-15.243753,-0.075624,-0.226625,0.033000,0.467647,-0.424221,0.092181,-3.141555,0.000070,-0.000022
12.628574,-2.336241,-0.446336,-15.243753,-0.075624,-0.226625,0.033000,0.467675,-0.424139,0.092181,-3.141555,0.000069,-0.000010
12.632538,-2.336241,-0.446336,-15.243753,-0.075624,-0.226625,0.033000,0.467699,-0.424057,0.092182,-3.141555,0.000069,0.000004
12.636574,-2.336241,-0.446336,-15.243753,-0.075624,-0.226625,0.033000,0.467699,-0.424057,0.092182,-3.141555,0.000069,0.000004
12.640567,-2.336241,-0.446340,-15.243753,-0.075624,-0.226625,0.033000,0.467749,-0.423893,0.092181,-3.141554,0.000072,0.000030
12.644560,-2.336241,-0.446340,-15.243753,-0.075624,-0.226625,0.033000,0.467775,-0.423809,0.092183,-3.141554,0.000072,0.000042
12.648553,-2.336240,-0.446344,-15.243753,-0.075624,-0.226625,0.033000,0.467799,-0.423728,0.092181,-3.141552,0.000075,0.000049
12.652555,-2.336240,-0.446349,-15.243753,-0.075624,-0.226625,0.033000,0.467823,-0.423647,0.092179,-3.141550,0.000079,0.000056
12.656549,-2.336239,-0.446355,-15.243753,-0.075624,-0.226625,0.033000,0.467847,-0.423562,0.092178,-3.141547,0.000083,0.000061
12.660549,-2.346238,-0.406366,-15.193754,-0.078624,-0.225625,0.033000,0.467869,-0.423480,0.092175,-3.141543,0.000092,0.000062
12.664544,-2.346238,-0.406363,-15.193754,-0.078624,-0.225625,0.033000,0.467894,-0.423399,0.092174,-3.141544,0.000089,0.000056
12.668486,-2.346237,-0.406368,-15.193755,-0.078624,-0.225625,0.033000,0.467918,-0.423315,0.092173,-3.141542,0.000094,0.000054
12.672551,-2.346237,-0.406373,-15.193755,-0.078624,-0.225625,0.033000,0.467942,-0.423233,0.092172,-3.141540,0.000097,0.000041
12.676490,-2.346237,-0.406372,-15.193755,-0.078624,-0.225625,0.033000,0.467966,-0.423152,0.092173,-3.141540,0.000097,0.000028
12.680494,-2.346238,-0.406364,-15.193754,-0.078624,-0.225625,0.033000,0.467991,-0.423071,0.092175,-3.141544,0.000091,0.000015
12.684497,-2.346239,-0.406358,-15.193754,-0.078624,-0.225625,0.033000,0.468019,-0.422989,0.092178,-3.141546,0.000086,0.000007
12.688512,-2.346240,-0.406344,-15.193754,-0.078624,-0.225625,0.033000,0.468045,-0.422909,0.092181,-3.141552,0.000075,-0.000013
12.692506,-2.346242,-0.406329,-15.193753,-0.078624,-0.225625,0.033000,0.468074,-0.422827,0.092185,-3.141558,0.000064,-0.000021
12.696505,-2.336244,-0.476317,-15.083752,-0.080624,-0.221625,0.034000,0.468101,-0.422748,0.092190,-3.141564,0.000054,-0.000041
12.700505,-2.336245,-0.476308,-15.083752,-0.080624,-0.221625,0.034000,0.468128,-0.422668,0.092190,-3.141567,0.000047,-0.000047
12.704505,-2.336247,-0.476287,-15.083751,-0.080625,-0.221625,0.034000,0.468156,-0.422589,0.092196,-3.141576,0.000031,-0.000080
12.708504,-2.336247,-0.476286,-15.083751,-0.080625,-0.221625,0.034000,0.468184,-0.422506,0.092196,-3.141577,0.000030,-0.000068
12.712505,-2.336249,-0.476272,-15.083751,-0.080625,-0.221625,0.034000,0.468218,-0.422406,0.092200,-3.141583,0.000019,-0.000025
12.716510,-2.336249,-0.476270,-15.083751,-0.080625,-0.221625,0.034000,0.468243,-0.422325,0.092200,-3.141583,0.000018,-0.000011
12.720505,-2.336250,-0.476264,-15.083750,-0.080625,-0.221625,0.034000,0.468269,-0.422245,0.092203,-3.141586,0.000013,0.000003
12.724505,-2.336251,-0.476255,-15.083750,-0.080625,-0.221625,0.034000,0.468297,-0.422163,0.092204,-3.141590,0.000005,0.000022
12.728504,-2.336250,-0.476260,-15.083750,-0.080625,-0.221625,0.034000,0.468319,-0.422081,0.092203,-3.141587,0.000010,0.000036
12.732505,-2.336250,-0.476260,-15.083750,-0.080625,-0.221625,0.034000,0.468319,-0.422081,0.092203,-3.141587,0.000010,0.000036
12.736506,-2.336249,-0.476270,-15.083751,-0.080625,-0.221625,0.034000,0.468368,-0.421909,0.092201,-3.141583,0.000018,0.000050
12.740538,-2.256248,-0.476274,-14.913751,-0.073625,-0.219625,0.034000,0.468392,-0.421822,0.092199,-3.141581,0.000021,0.000053
12.744538,-2.256248,-0.476273,-14.913751,-0.073625,-0.219625,0.034000,0.468417,-0.421735,0.092200,-3.141582,0.000020,0.000049
12.748540,-2.256248,-0.476280,-14.913751,-0.073625,-0.219625,0.034000,0.468443,-0.421645,0.092200,-3.141579,0.000025,0.000050
12.752539,-2.256247,-0.476284,-14.913751,-0.073625,-0.219625,0.034000,0.468469,-0.421556,0.092198,-3.141577,0.000028,0.000044
12.756539,-2.256247,-0.476283,-14.913751,-0.073625,-0.219625,0.034000,0.468494,-0.421469,0.092199,-3.141578,0.000028,0.000033
12.760539,-2.256247,-0.476289,-14.913751,-0.073625,-0.219625,0.034000,0.468519,-0.421383,0.092198,-3.141575,0.000032,0.000016
12.764539,-2.256248,-0.476281,-14.913751,-0.073625,-0.219625,0.034000,0.468548,-0.421297,0.092200,-3.141579,0.000026,-0.000008
12.768542,-2.256248,-0.476281,-14.913751,-0.073625,-0.219625,0.034000,0.468575,-0.421209,0.092202,-3.141579,0.000026,-0.000021
12.772539,-2.256248,-0.476281,-14.913751,-0.073625,-0.219625,0.034000,0.468601,-0.421126,0.092203,-3.141579,0.000026,-0.000043
12.776539,-2.236247,-0.496287,-14.193752,-0.066625,-0.215625,0.033000,0.468629,-0.421037,0.092202,-3.141576,0.000030,-0.000056
12.780550,-2.236249,-0.496273,-14.193751,-0.066625,-0.215625,0.033000,0.468657,-0.420952,0.092207,-3.141582,0.000020,-0.000073
12.784503,-2.236249,-0.496273,-14.193751,-0.066625,-0.215625,0.033000,0.468684,-0.420867,0.092208,-3.141582,0.000020,-0.000084
12.788537,-2.236249,-0.496271,-14.193751,-0.066625,-0.215625,0.033000,0.468713,-0.420778,0.092208,-3.141583,0.000018,-0.000083
12.792539,-2.236248,-0.496277,-14.193751,-0.066625,-0.215625,0.033000,0.468738,-0.420692,0.092207,-3.141581,0.000023,-0.000074
12.796538,-2.236248,-0.496275,-14.193751,-0.066625,-0.215625,0.033000,0.468764,-0.420606,0.092207,-3.141581,0.000021,-0.000071
12.800539,-2.236249,-0.496273,-14.193751,-0.066625,-0.215625,0.033000,0.468790,-0.420520,0.092207,-3.141582,0.000020,-0.000054
12.804505,-2.236248,-0.496278,-14.193751,-0.066625,-0.215625,0.033000,0.468818,-0.420431,0.092206,-3.141580,0.000024,-0.000034
12.808505,-2.236248,-0.496283,-14.193752,-0.066625,-0.215625,0.033000,0.468840,-0.420346,0.092204,-3.141578,0.000027,-0.000029
12.812505,-2.236248,-0.496281,-14.193752,-0.066625,-0.215625,0.033000,0.468866,-0.420260,0.092204,-3.141579,0.000026,-0.000019
12.816505,-2.246247,-0.396285,-14.183751,-0.068625,-0.215625,0.033000,0.468890,-0.420173,0.092202,-3.141577,0.000029,-0.000009
12.820505,-2.246247,-0.396290,-14.183752,-0.068625,-0.215625,0.033000,0.468917,-0.420084,0.092202,-3.141575,0.000033,-0.000002
12.824505,-2.246246,-0.396295,-14.183752,-0.068624,-0.215625,0.033000,0.468943,-0.419995,0.092200,-3.141573,0.000037,-0.000001
12.828505,-2.246246,-0.396293,-14.183752,-0.068625,-0.215625,0.033000,0.468969,-0.419909,0.092200,-3.141574,0.000035,-0.000005
12.832505,-2.246246,-0.396293,-14.183752,-0.068625,-0.215625,0.033000,0.468995,-0.419822,0.092202,-3.141574,0.000036,-0.000009
12.836505,-2.246246,-0.396297,-14.183752,-0.068624,-0.215625,0.033000,0.469021,-0.419733,0.092200,-3.141572,0.000039,-0.000015
12.840505,-2.246246,-0.396295,-14.183752,-0.068624,-0.215625,0.033000,0.469047,-0.419647,0.092200,-3.141573,0.000037,-0.000033
12.844508,-2.246248,-0.396278,-14.183751,-0.068625,-0.215625,0.033000,0.469076,-0.419559,0.092201,-3.141580,0.000024,-0.000079
12.848505,-2.246246,-0.396293,-14.183752,-0.068625,-0.215625,0.033000,0.469102,-0.419473,0.092201,-3.141574,0.000035,-0.000056
12.852508,-2.196247,-0.466292,-14.123751,-0.068625,-0.210625,0.033000,0.469134,-0.419365,0.092202,-3.141574,0.000035,-0.000071
12.856506,-2.186246,-0.456295,-14.113751,-0.071624,-0.207625,0.033000,0.469163,-0.419275,0.092199,-3.141573,0.000037,-0.000080
12.860505,-2.186246,-0.456295,-14.113751,-0.071624,-0.207625,0.033000,0.469163,-0.419275,0.092199,-3.141573,0.000037,-0.000080
12.864505,-2.186247,-0.456293,-14.113751,-0.071625,-0.207625,0.033000,0.469218,-0.419101,0.092200,-3.141574,0.000035,-0.000090
12.868539,-2.186247,-0.456285,-14.113751,-0.071625,-0.207625,0.033000,0.469246,-0.419016,0.092202,-3.141577,0.000029,-0.000100
12.872539,-2.186248,-0.456283,-14.113751,-0.071625,-0.207625,0.033000,0.469273,-0.418928,0.092202,-3.141578,0.000027,-0.000093
12.876539,-2.186248,-0.456283,-14.113751,-0.071625,-0.207625,0.033000,0.469273,-0.418928,0.092202,-3.141578,0.000027,-0.000093
12.880547,-2.186247,-0.456285,-14.113751,-0.071625,-0.207625,0.033000,0.469325,-0.418752,0.092200,-3.141577,0.000029,-0.000083
12.884552,-2.186248,-0.456283,-14.113751,-0.071625,-0.207625,0.033000,0.469351,-0.418666,0.092200,-3.141578,0.000028,-0.000066
12.888539,-2.186248,-0.456283,-14.113751,-0.071625,-0.207625,0.033000,0.469351,-0.418666,0.092200,-3.141578,0.000028,-0.000066
12.892542,-2.186247,-0.456293,-14.113751,-0.071625,-0.207625,0.033000,0.469401,-0.418490,0.092197,-3.141574,0.000035,-0.000036
12.896545,-2.096246,-0.436297,-14.183752,-0.076624,-0.203625,0.033000,0.469427,-0.418401,0.092195,-3.141572,0.000039,-0.000022
12.900545,-2.096246,-0.436295,-14.183752,-0.076624,-0.203625,0.033000,0.469455,-0.418313,0.092195,-3.141573,0.000037,-0.000015
12.904505,-2.096247,-0.436293,-14.183752,-0.076625,-0.203625,0.033000,0.469480,-0.418227,0.092195,-3.141574,0.000035,-0.000012
12.908544,-2.096247,-0.436293,-14.183752,-0.076625,-0.203625,0.033000,0.469480,-0.418227,0.092195,-3.141574,0.000035,-0.000012
12.912541,-2.096246,-0.436300,-14.183752,-0.076624,-0.203625,0.033000,0.469531,-0.418051,0.092191,-3.141571,0.000041,-0.000002
12.916539,-2.096246,-0.436300,-14.183752,-0.076624,-0.203625,0.033000,0.469531,-0.418051,0.092191,-3.141571,0.000041,-0.000002
12.920540,-2.096246,-0.436298,-14.183752,-0.076624,-0.203625,0.033000,0.469559,-0.417963,0.092191,-3.141572,0.000040,-0.000001
12.924539,-2.096246,-0.436303,-14.183752,-0.076624,-0.203625,0.033000,0.469585,-0.417877,0.092189,-3.141570,0.000043,-0.000012
12.928539,-2.096245,-0.436307,-14.183752,-0.076624,-0.203625,0.033000,0.469618,-0.417767,0.092187,-3.141568,0.000047,-0.000015
12.932507,-2.096247,-0.436293,-14.183752,-0.076625,-0.203625,0.033000,0.469640,-0.417704,0.092191,-3.141574,0.000035,-0.000028
12.936506,-2.096246,-0.466298,-14.173752,-0.075624,-0.203625,0.033000,0.469667,-0.417618,0.092189,-3.141572,0.000039,-0.000046
12.940505,-2.166246,-0.486302,-14.123752,-0.075624,-0.205625,0.033000,0.469699,-0.417514,0.092188,-3.141570,0.000043,-0.000058
12.944505,-2.166246,-0.486301,-14.123752,-0.075624,-0.205625,0.033000,0.469725,-0.417431,0.092188,-3.141571,0.000042,-0.000067
12.948482,-2.166246,-0.486299,-14.123752,-0.075624,-0.205625,0.033000,0.469752,-0.417349,0.092188,-3.141571,0.000040,-0.000068
12.952478,-2.166245,-0.486306,-14.123752,-0.075624,-0.205625,0.033000,0.469778,-0.417266,0.092188,-3.141569,0.000045,-0.000063
12.956479,-2.166246,-0.486298,-14.123751,-0.075624,-0.205625,0.033000,0.469805,-0.417187,0.092190,-3.141572,0.000039,-0.000056
12.960478,-2.166246,-0.486302,-14.123752,-0.075624,-0.205625,0.033000,0.469831,-0.417104,0.092187,-3.141570,0.000042,-0.000051
12.964479,-2.166246,-0.486300,-14.123752,-0.075624,-0.205625,0.033000,0.469857,-0.417022,0.092187,-3.141571,0.000041,-0.000039
12.968479,-2.166247,-0.486291,-14.123751,-0.075625,-0.205625,0.033000,0.469883,-0.416942,0.092188,-3.141575,0.000034,-0.000032
12.972480,-2.166247,-0.486295,-14.123751,-0.075624,-0.205625,0.033000,0.469909,-0.416859,0.092186,-3.141573,0.000037,-0.000020
12.976501,-2.166248,-0.486286,-14.123751,-0.075625,-0.205625,0.033000,0.469936,-0.416777,0.092187,-3.141577,0.000030,-0.000008
12.980505,-2.136247,-0.506295,-14.253752,-0.071624,-0.208625,0.034000,0.469960,-0.416694,0.092182,-3.141573,0.000037,-0.000003
12.984506,-2.136247,-0.506292,-14.253751,-0.071625,-0.208625,0.034000,0.469985,-0.416610,0.092181,-3.141574,0.000035,0.000002
12.988505,-2.136248,-0.506285,-14.253751,-0.071625,-0.208625,0.034000,0.470012,-0.416531,0.092183,-3.141577,0.000029,0.000009
12.992505,-2.136248,-0.506283,-14.253751,-0.071625,-0.208625,0.034000,0.470040,-0.416447,0.092184,-3.141578,0.000028,0.000019
12.996505,-2.136248,-0.506280,-14.253751,-0.071625,-0.208625,0.034000,0.470065,-0.416363,0.092183,-3.141579,0.000026,0.000024
13.000538,-2.136249,-0.506274,-14.253751,-0.071625,-0.208625,0.034000,0.470092,-0.416281,0.092186,-3.141582,0.000021,0.000029
13.004539,-2.136249,-0.506272,-14.253751,-0.071625,-0.208625,0.034000,0.470116,-0.416201,0.092186,-3.141582,0.000019,0.000029
13.008504,-2.136248,-0.506279,-14.253751,-0.071625,-0.208625,0.034000,0.470144,-0.416116,0.092185,-3.141580,0.000024,0.000032
13.012507,-2.136248,-0.506277,-14.253751,-0.071625,-0.208625,0.034000,0.470168,-0.416036,0.092186,-3.141580,0.000023,0.000026
13.016539,-2.126249,-0.586276,-14.283751,-0.064625,-0.211625,0.034000,0.470196,-0.415951,0.092186,-3.141581,0.000022,0.000022
13.020542,-2.156248,-0.606280,-14.313751,-0.063625,-0.213625,0.035000,0.470219,-0.415870,0.092184,-3.141579,0.000026,0.000009
13.024540,-2.156248,-0.606279,-14.313751,-0.063625,-0.213625,0.035000,0.470245,-0.415787,0.092184,-3.141580,0.000024,0.000001
13.028537,-2.156248,-0.606277,-14.313751,-0.063625,-0.213625,0.035000,0.470271,-0.415705,0.092185,-3.141580,0.000023,-0.000001
13.032509,-2.156249,-0.606276,-14.313751,-0.063625,-0.213625,0.035000,0.470298,-0.415622,0.092185,-3.141581,0.000022,-0.000009
13.036507,-2.156249,-0.606274,-14.313751,-0.063625,-0.213625,0.035000,0.470324,-0.415540,0.092185,-3.141582,0.000021,-0.000004
13.040507,-2.156249,-0.606273,-14.313751,-0.063625,-0.213625,0.035000,0.470348,-0.415460,0.092185,-3.141582,0.000020,-0.000010
13.044570,-2.156247,-0.606287,-14.313752,-0.063625,-0.213625,0.035000,0.470366,-0.415373,0.092178,-3.141577,0.000031,-0.000046
13.048565,-2.156248,-0.606278,-14.313751,-0.063625,-0.213625,0.035000,0.470398,-0.415296,0.092185,-3.141580,0.000024,-0.000038
13.052569,-2.156248,-0.606284,-14.313752,-0.063625,-0.213625,0.035000,0.470417,-0.415210,0.092178,-3.141578,0.000028,-0.000027
13.056558,-2.156248,-0.606281,-14.383751,-0.067625,-0.211625,0.035000,0.470456,-0.415110,0.092184,-3.141579,0.000026,0.000014
13.060481,-2.156248,-0.606279,-14.383751,-0.067625,-0.211625,0.035000,0.470480,-0.415029,0.092184,-3.141580,0.000025,0.000015
13.064485,-2.156248,-0.606278,-14.383751,-0.067625,-0.211625,0.035000,0.470505,-0.414949,0.092184,-3.141580,0.000024,0.000009
13.068487,-2.156248,-0.606282,-14.383751,-0.067625,-0.211625,0.035000,0.470530,-0.414866,0.092182,-3.141579,0.000027,0.000021
13.072486,-2.156248,-0.606280,-14.383751,-0.067625,-0.211625,0.035000,0.470556,-0.414784,0.092182,-3.141579,0.000026,0.000026
13.076487,-2.156248,-0.606284,-14.383751,-0.067625,-0.211625,0.035000,0.470580,-0.414703,0.092180,-3.141578,0.000028,0.000026
13.080493,-2.156248,-0.606282,-14.383751,-0.067625,-0.211625,0.035000,0.470606,-0.414621,0.092180,-3.141578,0.000027,0.000031
13.084494,-2.156247,-0.606289,-14.383751,-0.067625,-0.211625,0.035000,0.470630,-0.414540,0.092179,-3.141576,0.000032,0.000032
13.088497,-2.156247,-0.606291,-14.383751,-0.067625,-0.211625,0.035000,0.470654,-0.414457,0.092176,-3.141575,0.000034,0.000037
13.092502,-2.156247,-0.606289,-14.383751,-0.067625,-0.211625,0.035000,0.470679,-0.414377,0.092176,-3.141576,0.000033,0.000031
13.096504,-2.146246,-0.596301,-14.363751,-0.068624,-0.210625,0.035000,0.470702,-0.414293,0.092174,-3.141571,0.000042,0.000022
13.100505,-2.136247,-0.526292,-14.243751,-0.070625,-0.207625,0.035000,0.470729,-0.414211,0.092175,-3.141574,0.000035,0.000027
13.104505,-2.136246,-0.526302,-14.243752,-0.070624,-0.207625,0.035000,0.470751,-0.414129,0.092170,-3.141570,0.000043,0.000021
13.108505,-2.136246,-0.526301,-14.243751,-0.070624,-0.207625,0.035000,0.470777,-0.414047,0.092170,-3.141571,0.000042,0.000020
13.112503,-2.136246,-0.526298,-14.243751,-0.070624,-0.207625,0.035000,0.470802,-0.413968,0.092170,-3.141572,0.000040,0.000013
13.116505,-2.136247,-0.526297,-14.243751,-0.070624,-0.207625,0.035000,0.470828,-0.413885,0.092170,-3.141573,0.000039,0.000012
13.120505,-2.136246,-0.526300,-14.243751,-0.070624,-0.207625,0.035000,0.470854,-0.413802,0.092167,-3.141571,0.000041,0.000010
13.124505,-2.136245,-0.526310,-14.243752,-0.070624,-0.207625,0.035000,0.470876,-0.413721,0.092163,-3.141567,0.000049,0.000011
13.128539,-2.136246,-0.526303,-14.243752,-0.070624,-0.207625,0.035000,0.470904,-0.413640,0.092165,-3.141570,0.000043,0.000016
13.132539,-2.136246,-0.526306,-14.243752,-0.070624,-0.207625,0.035000,0.470929,-0.413557,0.092163,-3.141569,0.000046,0.000014
13.136537,-2.136245,-0.546310,-14.313752,-0.076624,-0.203625,0.035000,0.470958,-0.413470,0.092160,-3.141567,0.000049,0.000028
13.140538,-2.136246,-0.546308,-14.313752,-0.076624,-0.203625,0.035000,0.470984,-0.413388,0.092160,-3.141568,0.000048,0.000020
13.144547,-2.136246,-0.546299,-14.313752,-0.076624,-0.203625,0.035000,0.471013,-0.413303,0.092161,-3.141572,0.000041,0.000016
13.148539,-2.136246,-0.546302,-14.313752,-0.076624,-0.203625,0.035000,0.471039,-0.413218,0.092157,-3.141571,0.000042,0.000005
13.152539,-2.136247,-0.546299,-14.313752,-0.076624,-0.203625,0.035000,0.471065,-0.413133,0.092157,-3.141572,0.000040,-0.000005
13.156542,-2.136247,-0.546296,-14.313752,-0.076624,-0.203625,0.035000,0.471091,-0.413048,0.092156,-3.141573,0.000038,-0.000009
13.160539,-2.136247,-0.546293,-14.313752,-0.076625,-0.203625,0.035000,0.471117,-0.412962,0.092155,-3.141574,0.000035,-0.000013
13.164539,-2.136247,-0.546290,-14.313752,-0.076625,-0.203625,0.035000,0.471144,-0.412877,0.092154,-3.141576,0.000033,-0.000024
13.168539,-2.136248,-0.546288,-14.313752,-0.076625,-0.203625,0.035000,0.471168,-0.412791,0.092154,-3.141576,0.000031,-0.000028
13.172537,-2.136248,-0.546285,-14.313752,-0.076625,-0.203625,0.035000,0.471194,-0.412706,0.092153,-3.141578,0.000029,-0.000038
13.176539,-2.136247,-0.546295,-14.423752,-0.075624,-0.206625,0.035000,0.471218,-0.412619,0.092149,-3.141573,0.000038,-0.000042
13.180544,-2.166247,-0.536293,-14.523752,-0.074625,-0.209625,0.035000,0.471246,-0.412532,0.092148,-3.141574,0.000035,-0.000042
13.184539,-2.166248,-0.536280,-14.523751,-0.074625,-0.209625,0.035000,0.471270,-0.412448,0.092147,-3.141579,0.000026,-0.000097
13.188537,-2.166246,-0.536309,-14.523752,-0.074624,-0.209625,0.035000,0.471286,-0.412355,0.092138,-3.141568,0.000048,-0.000097
13.192505,-2.166247,-0.536297,-14.523752,-0.074624,-0.209625,0.035000,0.471328,-0.412250,0.092143,-3.141573,0.000039,-0.000053
13.196505,-2.166246,-0.536303,-14.523752,-0.074624,-0.209625,0.035000,0.471352,-0.412163,0.092142,-3.141570,0.000043,-0.000050
13.200505,-2.166246,-0.536306,-14.523752,-0.074624,-0.209625,0.035000,0.471376,-0.412077,0.092139,-3.141569,0.000046,-0.000041
13.204505,-2.166246,-0.536305,-14.523752,-0.074624,-0.209625,0.035000,0.471402,-0.411992,0.092141,-3.141569,0.000045,-0.000038
13.208505,-2.166246,-0.536305,-14.523752,-0.074624,-0.209625,0.035000,0.471428,-0.411906,0.092142,-3.141569,0.000045,-0.000035
13.212505,-2.166246,-0.536304,-14.523752,-0.074624,-0.209625,0.035000,0.471454,-0.411821,0.092143,-3.141570,0.000044,-0.000032
13.216503,-2.166247,-0.536296,-14.523752,-0.074624,-0.209625,0.035000,0.471480,-0.411736,0.092145,-3.141573,0.000038,-0.000029
13.220505,-2.326247,-0.536301,-14.793752,-0.073624,-0.220625,0.036000,0.471505,-0.411650,0.092143,-3.141571,0.000042,-0.000033
13.224505,-2.326247,-0.536294,-14.793751,-0.073624,-0.220625,0.036000,0.471535,-0.411564,0.092146,-3.141574,0.000037,-0.000033
13.228507,-2.326248,-0.536288,-14.793751,-0.073625,-0.220625,0.036000,0.471562,-0.411479,0.092149,-3.141576,0.000032,-0.000037
13.232505,-2.326248,-0.536281,-14.793751,-0.073625,-0.220625,0.036000,0.471590,-0.411395,0.092152,-3.141579,0.000026,-0.000047
13.236505,-2.326249,-0.536278,-14.793751,-0.073625,-0.220625,0.036000,0.471616,-0.411310,0.092151,-3.141580,0.000024,-0.000058
13.240505,-2.326249,-0.536272,-14.793751,-0.073625,-0.220625,0.036000,0.471645,-0.411223,0.092154,-3.141583,0.000019,-0.000064
13.244505,-2.326249,-0.536272,-14.793751,-0.073625,-0.220625,0.036000,0.471645,-0.411223,0.092154,-3.141583,0.000019,-0.000064
13.248510,-2.326248,-0.536282,-14.793751,-0.073625,-0.220625,0.036000,0.471671,-0.411134,0.092151,-3.141579,0.000027,-0.000070
13.252505,-2.326249,-0.536274,-14.793751,-0.073625,-0.220625,0.036000,0.471724,-0.410962,0.092153,-3.141582,0.000021,-0.000080
13.256550,-2.336249,-0.516279,-15.043751,-0.071625,-0.226625,0.036000,0.471751,-0.410874,0.092152,-3.141580,0.000024,-0.000080
13.260537,-2.346248,-0.516284,-15.043751,-0.070625,-0.227625,0.036000,0.471775,-0.410788,0.092151,-3.141578,0.000029,-0.000077
13.264543,-2.346248,-0.516284,-15.043751,-0.070625,-0.227625,0.036000,0.471775,-0.410788,0.092151,-3.141578,0.000029,-0.000077
13.268540,-2.346247,-0.516293,-15.043751,-0.070625,-0.227625,0.036000,0.471826,-0.410611,0.092148,-3.141574,0.000036,-0.000069
13.272543,-2.346246,-0.516304,-15.043752,-0.070624,-0.227625,0.036000,0.471851,-0.410522,0.092144,-3.141570,0.000044,-0.000055
13.276536,-2.346247,-0.516301,-15.043752,-0.070624,-0.227625,0.036000,0.471877,-0.410437,0.092143,-3.141571,0.000042,-0.000038
13.280537,-2.346246,-0.516307,-15.043752,-0.070624,-0.227625,0.036000,0.471903,-0.410348,0.092143,-3.141569,0.000046,-0.000031
13.284539,-2.346246,-0.516311,-15.043752,-0.070624,-0.227625,0.036000,0.471928,-0.410263,0.092141,-3.141567,0.000050,-0.000028
13.288539,-2.346246,-0.516311,-15.043752,-0.070624,-0.227625,0.036000,0.471955,-0.410175,0.092142,-3.141567,0.000050,-0.000021
13.292540,-2.346245,-0.516315,-15.043752,-0.070624,-0.227625,0.036000,0.471982,-0.410088,0.092140,-3.141565,0.000053,-0.000007
13.296539,-2.346245,-0.526315,-15.033752,-0.069624,-0.227625,0.036000,0.472009,-0.410000,0.092142,-3.141565,0.000053,0.000001
13.300539,-2.326246,-0.576313,-14.763752,-0.067624,-0.221625,0.035000,0.472038,-0.409913,0.092142,-3.141566,0.000052,0.000001
13.304547,-2.326246,-0.576313,-14.763752,-0.067624,-0.221625,0.035000,0.472064,-0.409828,0.092143,-3.141566,0.000051,-0.000009
13.308539,-2.326246,-0.576306,-14.763752,-0.067624,-0.221625,0.035000,0.472093,-0.409741,0.092146,-3.141569,0.000046,-0.000016
13.312541,-2.326246,-0.576311,-14.763752,-0.067624,-0.221625,0.035000,0.472120,-0.409654,0.092144,-3.141567,0.000050,-0.000022
13.316544,-2.326246,-0.576305,-14.763752,-0.067624,-0.221625,0.035000,0.472149,-0.409567,0.092147,-3.141570,0.000045,-0.000028
13.320505,-2.326248,-0.576290,-14.763752,-0.067625,-0.221625,0.035000,0.472184,-0.409462,0.092151,-3.141575,0.000034,-0.000043
13.324518,-2.326248,-0.576290,-14.763752,-0.067625,-0.221625,0.035000,0.472184,-0.409462,0.092151,-3.141575,0.000034,-0.000043
13.328508,-2.326248,-0.576287,-14.763751,-0.067625,-0.221625,0.035000,0.472236,-0.409289,0.092151,-3.141577,0.000031,-0.000059
13.332507,-2.326248,-0.576287,-14.763751,-0.067625,-0.221625,0.035000,0.472236,-0.409289,0.092151,-3.141577,0.000031,-0.000059
13.336506,-2.336248,-0.496289,-14.853752,-0.077625,-0.215625,0.035000,0.472290,-0.409114,0.092149,-3.141576,0.000032,-0.000072
13.340507,-2.336248,-0.496289,-14.853752,-0.077625,-0.215625,0.035000,0.472290,-0.409114,0.092149,-3.141576,0.000032,-0.000072
13.344507,-2.336248,-0.496292,-14.853752,-0.077625,-0.215625,0.035000,0.472316,-0.409026,0.092146,-3.141575,0.000035,-0.000071
13.348505,-2.336247,-0.496295,-14.853752,-0.077624,-0.215625,0.035000,0.472341,-0.408937,0.092143,-3.141574,0.000037,-0.000064
13.352505,-2.336247,-0.496301,-14.853752,-0.077624,-0.215625,0.035000,0.472390,-0.408763,0.092138,-3.141571,0.000042,-0.000040
13.356505,-2.336247,-0.496304,-14.853752,-0.077624,-0.215625,0.035000,0.472416,-0.408674,0.092135,-3.141570,0.000045,-0.000026
13.360511,-2.336247,-0.496294,-14.853752,-0.077625,-0.215625,0.035000,0.472443,-0.408587,0.092135,-3.141574,0.000036,-0.000005
13.364510,-2.336247,-0.496294,-14.853752,-0.077625,-0.215625,0.035000,0.472443,-0.408587,0.092135,-3.141574,0.000036,-0.000005
13.368513,-2.336247,-0.496299,-14.853752,-0.077624,-0.215625,0.035000,0.472498,-0.408409,0.092128,-3.141572,0.000040,0.000021
13.372511,-2.336247,-0.496299,-14.853752,-0.077624,-0.215625,0.035000,0.472498,-0.408409,0.092128,-3.141572,0.000040,0.000021
13.376504,-2.296249,-0.516279,-14.663751,-0.076625,-0.210625,0.034000,0.472553,-0.408238,0.092129,-3.141580,0.000025,0.000031
13.380507,-2.296249,-0.516276,-14.663751,-0.076625,-0.210625,0.034000,0.472580,-0.408151,0.092128,-3.141581,0.000023,0.000031
13.384541,-2.296249,-0.516280,-14.663751,-0.076625,-0.210625,0.034000,0.472608,-0.408064,0.092125,-3.141580,0.000026,0.000025
13.388537,-2.296249,-0.516271,-14.663751,-0.076625,-0.210625,0.034000,0.472637,-0.407977,0.092126,-3.141583,0.000018,0.000026
13.392539,-2.296250,-0.516262,-14.663750,-0.076625,-0.210625,0.034000,0.472666,-0.407891,0.092127,-3.141587,0.000011,0.000020
13.396540,-2.296250,-0.516260,-14.663750,-0.076625,-0.210625,0.034000,0.472693,-0.407806,0.092127,-3.141588,0.000010,0.000003
13.400537,-2.296251,-0.516251,-14.663750,-0.076625,-0.210625,0.034000,0.472722,-0.407720,0.092128,-3.141591,0.000003,-0.000010
13.404550,-2.296251,-0.516256,-14.663750,-0.076625,-0.210625,0.034000,0.472748,-0.407632,0.092127,-3.141589,0.000007,-0.000030
13.408544,-2.296251,-0.516256,-14.663750,-0.076625,-0.210625,0.034000,0.472748,-0.407632,0.092127,-3.141589,0.000007,-0.000030
13.412539,-2.296251,-0.516255,-14.663750,-0.076625,-0.210625,0.034000,0.472777,-0.407546,0.092127,-3.141590,0.000005,-0.000036
13.416552,-2.296251,-0.476250,-15.043750,-0.079625,-0.218625,0.034000,0.472832,-0.407372,0.092126,-3.141592,0.000002,-0.000062
13.420540,-2.296251,-0.476250,-15.043750,-0.079625,-0.218625,0.034000,0.472832,-0.407372,0.092126,-3.141592,0.000002,-0.000062
13.424504,-2.296250,-0.476261,-15.043750,-0.079625,-0.218625,0.034000,0.472857,-0.407283,0.092123,-3.141587,0.000010,-0.000068
13.428534,-2.296250,-0.476260,-15.043750,-0.079625,-0.218625,0.034000,0.472883,-0.407195,0.092124,-3.141588,0.000010,-0.000061
13.432570,-2.296250,-0.476269,-15.043751,-0.079625,-0.218625,0.034000,0.472906,-0.407109,0.092118,-3.141584,0.000017,-0.000058
13.436573,-2.296248,-0.476284,-15.043751,-0.079625,-0.218625,0.034000,0.472954,-0.406937,0.092113,-3.141578,0.000029,-0.000025
13.440569,-2.296248,-0.476284,-15.043751,-0.079625,-0.218625,0.034000,0.472954,-0.406937,0.092113,-3.141578,0.000029,-0.000025
13.444560,-2.296247,-0.476296,-15.043752,-0.079624,-0.218625,0.034000,0.472976,-0.406853,0.092111,-3.141573,0.000038,-0.000013
13.448484,-2.296247,-0.476295,-15.043751,-0.079624,-0.218625,0.034000,0.473002,-0.406769,0.092111,-3.141574,0.000037,0.000003
13.452484,-2.296246,-0.476307,-15.043752,-0.079624,-0.218625,0.034000,0.473024,-0.406685,0.092109,-3.141569,0.000047,0.000015
13.456482,-2.296246,-0.476313,-15.043752,-0.079624,-0.218625,0.034000,0.473048,-0.406602,0.092109,-3.141566,0.000052,0.000027
13.460483,-2.346245,-0.516320,-15.293752,-0.073624,-0.225625,0.035000,0.473072,-0.406520,0.092108,-3.141564,0.000057,0.000032
13.464487,-2.346246,-0.516312,-15.293752,-0.073624,-0.225625,0.035000,0.473101,-0.406436,0.092110,-3.141567,0.000051,-0.000006
13.468487,-2.346246,-0.516312,-15.293752,-0.073624,-0.225625,0.035000,0.473126,-0.406354,0.092112,-3.141567,0.000051,-0.000008
13.472487,-2.346246,-0.516312,-15.293752,-0.073624,-0.225625,0.035000,0.473145,-0.406269,0.092114,-3.141567,0.000051,-0.000016
13.476490,-2.346247,-0.516306,-15.293752,-0.073624,-0.225625,0.035000,0.473189,-0.406169,0.092117,-3.141569,0.000046,0.000009
13.480496,-2.346248,-0.516293,-15.293751,-0.073625,-0.225625,0.035000,0.473216,-0.406087,0.092122,-3.141574,0.000036,-0.000006
13.484510,-2.346248,-0.516293,-15.293751,-0.073625,-0.225625,0.035000,0.473241,-0.406006,0.092123,-3.141574,0.000036,-0.000021
13.488508,-2.346249,-0.516280,-15.293751,-0.073625,-0.225625,0.035000,0.473270,-0.405925,0.092127,-3.141580,0.000025,-0.000036
13.492508,-2.346249,-0.516280,-15.293751,-0.073625,-0.225625,0.035000,0.473296,-0.405843,0.092128,-3.141580,0.000025,-0.000051
13.496508,-2.346249,-0.516283,-15.293751,-0.073625,-0.225625,0.035000,0.473322,-0.405759,0.092126,-3.141578,0.000028,-0.000068
13.500505,-2.416249,-0.326283,-15.593751,-0.085625,-0.231625,0.035000,0.473347,-0.405677,0.092127,-3.141578,0.000028,-0.000077
13.504509,-2.416249,-0.326282,-15.593751,-0.085625,-0.231625,0.035000,0.473372,-0.405595,0.092128,-3.141579,0.000027,-0.000085
13.508508,-2.416249,-0.326280,-15.593751,-0.085625,-0.231625,0.035000,0.473396,-0.405512,0.092128,-3.141580,0.000026,-0.000087
13.512541,-2.416249,-0.326274,-15.593751,-0.085625,-0.231625,0.035000,0.473423,-0.405428,0.092131,-3.141582,0.000021,-0.000077
13.516539,-2.416249,-0.326278,-15.593751,-0.085625,-0.231625,0.035000,0.473447,-0.405345,0.092128,-3.141581,0.000024,-0.000072
13.520539,-2.416249,-0.326277,-15.593751,-0.085625,-0.231625,0.035000,0.473471,-0.405260,0.092129,-3.141581,0.000023,-0.000056
13.524539,-2.416250,-0.326268,-15.593751,-0.085625,-0.231625,0.035000,0.473496,-0.405178,0.092130,-3.141585,0.000016,-0.000051
13.528505,-2.416249,-0.326273,-15.593751,-0.085625,-0.231625,0.035000,0.473520,-0.405092,0.092129,-3.141583,0.000020,-0.000035
13.532537,-2.416250,-0.326270,-15.593751,-0.085625,-0.231625,0.035000,0.473548,-0.404990,0.092128,-3.141584,0.000017,-0.000025
13.536541,-2.336249,-0.486273,-15.513751,-0.079625,-0.226625,0.035000,0.473565,-0.404929,0.092125,-3.141582,0.000020,-0.000022
13.540539,-2.336250,-0.486266,-15.513751,-0.079625,-0.226625,0.035000,0.473593,-0.404845,0.092127,-3.141585,0.000014,-0.000006
13.544542,-2.336252,-0.486240,-15.513750,-0.079625,-0.226625,0.035000,0.473621,-0.404764,0.092129,3.141590,-0.000006,-0.000035
13.548538,-2.336252,-0.486236,-15.513750,-0.079625,-0.226625,0.035000,0.473645,-0.404682,0.092127,3.141588,-0.000009,-0.000036
13.552539,-2.336251,-0.486249,-15.513750,-0.079625,-0.226625,0.035000,0.473675,-0.404581,0.092125,-3.141592,0.000001,0.000000
13.556539,-2.336251,-0.486249,-15.513750,-0.079625,-0.226625,0.035000,0.473675,-0.404581,0.092125,-3.141592,0.000001,0.000000
13.560538,-2.336252,-0.486242,-15.513750,-0.079625,-0.226625,0.035000,0.473727,-0.404418,0.092122,3.141590,-0.000005,-0.000010
13.564545,-2.336252,-0.486239,-15.513750,-0.079625,-0.226625,0.035000,0.473753,-0.404336,0.092121,3.141589,-0.000007,-0.000018
13.568539,-2.336252,-0.486238,-15.513750,-0.079625,-0.226625,0.035000,0.473778,-0.404258,0.092122,3.141589,-0.000007,-0.000038
13.572539,-2.336252,-0.486242,-15.513750,-0.079625,-0.226625,0.035000,0.473802,-0.404175,0.092119,3.141590,-0.000004,-0.000046
13.576507,-2.336253,-0.486233,-15.513750,-0.079625,-0.226625,0.035000,0.473830,-0.404095,0.092120,3.141587,-0.000011,-0.000061
13.580505,-2.306253,-0.406231,-15.343749,-0.087625,-0.219625,0.034000,0.473856,-0.404013,0.092120,3.141586,-0.000013,-0.000076
13.584517,-2.306253,-0.406229,-15.343749,-0.087625,-0.219625,0.034000,0.473882,-0.403931,0.092119,3.141585,-0.000015,-0.000085
13.588506,-2.306253,-0.406231,-15.343749,-0.087625,-0.219625,0.034000,0.473907,-0.403850,0.092116,3.141586,-0.000013,-0.000086
13.592511,-2.306253,-0.406229,-15.343749,-0.087625,-0.219625,0.034000,0.473933,-0.403768,0.092115,3.141585,-0.000015,-0.000088
13.596504,-2.306253,-0.406226,-15.343749,-0.087625,-0.219625,0.034000,0.473958,-0.403687,0.092114,3.141584,-0.000017,-0.000083
13.600516,-2.306252,-0.406235,-15.343750,-0.087625,-0.219625,0.034000,0.473980,-0.403606,0.092109,3.141588,-0.000010,-0.000076
13.604515,-2.306252,-0.406240,-15.343750,-0.087625,-0.219625,0.034000,0.474005,-0.403524,0.092108,3.141590,-0.000006,-0.000064
13.608505,-2.306252,-0.406244,-15.343750,-0.087625,-0.219625,0.034000,0.474029,-0.403442,0.092105,3.141591,-0.000003,-0.000045
13.612514,-2.306251,-0.406253,-15.343750,-0.087625,-0.219625,0.034000,0.474052,-0.403359,0.092100,-3.141591,0.000004,-0.000034
13.616516,-2.276252,-0.536245,-15.593750,-0.084625,-0.221625,0.034000,0.474078,-0.403277,0.092102,3.141592,-0.000002,-0.000029
13.620516,-2.276250,-0.536261,-15.593750,-0.084625,-0.221625,0.034000,0.474101,-0.403194,0.092096,-3.141587,0.000011,-0.000017
13.624505,-2.276249,-0.536273,-15.593751,-0.084625,-0.221625,0.034000,0.474124,-0.403112,0.092093,-3.141583,0.000020,-0.000005
13.628518,-2.276250,-0.536271,-15.593751,-0.084625,-0.221625,0.034000,0.474148,-0.403029,0.092093,-3.141583,0.000019,0.000000
13.632518,-2.276249,-0.536282,-15.593751,-0.084625,-0.221625,0.034000,0.474171,-0.402946,0.092090,-3.141579,0.000027,-0.000002
13.636482,-2.276249,-0.536282,-15.593751,-0.084625,-0.221625,0.034000,0.474198,-0.402862,0.092092,-3.141579,0.000028,0.000008
13.640533,-2.276249,-0.536275,-15.593751,-0.084625,-0.221625,0.034000,0.474226,-0.402779,0.092094,-3.141582,0.000022,0.000011
13.644539,-2.276249,-0.536280,-15.593751,-0.084625,-0.221625,0.034000,0.474251,-0.402691,0.092092,-3.141580,0.000025,0.000005
13.648539,-2.276249,-0.536278,-15.593751,-0.084625,-0.221625,0.034000,0.474277,-0.402607,0.092092,-3.141581,0.000024,-0.000006
13.652547,-2.276249,-0.536284,-15.593751,-0.084625,-0.221625,0.034000,0.474304,-0.402520,0.092092,-3.141578,0.000029,-0.000012
13.656540,-2.276249,-0.536277,-15.593751,-0.084625,-0.221625,0.034000,0.474333,-0.402434,0.092094,-3.141581,0.000023,-0.000025
13.660539,-2.426249,-0.536283,-15.883751,-0.085625,-0.229625,0.035000,0.474358,-0.402349,0.092094,-3.141579,0.000028,-0.000036
13.664539,-2.426249,-0.536284,-15.883751,-0.085625,-0.229625,0.035000,0.474385,-0.402262,0.092096,-3.141578,0.000029,-0.000048
13.668538,-2.426249,-0.536282,-15.883751,-0.085625,-0.229625,0.035000,0.474411,-0.402178,0.092096,-3.141579,0.000028,-0.000059
13.672539,-2.426250,-0.536266,-15.883751,-0.085625,-0.229625,0.035000,0.474440,-0.402092,0.092098,-3.141586,0.000014,-0.000099
13.676539,-2.426250,-0.536267,-15.883751,-0.085625,-0.229625,0.035000,0.474465,-0.402007,0.092100,-3.141585,0.000015,-0.000096
13.680538,-2.426248,-0.536294,-15.883752,-0.085624,-0.229625,0.035000,0.474495,-0.401898,0.092097,-3.141574,0.000037,-0.000046
13.684539,-2.426248,-0.536295,-15.883752,-0.085624,-0.229625,0.035000,0.474520,-0.401813,0.092099,-3.141574,0.000038,-0.000043
13.688540,-2.426248,-0.536294,-15.883752,-0.085625,-0.229625,0.035000,0.474548,-0.401726,0.092099,-3.141575,0.000037,-0.000029
13.692514,-2.426247,-0.536301,-15.883752,-0.085624,-0.229625,0.035000,0.474571,-0.401640,0.092100,-3.141572,0.000042,-0.000019
13.696544,-2.426247,-0.536308,-15.883752,-0.085624,-0.229625,0.035000,0.474596,-0.401553,0.092100,-3.141569,0.000048,-0.000005
13.700539,-2.456247,-0.536308,-16.193753,-0.082624,-0.237625,0.036000,0.474620,-0.401467,0.092102,-3.141569,0.000048,-0.000002
13.704518,-2.456247,-0.536301,-16.193752,-0.082624,-0.237625,0.036000,0.474647,-0.401381,0.092105,-3.141572,0.000042,0.000005
13.708515,-2.456247,-0.536314,-16.193753,-0.082624,-0.237625,0.036000,0.474668,-0.401297,0.092102,-3.141567,0.000052,0.000003
13.712507,-2.456247,-0.536307,-16.193752,-0.082624,-0.237625,0.036000,0.474696,-0.401211,0.092105,-3.141569,0.000047,0.000011
13.716513,-2.456248,-0.536300,-16.193752,-0.082624,-0.237625,0.036000,0.474723,-0.401124,0.092108,-3.141572,0.000042,0.000018
13.720505,-2.456248,-0.536299,-16.193752,-0.082624,-0.237625,0.036000,0.474749,-0.401039,0.092108,-3.141573,0.000041,0.000021
13.724511,-2.456248,-0.536292,-16.193752,-0.082625,-0.237625,0.036000,0.474776,-0.400953,0.092111,-3.141575,0.000035,0.000021
13.728513,-2.456249,-0.536286,-16.193752,-0.082625,-0.237625,0.036000,0.474802,-0.400869,0.092114,-3.141578,0.000030,0.000017
13.732505,-2.456249,-0.536286,-16.193752,-0.082625,-0.237625,0.036000,0.474802,-0.400869,0.092114,-3.141578,0.000030,0.000017
13.736513,-2.536249,-0.516278,-16.063751,-0.081625,-0.239625,0.036000,0.474856,-0.400695,0.092118,-3.141581,0.000024,0.000005
13.740504,-2.536249,-0.516276,-16.063751,-0.081625,-0.239625,0.036000,0.474883,-0.400609,0.092118,-3.141581,0.000023,-0.000001
13.744510,-2.536249,-0.516275,-16.063751,-0.081625,-0.239625,0.036000,0.474910,-0.400522,0.092118,-3.141582,0.000022,-0.000014
13.748514,-2.536250,-0.516267,-16.063751,-0.081625,-0.239625,0.036000,0.474939,-0.400436,0.092120,-3.141585,0.000016,-0.000020
13.752512,-2.536251,-0.516258,-16.063751,-0.081625,-0.239625,0.036000,0.474967,-0.400350,0.092121,-3.141589,0.000008,-0.000026
13.756512,-2.536250,-0.516262,-16.063751,-0.081625,-0.239625,0.036000,0.474994,-0.400263,0.092119,-3.141587,0.000011,-0.000025
13.760512,-2.536251,-0.516247,-16.063750,-0.081625,-0.239625,0.036000,0.475023,-0.400178,0.092121,3.141592,-0.000001,-0.000025
13.764511,-2.536252,-0.516245,-16.063750,-0.081625,-0.239625,0.036000,0.475050,-0.400091,0.092122,3.141592,-0.000002,-0.000031
13.768539,-2.536252,-0.516245,-16.063750,-0.081625,-0.239625,0.036000,0.475050,-0.400091,0.092122,3.141592,-0.000002,-0.000031
13.772514,-2.536253,-0.516228,-16.063750,-0.081625,-0.239625,0.036000,0.475108,-0.399920,0.092124,3.141585,-0.000016,-0.000023
13.776540,-2.536253,-0.516226,-16.063749,-0.081625,-0.239625,0.036000,0.475135,-0.399833,0.092124,3.141584,-0.000017,-0.000022
13.780540,-2.396253,-0.486225,-15.743749,-0.085625,-0.227625,0.035000,0.475162,-0.399746,0.092124,3.141584,-0.000018,-0.000015
13.784539,-2.396253,-0.486222,-15.743749,-0.085625,-0.227625,0.035000,0.475193,-0.399658,0.092123,3.141583,-0.000020,-0.000010
13.788540,-2.396253,-0.486221,-15.743749,-0.085625,-0.227625,0.035000,0.475219,-0.399572,0.092124,3.141582,-0.000021,-0.000009
13.792539,-2.396245,-0.486221,-15.743748,-0.085625,-0.227625,0.035000,0.475240,-0.399481,0.092119,3.141588,-0.000024,-0.000042
13.796539,-2.396244,-0.486232,-15.743749,-0.085625,-0.227625,0.035000,0.475266,-0.399394,0.092115,3.141593,-0.000015,-0.000048
13.800539,-2.396244,-0.486232,-15.743749,-0.085625,-0.227625,0.035000,0.475266,-0.399394,0.092115,3.141593,-0.000015,-0.000048
13.804539,-2.396245,-0.486219,-15.743748,-0.085625,-0.227625,0.035000,0.475335,-0.399204,0.092121,3.141588,-0.000026,-0.000018
13.808539,-2.396245,-0.486216,-15.743748,-0.085625,-0.227625,0.035000,0.475364,-0.399118,0.092121,3.141587,-0.000028,-0.000024
13.812539,-2.396245,-0.486215,-15.743748,-0.085625,-0.227625,0.035000,0.475390,-0.399031,0.092121,3.141586,-0.000029,-0.000030
13.816542,-2.396245,-0.486215,-15.743748,-0.085625,-0.227625,0.035000,0.475390,-0.399031,0.092121,3.141586,-0.000029,-0.000030
13.820540,-2.326245,-0.656222,-15.413749,-0.079625,-0.219625,0.036000,0.475445,-0.398856,0.092116,3.141589,-0.000023,-0.000045
13.824541,-2.326244,-0.656233,-15.413749,-0.079625,-0.219625,0.036000,0.475471,-0.398769,0.092113,-3.141592,-0.000014,-0.000044
13.828539,-2.326243,-0.656237,-15.413749,-0.079625,-0.219625,0.036000,0.475497,-0.398682,0.092110,-3.141591,-0.000011,-0.000043
13.832515,-2.326243,-0.656237,-15.413749,-0.079625,-0.219625,0.036000,0.475497,-0.398682,0.092110,-3.141591,-0.000011,-0.000043
13.836518,-2.326244,-0.656236,-15.413749,-0.079625,-0.219625,0.036000,0.475524,-0.398595,0.092111,-3.141591,-0.000012,-0.000043
13.840514,-2.326243,-0.656241,-15.413749,-0.079625,-0.219625,0.036000,0.475552,-0.398509,0.092109,-3.141589,-0.000008,-0.000042
13.844482,-2.326243,-0.656239,-15.413749,-0.079625,-0.219625,0.036000,0.475579,-0.398422,0.092110,-3.141590,-0.000009,-0.000048
13.848511,-2.326243,-0.656246,-15.413749,-0.079625,-0.219625,0.036000,0.475606,-0.398333,0.092109,-3.141587,-0.000005,-0.000043
13.852511,-2.326242,-0.656257,-15.413750,-0.079625,-0.219625,0.036000,0.475632,-0.398246,0.092106,-3.141583,0.000004,-0.000049
13.856512,-2.326242,-0.656257,-15.413750,-0.079625,-0.219625,0.036000,0.475660,-0.398160,0.092108,-3.141583,0.000004,-0.000055
13.860511,-2.326242,-0.656255,-15.413750,-0.079625,-0.219625,0.036000,0.475689,-0.398071,0.092108,-3.141584,0.000003,-0.000057
13.864505,-2.306242,-0.576262,-15.403751,-0.083625,-0.217625,0.035000,0.475715,-0.397984,0.092107,-3.141581,0.000008,-0.000063
13.868512,-2.306241,-0.576268,-15.403751,-0.083625,-0.217625,0.035000,0.475741,-0.397897,0.092107,-3.141579,0.000013,-0.000069
13.872512,-2.306241,-0.576266,-15.403751,-0.083625,-0.217625,0.035000,0.475767,-0.397811,0.092107,-3.141579,0.000012,-0.000075
13.876512,-2.306241,-0.576266,-15.403751,-0.083625,-0.217625,0.035000,0.475795,-0.397725,0.092109,-3.141579,0.000012,-0.000081
13.880513,-2.306241,-0.576266,-15.403751,-0.083625,-0.217625,0.035000,0.475795,-0.397725,0.092109,-3.141579,0.000012,-0.000081
13.884512,-2.306240,-0.576285,-15.403752,-0.083625,-0.217625,0.035000,0.475847,-0.397548,0.092106,-3.141572,0.000027,-0.000082
13.888513,-2.306240,-0.576285,-15.403752,-0.083625,-0.217625,0.035000,0.475875,-0.397462,0.092107,-3.141572,0.000027,-0.000089
13.892513,-2.306240,-0.576291,-15.403752,-0.083625,-0.217625,0.035000,0.475902,-0.397372,0.092107,-3.141570,0.000032,-0.000090
13.896539,-2.306239,-0.576298,-15.403752,-0.083624,-0.217625,0.035000,0.475926,-0.397285,0.092108,-3.141567,0.000037,-0.000096
13.900539,-2.386239,-0.556303,-15.753752,-0.081624,-0.227625,0.036000,0.475951,-0.397197,0.092106,-3.141565,0.000041,-0.000096
13.904539,-2.386239,-0.556310,-15.753752,-0.081624,-0.227625,0.036000,0.475983,-0.397086,0.092107,-3.141563,0.000047,-0.000088
13.908538,-2.386238,-0.556316,-15.753752,-0.081624,-0.227625,0.036000,0.476009,-0.396999,0.092106,-3.141560,0.000052,-0.000088
13.912539,-2.386239,-0.556310,-15.753752,-0.081624,-0.227625,0.036000,0.476036,-0.396913,0.092109,-3.141563,0.000046,-0.000080
13.916539,-2.386238,-0.556322,-15.753752,-0.081624,-0.227625,0.036000,0.476061,-0.396823,0.092107,-3.141558,0.000056,-0.000068
13.920543,-2.386238,-0.556315,-15.753752,-0.081624,-0.227625,0.036000,0.476088,-0.396736,0.092110,-3.141560,0.000051,-0.000061
13.924540,-2.386238,-0.556320,-15.753752,-0.081624,-0.227625,0.036000,0.476112,-0.396648,0.092109,-3.141559,0.000055,-0.000060
13.928539,-2.386238,-0.556320,-15.753752,-0.081624,-0.227625,0.036000,0.476139,-0.396559,0.092110,-3.141559,0.000054,-0.000055
13.932539,-2.386238,-0.556326,-15.753752,-0.081624,-0.227625,0.036000,0.476164,-0.396472,0.092109,-3.141557,0.000059,-0.000061
13.936537,-2.386238,-0.556324,-15.753752,-0.081624,-0.227625,0.036000,0.476189,-0.396387,0.092110,-3.141557,0.000058,-0.000065
13.940539,-2.476238,-0.486323,-15.723753,-0.083624,-0.233625,0.036000,0.476213,-0.396303,0.092110,-3.141558,0.000057,-0.000069
13.944539,-2.476239,-0.486304,-15.723752,-0.083624,-0.233625,0.036000,0.476240,-0.396222,0.092116,-3.141565,0.000042,-0.000078
13.948537,-2.476239,-0.486298,-15.723752,-0.083624,-0.233625,0.036000,0.476266,-0.396142,0.092120,-3.141567,0.000037,-0.000086
13.952504,-2.476240,-0.486284,-15.723751,-0.083625,-0.233625,0.036000,0.476291,-0.396063,0.092124,-3.141573,0.000026,-0.000092
13.956537,-2.476241,-0.486278,-15.723751,-0.083625,-0.233625,0.036000,0.476317,-0.395983,0.092127,-3.141575,0.000021,-0.000094
13.960509,-2.476242,-0.486265,-15.723751,-0.083625,-0.233625,0.036000,0.476344,-0.395902,0.092131,-3.141580,0.000010,-0.000096
13.964508,-2.476242,-0.486251,-15.723750,-0.083625,-0.233625,0.036000,0.476370,-0.395822,0.092135,-3.141585,-0.000000,-0.000090
13.968539,-2.476243,-0.486242,-15.723750,-0.083625,-0.233625,0.036000,0.476398,-0.395739,0.092136,-3.141589,-0.000007,-0.000088
13.972540,-2.476243,-0.486236,-15.723749,-0.083625,-0.233625,0.036000,0.476424,-0.395658,0.092139,-3.141591,-0.000012,-0.000083
13.976543,-2.476243,-0.486241,-15.723750,-0.083625,-0.233625,0.036000,0.476449,-0.395574,0.092138,-3.141589,-0.000008,-0.000073
13.980539,-2.486243,-0.446234,-15.483750,-0.080625,-0.231625,0.036000,0.476472,-0.395495,0.092140,-3.141592,-0.000014,-0.000072
13.984537,-2.486244,-0.446225,-15.483749,-0.080625,-0.231625,0.036000,0.476498,-0.395414,0.092141,3.141590,-0.000021,-0.000061
13.988543,-2.486244,-0.446223,-15.483749,-0.080625,-0.231625,0.036000,0.476524,-0.395331,0.092140,3.141589,-0.000023,-0.000044
13.992538,-2.486244,-0.446228,-15.483749,-0.080625,-0.231625,0.036000,0.476550,-0.395247,0.092139,3.141591,-0.000019,-0.000028
13.996539,-2.486244,-0.446225,-15.483749,-0.080625,-0.231625,0.036000,0.476572,-0.395167,0.092138,3.141590,-0.000021,-0.000021
14.000539,-2.486244,-0.446223,-15.483749,-0.080625,-0.231625,0.036000,0.476596,-0.395086,0.092138,3.141589,-0.000023,-0.000016
14.004539,-2.486244,-0.446228,-15.483749,-0.080625,-0.231625,0.036000,0.476622,-0.395002,0.092136,3.141591,-0.000018,-0.000006
14.008539,-2.486244,-0.446232,-15.483750,-0.080625,-0.231625,0.036000,0.476646,-0.394917,0.092134,3.141593,-0.000016,0.000003
14.012539,-2.486244,-0.446229,-15.483749,-0.080625,-0.231625,0.036000,0.476670,-0.394835,0.092133,3.141592,-0.000018,0.000002
14.016539,-2.486243,-0.446234,-15.483750,-0.080625,-0.231625,0.036000,0.476693,-0.394754,0.092132,-3.141592,-0.000013,0.000000
14.020539,-2.276243,-0.526240,-14.713749,-0.074625,-0.214625,0.036000,0.476718,-0.394670,0.092131,-3.141590,-0.000009,-0.000004
14.024538,-2.276243,-0.526239,-14.713749,-0.074625,-0.214625,0.036000,0.476746,-0.394587,0.092131,-3.141590,-0.000010,-0.000008
14.028539,-2.276243,-0.526244,-14.713750,-0.074625,-0.214625,0.036000,0.476767,-0.394507,0.092130,-3.141588,-0.000006,-0.000054
14.032542,-2.276243,-0.526248,-14.713750,-0.074625,-0.214625,0.036000,0.476794,-0.394424,0.092128,-3.141586,-0.000003,-0.000065
14.036536,-2.276243,-0.526239,-14.713749,-0.074625,-0.214625,0.036000,0.476820,-0.394343,0.092129,-3.141590,-0.000010,-0.000073
14.040539,-2.276243,-0.526237,-14.713749,-0.074625,-0.214625,0.036000,0.476839,-0.394259,0.092129,-3.141591,-0.000011,-0.000082
14.044540,-2.276243,-0.526236,-14.713749,-0.074625,-0.214625,0.036000,0.476881,-0.394159,0.092129,-3.141591,-0.000012,-0.000050
14.048539,-2.276243,-0.526241,-14.713749,-0.074625,-0.214625,0.036000,0.476904,-0.394080,0.092127,-3.141589,-0.000009,-0.000062
14.052539,-2.276242,-0.526252,-14.713750,-0.074625,-0.214625,0.036000,0.476929,-0.393999,0.092124,-3.141585,0.000001,-0.000071
14.056505,-2.276242,-0.526251,-14.713750,-0.074625,-0.214625,0.036000,0.476956,-0.393916,0.092125,-3.141585,0.000000,-0.000068
14.060533,-2.126243,-0.536250,-14.353750,-0.073625,-0.203625,0.034000,0.476981,-0.393835,0.092125,-3.141586,-0.000001,-0.000063
14.064536,-2.126243,-0.536250,-14.353750,-0.073625,-0.203625,0.034000,0.476981,-0.393835,0.092125,-3.141586,-0.000001,-0.000063
14.068538,-2.126242,-0.536255,-14.353750,-0.073625,-0.203625,0.034000,0.477033,-0.393668,0.092125,-3.141584,0.000003,-0.000030
14.072541,-2.126242,-0.536266,-14.353751,-0.073625,-0.203625,0.034000,0.477058,-0.393587,0.092122,-3.141579,0.000012,-0.000019
14.076539,-2.126241,-0.536272,-14.353751,-0.073625,-0.203625,0.034000,0.477081,-0.393505,0.092120,-3.141577,0.000016,-0.000007
14.080539,-2.126241,-0.536277,-14.353751,-0.073625,-0.203625,0.034000,0.477104,-0.393423,0.092119,-3.141576,0.000020,0.000005
14.084539,-2.126240,-0.536290,-14.353752,-0.073625,-0.203625,0.034000,0.477129,-0.393339,0.092117,-3.141571,0.000030,0.000021
14.088538,-2.126240,-0.536295,-14.353752,-0.073624,-0.203625,0.034000,0.477152,-0.393257,0.092116,-3.141569,0.000034,0.000033
14.092539,-2.126239,-0.536313,-14.353752,-0.073624,-0.203625,0.034000,0.477176,-0.393172,0.092111,-3.141562,0.000049,0.000043
14.096539,-2.126239,-0.536318,-14.343752,-0.074624,-0.203625,0.034000,0.477199,-0.393091,0.092110,-3.141560,0.000053,0.000041
14.100539,-2.126238,-0.536323,-14.343752,-0.074624,-0.203625,0.034000,0.477222,-0.393009,0.092109,-3.141558,0.000057,0.000039
14.104539,-2.196238,-0.476333,-14.253753,-0.076624,-0.204625,0.035000,0.477247,-0.392925,0.092105,-3.141554,0.000065,0.000042
14.108539,-2.196237,-0.476352,-14.253753,-0.076624,-0.204625,0.035000,0.477269,-0.392839,0.092101,-3.141547,0.000080,0.000038
14.112539,-2.196237,-0.476351,-14.253753,-0.076624,-0.204625,0.035000,0.477294,-0.392758,0.092102,-3.141547,0.000079,0.000023
14.116539,-2.196236,-0.476356,-14.253754,-0.076624,-0.204625,0.035000,0.477319,-0.392675,0.092100,-3.141545,0.000084,0.000013
14.120538,-2.196237,-0.476355,-14.253754,-0.076624,-0.204625,0.035000,0.477344,-0.392594,0.092101,-3.141546,0.000083,-0.000043
14.124539,-2.196237,-0.476349,-14.253753,-0.076624,-0.204625,0.035000,0.477370,-0.392513,0.092104,-3.141548,0.000078,-0.000058
14.128540,-2.196237,-0.476348,-14.253753,-0.076624,-0.204625,0.035000,0.477403,-0.392409,0.092105,-3.141548,0.000077,-0.000039
14.132539,-2.196237,-0.476348,-14.253753,-0.076624,-0.204625,0.035000,0.477403,-0.392409,0.092105,-3.141548,0.000077,-0.000039
14.136538,-2.196237,-0.476347,-14.253753,-0.076624,-0.204625,0.035000,0.477430,-0.392326,0.092105,-3.141549,0.000076,-0.000050
14.140539,-2.196238,-0.476327,-14.253753,-0.076624,-0.204625,0.035000,0.477467,-0.392221,0.092111,-3.141556,0.000061,-0.000060
14.144537,-2.196238,-0.376326,-14.393753,-0.078624,-0.209625,0.034000,0.477516,-0.392071,0.092113,-3.141557,0.000060,-0.000048
14.148538,-2.196239,-0.376319,-14.393753,-0.078624,-0.209625,0.034000,0.477544,-0.391985,0.092115,-3.141560,0.000054,-0.000034
14.152539,-2.196239,-0.376319,-14.393753,-0.078624,-0.209625,0.034000,0.477571,-0.391899,0.092117,-3.141560,0.000054,-0.000020
14.156539,-2.196239,-0.376319,-14.393753,-0.078624,-0.209625,0.034000,0.477571,-0.391899,0.092117,-3.141560,0.000054,-0.000020
14.160504,-2.196239,-0.376319,-14.393753,-0.078624,-0.209625,0.034000,0.477571,-0.391899,0.092117,-3.141560,0.000054,-0.000020
14.164533,-2.196239,-0.376309,-14.393752,-0.078624,-0.209625,0.034000,0.477625,-0.391728,0.092118,-3.141563,0.000046,0.000015
14.168533,-2.196240,-0.376301,-14.393752,-0.078624,-0.209625,0.034000,0.477679,-0.391556,0.092121,-3.141566,0.000040,0.000036
14.172573,-2.196240,-0.376300,-14.393752,-0.078624,-0.209625,0.034000,0.477705,-0.391469,0.092122,-3.141567,0.000039,0.000037
14.176565,-2.236240,-0.426299,-14.563752,-0.076624,-0.213625,0.034000,0.477732,-0.391380,0.092122,-3.141567,0.000038,0.000042
14.180555,-2.236240,-0.496291,-14.483752,-0.074625,-0.213625,0.035000,0.477757,-0.391297,0.092124,-3.141570,0.000032,0.000031
14.184552,-2.236240,-0.496296,-14.483752,-0.074624,-0.213625,0.035000,0.477780,-0.391209,0.092122,-3.141568,0.000035,0.000019
14.188549,-2.236240,-0.496302,-14.483752,-0.074624,-0.213625,0.035000,0.477805,-0.391122,0.092122,-3.141566,0.000040,0.000006
14.192549,-2.236240,-0.496295,-14.483752,-0.074624,-0.213625,0.035000,0.477831,-0.391036,0.092125,-3.141569,0.000035,-0.000007
14.196545,-2.236240,-0.496294,-14.483752,-0.074624,-0.213625,0.035000,0.477856,-0.390949,0.092125,-3.141569,0.000034,-0.000020
14.200543,-2.236240,-0.496292,-14.483752,-0.074625,-0.213625,0.035000,0.477881,-0.390862,0.092126,-3.141570,0.000033,-0.000040
14.204487,-2.236240,-0.496291,-14.483752,-0.074625,-0.213625,0.035000,0.477906,-0.390776,0.092126,-3.141570,0.000032,-0.000052
14.208541,-2.236241,-0.496283,-14.483751,-0.074625,-0.213625,0.035000,0.477933,-0.390690,0.092128,-3.141573,0.000025,-0.000065
14.212541,-2.236241,-0.496282,-14.483751,-0.074625,-0.213625,0.035000,0.477962,-0.390605,0.092128,-3.141574,0.000025,-0.000078
14.216538,-2.236241,-0.496275,-14.483751,-0.074625,-0.213625,0.035000,0.477989,-0.390519,0.092130,-3.141576,0.000019,-0.000084
14.220539,-2.086242,-0.496266,-13.803750,-0.071625,-0.198625,0.034000,0.478018,-0.390434,0.092132,-3.141580,0.000012,-0.000084
14.224539,-2.086242,-0.496259,-13.803750,-0.071625,-0.198625,0.034000,0.478045,-0.390348,0.092134,-3.141582,0.000006,-0.000083
14.228540,-2.086242,-0.496259,-13.803750,-0.071625,-0.198625,0.034000,0.478075,-0.390264,0.092137,-3.141588,-0.000006,-0.000076
14.232539,-2.086243,-0.496249,-13.803750,-0.071625,-0.198625,0.034000,0.478102,-0.390178,0.092135,-3.141586,-0.000002,-0.000062
14.236546,-2.086243,-0.496234,-13.803749,-0.071625,-0.198625,0.034000,0.478124,-0.390091,0.092139,-3.141592,-0.000014,-0.000088
14.240539,-2.086243,-0.496234,-13.803749,-0.071625,-0.198625,0.034000,0.478124,-0.390091,0.092139,-3.141592,-0.000014,-0.000088
14.244539,-2.086244,-0.496227,-13.803749,-0.071625,-0.198625,0.034000,0.478167,-0.389986,0.092141,3.141591,-0.000020,-0.000033
14.248539,-2.086244,-0.496226,-13.803749,-0.071625,-0.198625,0.034000,0.478197,-0.389898,0.092141,3.141590,-0.000020,-0.000028
14.252544,-2.086244,-0.496226,-13.803749,-0.071625,-0.198625,0.034000,0.478197,-0.389898,0.092141,3.141590,-0.000020,-0.000028
14.256541,-2.016244,-0.396218,-13.183749,-0.074625,-0.188625,0.032000,0.478279,-0.389638,0.092139,3.141588,-0.000026,-0.000022
14.260537,-2.016244,-0.396218,-13.183749,-0.074625,-0.188625,0.032000,0.478279,-0.389638,0.092139,3.141588,-0.000026,-0.000022
14.264504,-2.016244,-0.396229,-13.183749,-0.074625,-0.188625,0.032000,0.478305,-0.389552,0.092135,3.141592,-0.000018,-0.000028
14.268549,-2.016243,-0.396230,-13.183749,-0.074625,-0.188625,0.032000,0.478360,-0.389375,0.092132,3.141592,-0.000017,-0.000038
14.272537,-2.016243,-0.396230,-13.183749,-0.074625,-0.188625,0.032000,0.478360,-0.389375,0.092132,3.141592,-0.000017,-0.000038
14.276543,-2.016243,-0.396245,-13.183750,-0.074625,-0.188625,0.032000,0.478408,-0.389201,0.092127,-3.141588,-0.000005,-0.000064
14.280543,-2.016243,-0.396245,-13.183750,-0.074625,-0.188625,0.032000,0.478408,-0.389201,0.092127,-3.141588,-0.000005,-0.000064
14.284546,-2.016242,-0.396250,-13.183750,-0.074625,-0.188625,0.032000,0.478436,-0.389113,0.092126,-3.141586,-0.000001,-0.000072
14.288539,-2.016242,-0.396261,-13.183750,-0.074625,-0.188625,0.032000,0.478460,-0.389026,0.092122,-3.141582,0.000008,-0.000085
14.292540,-2.016241,-0.396276,-13.183751,-0.074625,-0.188625,0.032000,0.478510,-0.388850,0.092117,-3.141576,0.000020,-0.000106
14.296543,-2.016241,-0.396276,-13.183751,-0.074625,-0.188625,0.032000,0.478510,-0.388850,0.092117,-3.141576,0.000020,-0.000106
14.300539,-1.856241,-0.546274,-12.673751,-0.070625,-0.176625,0.031000,0.478537,-0.388764,0.092116,-3.141577,0.000018,-0.000112
14.304539,-1.856241,-0.546279,-12.673751,-0.070625,-0.176625,0.031000,0.478564,-0.388676,0.092115,-3.141575,0.000022,-0.000114
14.308540,-1.856241,-0.546284,-12.673751,-0.070625,-0.176625,0.031000,0.478590,-0.388590,0.092114,-3.141573,0.000026,-0.000106
14.312539,-1.856241,-0.546276,-12.673751,-0.070625,-0.176625,0.031000,0.478619,-0.388502,0.092116,-3.141576,0.000020,-0.000088
14.316539,-1.856241,-0.546275,-12.673751,-0.070625,-0.176625,0.031000,0.478647,-0.388417,0.092116,-3.141576,0.000019,-0.000081
14.320539,-1.856241,-0.546286,-12.673751,-0.070625,-0.176625,0.031000,0.478674,-0.388328,0.092112,-3.141572,0.000027,-0.000055
14.324548,-1.856241,-0.546277,-12.673751,-0.070625,-0.176625,0.031000,0.478702,-0.388243,0.092114,-3.141576,0.000021,-0.000048
14.328539,-1.856241,-0.546282,-12.673751,-0.070625,-0.176625,0.031000,0.478730,-0.388155,0.092112,-3.141574,0.000025,-0.000070
14.332539,-1.856241,-0.546281,-12.673751,-0.070625,-0.176625,0.031000,0.478764,-0.388049,0.092113,-3.141574,0.000024,-0.000026
14.336539,-1.856241,-0.546285,-12.673751,-0.070625,-0.176625,0.031000,0.478790,-0.387966,0.092111,-3.141572,0.000027,-0.000023
14.340539,-1.986241,-0.346277,-12.803751,-0.074625,-0.185625,0.030000,0.478818,-0.387881,0.092112,-3.141576,0.000020,-0.000009
14.344540,-1.986241,-0.346281,-12.803751,-0.074625,-0.185625,0.030000,0.478844,-0.387798,0.092110,-3.141574,0.000024,-0.000013
14.348537,-1.986241,-0.346280,-12.803751,-0.074625,-0.185625,0.030000,0.478870,-0.387715,0.092111,-3.141575,0.000023,-0.000010
14.352541,-1.986241,-0.346277,-12.803751,-0.074625,-0.185625,0.030000,0.478894,-0.387634,0.092109,-3.141576,0.000020,-0.000019
14.356541,-1.986241,-0.346282,-12.803751,-0.074625,-0.185625,0.030000,0.478918,-0.387550,0.092108,-3.141574,0.000024,-0.000023
14.360539,-1.986241,-0.346284,-12.803751,-0.074625,-0.185625,0.030000,0.478942,-0.387466,0.092104,-3.141573,0.000026,-0.000033
14.364539,-1.986241,-0.346276,-12.803751,-0.074625,-0.185625,0.030000,0.478967,-0.387386,0.092106,-3.141576,0.000020,-0.000055
14.368505,-1.986241,-0.346276,-12.803751,-0.074625,-0.185625,0.030000,0.478967,-0.387386,0.092106,-3.141576,0.000020,-0.000055
14.372576,-1.986241,-0.346283,-12.803751,-0.074625,-0.185625,0.030000,0.479017,-0.387219,0.092100,-3.141574,0.000025,-0.000070
14.376568,-1.986241,-0.346283,-12.803751,-0.074625,-0.185625,0.030000,0.479017,-0.387219,0.092100,-3.141574,0.000025,-0.000070
14.380570,-1.986241,-0.346283,-12.803751,-0.074625,-0.185625,0.030000,0.479017,-0.387219,0.092100,-3.141574,0.000025,-0.000070
14.384565,-1.986241,-0.486283,-13.003751,-0.068625,-0.190625,0.031000,0.479065,-0.387051,0.092096,-3.141574,0.000025,-0.000071
14.388559,-1.986241,-0.486284,-13.003751,-0.068625,-0.190625,0.031000,0.479115,-0.386884,0.092093,-3.141573,0.000026,-0.000058
14.392559,-1.986241,-0.486284,-13.003751,-0.068625,-0.190625,0.031000,0.479115,-0.386884,0.092093,-3.141573,0.000026,-0.000058
14.396501,-1.986241,-0.486280,-13.003751,-0.068625,-0.190625,0.031000,0.479165,-0.386720,0.092092,-3.141575,0.000023,-0.000044
14.400545,-1.986241,-0.486276,-13.003751,-0.068625,-0.190625,0.031000,0.479192,-0.386637,0.092091,-3.141576,0.000020,-0.000027
14.404544,-1.986242,-0.486268,-13.003750,-0.068625,-0.190625,0.031000,0.479218,-0.386555,0.092092,-3.141579,0.000013,-0.000018
14.408547,-1.986242,-0.486259,-13.003750,-0.068625,-0.190625,0.031000,0.479244,-0.386472,0.092093,-3.141582,0.000006,-0.000008
14.412542,-1.986242,-0.486251,-13.003750,-0.068625,-0.190625,0.031000,0.479271,-0.386389,0.092094,-3.141585,-0.000000,-0.000039
14.416541,-1.986242,-0.486251,-13.003750,-0.068625,-0.190625,0.031000,0.479271,-0.386389,0.092094,-3.141585,-0.000000,-0.000039
14.420548,-2.036243,-0.476233,-13.143749,-0.064625,-0.195625,0.031000,0.479317,-0.386221,0.092096,-3.141592,-0.000015,-0.000020
14.424537,-2.036244,-0.476224,-13.143749,-0.064625,-0.195625,0.031000,0.479357,-0.386121,0.092097,3.141590,-0.000022,0.000019
14.428542,-2.036244,-0.476214,-13.143749,-0.064625,-0.195625,0.031000,0.479385,-0.386039,0.092098,3.141586,-0.000030,0.000022
14.432539,-2.036244,-0.476220,-13.143749,-0.064625,-0.195625,0.031000,0.479409,-0.385955,0.092096,3.141588,-0.000026,0.000025
14.436537,-2.036244,-0.476211,-13.143749,-0.064625,-0.195625,0.031000,0.479435,-0.385872,0.092098,3.141585,-0.000032,0.000021
14.440539,-2.036244,-0.476207,-13.143749,-0.064625,-0.195625,0.031000,0.479461,-0.385789,0.092096,3.141584,-0.000035,0.000010
14.444539,-2.036245,-0.476199,-13.143748,-0.064626,-0.195625,0.031000,0.479489,-0.385704,0.092097,3.141581,-0.000042,0.000004
14.448539,-2.036244,-0.476209,-13.143749,-0.064625,-0.195625,0.031000,0.479514,-0.385618,0.092093,3.141584,-0.000034,-0.000002
14.452539,-2.036244,-0.476212,-13.143749,-0.064625,-0.195625,0.031000,0.479539,-0.385532,0.092090,3.141585,-0.000032,-0.000015
14.456539,-2.036244,-0.476215,-13.143749,-0.064625,-0.195625,0.031000,0.479563,-0.385445,0.092088,3.141587,-0.000029,-0.000021
14.460539,-2.086244,-0.526218,-13.223749,-0.065625,-0.195625,0.031000,0.479587,-0.385361,0.092084,3.141588,-0.000027,-0.000025
14.464540,-2.086244,-0.526216,-13.223749,-0.065625,-0.195625,0.031000,0.479613,-0.385276,0.092084,3.141587,-0.000029,-0.000024
14.468539,-2.086244,-0.526221,-13.223749,-0.065625,-0.195625,0.031000,0.479637,-0.385192,0.092082,3.141589,-0.000025,-0.000022
14.472505,-2.086244,-0.526223,-13.223749,-0.065625,-0.195625,0.031000,0.479662,-0.385106,0.092079,3.141590,-0.000022,-0.000014
14.476539,-2.086244,-0.526222,-13.223749,-0.065625,-0.195625,0.031000,0.479689,-0.385020,0.092080,3.141589,-0.000023,-0.000014
14.480536,-2.086244,-0.526225,-13.223749,-0.065625,-0.195625,0.031000,0.479715,-0.384934,0.092076,3.141590,-0.000021,-0.000006
14.484539,-2.086244,-0.526224,-13.223749,-0.065625,-0.195625,0.031000,0.479740,-0.384851,0.092077,3.141590,-0.000022,-0.000003
14.488537,-2.086243,-0.526234,-13.223749,-0.065625,-0.195625,0.031000,0.479765,-0.384765,0.092073,-3.141592,-0.000014,-0.000003
14.492539,-2.086243,-0.526234,-13.223749,-0.065625,-0.195625,0.031000,0.479765,-0.384765,0.092073,-3.141592,-0.000014,-0.000003
14.496539,-1.996243,-0.486230,-13.123749,-0.067625,-0.189625,0.031000,0.479818,-0.384597,0.092072,3.141592,-0.000017,0.000001
14.500539,-1.996243,-0.486235,-13.123749,-0.067625,-0.189625,0.031000,0.479845,-0.384509,0.092071,-3.141591,-0.000013,-0.000001
14.504539,-1.996243,-0.486232,-13.123749,-0.067625,-0.189625,0.031000,0.479870,-0.384426,0.092069,-3.141593,-0.000016,-0.000005
14.508559,-1.996243,-0.486236,-13.123749,-0.067625,-0.189625,0.031000,0.479897,-0.384341,0.092067,-3.141591,-0.000013,0.000002
14.512539,-1.996243,-0.486232,-13.123749,-0.067625,-0.189625,0.031000,0.479923,-0.384258,0.092065,-3.141592,-0.000015,-0.000008
14.516539,-1.996243,-0.486236,-13.123749,-0.067625,-0.189625,0.031000,0.479950,-0.384172,0.092063,-3.141591,-0.000012,-0.000014
14.520539,-1.996244,-0.486218,-13.123748,-0.067625,-0.189625,0.031000,0.479980,-0.384086,0.092063,3.141588,-0.000027,-0.000050
14.524539,-1.996243,-0.486240,-13.123749,-0.067625,-0.189625,0.031000,0.479996,-0.383998,0.092055,-3.141590,-0.000009,-0.000060
14.528548,-1.996243,-0.486226,-13.123749,-0.067625,-0.189625,0.031000,0.480038,-0.383896,0.092059,3.141591,-0.000020,-0.000030
14.532539,-1.996244,-0.486223,-13.123749,-0.067625,-0.189625,0.031000,0.480063,-0.383810,0.092059,3.141590,-0.000022,-0.000036
14.536538,-1.996243,-0.486228,-13.123749,-0.067625,-0.189625,0.031000,0.480090,-0.383725,0.092056,3.141591,-0.000019,-0.000043
14.540539,-2.036244,-0.496219,-13.503749,-0.072625,-0.192625,0.031000,0.480119,-0.383638,0.092058,3.141588,-0.000026,-0.000037
14.544539,-2.036244,-0.496222,-13.503749,-0.072625,-0.192625,0.031000,0.480144,-0.383552,0.092054,3.141589,-0.000024,-0.000044
14.548540,-2.036243,-0.496224,-13.503749,-0.072625,-0.192625,0.031000,0.480171,-0.383464,0.092051,3.141590,-0.000022,-0.000038
14.552540,-2.036244,-0.496222,-13.503749,-0.072625,-0.192625,0.031000,0.480197,-0.383378,0.092050,3.141589,-0.000024,-0.000045
14.556542,-2.036243,-0.496224,-13.503749,-0.072625,-0.192625,0.031000,0.480224,-0.383290,0.092047,3.141590,-0.000022,-0.000039
14.560539,-2.036243,-0.496227,-13.503749,-0.072625,-0.192625,0.031000,0.480249,-0.383204,0.092044,3.141591,-0.000019,-0.000046
14.564539,-2.036243,-0.496230,-13.503749,-0.072625,-0.192625,0.031000,0.480274,-0.383118,0.092040,3.141592,-0.000017,-0.000052
14.568543,-2.036243,-0.496232,-13.503749,-0.072625,-0.192625,0.031000,0.480301,-0.383030,0.092037,-3.141592,-0.000015,-0.000053
14.572538,-2.036243,-0.496235,-13.503749,-0.072625,-0.192625,0.031000,0.480328,-0.382942,0.092034,-3.141591,-0.000013,-0.000062
14.576482,-2.086243,-0.476234,-13.923749,-0.075625,-0.198625,0.032000,0.480355,-0.382856,0.092034,-3.141592,-0.000014,-0.000061
14.580534,-2.086243,-0.476242,-13.923749,-0.075625,-0.198625,0.032000,0.480379,-0.382770,0.092028,-3.141589,-0.000008,-0.000067
14.584540,-2.086243,-0.476239,-13.923749,-0.075625,-0.198625,0.032000,0.480405,-0.382684,0.092028,-3.141590,-0.000010,-0.000073
14.588538,-2.086243,-0.476242,-13.923750,-0.075625,-0.198625,0.032000,0.480430,-0.382599,0.092024,-3.141589,-0.000008,-0.000079
14.592537,-2.086243,-0.476245,-13.923750,-0.075625,-0.198625,0.032000,0.480457,-0.382510,0.092021,-3.141588,-0.000005,-0.000081
14.596539,-2.086243,-0.476241,-13.923749,-0.075625,-0.198625,0.032000,0.480485,-0.382423,0.092020,-3.141589,-0.000008,-0.000083
14.600539,-2.086243,-0.476246,-13.923750,-0.075625,-0.198625,0.032000,0.480510,-0.382337,0.092018,-3.141587,-0.000004,-0.000089
14.604539,-2.086243,-0.476243,-13.923750,-0.075625,-0.198625,0.032000,0.480537,-0.382252,0.092017,-3.141588,-0.000007,-0.000088
14.608539,-2.086243,-0.476240,-13.923749,-0.075625,-0.198625,0.032000,0.480564,-0.382164,0.092016,-3.141589,-0.000009,-0.000083
14.612544,-2.086243,-0.476237,-13.923749,-0.075625,-0.198625,0.032000,0.480593,-0.382077,0.092015,-3.141591,-0.000012,-0.000078
14.616543,-2.106243,-0.466239,-14.033749,-0.075625,-0.201625,0.032000,0.480618,-0.381991,0.092012,-3.141590,-0.000010,-0.000077
14.620537,-2.226243,-0.476236,-14.473749,-0.075625,-0.210625,0.033000,0.480645,-0.381906,0.092010,-3.141591,-0.000012,-0.000077
14.624543,-2.226243,-0.476232,-14.473749,-0.075625,-0.210625,0.033000,0.480671,-0.381821,0.092009,-3.141592,-0.000015,-0.000076
14.628539,-2.226243,-0.476224,-14.473749,-0.075625,-0.210625,0.033000,0.480700,-0.381734,0.092010,3.141590,-0.000022,-0.000064
14.632539,-2.226243,-0.476228,-14.473749,-0.075625,-0.210625,0.033000,0.480728,-0.381646,0.092008,3.141592,-0.000019,-0.000066
14.636503,-2.226243,-0.476231,-14.473749,-0.075625,-0.210625,0.033000,0.480753,-0.381560,0.092004,3.141593,-0.000017,-0.000072
14.640539,-2.226244,-0.476222,-14.473749,-0.075625,-0.210625,0.033000,0.480782,-0.381473,0.092006,3.141589,-0.000023,-0.000074
14.644539,-2.226244,-0.476219,-14.473749,-0.075625,-0.210625,0.033000,0.480809,-0.381388,0.092004,3.141588,-0.000026,-0.000080
14.648539,-2.226244,-0.476200,-14.473748,-0.075626,-0.210625,0.033000,0.480837,-0.381303,0.092004,3.141581,-0.000041,-0.000126
14.652550,-2.226244,-0.476214,-14.473749,-0.075625,-0.210625,0.033000,0.480870,-0.381195,0.092003,3.141587,-0.000030,-0.000092
14.656539,-2.226244,-0.476214,-14.473749,-0.075625,-0.210625,0.033000,0.480870,-0.381195,0.092003,3.141587,-0.000030,-0.000092
14.660540,-2.336244,-0.546208,-15.093748,-0.078625,-0.219625,0.034000,0.480923,-0.381022,0.092001,3.141584,-0.000035,-0.000106
14.664548,-2.336244,-0.546207,-15.093748,-0.078625,-0.219625,0.034000,0.480951,-0.380934,0.092002,3.141584,-0.000035,-0.000108
14.668542,-2.336244,-0.546207,-15.093748,-0.078625,-0.219625,0.034000,0.480951,-0.380934,0.092002,3.141584,-0.000035,-0.000108
14.672540,-2.336244,-0.546205,-15.093748,-0.078625,-0.219625,0.034000,0.480976,-0.380848,0.092001,3.141583,-0.000037,-0.000107
14.676540,-2.336244,-0.546210,-15.093748,-0.078625,-0.219625,0.034000,0.481001,-0.380762,0.092000,3.141585,-0.000033,-0.000107
14.680504,-2.336244,-0.546210,-15.093748,-0.078625,-0.219625,0.034000,0.481001,-0.380762,0.092000,3.141585,-0.000033,-0.000107
14.684539,-2.336244,-0.546212,-15.093748,-0.078625,-0.219625,0.034000,0.481054,-0.380589,0.091997,3.141586,-0.000032,-0.000101
14.688540,-2.336244,-0.546214,-15.093749,-0.078625,-0.219625,0.034000,0.481104,-0.380415,0.091993,3.141588,-0.000026,-0.000075
14.692539,-2.336244,-0.546220,-15.093749,-0.078625,-0.219625,0.034000,0.481104,-0.380415,0.091993,3.141588,-0.000026,-0.000075
14.696540,-2.336244,-0.546216,-15.093749,-0.078625,-0.219625,0.034000,0.481133,-0.380327,0.091991,3.141587,-0.000028,-0.000063
14.700539,-2.426244,-0.586221,-15.463749,-0.080625,-0.225625,0.035000,0.481157,-0.380241,0.091990,3.141589,-0.000024,-0.000049
14.704539,-2.426243,-0.586224,-15.463749,-0.080625,-0.225625,0.035000,0.481182,-0.380155,0.091987,3.141590,-0.000022,-0.000042
14.708543,-2.426244,-0.586215,-15.463748,-0.080625,-0.225625,0.035000,0.481210,-0.380068,0.091988,3.141587,-0.000029,-0.000030
14.712544,-2.426244,-0.586217,-15.463749,-0.080625,-0.225625,0.035000,0.481263,-0.379895,0.091985,3.141588,-0.000028,-0.000024
14.716502,-2.426244,-0.586217,-15.463749,-0.080625,-0.225625,0.035000,0.481263,-0.379895,0.091985,3.141588,-0.000028,-0.000024
14.720539,-2.426244,-0.586208,-15.463748,-0.080625,-0.225625,0.035000,0.481291,-0.379808,0.091986,3.141584,-0.000035,-0.000032
14.724544,-2.426244,-0.586219,-15.463749,-0.080625,-0.225625,0.035000,0.481315,-0.379722,0.091982,3.141588,-0.000026,-0.000045
14.728541,-2.426244,-0.586210,-15.463748,-0.080625,-0.225625,0.035000,0.481344,-0.379635,0.091984,3.141585,-0.000033,-0.000047
14.732539,-2.426244,-0.586214,-15.463748,-0.080625,-0.225625,0.035000,0.481370,-0.379549,0.091981,3.141587,-0.000030,-0.000053
14.736544,-2.426244,-0.586197,-15.463748,-0.080626,-0.225625,0.035000,0.481404,-0.379444,0.091983,3.141580,-0.000044,-0.000063
14.740539,-2.386244,-0.516205,-15.723748,-0.088625,-0.224625,0.035000,0.481416,-0.379379,0.091977,3.141583,-0.000037,-0.000110
14.744539,-2.386245,-0.516186,-15.723748,-0.088626,-0.224625,0.035000,0.481457,-0.379277,0.091984,3.141577,-0.000052,-0.000073
14.748539,-2.386245,-0.516184,-15.723748,-0.088626,-0.224625,0.035000,0.481482,-0.379197,0.091983,3.141576,-0.000054,-0.000082
14.752538,-2.386245,-0.516183,-15.723748,-0.088626,-0.224625,0.035000,0.481508,-0.379115,0.091983,3.141575,-0.000056,-0.000079
14.756539,-2.386245,-0.516186,-15.723748,-0.088626,-0.224625,0.035000,0.481534,-0.379032,0.091980,3.141576,-0.000053,-0.000076
14.760540,-2.386245,-0.516184,-15.723748,-0.088626,-0.224625,0.035000,0.481558,-0.378952,0.091980,3.141576,-0.000055,-0.000071
14.764546,-2.386244,-0.516188,-15.723748,-0.088626,-0.224625,0.035000,0.481582,-0.378869,0.091977,3.141577,-0.000051,-0.000062
14.768539,-2.386245,-0.516186,-15.723748,-0.088626,-0.224625,0.035000,0.481610,-0.378785,0.091977,3.141576,-0.000053,-0.000041
14.772539,-2.386244,-0.516195,-15.723748,-0.088626,-0.224625,0.035000,0.481634,-0.378702,0.091972,3.141580,-0.000045,-0.000024
14.776539,-2.386244,-0.516199,-15.723748,-0.088626,-0.224625,0.035000,0.481658,-0.378618,0.091970,3.141581,-0.000042,-0.000008
14.780539,-2.476244,-0.616197,-16.113747,-0.085626,-0.233625,0.037000,0.481684,-0.378536,0.091970,3.141581,-0.000044,0.000008
14.784504,-2.476244,-0.616209,-16.113748,-0.085625,-0.233625,0.037000,0.481707,-0.378453,0.091967,3.141585,-0.000034,0.000018
14.788538,-2.476244,-0.616209,-16.113748,-0.085625,-0.233625,0.037000,0.481707,-0.378453,0.091967,3.141585,-0.000034,0.000018
14.792537,-2.476243,-0.616217,-16.113748,-0.085625,-0.233625,0.037000,0.481755,-0.378286,0.091963,3.141588,-0.000027,0.000037
14.796540,-2.476243,-0.616221,-16.113748,-0.085625,-0.233625,0.037000,0.481779,-0.378203,0.091961,3.141589,-0.000024,0.000040
14.800539,-2.476243,-0.616219,-16.113748,-0.085625,-0.233625,0.037000,0.481805,-0.378121,0.091960,3.141589,-0.000026,0.000036
14.804539,-2.476243,-0.616229,-16.113749,-0.085625,-0.233625,0.037000,0.481828,-0.378038,0.091956,3.141592,-0.000018,0.000032
14.808539,-2.476243,-0.616227,-16.113749,-0.085625,-0.233625,0.037000,0.481854,-0.377955,0.091955,3.141591,-0.000020,0.000028
14.812539,-2.476243,-0.616232,-16.113749,-0.085625,-0.233625,0.037000,0.481880,-0.377873,0.091954,-3.141592,-0.000015,0.000011
14.816539,-2.476243,-0.616235,-16.113749,-0.085625,-0.233625,0.037000,0.481905,-0.377791,0.091951,-3.141591,-0.000013,0.000000
14.820539,-2.566243,-0.546234,-16.293749,-0.090625,-0.239625,0.037000,0.481931,-0.377708,0.091951,-3.141592,-0.000014,-0.000017
14.824540,-2.566243,-0.546232,-16.293749,-0.090625,-0.239625,0.037000,0.481959,-0.377624,0.091951,-3.141592,-0.000016,-0.000023
14.828538,-2.566243,-0.546237,-16.293749,-0.090625,-0.239625,0.037000,0.481984,-0.377541,0.091950,-3.141590,-0.000011,-0.000041
14.832539,-2.566243,-0.546235,-16.293749,-0.090625,-0.239625,0.037000,0.482008,-0.377461,0.091949,-3.141591,-0.000013,-0.000063
14.836542,-2.566243,-0.546227,-16.293749,-0.090625,-0.239625,0.037000,0.482036,-0.377380,0.091951,3.141591,-0.000020,-0.000073
14.840539,-2.566243,-0.546227,-16.293749,-0.090625,-0.239625,0.037000,0.482063,-0.377298,0.091951,3.141591,-0.000020,-0.000070
14.844544,-2.566243,-0.546219,-16.293749,-0.090625,-0.239625,0.037000,0.482081,-0.377216,0.091953,3.141588,-0.000026,-0.000099
14.848539,-2.566243,-0.546223,-16.293749,-0.090625,-0.239625,0.037000,0.482122,-0.377116,0.091951,3.141590,-0.000023,-0.000047
14.852539,-2.566243,-0.546221,-16.293749,-0.090625,-0.239625,0.037000,0.482147,-0.377034,0.091951,3.141589,-0.000024,-0.000024
14.856539,-2.566243,-0.546219,-16.293749,-0.090625,-0.239625,0.037000,0.482171,-0.376954,0.091951,3.141589,-0.000026,-0.000012
14.860538,-2.656243,-0.586217,-16.913748,-0.088625,-0.248625,0.039000,0.482197,-0.376872,0.091950,3.141588,-0.000027,0.000004
14.864540,-2.656244,-0.586215,-16.913748,-0.088625,-0.248625,0.039000,0.482223,-0.376790,0.091950,3.141587,-0.000029,0.000021
14.868540,-2.656243,-0.586226,-16.913749,-0.088625,-0.248625,0.039000,0.482246,-0.376709,0.091946,3.141591,-0.000020,0.000033
14.872539,-2.656243,-0.586224,-16.913749,-0.088625,-0.248625,0.039000,0.482272,-0.376627,0.091946,3.141590,-0.000022,0.000042
14.876539,-2.656243,-0.586236,-16.913749,-0.088625,-0.248625,0.039000,0.482295,-0.376543,0.091943,-3.141591,-0.000012,0.000045
14.880540,-2.656243,-0.586239,-16.913749,-0.088625,-0.248625,0.039000,0.482320,-0.376461,0.091940,-3.141590,-0.000010,0.000048
14.884539,-2.656243,-0.586243,-16.913749,-0.088625,-0.248625,0.039000,0.482342,-0.376380,0.091938,-3.141588,-0.000007,0.000033
14.888504,-2.656243,-0.586254,-16.913750,-0.088625,-0.248625,0.039000,0.482368,-0.376295,0.091935,-3.141584,0.000002,0.000033
14.892539,-2.656243,-0.586252,-16.913750,-0.088625,-0.248625,0.039000,0.482392,-0.376215,0.091934,-3.141585,0.000001,0.000018
14.896539,-2.656242,-0.586256,-16.913750,-0.088625,-0.248625,0.039000,0.482414,-0.376134,0.091932,-3.141584,0.000004,-0.000004
14.900539,-2.746242,-0.626262,-17.303750,-0.090625,-0.253625,0.041000,0.482439,-0.376052,0.091931,-3.141582,0.000008,-0.000021
14.904539,-2.746242,-0.626260,-17.303750,-0.090625,-0.253625,0.041000,0.482463,-0.375972,0.091931,-3.141582,0.000007,-0.000043
14.908539,-2.746242,-0.626271,-17.303751,-0.090625,-0.253625,0.041000,0.482486,-0.375888,0.091928,-3.141578,0.000016,-0.000054
14.912538,-2.746242,-0.626270,-17.303751,-0.090625,-0.253625,0.041000,0.482511,-0.375806,0.091928,-3.141579,0.000015,-0.000064
14.916539,-2.746242,-0.626256,-17.303750,-0.090625,-0.253625,0.041000,0.482539,-0.375725,0.091932,-3.141583,0.000004,-0.000082
14.920539,-2.746242,-0.626262,-17.303750,-0.090625,-0.253625,0.041000,0.482562,-0.375644,0.091931,-3.141581,0.000009,-0.000090
14.924539,-2.746242,-0.626254,-17.303750,-0.090625,-0.253625,0.041000,0.482590,-0.375563,0.091932,-3.141584,0.000002,-0.000087
14.928540,-2.746243,-0.626238,-17.303749,-0.090625,-0.253625,0.041000,0.482618,-0.375482,0.091934,-3.141590,-0.000011,-0.000078
14.932538,-2.746243,-0.626230,-17.303749,-0.090625,-0.253625,0.041000,0.482646,-0.375401,0.091936,3.141592,-0.000017,-0.000068
14.936545,-2.746243,-0.626222,-17.303749,-0.090625,-0.253625,0.041000,0.482677,-0.375300,0.091938,3.141590,-0.000024,-0.000054
14.940539,-2.746243,-0.466220,-17.783748,-0.102625,-0.255625,0.041000,0.482698,-0.375237,0.091937,3.141589,-0.000025,-0.000042
14.944539,-2.746243,-0.466218,-17.783748,-0.102625,-0.255625,0.041000,0.482729,-0.375134,0.091937,3.141588,-0.000027,-0.000023
14.948539,-2.746243,-0.466211,-17.783748,-0.102625,-0.255625,0.041000,0.482749,-0.375073,0.091939,3.141586,-0.000033,-0.000016
14.952552,-2.746243,-0.466209,-17.783748,-0.102625,-0.255625,0.041000,0.482780,-0.374969,0.091939,3.141585,-0.000034,-0.000011
14.956539,-2.746243,-0.466213,-17.783748,-0.102625,-0.255625,0.041000,0.482798,-0.374907,0.091937,3.141586,-0.000031,-0.000038
14.960538,-2.746243,-0.466217,-17.783748,-0.102625,-0.255625,0.041000,0.482813,-0.374821,0.091935,3.141588,-0.000027,-0.000035
14.964539,-2.746243,-0.466216,-17.783748,-0.102625,-0.255625,0.041000,0.482851,-0.374720,0.091935,3.141588,-0.000028,-0.000003
14.968542,-2.746243,-0.466214,-17.783748,-0.102625,-0.255625,0.041000,0.482878,-0.374636,0.091935,3.141587,-0.000030,-0.000002
14.972511,-2.746243,-0.466214,-17.783748,-0.102625,-0.255625,0.041000,0.482901,-0.374553,0.091936,3.141587,-0.000031,-0.000013
14.976543,-2.776243,-0.566218,-18.063749,-0.104625,-0.257625,0.043000,0.482924,-0.374470,0.091933,3.141588,-0.000027,-0.000023
14.980539,-2.776243,-0.566218,-18.063749,-0.104625,-0.257625,0.043000,0.482924,-0.374470,0.091933,3.141588,-0.000027,-0.000023
14.984539,-2.776243,-0.566223,-18.063749,-0.104625,-0.257625,0.043000,0.482946,-0.374386,0.091932,3.141590,-0.000023,-0.000041
14.988544,-2.776243,-0.566213,-18.063749,-0.104625,-0.257625,0.043000,0.482994,-0.374220,0.091934,3.141587,-0.000031,-0.000069
14.992540,-2.776243,-0.566231,-18.063749,-0.104625,-0.257625,0.043000,0.483014,-0.374136,0.091929,-3.141592,-0.000016,-0.000086
14.996539,-2.776243,-0.566238,-18.063750,-0.104625,-0.257625,0.043000,0.483037,-0.374052,0.091929,-3.141590,-0.000011,-0.000096
15.000539,-2.776243,-0.566237,-18.063750,-0.104625,-0.257625,0.043000,0.483062,-0.373967,0.091930,-3.141590,-0.000012,-0.000096
15.004539,-2.776243,-0.566249,-18.063750,-0.104625,-0.257625,0.043000,0.483083,-0.373886,0.091927,-3.141586,-0.000002,-0.000098
15.008537,-2.776243,-0.566248,-18.063750,-0.104625,-0.257625,0.043000,0.483107,-0.373803,0.091928,-3.141587,-0.000003,-0.000095
15.012539,-2.776243,-0.566248,-18.063750,-0.104625,-0.257625,0.043000,0.483131,-0.373721,0.091929,-3.141586,-0.000002,-0.000078
15.016505,-2.746243,-0.536252,-17.993750,-0.106625,-0.254625,0.043000,0.483154,-0.373637,0.091927,-3.141585,0.000001,-0.000069
15.020546,-2.746243,-0.446242,-18.003749,-0.109625,-0.255625,0.043000,0.483183,-0.373554,0.091933,-3.141589,-0.000008,-0.000055
15.024539,-2.746243,-0.446242,-18.003749,-0.109625,-0.255625,0.043000,0.483208,-0.373471,0.091935,-3.141589,-0.000007,-0.000045
15.028539,-2.746243,-0.446237,-18.003749,-0.109625,-0.255625,0.043000,0.483235,-0.373390,0.091939,-3.141590,-0.000012,-0.000036
15.032544,-2.746243,-0.446234,-18.003749,-0.109625,-0.255625,0.043000,0.483267,-0.373287,0.091944,-3.141592,-0.000014,-0.000024
15.036536,-2.746243,-0.446228,-18.003749,-0.109625,-0.255625,0.043000,0.483288,-0.373221,0.091947,3.141592,-0.000019,-0.000048
15.040543,-2.746243,-0.446215,-18.003748,-0.109625,-0.255625,0.043000,0.483316,-0.373137,0.091952,3.141587,-0.000029,-0.000041
15.044540,-2.746243,-0.446220,-18.003749,-0.109625,-0.255625,0.043000,0.483350,-0.373030,0.091958,3.141589,-0.000025,0.000001
15.048539,-2.746243,-0.446216,-18.003748,-0.109625,-0.255625,0.043000,0.483362,-0.372962,0.091963,3.141588,-0.000028,-0.000042
15.052540,-2.746243,-0.446225,-18.003749,-0.109625,-0.255625,0.043000,0.483404,-0.372855,0.091964,3.141591,-0.000022,-0.000009
15.056539,-2.746243,-0.446225,-18.003749,-0.109625,-0.255625,0.043000,0.483404,-0.372855,0.091964,3.141591,-0.000022,-0.000009
15.060541,-2.856243,-0.356228,-18.293749,-0.109625,-0.264625,0.043000,0.483455,-0.372683,0.091969,3.141592,-0.000019,-0.000024
15.064539,-2.856243,-0.356237,-18.293749,-0.109625,-0.264625,0.043000,0.483481,-0.372595,0.091971,-3.141590,-0.000012,-0.000039
15.068552,-2.856243,-0.356238,-18.293749,-0.109625,-0.264625,0.043000,0.483507,-0.372507,0.091973,-3.141590,-0.000010,-0.000047
15.072540,-2.856243,-0.356240,-18.293749,-0.109625,-0.264625,0.043000,0.483532,-0.372422,0.091976,-3.141589,-0.000009,-0.000067
15.076539,-2.856243,-0.356240,-18.293749,-0.109625,-0.264625,0.043000,0.483532,-0.372422,0.091976,-3.141589,-0.000009,-0.000067
15.080539,-2.856243,-0.356242,-18.293749,-0.109625,-0.264625,0.043000,0.483556,-0.372337,0.091979,-3.141589,-0.000008,-0.000073
15.084539,-2.856243,-0.356257,-18.293750,-0.109625,-0.264625,0.043000,0.483580,-0.372248,0.091979,-3.141583,0.000005,-0.000068
15.088541,-2.856243,-0.356258,-18.293750,-0.109625,-0.264625,0.043000,0.483604,-0.372163,0.091981,-3.141583,0.000006,-0.000074
15.092537,-2.856242,-0.356270,-18.293750,-0.109625,-0.264625,0.043000,0.483654,-0.371987,0.091987,-3.141579,0.000015,-0.000057
15.096539,-2.786242,-0.476279,-17.883751,-0.101625,-0.260625,0.044000,0.483678,-0.371901,0.091989,-3.141575,0.000023,-0.000050
15.100540,-2.786242,-0.476281,-17.883751,-0.101625,-0.260625,0.044000,0.483703,-0.371816,0.091991,-3.141575,0.000024,-0.000042
15.104541,-2.786242,-0.476290,-17.883751,-0.101625,-0.260625,0.044000,0.483728,-0.371728,0.091993,-3.141572,0.000032,-0.000037
15.108549,-2.786242,-0.476286,-17.883751,-0.101625,-0.260625,0.044000,0.483756,-0.371641,0.091997,-3.141573,0.000028,-0.000025
15.112540,-2.786242,-0.476295,-17.883751,-0.101624,-0.260625,0.044000,0.483780,-0.371556,0.091999,-3.141570,0.000035,-0.000018
15.116540,-2.786242,-0.476293,-17.883751,-0.101625,-0.260625,0.044000,0.483806,-0.371471,0.092006,-3.141571,0.000034,-0.000011
15.120503,-2.786242,-0.476293,-17.883751,-0.101625,-0.260625,0.044000,0.483806,-0.371471,0.092006,-3.141571,0.000034,-0.000011
15.124539,-2.786242,-0.476294,-17.883751,-0.101624,-0.260625,0.044000,0.483832,-0.371384,0.092008,-3.141570,0.000035,-0.000005
15.128539,-2.786242,-0.476297,-17.883752,-0.101624,-0.260625,0.044000,0.483860,-0.371297,0.092012,-3.141569,0.000037,-0.000000
15.132541,-2.786242,-0.476295,-17.883752,-0.101624,-0.260625,0.044000,0.483886,-0.371212,0.092018,-3.141570,0.000036,0.000000
15.136544,-2.736242,-0.426298,-17.383752,-0.098624,-0.254625,0.042000,0.483911,-0.371128,0.092022,-3.141569,0.000038,0.000001
15.140539,-2.736242,-0.416300,-17.233752,-0.097624,-0.252625,0.042000,0.483939,-0.371044,0.092025,-3.141568,0.000040,0.000002
15.144539,-2.736242,-0.416301,-17.233752,-0.097624,-0.252625,0.042000,0.483965,-0.370959,0.092026,-3.141568,0.000040,-0.000011
15.148512,-2.736242,-0.416294,-17.233752,-0.097624,-0.252625,0.042000,0.484000,-0.370855,0.092029,-3.141570,0.000035,-0.000015
15.152541,-2.736242,-0.416295,-17.233752,-0.097624,-0.252625,0.042000,0.484019,-0.370794,0.092031,-3.141570,0.000035,-0.000028
15.156539,-2.736242,-0.416295,-17.233752,-0.097624,-0.252625,0.042000,0.484047,-0.370710,0.092032,-3.141570,0.000035,-0.000034
15.160540,-2.736242,-0.416287,-17.233752,-0.097625,-0.252625,0.042000,0.484073,-0.370626,0.092034,-3.141573,0.000029,-0.000034
15.164539,-2.736242,-0.416287,-17.233752,-0.097625,-0.252625,0.042000,0.484099,-0.370544,0.092035,-3.141573,0.000029,-0.000038
15.168540,-2.736242,-0.416285,-17.233752,-0.097625,-0.252625,0.042000,0.484125,-0.370460,0.092034,-3.141574,0.000027,-0.000037
15.172539,-2.736242,-0.416283,-17.233751,-0.097625,-0.252625,0.042000,0.484152,-0.370375,0.092034,-3.141574,0.000026,-0.000036
15.176544,-2.736242,-0.416289,-17.233752,-0.097625,-0.252625,0.042000,0.484176,-0.370293,0.092033,-3.141572,0.000030,-0.000040
15.180539,-2.506242,-0.556287,-16.443752,-0.091625,-0.233625,0.041000,0.484200,-0.370211,0.092033,-3.141573,0.000029,-0.000071
15.184539,-2.506242,-0.556291,-16.443752,-0.091625,-0.233625,0.041000,0.484233,-0.370106,0.092031,-3.141571,0.000033,-0.000028
15.188539,-2.506242,-0.556289,-16.443752,-0.091625,-0.233625,0.041000,0.484261,-0.370019,0.092031,-3.141572,0.000031,-0.000016
15.192540,-2.506242,-0.556295,-16.443752,-0.091624,-0.233625,0.041000,0.484284,-0.369937,0.092030,-3.141570,0.000036,-0.000020
15.196539,-2.506242,-0.556301,-16.443752,-0.091624,-0.233625,0.041000,0.484310,-0.369852,0.092029,-3.141568,0.000040,-0.000019
15.200542,-2.506242,-0.556294,-16.443752,-0.091624,-0.233625,0.041000,0.484335,-0.369770,0.092031,-3.141571,0.000034,-0.000023
15.204519,-2.506242,-0.556292,-16.443752,-0.091625,-0.233625,0.041000,0.484362,-0.369683,0.092031,-3.141571,0.000033,-0.000018
15.208539,-2.506242,-0.556297,-16.443752,-0.091624,-0.233625,0.041000,0.484386,-0.369601,0.092030,-3.141569,0.000037,-0.000015
15.212539,-2.506242,-0.556298,-16.443752,-0.091624,-0.233625,0.041000,0.484412,-0.369516,0.092032,-3.141569,0.000038,-0.000021
15.216539,-2.426242,-0.626290,-16.263751,-0.088625,-0.228625,0.041000,0.484440,-0.369432,0.092033,-3.141572,0.000031,-0.000020
15.220539,-2.296242,-0.656284,-15.983751,-0.085625,-0.220625,0.039000,0.484466,-0.369351,0.092037,-3.141574,0.000027,-0.000031
15.224503,-2.296242,-0.656276,-15.983751,-0.085625,-0.220625,0.039000,0.484494,-0.369267,0.092038,-3.141577,0.000020,-0.000030
15.228539,-2.296242,-0.656277,-15.983751,-0.085625,-0.220625,0.039000,0.484520,-0.369183,0.092040,-3.141577,0.000021,-0.000037
15.232539,-2.296242,-0.656265,-15.983751,-0.085625,-0.220625,0.039000,0.484548,-0.369102,0.092045,-3.141581,0.000011,-0.000041
15.236537,-2.296242,-0.656264,-15.983751,-0.085625,-0.220625,0.039000,0.484575,-0.369018,0.092046,-3.141581,0.000011,-0.000040
15.240538,-2.296242,-0.656264,-15.983751,-0.085625,-0.220625,0.039000,0.484601,-0.368937,0.092047,-3.141581,0.000010,-0.000044
15.244539,-2.296242,-0.656258,-15.983751,-0.085625,-0.220625,0.039000,0.484627,-0.368855,0.092050,-3.141583,0.000006,-0.000048
15.248538,-2.296242,-0.656258,-15.983751,-0.085625,-0.220625,0.039000,0.484651,-0.368776,0.092051,-3.141583,0.000006,-0.000049
15.252544,-2.296242,-0.656260,-15.983751,-0.085625,-0.220625,0.039000,0.484678,-0.368692,0.092054,-3.141582,0.000007,-0.000042
15.256538,-2.296243,-0.656239,-15.983750,-0.085625,-0.220625,0.039000,0.484705,-0.368611,0.092059,-3.141589,-0.000010,-0.000073
15.260540,-2.366243,-0.586248,-15.923750,-0.090625,-0.223625,0.039000,0.484732,-0.368530,0.092060,-3.141586,-0.000003,-0.000070
15.264540,-2.366243,-0.586242,-15.923750,-0.090625,-0.223625,0.039000,0.484765,-0.368425,0.092064,-3.141588,-0.000007,-0.000033
15.268539,-2.366243,-0.586237,-15.923749,-0.090625,-0.223625,0.039000,0.484791,-0.368343,0.092067,-3.141590,-0.000012,-0.000037
15.272539,-2.366243,-0.586237,-15.923749,-0.090625,-0.223625,0.039000,0.484814,-0.368261,0.092069,-3.141590,-0.000011,-0.000041
15.276539,-2.366243,-0.586240,-15.923749,-0.090625,-0.223625,0.039000,0.484840,-0.368179,0.092072,-3.141589,-0.000010,-0.000045
15.280537,-2.366243,-0.586239,-15.923749,-0.090625,-0.223625,0.039000,0.484865,-0.368098,0.092072,-3.141590,-0.000010,-0.000049
15.284539,-2.366243,-0.586247,-15.923750,-0.090625,-0.223625,0.039000,0.484889,-0.368015,0.092073,-3.141587,-0.000003,-0.000053
15.288539,-2.366243,-0.586248,-15.923750,-0.090625,-0.223625,0.039000,0.484911,-0.367935,0.092075,-3.141587,-0.000003,-0.000054
15.292541,-2.366243,-0.586247,-15.923750,-0.090625,-0.223625,0.039000,0.484936,-0.367853,0.092076,-3.141587,-0.000003,-0.000058
15.296539,-2.366243,-0.586248,-15.923750,-0.090625,-0.223625,0.039000,0.484960,-0.367771,0.092078,-3.141587,-0.000003,-0.000062
15.300539,-2.236243,-0.666255,-15.383750,-0.080625,-0.215625,0.038000,0.484985,-0.367689,0.092078,-3.141584,0.000003,-0.000066
15.304541,-2.236243,-0.666257,-15.383750,-0.080625,-0.215625,0.038000,0.485010,-0.367607,0.092081,-3.141583,0.000005,-0.000077
15.308539,-2.236243,-0.666263,-15.383750,-0.080625,-0.215625,0.038000,0.485034,-0.367525,0.092080,-3.141581,0.000009,-0.000074
15.312542,-2.236243,-0.666265,-15.383750,-0.080625,-0.215625,0.038000,0.485059,-0.367443,0.092082,-3.141581,0.000011,-0.000078
15.316539,-2.236243,-0.666264,-15.383750,-0.080625,-0.215625,0.038000,0.485084,-0.367361,0.092083,-3.141581,0.000011,-0.000068
15.320544,-2.236242,-0.666271,-15.383751,-0.080625,-0.215625,0.038000,0.485109,-0.367279,0.092083,-3.141578,0.000016,-0.000059
15.324539,-2.236242,-0.666267,-15.383750,-0.080625,-0.215625,0.038000,0.485138,-0.367196,0.092088,-3.141580,0.000013,-0.000051
15.328539,-2.236242,-0.666267,-15.383750,-0.080625,-0.215625,0.038000,0.485162,-0.367117,0.092089,-3.141580,0.000013,-0.000046
15.332504,-2.236242,-0.666275,-15.383751,-0.080625,-0.215625,0.038000,0.485186,-0.367032,0.092090,-3.141577,0.000019,-0.000039
15.336537,-2.226242,-0.586275,-14.543751,-0.077625,-0.206625,0.036000,0.485213,-0.366948,0.092091,-3.141577,0.000019,-0.000038
15.340539,-2.226242,-0.586277,-14.543751,-0.077625,-0.206625,0.036000,0.485245,-0.366843,0.092094,-3.141577,0.000021,-0.000042
15.344537,-2.226242,-0.586283,-14.543751,-0.077625,-0.206625,0.036000,0.485265,-0.366777,0.092093,-3.141574,0.000026,-0.000039
15.348539,-2.226242,-0.586289,-14.543751,-0.077625,-0.206625,0.036000,0.485297,-0.366669,0.092093,-3.141572,0.000031,-0.000045
15.352539,-2.226242,-0.586290,-14.543751,-0.077625,-0.206625,0.036000,0.485323,-0.366582,0.092094,-3.141572,0.000031,-0.000047
15.356539,-2.226242,-0.586290,-14.543751,-0.077625,-0.206625,0.036000,0.485344,-0.366519,0.092096,-3.141572,0.000032,-0.000103
15.360539,-2.226242,-0.586290,-14.543751,-0.077625,-0.206625,0.036000,0.485377,-0.366412,0.092097,-3.141572,0.000031,-0.000075
15.364539,-2.226242,-0.586290,-14.543751,-0.077625,-0.206625,0.036000,0.485402,-0.366327,0.092099,-3.141572,0.000032,-0.000081
15.368539,-2.226242,-0.586303,-14.543752,-0.077624,-0.206625,0.036000,0.485428,-0.366240,0.092097,-3.141567,0.000043,-0.000089
15.372539,-2.226242,-0.586304,-14.543752,-0.077624,-0.206625,0.036000,0.485455,-0.366153,0.092099,-3.141567,0.000043,-0.000084
15.376539,-2.226242,-0.586297,-14.543751,-0.077624,-0.206625,0.036000,0.485481,-0.366069,0.092101,-3.141570,0.000037,-0.000084
15.380539,-2.186243,-0.486291,-14.053751,-0.082625,-0.197625,0.034000,0.485508,-0.365985,0.092104,-3.141572,0.000033,-0.000090
15.384540,-2.186243,-0.486290,-14.053751,-0.082625,-0.197625,0.034000,0.485533,-0.365898,0.092105,-3.141572,0.000032,-0.000078
15.388539,-2.186243,-0.486290,-14.053751,-0.082625,-0.197625,0.034000,0.485533,-0.365898,0.092105,-3.141572,0.000032,-0.000078
15.392539,-2.186243,-0.486291,-14.053751,-0.082625,-0.197625,0.034000,0.485558,-0.365813,0.092107,-3.141572,0.000032,-0.000071
15.396537,-2.186243,-0.486290,-14.053751,-0.082625,-0.197625,0.034000,0.485610,-0.365642,0.092108,-3.141572,0.000031,-0.000051
15.400539,-2.186243,-0.486282,-14.053751,-0.082625,-0.197625,0.034000,0.485638,-0.365556,0.092110,-3.141575,0.000025,-0.000039
15.404540,-2.186243,-0.486283,-14.053751,-0.082625,-0.197625,0.034000,0.485663,-0.365471,0.092112,-3.141574,0.000026,-0.000032
15.408539,-2.186243,-0.486281,-14.053751,-0.082625,-0.197625,0.034000,0.485690,-0.365384,0.092112,-3.141575,0.000024,-0.000020
15.412539,-2.186243,-0.486274,-14.053751,-0.082625,-0.197625,0.034000,0.485715,-0.365300,0.092114,-3.141578,0.000019,-0.000020
15.416545,-2.186243,-0.486272,-14.053751,-0.082625,-0.197625,0.034000,0.485742,-0.365213,0.092114,-3.141578,0.000017,-0.000021
15.420539,-2.146243,-0.466278,-13.603751,-0.081625,-0.190625,0.033000,0.485768,-0.365127,0.092113,-3.141576,0.000022,-0.000023
15.424541,-2.146243,-0.466276,-13.603751,-0.081625,-0.190625,0.033000,0.485795,-0.365040,0.092112,-3.141577,0.000020,-0.000024
15.428539,-2.146243,-0.466274,-13.603751,-0.081625,-0.190625,0.033000,0.485821,-0.364956,0.092112,-3.141578,0.000018,-0.000031
15.432539,-2.146243,-0.466278,-13.603751,-0.081625,-0.190625,0.033000,0.485845,-0.364868,0.092110,-3.141576,0.000022,-0.000039
15.436504,-2.146243,-0.466271,-13.603751,-0.081625,-0.190625,0.033000,0.485873,-0.364782,0.092112,-3.141579,0.000016,-0.000047
15.440537,-2.146243,-0.466269,-13.603751,-0.081625,-0.190625,0.033000,0.485899,-0.364695,0.092112,-3.141579,0.000014,-0.000056
15.444537,-2.146243,-0.466259,-13.603750,-0.081625,-0.190625,0.033000,0.485927,-0.364609,0.092112,-3.141583,0.000007,-0.000064
15.448542,-2.146243,-0.466257,-13.603750,-0.081625,-0.190625,0.033000,0.485954,-0.364522,0.092112,-3.141583,0.000005,-0.000072
15.452536,-2.146243,-0.466243,-13.603750,-0.081625,-0.190625,0.033000,0.485981,-0.364436,0.092115,-3.141588,-0.000007,-0.000074
15.456538,-1.986243,-0.506252,-13.133750,-0.079625,-0.180625,0.031000,0.486006,-0.364348,0.092110,-3.141585,0.000001,-0.000082
15.460540,-1.986243,-0.506239,-13.133749,-0.079625,-0.180625,0.031000,0.486035,-0.364262,0.092114,-3.141590,-0.000010,-0.000077
15.464538,-1.986243,-0.506237,-13.133749,-0.079625,-0.180625,0.031000,0.486061,-0.364176,0.092114,-3.141590,-0.000012,-0.000072
15.468539,-1.986243,-0.506236,-13.133749,-0.079625,-0.180625,0.031000,0.486090,-0.364090,0.092115,-3.141590,-0.000012,-0.000060
15.472539,-1.986243,-0.506228,-13.133749,-0.079625,-0.180625,0.031000,0.486118,-0.364004,0.092116,3.141592,-0.000019,-0.000042
15.476541,-1.986243,-0.506231,-13.133749,-0.079625,-0.180625,0.031000,0.486145,-0.363917,0.092113,-3.141592,-0.000016,-0.000030
15.480545,-1.986243,-0.506237,-13.133749,-0.079625,-0.180625,0.031000,0.486171,-0.363830,0.092112,-3.141590,-0.000012,-0.000011
15.484537,-1.986243,-0.506237,-13.133749,-0.079625,-0.180625,0.031000,0.486171,-0.363830,0.092112,-3.141590,-0.000012,-0.000011
15.488547,-1.986243,-0.506235,-13.133749,-0.079625,-0.180625,0.031000,0.486227,-0.363656,0.092113,-3.141591,-0.000014,0.000010
15.492539,-1.986243,-0.506235,-13.133749,-0.079625,-0.180625,0.031000,0.486227,-0.363656,0.092113,-3.141591,-0.000014,0.000010
15.496543,-1.986243,-0.506233,-13.133749,-0.079625,-0.180625,0.031000,0.486254,-0.363569,0.092112,-3.141592,-0.000015,-0.000018
15.500505,-1.946243,-0.546223,-12.903749,-0.073625,-0.180625,0.030000,0.486316,-0.363374,0.092114,3.141590,-0.000023,0.000012
15.504539,-1.946243,-0.546228,-12.903749,-0.073625,-0.180625,0.030000,0.486342,-0.363287,0.092113,3.141592,-0.000019,0.000011
15.508538,-1.946243,-0.546215,-12.903749,-0.073625,-0.180625,0.030000,0.486372,-0.363199,0.092117,3.141588,-0.000030,0.000007
15.512539,-1.946243,-0.546215,-12.903749,-0.073625,-0.180625,0.030000,0.486372,-0.363199,0.092117,3.141588,-0.000030,0.000007
15.516540,-1.946243,-0.546225,-12.903749,-0.073625,-0.180625,0.030000,0.486423,-0.363024,0.092114,3.141591,-0.000022,-0.000017
15.520540,-1.946243,-0.546225,-12.903749,-0.073625,-0.180625,0.030000,0.486423,-0.363024,0.092114,3.141591,-0.000022,-0.000017
15.524539,-1.946243,-0.546225,-12.903749,-0.073625,-0.180625,0.030000,0.486449,-0.362938,0.092116,3.141591,-0.000021,-0.000032
15.528539,-1.946243,-0.546229,-12.903750,-0.073625,-0.180625,0.030000,0.486501,-0.362764,0.092114,3.141592,-0.000018,-0.000055
15.532552,-1.946243,-0.546235,-12.903750,-0.073625,-0.180625,0.030000,0.486525,-0.362680,0.092113,-3.141591,-0.000014,-0.000068
15.536504,-1.966243,-0.476240,-12.703749,-0.073625,-0.181625,0.030000,0.486549,-0.362595,0.092112,-3.141589,-0.000009,-0.000074
15.540504,-1.966243,-0.476240,-12.703749,-0.073625,-0.181625,0.030000,0.486573,-0.362510,0.092109,-3.141585,-0.000000,-0.000067
15.544545,-1.956243,-0.446243,-12.613749,-0.073625,-0.181625,0.030000,0.486599,-0.362429,0.092110,-3.141588,-0.000007,-0.000050
15.548546,-1.956243,-0.446250,-12.613749,-0.073625,-0.181625,0.030000,0.486624,-0.362345,0.092110,-3.141586,-0.000001,-0.000030
15.552540,-1.956243,-0.446250,-12.613749,-0.073625,-0.181625,0.030000,0.486624,-0.362345,0.092110,-3.141586,-0.000001,-0.000030
15.556545,-1.956243,-0.446267,-12.613750,-0.073625,-0.181625,0.030000,0.486669,-0.362180,0.092106,-3.141580,0.000013,-0.000004
15.560539,-1.956243,-0.446267,-12.613750,-0.073625,-0.181625,0.030000,0.486669,-0.362180,0.092106,-3.141580,0.000013,-0.000004
15.564549,-1.956243,-0.446261,-12.613750,-0.073625,-0.181625,0.030000,0.486720,-0.362014,0.092110,-3.141582,0.000008,0.000020
15.568552,-1.956243,-0.446266,-12.613750,-0.073625,-0.181625,0.030000,0.486744,-0.361930,0.092109,-3.141580,0.000012,0.000027
15.572537,-1.956243,-0.446266,-12.613750,-0.073625,-0.181625,0.030000,0.486744,-0.361930,0.092109,-3.141580,0.000012,0.000027
15.576539,-1.956243,-0.446266,-12.613750,-0.073625,-0.181625,0.030000,0.486744,-0.361930,0.092109,-3.141580,0.000012,0.000027
15.580539,-1.966243,-0.416259,-12.433750,-0.071625,-0.180625,0.030000,0.486797,-0.361765,0.092113,-3.141583,0.000006,0.000024
15.584539,-1.966243,-0.416259,-12.433750,-0.071625,-0.180625,0.030000,0.486823,-0.361681,0.092113,-3.141583,0.000006,0.000025
15.588544,-1.966243,-0.416263,-12.433751,-0.071625,-0.180625,0.030000,0.486873,-0.361515,0.092112,-3.141581,0.000010,-0.000006
15.592539,-1.966243,-0.416263,-12.433751,-0.071625,-0.180625,0.030000,0.486873,-0.361515,0.092112,-3.141581,0.000010,-0.000006
15.596538,-1.966243,-0.416256,-12.433750,-0.071625,-0.180625,0.030000,0.486901,-0.361433,0.092115,-3.141584,0.000004,-0.000018
15.600539,-1.966243,-0.416262,-12.433750,-0.071625,-0.180625,0.030000,0.486933,-0.361328,0.092115,-3.141582,0.000009,-0.000036
15.604539,-1.966243,-0.416257,-12.433750,-0.071625,-0.180625,0.030000,0.486953,-0.361268,0.092118,-3.141583,0.000005,-0.000049
15.608539,-1.966243,-0.416255,-12.433750,-0.071625,-0.180625,0.030000,0.486974,-0.361179,0.092118,-3.141584,0.000003,-0.000097
15.612539,-1.966243,-0.416266,-12.433751,-0.071625,-0.180625,0.030000,0.487009,-0.361079,0.092114,-3.141580,0.000012,-0.000079
15.616539,-1.966243,-0.416258,-12.433750,-0.071625,-0.180625,0.030000,0.487034,-0.360997,0.092116,-3.141583,0.000006,-0.000089
15.620539,-1.966243,-0.406263,-12.423750,-0.074625,-0.177625,0.029000,0.487060,-0.360913,0.092114,-3.141582,0.000009,-0.000089
15.624540,-1.966243,-0.406262,-12.423750,-0.074625,-0.177625,0.029000,0.487085,-0.360830,0.092115,-3.141582,0.000009,-0.000081
15.628537,-1.966243,-0.406273,-12.423751,-0.074625,-0.177625,0.029000,0.487107,-0.360747,0.092111,-3.141578,0.000018,-0.000079
15.632580,-1.966243,-0.406265,-12.423750,-0.074625,-0.177625,0.029000,0.487134,-0.360663,0.092113,-3.141581,0.000011,-0.000064
15.636560,-1.966243,-0.406265,-12.423750,-0.074625,-0.177625,0.029000,0.487160,-0.360580,0.092113,-3.141581,0.000011,-0.000050
15.640571,-1.966243,-0.406262,-12.423750,-0.074625,-0.177625,0.029000,0.487184,-0.360498,0.092112,-3.141582,0.000008,-0.000041
15.644501,-1.966243,-0.406260,-12.423750,-0.074625,-0.177625,0.029000,0.487209,-0.360414,0.092112,-3.141583,0.000007,-0.000027
15.648543,-1.966243,-0.406264,-12.423750,-0.074625,-0.177625,0.029000,0.487233,-0.360332,0.092110,-3.141581,0.000011,-0.000024
15.652539,-1.966243,-0.406256,-12.423750,-0.074625,-0.177625,0.029000,0.487257,-0.360251,0.092112,-3.141584,0.000004,-0.000014
15.656540,-1.966243,-0.406261,-12.423750,-0.074625,-0.177625,0.029000,0.487283,-0.360167,0.092110,-3.141582,0.000008,-0.000014
15.660503,-1.856243,-0.406264,-12.233750,-0.075625,-0.168625,0.028000,0.487307,-0.360082,0.092107,-3.141581,0.000010,-0.000006
15.664539,-1.856243,-0.406262,-12.233750,-0.075625,-0.168625,0.028000,0.487333,-0.360001,0.092107,-3.141582,0.000009,-0.000010
15.668542,-1.856243,-0.406258,-12.233750,-0.075625,-0.168625,0.028000,0.487358,-0.359917,0.092104,-3.141583,0.000005,-0.000016
15.672539,-1.856243,-0.406262,-12.233750,-0.075625,-0.168625,0.028000,0.487383,-0.359836,0.092102,-3.141582,0.000008,-0.000027
15.676539,-1.856243,-0.406259,-12.233750,-0.075625,-0.168625,0.028000,0.487409,-0.359752,0.092100,-3.141583,0.000006,-0.000040
15.680539,-1.856243,-0.406255,-12.233750,-0.075625,-0.168625,0.028000,0.487435,-0.359671,0.092098,-3.141584,0.000003,-0.000050
15.684541,-1.856243,-0.406246,-12.233750,-0.075625,-0.168625,0.028000,0.487462,-0.359591,0.092099,-3.141587,-0.000005,-0.000061
15.688539,-1.856243,-0.406242,-12.233749,-0.075625,-0.168625,0.028000,0.487490,-0.359508,0.092097,-3.141589,-0.000008,-0.000074
15.692539,-1.856243,-0.406233,-12.233749,-0.075625,-0.168625,0.028000,0.487516,-0.359427,0.092097,-3.141592,-0.000015,-0.000098
15.696539,-1.856242,-0.406222,-12.233749,-0.075625,-0.168625,0.028000,0.487546,-0.359345,0.092097,3.141590,-0.000024,-0.000104
15.700539,-1.896242,-0.346224,-12.283749,-0.079625,-0.170625,0.029000,0.487570,-0.359263,0.092093,3.141591,-0.000022,-0.000108
15.704539,-1.896242,-0.346223,-12.283749,-0.079625,-0.170625,0.029000,0.487597,-0.359180,0.092093,3.141591,-0.000023,-0.000101
15.708539,-1.896242,-0.346219,-12.283749,-0.079625,-0.170625,0.029000,0.487623,-0.359099,0.092091,3.141589,-0.000026,-0.000098
15.712539,-1.896242,-0.346216,-12.283749,-0.079625,-0.170625,0.029000,0.487590,-0.359569,0.097999,-3.141592,0.000001,0.000001
15.716539,-1.896242,-0.346206,-12.283748,-0.079625,-0.170625,0.029000,0.487677,-0.358936,0.092090,3.141585,-0.000037,-0.000068
15.720539,-1.896242,-0.346203,-12.283748,-0.079626,-0.170625,0.029000,0.487703,-0.358852,0.092089,3.141584,-0.000040,-0.000087
15.724540,-1.896242,-0.346212,-12.283748,-0.079625,-0.170625,0.029000,0.487720,-0.358767,0.092084,3.141587,-0.000032,-0.000078
15.728539,-1.896242,-0.346214,-12.283749,-0.079625,-0.170625,0.029000,0.487759,-0.358666,0.092080,3.141587,-0.000031,-0.000034
15.732539,-1.896242,-0.346211,-12.283748,-0.079625,-0.170625,0.029000,0.487784,-0.358582,0.092079,3.141587,-0.000033,-0.000020
15.736538,-1.896242,-0.346213,-12.283749,-0.079625,-0.170625,0.029000,0.487808,-0.358501,0.092075,3.141587,-0.000031,-0.000017
15.740545,-1.896242,-0.506218,-12.653749,-0.074625,-0.177625,0.030000,0.487834,-0.358417,0.092073,3.141589,-0.000028,-0.000010
15.744539,-1.896242,-0.506220,-12.653749,-0.074625,-0.177625,0.030000,0.487857,-0.358335,0.092069,3.141589,-0.000026,-0.000007
15.748504,-1.896242,-0.506223,-12.653749,-0.074625,-0.177625,0.030000,0.487880,-0.358253,0.092066,3.141591,-0.000023,-0.000011
15.752538,-1.896242,-0.506233,-12.653750,-0.074625,-0.177625,0.030000,0.487904,-0.358169,0.092062,-3.141592,-0.000015,-0.000017
15.756539,-1.896242,-0.506230,-12.653750,-0.074625,-0.177625,0.030000,0.487930,-0.358085,0.092061,-3.141593,-0.000018,-0.000023
15.760537,-1.896243,-0.506245,-12.653750,-0.074625,-0.177625,0.030000,0.487951,-0.358002,0.092054,-3.141587,-0.000005,-0.000041
15.764540,-1.896243,-0.506236,-12.653750,-0.074625,-0.177625,0.030000,0.487979,-0.357919,0.092055,-3.141590,-0.000012,-0.000047
15.768539,-1.896243,-0.506246,-12.653750,-0.074625,-0.177625,0.030000,0.488002,-0.357838,0.092050,-3.141587,-0.000004,-0.000064
15.772540,-1.896243,-0.506251,-12.653750,-0.074625,-0.177625,0.030000,0.488027,-0.357754,0.092049,-3.141586,-0.000000,-0.000070
15.776539,-1.896243,-0.506260,-12.653751,-0.074625,-0.177625,0.030000,0.488051,-0.357672,0.092044,-3.141582,0.000008,-0.000074
15.780537,-2.056243,-0.446265,-13.023751,-0.077625,-0.185625,0.029000,0.488076,-0.357588,0.092042,-3.141581,0.000011,-0.000073
15.784540,-2.056243,-0.446258,-13.023750,-0.077625,-0.185625,0.029000,0.488105,-0.357506,0.092044,-3.141583,0.000005,-0.000066
15.788537,-2.056243,-0.446255,-13.023750,-0.077625,-0.185625,0.029000,0.488129,-0.357424,0.092043,-3.141584,0.000003,-0.000063
15.792539,-2.056243,-0.446253,-13.023750,-0.077625,-0.185625,0.029000,0.488154,-0.357343,0.092043,-3.141585,0.000002,-0.000054
15.796512,-2.056243,-0.446252,-13.023750,-0.077625,-0.185625,0.029000,0.488181,-0.357260,0.092043,-3.141585,0.000000,-0.000046
15.800539,-2.056242,-0.446244,-13.023750,-0.077625,-0.185625,0.029000,0.488209,-0.357180,0.092044,-3.141588,-0.000006,-0.000037
15.804540,-2.056243,-0.446249,-13.023750,-0.077625,-0.185625,0.029000,0.488235,-0.357094,0.092043,-3.141586,-0.000002,-0.000018
15.808539,-2.056243,-0.446255,-13.023750,-0.077625,-0.185625,0.029000,0.488260,-0.357013,0.092042,-3.141584,0.000003,-0.000015
15.812539,-2.056243,-0.446247,-13.023750,-0.077625,-0.185625,0.029000,0.488288,-0.356933,0.092044,-3.141587,-0.000003,-0.000006
15.816538,-2.056243,-0.446251,-13.023750,-0.077625,-0.185625,0.029000,0.488314,-0.356849,0.092041,-3.141586,-0.000000,0.000002
15.820540,-2.186243,-0.386249,-13.773750,-0.088625,-0.193625,0.031000,0.488340,-0.356768,0.092041,-3.141586,-0.000001,0.000004
15.824542,-2.186243,-0.386248,-13.773750,-0.088625,-0.193625,0.031000,0.488367,-0.356685,0.092041,-3.141586,-0.000003,0.000012
15.828539,-2.186243,-0.386246,-13.773750,-0.088625,-0.193625,0.031000,0.488392,-0.356604,0.092041,-3.141587,-0.000004,0.000008
15.832539,-2.186243,-0.386253,-13.773750,-0.088625,-0.193625,0.031000,0.488418,-0.356521,0.092040,-3.141585,0.000001,0.000009
15.836537,-2.186243,-0.386257,-13.773750,-0.088625,-0.193625,0.031000,0.488441,-0.356439,0.092038,-3.141583,0.000005,0.000005
15.840544,-2.186243,-0.386254,-13.773750,-0.088625,-0.193625,0.031000,0.488467,-0.356355,0.092037,-3.141584,0.000002,0.000005
15.844539,-2.186243,-0.386260,-13.773751,-0.088625,-0.193625,0.031000,0.488488,-0.356273,0.092036,-3.141583,0.000007,-0.000005
15.848539,-2.186243,-0.386258,-13.773750,-0.088625,-0.193625,0.031000,0.488512,-0.356189,0.092036,-3.141583,0.000006,-0.000052
15.852539,-2.186243,-0.386269,-13.773751,-0.088625,-0.193625,0.031000,0.488535,-0.356104,0.092032,-3.141580,0.000014,-0.000058
15.856504,-2.186243,-0.396266,-13.903751,-0.089625,-0.193625,0.031000,0.488565,-0.355999,0.092031,-3.141581,0.000012,-0.000028
15.860539,-2.206243,-0.496270,-14.173751,-0.089625,-0.194625,0.032000,0.488572,-0.355934,0.092029,-3.141579,0.000015,-0.000068
15.864539,-2.206243,-0.496275,-14.173751,-0.089625,-0.194625,0.032000,0.488608,-0.355832,0.092028,-3.141577,0.000020,-0.000031
15.868498,-2.206243,-0.496273,-14.173751,-0.089625,-0.194625,0.032000,0.488631,-0.355747,0.092028,-3.141578,0.000018,-0.000031
15.872537,-2.206243,-0.496284,-14.173751,-0.089625,-0.194625,0.032000,0.488652,-0.355665,0.092024,-3.141575,0.000027,-0.000028
15.876539,-2.206243,-0.496282,-14.173751,-0.089625,-0.194625,0.032000,0.488676,-0.355580,0.092024,-3.141575,0.000026,-0.000021
15.880539,-2.206243,-0.496274,-14.173751,-0.089625,-0.194625,0.032000,0.488700,-0.355499,0.092026,-3.141578,0.000019,-0.000018
15.884539,-2.206243,-0.496279,-14.173751,-0.089625,-0.194625,0.032000,0.488724,-0.355415,0.092024,-3.141576,0.000023,-0.000017
15.888539,-2.206243,-0.496271,-14.173751,-0.089625,-0.194625,0.032000,0.488750,-0.355331,0.092025,-3.141579,0.000016,-0.000017
15.892539,-2.206243,-0.496268,-14.173750,-0.089625,-0.194625,0.032000,0.488774,-0.355250,0.092024,-3.141580,0.000014,-0.000014
15.896541,-2.206243,-0.496265,-14.173750,-0.089625,-0.194625,0.032000,0.488799,-0.355166,0.092023,-3.141581,0.000011,-0.000013
15.900542,-2.186243,-0.326251,-14.393750,-0.100625,-0.194625,0.032000,0.488826,-0.355083,0.092026,-3.141586,-0.000000,-0.000012
15.904538,-2.186243,-0.326248,-14.393750,-0.100625,-0.194625,0.032000,0.488850,-0.355002,0.092025,-3.141587,-0.000003,-0.000016
15.908539,-2.186242,-0.326239,-14.393750,-0.100625,-0.194625,0.032000,0.488877,-0.354919,0.092026,-3.141590,-0.000010,-0.000016
15.912540,-2.186242,-0.326225,-14.393749,-0.100625,-0.194625,0.032000,0.488903,-0.354838,0.092029,3.141591,-0.000022,-0.000020
15.916539,-2.186242,-0.326214,-14.393749,-0.100625,-0.194625,0.032000,0.488929,-0.354755,0.092028,3.141588,-0.000031,-0.000026
15.920539,-2.186242,-0.326205,-14.393748,-0.100625,-0.194625,0.032000,0.488954,-0.354674,0.092029,3.141585,-0.000038,-0.000030
15.924539,-2.186242,-0.326197,-14.393748,-0.100626,-0.194625,0.032000,0.488980,-0.354591,0.092030,3.141582,-0.000045,-0.000036
15.928540,-2.186241,-0.326182,-14.393747,-0.100626,-0.194625,0.032000,0.489009,-0.354508,0.092033,3.141577,-0.000057,-0.000035
15.932539,-2.186241,-0.326179,-14.393747,-0.100626,-0.194625,0.032000,0.489034,-0.354425,0.092032,3.141576,-0.000060,-0.000041
15.936504,-2.176241,-0.406176,-14.783747,-0.098626,-0.199625,0.032000,0.489061,-0.354339,0.092030,3.141575,-0.000062,-0.000043
15.940539,-2.176241,-0.406173,-14.783747,-0.098626,-0.199625,0.032000,0.489087,-0.354253,0.092029,3.141574,-0.000065,-0.000045
15.944539,-2.176241,-0.406170,-14.783746,-0.098626,-0.199625,0.032000,0.489114,-0.354167,0.092028,3.141573,-0.000067,-0.000087
15.948539,-2.176241,-0.406167,-14.783746,-0.098626,-0.199625,0.032000,0.489142,-0.354079,0.092027,3.141572,-0.000070,-0.000043
15.952538,-2.176241,-0.406175,-14.783747,-0.098626,-0.199625,0.032000,0.489171,-0.353971,0.092022,3.141575,-0.000063,-0.000042
15.956539,-2.176241,-0.406172,-14.783746,-0.098626,-0.199625,0.032000,0.489193,-0.353906,0.092020,3.141574,-0.000065,-0.000046
15.960498,-2.176241,-0.406175,-14.783747,-0.098626,-0.199625,0.032000,0.489218,-0.353819,0.092017,3.141575,-0.000063,-0.000048
15.964543,-2.176241,-0.406178,-14.783747,-0.098626,-0.199625,0.032000,0.489242,-0.353733,0.092014,3.141576,-0.000060,-0.000056
15.968543,-2.176241,-0.406173,-14.783747,-0.098626,-0.199625,0.032000,0.489269,-0.353647,0.092011,3.141574,-0.000065,-0.000058
15.972539,-2.176241,-0.406176,-14.783747,-0.098626,-0.199625,0.032000,0.489293,-0.353560,0.092008,3.141575,-0.000062,-0.000066
15.976539,-2.256241,-0.516178,-14.693748,-0.090626,-0.203625,0.034000,0.489320,-0.353474,0.092004,3.141576,-0.000060,-0.000068
15.980539,-2.256241,-0.516178,-14.693748,-0.090626,-0.203625,0.034000,0.489320,-0.353474,0.092004,3.141576,-0.000060,-0.000068
15.984554,-2.256241,-0.516189,-14.693748,-0.090626,-0.203625,0.034000,0.489345,-0.353385,0.092001,3.141580,-0.000051,-0.000106
15.988545,-2.256241,-0.516176,-14.693747,-0.090626,-0.203625,0.034000,0.489372,-0.353299,0.091998,3.141575,-0.000062,-0.000114
15.992538,-2.256241,-0.516192,-14.693748,-0.090626,-0.203625,0.034000,0.489430,-0.353107,0.091993,3.141581,-0.000049,-0.000081
15.996551,-2.256241,-0.516196,-14.693748,-0.090626,-0.203625,0.034000,0.489456,-0.353020,0.091992,3.141582,-0.000045,-0.000089
16.000560,-2.256241,-0.516193,-14.693748,-0.090626,-0.203625,0.034000,0.489482,-0.352935,0.091990,3.141581,-0.000048,-0.000091
16.004540,-2.256241,-0.516193,-14.693748,-0.090626,-0.203625,0.034000,0.489482,-0.352935,0.091990,3.141581,-0.000048,-0.000091
16.008543,-2.256242,-0.516208,-14.693749,-0.090625,-0.203625,0.034000,0.489533,-0.352762,0.091984,3.141586,-0.000036,-0.000087
16.012544,-2.256242,-0.516208,-14.693749,-0.090625,-0.203625,0.034000,0.489533,-0.352762,0.091984,3.141586,-0.000036,-0.000087
16.016537,-2.346242,-0.506211,-15.153749,-0.090625,-0.211625,0.035000,0.489587,-0.352591,0.091982,3.141587,-0.000033,-0.000077
16.020544,-2.346242,-0.506207,-15.153749,-0.090625,-0.211625,0.035000,0.489615,-0.352505,0.091980,3.141585,-0.000037,-0.000072
16.024541,-2.346242,-0.506211,-15.153749,-0.090625,-0.211625,0.035000,0.489642,-0.352417,0.091979,3.141587,-0.000033,-0.000069
16.028540,-2.346242,-0.506211,-15.153749,-0.090625,-0.211625,0.035000,0.489642,-0.352417,0.091979,3.141587,-0.000033,-0.000069
16.032549,-2.346242,-0.506220,-15.153749,-0.090625,-0.211625,0.035000,0.489695,-0.352245,0.091974,3.141590,-0.000026,-0.000072
16.036546,-2.346242,-0.506220,-15.153749,-0.090625,-0.211625,0.035000,0.489725,-0.352161,0.091975,3.141590,-0.000026,-0.000081
16.040540,-2.346242,-0.506223,-15.153749,-0.090625,-0.211625,0.035000,0.489754,-0.352073,0.091972,3.141591,-0.000023,-0.000085
16.044553,-2.346242,-0.506233,-15.153750,-0.090625,-0.211625,0.035000,0.489779,-0.351987,0.091968,-3.141591,-0.000015,-0.000093
16.048590,-2.346242,-0.506233,-15.153750,-0.090625,-0.211625,0.035000,0.489810,-0.351900,0.091969,-3.141591,-0.000015,-0.000097
16.052500,-2.346242,-0.506233,-15.153750,-0.090625,-0.211625,0.035000,0.489810,-0.351900,0.091969,-3.141591,-0.000015,-0.000097
16.056545,-2.476242,-0.636240,-16.033749,-0.090625,-0.221625,0.038000,0.489866,-0.351727,0.091964,-3.141589,-0.000009,-0.000102
16.060542,-2.476243,-0.636251,-16.033749,-0.090625,-0.221625,0.038000,0.489890,-0.351640,0.091960,-3.141586,-0.000000,-0.000104
16.064539,-2.476243,-0.636251,-16.033749,-0.090625,-0.221625,0.038000,0.489890,-0.351640,0.091960,-3.141586,-0.000000,-0.000104
16.068541,-2.476243,-0.636268,-16.033750,-0.090625,-0.221625,0.038000,0.489914,-0.351553,0.091955,-3.141580,0.000014,-0.000106
16.072539,-2.476243,-0.636267,-16.033750,-0.090625,-0.221625,0.038000,0.489943,-0.351466,0.091955,-3.141580,0.000013,-0.000109
16.076541,-2.476243,-0.636271,-16.033750,-0.090625,-0.221625,0.038000,0.489969,-0.351379,0.091953,-3.141579,0.000017,-0.000104
16.080539,-2.476244,-0.636281,-16.033751,-0.090625,-0.221625,0.038000,0.489994,-0.351293,0.091949,-3.141576,0.000025,-0.000099
16.084543,-2.476243,-0.636280,-16.033751,-0.090625,-0.221625,0.038000,0.490023,-0.351206,0.091949,-3.141576,0.000024,-0.000089
16.088539,-2.476244,-0.636284,-16.033751,-0.090625,-0.221625,0.038000,0.490049,-0.351120,0.091947,-3.141575,0.000027,-0.000084
16.092542,-2.476244,-0.636286,-16.033751,-0.090625,-0.221625,0.038000,0.490105,-0.350946,0.091944,-3.141574,0.000029,-0.000063
16.096544,-2.486244,-0.726285,-16.663751,-0.096625,-0.225625,0.041000,0.490133,-0.350861,0.091944,-3.141575,0.000028,-0.000051
16.100541,-2.486244,-0.726295,-16.663751,-0.096624,-0.225625,0.041000,0.490159,-0.350773,0.091940,-3.141571,0.000036,-0.000041
16.104539,-2.486244,-0.726295,-16.663751,-0.096624,-0.225625,0.041000,0.490159,-0.350773,0.091940,-3.141571,0.000036,-0.000041
16.108542,-2.486244,-0.726293,-16.663751,-0.096625,-0.225625,0.041000,0.490187,-0.350687,0.091940,-3.141572,0.000035,-0.000043
16.112539,-2.486244,-0.726292,-16.663751,-0.096625,-0.225625,0.041000,0.490216,-0.350600,0.091940,-3.141572,0.000034,-0.000040
16.116539,-2.486244,-0.726302,-16.663752,-0.096624,-0.225625,0.041000,0.490242,-0.350511,0.091935,-3.141569,0.000042,-0.000044
16.120539,-2.486244,-0.726300,-16.663751,-0.096624,-0.225625,0.041000,0.490270,-0.350426,0.091935,-3.141570,0.000040,-0.000093
16.124540,-2.486244,-0.726299,-16.663751,-0.096624,-0.225625,0.041000,0.490297,-0.350341,0.091935,-3.141570,0.000039,-0.000061
16.128539,-2.486244,-0.726291,-16.663751,-0.096625,-0.225625,0.041000,0.490328,-0.350254,0.091937,-3.141573,0.000033,-0.000105
16.132539,-2.486244,-0.726290,-16.663751,-0.096625,-0.225625,0.041000,0.490356,-0.350168,0.091937,-3.141573,0.000032,-0.000113
16.136505,-2.486244,-0.726281,-16.663751,-0.096625,-0.225625,0.041000,0.490379,-0.350081,0.091938,-3.141576,0.000025,-0.000122
16.140539,-2.486243,-0.726274,-16.663750,-0.096625,-0.225625,0.041000,0.490419,-0.349981,0.091940,-3.141578,0.000018,-0.000092
16.144538,-2.646243,-0.676272,-17.243750,-0.103625,-0.236625,0.043000,0.490445,-0.349898,0.091940,-3.141579,0.000017,-0.000098
16.148539,-2.646243,-0.676264,-17.243750,-0.103625,-0.236625,0.043000,0.490473,-0.349816,0.091941,-3.141581,0.000011,-0.000097
16.152538,-2.646243,-0.676257,-17.243750,-0.103625,-0.236625,0.043000,0.490500,-0.349734,0.091943,-3.141584,0.000005,-0.000090
16.156539,-2.646243,-0.676255,-17.243750,-0.103625,-0.236625,0.043000,0.490526,-0.349650,0.091943,-3.141584,0.000003,-0.000082
16.160540,-2.646243,-0.676248,-17.243749,-0.103625,-0.236625,0.043000,0.490555,-0.349566,0.091945,-3.141587,-0.000003,-0.000064
16.164539,-2.646243,-0.676246,-17.243749,-0.103625,-0.236625,0.043000,0.490580,-0.349485,0.091945,-3.141587,-0.000004,-0.000054
16.168539,-2.646242,-0.676239,-17.243749,-0.103625,-0.236625,0.043000,0.490609,-0.349400,0.091946,-3.141589,-0.000010,-0.000029
16.172510,-2.646243,-0.676243,-17.243749,-0.103625,-0.236625,0.043000,0.490631,-0.349319,0.091945,-3.141588,-0.000006,-0.000019
16.176540,-2.646242,-0.676236,-17.243749,-0.103625,-0.236625,0.043000,0.490660,-0.349234,0.091946,-3.141590,-0.000013,-0.000001
16.180540,-2.536242,-0.846246,-17.563750,-0.096625,-0.239625,0.045000,0.490683,-0.349150,0.091942,-3.141587,-0.000005,0.000007
16.184539,-2.536242,-0.846238,-17.563750,-0.096625,-0.239625,0.045000,0.490711,-0.349068,0.091944,-3.141590,-0.000011,0.000021
16.188540,-2.536242,-0.846237,-17.563750,-0.096625,-0.239625,0.045000,0.490737,-0.348984,0.091944,-3.141590,-0.000012,0.000028
16.192539,-2.536242,-0.846235,-17.563750,-0.096625,-0.239625,0.045000,0.490762,-0.348901,0.091944,-3.141591,-0.000013,0.000022
16.196549,-2.536242,-0.846241,-17.563750,-0.096625,-0.239625,0.045000,0.490787,-0.348818,0.091943,-3.141589,-0.000008,0.000009
16.200540,-2.536242,-0.846234,-17.563750,-0.096625,-0.239625,0.045000,0.490816,-0.348733,0.091945,-3.141591,-0.000015,0.000007
16.204540,-2.536242,-0.846227,-17.563749,-0.096625,-0.239625,0.045000,0.490842,-0.348650,0.091947,3.141592,-0.000020,0.000001
16.208543,-2.536242,-0.846226,-17.563749,-0.096625,-0.239625,0.045000,0.490869,-0.348565,0.091947,3.141592,-0.000021,-0.000014
16.212539,-2.536242,-0.846226,-17.563749,-0.096625,-0.239625,0.045000,0.490869,-0.348565,0.091947,3.141592,-0.000021,-0.000014
16.216540,-2.536242,-0.846219,-17.563749,-0.096625,-0.239625,0.045000,0.490922,-0.348399,0.091951,3.141590,-0.000027,-0.000040
16.220539,-2.516241,-0.846213,-17.533748,-0.094625,-0.239625,0.045000,0.490948,-0.348316,0.091953,3.141588,-0.000032,-0.000052
16.224539,-2.606241,-0.696211,-17.313749,-0.096625,-0.242625,0.044000,0.490973,-0.348233,0.091953,3.141587,-0.000033,-0.000072
16.228540,-2.606241,-0.696206,-17.313748,-0.096625,-0.242625,0.044000,0.491000,-0.348151,0.091957,3.141586,-0.000037,-0.000078
16.232546,-2.606241,-0.696205,-17.313748,-0.096625,-0.242625,0.044000,0.491026,-0.348068,0.091957,3.141585,-0.000039,-0.000084
16.236538,-2.606241,-0.696211,-17.313749,-0.096625,-0.242625,0.044000,0.491051,-0.347984,0.091956,3.141587,-0.000034,-0.000070
16.240540,-2.606241,-0.696198,-17.313748,-0.096626,-0.242625,0.044000,0.491078,-0.347902,0.091961,3.141583,-0.000044,-0.000056
16.244540,-2.606241,-0.696197,-17.313748,-0.096626,-0.242625,0.044000,0.491102,-0.347821,0.091961,3.141583,-0.000045,-0.000040
16.248540,-2.606241,-0.696201,-17.313748,-0.096626,-0.242625,0.044000,0.491125,-0.347737,0.091959,3.141584,-0.000041,-0.000053
16.252501,-2.606241,-0.696210,-17.313749,-0.096625,-0.242625,0.044000,0.491144,-0.347654,0.091954,3.141587,-0.000034,-0.000036
16.256540,-2.606241,-0.696200,-17.313748,-0.096626,-0.242625,0.044000,0.491183,-0.347554,0.091961,3.141584,-0.000042,0.000021
16.260539,-2.696241,-0.566199,-17.123748,-0.100626,-0.244625,0.044000,0.491207,-0.347473,0.091961,3.141583,-0.000043,0.000023
16.264539,-2.696241,-0.566210,-17.123748,-0.100625,-0.244625,0.044000,0.491232,-0.347389,0.091957,3.141587,-0.000034,0.000031
16.268540,-2.696241,-0.566203,-17.123748,-0.100626,-0.244625,0.044000,0.491259,-0.347307,0.091959,3.141584,-0.000040,0.000031
16.272540,-2.696241,-0.566203,-17.123748,-0.100626,-0.244625,0.044000,0.491284,-0.347227,0.091960,3.141584,-0.000040,0.000021
16.276542,-2.696241,-0.566206,-17.123748,-0.100625,-0.244625,0.044000,0.491309,-0.347143,0.091957,3.141586,-0.000037,0.000021
16.280539,-2.696242,-0.566218,-17.123748,-0.100625,-0.244625,0.044000,0.491330,-0.347061,0.091955,3.141589,-0.000027,0.000004
16.284539,-2.696242,-0.566217,-17.123748,-0.100625,-0.244625,0.044000,0.491355,-0.346978,0.091955,3.141589,-0.000028,-0.000009
16.288541,-2.696242,-0.566217,-17.123748,-0.100625,-0.244625,0.044000,0.491380,-0.346898,0.091956,3.141589,-0.000028,-0.000026
16.292539,-2.696242,-0.566223,-17.123749,-0.100625,-0.244625,0.044000,0.491405,-0.346815,0.091955,3.141591,-0.000023,-0.000039
16.296539,-2.676242,-0.566228,-17.053749,-0.099625,-0.242625,0.043000,0.491430,-0.346734,0.091954,3.141593,-0.000019,-0.000056
16.300539,-2.636242,-0.526228,-16.793749,-0.099625,-0.235625,0.042000,0.491457,-0.346651,0.091955,3.141593,-0.000019,-0.000069
16.304503,-2.636242,-0.526241,-16.793749,-0.099625,-0.235625,0.042000,0.491479,-0.346567,0.091952,-3.141589,-0.000009,-0.000082
16.308540,-2.636243,-0.526252,-16.793750,-0.099625,-0.235625,0.042000,0.491502,-0.346486,0.091949,-3.141585,0.000000,-0.000093
16.312505,-2.636243,-0.526252,-16.793750,-0.099625,-0.235625,0.042000,0.491502,-0.346486,0.091949,-3.141585,0.000000,-0.000093
16.316551,-2.636242,-0.526238,-16.793749,-0.099625,-0.235625,0.042000,0.491556,-0.346324,0.091954,-3.141590,-0.000011,-0.000089
16.320539,-2.636243,-0.526255,-16.793750,-0.099625,-0.235625,0.042000,0.491577,-0.346242,0.091949,-3.141584,0.000003,-0.000080
16.324540,-2.636243,-0.526262,-16.793750,-0.099625,-0.235625,0.042000,0.491601,-0.346159,0.091948,-3.141582,0.000009,-0.000059
16.328539,-2.636244,-0.526273,-16.793751,-0.099625,-0.235625,0.042000,0.491625,-0.346075,0.091945,-3.141579,0.000018,-0.000045
16.332546,-2.636244,-0.526271,-16.793751,-0.099625,-0.235625,0.042000,0.491649,-0.345994,0.091944,-3.141579,0.000017,-0.000035
16.336537,-2.616244,-0.626276,-16.843751,-0.101625,-0.231625,0.043000,0.491673,-0.345908,0.091943,-3.141578,0.000020,-0.000023
16.340540,-2.616244,-0.626276,-16.843751,-0.101625,-0.231625,0.043000,0.491700,-0.345825,0.091944,-3.141578,0.000020,-0.000023
16.344539,-2.616244,-0.626274,-16.843751,-0.101625,-0.231625,0.043000,0.491728,-0.345738,0.091944,-3.141578,0.000019,-0.000020
16.348540,-2.616244,-0.626287,-16.843751,-0.101625,-0.231625,0.043000,0.491753,-0.345649,0.091941,-3.141574,0.000029,-0.000017
16.352538,-2.616244,-0.626285,-16.843751,-0.101625,-0.231625,0.043000,0.491780,-0.345564,0.091941,-3.141575,0.000028,-0.000019
16.356540,-2.616244,-0.626291,-16.843751,-0.101625,-0.231625,0.043000,0.491811,-0.345455,0.091941,-3.141573,0.000033,-0.000020
16.360539,-2.616244,-0.626285,-16.843751,-0.101625,-0.231625,0.043000,0.491833,-0.345393,0.091943,-3.141575,0.000028,-0.000029
16.364539,-2.616244,-0.626289,-16.843751,-0.101625,-0.231625,0.043000,0.491857,-0.345307,0.091941,-3.141573,0.000032,-0.000044
16.368541,-2.616244,-0.626290,-16.843751,-0.101625,-0.231625,0.043000,0.491885,-0.345219,0.091943,-3.141573,0.000033,-0.000054
16.372539,-2.616245,-0.626295,-16.843752,-0.101624,-0.231625,0.043000,0.491907,-0.345135,0.091941,-3.141572,0.000036,-0.000067
16.376539,-2.526245,-0.566301,-16.913752,-0.104624,-0.227625,0.042000,0.491935,-0.345047,0.091941,-3.141570,0.000041,-0.000084
16.380540,-2.506245,-0.526296,-16.973752,-0.106624,-0.228625,0.042000,0.491963,-0.344963,0.091944,-3.141571,0.000037,-0.000093
16.384538,-2.506244,-0.526295,-16.973752,-0.106624,-0.228625,0.042000,0.491989,-0.344877,0.091944,-3.141572,0.000036,-0.000101
16.388541,-2.506245,-0.526313,-16.973752,-0.106624,-0.228625,0.042000,0.492011,-0.344790,0.091940,-3.141566,0.000051,-0.000143
16.392543,-2.506245,-0.526307,-16.973752,-0.106624,-0.228625,0.042000,0.492045,-0.344685,0.091943,-3.141568,0.000046,-0.000102
16.396538,-2.506245,-0.526312,-16.973752,-0.106624,-0.228625,0.042000,0.492069,-0.344599,0.091942,-3.141567,0.000050,-0.000097
16.400539,-2.506245,-0.526304,-16.973752,-0.106624,-0.228625,0.042000,0.492098,-0.344514,0.091943,-3.141569,0.000044,-0.000092
16.404540,-2.506245,-0.526305,-16.973752,-0.106624,-0.228625,0.042000,0.492124,-0.344429,0.091945,-3.141569,0.000045,-0.000080
16.408541,-2.506245,-0.526304,-16.973752,-0.106624,-0.228625,0.042000,0.492150,-0.344344,0.091945,-3.141569,0.000044,-0.000068
16.412539,-2.506245,-0.526310,-16.973752,-0.106624,-0.228625,0.042000,0.492176,-0.344258,0.091945,-3.141567,0.000049,-0.000049
16.416539,-2.636245,-0.466297,-17.083751,-0.109624,-0.236625,0.042000,0.492204,-0.344173,0.091949,-3.141571,0.000038,-0.000038
16.420539,-2.636244,-0.466291,-17.083751,-0.109625,-0.236625,0.042000,0.492231,-0.344088,0.091952,-3.141573,0.000033,-0.000032
16.424539,-2.636244,-0.466289,-17.083751,-0.109625,-0.236625,0.042000,0.492257,-0.344003,0.091952,-3.141574,0.000031,-0.000027
16.428540,-2.636245,-0.466296,-17.083751,-0.109624,-0.236625,0.042000,0.492281,-0.343917,0.091952,-3.141571,0.000037,-0.000022
16.432545,-2.636244,-0.466284,-17.083751,-0.109625,-0.236625,0.042000,0.492311,-0.343830,0.091956,-3.141575,0.000027,-0.000019
16.436537,-2.636244,-0.466288,-17.083751,-0.109625,-0.236625,0.042000,0.492335,-0.343744,0.091954,-3.141574,0.000031,-0.000028
16.440539,-2.636244,-0.466276,-17.083751,-0.109625,-0.236625,0.042000,0.492366,-0.343657,0.091959,-3.141578,0.000020,-0.000038
16.444543,-2.636244,-0.466277,-17.083751,-0.109625,-0.236625,0.042000,0.492393,-0.343569,0.091961,-3.141578,0.000021,-0.000042
16.448541,-2.636244,-0.466281,-17.083751,-0.109625,-0.236625,0.042000,0.492417,-0.343483,0.091959,-3.141576,0.000025,-0.000057
16.452541,-2.636244,-0.466275,-17.083751,-0.109625,-0.236625,0.042000,0.492445,-0.343396,0.091961,-3.141578,0.000020,-0.000068
16.456539,-2.616244,-0.456280,-16.983751,-0.107625,-0.236625,0.042000,0.492469,-0.343307,0.091960,-3.141576,0.000024,-0.000078
16.460539,-2.616244,-0.456274,-16.983751,-0.107625,-0.236625,0.042000,0.492495,-0.343221,0.091963,-3.141578,0.000019,-0.000087
16.464539,-2.616244,-0.456267,-16.983751,-0.107625,-0.236625,0.042000,0.492523,-0.343134,0.091966,-3.141580,0.000013,-0.000084
16.468540,-2.616244,-0.456267,-16.983751,-0.107625,-0.236625,0.042000,0.492549,-0.343046,0.091966,-3.141581,0.000013,-0.000081
16.472539,-2.616244,-0.456268,-16.983751,-0.107625,-0.236625,0.042000,0.492576,-0.342958,0.091968,-3.141580,0.000014,-0.000071
16.476545,-2.616243,-0.456261,-16.983751,-0.107625,-0.236625,0.042000,0.492603,-0.342873,0.091971,-3.141582,0.000008,-0.000073
16.480539,-2.616244,-0.456268,-16.983751,-0.107625,-0.236625,0.042000,0.492628,-0.342784,0.091971,-3.141580,0.000014,-0.000063
16.484540,-2.616243,-0.456257,-16.983750,-0.107625,-0.236625,0.042000,0.492654,-0.342699,0.091976,-3.141584,0.000005,-0.000051
16.488506,-2.616243,-0.456250,-16.983750,-0.107625,-0.236625,0.042000,0.492682,-0.342611,0.091979,-3.141586,-0.000001,-0.000042
16.492496,-2.616243,-0.456250,-16.983750,-0.107625,-0.236625,0.042000,0.492682,-0.342611,0.091979,-3.141586,-0.000001,-0.000042
16.496494,-2.546243,-0.526252,-16.623750,-0.102625,-0.228625,0.041000,0.492733,-0.342435,0.091982,-3.141585,0.000001,-0.000029
16.500552,-2.546243,-0.526248,-16.623750,-0.102625,-0.228625,0.041000,0.492759,-0.342349,0.091987,-3.141587,-0.000003,-0.000031
16.504539,-2.546242,-0.526241,-16.623749,-0.102625,-0.228625,0.041000,0.492787,-0.342262,0.091990,-3.141589,-0.000008,-0.000021
16.508539,-2.546242,-0.526242,-16.623749,-0.102625,-0.228625,0.041000,0.492813,-0.342176,0.091992,-3.141588,-0.000007,-0.000023
16.512541,-2.546242,-0.526242,-16.623749,-0.102625,-0.228625,0.041000,0.492813,-0.342176,0.091992,-3.141588,-0.000007,-0.000023
16.516542,-2.546242,-0.526237,-16.623749,-0.102625,-0.228625,0.041000,0.492847,-0.342066,0.091996,-3.141590,-0.000012,-0.000020
16.520540,-2.546242,-0.526226,-16.623749,-0.102625,-0.228625,0.041000,0.492903,-0.341894,0.092002,3.141592,-0.000021,-0.000032
16.524540,-2.546242,-0.526226,-16.623749,-0.102625,-0.228625,0.041000,0.492903,-0.341894,0.092002,3.141592,-0.000021,-0.000032
16.528549,-2.546241,-0.526221,-16.623748,-0.102625,-0.228625,0.041000,0.492961,-0.341720,0.092007,3.141590,-0.000025,-0.000040
16.532544,-2.546242,-0.526227,-16.623749,-0.102625,-0.228625,0.041000,0.492986,-0.341634,0.092006,3.141592,-0.000020,-0.000048
16.536545,-2.476241,-0.466221,-16.023749,-0.103625,-0.217625,0.039000,0.493014,-0.341553,0.092009,3.141590,-0.000025,-0.000054
16.540537,-2.476241,-0.466221,-16.023749,-0.103625,-0.217625,0.039000,0.493040,-0.341470,0.092010,3.141590,-0.000025,-0.000054
16.544543,-2.476241,-0.466221,-16.023749,-0.103625,-0.217625,0.039000,0.493067,-0.341385,0.092011,3.141590,-0.000025,-0.000048
16.548539,-2.476242,-0.466227,-16.023749,-0.103625,-0.217625,0.039000,0.493091,-0.341302,0.092010,3.141592,-0.000020,-0.000048
16.552546,-2.476241,-0.466222,-16.023749,-0.103625,-0.217625,0.039000,0.493121,-0.341218,0.092014,3.141591,-0.000024,-0.000036
16.556546,-2.476241,-0.466222,-16.023749,-0.103625,-0.217625,0.039000,0.493121,-0.341218,0.092014,3.141591,-0.000024,-0.000036
16.560539,-2.476242,-0.466228,-16.023749,-0.103625,-0.217625,0.039000,0.493151,-0.341115,0.092013,3.141593,-0.000020,-0.000033
16.564550,-2.476242,-0.466228,-16.023749,-0.103625,-0.217625,0.039000,0.493151,-0.341115,0.092013,3.141593,-0.000020,-0.000033
16.568539,-2.476242,-0.466234,-16.023750,-0.103625,-0.217625,0.039000,0.493196,-0.340970,0.092013,-3.141591,-0.000015,-0.000027
16.572509,-2.476243,-0.466246,-16.023750,-0.103625,-0.217625,0.039000,0.493245,-0.340801,0.092012,-3.141587,-0.000004,-0.000028
16.576510,-2.316243,-0.516257,-15.173750,-0.098625,-0.202625,0.036000,0.493269,-0.340715,0.092008,-3.141584,0.000005,-0.000017
16.580504,-2.316243,-0.516257,-15.173750,-0.098625,-0.202625,0.036000,0.493295,-0.340632,0.092009,-3.141584,0.000005,-0.000016
16.584504,-2.316243,-0.516263,-15.173750,-0.098625,-0.202625,0.036000,0.493320,-0.340547,0.092009,-3.141582,0.000010,-0.000011
16.588508,-2.316243,-0.516263,-15.173750,-0.098625,-0.202625,0.036000,0.493320,-0.340547,0.092009,-3.141582,0.000010,-0.000011
16.592541,-2.316244,-0.516271,-15.173751,-0.098625,-0.202625,0.036000,0.493345,-0.340464,0.092009,-3.141579,0.000016,-0.000024
16.596509,-2.316244,-0.516276,-15.173751,-0.098625,-0.202625,0.036000,0.493372,-0.340379,0.092008,-3.141578,0.000021,-0.000025
16.600538,-2.316244,-0.516282,-15.173751,-0.098625,-0.202625,0.036000,0.493395,-0.340295,0.092007,-3.141576,0.000026,-0.000031
16.604544,-2.316245,-0.516288,-15.173751,-0.098625,-0.202625,0.036000,0.493419,-0.340212,0.092006,-3.141574,0.000031,-0.000038
16.608541,-2.316245,-0.516300,-15.173752,-0.098624,-0.202625,0.036000,0.493443,-0.340126,0.092003,-3.141571,0.000040,-0.000039
16.612540,-2.316245,-0.516300,-15.173752,-0.098624,-0.202625,0.036000,0.493469,-0.340044,0.092004,-3.141571,0.000040,-0.000052
16.616507,-2.316245,-0.516300,-15.173752,-0.098624,-0.202625,0.036000,0.493469,-0.340044,0.092004,-3.141571,0.000040,-0.000052
16.620541,-2.226245,-0.526292,-14.873751,-0.095625,-0.199625,0.035000,0.493522,-0.339876,0.092007,-3.141573,0.000034,-0.000053
16.624541,-2.226245,-0.526287,-14.873751,-0.095625,-0.199625,0.035000,0.493549,-0.339792,0.092011,-3.141575,0.000030,-0.000055
16.628546,-2.226245,-0.526300,-14.873752,-0.095624,-0.199625,0.035000,0.493575,-0.339707,0.092008,-3.141571,0.000040,-0.000056
16.632553,-2.226245,-0.526304,-14.873752,-0.095624,-0.199625,0.035000,0.493594,-0.339621,0.092006,-3.141569,0.000044,-0.000089
16.636544,-2.226244,-0.526282,-14.873751,-0.095625,-0.199625,0.035000,0.493624,-0.339541,0.092016,-3.141576,0.000025,-0.000089
16.640539,-2.226244,-0.526282,-14.873751,-0.095625,-0.199625,0.035000,0.493661,-0.339440,0.092017,-3.141576,0.000025,-0.000052
16.644540,-2.226244,-0.526281,-14.873751,-0.095625,-0.199625,0.035000,0.493689,-0.339358,0.092017,-3.141577,0.000025,-0.000058
16.648543,-2.226244,-0.526275,-14.873751,-0.095625,-0.199625,0.035000,0.493716,-0.339276,0.092020,-3.141578,0.000019,-0.000057
16.652540,-2.226244,-0.526276,-14.873751,-0.095625,-0.199625,0.035000,0.493741,-0.339196,0.092022,-3.141578,0.000021,-0.000068
16.656539,-2.206243,-0.486262,-14.883750,-0.094625,-0.200625,0.034000,0.493769,-0.339115,0.092026,-3.141582,0.000009,-0.000068
16.660540,-2.196243,-0.506261,-14.853751,-0.092625,-0.199625,0.034000,0.493795,-0.339035,0.092026,-3.141582,0.000009,-0.000071
16.664540,-2.196244,-0.506269,-14.853751,-0.092625,-0.199625,0.034000,0.493820,-0.338952,0.092027,-3.141580,0.000015,-0.000078
16.668540,-2.196243,-0.506263,-14.853751,-0.092625,-0.199625,0.034000,0.493845,-0.338873,0.092029,-3.141582,0.000010,-0.000081
16.672540,-2.196243,-0.506261,-14.853751,-0.092625,-0.199625,0.034000,0.493871,-0.338790,0.092029,-3.141583,0.000008,-0.000088
16.676542,-2.196243,-0.506254,-14.853750,-0.092625,-0.199625,0.034000,0.493898,-0.338708,0.092031,-3.141584,0.000003,-0.000087
16.680540,-2.196243,-0.506260,-14.853750,-0.092625,-0.199625,0.034000,0.493922,-0.338628,0.092030,-3.141583,0.000007,-0.000098
16.684513,-2.196243,-0.506260,-14.853750,-0.092625,-0.199625,0.034000,0.493947,-0.338545,0.092031,-3.141583,0.000007,-0.000097
16.688539,-2.196244,-0.506265,-14.853751,-0.092625,-0.199625,0.034000,0.493972,-0.338462,0.092029,-3.141581,0.000011,-0.000096
16.692541,-2.196244,-0.506265,-14.853751,-0.092625,-0.199625,0.034000,0.493997,-0.338380,0.092030,-3.141581,0.000011,-0.000089
16.696540,-2.136244,-0.626270,-14.313751,-0.083625,-0.195625,0.033000,0.494021,-0.338299,0.092029,-3.141580,0.000016,-0.000079
16.700507,-2.136244,-0.626276,-14.313751,-0.083625,-0.195625,0.033000,0.494044,-0.338216,0.092028,-3.141578,0.000021,-0.000079
16.704497,-2.136244,-0.626276,-14.313751,-0.083625,-0.195625,0.033000,0.494069,-0.338133,0.092029,-3.141578,0.000021,-0.000065
16.708538,-2.136245,-0.626287,-14.313752,-0.083625,-0.195625,0.033000,0.494092,-0.338050,0.092026,-3.141575,0.000030,-0.000057
16.712540,-2.136245,-0.626281,-14.313751,-0.083625,-0.195625,0.033000,0.494119,-0.337968,0.092029,-3.141576,0.000025,-0.000057
16.716539,-2.136245,-0.626287,-14.313752,-0.083625,-0.195625,0.033000,0.494140,-0.337887,0.092028,-3.141575,0.000030,-0.000054
16.720540,-2.136245,-0.626287,-14.313752,-0.083625,-0.195625,0.033000,0.494165,-0.337804,0.092029,-3.141575,0.000030,-0.000053
16.724540,-2.136245,-0.626299,-14.313752,-0.083624,-0.195625,0.033000,0.494188,-0.337721,0.092026,-3.141571,0.000040,-0.000059
16.728540,-2.136245,-0.626293,-14.313752,-0.083625,-0.195625,0.033000,0.494215,-0.337639,0.092029,-3.141573,0.000035,-0.000072
16.732545,-2.136245,-0.626291,-14.313752,-0.083625,-0.195625,0.033000,0.494237,-0.337558,0.092029,-3.141573,0.000033,-0.000083
16.736559,-2.136245,-0.626290,-14.313752,-0.083625,-0.195625,0.033000,0.494266,-0.337474,0.092029,-3.141574,0.000033,-0.000085
16.740540,-2.106245,-0.526296,-13.693752,-0.081624,-0.188625,0.031000,0.494287,-0.337392,0.092028,-3.141572,0.000038,-0.000088
16.744539,-2.106245,-0.526290,-13.693752,-0.081625,-0.188625,0.031000,0.494314,-0.337311,0.092031,-3.141574,0.000033,-0.000088
16.748538,-2.106245,-0.526284,-13.693752,-0.081625,-0.188625,0.031000,0.494341,-0.337229,0.092034,-3.141576,0.000028,-0.000087
16.752547,-2.106245,-0.526283,-13.693752,-0.081625,-0.188625,0.031000,0.494372,-0.337126,0.092034,-3.141576,0.000027,-0.000091
16.756540,-2.106245,-0.526289,-13.693752,-0.081625,-0.188625,0.031000,0.494391,-0.337063,0.092033,-3.141574,0.000032,-0.000093
16.760540,-2.106244,-0.526276,-13.693751,-0.081625,-0.188625,0.031000,0.494424,-0.336964,0.092038,-3.141578,0.000021,-0.000094
16.764540,-2.106244,-0.526270,-13.693751,-0.081625,-0.188625,0.031000,0.494444,-0.336902,0.092040,-3.141580,0.000015,-0.000089
16.768539,-2.106243,-0.526257,-13.693751,-0.081625,-0.188625,0.031000,0.494479,-0.336801,0.092044,-3.141584,0.000004,-0.000080
16.772509,-2.106243,-0.526251,-13.693750,-0.081625,-0.188625,0.031000,0.494494,-0.336737,0.092047,-3.141586,-0.000001,-0.000102
16.776540,-2.056243,-0.496261,-13.323750,-0.083625,-0.182625,0.030000,0.494516,-0.336656,0.092042,-3.141583,0.000008,-0.000092
16.780546,-2.056242,-0.496244,-13.323749,-0.083625,-0.182625,0.030000,0.494545,-0.336572,0.092051,-3.141588,-0.000006,-0.000073
16.784540,-2.056242,-0.496233,-13.323749,-0.083625,-0.182625,0.030000,0.494585,-0.336472,0.092056,-3.141591,-0.000015,-0.000030
16.788540,-2.056242,-0.496232,-13.323749,-0.083625,-0.182625,0.030000,0.494612,-0.336391,0.092056,-3.141591,-0.000016,-0.000023
16.792539,-2.056241,-0.496225,-13.323748,-0.083625,-0.182625,0.030000,0.494635,-0.336310,0.092058,3.141592,-0.000022,-0.000020
16.796537,-2.056241,-0.496230,-13.323749,-0.083625,-0.182625,0.030000,0.494660,-0.336228,0.092056,-3.141592,-0.000018,-0.000019
16.800539,-2.056241,-0.496230,-13.323749,-0.083625,-0.182625,0.030000,0.494685,-0.336145,0.092057,-3.141592,-0.000018,-0.000025
16.804506,-2.056241,-0.496221,-13.323748,-0.083625,-0.182625,0.030000,0.494712,-0.336063,0.092058,3.141591,-0.000025,-0.000031
16.808492,-2.056241,-0.496228,-13.323749,-0.083625,-0.182625,0.030000,0.494735,-0.335980,0.092058,-3.141593,-0.000020,-0.000038
16.812493,-2.056242,-0.496233,-13.323749,-0.083625,-0.182625,0.030000,0.494759,-0.335897,0.092056,-3.141591,-0.000015,-0.000044
16.816492,-2.056242,-0.496238,-13.323749,-0.083625,-0.182625,0.030000,0.494784,-0.335814,0.092055,-3.141590,-0.000011,-0.000050
16.820550,-1.876242,-0.496236,-12.703749,-0.080625,-0.169625,0.029000,0.494807,-0.335731,0.092055,-3.141590,-0.000012,-0.000063
16.824540,-1.876242,-0.496241,-12.703749,-0.080625,-0.169625,0.029000,0.494831,-0.335648,0.092053,-3.141588,-0.000008,-0.000069
16.828548,-1.876243,-0.496247,-12.703749,-0.080625,-0.169625,0.029000,0.494854,-0.335568,0.092051,-3.141587,-0.000004,-0.000073
16.832540,-1.876243,-0.496253,-12.703750,-0.080625,-0.169625,0.029000,0.494878,-0.335482,0.092051,-3.141585,0.000001,-0.000074
16.836538,-1.876243,-0.496256,-12.703750,-0.080625,-0.169625,0.029000,0.494901,-0.335399,0.092048,-3.141584,0.000004,-0.000080
16.840540,-1.876243,-0.496261,-12.703750,-0.080625,-0.169625,0.029000,0.494925,-0.335311,0.092046,-3.141583,0.000008,-0.000077
16.844541,-1.876244,-0.496267,-12.703750,-0.080625,-0.169625,0.029000,0.494949,-0.335225,0.092046,-3.141581,0.000013,-0.000072
16.848540,-1.876244,-0.496266,-12.703750,-0.080625,-0.169625,0.029000,0.494976,-0.335137,0.092046,-3.141581,0.000012,-0.000056
16.852540,-1.876244,-0.496272,-12.703750,-0.080625,-0.169625,0.029000,0.495000,-0.335052,0.092045,-3.141579,0.000017,-0.000044
16.856541,-1.856244,-0.426270,-12.043750,-0.078625,-0.165625,0.028000,0.495026,-0.334964,0.092045,-3.141580,0.000016,-0.000028
16.860541,-1.856244,-0.426270,-12.043750,-0.078625,-0.165625,0.028000,0.495053,-0.334877,0.092046,-3.141580,0.000016,-0.000011
16.864540,-1.856244,-0.426274,-12.043751,-0.078625,-0.165625,0.028000,0.495078,-0.334791,0.092043,-3.141579,0.000019,0.000000
16.868540,-1.856244,-0.426266,-12.043750,-0.078625,-0.165625,0.028000,0.495106,-0.334705,0.092045,-3.141581,0.000013,0.000010
16.872540,-1.856244,-0.426266,-12.043750,-0.078625,-0.165625,0.028000,0.495132,-0.334620,0.092046,-3.141581,0.000013,0.000008
16.876540,-1.856244,-0.426264,-12.043750,-0.078625,-0.165625,0.028000,0.495160,-0.334533,0.092045,-3.141582,0.000011,0.000005
16.880540,-1.856243,-0.426258,-12.043750,-0.078625,-0.165625,0.028000,0.495188,-0.334449,0.092048,-3.141584,0.000006,-0.000004
16.884541,-1.856243,-0.426255,-12.043750,-0.078625,-0.165625,0.028000,0.495216,-0.334362,0.092047,-3.141584,0.000004,-0.000008
16.888541,-1.856243,-0.426248,-12.043750,-0.078625,-0.165625,0.028000,0.495242,-0.334277,0.092049,-3.141586,-0.000003,-0.000016
16.892540,-1.856242,-0.426239,-12.043749,-0.078625,-0.165625,0.028000,0.495272,-0.334191,0.092050,-3.141589,-0.000010,-0.000026
16.896540,-1.856242,-0.426243,-12.043749,-0.078625,-0.165625,0.028000,0.495298,-0.334103,0.092047,-3.141588,-0.000007,-0.000071
16.900540,-1.886241,-0.386222,-12.073749,-0.077625,-0.171625,0.028000,0.495327,-0.334019,0.092051,3.141591,-0.000025,-0.000086
16.904541,-1.886241,-0.386227,-12.073749,-0.077625,-0.171625,0.028000,0.495361,-0.333912,0.092050,-3.141593,-0.000020,-0.000067
16.908545,-1.886242,-0.386242,-12.073750,-0.077625,-0.171625,0.028000,0.495383,-0.333826,0.092043,-3.141588,-0.000008,-0.000082
16.912534,-1.886241,-0.386220,-12.073749,-0.077625,-0.171625,0.028000,0.495415,-0.333741,0.092047,3.141591,-0.000026,-0.000086
16.916588,-1.886241,-0.386224,-12.073749,-0.077625,-0.171625,0.028000,0.495440,-0.333655,0.092044,3.141592,-0.000023,-0.000081
16.920573,-1.886241,-0.386221,-12.073749,-0.077625,-0.171625,0.028000,0.495467,-0.333568,0.092043,3.141591,-0.000025,-0.000064
16.924567,-1.886241,-0.386225,-12.073749,-0.077625,-0.171625,0.028000,0.495491,-0.333483,0.092040,3.141592,-0.000022,-0.000053
16.928480,-1.886241,-0.386217,-12.073749,-0.077625,-0.171625,0.028000,0.495519,-0.333396,0.092042,3.141590,-0.000029,-0.000036
16.932567,-1.886241,-0.386221,-12.073749,-0.077625,-0.171625,0.028000,0.495545,-0.333308,0.092040,3.141591,-0.000025,-0.000013
16.936558,-1.896241,-0.506224,-11.913749,-0.070625,-0.169625,0.029000,0.495570,-0.333220,0.092037,3.141592,-0.000022,-0.000004
16.940549,-1.896241,-0.506228,-11.913749,-0.070625,-0.169625,0.029000,0.495596,-0.333133,0.092034,-3.141592,-0.000019,0.000013
16.944545,-1.896241,-0.506227,-11.913749,-0.070625,-0.169625,0.029000,0.495622,-0.333045,0.092034,3.141593,-0.000021,0.000016
16.948549,-1.896242,-0.506230,-11.913749,-0.070625,-0.169625,0.029000,0.495649,-0.332955,0.092032,-3.141592,-0.000018,0.000023
16.952544,-1.896243,-0.506247,-11.913750,-0.070625,-0.169625,0.029000,0.495671,-0.332866,0.092027,-3.141587,-0.000003,0.000013
16.956546,-1.896242,-0.506245,-11.913750,-0.070625,-0.169625,0.029000,0.495700,-0.332777,0.092026,-3.141587,-0.000005,0.000006
16.960490,-1.896243,-0.506255,-11.913750,-0.070625,-0.169625,0.029000,0.495724,-0.332689,0.092021,-3.141584,0.000003,-0.000004
16.964533,-1.896243,-0.506252,-11.913750,-0.070625,-0.169625,0.029000,0.495751,-0.332602,0.092020,-3.141585,0.000001,-0.000015
16.968534,-1.896243,-0.506256,-11.913750,-0.070625,-0.169625,0.029000,0.495778,-0.332512,0.092018,-3.141584,0.000004,-0.000027
16.972535,-1.896244,-0.506266,-11.913751,-0.070625,-0.169625,0.029000,0.495805,-0.332424,0.092014,-3.141581,0.000012,-0.000045
16.976540,-1.886244,-0.426270,-11.843751,-0.072625,-0.167625,0.027000,0.495830,-0.332337,0.092011,-3.141580,0.000015,-0.000062
16.980541,-1.886244,-0.426265,-11.843750,-0.072625,-0.167625,0.027000,0.495859,-0.332247,0.092008,-3.141582,0.000011,-0.000075
16.984540,-1.886244,-0.426267,-11.843751,-0.072625,-0.167625,0.027000,0.495886,-0.332160,0.092005,-3.141581,0.000013,-0.000092
16.988544,-1.886243,-0.426260,-11.843750,-0.072625,-0.167625,0.027000,0.495914,-0.332074,0.092000,-3.141583,0.000007,-0.000096
16.992540,-1.886243,-0.426255,-11.843750,-0.072625,-0.167625,0.027000,0.495942,-0.331987,0.091997,-3.141584,0.000003,-0.000093
16.996538,-1.886243,-0.426255,-11.843750,-0.072625,-0.167625,0.027000,0.495942,-0.331987,0.091997,-3.141584,0.000003,-0.000093
17.000547,-1.886243,-0.426256,-11.843750,-0.072625,-0.167625,0.027000,0.495968,-0.331899,0.091993,-3.141584,0.000004,-0.000090
17.004540,-1.886242,-0.426237,-11.843749,-0.072625,-0.167625,0.027000,0.496027,-0.331724,0.091987,-3.141590,-0.000012,-0.000073
17.008541,-1.886242,-0.426245,-11.843750,-0.072625,-0.167625,0.027000,0.496054,-0.331637,0.091981,-3.141587,-0.000005,-0.000064
17.012540,-1.886242,-0.426240,-11.843749,-0.072625,-0.167625,0.027000,0.496081,-0.331550,0.091978,-3.141589,-0.000009,-0.000054
17.016548,-1.926242,-0.406241,-12.023749,-0.075625,-0.167625,0.027000,0.496108,-0.331460,0.091973,-3.141588,-0.000008,-0.000040
17.020508,-1.956242,-0.446235,-12.333749,-0.076625,-0.170625,0.029000,0.496138,-0.331374,0.091969,-3.141590,-0.000013,-0.000037
17.024538,-1.956242,-0.446235,-12.333749,-0.076625,-0.170625,0.029000,0.496138,-0.331374,0.091969,-3.141590,-0.000013,-0.000037
17.028544,-1.956240,-0.446214,-12.333748,-0.076625,-0.170625,0.029000,0.496165,-0.331287,0.091967,3.141589,-0.000032,-0.000081
17.032540,-1.956241,-0.446228,-12.333749,-0.076625,-0.170625,0.029000,0.496227,-0.331087,0.091954,-3.141592,-0.000020,-0.000051
17.036557,-1.956241,-0.446222,-12.333749,-0.076625,-0.170625,0.029000,0.496256,-0.331001,0.091951,3.141591,-0.000025,-0.000061
17.040547,-1.956241,-0.446222,-12.333749,-0.076625,-0.170625,0.029000,0.496256,-0.331001,0.091951,3.141591,-0.000025,-0.000061
17.044508,-1.956241,-0.446222,-12.333749,-0.076625,-0.170625,0.029000,0.496283,-0.330914,0.091945,3.141591,-0.000024,-0.000072
17.048540,-1.956241,-0.446222,-12.333749,-0.076625,-0.170625,0.029000,0.496339,-0.330738,0.091934,3.141591,-0.000024,-0.000095
17.052511,-1.956241,-0.446230,-12.333749,-0.076625,-0.170625,0.029000,0.496364,-0.330653,0.091928,-3.141592,-0.000018,-0.000110
17.056502,-1.956241,-0.536231,-13.343749,-0.082625,-0.176625,0.030000,0.496390,-0.330565,0.091924,-3.141591,-0.000017,-0.000121
17.060503,-1.956242,-0.536236,-13.343749,-0.082625,-0.176625,0.030000,0.496416,-0.330478,0.091922,-3.141590,-0.000013,-0.000125
17.064502,-1.956242,-0.536239,-13.343749,-0.082625,-0.176625,0.030000,0.496443,-0.330391,0.091919,-3.141589,-0.000010,-0.000115
17.068541,-1.956242,-0.536239,-13.343749,-0.082625,-0.176625,0.030000,0.496443,-0.330391,0.091919,-3.141589,-0.000010,-0.000115
17.072511,-1.956243,-0.536254,-13.343750,-0.082625,-0.176625,0.030000,0.496492,-0.330215,0.091913,-3.141585,0.000002,-0.000109
17.076540,-1.956243,-0.536254,-13.343750,-0.082625,-0.176625,0.030000,0.496492,-0.330215,0.091913,-3.141585,0.000002,-0.000109
17.080544,-1.956243,-0.536251,-13.343750,-0.082625,-0.176625,0.030000,0.496521,-0.330126,0.091912,-3.141586,-0.000000,-0.000095
17.084514,-1.956243,-0.536260,-13.343750,-0.082625,-0.176625,0.030000,0.496572,-0.329951,0.091908,-3.141583,0.000007,-0.000069
17.088542,-1.956243,-0.536260,-13.343750,-0.082625,-0.176625,0.030000,0.496572,-0.329951,0.091908,-3.141583,0.000007,-0.000069
17.092540,-1.956243,-0.536257,-13.343750,-0.082625,-0.176625,0.030000,0.496599,-0.329864,0.091907,-3.141584,0.000005,-0.000059
17.096541,-1.956243,-0.536256,-13.343750,-0.082625,-0.176625,0.030000,0.496628,-0.329777,0.091907,-3.141584,0.000004,-0.000050
17.100513,-2.156243,-0.506254,-14.633750,-0.090625,-0.198625,0.033000,0.496655,-0.329690,0.091906,-3.141585,0.000002,-0.000047
17.104545,-2.156243,-0.506251,-14.633750,-0.090625,-0.198625,0.033000,0.496683,-0.329601,0.091905,-3.141585,0.000000,-0.000039
17.108541,-2.156242,-0.506238,-14.633749,-0.090625,-0.198625,0.033000,0.496711,-0.329517,0.091909,-3.141589,-0.000011,-0.000048
17.112546,-2.156242,-0.506235,-14.633749,-0.090625,-0.198625,0.033000,0.496739,-0.329428,0.091908,-3.141590,-0.000013,-0.000047
17.116540,-2.156242,-0.506240,-14.633749,-0.090625,-0.198625,0.033000,0.496766,-0.329341,0.091906,-3.141589,-0.000009,-0.000051
17.120540,-2.156241,-0.506232,-14.633749,-0.090625,-0.198625,0.033000,0.496795,-0.329254,0.091907,-3.141591,-0.000016,-0.000062
17.124540,-2.156241,-0.506229,-14.633749,-0.090625,-0.198625,0.033000,0.496822,-0.329167,0.091906,-3.141592,-0.000018,-0.000065
17.128546,-2.156241,-0.506221,-14.633749,-0.090625,-0.198625,0.033000,0.496851,-0.329081,0.091907,3.141591,-0.000025,-0.000083
17.132538,-2.156241,-0.506221,-14.633749,-0.090625,-0.198625,0.033000,0.496851,-0.329081,0.091907,3.141591,-0.000025,-0.000083
17.136538,-2.156240,-0.506215,-14.633748,-0.090625,-0.198625,0.033000,0.496913,-0.328888,0.091905,3.141589,-0.000030,-0.000095
17.140538,-2.366240,-0.476212,-15.463748,-0.096625,-0.216625,0.036000,0.496938,-0.328806,0.091904,3.141588,-0.000033,-0.000094
17.144541,-2.366240,-0.476216,-15.463748,-0.096625,-0.216625,0.036000,0.496963,-0.328724,0.091901,3.141590,-0.000029,-0.000093
17.148540,-2.366240,-0.476213,-15.463748,-0.096625,-0.216625,0.036000,0.496989,-0.328642,0.091899,3.141589,-0.000032,-0.000086
17.152538,-2.366240,-0.476211,-15.463748,-0.096625,-0.216625,0.036000,0.497016,-0.328561,0.091899,3.141588,-0.000034,-0.000072
17.156539,-2.366239,-0.476202,-15.463748,-0.096626,-0.216625,0.036000,0.497042,-0.328479,0.091900,3.141586,-0.000041,-0.000065
17.160545,-2.366239,-0.476200,-15.463748,-0.096626,-0.216625,0.036000,0.497068,-0.328400,0.091899,3.141585,-0.000043,-0.000055
17.164540,-2.366239,-0.476197,-15.463748,-0.096626,-0.216625,0.036000,0.497093,-0.328318,0.091897,3.141584,-0.000046,-0.000048
17.168540,-2.366239,-0.476201,-15.463748,-0.096626,-0.216625,0.036000,0.497118,-0.328236,0.091895,3.141585,-0.000042,-0.000034
17.172540,-2.366239,-0.476200,-15.463748,-0.096626,-0.216625,0.036000,0.497144,-0.328154,0.091895,3.141585,-0.000043,-0.000026
17.176541,-2.386239,-0.566204,-15.553748,-0.090625,-0.217625,0.038000,0.497170,-0.328069,0.091893,3.141586,-0.000040,-0.000008
17.180540,-2.386239,-0.566201,-15.553748,-0.090626,-0.217625,0.038000,0.497196,-0.327987,0.091891,3.141585,-0.000043,-0.000007
17.184540,-2.386239,-0.566206,-15.553748,-0.090625,-0.217625,0.038000,0.497219,-0.327904,0.091890,3.141587,-0.000038,0.000000
17.188540,-2.386240,-0.566208,-15.553748,-0.090625,-0.217625,0.038000,0.497242,-0.327822,0.091886,3.141587,-0.000036,0.000008
17.192541,-2.386240,-0.566207,-15.553748,-0.090625,-0.217625,0.038000,0.497267,-0.327740,0.091886,3.141587,-0.000037,0.000001
17.196538,-2.386240,-0.566211,-15.553748,-0.090625,-0.217625,0.038000,0.497292,-0.327658,0.091884,3.141588,-0.000034,0.000002
17.200540,-2.386240,-0.566217,-15.553749,-0.090625,-0.217625,0.038000,0.497315,-0.327575,0.091883,3.141590,-0.000029,-0.000011
17.204540,-2.386241,-0.566221,-15.553749,-0.090625,-0.217625,0.038000,0.497341,-0.327491,0.091880,3.141591,-0.000026,-0.000012
17.208540,-2.386240,-0.566220,-15.553749,-0.090625,-0.217625,0.038000,0.497365,-0.327411,0.091880,3.141591,-0.000027,-0.000023
17.212546,-2.386240,-0.566219,-15.553749,-0.090625,-0.217625,0.038000,0.497392,-0.327326,0.091881,3.141590,-0.000027,-0.000031
17.216540,-2.386241,-0.576223,-15.573748,-0.090625,-0.216625,0.038000,0.497416,-0.327244,0.091878,3.141592,-0.000024,-0.000031
17.220540,-2.406241,-0.496222,-15.733749,-0.097625,-0.215625,0.037000,0.497441,-0.327162,0.091879,3.141591,-0.000025,-0.000030
17.224540,-2.406241,-0.496226,-15.733749,-0.097625,-0.215625,0.037000,0.497466,-0.327080,0.091876,3.141593,-0.000021,-0.000036
17.228541,-2.406240,-0.496219,-15.733749,-0.097625,-0.215625,0.037000,0.497493,-0.326999,0.091878,3.141590,-0.000027,-0.000036
17.232545,-2.406241,-0.496223,-15.733749,-0.097625,-0.215625,0.037000,0.497520,-0.326914,0.091876,3.141592,-0.000024,-0.000037
17.236548,-2.406242,-0.496235,-15.733750,-0.097625,-0.215625,0.037000,0.497542,-0.326834,0.091873,-3.141590,-0.000014,-0.000035
17.240540,-2.406242,-0.496234,-15.733750,-0.097625,-0.215625,0.037000,0.497569,-0.326750,0.091873,-3.141591,-0.000015,-0.000023
17.244540,-2.406241,-0.496232,-15.733749,-0.097625,-0.215625,0.037000,0.497594,-0.326671,0.091872,-3.141591,-0.000016,-0.000020
17.248540,-2.406242,-0.496236,-15.733750,-0.097625,-0.215625,0.037000,0.497619,-0.326589,0.091870,-3.141590,-0.000013,-0.000019
17.252545,-2.406241,-0.496227,-15.733749,-0.097625,-0.215625,0.037000,0.497643,-0.326509,0.091871,-3.141592,-0.000020,-0.000030
17.256541,-2.406241,-0.496231,-15.733749,-0.097625,-0.215625,0.037000,0.497667,-0.326427,0.091869,-3.141591,-0.000017,-0.000029
17.260541,-2.406241,-0.456224,-16.103749,-0.104625,-0.214625,0.039000,0.497695,-0.326346,0.091871,3.141592,-0.000023,-0.000029
17.264540,-2.406241,-0.456228,-16.103749,-0.104625,-0.214625,0.039000,0.497719,-0.326263,0.091868,-3.141592,-0.000019,-0.000028
17.268544,-2.406241,-0.456229,-16.103749,-0.104625,-0.214625,0.039000,0.497744,-0.326184,0.091869,-3.141592,-0.000019,-0.000025
17.272540,-2.406241,-0.456233,-16.103749,-0.104625,-0.214625,0.039000,0.497769,-0.326102,0.091867,-3.141591,-0.000015,-0.000025
17.276540,-2.406241,-0.456226,-16.103749,-0.104625,-0.214625,0.039000,0.497796,-0.326021,0.091869,3.141593,-0.000021,-0.000024
17.280542,-2.406241,-0.456225,-16.103749,-0.104625,-0.214625,0.039000,0.497821,-0.325939,0.091869,3.141592,-0.000022,-0.000023
17.284539,-2.406241,-0.456231,-16.103749,-0.104625,-0.214625,0.039000,0.497845,-0.325859,0.091868,-3.141591,-0.000017,-0.000034
17.288540,-2.406241,-0.456223,-16.103749,-0.104625,-0.214625,0.039000,0.497879,-0.325755,0.091870,3.141592,-0.000024,-0.000040
17.292541,-2.406241,-0.456233,-16.103749,-0.104625,-0.214625,0.039000,0.497891,-0.325694,0.091866,-3.141591,-0.000015,-0.000080
17.296540,-2.406241,-0.456227,-16.103749,-0.104625,-0.214625,0.039000,0.497928,-0.325594,0.091869,-3.141592,-0.000020,-0.000043
17.300540,-2.456241,-0.506231,-16.433749,-0.106625,-0.218625,0.040000,0.497953,-0.325512,0.091866,-3.141591,-0.000017,-0.000049
17.304541,-2.456241,-0.506230,-16.433749,-0.106625,-0.218625,0.040000,0.497977,-0.325430,0.091866,-3.141591,-0.000018,-0.000049
17.308540,-2.456242,-0.506234,-16.433749,-0.106625,-0.218625,0.040000,0.498002,-0.325348,0.091864,-3.141590,-0.000014,-0.000048
17.312541,-2.456242,-0.506235,-16.433749,-0.106625,-0.218625,0.040000,0.498028,-0.325266,0.091865,-3.141590,-0.000014,-0.000047
17.316540,-2.456242,-0.506239,-16.433750,-0.106625,-0.218625,0.040000,0.498052,-0.325184,0.091863,-3.141589,-0.000010,-0.000047
17.320541,-2.456242,-0.506246,-16.433750,-0.106625,-0.218625,0.040000,0.498077,-0.325102,0.091863,-3.141587,-0.000005,-0.000053
17.324542,-2.456243,-0.506250,-16.433750,-0.106625,-0.218625,0.040000,0.498100,-0.325022,0.091860,-3.141586,-0.000001,-0.000064
17.328543,-2.456243,-0.506249,-16.433750,-0.106625,-0.218625,0.040000,0.498124,-0.324940,0.091860,-3.141586,-0.000002,-0.000063
17.332541,-2.456243,-0.506253,-16.433750,-0.106625,-0.218625,0.040000,0.498149,-0.324858,0.091858,-3.141585,0.000002,-0.000062
17.336550,-2.456244,-0.506259,-16.433750,-0.106625,-0.218625,0.040000,0.498173,-0.324775,0.091858,-3.141583,0.000007,-0.000069
17.340545,-2.466243,-0.496259,-16.683750,-0.107625,-0.225625,0.041000,0.498197,-0.324693,0.091858,-3.141583,0.000006,-0.000075
17.344540,-2.466244,-0.496265,-16.683751,-0.107625,-0.225625,0.041000,0.498223,-0.324609,0.091857,-3.141582,0.000012,-0.000076
17.348541,-2.466244,-0.496264,-16.683751,-0.107625,-0.225625,0.041000,0.498247,-0.324527,0.091858,-3.141582,0.000011,-0.000076
17.352541,-2.466244,-0.496263,-16.683751,-0.107625,-0.225625,0.041000,0.498272,-0.324445,0.091858,-3.141582,0.000010,-0.000082
17.356540,-2.466243,-0.496257,-16.683750,-0.107625,-0.225625,0.041000,0.498297,-0.324363,0.091861,-3.141584,0.000005,-0.000088
17.360542,-2.466244,-0.496261,-16.683750,-0.107625,-0.225625,0.041000,0.498321,-0.324281,0.091858,-3.141583,0.000009,-0.000087
17.364541,-2.466244,-0.496268,-16.683751,-0.107625,-0.225625,0.041000,0.498345,-0.324198,0.091858,-3.141581,0.000014,-0.000127
17.368540,-2.466244,-0.496267,-16.683751,-0.107625,-0.225625,0.041000,0.498371,-0.324114,0.091858,-3.141581,0.000013,-0.000088
17.372538,-2.466244,-0.496266,-16.683751,-0.107625,-0.225625,0.041000,0.498396,-0.324032,0.091858,-3.141581,0.000013,-0.000081
17.376540,-2.466245,-0.496273,-16.683751,-0.107625,-0.225625,0.041000,0.498420,-0.323950,0.091858,-3.141580,0.000018,-0.000080
17.380541,-2.526245,-0.576277,-17.083751,-0.103625,-0.232625,0.042000,0.498445,-0.323865,0.091856,-3.141578,0.000022,-0.000075
17.384540,-2.526245,-0.576276,-17.083751,-0.103625,-0.232625,0.042000,0.498470,-0.323783,0.091856,-3.141579,0.000021,-0.000068
17.388540,-2.526245,-0.576280,-17.083751,-0.103625,-0.232625,0.042000,0.498494,-0.323701,0.091854,-3.141577,0.000024,-0.000060
17.392541,-2.526245,-0.576273,-17.083751,-0.103625,-0.232625,0.042000,0.498522,-0.323618,0.091856,-3.141579,0.000018,-0.000055
17.396540,-2.526245,-0.576277,-17.083751,-0.103625,-0.232625,0.042000,0.498546,-0.323535,0.091853,-3.141578,0.000022,-0.000055
17.400540,-2.526245,-0.576276,-17.083751,-0.103625,-0.232625,0.042000,0.498571,-0.323453,0.091853,-3.141579,0.000021,-0.000068
17.404540,-2.526245,-0.576280,-17.083751,-0.103625,-0.232625,0.042000,0.498596,-0.323369,0.091851,-3.141577,0.000024,-0.000069
17.408540,-2.526245,-0.576273,-17.083751,-0.103625,-0.232625,0.042000,0.498623,-0.323288,0.091853,-3.141579,0.000018,-0.000082
17.412540,-2.526245,-0.576272,-17.083751,-0.103625,-0.232625,0.042000,0.498649,-0.323203,0.091853,-3.141580,0.000018,-0.000084
17.416544,-2.686245,-0.536270,-17.343751,-0.106625,-0.240625,0.043000,0.498675,-0.323122,0.091853,-3.141580,0.000016,-0.000130
17.420541,-2.686244,-0.536262,-17.343750,-0.106625,-0.240625,0.043000,0.498700,-0.323040,0.091854,-3.141583,0.000009,-0.000136
17.424545,-2.686244,-0.536269,-17.343751,-0.106625,-0.240625,0.043000,0.498731,-0.322936,0.091854,-3.141581,0.000015,-0.000095
17.428541,-2.686244,-0.536260,-17.343750,-0.106625,-0.240625,0.043000,0.498756,-0.322854,0.091855,-3.141583,0.000008,-0.000101
17.432509,-2.686243,-0.536253,-17.343750,-0.106625,-0.240625,0.043000,0.498784,-0.322770,0.091857,-3.141585,0.000002,-0.000096
17.436544,-2.686243,-0.536253,-17.343750,-0.106625,-0.240625,0.043000,0.498784,-0.322770,0.091857,-3.141585,0.000002,-0.000096
17.440546,-2.686242,-0.536246,-17.343750,-0.106625,-0.240625,0.043000,0.498838,-0.322599,0.091860,-3.141587,-0.000004,-0.000088
17.444538,-2.686242,-0.536245,-17.343750,-0.106625,-0.240625,0.043000,0.498866,-0.322511,0.091860,-3.141587,-0.000005,-0.000074
17.448538,-2.686242,-0.536239,-17.343749,-0.106625,-0.240625,0.043000,0.498894,-0.322424,0.091863,-3.141589,-0.000010,-0.000071
17.452538,-2.686242,-0.536238,-17.343749,-0.106625,-0.240625,0.043000,0.498921,-0.322338,0.091863,-3.141589,-0.000011,-0.000061
17.456538,-2.716241,-0.536230,-17.403749,-0.107625,-0.241625,0.044000,0.498950,-0.322249,0.091864,-3.141592,-0.000018,-0.000054
17.460539,-2.736241,-0.596230,-17.663749,-0.107625,-0.241625,0.045000,0.498975,-0.322162,0.091865,-3.141592,-0.000018,-0.000051
17.464540,-2.736241,-0.596229,-17.663749,-0.107625,-0.241625,0.045000,0.499004,-0.322073,0.091865,-3.141592,-0.000019,-0.000044
17.468540,-2.736241,-0.596228,-17.663749,-0.107625,-0.241625,0.045000,0.499031,-0.321986,0.091865,-3.141592,-0.000020,-0.000041
17.472541,-2.736241,-0.596227,-17.663749,-0.107625,-0.241625,0.045000,0.499058,-0.321900,0.091866,-3.141592,-0.000021,-0.000051
17.476540,-2.736241,-0.596226,-17.663749,-0.107625,-0.241625,0.045000,0.499085,-0.321813,0.091866,-3.141593,-0.000021,-0.000055
17.480541,-2.736241,-0.596225,-17.663749,-0.107625,-0.241625,0.045000,0.499114,-0.321725,0.091866,3.141592,-0.000022,-0.000061
17.484540,-2.736240,-0.596224,-17.663749,-0.107625,-0.241625,0.045000,0.499141,-0.321638,0.091866,3.141592,-0.000023,-0.000065
17.488542,-2.736240,-0.596223,-17.663748,-0.107625,-0.241625,0.045000,0.499169,-0.321549,0.091867,3.141592,-0.000024,-0.000065
17.492541,-2.726240,-0.606217,-17.683749,-0.107625,-0.241625,0.045000,0.499196,-0.321463,0.091869,3.141590,-0.000029,-0.000075
17.496540,-2.726240,-0.606216,-17.683749,-0.107625,-0.241625,0.045000,0.499223,-0.321376,0.091870,3.141590,-0.000030,-0.000079
17.500541,-2.626240,-0.716221,-17.613748,-0.104625,-0.235625,0.045000,0.499248,-0.321289,0.091868,3.141591,-0.000025,-0.000083
17.504540,-2.626240,-0.716220,-17.613748,-0.104625,-0.235625,0.045000,0.499275,-0.321202,0.091868,3.141591,-0.000026,-0.000087
17.508541,-2.626241,-0.716227,-17.613748,-0.104625,-0.235625,0.045000,0.499302,-0.321115,0.091868,-3.141592,-0.000021,-0.000090
17.512541,-2.626240,-0.716221,-17.613748,-0.104625,-0.235625,0.045000,0.499329,-0.321029,0.091871,3.141591,-0.000026,-0.000088
17.516540,-2.626241,-0.716226,-17.613748,-0.104625,-0.235625,0.045000,0.499354,-0.320942,0.091869,-3.141593,-0.000022,-0.000078
17.520540,-2.626241,-0.716232,-17.613749,-0.104625,-0.235625,0.045000,0.499380,-0.320855,0.091869,-3.141591,-0.000016,-0.000068
17.524540,-2.626241,-0.716233,-17.613749,-0.104625,-0.235625,0.045000,0.499405,-0.320768,0.091870,-3.141591,-0.000016,-0.000052
17.528540,-2.626241,-0.716232,-17.613749,-0.104625,-0.235625,0.045000,0.499432,-0.320681,0.091870,-3.141591,-0.000017,-0.000036
17.532540,-2.626241,-0.716233,-17.613749,-0.104625,-0.235625,0.045000,0.499460,-0.320592,0.091872,-3.141591,-0.000015,-0.000015
17.536512,-2.626241,-0.716232,-17.613749,-0.104625,-0.235625,0.045000,0.499486,-0.320506,0.091873,-3.141591,-0.000016,0.000002
17.540541,-2.496242,-0.746245,-17.553750,-0.103625,-0.231625,0.043000,0.499511,-0.320418,0.091871,-3.141587,-0.000006,0.000005
17.544547,-2.496242,-0.746239,-17.553749,-0.103625,-0.231625,0.043000,0.499538,-0.320332,0.091873,-3.141589,-0.000011,0.000001
17.548539,-2.496242,-0.746239,-17.553749,-0.103625,-0.231625,0.043000,0.499538,-0.320332,0.091873,-3.141589,-0.000011,0.000001
17.552504,-2.496243,-0.746253,-17.553750,-0.103625,-0.231625,0.043000,0.499585,-0.320154,0.091868,-3.141585,0.000002,-0.000043
17.556503,-2.496242,-0.746245,-17.553750,-0.103625,-0.231625,0.043000,0.499625,-0.320047,0.091875,-3.141587,-0.000005,-0.000006
17.560541,-2.496242,-0.746245,-17.553750,-0.103625,-0.231625,0.043000,0.499625,-0.320047,0.091875,-3.141587,-0.000005,-0.000006
17.564540,-2.496242,-0.746244,-17.553750,-0.103625,-0.231625,0.043000,0.499651,-0.319960,0.091875,-3.141588,-0.000006,-0.000017
17.568512,-2.496242,-0.746244,-17.553750,-0.103625,-0.231625,0.043000,0.499706,-0.319785,0.091878,-3.141587,-0.000006,-0.000040
17.572507,-2.496242,-0.746244,-17.553750,-0.103625,-0.231625,0.043000,0.499706,-0.319785,0.091878,-3.141587,-0.000006,-0.000040
17.576505,-2.606243,-0.596246,-17.533749,-0.109625,-0.238625,0.043000,0.499761,-0.319612,0.091881,-3.141587,-0.000004,-0.000068
17.580507,-2.606243,-0.596246,-17.533749,-0.109625,-0.238625,0.043000,0.499761,-0.319612,0.091881,-3.141587,-0.000004,-0.000068
17.584512,-2.656242,-0.536242,-17.523750,-0.112625,-0.241625,0.042000,0.499814,-0.319439,0.091886,-3.141588,-0.000008,-0.000076
17.588510,-2.656242,-0.536244,-17.523750,-0.112625,-0.241625,0.042000,0.499842,-0.319350,0.091888,-3.141588,-0.000006,-0.000062
17.592512,-2.656242,-0.536245,-17.523750,-0.112625,-0.241625,0.042000,0.499868,-0.319263,0.091890,-3.141587,-0.000005,-0.000045
17.596539,-2.656243,-0.536247,-17.523750,-0.112625,-0.241625,0.042000,0.499894,-0.319177,0.091893,-3.141587,-0.000004,-0.000042
17.600544,-2.656243,-0.536247,-17.523750,-0.112625,-0.241625,0.042000,0.499894,-0.319177,0.091893,-3.141587,-0.000004,-0.000042
17.604512,-2.656243,-0.536250,-17.523750,-0.112625,-0.241625,0.042000,0.499948,-0.319001,0.091897,-3.141586,-0.000001,-0.000012
17.608508,-2.656243,-0.536251,-17.523750,-0.112625,-0.241625,0.042000,0.499974,-0.318914,0.091899,-3.141586,0.000000,-0.000002
17.612509,-2.656244,-0.536258,-17.523750,-0.112625,-0.241625,0.042000,0.500000,-0.318827,0.091899,-3.141584,0.000006,0.000007
17.616503,-2.656244,-0.536259,-17.543750,-0.110625,-0.240625,0.041000,0.500026,-0.318741,0.091901,-3.141583,0.000007,0.000010
17.620512,-2.656243,-0.536253,-17.543750,-0.110625,-0.240625,0.041000,0.500055,-0.318652,0.091904,-3.141585,0.000002,0.000004
17.624547,-2.656243,-0.536253,-17.543750,-0.110625,-0.240625,0.041000,0.500055,-0.318652,0.091904,-3.141585,0.000002,0.000004
17.628511,-2.656245,-0.536267,-17.543750,-0.110625,-0.240625,0.041000,0.500104,-0.318478,0.091904,-3.141581,0.000014,-0.000017
17.632539,-2.656245,-0.536267,-17.543750,-0.110625,-0.240625,0.041000,0.500104,-0.318478,0.091904,-3.141581,0.000014,-0.000017
17.636555,-2.656245,-0.536275,-17.543751,-0.110625,-0.240625,0.041000,0.500128,-0.318390,0.091904,-3.141579,0.000020,-0.000027
17.640544,-2.656245,-0.536276,-17.543751,-0.110625,-0.240625,0.041000,0.500156,-0.318304,0.091905,-3.141579,0.000021,-0.000038
17.644493,-2.656246,-0.536282,-17.543751,-0.110625,-0.240625,0.041000,0.500182,-0.318218,0.091905,-3.141577,0.000026,-0.000096
17.648544,-2.656246,-0.536278,-17.543751,-0.110625,-0.240625,0.041000,0.500210,-0.318132,0.091909,-3.141578,0.000023,-0.000106
17.652507,-2.656247,-0.536292,-17.543751,-0.110625,-0.240625,0.041000,0.500236,-0.318045,0.091908,-3.141574,0.000035,-0.000124
17.656570,-2.626248,-0.566299,-17.173752,-0.105624,-0.234625,0.042000,0.500256,-0.317956,0.091908,-3.141573,0.000041,-0.000127
17.660574,-2.626248,-0.566299,-17.173752,-0.105624,-0.234625,0.042000,0.500283,-0.317872,0.091909,-3.141572,0.000041,-0.000136
17.664569,-2.626247,-0.566295,-17.173752,-0.105624,-0.234625,0.042000,0.500324,-0.317766,0.091913,-3.141574,0.000037,-0.000092
17.668560,-2.626248,-0.566301,-17.173752,-0.105624,-0.234625,0.042000,0.500349,-0.317679,0.091913,-3.141572,0.000043,-0.000089
17.672509,-2.626248,-0.566302,-17.173752,-0.105624,-0.234625,0.042000,0.500376,-0.317595,0.091914,-3.141572,0.000043,-0.000084
17.676555,-2.626248,-0.566297,-17.173752,-0.105624,-0.234625,0.042000,0.500404,-0.317509,0.091918,-3.141573,0.000039,-0.000075
17.680549,-2.626248,-0.566303,-17.173752,-0.105624,-0.234625,0.042000,0.500431,-0.317423,0.091917,-3.141571,0.000044,-0.000065
17.684546,-2.626248,-0.566299,-17.173752,-0.105624,-0.234625,0.042000,0.500459,-0.317337,0.091921,-3.141573,0.000040,-0.000055
17.688547,-2.626248,-0.566299,-17.173752,-0.105624,-0.234625,0.042000,0.500486,-0.317253,0.091922,-3.141573,0.000041,-0.000050
17.692543,-2.626247,-0.566294,-17.173752,-0.105625,-0.234625,0.042000,0.500516,-0.317168,0.091925,-3.141574,0.000036,-0.000047
17.696544,-2.626247,-0.566294,-17.173752,-0.105625,-0.234625,0.042000,0.500543,-0.317082,0.091926,-3.141574,0.000036,-0.000045
17.700541,-2.626247,-0.576295,-16.933752,-0.108624,-0.229625,0.042000,0.500571,-0.316995,0.091928,-3.141574,0.000037,-0.000048
17.704533,-2.626247,-0.576289,-16.933752,-0.108625,-0.229625,0.042000,0.500601,-0.316910,0.091931,-3.141575,0.000032,-0.000052
17.708534,-2.626247,-0.576290,-16.933752,-0.108625,-0.229625,0.042000,0.500629,-0.316824,0.091932,-3.141575,0.000033,-0.000063
17.712535,-2.626246,-0.576284,-16.933751,-0.108625,-0.229625,0.042000,0.500658,-0.316739,0.091935,-3.141577,0.000028,-0.000067
17.716539,-2.626246,-0.576277,-16.933751,-0.108625,-0.229625,0.042000,0.500687,-0.316653,0.091937,-3.141579,0.000022,-0.000077
17.720540,-2.626245,-0.576272,-16.933751,-0.108625,-0.229625,0.042000,0.500716,-0.316567,0.091940,-3.141580,0.000017,-0.000088
17.724540,-2.626244,-0.576266,-16.933751,-0.108625,-0.229625,0.042000,0.500746,-0.316482,0.091943,-3.141582,0.000013,-0.000098
17.728544,-2.626245,-0.576267,-16.933751,-0.108625,-0.229625,0.042000,0.500774,-0.316396,0.091945,-3.141581,0.000013,-0.000109
17.732540,-2.626244,-0.576261,-16.933750,-0.108625,-0.229625,0.042000,0.500802,-0.316312,0.091948,-3.141583,0.000008,-0.000117
17.736549,-2.526244,-0.606262,-16.643751,-0.106625,-0.220625,0.040000,0.500828,-0.316229,0.091949,-3.141583,0.000009,-0.000126
17.740546,-2.526243,-0.606256,-16.643750,-0.106625,-0.220625,0.040000,0.500857,-0.316145,0.091952,-3.141584,0.000004,-0.000120
17.744540,-2.526243,-0.606257,-16.643750,-0.106625,-0.220625,0.040000,0.500881,-0.316064,0.091953,-3.141584,0.000005,-0.000113
17.748540,-2.526243,-0.606251,-16.643750,-0.106625,-0.220625,0.040000,0.500909,-0.315981,0.091957,-3.141586,-0.000000,-0.000101
17.752544,-2.526243,-0.606252,-16.643750,-0.106625,-0.220625,0.040000,0.500933,-0.315901,0.091958,-3.141585,0.000000,-0.000092
17.756514,-2.526243,-0.606252,-16.643750,-0.106625,-0.220625,0.040000,0.500957,-0.315820,0.091959,-3.141585,0.000001,-0.000078
17.760541,-2.526243,-0.606253,-16.643750,-0.106625,-0.220625,0.040000,0.500990,-0.315716,0.091961,-3.141585,0.000002,-0.000057
17.764540,-2.526243,-0.606253,-16.643750,-0.106625,-0.220625,0.040000,0.501008,-0.315654,0.091962,-3.141585,0.000002,-0.000045
17.768540,-2.526243,-0.606254,-16.643750,-0.106625,-0.220625,0.040000,0.501039,-0.315553,0.091964,-3.141585,0.000003,-0.000035
17.772540,-2.526243,-0.606254,-16.643750,-0.106625,-0.220625,0.040000,0.501057,-0.315491,0.091964,-3.141585,0.000003,-0.000030
17.776543,-2.526244,-0.606260,-16.643750,-0.106625,-0.220625,0.040000,0.501083,-0.315407,0.091963,-3.141583,0.000007,-0.000018
17.780540,-2.326243,-0.676254,-16.233750,-0.099625,-0.213625,0.037000,0.501110,-0.315326,0.091966,-3.141585,0.000003,-0.000018
17.784540,-2.326243,-0.676253,-16.233750,-0.099625,-0.213625,0.037000,0.501142,-0.315222,0.091966,-3.141585,0.000001,-0.000024
17.788540,-2.326244,-0.676260,-16.233751,-0.099625,-0.213625,0.037000,0.501159,-0.315163,0.091966,-3.141583,0.000008,-0.000077
17.792541,-2.326244,-0.676265,-16.233751,-0.099625,-0.213625,0.037000,0.501178,-0.315076,0.091965,-3.141582,0.000012,-0.000079
17.796540,-2.326244,-0.676259,-16.233751,-0.099625,-0.213625,0.037000,0.501217,-0.314975,0.091968,-3.141583,0.000007,-0.000051
17.800539,-2.326245,-0.676273,-16.233751,-0.099625,-0.213625,0.037000,0.501241,-0.314893,0.091966,-3.141580,0.000018,-0.000064
17.804543,-2.326245,-0.676273,-16.233751,-0.099625,-0.213625,0.037000,0.501265,-0.314812,0.091967,-3.141580,0.000019,-0.000084
17.808541,-2.326246,-0.676279,-16.233751,-0.099625,-0.213625,0.037000,0.501291,-0.314728,0.091966,-3.141578,0.000024,-0.000085
17.812544,-2.326246,-0.676279,-16.233751,-0.099625,-0.213625,0.037000,0.501317,-0.314644,0.091967,-3.141578,0.000024,-0.000080
17.816545,-2.346246,-0.546279,-15.813751,-0.099625,-0.213625,0.036000,0.501343,-0.314563,0.091968,-3.141578,0.000024,-0.000079
17.820540,-2.346246,-0.546281,-15.813751,-0.099625,-0.213625,0.036000,0.501369,-0.314482,0.091970,-3.141578,0.000025,-0.000079
17.824540,-2.356247,-0.526286,-15.773752,-0.100625,-0.213625,0.036000,0.501394,-0.314398,0.091969,-3.141576,0.000030,-0.000074
17.828540,-2.356246,-0.526281,-15.773751,-0.100625,-0.213625,0.036000,0.501421,-0.314317,0.091972,-3.141578,0.000025,-0.000066
17.832502,-2.356246,-0.526281,-15.773751,-0.100625,-0.213625,0.036000,0.501445,-0.314235,0.091973,-3.141577,0.000026,-0.000052
17.836550,-2.356246,-0.526276,-15.773751,-0.100625,-0.213625,0.036000,0.501472,-0.314154,0.091976,-3.141579,0.000021,-0.000045
17.840540,-2.356246,-0.526278,-15.773751,-0.100625,-0.213625,0.036000,0.501498,-0.314073,0.091979,-3.141578,0.000023,-0.000038
17.844541,-2.356245,-0.526272,-15.773751,-0.100625,-0.213625,0.036000,0.501524,-0.313992,0.091982,-3.141580,0.000018,-0.000030
17.848540,-2.356245,-0.526272,-15.773751,-0.100625,-0.213625,0.036000,0.501524,-0.313992,0.091982,-3.141580,0.000018,-0.000030
17.852545,-2.356245,-0.526272,-15.773751,-0.100625,-0.213625,0.036000,0.501524,-0.313992,0.091982,-3.141580,0.000018,-0.000030
17.856544,-2.356244,-0.526256,-15.773750,-0.100625,-0.213625,0.036000,0.501579,-0.313828,0.091990,-3.141584,0.000004,-0.000011
17.860545,-2.356244,-0.526258,-15.773751,-0.100625,-0.213625,0.036000,0.501605,-0.313747,0.091993,-3.141584,0.000006,-0.000010
17.864539,-2.456243,-0.436253,-15.733750,-0.104625,-0.218625,0.036000,0.501631,-0.313666,0.091996,-3.141585,0.000001,-0.000010
17.868537,-2.456242,-0.436247,-15.733750,-0.104625,-0.218625,0.036000,0.501684,-0.313504,0.091999,-3.141587,-0.000004,-0.000015
17.872538,-2.456243,-0.436249,-15.733750,-0.104625,-0.218625,0.036000,0.501709,-0.313423,0.092002,-3.141586,-0.000002,-0.000021
17.876538,-2.456243,-0.436249,-15.733750,-0.104625,-0.218625,0.036000,0.501735,-0.313339,0.092003,-3.141586,-0.000001,-0.000023
17.880541,-2.456242,-0.436244,-15.733750,-0.104625,-0.218625,0.036000,0.501761,-0.313258,0.092006,-3.141588,-0.000006,-0.000070
17.884540,-2.456242,-0.436244,-15.733750,-0.104625,-0.218625,0.036000,0.501786,-0.313176,0.092007,-3.141587,-0.000006,-0.000076
17.888538,-2.456242,-0.436239,-15.733750,-0.104625,-0.218625,0.036000,0.501807,-0.313093,0.092011,-3.141589,-0.000010,-0.000075
17.892540,-2.456241,-0.436235,-15.733750,-0.104625,-0.218625,0.036000,0.501843,-0.312994,0.092015,-3.141590,-0.000014,-0.000045
17.896540,-2.456241,-0.436235,-15.733750,-0.104625,-0.218625,0.036000,0.501843,-0.312994,0.092015,-3.141590,-0.000014,-0.000045
17.900543,-2.456242,-0.436243,-15.733750,-0.104625,-0.218625,0.036000,0.501868,-0.312910,0.092016,-3.141588,-0.000007,-0.000040
17.904540,-2.496242,-0.416244,-15.433750,-0.103625,-0.212625,0.036000,0.501892,-0.312828,0.092017,-3.141588,-0.000006,-0.000039
17.908541,-2.496242,-0.416245,-15.433750,-0.103625,-0.212625,0.036000,0.501922,-0.312727,0.092019,-3.141587,-0.000006,-0.000036
17.912540,-2.496243,-0.416248,-15.433750,-0.103625,-0.212625,0.036000,0.501964,-0.312583,0.092023,-3.141587,-0.000003,-0.000024
17.916540,-2.496242,-0.416243,-15.433750,-0.103625,-0.212625,0.036000,0.501988,-0.312502,0.092027,-3.141588,-0.000007,-0.000023
17.920540,-2.496243,-0.416251,-15.433750,-0.103625,-0.212625,0.036000,0.502012,-0.312420,0.092027,-3.141586,0.000000,-0.000023
17.924541,-2.496243,-0.416253,-15.433750,-0.103625,-0.212625,0.036000,0.502034,-0.312337,0.092030,-3.141585,0.000001,-0.000022
17.928540,-2.496244,-0.416261,-15.433750,-0.103625,-0.212625,0.036000,0.502059,-0.312253,0.092030,-3.141583,0.000008,-0.000024
17.932507,-2.496244,-0.416262,-15.433751,-0.103625,-0.212625,0.036000,0.502082,-0.312169,0.092032,-3.141583,0.000010,-0.000019
17.936553,-2.496244,-0.416258,-15.433750,-0.103625,-0.212625,0.036000,0.502108,-0.312085,0.092036,-3.141584,0.000006,-0.000014
17.940545,-2.326245,-0.546264,-14.883750,-0.096625,-0.200625,0.035000,0.502133,-0.311998,0.092036,-3.141582,0.000011,-0.000017
17.944540,-2.326245,-0.546264,-14.883750,-0.096625,-0.200625,0.035000,0.502133,-0.311998,0.092036,-3.141582,0.000011,-0.000017
17.948541,-2.326245,-0.546272,-14.883751,-0.096625,-0.200625,0.035000,0.502156,-0.311911,0.092036,-3.141580,0.000018,-0.000028
17.952543,-2.326246,-0.546274,-14.883751,-0.096625,-0.200625,0.035000,0.502207,-0.311738,0.092040,-3.141580,0.000020,-0.000036
17.956538,-2.326246,-0.546276,-14.883751,-0.096625,-0.200625,0.035000,0.502232,-0.311651,0.092042,-3.141579,0.000021,-0.000033
17.960541,-2.326246,-0.546276,-14.883751,-0.096625,-0.200625,0.035000,0.502232,-0.311651,0.092042,-3.141579,0.000021,-0.000033
17.964546,-2.326246,-0.546278,-14.883751,-0.096625,-0.200625,0.035000,0.502265,-0.311542,0.092045,-3.141579,0.000023,-0.000043
17.968537,-2.326246,-0.546278,-14.883751,-0.096625,-0.200625,0.035000,0.502265,-0.311542,0.092045,-3.141579,0.000023,-0.000043
17.972538,-2.326246,-0.546280,-14.883751,-0.096625,-0.200625,0.035000,0.502315,-0.311372,0.092048,-3.141578,0.000024,-0.000049
17.976540,-2.326246,-0.546275,-14.883751,-0.096625,-0.200625,0.035000,0.502343,-0.311283,0.092052,-3.141579,0.000020,-0.000041
17.980543,-2.206246,-0.386279,-14.313751,-0.099625,-0.191625,0.033000,0.502395,-0.311113,0.092057,-3.141578,0.000024,-0.000047
17.984540,-2.206246,-0.386279,-14.313751,-0.099625,-0.191625,0.033000,0.502395,-0.311113,0.092057,-3.141578,0.000024,-0.000047
17.988584,-2.206245,-0.386268,-14.313751,-0.099625,-0.191625,0.033000,0.502424,-0.311028,0.092062,-3.141581,0.000015,-0.000044
17.992543,-2.206244,-0.386264,-14.313751,-0.099625,-0.191625,0.033000,0.502477,-0.310856,0.092068,-3.141582,0.000011,-0.000052
17.996539,-2.206244,-0.386264,-14.313751,-0.099625,-0.191625,0.033000,0.502477,-0.310856,0.092068,-3.141582,0.000011,-0.000052
18.000546,-2.206245,-0.386266,-14.313751,-0.099625,-0.191625,0.033000,0.502506,-0.310770,0.092070,-3.141582,0.000013,-0.000055
18.004540,-2.206245,-0.386267,-14.313751,-0.099625,-0.191625,0.033000,0.502531,-0.310686,0.092071,-3.141582,0.000013,-0.000064
18.008542,-2.206244,-0.386263,-14.313751,-0.099625,-0.191625,0.033000,0.502584,-0.310514,0.092076,-3.141583,0.000010,-0.000071
18.012543,-2.136244,-0.306257,-13.793750,-0.097625,-0.188625,0.031000,0.502613,-0.310428,0.092080,-3.141584,0.000005,-0.000075
18.016498,-2.136244,-0.306257,-13.793750,-0.097625,-0.188625,0.031000,0.502613,-0.310428,0.092080,-3.141584,0.000005,-0.000075
18.020539,-2.136244,-0.306264,-13.793750,-0.097625,-0.188625,0.031000,0.502637,-0.310341,0.092079,-3.141582,0.000011,-0.000079
18.024542,-2.136244,-0.306260,-13.793750,-0.097625,-0.188625,0.031000,0.502689,-0.310171,0.092084,-3.141583,0.000007,-0.000085
18.028539,-2.136244,-0.306260,-13.793750,-0.097625,-0.188625,0.031000,0.502689,-0.310171,0.092084,-3.141583,0.000007,-0.000085
18.032540,-2.136244,-0.306260,-13.793750,-0.097625,-0.188625,0.031000,0.502714,-0.310087,0.092086,-3.141583,0.000008,-0.000093
18.036537,-2.136244,-0.306261,-13.793750,-0.097625,-0.188625,0.031000,0.502741,-0.310001,0.092087,-3.141583,0.000008,-0.000090
18.040579,-2.136244,-0.306261,-13.793750,-0.097625,-0.188625,0.031000,0.502766,-0.309917,0.092088,-3.141583,0.000009,-0.000085
18.044539,-2.136244,-0.306262,-13.793750,-0.097625,-0.188625,0.031000,0.502791,-0.309833,0.092090,-3.141583,0.000009,-0.000080
18.048539,-2.136244,-0.306261,-13.793750,-0.097625,-0.188625,0.031000,0.502818,-0.309750,0.092090,-3.141583,0.000009,-0.000081
18.052541,-2.136244,-0.306257,-13.793750,-0.097625,-0.188625,0.031000,0.502843,-0.309666,0.092094,-3.141584,0.000005,-0.000076
18.056539,-2.066245,-0.346270,-13.533750,-0.091625,-0.186625,0.031000,0.502867,-0.309582,0.092092,-3.141581,0.000016,-0.000071
18.060539,-2.016245,-0.376271,-13.253751,-0.086625,-0.183625,0.030000,0.502892,-0.309498,0.092093,-3.141581,0.000017,-0.000073
18.064539,-2.016245,-0.376271,-13.253751,-0.086625,-0.183625,0.030000,0.502917,-0.309414,0.092095,-3.141580,0.000017,-0.000115
18.068544,-2.016244,-0.376264,-13.253750,-0.086625,-0.183625,0.030000,0.502943,-0.309330,0.092097,-3.141582,0.000011,-0.000123
18.072533,-2.016245,-0.376266,-13.253750,-0.086625,-0.183625,0.030000,0.502972,-0.309226,0.092099,-3.141582,0.000013,-0.000089
18.076573,-2.016245,-0.376272,-13.253751,-0.086625,-0.183625,0.030000,0.502996,-0.309142,0.092098,-3.141580,0.000018,-0.000097
18.080507,-2.016245,-0.376266,-13.253750,-0.086625,-0.183625,0.030000,0.503023,-0.309059,0.092101,-3.141582,0.000013,-0.000099
18.084534,-2.016245,-0.376267,-13.253750,-0.086625,-0.183625,0.030000,0.503048,-0.308975,0.092103,-3.141582,0.000013,-0.000107
18.088539,-2.016245,-0.376267,-13.253750,-0.086625,-0.183625,0.030000,0.503073,-0.308891,0.092104,-3.141581,0.000014,-0.000109
18.092538,-2.016245,-0.376265,-13.253750,-0.086625,-0.183625,0.030000,0.503098,-0.308807,0.092103,-3.141582,0.000012,-0.000110
18.096537,-2.016245,-0.376266,-13.253750,-0.086625,-0.183625,0.030000,0.503123,-0.308723,0.092105,-3.141582,0.000013,-0.000105
18.100539,-2.036245,-0.366265,-12.853751,-0.084625,-0.178625,0.030000,0.503150,-0.308640,0.092105,-3.141582,0.000012,-0.000107
18.104539,-2.036245,-0.366266,-12.853751,-0.084625,-0.178625,0.030000,0.503175,-0.308556,0.092106,-3.141582,0.000013,-0.000102
18.108538,-2.036245,-0.366265,-12.853751,-0.084625,-0.178625,0.030000,0.503202,-0.308472,0.092107,-3.141582,0.000012,-0.000096
18.112544,-2.036244,-0.366263,-12.853751,-0.084625,-0.178625,0.030000,0.503227,-0.308389,0.092106,-3.141582,0.000011,-0.000091
18.116547,-2.036244,-0.366263,-12.853751,-0.084625,-0.178625,0.030000,0.503253,-0.308305,0.092107,-3.141583,0.000010,-0.000086
18.120540,-2.036244,-0.366262,-12.853751,-0.084625,-0.178625,0.030000,0.503280,-0.308222,0.092107,-3.141583,0.000010,-0.000074
18.124540,-2.036243,-0.366255,-12.853750,-0.084625,-0.178625,0.030000,0.503307,-0.308139,0.092108,-3.141585,0.000003,-0.000062
18.128539,-2.036243,-0.366254,-12.853750,-0.084625,-0.178625,0.030000,0.503334,-0.308055,0.092109,-3.141585,0.000003,-0.000051
18.132541,-2.036243,-0.366252,-12.853750,-0.084625,-0.178625,0.030000,0.503359,-0.307971,0.092108,-3.141585,0.000001,-0.000039
18.136501,-2.026242,-0.326246,-12.643750,-0.086625,-0.175625,0.029000,0.503386,-0.307891,0.092110,-3.141587,-0.000005,-0.000038
18.140540,-1.996242,-0.336245,-12.563750,-0.086625,-0.172625,0.029000,0.503413,-0.307808,0.092111,-3.141587,-0.000005,-0.000033
18.144545,-1.996242,-0.336242,-12.563750,-0.086625,-0.172625,0.029000,0.503438,-0.307727,0.092109,-3.141588,-0.000008,-0.000039
18.148542,-1.996241,-0.336236,-12.563750,-0.086625,-0.172625,0.029000,0.503467,-0.307644,0.092112,-3.141590,-0.000013,-0.000041
18.152545,-1.996241,-0.336235,-12.563750,-0.086625,-0.172625,0.029000,0.503492,-0.307563,0.092112,-3.141590,-0.000014,-0.000047
18.156539,-1.996241,-0.336235,-12.563750,-0.086625,-0.172625,0.029000,0.503518,-0.307479,0.092113,-3.141590,-0.000014,-0.000055
18.160498,-1.996240,-0.336228,-12.563749,-0.086625,-0.172625,0.029000,0.503546,-0.307399,0.092115,-3.141592,-0.000020,-0.000061
18.164539,-1.996239,-0.336221,-12.563749,-0.086625,-0.172625,0.029000,0.503579,-0.307296,0.092116,3.141592,-0.000026,-0.000074
18.168539,-1.996240,-0.336226,-12.563749,-0.086625,-0.172625,0.029000,0.503599,-0.307235,0.092115,-3.141592,-0.000021,-0.000076
18.172546,-1.996239,-0.336219,-12.563749,-0.086625,-0.172625,0.029000,0.503632,-0.307132,0.092117,3.141591,-0.000028,-0.000082
18.176537,-1.996240,-0.336228,-12.563749,-0.086625,-0.172625,0.029000,0.503645,-0.307069,0.092112,-3.141591,-0.000019,-0.000124
18.180537,-1.996240,-0.336223,-12.563749,-0.086625,-0.172625,0.029000,0.503682,-0.306970,0.092115,3.141592,-0.000024,-0.000087
18.184543,-1.916240,-0.466222,-12.443749,-0.082625,-0.165625,0.030000,0.503707,-0.306889,0.092115,3.141592,-0.000025,-0.000087
18.188537,-1.916240,-0.466222,-12.443749,-0.082625,-0.165625,0.030000,0.503707,-0.306889,0.092115,3.141592,-0.000025,-0.000087
18.192537,-1.916240,-0.466224,-12.443749,-0.082625,-0.165625,0.030000,0.503758,-0.306724,0.092112,-3.141593,-0.000023,-0.000054
18.196537,-1.916240,-0.466224,-12.443749,-0.082625,-0.165625,0.030000,0.503783,-0.306643,0.092112,3.141593,-0.000024,-0.000040
18.200511,-1.916240,-0.466228,-12.443749,-0.082625,-0.165625,0.030000,0.503809,-0.306559,0.092110,-3.141592,-0.000020,-0.000021
18.204502,-1.916240,-0.466228,-12.443749,-0.082625,-0.165625,0.030000,0.503834,-0.306478,0.092111,-3.141592,-0.000020,-0.000007
18.208495,-1.916240,-0.466227,-12.443749,-0.082625,-0.165625,0.030000,0.503859,-0.306397,0.092111,-3.141592,-0.000020,0.000000
18.212538,-1.916241,-0.466238,-12.443750,-0.082625,-0.165625,0.030000,0.503883,-0.306313,0.092107,-3.141589,-0.000011,0.000012
18.216539,-1.896241,-0.466237,-12.423749,-0.082625,-0.164625,0.030000,0.503909,-0.306230,0.092108,-3.141589,-0.000012,0.000024
18.220538,-1.896241,-0.466237,-12.423749,-0.082625,-0.164625,0.030000,0.503933,-0.306151,0.092108,-3.141589,-0.000012,0.000020
18.224540,-1.766242,-0.506240,-12.363749,-0.080625,-0.160625,0.029000,0.503957,-0.306067,0.092105,-3.141588,-0.000010,0.000018
18.228539,-1.766241,-0.506240,-12.363749,-0.080625,-0.160625,0.029000,0.503983,-0.305983,0.092106,-3.141589,-0.000010,0.000010
18.232540,-1.766241,-0.506239,-12.363749,-0.080625,-0.160625,0.029000,0.504010,-0.305900,0.092106,-3.141589,-0.000010,0.000002
18.236504,-1.766241,-0.506232,-12.363749,-0.080625,-0.160625,0.029000,0.504035,-0.305816,0.092108,-3.141590,-0.000016,-0.000014
18.240538,-1.766241,-0.506238,-12.363749,-0.080625,-0.160625,0.029000,0.504060,-0.305730,0.092107,-3.141589,-0.000012,-0.000024
18.244542,-1.766242,-0.506243,-12.363750,-0.080625,-0.160625,0.029000,0.504085,-0.305644,0.092106,-3.141588,-0.000007,-0.000035
18.248538,-1.766241,-0.506236,-12.363749,-0.080625,-0.160625,0.029000,0.504112,-0.305558,0.092107,-3.141589,-0.000013,-0.000052
18.252539,-1.766240,-0.506228,-12.363749,-0.080625,-0.160625,0.029000,0.504139,-0.305474,0.092109,-3.141591,-0.000020,-0.000067
18.256539,-1.766241,-0.506239,-12.363749,-0.080625,-0.160625,0.029000,0.504160,-0.305384,0.092105,-3.141589,-0.000010,-0.000114
18.260539,-1.836240,-0.486227,-12.473749,-0.078625,-0.168625,0.030000,0.504186,-0.305298,0.092110,-3.141592,-0.000020,-0.000111
18.264539,-1.836241,-0.486233,-12.473749,-0.078625,-0.168625,0.030000,0.504223,-0.305194,0.092109,-3.141590,-0.000016,-0.000065
18.268539,-1.836242,-0.486239,-12.473750,-0.078625,-0.168625,0.030000,0.504255,-0.305085,0.092108,-3.141589,-0.000010,-0.000055
18.272545,-1.836241,-0.486233,-12.473749,-0.078625,-0.168625,0.030000,0.504276,-0.305022,0.092110,-3.141590,-0.000016,-0.000039
18.276545,-1.836241,-0.486231,-12.473749,-0.078625,-0.168625,0.030000,0.504302,-0.304936,0.092110,-3.141591,-0.000017,-0.000023
18.280549,-1.836240,-0.486231,-12.473749,-0.078625,-0.168625,0.030000,0.504329,-0.304850,0.092110,-3.141591,-0.000018,-0.000006
18.284536,-1.836240,-0.486230,-12.473749,-0.078625,-0.168625,0.030000,0.504356,-0.304764,0.092111,-3.141591,-0.000018,0.000010
18.288536,-1.836241,-0.486236,-12.473749,-0.078625,-0.168625,0.030000,0.504382,-0.304678,0.092110,-3.141590,-0.000013,0.000013
18.292537,-1.836240,-0.486228,-12.473749,-0.078625,-0.168625,0.030000,0.504410,-0.304592,0.092111,-3.141592,-0.000020,0.000016
18.296543,-1.916241,-0.426233,-12.493749,-0.081625,-0.172625,0.030000,0.504435,-0.304506,0.092109,-3.141590,-0.000015,0.000012
18.300540,-1.936241,-0.366233,-12.473749,-0.082625,-0.174625,0.030000,0.504461,-0.304423,0.092110,-3.141590,-0.000016,0.000004
18.304540,-1.936241,-0.366238,-12.473750,-0.082625,-0.174625,0.030000,0.504486,-0.304336,0.092109,-3.141589,-0.000011,-0.000007
18.308539,-1.936241,-0.366238,-12.473750,-0.082625,-0.174625,0.030000,0.504513,-0.304251,0.092109,-3.141589,-0.000011,-0.000017
18.312539,-1.936241,-0.366237,-12.473749,-0.082625,-0.174625,0.030000,0.504541,-0.304165,0.092110,-3.141589,-0.000012,-0.000035
18.316541,-1.936242,-0.366243,-12.473750,-0.082625,-0.174625,0.030000,0.504566,-0.304079,0.092108,-3.141588,-0.000007,-0.000045
18.320539,-1.936241,-0.366237,-12.473749,-0.082625,-0.174625,0.030000,0.504593,-0.303993,0.092111,-3.141589,-0.000012,-0.000063
18.324539,-1.936242,-0.366243,-12.473750,-0.082625,-0.174625,0.030000,0.504618,-0.303907,0.092110,-3.141588,-0.000007,-0.000080
18.328539,-1.936242,-0.366241,-12.473750,-0.082625,-0.174625,0.030000,0.504644,-0.303821,0.092110,-3.141588,-0.000009,-0.000090
18.332495,-1.936242,-0.366241,-12.473750,-0.082625,-0.174625,0.030000,0.504644,-0.303821,0.092110,-3.141588,-0.000009,-0.000090
18.336501,-1.936242,-0.366241,-12.473750,-0.082625,-0.174625,0.030000,0.504671,-0.303735,0.092110,-3.141588,-0.000009,-0.000094
18.340541,-1.896242,-0.456247,-12.423750,-0.079625,-0.169625,0.031000,0.504722,-0.303562,0.092110,-3.141587,-0.000004,-0.000089
18.344539,-1.896243,-0.456252,-12.423750,-0.079625,-0.169625,0.031000,0.504748,-0.303474,0.092109,-3.141585,0.000001,-0.000115
18.348539,-1.896245,-0.456268,-12.423751,-0.079625,-0.169625,0.031000,0.504767,-0.303386,0.092103,-3.141581,0.000015,-0.000105
18.352541,-1.896244,-0.456256,-12.423750,-0.079625,-0.169625,0.031000,0.504806,-0.303279,0.092108,-3.141584,0.000004,-0.000055
18.356547,-1.896244,-0.456262,-12.423750,-0.079625,-0.169625,0.031000,0.504831,-0.303193,0.092106,-3.141583,0.000009,-0.000052
18.360539,-1.896244,-0.456262,-12.423750,-0.079625,-0.169625,0.031000,0.504831,-0.303193,0.092106,-3.141583,0.000009,-0.000052
18.364542,-1.896246,-0.456273,-12.423751,-0.079625,-0.169625,0.031000,0.504882,-0.303018,0.092104,-3.141580,0.000019,-0.000042
18.368538,-1.896246,-0.456273,-12.423751,-0.079625,-0.169625,0.031000,0.504882,-0.303018,0.092104,-3.141580,0.000019,-0.000042
18.372499,-1.896246,-0.456271,-12.423751,-0.079625,-0.169625,0.031000,0.504909,-0.302929,0.092103,-3.141581,0.000017,-0.000041
18.376543,-1.986247,-0.516282,-12.413751,-0.081625,-0.167625,0.032000,0.504960,-0.302754,0.092101,-3.141578,0.000027,-0.000051
18.380545,-1.986247,-0.516279,-12.413751,-0.081625,-0.167625,0.032000,0.504988,-0.302669,0.092099,-3.141579,0.000024,-0.000062
18.384544,-1.986247,-0.516279,-12.413751,-0.081625,-0.167625,0.032000,0.504988,-0.302669,0.092099,-3.141579,0.000024,-0.000062
18.388543,-1.986246,-0.516277,-12.413751,-0.081625,-0.167625,0.032000,0.505041,-0.302495,0.092099,-3.141579,0.000022,-0.000085
18.392541,-1.986246,-0.516277,-12.413751,-0.081625,-0.167625,0.032000,0.505041,-0.302495,0.092099,-3.141579,0.000022,-0.000085
18.396537,-1.986247,-0.516282,-12.413751,-0.081625,-0.167625,0.032000,0.505068,-0.302406,0.092098,-3.141578,0.000027,-0.000091
18.400511,-1.986246,-0.516274,-12.413751,-0.081625,-0.167625,0.032000,0.505095,-0.302321,0.092099,-3.141580,0.000020,-0.000102
18.404502,-1.986246,-0.516272,-12.413750,-0.081625,-0.167625,0.032000,0.505122,-0.302232,0.092098,-3.141580,0.000018,-0.000108
18.408495,-1.986246,-0.516278,-12.413751,-0.081625,-0.167625,0.032000,0.505147,-0.302146,0.092097,-3.141579,0.000023,-0.000112
18.412538,-1.986245,-0.516270,-12.413750,-0.081625,-0.167625,0.032000,0.505176,-0.302058,0.092098,-3.141581,0.000016,-0.000111
18.416540,-1.986245,-0.516270,-12.413750,-0.081625,-0.167625,0.032000,0.505176,-0.302058,0.092098,-3.141581,0.000016,-0.000111
18.420539,-1.986244,-0.516262,-12.413750,-0.081625,-0.167625,0.032000,0.505230,-0.301887,0.092100,-3.141583,0.000009,-0.000105
18.424539,-1.946243,-0.466254,-12.503750,-0.086625,-0.164625,0.032000,0.505259,-0.301799,0.092101,-3.141585,0.000002,-0.000131
18.428539,-1.946244,-0.466259,-12.503750,-0.086625,-0.164625,0.032000,0.505284,-0.301712,0.092100,-3.141584,0.000007,-0.000081
18.432539,-1.946244,-0.466262,-12.503750,-0.086625,-0.164625,0.032000,0.505309,-0.301626,0.092097,-3.141583,0.000010,-0.000072
18.436501,-1.946243,-0.466254,-12.503750,-0.086625,-0.164625,0.032000,0.505338,-0.301538,0.092098,-3.141585,0.000003,-0.000058
18.440495,-1.946242,-0.466246,-12.503750,-0.086625,-0.164625,0.032000,0.505374,-0.301431,0.092099,-3.141587,-0.000005,-0.000048
18.444539,-1.946243,-0.466250,-12.503750,-0.086625,-0.164625,0.032000,0.505400,-0.301346,0.092096,-3.141586,-0.000001,-0.000052
18.448539,-1.946243,-0.466250,-12.503750,-0.086625,-0.164625,0.032000,0.505400,-0.301346,0.092096,-3.141586,-0.000001,-0.000052
18.452539,-1.946243,-0.466250,-12.503750,-0.086625,-0.164625,0.032000,0.505400,-0.301346,0.092096,-3.141586,-0.000001,-0.000052
18.456538,-1.946243,-0.466250,-12.503750,-0.086625,-0.164625,0.032000,0.505400,-0.301346,0.092096,-3.141586,-0.000001,-0.000052
18.460538,-1.946243,-0.466250,-12.503750,-0.086625,-0.164625,0.032000,0.505400,-0.301346,0.092096,-3.141586,-0.000001,-0.000052
18.464539,-1.956242,-0.506240,-12.673749,-0.085625,-0.167625,0.031000,0.505542,-0.300916,0.092093,-3.141588,-0.000010,-0.000060
18.468542,-1.956241,-0.506236,-12.673749,-0.085625,-0.167625,0.031000,0.505571,-0.300831,0.092090,-3.141589,-0.000013,-0.000070
18.472539,-1.956241,-0.506233,-12.673749,-0.085625,-0.167625,0.031000,0.505598,-0.300746,0.092089,-3.141590,-0.000015,-0.000087
18.476519,-1.956240,-0.506229,-12.673749,-0.085625,-0.167625,0.031000,0.505627,-0.300661,0.092087,-3.141591,-0.000019,-0.000098
18.480507,-1.956240,-0.506228,-12.673749,-0.085625,-0.167625,0.031000,0.505657,-0.300573,0.092086,-3.141591,-0.000020,-0.000097
18.484538,-1.956239,-0.506224,-12.673749,-0.085625,-0.167625,0.031000,0.505685,-0.300488,0.092084,-3.141592,-0.000024,-0.000094
18.488550,-1.956240,-0.506228,-12.673749,-0.085625,-0.167625,0.031000,0.505712,-0.300402,0.092082,-3.141591,-0.000020,-0.000092
18.492537,-1.956239,-0.506224,-12.673749,-0.085625,-0.167625,0.031000,0.505741,-0.300317,0.092080,-3.141592,-0.000023,-0.000082
18.496536,-1.846238,-0.586216,-12.763749,-0.081625,-0.168625,0.031000,0.505770,-0.300232,0.092080,3.141591,-0.000031,-0.000079
18.500539,-1.836240,-0.596225,-12.793749,-0.081625,-0.168625,0.031000,0.505797,-0.300144,0.092075,-3.141592,-0.000022,-0.000065
18.504540,-1.836239,-0.596222,-12.793749,-0.081625,-0.168625,0.031000,0.505824,-0.300058,0.092074,3.141592,-0.000025,-0.000055
18.508539,-1.836239,-0.596219,-12.793748,-0.081625,-0.168625,0.031000,0.505848,-0.299971,0.092072,3.141592,-0.000028,-0.000086
18.512540,-1.836238,-0.596216,-12.793748,-0.081625,-0.168625,0.031000,0.505887,-0.299865,0.092071,3.141591,-0.000031,-0.000043
18.516539,-1.836240,-0.596225,-12.793749,-0.081625,-0.168625,0.031000,0.505912,-0.299779,0.092066,-3.141592,-0.000022,-0.000040
18.520539,-1.836238,-0.596216,-12.793748,-0.081625,-0.168625,0.031000,0.505942,-0.299694,0.092066,3.141591,-0.000030,-0.000037
18.524540,-1.836239,-0.596221,-12.793749,-0.081625,-0.168625,0.031000,0.505969,-0.299606,0.092064,3.141592,-0.000026,-0.000029
18.528540,-1.836239,-0.596218,-12.793748,-0.081625,-0.168625,0.031000,0.505995,-0.299523,0.092063,3.141591,-0.000029,-0.000031
18.532539,-1.836238,-0.596217,-12.793748,-0.081625,-0.168625,0.031000,0.506023,-0.299438,0.092062,3.141591,-0.000030,-0.000028
18.536503,-1.956238,-0.626214,-13.213748,-0.080625,-0.177625,0.032000,0.506048,-0.299354,0.092061,3.141590,-0.000032,-0.000036
18.540546,-1.956239,-0.626223,-13.213749,-0.080625,-0.177625,0.032000,0.506073,-0.299271,0.092056,-3.141593,-0.000024,-0.000038
18.544539,-1.956238,-0.626214,-13.213748,-0.080625,-0.177625,0.032000,0.506100,-0.299188,0.092057,3.141591,-0.000032,-0.000046
18.548539,-1.956239,-0.626219,-13.213748,-0.080625,-0.177625,0.032000,0.506124,-0.299107,0.092055,3.141592,-0.000028,-0.000053
18.552539,-1.956238,-0.626216,-13.213748,-0.080625,-0.177625,0.032000,0.506148,-0.299025,0.092053,3.141591,-0.000030,-0.000052
18.556539,-1.956239,-0.626220,-13.213749,-0.080625,-0.177625,0.032000,0.506173,-0.298942,0.092051,3.141592,-0.000027,-0.000054
18.560536,-1.956238,-0.626217,-13.213748,-0.080625,-0.177625,0.032000,0.506198,-0.298858,0.092050,3.141591,-0.000029,-0.000048
18.564539,-1.956239,-0.626222,-13.213749,-0.080625,-0.177625,0.032000,0.506221,-0.298777,0.092047,3.141593,-0.000025,-0.000055
18.568539,-1.956238,-0.626218,-13.213748,-0.080625,-0.177625,0.032000,0.506247,-0.298697,0.092045,3.141592,-0.000029,-0.000054
18.572551,-1.956239,-0.626223,-13.213749,-0.080625,-0.177625,0.032000,0.506272,-0.298613,0.092043,-3.141593,-0.000025,-0.000042
18.576546,-2.106239,-0.566219,-13.593749,-0.085625,-0.186625,0.034000,0.506305,-0.298510,0.092041,3.141592,-0.000028,-0.000041
18.580541,-2.136239,-0.546223,-13.703748,-0.087625,-0.188625,0.034000,0.506322,-0.298449,0.092039,-3.141592,-0.000024,-0.000036
18.584540,-2.136240,-0.546228,-13.703749,-0.087625,-0.188625,0.034000,0.506347,-0.298365,0.092037,-3.141591,-0.000020,-0.000038
18.588540,-2.136241,-0.546237,-13.703749,-0.087625,-0.188625,0.034000,0.506370,-0.298284,0.092032,-3.141589,-0.000012,-0.000037
18.592538,-2.136241,-0.546234,-13.703749,-0.087625,-0.188625,0.034000,0.506403,-0.298181,0.092030,-3.141590,-0.000015,-0.000043
18.596546,-2.136241,-0.546234,-13.703749,-0.087625,-0.188625,0.034000,0.506403,-0.298181,0.092030,-3.141590,-0.000015,-0.000043
18.600539,-2.136241,-0.546239,-13.703749,-0.087625,-0.188625,0.034000,0.506416,-0.298116,0.092028,-3.141589,-0.000011,-0.000074
18.604543,-2.136241,-0.546239,-13.703749,-0.087625,-0.188625,0.034000,0.506416,-0.298116,0.092028,-3.141589,-0.000011,-0.000074
18.608539,-2.136241,-0.546237,-13.703749,-0.087625,-0.188625,0.034000,0.506454,-0.298015,0.092028,-3.141589,-0.000012,-0.000033
18.612546,-2.136242,-0.546245,-13.703749,-0.087625,-0.188625,0.034000,0.506504,-0.297850,0.092023,-3.141587,-0.000005,-0.000027
18.616541,-2.136243,-0.546248,-13.703749,-0.087625,-0.188625,0.034000,0.506554,-0.297686,0.092021,-3.141586,-0.000002,-0.000042
18.620540,-2.236242,-0.506247,-14.213750,-0.095625,-0.190625,0.035000,0.506580,-0.297603,0.092020,-3.141587,-0.000004,-0.000043
18.624511,-2.236243,-0.506251,-14.213750,-0.095625,-0.190625,0.035000,0.506605,-0.297520,0.092018,-3.141586,0.000000,-0.000045
18.628580,-2.236243,-0.506250,-14.213750,-0.095625,-0.190625,0.035000,0.506631,-0.297437,0.092018,-3.141586,-0.000001,-0.000040
18.632539,-2.236243,-0.506248,-14.213750,-0.095625,-0.190625,0.035000,0.506658,-0.297354,0.092017,-3.141586,-0.000002,-0.000048
18.636501,-2.236242,-0.506242,-14.213749,-0.095625,-0.190625,0.035000,0.506685,-0.297271,0.092020,-3.141588,-0.000008,-0.000050
18.640540,-2.236242,-0.506246,-14.213750,-0.095625,-0.190625,0.035000,0.506709,-0.297187,0.092018,-3.141587,-0.000004,-0.000051
18.644540,-2.236242,-0.506245,-14.213750,-0.095625,-0.190625,0.035000,0.506737,-0.297102,0.092017,-3.141587,-0.000005,-0.000049
18.648538,-2.236242,-0.506245,-14.213750,-0.095625,-0.190625,0.035000,0.506762,-0.297018,0.092018,-3.141587,-0.000006,-0.000050
18.652539,-2.236242,-0.506243,-14.213749,-0.095625,-0.190625,0.035000,0.506790,-0.296933,0.092017,-3.141588,-0.000007,-0.000054
18.656539,-2.276242,-0.576248,-14.863749,-0.097625,-0.196625,0.037000,0.506814,-0.296850,0.092015,-3.141586,-0.000003,-0.000056
18.660538,-2.276242,-0.576246,-14.863749,-0.097625,-0.196625,0.037000,0.506842,-0.296764,0.092015,-3.141587,-0.000004,-0.000059
18.664539,-2.276242,-0.576246,-14.863749,-0.097625,-0.196625,0.037000,0.506867,-0.296681,0.092015,-3.141587,-0.000005,-0.000068
18.668544,-2.276243,-0.576250,-14.863749,-0.097625,-0.196625,0.037000,0.506893,-0.296595,0.092013,-3.141586,-0.000001,-0.000065
18.672539,-2.276243,-0.576249,-14.863749,-0.097625,-0.196625,0.037000,0.506920,-0.296510,0.092013,-3.141586,-0.000002,-0.000062
18.676544,-2.276243,-0.576252,-14.863749,-0.097625,-0.196625,0.037000,0.506947,-0.296427,0.092010,-3.141585,0.000001,-0.000070
18.680539,-2.276244,-0.576257,-14.863750,-0.097625,-0.196625,0.037000,0.506971,-0.296343,0.092008,-3.141584,0.000005,-0.000072
18.684539,-2.276244,-0.576261,-14.863750,-0.097625,-0.196625,0.037000,0.506995,-0.296259,0.092006,-3.141583,0.000009,-0.000080
18.688539,-2.276244,-0.576260,-14.863750,-0.097625,-0.196625,0.037000,0.507023,-0.296174,0.092005,-3.141584,0.000008,-0.000084
18.692541,-2.276245,-0.576265,-14.863750,-0.097625,-0.196625,0.037000,0.507047,-0.296091,0.092003,-3.141582,0.000012,-0.000093
18.696539,-2.176245,-0.516262,-15.043750,-0.099625,-0.195625,0.035000,0.507072,-0.296007,0.092002,-3.141583,0.000009,-0.000094
18.700501,-2.176245,-0.516266,-15.043750,-0.099625,-0.195625,0.035000,0.507098,-0.295921,0.092000,-3.141582,0.000013,-0.000091
18.704539,-2.176246,-0.516271,-15.043751,-0.099625,-0.195625,0.035000,0.507122,-0.295838,0.091998,-3.141581,0.000017,-0.000086
18.708539,-2.176246,-0.516269,-15.043750,-0.099625,-0.195625,0.035000,0.507148,-0.295755,0.091997,-3.141581,0.000016,-0.000121
18.712538,-2.176246,-0.516269,-15.043750,-0.099625,-0.195625,0.035000,0.507148,-0.295755,0.091997,-3.141581,0.000016,-0.000121
18.716539,-2.176245,-0.516266,-15.043750,-0.099625,-0.195625,0.035000,0.507206,-0.295563,0.091997,-3.141582,0.000013,-0.000073
18.720539,-2.176246,-0.516271,-15.043751,-0.099625,-0.195625,0.035000,0.507230,-0.295480,0.091995,-3.141581,0.000017,-0.000068
18.724541,-2.176246,-0.516271,-15.043751,-0.099625,-0.195625,0.035000,0.507256,-0.295394,0.091996,-3.141581,0.000017,-0.000072
18.728539,-2.176245,-0.516268,-15.043750,-0.099625,-0.195625,0.035000,0.507282,-0.295308,0.091994,-3.141582,0.000014,-0.000075
18.732501,-2.176245,-0.516268,-15.043750,-0.099625,-0.195625,0.035000,0.507282,-0.295308,0.091994,-3.141582,0.000014,-0.000075
18.736503,-2.176245,-0.516267,-15.043750,-0.099625,-0.195625,0.035000,0.507307,-0.295223,0.091995,-3.141582,0.000014,-0.000079
18.740539,-2.286246,-0.576271,-15.233751,-0.097625,-0.204625,0.035000,0.507360,-0.295049,0.091993,-3.141581,0.000017,-0.000089
18.744539,-2.286245,-0.576263,-15.233751,-0.097625,-0.204625,0.035000,0.507388,-0.294961,0.091994,-3.141583,0.000010,-0.000095
18.748541,-2.286244,-0.576261,-15.233751,-0.097625,-0.204625,0.035000,0.507413,-0.294872,0.091994,-3.141583,0.000009,-0.000101
18.752542,-2.286244,-0.576261,-15.233751,-0.097625,-0.204625,0.035000,0.507439,-0.294786,0.091994,-3.141583,0.000008,-0.000105
18.756537,-2.286244,-0.576261,-15.233751,-0.097625,-0.204625,0.035000,0.507439,-0.294786,0.091994,-3.141583,0.000008,-0.000105
18.760544,-2.286245,-0.576266,-15.233751,-0.097625,-0.204625,0.035000,0.507463,-0.294698,0.091993,-3.141582,0.000013,-0.000111
18.764540,-2.286245,-0.576263,-15.233751,-0.097625,-0.204625,0.035000,0.507491,-0.294610,0.091991,-3.141583,0.000011,-0.000111
18.768539,-2.286245,-0.576263,-15.233751,-0.097625,-0.204625,0.035000,0.507518,-0.294521,0.091992,-3.141583,0.000010,-0.000110
18.772542,-2.286244,-0.576261,-15.233751,-0.097625,-0.204625,0.035000,0.507542,-0.294435,0.091991,-3.141583,0.000009,-0.000107
18.776540,-2.286245,-0.576265,-15.233751,-0.097625,-0.204625,0.035000,0.507568,-0.294347,0.091989,-3.141582,0.000012,-0.000093
18.780544,-2.366244,-0.446257,-15.423750,-0.104625,-0.208625,0.036000,0.507603,-0.294240,0.091990,-3.141584,0.000005,-0.000083
18.784545,-2.366244,-0.446256,-15.423750,-0.104625,-0.208625,0.036000,0.507623,-0.294174,0.091990,-3.141584,0.000004,-0.000069
18.788541,-2.366243,-0.446253,-15.423750,-0.104625,-0.208625,0.036000,0.507651,-0.294086,0.091989,-3.141585,0.000002,-0.000062
18.792539,-2.366243,-0.446253,-15.423750,-0.104625,-0.208625,0.036000,0.507676,-0.294000,0.091989,-3.141585,0.000001,-0.000059
18.796540,-2.366244,-0.446257,-15.423750,-0.104625,-0.208625,0.036000,0.507703,-0.293912,0.091987,-3.141584,0.000005,-0.000051
18.800515,-2.366243,-0.446248,-15.423750,-0.104625,-0.208625,0.036000,0.507731,-0.293827,0.091987,-3.141586,-0.000002,-0.000055
18.804505,-2.366243,-0.446253,-15.423750,-0.104625,-0.208625,0.036000,0.507757,-0.293738,0.091985,-3.141585,0.000002,-0.000095
18.808497,-2.366241,-0.446239,-15.423749,-0.104625,-0.208625,0.036000,0.507787,-0.293651,0.091988,-3.141589,-0.000011,-0.000054
18.812501,-2.366241,-0.446236,-15.423749,-0.104625,-0.208625,0.036000,0.507814,-0.293563,0.091987,-3.141589,-0.000013,-0.000060
18.816539,-2.366240,-0.446228,-15.423749,-0.104625,-0.208625,0.036000,0.507838,-0.293474,0.091988,-3.141591,-0.000020,-0.000106
18.820520,-2.406239,-0.536226,-15.443749,-0.102625,-0.208625,0.036000,0.507866,-0.293387,0.091987,-3.141592,-0.000022,-0.000112
18.824541,-2.406239,-0.536226,-15.443749,-0.102625,-0.208625,0.036000,0.507904,-0.293280,0.091988,-3.141592,-0.000022,-0.000082
18.828539,-2.406238,-0.536217,-15.443749,-0.102625,-0.208625,0.036000,0.507933,-0.293193,0.091988,3.141591,-0.000030,-0.000082
18.832540,-2.406238,-0.536216,-15.443749,-0.102625,-0.208625,0.036000,0.507958,-0.293107,0.091988,3.141591,-0.000030,-0.000086
18.836501,-2.406238,-0.536215,-15.443749,-0.102625,-0.208625,0.036000,0.507986,-0.293022,0.091988,3.141591,-0.000032,-0.000089
18.840539,-2.406237,-0.536208,-15.443749,-0.102625,-0.208625,0.036000,0.508012,-0.292939,0.091990,3.141590,-0.000037,-0.000091
18.844543,-2.406236,-0.536207,-15.443748,-0.102625,-0.208625,0.036000,0.508038,-0.292856,0.091990,3.141589,-0.000038,-0.000086
18.848539,-2.406236,-0.536205,-15.443748,-0.102625,-0.208625,0.036000,0.508064,-0.292773,0.091990,3.141589,-0.000040,-0.000081
18.852540,-2.406236,-0.536204,-15.443748,-0.102625,-0.208625,0.036000,0.508089,-0.292690,0.091989,3.141588,-0.000041,-0.000062
18.856538,-2.406236,-0.536203,-15.443748,-0.102625,-0.208625,0.036000,0.508114,-0.292609,0.091989,3.141588,-0.000042,-0.000048
18.860539,-2.366234,-0.566194,-15.513748,-0.104626,-0.204625,0.037000,0.508142,-0.292524,0.091989,3.141586,-0.000050,-0.000025
18.864539,-2.366234,-0.566194,-15.513748,-0.104626,-0.204625,0.037000,0.508142,-0.292524,0.091989,3.141586,-0.000050,-0.000025
18.868539,-2.366234,-0.566192,-15.513748,-0.104626,-0.204625,0.037000,0.508168,-0.292441,0.091989,3.141586,-0.000051,-0.000013
18.872539,-2.366235,-0.566200,-15.513748,-0.104626,-0.204625,0.037000,0.508215,-0.292276,0.091984,3.141588,-0.000044,0.000006
18.876540,-2.366235,-0.566199,-15.513748,-0.104626,-0.204625,0.037000,0.508241,-0.292193,0.091984,3.141587,-0.000046,0.000011
18.880505,-2.366237,-0.566208,-15.513748,-0.104625,-0.204625,0.037000,0.508264,-0.292109,0.091979,3.141590,-0.000037,0.000009
18.884499,-2.366235,-0.566199,-15.513748,-0.104626,-0.204625,0.037000,0.508291,-0.292027,0.091979,3.141587,-0.000045,0.000008
18.888540,-2.366235,-0.566198,-15.513748,-0.104626,-0.204625,0.037000,0.508318,-0.291941,0.091979,3.141587,-0.000046,0.000004
18.892539,-2.366235,-0.566201,-15.513748,-0.104626,-0.204625,0.037000,0.508343,-0.291858,0.091976,3.141588,-0.000043,-0.000011
18.896538,-2.286235,-0.556200,-15.483748,-0.104626,-0.201625,0.035000,0.508369,-0.291775,0.091976,3.141588,-0.000044,-0.000019
18.900539,-2.286237,-0.556210,-15.483749,-0.104625,-0.201625,0.035000,0.508392,-0.291691,0.091971,3.141590,-0.000036,-0.000035
18.904538,-2.286236,-0.556208,-15.483748,-0.104625,-0.201625,0.035000,0.508418,-0.291608,0.091971,3.141590,-0.000037,-0.000043
18.908538,-2.286236,-0.556208,-15.483748,-0.104625,-0.201625,0.035000,0.508418,-0.291608,0.091971,3.141590,-0.000037,-0.000043
18.912501,-2.286238,-0.556218,-15.483749,-0.104625,-0.201625,0.035000,0.508470,-0.291440,0.091967,3.141592,-0.000029,-0.000069
18.916598,-2.286238,-0.556216,-15.483749,-0.104625,-0.201625,0.035000,0.508495,-0.291357,0.091966,3.141591,-0.000030,-0.000077
18.920570,-2.286238,-0.556220,-15.483749,-0.104625,-0.201625,0.035000,0.508521,-0.291273,0.091963,3.141592,-0.000027,-0.000085
18.924573,-2.286239,-0.556224,-15.483749,-0.104625,-0.201625,0.035000,0.508544,-0.291190,0.091961,-3.141592,-0.000023,-0.000080
18.928567,-2.286239,-0.556224,-15.483749,-0.104625,-0.201625,0.035000,0.508571,-0.291107,0.091962,-3.141592,-0.000023,-0.000068
18.932566,-2.286239,-0.556223,-15.483749,-0.104625,-0.201625,0.035000,0.508598,-0.291022,0.091962,-3.141592,-0.000025,-0.000079
18.936479,-2.286238,-0.556221,-15.483749,-0.104625,-0.201625,0.035000,0.508624,-0.290939,0.091961,-3.141593,-0.000026,-0.000060
18.940554,-2.296239,-0.526225,-15.783748,-0.105625,-0.207625,0.036000,0.508650,-0.290853,0.091959,-3.141592,-0.000023,-0.000037
18.944549,-2.296238,-0.526218,-15.783748,-0.105625,-0.207625,0.036000,0.508684,-0.290749,0.091960,3.141592,-0.000029,0.000015
18.948546,-2.296238,-0.526217,-15.783748,-0.105625,-0.207625,0.036000,0.508711,-0.290663,0.091960,3.141592,-0.000030,0.000025
18.952546,-2.296238,-0.526220,-15.783748,-0.105625,-0.207625,0.036000,0.508738,-0.290578,0.091957,3.141592,-0.000027,0.000028
18.956552,-2.296239,-0.526226,-15.783748,-0.105625,-0.207625,0.036000,0.508764,-0.290492,0.091956,-3.141591,-0.000022,0.000024
18.960484,-2.296239,-0.526225,-15.783748,-0.105625,-0.207625,0.036000,0.508791,-0.290407,0.091956,-3.141592,-0.000023,0.000013
18.964541,-2.296238,-0.526217,-15.783748,-0.105625,-0.207625,0.036000,0.508820,-0.290322,0.091957,3.141592,-0.000029,0.000003
18.968532,-2.296237,-0.526216,-15.783748,-0.105625,-0.207625,0.036000,0.508846,-0.290237,0.091957,3.141591,-0.000031,-0.000008
18.972535,-2.296237,-0.526216,-15.783748,-0.105625,-0.207625,0.036000,0.508875,-0.290152,0.091958,3.141591,-0.000031,-0.000025
18.976533,-2.426237,-0.496214,-16.223749,-0.107625,-0.216625,0.037000,0.508901,-0.290067,0.091957,3.141591,-0.000032,-0.000036
18.980538,-2.426238,-0.496218,-16.223749,-0.107625,-0.216625,0.037000,0.508928,-0.289981,0.091954,3.141592,-0.000029,-0.000053
18.984539,-2.426239,-0.496224,-16.223749,-0.107625,-0.216625,0.037000,0.508954,-0.289896,0.091953,-3.141592,-0.000024,-0.000070
18.988539,-2.426238,-0.496221,-16.223749,-0.107625,-0.216625,0.037000,0.508981,-0.289813,0.091952,-3.141593,-0.000026,-0.000085
18.992539,-2.426238,-0.496220,-16.223749,-0.107625,-0.216625,0.037000,0.509008,-0.289728,0.091952,3.141592,-0.000027,-0.000089
18.996539,-2.426240,-0.496231,-16.223749,-0.107625,-0.216625,0.037000,0.509034,-0.289642,0.091948,-3.141590,-0.000017,-0.000093
19.000515,-2.426240,-0.496230,-16.223749,-0.107625,-0.216625,0.037000,0.509060,-0.289557,0.091948,-3.141591,-0.000019,-0.000090
19.004540,-2.426239,-0.496228,-16.223749,-0.107625,-0.216625,0.037000,0.509086,-0.289474,0.091948,-3.141591,-0.000020,-0.000085
19.008539,-2.426241,-0.496239,-16.223750,-0.107625,-0.216625,0.037000,0.509111,-0.289388,0.091944,-3.141588,-0.000010,-0.000069
19.012538,-2.426241,-0.496238,-16.223749,-0.107625,-0.216625,0.037000,0.509138,-0.289303,0.091944,-3.141589,-0.000012,-0.000059
19.016502,-2.426241,-0.496241,-16.223750,-0.107625,-0.216625,0.037000,0.509164,-0.289217,0.091941,-3.141588,-0.000009,-0.000043
19.020568,-2.486242,-0.576247,-16.453749,-0.106625,-0.220625,0.038000,0.509189,-0.289134,0.091940,-3.141587,-0.000003,-0.000038
19.024575,-2.486243,-0.576252,-16.453750,-0.106625,-0.220625,0.038000,0.509213,-0.289048,0.091938,-3.141586,0.000001,-0.000035
19.028513,-2.486245,-0.576263,-16.453750,-0.106625,-0.220625,0.038000,0.509239,-0.288962,0.091934,-3.141583,0.000010,-0.000032
19.032567,-2.486246,-0.576267,-16.453750,-0.106625,-0.220625,0.038000,0.509262,-0.288879,0.091932,-3.141582,0.000014,-0.000040
19.036479,-2.486245,-0.576266,-16.453750,-0.106625,-0.220625,0.038000,0.509288,-0.288793,0.091932,-3.141582,0.000013,-0.000044
19.040559,-2.486247,-0.576278,-16.453751,-0.106625,-0.220625,0.038000,0.509311,-0.288710,0.091929,-3.141580,0.000023,-0.000046
19.044549,-2.486247,-0.576276,-16.453751,-0.106625,-0.220625,0.038000,0.509336,-0.288626,0.091929,-3.141580,0.000022,-0.000054
19.048546,-2.486248,-0.576281,-16.453751,-0.106625,-0.220625,0.038000,0.509359,-0.288543,0.091927,-3.141579,0.000026,-0.000069
19.052546,-2.486248,-0.576280,-16.453751,-0.106625,-0.220625,0.038000,0.509384,-0.288460,0.091926,-3.141579,0.000025,-0.000077
19.056543,-2.516249,-0.666286,-16.723752,-0.104625,-0.222625,0.040000,0.509408,-0.288374,0.091926,-3.141578,0.000031,-0.000088
19.060544,-2.546248,-0.656285,-16.863751,-0.105625,-0.223625,0.040000,0.509432,-0.288293,0.091926,-3.141578,0.000030,-0.000107
19.064495,-2.546248,-0.656284,-16.863751,-0.105625,-0.223625,0.040000,0.509457,-0.288210,0.091926,-3.141578,0.000028,-0.000116
19.068533,-2.546249,-0.656291,-16.863751,-0.105625,-0.223625,0.040000,0.509480,-0.288126,0.091925,-3.141577,0.000034,-0.000117
19.072533,-2.546249,-0.656289,-16.863751,-0.105625,-0.223625,0.040000,0.509505,-0.288043,0.091925,-3.141577,0.000033,-0.000159
19.076550,-2.546250,-0.656295,-16.863751,-0.105624,-0.223625,0.040000,0.509529,-0.287960,0.091924,-3.141576,0.000038,-0.000114
19.080538,-2.546250,-0.656292,-16.863751,-0.105625,-0.223625,0.040000,0.509553,-0.287876,0.091923,-3.141576,0.000036,-0.000142
19.084539,-2.546249,-0.656287,-16.863751,-0.105625,-0.223625,0.040000,0.509579,-0.287794,0.091926,-3.141577,0.000032,-0.000131
19.088539,-2.546251,-0.656301,-16.863752,-0.105624,-0.223625,0.040000,0.509608,-0.287690,0.091925,-3.141574,0.000044,-0.000083
19.092542,-2.546251,-0.656300,-16.863751,-0.105624,-0.223625,0.040000,0.509633,-0.287607,0.091924,-3.141575,0.000043,-0.000064
19.096539,-2.546252,-0.656306,-16.863752,-0.105624,-0.223625,0.040000,0.509658,-0.287524,0.091923,-3.141573,0.000048,-0.000052
19.100539,-2.626252,-0.526304,-17.283752,-0.114624,-0.228625,0.042000,0.509683,-0.287441,0.091923,-3.141574,0.000046,-0.000040
19.104539,-2.626251,-0.526299,-17.283752,-0.114624,-0.228625,0.042000,0.509709,-0.287358,0.091926,-3.141575,0.000042,-0.000029
19.108543,-2.626252,-0.526305,-17.283752,-0.114624,-0.228625,0.042000,0.509734,-0.287275,0.091925,-3.141573,0.000047,-0.000030
19.112539,-2.626252,-0.526304,-17.283752,-0.114624,-0.228625,0.042000,0.509759,-0.287192,0.091925,-3.141574,0.000046,-0.000025
19.116541,-2.626252,-0.526304,-17.283752,-0.114624,-0.228625,0.042000,0.509785,-0.287109,0.091926,-3.141574,0.000046,-0.000033
19.120500,-2.626251,-0.526297,-17.283751,-0.114624,-0.228625,0.042000,0.509812,-0.287027,0.091927,-3.141575,0.000040,-0.000042
19.124573,-2.626250,-0.526292,-17.283751,-0.114625,-0.228625,0.042000,0.509840,-0.286942,0.091930,-3.141576,0.000035,-0.000046
19.128507,-2.626250,-0.526292,-17.283751,-0.114625,-0.228625,0.042000,0.509867,-0.286859,0.091931,-3.141576,0.000035,-0.000054
19.132531,-2.626250,-0.526292,-17.283751,-0.114625,-0.228625,0.042000,0.509867,-0.286859,0.091931,-3.141576,0.000035,-0.000054
19.136478,-2.636249,-0.456284,-17.343751,-0.118625,-0.228625,0.042000,0.509922,-0.286691,0.091933,-3.141578,0.000029,-0.000080
19.140546,-2.626249,-0.436285,-17.373751,-0.120625,-0.226625,0.041000,0.509947,-0.286606,0.091935,-3.141578,0.000030,-0.000090
19.144554,-2.626248,-0.436279,-17.373751,-0.120625,-0.226625,0.041000,0.509977,-0.286522,0.091937,-3.141579,0.000025,-0.000087
19.148549,-2.626247,-0.436272,-17.373751,-0.120625,-0.226625,0.041000,0.510006,-0.286437,0.091939,-3.141581,0.000018,-0.000091
19.152548,-2.626246,-0.436267,-17.373750,-0.120625,-0.226625,0.041000,0.510035,-0.286349,0.091942,-3.141582,0.000014,-0.000084
19.156546,-2.626244,-0.436254,-17.373750,-0.120625,-0.226625,0.041000,0.510063,-0.286265,0.091946,-3.141585,0.000003,-0.000074
19.160482,-2.626244,-0.436254,-17.373750,-0.120625,-0.226625,0.041000,0.510091,-0.286180,0.091947,-3.141585,0.000003,-0.000064
19.164548,-2.626243,-0.436249,-17.373750,-0.120625,-0.226625,0.041000,0.510119,-0.286095,0.091950,-3.141586,-0.000001,-0.000055
19.168541,-2.626243,-0.436249,-17.373750,-0.120625,-0.226625,0.041000,0.510119,-0.286095,0.091950,-3.141586,-0.000001,-0.000055
19.172545,-2.626243,-0.436248,-17.373750,-0.120625,-0.226625,0.041000,0.510145,-0.286009,0.091950,-3.141586,-0.000003,-0.000052
19.176531,-2.626243,-0.436249,-17.373750,-0.120625,-0.226625,0.041000,0.510199,-0.285836,0.091952,-3.141586,-0.000002,-0.000035
19.180558,-2.546243,-0.636249,-17.313750,-0.111625,-0.228625,0.043000,0.510232,-0.285732,0.091953,-3.141586,-0.000001,-0.000030
19.184539,-2.546243,-0.636250,-17.313750,-0.111625,-0.228625,0.043000,0.510253,-0.285666,0.091954,-3.141586,-0.000001,-0.000022
19.188539,-2.546242,-0.636245,-17.313750,-0.111625,-0.228625,0.043000,0.510280,-0.285581,0.091957,-3.141587,-0.000005,-0.000019
19.192539,-2.546242,-0.636244,-17.313750,-0.111625,-0.228625,0.043000,0.510306,-0.285496,0.091957,-3.141587,-0.000007,-0.000023
19.196547,-2.546243,-0.636250,-17.313750,-0.111625,-0.228625,0.043000,0.510332,-0.285410,0.091956,-3.141586,-0.000001,-0.000020
19.200512,-2.546241,-0.636237,-17.313750,-0.111625,-0.228625,0.043000,0.510360,-0.285325,0.091960,-3.141589,-0.000012,-0.000024
19.204540,-2.546242,-0.636243,-17.313750,-0.111625,-0.228625,0.043000,0.510385,-0.285240,0.091959,-3.141587,-0.000007,-0.000035
19.208539,-2.546243,-0.636249,-17.313750,-0.111625,-0.228625,0.043000,0.510411,-0.285154,0.091958,-3.141586,-0.000002,-0.000039
19.212538,-2.546242,-0.636248,-17.313750,-0.111625,-0.228625,0.043000,0.510443,-0.285046,0.091958,-3.141586,-0.000002,-0.000042
19.216537,-2.546242,-0.636248,-17.313750,-0.111625,-0.228625,0.043000,0.510443,-0.285046,0.091958,-3.141586,-0.000002,-0.000042
19.220503,-2.456243,-0.686248,-16.893750,-0.104625,-0.224625,0.042000,0.510494,-0.284876,0.091959,-3.141586,-0.000003,-0.000050
19.224538,-2.456242,-0.686246,-16.893750,-0.104625,-0.224625,0.042000,0.510508,-0.284811,0.091959,-3.141587,-0.000004,-0.000088
19.228540,-2.456242,-0.686247,-16.893750,-0.104625,-0.224625,0.042000,0.510545,-0.284705,0.091961,-3.141587,-0.000003,-0.000044
19.232539,-2.456243,-0.686253,-16.893750,-0.104625,-0.224625,0.042000,0.510571,-0.284619,0.091960,-3.141585,0.000002,-0.000048
19.236502,-2.456244,-0.686254,-16.893750,-0.104625,-0.224625,0.042000,0.510595,-0.284536,0.091961,-3.141585,0.000003,-0.000043
19.240541,-2.456243,-0.686248,-16.893750,-0.104625,-0.224625,0.042000,0.510621,-0.284450,0.091963,-3.141586,-0.000003,-0.000040
19.244540,-2.456243,-0.686248,-16.893750,-0.104625,-0.224625,0.042000,0.510621,-0.284450,0.091963,-3.141586,-0.000003,-0.000040
19.248539,-2.456244,-0.686256,-16.893750,-0.104625,-0.224625,0.042000,0.510644,-0.284367,0.091964,-3.141585,0.000005,-0.000042
19.252538,-2.456244,-0.666257,-16.743750,-0.103625,-0.222625,0.042000,0.510692,-0.284198,0.091966,-3.141584,0.000005,-0.000040
19.256541,-2.456243,-0.666252,-16.743750,-0.103625,-0.222625,0.042000,0.510720,-0.284113,0.091970,-3.141585,0.000001,-0.000031
19.260547,-2.536242,-0.576246,-16.623749,-0.107625,-0.222625,0.042000,0.510745,-0.284030,0.091972,-3.141587,-0.000005,-0.000026
19.264539,-2.536241,-0.576241,-16.623749,-0.107625,-0.222625,0.042000,0.510772,-0.283945,0.091975,-3.141588,-0.000009,-0.000029
19.268537,-2.536240,-0.576234,-16.623749,-0.107625,-0.222625,0.042000,0.510797,-0.283862,0.091977,-3.141589,-0.000015,-0.000031
19.272545,-2.536240,-0.576234,-16.623749,-0.107625,-0.222625,0.042000,0.510797,-0.283862,0.091977,-3.141589,-0.000015,-0.000031
19.276538,-2.536238,-0.576223,-16.623748,-0.107625,-0.222625,0.042000,0.510849,-0.283694,0.091983,-3.141592,-0.000025,-0.000037
19.280538,-2.536238,-0.576223,-16.623748,-0.107625,-0.222625,0.042000,0.510875,-0.283611,0.091983,-3.141592,-0.000025,-0.000045
19.284541,-2.536237,-0.576218,-16.623748,-0.107625,-0.222625,0.042000,0.510902,-0.283526,0.091987,3.141592,-0.000029,-0.000049
19.288546,-2.536237,-0.576218,-16.623748,-0.107625,-0.222625,0.042000,0.510928,-0.283443,0.091987,3.141592,-0.000029,-0.000057
19.292543,-2.536236,-0.576213,-16.623748,-0.107625,-0.222625,0.042000,0.510956,-0.283358,0.091991,3.141591,-0.000033,-0.000054
19.296539,-2.656236,-0.416213,-16.503748,-0.116625,-0.223625,0.043000,0.510982,-0.283275,0.091991,3.141591,-0.000033,-0.000063
19.300541,-2.656236,-0.416213,-16.503748,-0.116625,-0.223625,0.043000,0.511007,-0.283193,0.091992,3.141591,-0.000033,-0.000064
19.304538,-2.656236,-0.416213,-16.503748,-0.116625,-0.223625,0.043000,0.511035,-0.283108,0.091993,3.141591,-0.000033,-0.000055
19.308540,-2.656236,-0.416213,-16.503748,-0.116625,-0.223625,0.043000,0.511035,-0.283108,0.091993,3.141591,-0.000033,-0.000055
19.312537,-2.656236,-0.416213,-16.503748,-0.116625,-0.223625,0.043000,0.511087,-0.282940,0.091994,3.141591,-0.000033,-0.000053
19.316539,-2.656236,-0.416213,-16.503748,-0.116625,-0.223625,0.043000,0.511087,-0.282940,0.091994,3.141591,-0.000033,-0.000053
19.320539,-2.656234,-0.416201,-16.503748,-0.116626,-0.223625,0.043000,0.511115,-0.282855,0.091998,3.141588,-0.000044,-0.000057
19.324540,-2.656235,-0.416206,-16.503748,-0.116625,-0.223625,0.043000,0.511142,-0.282770,0.091996,3.141590,-0.000040,-0.000061
19.328542,-2.656235,-0.416206,-16.503748,-0.116625,-0.223625,0.043000,0.511168,-0.282687,0.091997,3.141590,-0.000040,-0.000063
19.332539,-2.656235,-0.416206,-16.503748,-0.116625,-0.223625,0.043000,0.511194,-0.282604,0.091998,3.141590,-0.000040,-0.000064
19.336501,-2.656236,-0.416210,-16.503748,-0.116625,-0.223625,0.043000,0.511217,-0.282518,0.091996,3.141591,-0.000036,-0.000108
19.340539,-2.566235,-0.446205,-16.013748,-0.113625,-0.213625,0.042000,0.511243,-0.282435,0.091999,3.141589,-0.000040,-0.000110
19.344539,-2.536235,-0.476205,-15.943748,-0.112625,-0.212625,0.042000,0.511279,-0.282334,0.092000,3.141590,-0.000040,-0.000076
19.348539,-2.536234,-0.476199,-15.943748,-0.112626,-0.212625,0.042000,0.511305,-0.282254,0.092002,3.141588,-0.000045,-0.000088
19.352539,-2.536235,-0.476205,-15.943748,-0.112625,-0.212625,0.042000,0.511329,-0.282171,0.092001,3.141590,-0.000040,-0.000090
19.356539,-2.536235,-0.476205,-15.943748,-0.112625,-0.212625,0.042000,0.511355,-0.282088,0.092002,3.141590,-0.000040,-0.000092
19.360538,-2.536235,-0.476205,-15.943748,-0.112625,-0.212625,0.042000,0.511379,-0.282008,0.092003,3.141590,-0.000040,-0.000091
19.364539,-2.536235,-0.476205,-15.943748,-0.112625,-0.212625,0.042000,0.511405,-0.281925,0.092003,3.141590,-0.000040,-0.000093
19.368539,-2.536236,-0.476213,-15.943749,-0.112625,-0.212625,0.042000,0.511428,-0.281844,0.092003,3.141591,-0.000033,-0.000092
19.372539,-2.536236,-0.476213,-15.943749,-0.112625,-0.212625,0.042000,0.511454,-0.281762,0.092004,3.141591,-0.000033,-0.000087
19.376539,-2.536239,-0.476226,-15.943749,-0.112625,-0.212625,0.042000,0.511477,-0.281678,0.092003,-3.141591,-0.000022,-0.000082
19.380539,-2.356239,-0.636226,-15.693749,-0.104625,-0.205625,0.041000,0.511502,-0.281595,0.092003,-3.141591,-0.000022,-0.000077
19.384539,-2.356240,-0.636232,-15.693750,-0.104625,-0.205625,0.041000,0.511526,-0.281512,0.092002,-3.141590,-0.000016,-0.000072
19.388539,-2.356241,-0.636240,-15.693750,-0.104625,-0.205625,0.041000,0.511550,-0.281429,0.092002,-3.141588,-0.000010,-0.000073
19.392539,-2.356242,-0.636246,-15.693750,-0.104625,-0.205625,0.041000,0.511574,-0.281346,0.092001,-3.141587,-0.000005,-0.000075
19.396539,-2.356241,-0.636238,-15.693750,-0.104625,-0.205625,0.041000,0.511599,-0.281265,0.092003,-3.141588,-0.000011,-0.000081
19.400517,-2.356242,-0.636244,-15.693750,-0.104625,-0.205625,0.041000,0.511622,-0.281182,0.092002,-3.141587,-0.000006,-0.000083
19.404540,-2.356244,-0.636255,-15.693750,-0.104625,-0.205625,0.041000,0.511645,-0.281099,0.091998,-3.141585,0.000004,-0.000084
19.408539,-2.356244,-0.636255,-15.693750,-0.104625,-0.205625,0.041000,0.511670,-0.281016,0.091999,-3.141585,0.000004,-0.000092
19.412539,-2.356245,-0.636263,-15.693751,-0.104625,-0.205625,0.041000,0.511695,-0.280933,0.091999,-3.141583,0.000010,-0.000094
19.416540,-2.356246,-0.636268,-15.693751,-0.104625,-0.205625,0.041000,0.511720,-0.280850,0.091997,-3.141582,0.000015,-0.000096
19.420554,-2.326247,-0.546274,-15.503751,-0.103625,-0.206625,0.040000,0.511744,-0.280767,0.091996,-3.141581,0.000020,-0.000097
19.424539,-2.326249,-0.546281,-15.503751,-0.103625,-0.206625,0.040000,0.511767,-0.280686,0.091996,-3.141579,0.000027,-0.000103
19.428540,-2.326250,-0.546286,-15.503751,-0.103625,-0.206625,0.040000,0.511792,-0.280603,0.091994,-3.141578,0.000031,-0.000105
19.432547,-2.326250,-0.546286,-15.503751,-0.103625,-0.206625,0.040000,0.511818,-0.280520,0.091995,-3.141578,0.000031,-0.000100
19.436540,-2.326250,-0.546287,-15.503751,-0.103625,-0.206625,0.040000,0.511843,-0.280437,0.091996,-3.141578,0.000031,-0.000102
19.440540,-2.326250,-0.546292,-15.503751,-0.103625,-0.206625,0.040000,0.511867,-0.280357,0.091994,-3.141577,0.000035,-0.000094
19.444539,-2.326251,-0.546293,-15.503752,-0.103625,-0.206625,0.040000,0.511894,-0.280274,0.091996,-3.141577,0.000037,-0.000082
19.448546,-2.326249,-0.546286,-15.503751,-0.103625,-0.206625,0.040000,0.511919,-0.280194,0.091997,-3.141578,0.000030,-0.000075
19.452539,-2.326249,-0.546286,-15.503751,-0.103625,-0.206625,0.040000,0.511944,-0.280111,0.091998,-3.141578,0.000030,-0.000063
19.456540,-2.476251,-0.436293,-15.553752,-0.107625,-0.211625,0.039000,0.511965,-0.280027,0.091998,-3.141577,0.000036,-0.000085
19.460540,-2.476248,-0.436281,-15.553751,-0.107625,-0.211625,0.039000,0.511997,-0.279949,0.092002,-3.141579,0.000026,-0.000078
19.464540,-2.476249,-0.436287,-15.553751,-0.107625,-0.211625,0.039000,0.512028,-0.279844,0.092001,-3.141578,0.000031,-0.000032
19.468539,-2.476248,-0.436281,-15.553751,-0.107625,-0.211625,0.039000,0.512044,-0.279782,0.092003,-3.141579,0.000026,-0.000074
19.472540,-2.476247,-0.436275,-15.553751,-0.107625,-0.211625,0.039000,0.512083,-0.279679,0.092006,-3.141581,0.000021,-0.000035
19.476542,-2.476249,-0.436282,-15.553751,-0.107625,-0.211625,0.039000,0.512106,-0.279599,0.092006,-3.141579,0.000027,-0.000041
19.480547,-2.476249,-0.436282,-15.553751,-0.107625,-0.211625,0.039000,0.512131,-0.279516,0.092007,-3.141579,0.000027,-0.000050
19.484539,-2.476250,-0.436289,-15.553752,-0.107625,-0.211625,0.039000,0.512158,-0.279433,0.092006,-3.141578,0.000033,-0.000051
19.488539,-2.476250,-0.436289,-15.553752,-0.107625,-0.211625,0.039000,0.512183,-0.279351,0.092007,-3.141578,0.000033,-0.000060
19.492539,-2.476249,-0.436283,-15.553751,-0.107625,-0.211625,0.039000,0.512210,-0.279268,0.092009,-3.141579,0.000028,-0.000068
19.496539,-2.476249,-0.436283,-15.553751,-0.107625,-0.211625,0.039000,0.512236,-0.279185,0.092010,-3.141579,0.000028,-0.000070
19.500539,-2.546248,-0.486277,-15.683751,-0.107625,-0.210625,0.040000,0.512262,-0.279105,0.092012,-3.141580,0.000023,-0.000082
19.504539,-2.546249,-0.486282,-15.683751,-0.107625,-0.210625,0.040000,0.512288,-0.279020,0.092010,-3.141579,0.000027,-0.000080
19.508539,-2.546249,-0.486283,-15.683751,-0.107625,-0.210625,0.040000,0.512313,-0.278940,0.092012,-3.141579,0.000028,-0.000086
19.512543,-2.546249,-0.486283,-15.683751,-0.107625,-0.210625,0.040000,0.512338,-0.278857,0.092013,-3.141579,0.000028,-0.000081
19.516539,-2.546248,-0.486277,-15.683751,-0.107625,-0.210625,0.040000,0.512364,-0.278777,0.092015,-3.141580,0.000023,-0.000073
19.520539,-2.546248,-0.486276,-15.683751,-0.107625,-0.210625,0.040000,0.512391,-0.278695,0.092015,-3.141580,0.000022,-0.000061
19.524539,-2.546247,-0.486271,-15.683751,-0.107625,-0.210625,0.040000,0.512417,-0.278615,0.092018,-3.141582,0.000017,-0.000047
19.528539,-2.546247,-0.486271,-15.683751,-0.107625,-0.210625,0.040000,0.512443,-0.278532,0.092018,-3.141582,0.000017,-0.000029
19.532539,-2.546247,-0.486272,-15.683751,-0.107625,-0.210625,0.040000,0.512469,-0.278450,0.092020,-3.141581,0.000018,-0.000010
19.536501,-2.546248,-0.506277,-15.633751,-0.106625,-0.209625,0.040000,0.512493,-0.278369,0.092018,-3.141580,0.000023,-0.000003
19.540491,-2.496248,-0.596277,-15.433751,-0.103625,-0.204625,0.040000,0.512519,-0.278284,0.092019,-3.141580,0.000023,0.000014
19.544538,-2.496248,-0.596276,-15.433751,-0.103625,-0.204625,0.040000,0.512546,-0.278202,0.092019,-3.141580,0.000022,0.000012
19.548543,-2.496249,-0.596284,-15.433751,-0.103625,-0.204625,0.040000,0.512570,-0.278119,0.092019,-3.141579,0.000029,0.000017
19.552540,-2.496249,-0.596284,-15.433751,-0.103625,-0.204625,0.040000,0.512594,-0.278038,0.092020,-3.141579,0.000029,0.000011
19.556539,-2.496249,-0.596284,-15.433751,-0.103625,-0.204625,0.040000,0.512619,-0.277955,0.092020,-3.141579,0.000029,0.000003
19.560537,-2.496249,-0.596284,-15.433751,-0.103625,-0.204625,0.040000,0.512644,-0.277872,0.092021,-3.141579,0.000029,-0.000006
19.564539,-2.496248,-0.596278,-15.433751,-0.103625,-0.204625,0.040000,0.512677,-0.277768,0.092024,-3.141580,0.000024,-0.000014
19.568539,-2.496249,-0.596284,-15.433751,-0.103625,-0.204625,0.040000,0.512700,-0.277685,0.092023,-3.141579,0.000029,-0.000029
19.572539,-2.496248,-0.596278,-15.433751,-0.103625,-0.204625,0.040000,0.512727,-0.277602,0.092026,-3.141580,0.000024,-0.000037
19.576539,-2.426250,-0.596287,-15.143752,-0.102625,-0.199625,0.038000,0.512749,-0.277519,0.092027,-3.141578,0.000031,-0.000052
19.580539,-2.426250,-0.596287,-15.143752,-0.102625,-0.199625,0.038000,0.512774,-0.277436,0.092027,-3.141578,0.000031,-0.000067
19.584539,-2.426249,-0.596282,-15.143751,-0.102625,-0.199625,0.038000,0.512799,-0.277353,0.092031,-3.141579,0.000027,-0.000076
19.588543,-2.426250,-0.596289,-15.143752,-0.102625,-0.199625,0.038000,0.512823,-0.277270,0.092031,-3.141578,0.000034,-0.000071
19.592539,-2.426249,-0.596283,-15.143751,-0.102625,-0.199625,0.038000,0.512850,-0.277188,0.092033,-3.141579,0.000028,-0.000059
19.596539,-2.426250,-0.596289,-15.143752,-0.102625,-0.199625,0.038000,0.512872,-0.277107,0.092032,-3.141578,0.000034,-0.000051
19.600515,-2.426252,-0.596297,-15.143752,-0.102624,-0.199625,0.038000,0.512896,-0.277024,0.092032,-3.141576,0.000040,-0.000040
19.604539,-2.426251,-0.596291,-15.143752,-0.102625,-0.199625,0.038000,0.512923,-0.276941,0.092035,-3.141577,0.000035,-0.000021
19.608538,-2.426250,-0.596286,-15.143752,-0.102625,-0.199625,0.038000,0.512948,-0.276859,0.092038,-3.141578,0.000031,-0.000002
19.612539,-2.426251,-0.596293,-15.143752,-0.102625,-0.199625,0.038000,0.512972,-0.276776,0.092038,-3.141577,0.000037,0.000016
19.616539,-2.426251,-0.596293,-15.143752,-0.102625,-0.199625,0.038000,0.512997,-0.276693,0.092039,-3.141577,0.000037,0.000021
19.620539,-2.436251,-0.476293,-14.933752,-0.103625,-0.200625,0.037000,0.513022,-0.276610,0.092039,-3.141577,0.000037,0.000026
19.624539,-2.436251,-0.476295,-14.933752,-0.103624,-0.200625,0.037000,0.513048,-0.276527,0.092041,-3.141576,0.000039,0.000031
19.628543,-2.436251,-0.476295,-14.933752,-0.103624,-0.200625,0.037000,0.513073,-0.276444,0.092042,-3.141576,0.000039,0.000023
19.632540,-2.436250,-0.476289,-14.933752,-0.103625,-0.200625,0.037000,0.513101,-0.276360,0.092044,-3.141578,0.000033,0.000019
19.636546,-2.436250,-0.476289,-14.933752,-0.103625,-0.200625,0.037000,0.513126,-0.276277,0.092045,-3.141578,0.000033,0.000004
19.640538,-2.436252,-0.476296,-14.933752,-0.103624,-0.200625,0.037000,0.513152,-0.276189,0.092045,-3.141576,0.000040,-0.000002
19.644539,-2.436251,-0.476291,-14.933752,-0.103625,-0.200625,0.037000,0.513182,-0.276102,0.092047,-3.141577,0.000035,-0.000021
19.648546,-2.436250,-0.476286,-14.933752,-0.103625,-0.200625,0.037000,0.513208,-0.276017,0.092051,-3.141578,0.000030,-0.000032
19.652514,-2.436250,-0.476286,-14.933752,-0.103625,-0.200625,0.037000,0.513235,-0.275930,0.092051,-3.141578,0.000030,-0.000051
19.656541,-2.436249,-0.476280,-14.933751,-0.103625,-0.200625,0.037000,0.513264,-0.275843,0.092054,-3.141580,0.000025,-0.000064
19.660546,-2.266248,-0.456275,-14.603751,-0.100625,-0.194625,0.035000,0.513292,-0.275755,0.092057,-3.141581,0.000021,-0.000077
19.664539,-2.266248,-0.456275,-14.603751,-0.100625,-0.194625,0.035000,0.513317,-0.275670,0.092058,-3.141581,0.000021,-0.000081
19.668540,-2.266246,-0.456269,-14.603751,-0.100625,-0.194625,0.035000,0.513347,-0.275583,0.092060,-3.141582,0.000016,-0.000074
19.672539,-2.266246,-0.456269,-14.603751,-0.100625,-0.194625,0.035000,0.513372,-0.275498,0.092061,-3.141582,0.000016,-0.000071
19.676574,-2.266244,-0.456258,-14.603750,-0.100625,-0.194625,0.035000,0.513402,-0.275411,0.092066,-3.141584,0.000006,-0.000063
19.680540,-2.266244,-0.456258,-14.603750,-0.100625,-0.194625,0.035000,0.513402,-0.275411,0.092066,-3.141584,0.000006,-0.000063
19.684537,-2.266242,-0.456247,-14.603750,-0.100625,-0.194625,0.035000,0.513457,-0.275239,0.092072,-3.141587,-0.000004,-0.000046
19.688539,-2.266241,-0.456242,-14.603750,-0.100625,-0.194625,0.035000,0.513483,-0.275154,0.092075,-3.141588,-0.000008,-0.000043
19.692553,-2.266244,-0.456254,-14.603750,-0.100625,-0.194625,0.035000,0.513505,-0.275068,0.092072,-3.141585,0.000003,-0.000081
19.696539,-2.236241,-0.536239,-14.193750,-0.093625,-0.189625,0.034000,0.513538,-0.274982,0.092080,-3.141588,-0.000011,-0.000080
19.700539,-2.236240,-0.536233,-14.193750,-0.093625,-0.189625,0.034000,0.513560,-0.274896,0.092083,-3.141589,-0.000016,-0.000077
19.704538,-2.236240,-0.536233,-14.193750,-0.093625,-0.189625,0.034000,0.513586,-0.274810,0.092084,-3.141589,-0.000016,-0.000088
19.708545,-2.236238,-0.536222,-14.193749,-0.093625,-0.189625,0.034000,0.513627,-0.274703,0.092089,-3.141592,-0.000025,-0.000053
19.712542,-2.236238,-0.536222,-14.193749,-0.093625,-0.189625,0.034000,0.513652,-0.274617,0.092089,-3.141592,-0.000025,-0.000064
19.716545,-2.236236,-0.536216,-14.193749,-0.093625,-0.189625,0.034000,0.513681,-0.274530,0.092092,3.141592,-0.000031,-0.000070
19.720539,-2.236236,-0.536216,-14.193749,-0.093625,-0.189625,0.034000,0.513681,-0.274530,0.092092,3.141592,-0.000031,-0.000070
19.724545,-2.236236,-0.536217,-14.193749,-0.093625,-0.189625,0.034000,0.513734,-0.274358,0.092093,3.141592,-0.000031,-0.000093
19.728540,-2.236237,-0.536218,-14.193749,-0.093625,-0.189625,0.034000,0.513762,-0.274270,0.092095,-3.141593,-0.000029,-0.000106
19.732539,-2.236237,-0.536218,-14.193749,-0.093625,-0.189625,0.034000,0.513762,-0.274270,0.092095,-3.141593,-0.000029,-0.000106
19.736504,-2.226238,-0.476223,-13.453748,-0.089625,-0.184625,0.032000,0.513813,-0.274100,0.092094,-3.141592,-0.000025,-0.000114
19.740544,-2.226238,-0.476223,-13.453748,-0.089625,-0.184625,0.032000,0.513813,-0.274100,0.092094,-3.141592,-0.000025,-0.000114
19.744540,-2.226240,-0.476233,-13.453749,-0.089625,-0.184625,0.032000,0.513862,-0.273932,0.092090,-3.141589,-0.000016,-0.000113
19.748547,-2.226240,-0.476233,-13.453749,-0.089625,-0.184625,0.032000,0.513888,-0.273846,0.092091,-3.141589,-0.000016,-0.000096
19.752547,-2.226241,-0.476238,-13.453749,-0.089625,-0.184625,0.032000,0.513913,-0.273761,0.092089,-3.141588,-0.000012,-0.000087
19.756538,-2.226242,-0.476243,-13.453749,-0.089625,-0.184625,0.032000,0.513937,-0.273678,0.092087,-3.141587,-0.000007,-0.000075
19.760543,-2.226242,-0.476243,-13.453749,-0.089625,-0.184625,0.032000,0.513963,-0.273593,0.092088,-3.141587,-0.000007,-0.000058
19.764540,-2.226240,-0.476235,-13.453749,-0.089625,-0.184625,0.032000,0.513989,-0.273511,0.092089,-3.141589,-0.000014,-0.000053
19.768540,-2.226242,-0.476247,-13.453749,-0.089625,-0.184625,0.032000,0.514014,-0.273425,0.092086,-3.141587,-0.000004,-0.000044
19.772543,-2.226242,-0.476247,-13.453749,-0.089625,-0.184625,0.032000,0.514014,-0.273425,0.092086,-3.141587,-0.000004,-0.000044
19.776551,-2.226241,-0.476240,-13.453749,-0.089625,-0.184625,0.032000,0.514040,-0.273340,0.092088,-3.141588,-0.000010,-0.000041
19.780547,-2.166243,-0.496252,-12.823750,-0.085625,-0.174625,0.030000,0.514089,-0.273172,0.092086,-3.141586,0.000001,-0.000039
19.784541,-2.166243,-0.496252,-12.823750,-0.085625,-0.174625,0.030000,0.514089,-0.273172,0.092086,-3.141586,0.000001,-0.000039
19.788541,-2.166243,-0.496252,-12.823749,-0.085625,-0.174625,0.030000,0.514122,-0.273065,0.092086,-3.141586,0.000001,-0.000043
19.792537,-2.166243,-0.496251,-12.823749,-0.085625,-0.174625,0.030000,0.514141,-0.273002,0.092086,-3.141586,0.000000,-0.000047
19.796545,-2.166244,-0.496256,-12.823750,-0.085625,-0.174625,0.030000,0.514166,-0.272916,0.092085,-3.141585,0.000005,-0.000058
19.800538,-2.166244,-0.496256,-12.823750,-0.085625,-0.174625,0.030000,0.514192,-0.272831,0.092085,-3.141585,0.000005,-0.000061
19.804539,-2.166244,-0.496255,-12.823750,-0.085625,-0.174625,0.030000,0.514218,-0.272749,0.092085,-3.141585,0.000004,-0.000077
19.808537,-2.166243,-0.496249,-12.823749,-0.085625,-0.174625,0.030000,0.514245,-0.272664,0.092088,-3.141586,-0.000002,-0.000080
19.812537,-2.166244,-0.496254,-12.823750,-0.085625,-0.174625,0.030000,0.514270,-0.272579,0.092086,-3.141585,0.000003,-0.000084
19.816540,-2.166243,-0.496248,-12.823749,-0.085625,-0.174625,0.030000,0.514298,-0.272494,0.092088,-3.141586,-0.000002,-0.000081
19.820541,-2.096245,-0.476261,-12.953750,-0.087625,-0.173625,0.030000,0.514322,-0.272408,0.092086,-3.141584,0.000009,-0.000078
19.824546,-2.096245,-0.476260,-12.953750,-0.087625,-0.173625,0.030000,0.514348,-0.272326,0.092086,-3.141584,0.000008,-0.000114
19.828539,-2.096243,-0.476252,-12.953750,-0.087625,-0.173625,0.030000,0.514382,-0.272219,0.092087,-3.141586,0.000001,-0.000070
19.832540,-2.096243,-0.476251,-12.953750,-0.087625,-0.173625,0.030000,0.514408,-0.272137,0.092087,-3.141586,-0.000000,-0.000058
19.836539,-2.096243,-0.476250,-12.953750,-0.087625,-0.173625,0.030000,0.514433,-0.272054,0.092087,-3.141586,-0.000001,-0.000053
19.840539,-2.096244,-0.476255,-12.953750,-0.087625,-0.173625,0.030000,0.514457,-0.271971,0.092085,-3.141585,0.000004,-0.000048
19.844540,-2.096244,-0.476254,-12.953750,-0.087625,-0.173625,0.030000,0.514483,-0.271889,0.092085,-3.141585,0.000003,-0.000043
19.848538,-2.096242,-0.476247,-12.953749,-0.087625,-0.173625,0.030000,0.514510,-0.271809,0.092086,-3.141587,-0.000003,-0.000036
19.852541,-2.096243,-0.476251,-12.953750,-0.087625,-0.173625,0.030000,0.514535,-0.271726,0.092084,-3.141586,0.000000,-0.000031
19.856540,-2.096244,-0.476256,-12.953750,-0.087625,-0.173625,0.030000,0.514558,-0.271646,0.092082,-3.141585,0.000005,-0.000030
19.860541,-1.986243,-0.446249,-13.063750,-0.088625,-0.174625,0.030000,0.514586,-0.271564,0.092083,-3.141586,-0.000002,-0.000025
19.864539,-1.986243,-0.446248,-13.063750,-0.088625,-0.174625,0.030000,0.514612,-0.271481,0.092083,-3.141586,-0.000002,-0.000020
19.868539,-1.986246,-0.446266,-13.063751,-0.088625,-0.174625,0.030000,0.514634,-0.271398,0.092078,-3.141583,0.000013,-0.000021
19.872540,-1.986246,-0.446265,-13.063751,-0.088625,-0.174625,0.030000,0.514659,-0.271318,0.092078,-3.141583,0.000012,-0.000034
19.876540,-1.986246,-0.446264,-13.063751,-0.088625,-0.174625,0.030000,0.514685,-0.271235,0.092078,-3.141583,0.000011,-0.000043
19.880499,-1.986246,-0.446268,-13.063751,-0.088625,-0.174625,0.030000,0.514710,-0.271153,0.092075,-3.141582,0.000015,-0.000044
19.884540,-1.986246,-0.446267,-13.063751,-0.088625,-0.174625,0.030000,0.514736,-0.271070,0.092075,-3.141583,0.000014,-0.000053
19.888539,-1.986246,-0.446266,-13.063751,-0.088625,-0.174625,0.030000,0.514761,-0.270988,0.092075,-3.141583,0.000013,-0.000054
19.892540,-1.986246,-0.446265,-13.063751,-0.088625,-0.174625,0.030000,0.514786,-0.270907,0.092075,-3.141583,0.000012,-0.000060
19.896539,-2.106245,-0.436258,-13.133750,-0.088625,-0.182625,0.030000,0.514814,-0.270825,0.092077,-3.141584,0.000006,-0.000055
19.900540,-2.106244,-0.436257,-13.133750,-0.088625,-0.182625,0.030000,0.514840,-0.270743,0.092077,-3.141585,0.000005,-0.000050
19.904541,-2.106244,-0.436256,-13.133750,-0.088625,-0.182625,0.030000,0.514865,-0.270660,0.092077,-3.141585,0.000004,-0.000045
19.908539,-2.106244,-0.436255,-13.133750,-0.088625,-0.182625,0.030000,0.514890,-0.270580,0.092076,-3.141585,0.000004,-0.000044
19.912541,-2.106244,-0.436254,-13.133750,-0.088625,-0.182625,0.030000,0.514915,-0.270498,0.092076,-3.141585,0.000003,-0.000046
19.916538,-2.106241,-0.436241,-13.133749,-0.088625,-0.182625,0.030000,0.514943,-0.270413,0.092079,-3.141588,-0.000009,-0.000036
19.920541,-2.106242,-0.436246,-13.133750,-0.088625,-0.182625,0.030000,0.514965,-0.270332,0.092078,-3.141587,-0.000005,-0.000036
19.924537,-2.106242,-0.436245,-13.133750,-0.088625,-0.182625,0.030000,0.514991,-0.270250,0.092077,-3.141587,-0.000005,-0.000037
19.928540,-2.106242,-0.436244,-13.133750,-0.088625,-0.182625,0.030000,0.515016,-0.270167,0.092077,-3.141587,-0.000006,-0.000039
19.932540,-2.106242,-0.436243,-13.133750,-0.088625,-0.182625,0.030000,0.515041,-0.270087,0.092077,-3.141587,-0.000007,-0.000038
19.936538,-2.126241,-0.496242,-13.443750,-0.088625,-0.184625,0.031000,0.515068,-0.270002,0.092077,-3.141588,-0.000008,-0.000035
19.940540,-2.126242,-0.496247,-13.443750,-0.088625,-0.184625,0.031000,0.515091,-0.269919,0.092075,-3.141587,-0.000004,-0.000030
19.944539,-2.126242,-0.496246,-13.443750,-0.088625,-0.184625,0.031000,0.515115,-0.269839,0.092075,-3.141587,-0.000004,-0.000036
19.948542,-2.126241,-0.496240,-13.443750,-0.088625,-0.184625,0.031000,0.515141,-0.269757,0.092078,-3.141588,-0.000010,-0.000038
19.952537,-2.126241,-0.496239,-13.443750,-0.088625,-0.184625,0.031000,0.515167,-0.269674,0.092078,-3.141588,-0.000011,-0.000040
19.956542,-2.126242,-0.496243,-13.443750,-0.088625,-0.184625,0.031000,0.515192,-0.269591,0.092075,-3.141587,-0.000007,-0.000041
19.960538,-2.126241,-0.496242,-13.443750,-0.088625,-0.184625,0.031000,0.515216,-0.269511,0.092075,-3.141588,-0.000008,-0.000047
19.964541,-2.126240,-0.496234,-13.443750,-0.088625,-0.184625,0.031000,0.515242,-0.269429,0.092075,-3.141589,-0.000015,-0.000089
19.968539,-2.126242,-0.496246,-13.443750,-0.088625,-0.184625,0.031000,0.515264,-0.269348,0.092073,-3.141587,-0.000004,-0.000055
19.972539,-2.126242,-0.496245,-13.443750,-0.088625,-0.184625,0.031000,0.515289,-0.269265,0.092073,-3.141587,-0.000005,-0.000090
19.976540,-2.126240,-0.496236,-13.443750,-0.088625,-0.184625,0.031000,0.515312,-0.269182,0.092073,-3.141589,-0.000013,-0.000092
19.980540,-2.136240,-0.506235,-13.463749,-0.088625,-0.182625,0.031000,0.515347,-0.269081,0.092073,-3.141589,-0.000014,-0.000058
19.984540,-2.136238,-0.506227,-13.463749,-0.088625,-0.182625,0.031000,0.515373,-0.268999,0.092074,-3.141591,-0.000021,-0.000059
19.988540,-2.136242,-0.506244,-13.463750,-0.088625,-0.182625,0.031000,0.515395,-0.268915,0.092069,-3.141587,-0.000006,-0.000061
19.992540,-2.136242,-0.506243,-13.463749,-0.088625,-0.182625,0.031000,0.515420,-0.268833,0.092068,-3.141587,-0.000007,-0.000062
19.996540,-2.136241,-0.506242,-13.463749,-0.088625,-0.182625,0.031000,0.515446,-0.268750,0.092068,-3.141587,-0.000008,-0.000071
20.000538,-2.136240,-0.506234,-13.463749,-0.088625,-0.182625,0.031000,0.515472,-0.268668,0.092069,-3.141589,-0.000015,-0.000072
20.004540,-2.136242,-0.506246,-13.463750,-0.088625,-0.182625,0.031000,0.515496,-0.268585,0.092066,-3.141587,-0.000005,-0.000074
20.008543,-2.136242,-0.506245,-13.463750,-0.088625,-0.182625,0.031000,0.515521,-0.268502,0.092066,-3.141587,-0.000006,-0.000076
20.012539,-2.136243,-0.506249,-13.463750,-0.088625,-0.182625,0.031000,0.515546,-0.268420,0.092063,-3.141586,-0.000002,-0.000077
20.016545,-2.186242,-0.456248,-13.563750,-0.092625,-0.182625,0.031000,0.515571,-0.268340,0.092063,-3.141586,-0.000003,-0.000083
20.020540,-2.186244,-0.456254,-13.563750,-0.092625,-0.182625,0.031000,0.515595,-0.268257,0.092062,-3.141585,0.000003,-0.000085
20.024541,-2.186245,-0.456258,-13.563750,-0.092625,-0.182625,0.031000,0.515620,-0.268174,0.092059,-3.141584,0.000006,-0.000087
20.028539,-2.186244,-0.456257,-13.563750,-0.092625,-0.182625,0.031000,0.515645,-0.268092,0.092059,-3.141585,0.000005,-0.000088
20.032540,-2.186243,-0.456249,-13.563750,-0.092625,-0.182625,0.031000,0.515670,-0.268012,0.092060,-3.141586,-0.000002,-0.000094
20.036538,-2.186242,-0.456248,-13.563750,-0.092625,-0.182625,0.031000,0.515695,-0.267929,0.092060,-3.141586,-0.000003,-0.000089
20.040541,-2.186242,-0.456247,-13.563750,-0.092625,-0.182625,0.031000,0.515720,-0.267846,0.092060,-3.141587,-0.000004,-0.000084
20.044540,-2.186242,-0.456246,-13.563750,-0.092625,-0.182625,0.031000,0.515746,-0.267764,0.092060,-3.141587,-0.000005,-0.000079
20.048539,-2.186242,-0.456245,-13.563750,-0.092625,-0.182625,0.031000,0.515771,-0.267681,0.092059,-3.141587,-0.000005,-0.000081
20.052539,-2.186243,-0.456249,-13.563750,-0.092625,-0.182625,0.031000,0.515796,-0.267599,0.092057,-3.141586,-0.000002,-0.000075
20.056538,-2.196243,-0.446250,-13.663750,-0.094625,-0.181625,0.032000,0.515822,-0.267516,0.092058,-3.141586,-0.000001,-0.000077
20.060540,-2.186243,-0.476249,-13.823749,-0.094625,-0.183625,0.032000,0.515849,-0.267432,0.092058,-3.141586,-0.000002,-0.000074
20.064540,-2.186242,-0.476248,-13.823749,-0.094625,-0.183625,0.032000,0.515874,-0.267349,0.092058,-3.141586,-0.000003,-0.000116
20.068540,-2.186245,-0.476259,-13.823750,-0.094625,-0.183625,0.032000,0.515898,-0.267266,0.092054,-3.141584,0.000007,-0.000077
20.072540,-2.186244,-0.476258,-13.823750,-0.094625,-0.183625,0.032000,0.515929,-0.267164,0.092054,-3.141584,0.000006,-0.000090
20.076539,-2.186245,-0.476262,-13.823750,-0.094625,-0.183625,0.032000,0.515945,-0.267100,0.092051,-3.141584,0.000009,-0.000128
20.080540,-2.186244,-0.476257,-13.823750,-0.094625,-0.183625,0.032000,0.515982,-0.266997,0.092055,-3.141585,0.000005,-0.000102
20.084542,-2.186245,-0.476261,-13.823750,-0.094625,-0.183625,0.032000,0.516007,-0.266914,0.092052,-3.141584,0.000009,-0.000104
20.088540,-2.186245,-0.476260,-13.823750,-0.094625,-0.183625,0.032000,0.516032,-0.266832,0.092052,-3.141584,0.000008,-0.000112
20.092540,-2.186245,-0.476258,-13.823750,-0.094625,-0.183625,0.032000,0.516059,-0.266750,0.092051,-3.141584,0.000006,-0.000114
20.096540,-2.186244,-0.476257,-13.823750,-0.094625,-0.183625,0.032000,0.516084,-0.266667,0.092051,-3.141585,0.000006,-0.000115
20.100540,-2.106244,-0.556256,-14.093750,-0.092625,-0.185625,0.032000,0.516109,-0.266584,0.092051,-3.141585,0.000005,-0.000110
20.104539,-2.106244,-0.556253,-14.093750,-0.092625,-0.185625,0.032000,0.516134,-0.266502,0.092049,-3.141585,0.000002,-0.000105
20.108540,-2.106243,-0.556251,-14.093750,-0.092625,-0.185625,0.032000,0.516161,-0.266420,0.092048,-3.141586,-0.000000,-0.000093
20.112539,-2.106243,-0.556250,-14.093750,-0.092625,-0.185625,0.032000,0.516186,-0.266337,0.092048,-3.141586,-0.000001,-0.000081
20.116540,-2.106244,-0.556254,-14.093750,-0.092625,-0.185625,0.032000,0.516211,-0.266254,0.092045,-3.141585,0.000003,-0.000070
20.120540,-2.106242,-0.556247,-14.093750,-0.092625,-0.185625,0.032000,0.516238,-0.266172,0.092047,-3.141587,-0.000004,-0.000058
20.124542,-2.106243,-0.556251,-14.093750,-0.092625,-0.185625,0.032000,0.516263,-0.266090,0.092044,-3.141586,0.000000,-0.000046
20.128539,-2.106242,-0.556244,-14.093750,-0.092625,-0.185625,0.032000,0.516290,-0.266008,0.092046,-3.141587,-0.000006,-0.000041
20.132540,-2.106244,-0.556254,-14.093750,-0.092625,-0.185625,0.032000,0.516312,-0.265924,0.092041,-3.141585,0.000003,-0.000036
20.136540,-2.106244,-0.596255,-14.253750,-0.089625,-0.188625,0.034000,0.516340,-0.265840,0.092042,-3.141585,0.000003,-0.000040
20.140540,-2.106244,-0.596254,-14.253750,-0.089625,-0.188625,0.034000,0.516367,-0.265753,0.092042,-3.141585,0.000002,-0.000039
20.144540,-2.106244,-0.596253,-14.253750,-0.089625,-0.188625,0.034000,0.516393,-0.265668,0.092042,-3.141585,0.000002,-0.000049
20.148539,-2.106244,-0.596257,-14.253750,-0.089625,-0.188625,0.034000,0.516420,-0.265580,0.092040,-3.141585,0.000005,-0.000049
20.152540,-2.106242,-0.596245,-14.253750,-0.089625,-0.188625,0.034000,0.516450,-0.265494,0.092044,-3.141587,-0.000005,-0.000055
20.156539,-2.106243,-0.596249,-14.253750,-0.089625,-0.188625,0.034000,0.516477,-0.265406,0.092041,-3.141586,-0.000002,-0.000061
20.160544,-2.106241,-0.596241,-14.253749,-0.089625,-0.188625,0.034000,0.516505,-0.265319,0.092042,-3.141588,-0.000009,-0.000067
20.164544,-2.106239,-0.596234,-14.253749,-0.089625,-0.188625,0.034000,0.516534,-0.265232,0.092043,-3.141589,-0.000015,-0.000066
20.168506,-2.106241,-0.596239,-14.253749,-0.089625,-0.188625,0.034000,0.516558,-0.265147,0.092041,-3.141588,-0.000011,-0.000077
20.172545,-2.106239,-0.596232,-14.253749,-0.089625,-0.188625,0.034000,0.516587,-0.265060,0.092043,-3.141589,-0.000017,-0.000076
20.176539,-2.186239,-0.546231,-14.443749,-0.092625,-0.194625,0.034000,0.516614,-0.264973,0.092043,-3.141590,-0.000018,-0.000076
20.180541,-2.186240,-0.546237,-14.443750,-0.092625,-0.194625,0.034000,0.516640,-0.264888,0.092042,-3.141588,-0.000012,-0.000073
20.184540,-2.186240,-0.546237,-14.443750,-0.092625,-0.194625,0.034000,0.516640,-0.264888,0.092042,-3.141588,-0.000012,-0.000073
20.188546,-2.186241,-0.546241,-14.443750,-0.092625,-0.194625,0.034000,0.516690,-0.264715,0.092040,-3.141588,-0.000009,-0.000089
20.192545,-2.186241,-0.546241,-14.443750,-0.092625,-0.194625,0.034000,0.516690,-0.264715,0.092040,-3.141588,-0.000009,-0.000089
20.196539,-2.186238,-0.546228,-14.443749,-0.092625,-0.194625,0.034000,0.516747,-0.264546,0.092043,-3.141590,-0.000021,-0.000030
20.200537,-2.186238,-0.546227,-14.443749,-0.092625,-0.194625,0.034000,0.516774,-0.264459,0.092043,-3.141590,-0.000022,-0.000015
20.204540,-2.186238,-0.546226,-14.443749,-0.092625,-0.194625,0.034000,0.516799,-0.264374,0.092043,-3.141591,-0.000023,-0.000013
20.208540,-2.186238,-0.546226,-14.443749,-0.092625,-0.194625,0.034000,0.516799,-0.264374,0.092043,-3.141591,-0.000023,-0.000013
20.212544,-2.186237,-0.546224,-14.443749,-0.092625,-0.194625,0.034000,0.516852,-0.264201,0.092043,-3.141591,-0.000024,-0.000002
20.216541,-2.186237,-0.546223,-14.443749,-0.092625,-0.194625,0.034000,0.516879,-0.264114,0.092043,-3.141591,-0.000025,-0.000002
20.220539,-2.186237,-0.546223,-14.443749,-0.092625,-0.194625,0.034000,0.516879,-0.264114,0.092043,-3.141591,-0.000025,-0.000002
20.224541,-2.216237,-0.576222,-14.533748,-0.093625,-0.192625,0.035000,0.516905,-0.264029,0.092043,-3.141591,-0.000026,-0.000012
20.228540,-2.216238,-0.576229,-14.533749,-0.093625,-0.192625,0.035000,0.516955,-0.263854,0.092037,-3.141590,-0.000019,-0.000071
20.232540,-2.216239,-0.576234,-14.533749,-0.093625,-0.192625,0.035000,0.516990,-0.263745,0.092036,-3.141589,-0.000015,-0.000044
20.236545,-2.216239,-0.576234,-14.533749,-0.093625,-0.192625,0.035000,0.516990,-0.263745,0.092036,-3.141589,-0.000015,-0.000044
20.240539,-2.216238,-0.576226,-14.533748,-0.093625,-0.192625,0.035000,0.517017,-0.263660,0.092036,-3.141591,-0.000022,-0.000061
20.244543,-2.216239,-0.576230,-14.533749,-0.093625,-0.192625,0.035000,0.517069,-0.263483,0.092034,-3.141590,-0.000019,-0.000082
20.248540,-2.216239,-0.576232,-14.533749,-0.093625,-0.192625,0.035000,0.517094,-0.263395,0.092031,-3.141589,-0.000017,-0.000088
20.252557,-2.216240,-0.576239,-14.533749,-0.093625,-0.192625,0.035000,0.517120,-0.263307,0.092030,-3.141588,-0.000011,-0.000081
20.256545,-2.166240,-0.576238,-14.433750,-0.093625,-0.186625,0.036000,0.517149,-0.263218,0.092030,-3.141588,-0.000012,-0.000062
20.260538,-2.166242,-0.576248,-14.433750,-0.093625,-0.186625,0.036000,0.517173,-0.263130,0.092025,-3.141586,-0.000003,-0.000055
20.264539,-2.166242,-0.576247,-14.433750,-0.093625,-0.186625,0.036000,0.517200,-0.263043,0.092025,-3.141587,-0.000004,-0.000041
20.268538,-2.166242,-0.576246,-14.433750,-0.093625,-0.186625,0.036000,0.517226,-0.262955,0.092025,-3.141587,-0.000005,-0.000026
20.272549,-2.166243,-0.576248,-14.433750,-0.093625,-0.186625,0.036000,0.517252,-0.262865,0.092021,-3.141586,-0.000002,-0.000015
20.276548,-2.166242,-0.576248,-14.433750,-0.093625,-0.186625,0.036000,0.517279,-0.262778,0.092021,-3.141586,-0.000003,-0.000000
20.280539,-2.166242,-0.576244,-14.433750,-0.093625,-0.186625,0.036000,0.517306,-0.262691,0.092019,-3.141587,-0.000006,0.000000
20.284548,-2.166241,-0.576243,-14.433750,-0.093625,-0.186625,0.036000,0.517333,-0.262603,0.092019,-3.141587,-0.000007,0.000001
20.288537,-2.166243,-0.576248,-14.433750,-0.093625,-0.186625,0.036000,0.517358,-0.262516,0.092017,-3.141586,-0.000003,-0.000005
20.292539,-2.166243,-0.576248,-14.433750,-0.093625,-0.186625,0.036000,0.517358,-0.262516,0.092017,-3.141586,-0.000003,-0.000005
20.296539,-2.166242,-0.576247,-14.433750,-0.093625,-0.186625,0.036000,0.517384,-0.262428,0.092017,-3.141587,-0.000003,-0.000018
20.300540,-2.166242,-0.576247,-14.433750,-0.093625,-0.186625,0.036000,0.517384,-0.262428,0.092017,-3.141587,-0.000003,-0.000018
20.304539,-2.186242,-0.486244,-14.673750,-0.098625,-0.189625,0.035000,0.517437,-0.262251,0.092016,-3.141587,-0.000006,-0.000039
20.308540,-2.186241,-0.486243,-14.673749,-0.098625,-0.189625,0.035000,0.517464,-0.262164,0.092016,-3.141587,-0.000007,-0.000052
20.312539,-2.186244,-0.486254,-14.673750,-0.098625,-0.189625,0.035000,0.517491,-0.262074,0.092013,-3.141585,0.000003,-0.000067
20.316540,-2.186243,-0.486248,-14.673750,-0.098625,-0.189625,0.035000,0.517518,-0.261986,0.092015,-3.141586,-0.000002,-0.000080
20.320540,-2.186241,-0.486240,-14.673749,-0.098625,-0.189625,0.035000,0.517545,-0.261899,0.092016,-3.141588,-0.000010,-0.000099
20.324539,-2.186242,-0.486244,-14.673750,-0.098625,-0.189625,0.035000,0.517571,-0.261812,0.092013,-3.141587,-0.000006,-0.000105
20.328540,-2.186243,-0.486249,-14.673750,-0.098625,-0.189625,0.035000,0.517595,-0.261724,0.092011,-3.141586,-0.000002,-0.000105
20.332539,-2.186241,-0.486241,-14.673749,-0.098625,-0.189625,0.035000,0.517623,-0.261637,0.092012,-3.141588,-0.000009,-0.000097
20.336539,-2.286241,-0.406241,-15.063750,-0.102625,-0.201625,0.036000,0.517650,-0.261552,0.092013,-3.141588,-0.000009,-0.000121
20.340539,-2.286241,-0.406240,-15.063750,-0.102625,-0.201625,0.036000,0.517675,-0.261467,0.092013,-3.141588,-0.000010,-0.000112
20.344540,-2.286240,-0.406238,-15.063750,-0.102625,-0.201625,0.036000,0.517701,-0.261385,0.092012,-3.141588,-0.000011,-0.000100
20.348539,-2.286238,-0.406230,-15.063749,-0.102625,-0.201625,0.036000,0.517736,-0.261281,0.092012,-3.141590,-0.000019,-0.000047
20.352543,-2.286238,-0.406230,-15.063749,-0.102625,-0.201625,0.036000,0.517761,-0.261201,0.092013,-3.141590,-0.000018,-0.000047
20.356540,-2.286238,-0.406229,-15.063749,-0.102625,-0.201625,0.036000,0.517787,-0.261119,0.092012,-3.141590,-0.000020,-0.000042
20.360540,-2.286238,-0.406227,-15.063749,-0.102625,-0.201625,0.036000,0.517813,-0.261037,0.092011,-3.141590,-0.000022,-0.000043
20.364538,-2.286237,-0.406225,-15.063749,-0.102625,-0.201625,0.036000,0.517839,-0.260954,0.092011,-3.141591,-0.000024,-0.000045
20.368540,-2.286237,-0.406223,-15.063749,-0.102625,-0.201625,0.036000,0.517865,-0.260872,0.092010,-3.141591,-0.000025,-0.000046
20.372530,-2.286238,-0.406228,-15.063749,-0.102625,-0.201625,0.036000,0.517890,-0.260790,0.092008,-3.141590,-0.000020,-0.000055
20.376545,-2.316236,-0.426220,-15.253748,-0.101625,-0.206625,0.036000,0.517920,-0.260705,0.092009,-3.141592,-0.000027,-0.000059
20.380546,-2.306236,-0.466218,-15.283748,-0.099625,-0.206625,0.038000,0.517946,-0.260623,0.092008,-3.141592,-0.000029,-0.000067
20.384540,-2.306236,-0.466218,-15.283748,-0.099625,-0.206625,0.038000,0.517973,-0.260541,0.092008,-3.141592,-0.000030,-0.000082
20.388543,-2.306237,-0.466223,-15.283748,-0.099625,-0.206625,0.038000,0.517999,-0.260459,0.092006,-3.141591,-0.000025,-0.000097
20.392547,-2.306236,-0.466221,-15.283748,-0.099625,-0.206625,0.038000,0.518026,-0.260374,0.092006,-3.141591,-0.000026,-0.000108
20.396545,-2.306236,-0.466219,-15.283748,-0.099625,-0.206625,0.038000,0.518051,-0.260292,0.092005,-3.141592,-0.000028,-0.000116
20.400538,-2.306235,-0.466218,-15.283748,-0.099625,-0.206625,0.038000,0.518079,-0.260207,0.092004,-3.141592,-0.000030,-0.000113
20.404539,-2.306235,-0.466216,-15.283748,-0.099625,-0.206625,0.038000,0.518104,-0.260125,0.092003,-3.141592,-0.000032,-0.000115
20.408542,-2.306235,-0.466216,-15.283748,-0.099625,-0.206625,0.038000,0.518130,-0.260042,0.092004,-3.141592,-0.000031,-0.000110
20.412540,-2.306235,-0.466214,-15.283748,-0.099625,-0.206625,0.038000,0.518156,-0.259960,0.092003,-3.141593,-0.000033,-0.000098
20.416539,-2.306234,-0.466212,-15.283748,-0.099625,-0.206625,0.038000,0.518182,-0.259878,0.092002,3.141592,-0.000035,-0.000093
20.420539,-2.336236,-0.586218,-15.393749,-0.097625,-0.205625,0.039000,0.518208,-0.259793,0.092000,-3.141592,-0.000030,-0.000076
20.424539,-2.336235,-0.586216,-15.393749,-0.097625,-0.205625,0.039000,0.518234,-0.259711,0.091999,-3.141592,-0.000031,-0.000064
20.428540,-2.336236,-0.586220,-15.393749,-0.097625,-0.205625,0.039000,0.518257,-0.259628,0.091997,-3.141592,-0.000028,-0.000053
20.432538,-2.336236,-0.586220,-15.393749,-0.097625,-0.205625,0.039000,0.518283,-0.259545,0.091998,-3.141591,-0.000027,-0.000041
20.436540,-2.336237,-0.586224,-15.393749,-0.097625,-0.205625,0.039000,0.518306,-0.259463,0.091995,-3.141591,-0.000024,-0.000036
20.440539,-2.336237,-0.586222,-15.393749,-0.097625,-0.205625,0.039000,0.518331,-0.259383,0.091994,-3.141591,-0.000026,-0.000028
20.444539,-2.336237,-0.586223,-15.393749,-0.097625,-0.205625,0.039000,0.518356,-0.259300,0.091995,-3.141591,-0.000025,-0.000023
20.448546,-2.336236,-0.586221,-15.393749,-0.097625,-0.205625,0.039000,0.518382,-0.259218,0.091994,-3.141591,-0.000027,-0.000025
20.452540,-2.336237,-0.586221,-15.393749,-0.097625,-0.205625,0.039000,0.518406,-0.259138,0.091995,-3.141591,-0.000026,-0.000031
20.456540,-2.336239,-0.586233,-15.393749,-0.097625,-0.205625,0.039000,0.518429,-0.259055,0.091992,-3.141589,-0.000016,-0.000039
20.460539,-2.396237,-0.566226,-15.583749,-0.102625,-0.207625,0.039000,0.518454,-0.258975,0.091993,-3.141590,-0.000022,-0.000052
20.464539,-2.396240,-0.566237,-15.583749,-0.102625,-0.207625,0.039000,0.518477,-0.258892,0.091990,-3.141588,-0.000012,-0.000067
20.468539,-2.396241,-0.566241,-15.583749,-0.102625,-0.207625,0.039000,0.518499,-0.258812,0.091988,-3.141588,-0.000009,-0.000080
20.472540,-2.396241,-0.566242,-15.583749,-0.102625,-0.207625,0.039000,0.518524,-0.258729,0.091989,-3.141587,-0.000008,-0.000088
20.476539,-2.396240,-0.566235,-15.583749,-0.102625,-0.207625,0.039000,0.518550,-0.258647,0.091990,-3.141589,-0.000014,-0.000090
20.480538,-2.396240,-0.566239,-15.583749,-0.102625,-0.207625,0.039000,0.518573,-0.258566,0.091988,-3.141588,-0.000011,-0.000089
20.484540,-2.396241,-0.566239,-15.583749,-0.102625,-0.207625,0.039000,0.518598,-0.258484,0.091988,-3.141588,-0.000010,-0.000084
20.488539,-2.396242,-0.566245,-15.583749,-0.102625,-0.207625,0.039000,0.518623,-0.258401,0.091987,-3.141587,-0.000006,-0.000106
20.492539,-2.396239,-0.566231,-15.583749,-0.102625,-0.207625,0.039000,0.518648,-0.258322,0.091989,-3.141590,-0.000018,-0.000099
20.496539,-2.396243,-0.566249,-15.583750,-0.102625,-0.207625,0.039000,0.518676,-0.258219,0.091985,-3.141586,-0.000002,-0.000051
20.500539,-2.446242,-0.436247,-15.783749,-0.111625,-0.207625,0.039000,0.518700,-0.258139,0.091984,-3.141587,-0.000004,-0.000043
20.504545,-2.446244,-0.436253,-15.783750,-0.111625,-0.207625,0.039000,0.518723,-0.258056,0.091983,-3.141585,0.000002,-0.000032
20.508537,-2.446245,-0.436259,-15.783750,-0.111625,-0.207625,0.039000,0.518748,-0.257974,0.091982,-3.141584,0.000007,-0.000026
20.512540,-2.446245,-0.436257,-15.783750,-0.111625,-0.207625,0.039000,0.518773,-0.257894,0.091981,-3.141585,0.000005,-0.000019
20.516540,-2.446246,-0.436263,-15.783750,-0.111625,-0.207625,0.039000,0.518796,-0.257811,0.091980,-3.141584,0.000011,-0.000007
20.520539,-2.446246,-0.436261,-15.783750,-0.111625,-0.207625,0.039000,0.518820,-0.257731,0.091979,-3.141584,0.000009,-0.000013
20.524539,-2.446247,-0.436267,-15.783750,-0.111625,-0.207625,0.039000,0.518845,-0.257648,0.091978,-3.141583,0.000014,-0.000008
20.528540,-2.446246,-0.436265,-15.783750,-0.111625,-0.207625,0.039000,0.518870,-0.257566,0.091977,-3.141583,0.000012,-0.000010
20.532539,-2.446248,-0.436270,-15.783750,-0.111625,-0.207625,0.039000,0.518894,-0.257486,0.091975,-3.141582,0.000017,-0.000009
20.536542,-2.446246,-0.436263,-15.783750,-0.111625,-0.207625,0.039000,0.518920,-0.257404,0.091977,-3.141584,0.000011,-0.000018
20.540541,-2.366246,-0.456263,-16.043750,-0.112625,-0.208625,0.038000,0.518947,-0.257321,0.091977,-3.141584,0.000011,-0.000026
20.544539,-2.366246,-0.456263,-16.043750,-0.112625,-0.208625,0.038000,0.518974,-0.257239,0.091977,-3.141584,0.000010,-0.000034
20.548540,-2.366247,-0.456268,-16.043750,-0.112625,-0.208625,0.038000,0.518998,-0.257157,0.091975,-3.141583,0.000015,-0.000043
20.552539,-2.366245,-0.456260,-16.043750,-0.112625,-0.208625,0.038000,0.519026,-0.257075,0.091976,-3.141584,0.000008,-0.000044
20.556540,-2.366247,-0.456266,-16.043750,-0.112625,-0.208625,0.038000,0.519051,-0.256992,0.091975,-3.141583,0.000013,-0.000039
20.560540,-2.366248,-0.456270,-16.043751,-0.112625,-0.208625,0.038000,0.519077,-0.256910,0.091972,-3.141582,0.000017,-0.000041
20.564538,-2.366249,-0.456275,-16.043751,-0.112625,-0.208625,0.038000,0.519102,-0.256828,0.091971,-3.141581,0.000022,-0.000042
20.568540,-2.366247,-0.456268,-16.043750,-0.112625,-0.208625,0.038000,0.519130,-0.256746,0.091971,-3.141583,0.000015,-0.000044
20.572539,-2.366246,-0.456262,-16.043750,-0.112625,-0.208625,0.038000,0.519157,-0.256664,0.091974,-3.141584,0.000010,-0.000039
20.576540,-2.346246,-0.456262,-16.103751,-0.112625,-0.208625,0.038000,0.519184,-0.256582,0.091974,-3.141584,0.000010,-0.000034
20.580539,-2.366247,-0.446267,-16.323750,-0.110625,-0.215625,0.038000,0.519208,-0.256499,0.091973,-3.141583,0.000014,-0.000029
20.584541,-2.366248,-0.446271,-16.323750,-0.110625,-0.215625,0.038000,0.519231,-0.256416,0.091970,-3.141582,0.000018,-0.000071
20.588539,-2.366245,-0.446259,-16.323750,-0.110625,-0.215625,0.038000,0.519264,-0.256333,0.091974,-3.141584,0.000007,-0.000021
20.592539,-2.366244,-0.446253,-16.323750,-0.110625,-0.215625,0.038000,0.519297,-0.256231,0.091976,-3.141585,0.000002,-0.000027
20.596539,-2.366244,-0.446253,-16.323750,-0.110625,-0.215625,0.038000,0.519317,-0.256171,0.091976,-3.141585,0.000002,-0.000028
20.600541,-2.366244,-0.446253,-16.323750,-0.110625,-0.215625,0.038000,0.519317,-0.256171,0.091976,-3.141585,0.000002,-0.000028
20.604540,-2.366243,-0.446252,-16.323750,-0.110625,-0.215625,0.038000,0.519350,-0.256067,0.091976,-3.141586,0.000001,-0.000023
20.608538,-2.366242,-0.446245,-16.323749,-0.110625,-0.215625,0.038000,0.519396,-0.255925,0.091978,-3.141587,-0.000005,-0.000067
20.612538,-2.366245,-0.446257,-16.323750,-0.110625,-0.215625,0.038000,0.519418,-0.255842,0.091975,-3.141585,0.000005,-0.000069
20.616541,-2.366242,-0.446246,-16.323749,-0.110625,-0.215625,0.038000,0.519456,-0.255739,0.091980,-3.141587,-0.000004,-0.000036
20.620544,-2.496242,-0.536246,-16.513750,-0.108625,-0.223625,0.041000,0.519481,-0.255659,0.091980,-3.141587,-0.000005,-0.000049
20.624540,-2.496242,-0.536246,-16.513750,-0.108625,-0.223625,0.041000,0.519506,-0.255576,0.091981,-3.141587,-0.000004,-0.000057
20.628500,-2.496243,-0.536252,-16.513750,-0.108625,-0.223625,0.041000,0.519532,-0.255492,0.091980,-3.141586,0.000001,-0.000048
20.632540,-2.496243,-0.536252,-16.513750,-0.108625,-0.223625,0.041000,0.519557,-0.255409,0.091981,-3.141586,0.000001,-0.000049
20.636544,-2.496243,-0.536250,-16.513750,-0.108625,-0.223625,0.041000,0.519583,-0.255324,0.091980,-3.141586,-0.000001,-0.000053
20.640540,-2.496243,-0.536251,-16.513750,-0.108625,-0.223625,0.041000,0.519610,-0.255237,0.091981,-3.141586,-0.000000,-0.000046
20.644540,-2.496241,-0.536244,-16.513750,-0.108625,-0.223625,0.041000,0.519636,-0.255152,0.091982,-3.141587,-0.000006,-0.000050
20.648524,-2.496242,-0.536244,-16.513750,-0.108625,-0.223625,0.041000,0.519663,-0.255065,0.091983,-3.141587,-0.000006,-0.000049
20.652540,-2.496243,-0.536251,-16.513750,-0.108625,-0.223625,0.041000,0.519688,-0.254978,0.091983,-3.141586,-0.000000,-0.000055
20.656540,-2.506243,-0.566249,-16.503750,-0.108625,-0.223625,0.041000,0.519716,-0.254890,0.091982,-3.141586,-0.000002,-0.000054
20.660546,-2.496244,-0.616255,-16.413750,-0.105625,-0.220625,0.041000,0.519740,-0.254803,0.091981,-3.141585,0.000004,-0.000061
20.664540,-2.496244,-0.616253,-16.413750,-0.105625,-0.220625,0.041000,0.519768,-0.254716,0.091980,-3.141585,0.000002,-0.000060
20.668544,-2.496245,-0.616260,-16.413750,-0.105625,-0.220625,0.041000,0.519792,-0.254628,0.091979,-3.141584,0.000008,-0.000059
20.672544,-2.496245,-0.616260,-16.413750,-0.105625,-0.220625,0.041000,0.519818,-0.254543,0.091980,-3.141584,0.000008,-0.000070
20.676540,-2.496246,-0.616264,-16.413750,-0.105625,-0.220625,0.041000,0.519843,-0.254456,0.091978,-3.141583,0.000012,-0.000076
20.680540,-2.496246,-0.616265,-16.413750,-0.105625,-0.220625,0.041000,0.519870,-0.254369,0.091978,-3.141583,0.000012,-0.000075
20.684517,-2.496247,-0.616265,-16.413750,-0.105625,-0.220625,0.041000,0.519896,-0.254284,0.091979,-3.141583,0.000013,-0.000079
20.688545,-2.496249,-0.616277,-16.413751,-0.105625,-0.220625,0.041000,0.519920,-0.254196,0.091976,-3.141581,0.000023,-0.000085
20.692540,-2.496249,-0.616276,-16.413751,-0.105625,-0.220625,0.041000,0.519944,-0.254111,0.091976,-3.141581,0.000022,-0.000089
20.696539,-2.506250,-0.596281,-16.213751,-0.105625,-0.214625,0.039000,0.519971,-0.254024,0.091974,-3.141580,0.000027,-0.000082
20.700539,-2.506250,-0.596281,-16.213751,-0.105625,-0.214625,0.039000,0.519971,-0.254024,0.091974,-3.141580,0.000027,-0.000082
20.704540,-2.506252,-0.596288,-16.213751,-0.105625,-0.214625,0.039000,0.520021,-0.253851,0.091975,-3.141579,0.000033,-0.000071
20.708539,-2.506250,-0.596281,-16.213751,-0.105625,-0.214625,0.039000,0.520047,-0.253766,0.091976,-3.141580,0.000027,-0.000075
20.712540,-2.506250,-0.596282,-16.213751,-0.105625,-0.214625,0.039000,0.520074,-0.253679,0.091977,-3.141580,0.000028,-0.000068
20.716540,-2.506253,-0.596293,-16.213752,-0.105625,-0.214625,0.039000,0.520097,-0.253594,0.091974,-3.141578,0.000038,-0.000072
20.720540,-2.506252,-0.596289,-16.213751,-0.105625,-0.214625,0.039000,0.520124,-0.253507,0.091977,-3.141579,0.000034,-0.000071
20.724539,-2.506253,-0.596294,-16.213752,-0.105625,-0.214625,0.039000,0.520151,-0.253419,0.091976,-3.141578,0.000039,-0.000077
20.728546,-2.506255,-0.596300,-16.213752,-0.105624,-0.214625,0.039000,0.520174,-0.253334,0.091975,-3.141577,0.000044,-0.000087
20.732540,-2.506254,-0.596296,-16.213752,-0.105624,-0.214625,0.039000,0.520201,-0.253247,0.091979,-3.141578,0.000040,-0.000087
20.736502,-2.506254,-0.596296,-16.213752,-0.105624,-0.214625,0.039000,0.520201,-0.253247,0.091979,-3.141578,0.000040,-0.000087
20.740542,-2.486257,-0.446308,-16.173752,-0.113624,-0.211625,0.039000,0.520252,-0.253072,0.091976,-3.141576,0.000051,-0.000099
20.744539,-2.486254,-0.446296,-16.173752,-0.113624,-0.211625,0.039000,0.520280,-0.252985,0.091980,-3.141578,0.000040,-0.000139
20.748540,-2.486254,-0.446297,-16.173752,-0.113624,-0.211625,0.039000,0.520306,-0.252898,0.091981,-3.141578,0.000041,-0.000138
20.752539,-2.486254,-0.446297,-16.173752,-0.113624,-0.211625,0.039000,0.520306,-0.252898,0.091981,-3.141578,0.000041,-0.000138
20.756540,-2.486257,-0.446309,-16.173752,-0.113624,-0.211625,0.039000,0.520328,-0.252810,0.091979,-3.141576,0.000052,-0.000144
20.760544,-2.486254,-0.446298,-16.173752,-0.113624,-0.211625,0.039000,0.520393,-0.252614,0.091984,-3.141578,0.000042,-0.000102
20.764553,-2.486255,-0.446298,-16.173752,-0.113624,-0.211625,0.039000,0.520420,-0.252527,0.091985,-3.141578,0.000042,-0.000095
20.768539,-2.486255,-0.446299,-16.173752,-0.113624,-0.211625,0.039000,0.520446,-0.252440,0.091986,-3.141578,0.000043,-0.000081
20.772540,-2.486253,-0.446293,-16.173752,-0.113625,-0.211625,0.039000,0.520475,-0.252353,0.091989,-3.141578,0.000038,-0.000073
20.776554,-2.476254,-0.396294,-16.073751,-0.113625,-0.211625,0.037000,0.520501,-0.252266,0.091990,-3.141578,0.000038,-0.000066
20.780538,-2.476254,-0.396294,-16.073751,-0.113625,-0.211625,0.037000,0.520501,-0.252266,0.091990,-3.141578,0.000038,-0.000066
20.784545,-2.476252,-0.396288,-16.073751,-0.113625,-0.211625,0.037000,0.520558,-0.252095,0.091995,-3.141582,0.000022,-0.000049
20.788539,-2.476249,-0.396276,-16.073751,-0.113625,-0.211625,0.037000,0.520585,-0.252007,0.091996,-3.141581,0.000023,-0.000048
20.792539,-2.476249,-0.396276,-16.073751,-0.113625,-0.211625,0.037000,0.520585,-0.252007,0.091996,-3.141581,0.000023,-0.000048
20.796537,-2.476249,-0.396276,-16.073751,-0.113625,-0.211625,0.037000,0.520613,-0.251920,0.091997,-3.141582,0.000022,-0.000047
20.800538,-2.476249,-0.396276,-16.073751,-0.113625,-0.211625,0.037000,0.520668,-0.251746,0.091998,-3.141582,0.000022,-0.000053
20.804538,-2.476249,-0.396275,-16.073751,-0.113625,-0.211625,0.037000,0.520697,-0.251659,0.091998,-3.141582,0.000022,-0.000059
20.808546,-2.476247,-0.396267,-16.073750,-0.113625,-0.211625,0.037000,0.520726,-0.251573,0.091999,-3.141583,0.000015,-0.000065
20.812539,-2.476247,-0.396267,-16.073750,-0.113625,-0.211625,0.037000,0.520726,-0.251573,0.091999,-3.141583,0.000015,-0.000065
20.816540,-2.476247,-0.396267,-16.073750,-0.113625,-0.211625,0.037000,0.520754,-0.251486,0.091999,-3.141583,0.000014,-0.000071
20.820541,-2.306246,-0.516261,-15.733751,-0.104625,-0.205625,0.035000,0.520811,-0.251312,0.092002,-3.141584,0.000009,-0.000090
20.824540,-2.306244,-0.516253,-15.733750,-0.104625,-0.205625,0.035000,0.520840,-0.251225,0.092002,-3.141585,0.000002,-0.000089
20.828540,-2.306244,-0.516253,-15.733750,-0.104625,-0.205625,0.035000,0.520840,-0.251225,0.092002,-3.141585,0.000002,-0.000089
20.832540,-2.306244,-0.516253,-15.733750,-0.104625,-0.205625,0.035000,0.520868,-0.251138,0.092002,-3.141585,0.000002,-0.000089
20.836545,-2.306243,-0.516252,-15.733750,-0.104625,-0.205625,0.035000,0.520896,-0.251051,0.092003,-3.141586,0.000001,-0.000088
20.840545,-2.306242,-0.516247,-15.733750,-0.104625,-0.205625,0.035000,0.520952,-0.250880,0.092005,-3.141587,-0.000004,-0.000071
20.844540,-2.306242,-0.516247,-15.733750,-0.104625,-0.205625,0.035000,0.520952,-0.250880,0.092005,-3.141587,-0.000004,-0.000071
20.848540,-2.306242,-0.516246,-15.733750,-0.104625,-0.205625,0.035000,0.520980,-0.250793,0.092005,-3.141587,-0.000005,-0.000050
20.852539,-2.306242,-0.516246,-15.733750,-0.104625,-0.205625,0.035000,0.521007,-0.250709,0.092006,-3.141587,-0.000005,-0.000034
20.856540,-2.306241,-0.516244,-15.733750,-0.104625,-0.205625,0.035000,0.521033,-0.250624,0.092005,-3.141587,-0.000007,-0.000064
20.860539,-2.236239,-0.586233,-15.483749,-0.099625,-0.200625,0.034000,0.521072,-0.250516,0.092010,-3.141589,-0.000016,-0.000010
20.864540,-2.206239,-0.626233,-15.293749,-0.096625,-0.197625,0.034000,0.521093,-0.250451,0.092010,-3.141589,-0.000016,-0.000043
20.868540,-2.206240,-0.626239,-15.293749,-0.096625,-0.197625,0.034000,0.521118,-0.250366,0.092009,-3.141588,-0.000011,-0.000040
20.872540,-2.206239,-0.626234,-15.293749,-0.096625,-0.197625,0.034000,0.521154,-0.250260,0.092012,-3.141589,-0.000015,-0.000003
20.876538,-2.206237,-0.626226,-15.293749,-0.096625,-0.197625,0.034000,0.521184,-0.250170,0.092013,-3.141590,-0.000022,-0.000005
20.880538,-2.206238,-0.626232,-15.293749,-0.096625,-0.197625,0.034000,0.521208,-0.250085,0.092011,-3.141589,-0.000017,-0.000015
20.884538,-2.206237,-0.626227,-15.293749,-0.096625,-0.197625,0.034000,0.521237,-0.249999,0.092014,-3.141590,-0.000022,-0.000028
20.888537,-2.206237,-0.626226,-15.293749,-0.096625,-0.197625,0.034000,0.521264,-0.249914,0.092014,-3.141590,-0.000022,-0.000039
20.892537,-2.206239,-0.626234,-15.293749,-0.096625,-0.197625,0.034000,0.521289,-0.249827,0.092014,-3.141589,-0.000015,-0.000052
20.896540,-2.206238,-0.626229,-15.293749,-0.096625,-0.197625,0.034000,0.521317,-0.249740,0.092017,-3.141590,-0.000020,-0.000058
20.900537,-2.276237,-0.586228,-14.903749,-0.096625,-0.194625,0.034000,0.521344,-0.249655,0.092017,-3.141590,-0.000021,-0.000075
20.904537,-2.276237,-0.586229,-14.903749,-0.096625,-0.194625,0.034000,0.521370,-0.249568,0.092018,-3.141590,-0.000020,-0.000081
20.908544,-2.276239,-0.586234,-14.903750,-0.096625,-0.194625,0.034000,0.521396,-0.249480,0.092017,-3.141589,-0.000015,-0.000087
20.912538,-2.276239,-0.586235,-14.903750,-0.096625,-0.194625,0.034000,0.521421,-0.249395,0.092018,-3.141589,-0.000015,-0.000084
20.916539,-2.276239,-0.586234,-14.903750,-0.096625,-0.194625,0.034000,0.521449,-0.249309,0.092018,-3.141589,-0.000015,-0.000070
20.920543,-2.276238,-0.586229,-14.903749,-0.096625,-0.194625,0.034000,0.521476,-0.249224,0.092020,-3.141590,-0.000020,-0.000054
20.924537,-2.276239,-0.586234,-14.903750,-0.096625,-0.194625,0.034000,0.521502,-0.249137,0.092019,-3.141589,-0.000015,-0.000026
20.928537,-2.276239,-0.586234,-14.903750,-0.096625,-0.194625,0.034000,0.521529,-0.249052,0.092019,-3.141589,-0.000016,-0.000016
20.932537,-2.276239,-0.586234,-14.903750,-0.096625,-0.194625,0.034000,0.521555,-0.248965,0.092020,-3.141589,-0.000015,0.000004
20.936538,-2.246240,-0.516240,-14.623749,-0.098625,-0.188625,0.033000,0.521579,-0.248880,0.092018,-3.141588,-0.000010,0.000014
20.940514,-2.226240,-0.516239,-14.523750,-0.098625,-0.185625,0.033000,0.521605,-0.248797,0.092018,-3.141588,-0.000011,0.000012
20.944549,-2.226242,-0.516245,-14.523750,-0.098625,-0.185625,0.033000,0.521628,-0.248715,0.092017,-3.141587,-0.000006,0.000011
20.948540,-2.226240,-0.516239,-14.523750,-0.098625,-0.185625,0.033000,0.521654,-0.248632,0.092020,-3.141588,-0.000011,0.000009
20.952543,-2.226240,-0.516237,-14.523750,-0.098625,-0.185625,0.033000,0.521677,-0.248552,0.092019,-3.141588,-0.000012,-0.000004
20.956540,-2.226241,-0.516243,-14.523750,-0.098625,-0.185625,0.033000,0.521701,-0.248470,0.092017,-3.141587,-0.000008,-0.000019
20.960540,-2.226242,-0.516248,-14.523750,-0.098625,-0.185625,0.033000,0.521725,-0.248385,0.092015,-3.141586,-0.000003,-0.000023
20.964540,-2.226243,-0.516249,-14.523750,-0.098625,-0.185625,0.033000,0.521748,-0.248304,0.092016,-3.141586,-0.000002,-0.000049
20.968540,-2.226242,-0.516248,-14.523750,-0.098625,-0.185625,0.033000,0.521773,-0.248222,0.092017,-3.141586,-0.000003,-0.000057
20.972505,-2.226244,-0.516254,-14.523750,-0.098625,-0.185625,0.033000,0.521796,-0.248139,0.092015,-3.141585,0.000002,-0.000072
20.976540,-2.226244,-0.516253,-14.523750,-0.098625,-0.185625,0.033000,0.521822,-0.248057,0.092015,-3.141585,0.000002,-0.000087
20.980545,-2.086245,-0.546258,-14.343750,-0.096625,-0.180625,0.031000,0.521845,-0.247974,0.092014,-3.141585,0.000007,-0.000136
20.984540,-2.086245,-0.546258,-14.343750,-0.096625,-0.180625,0.031000,0.521867,-0.247891,0.092013,-3.141585,0.000006,-0.000145
20.988540,-2.086244,-0.546252,-14.343750,-0.096625,-0.180625,0.031000,0.521903,-0.247788,0.092016,-3.141586,0.000001,-0.000099
20.992540,-2.086244,-0.546252,-14.343750,-0.096625,-0.180625,0.031000,0.521903,-0.247788,0.092016,-3.141586,0.000001,-0.000099
20.996549,-2.086246,-0.546262,-14.343750,-0.096625,-0.180625,0.031000,0.521951,-0.247623,0.092012,-3.141584,0.000010,-0.000082
21.000537,-2.086244,-0.546255,-14.343750,-0.096625,-0.180625,0.031000,0.521976,-0.247540,0.092014,-3.141585,0.000004,-0.000063
21.004544,-2.086244,-0.546255,-14.343750,-0.096625,-0.180625,0.031000,0.521976,-0.247540,0.092014,-3.141585,0.000004,-0.000063
21.008544,-2.086244,-0.546254,-14.343750,-0.096625,-0.180625,0.031000,0.522026,-0.247376,0.092014,-3.141585,0.000003,-0.000040
21.012537,-2.086244,-0.546254,-14.343750,-0.096625,-0.180625,0.031000,0.522052,-0.247294,0.092014,-3.141585,0.000002,-0.000034
21.016538,-2.026244,-0.446253,-14.353750,-0.099625,-0.181625,0.031000,0.522077,-0.247211,0.092014,-3.141585,0.000002,-0.000029
21.020538,-2.056244,-0.396253,-14.363750,-0.100625,-0.183625,0.031000,0.522103,-0.247129,0.092014,-3.141586,0.000002,-0.000031
21.024537,-2.056243,-0.396252,-14.363749,-0.100625,-0.183625,0.031000,0.522128,-0.247047,0.092015,-3.141586,0.000001,-0.000033
21.028537,-2.056244,-0.396254,-14.363750,-0.100625,-0.183625,0.031000,0.522152,-0.246967,0.092017,-3.141585,0.000003,-0.000039
21.032537,-2.056244,-0.396254,-14.363750,-0.100625,-0.183625,0.031000,0.522177,-0.246884,0.092017,-3.141585,0.000003,-0.000047
21.036538,-2.056242,-0.396248,-14.363749,-0.100625,-0.183625,0.031000,0.522205,-0.246802,0.092019,-3.141586,-0.000003,-0.000055
21.040537,-2.056242,-0.396247,-14.363749,-0.100625,-0.183625,0.031000,0.522230,-0.246720,0.092019,-3.141586,-0.000004,-0.000064
21.044537,-2.056240,-0.396241,-14.363749,-0.100625,-0.183625,0.031000,0.522258,-0.246638,0.092021,-3.141588,-0.000009,-0.000079
21.048537,-2.056241,-0.396242,-14.363749,-0.100625,-0.183625,0.031000,0.522285,-0.246556,0.092022,-3.141587,-0.000008,-0.000094
21.052538,-2.056239,-0.396235,-14.363749,-0.100625,-0.183625,0.031000,0.522311,-0.246477,0.092024,-3.141588,-0.000014,-0.000107
21.056537,-2.056239,-0.396235,-14.363749,-0.100625,-0.183625,0.031000,0.522336,-0.246394,0.092024,-3.141588,-0.000015,-0.000122
21.060538,-2.156239,-0.386233,-14.403750,-0.099625,-0.192625,0.032000,0.522363,-0.246312,0.092023,-3.141589,-0.000016,-0.000117
21.064547,-2.156237,-0.386227,-14.403749,-0.099625,-0.192625,0.032000,0.522391,-0.246230,0.092025,-3.141590,-0.000022,-0.000118
21.068539,-2.156237,-0.386227,-14.403749,-0.099625,-0.192625,0.032000,0.522415,-0.246150,0.092025,-3.141590,-0.000022,-0.000118
21.072516,-2.156237,-0.386225,-14.403749,-0.099625,-0.192625,0.032000,0.522442,-0.246068,0.092024,-3.141590,-0.000023,-0.000106
21.076539,-2.156237,-0.386226,-14.403749,-0.099625,-0.192625,0.032000,0.522469,-0.245986,0.092025,-3.141590,-0.000022,-0.000087
21.080538,-2.156237,-0.386226,-14.403749,-0.099625,-0.192625,0.032000,0.522494,-0.245904,0.092026,-3.141590,-0.000023,-0.000075
21.084540,-2.156236,-0.386224,-14.403749,-0.099625,-0.192625,0.032000,0.522521,-0.245822,0.092025,-3.141590,-0.000024,-0.000057
21.088537,-2.156235,-0.386218,-14.403749,-0.099625,-0.192625,0.032000,0.522547,-0.245742,0.092027,-3.141591,-0.000030,-0.000043
21.092541,-2.156236,-0.386225,-14.403749,-0.099625,-0.192625,0.032000,0.522572,-0.245660,0.092026,-3.141590,-0.000024,-0.000038
21.096544,-2.116236,-0.536223,-14.293749,-0.092625,-0.188625,0.033000,0.522599,-0.245578,0.092026,-3.141590,-0.000025,-0.000066
21.100539,-2.116233,-0.536210,-14.293748,-0.092625,-0.188625,0.033000,0.522627,-0.245496,0.092028,-3.141593,-0.000037,-0.000068
21.104542,-2.116236,-0.536222,-14.293748,-0.092625,-0.188625,0.033000,0.522650,-0.245416,0.092025,-3.141591,-0.000027,-0.000074
21.108539,-2.116234,-0.536215,-14.293748,-0.092625,-0.188625,0.033000,0.522677,-0.245334,0.092027,-3.141592,-0.000032,-0.000076
21.112556,-2.116235,-0.536221,-14.293748,-0.092625,-0.188625,0.033000,0.522709,-0.245232,0.092025,-3.141591,-0.000028,-0.000041
21.116540,-2.116235,-0.536220,-14.293748,-0.092625,-0.188625,0.033000,0.522734,-0.245150,0.092025,-3.141591,-0.000028,-0.000049
21.120540,-2.116235,-0.536219,-14.293748,-0.092625,-0.188625,0.033000,0.522761,-0.245068,0.092025,-3.141591,-0.000029,-0.000058
21.124541,-2.116235,-0.536218,-14.293748,-0.092625,-0.188625,0.033000,0.522786,-0.244986,0.092025,-3.141591,-0.000030,-0.000073
21.128540,-2.116234,-0.536217,-14.293748,-0.092625,-0.188625,0.033000,0.522813,-0.244904,0.092024,-3.141591,-0.000031,-0.000081
21.132537,-2.116234,-0.536216,-14.293748,-0.092625,-0.188625,0.033000,0.522838,-0.244821,0.092024,-3.141591,-0.000031,-0.000090
21.136543,-2.116236,-0.606223,-14.163748,-0.089625,-0.184625,0.033000,0.522864,-0.244737,0.092024,-3.141590,-0.000025,-0.000093
21.140538,-2.116234,-0.606215,-14.163748,-0.089625,-0.184625,0.033000,0.522891,-0.244650,0.092025,-3.141592,-0.000032,-0.000093
21.144538,-2.116237,-0.606228,-14.163749,-0.089625,-0.184625,0.033000,0.522916,-0.244562,0.092022,-3.141590,-0.000021,-0.000085
21.148538,-2.116239,-0.606233,-14.163749,-0.089625,-0.184625,0.033000,0.522941,-0.244475,0.092021,-3.141589,-0.000016,-0.000078
21.152538,-2.116235,-0.606221,-14.163748,-0.089625,-0.184625,0.033000,0.522969,-0.244388,0.092024,-3.141591,-0.000027,-0.000071
21.156537,-2.116237,-0.606226,-14.163749,-0.089625,-0.184625,0.033000,0.522994,-0.244300,0.092022,-3.141590,-0.000023,-0.000056
21.160538,-2.116237,-0.606227,-14.163749,-0.089625,-0.184625,0.033000,0.523019,-0.244213,0.092023,-3.141590,-0.000022,-0.000049
21.164538,-2.116237,-0.606226,-14.163749,-0.089625,-0.184625,0.033000,0.523046,-0.244126,0.092024,-3.141590,-0.000022,-0.000042
21.168549,-2.116237,-0.606227,-14.163749,-0.089625,-0.184625,0.033000,0.523071,-0.244038,0.092025,-3.141590,-0.000022,-0.000034
21.172537,-2.116238,-0.606232,-14.163749,-0.089625,-0.184625,0.033000,0.523096,-0.243951,0.092023,-3.141589,-0.000017,-0.000027
21.176547,-2.116238,-0.606232,-14.163749,-0.089625,-0.184625,0.033000,0.523123,-0.243864,0.092023,-3.141589,-0.000018,-0.000019
21.180537,-2.196240,-0.496237,-14.233750,-0.097625,-0.184625,0.034000,0.523148,-0.243776,0.092022,-3.141588,-0.000013,-0.000019
21.184537,-2.196241,-0.496242,-14.233750,-0.097625,-0.184625,0.034000,0.523171,-0.243691,0.092020,-3.141587,-0.000008,-0.000023
21.188550,-2.196242,-0.496247,-14.233750,-0.097625,-0.184625,0.034000,0.523203,-0.243582,0.092018,-3.141586,-0.000003,-0.000022
21.192539,-2.196241,-0.496241,-14.233750,-0.097625,-0.184625,0.034000,0.523222,-0.243516,0.092020,-3.141587,-0.000009,-0.000068
21.196545,-2.196240,-0.496240,-14.233750,-0.097625,-0.184625,0.034000,0.523255,-0.243407,0.092020,-3.141588,-0.000010,-0.000034
21.200544,-2.196243,-0.496252,-14.233750,-0.097625,-0.184625,0.034000,0.523270,-0.243343,0.092017,-3.141586,0.000001,-0.000045
21.204538,-2.196243,-0.496251,-14.233750,-0.097625,-0.184625,0.034000,0.523297,-0.243256,0.092017,-3.141586,0.000000,-0.000051
21.208539,-2.196245,-0.496257,-14.233751,-0.097625,-0.184625,0.034000,0.523322,-0.243169,0.092015,-3.141585,0.000005,-0.000050
21.212544,-2.196245,-0.496257,-14.233751,-0.097625,-0.184625,0.034000,0.523322,-0.243169,0.092015,-3.141585,0.000005,-0.000050
21.216549,-2.196248,-0.496270,-14.233751,-0.097625,-0.184625,0.034000,0.523376,-0.242974,0.092014,-3.141583,0.000017,-0.000053
21.220542,-2.196248,-0.496270,-14.233751,-0.097625,-0.184625,0.034000,0.523376,-0.242974,0.092014,-3.141583,0.000017,-0.000053
21.224539,-2.226246,-0.426262,-14.333750,-0.102625,-0.184625,0.034000,0.523404,-0.242887,0.092015,-3.141584,0.000010,-0.000046
21.228549,-2.226248,-0.426268,-14.333750,-0.102625,-0.184625,0.034000,0.523453,-0.242712,0.092014,-3.141583,0.000015,-0.000038
21.232541,-2.226248,-0.426268,-14.333750,-0.102625,-0.184625,0.034000,0.523453,-0.242712,0.092014,-3.141583,0.000015,-0.000038
21.236541,-2.226247,-0.426267,-14.333750,-0.102625,-0.184625,0.034000,0.523507,-0.242538,0.092014,-3.141583,0.000014,-0.000029
21.240545,-2.226247,-0.426266,-14.333750,-0.102625,-0.184625,0.034000,0.523534,-0.242451,0.092015,-3.141583,0.000014,-0.000029
21.244542,-2.226247,-0.426266,-14.333750,-0.102625,-0.184625,0.034000,0.523561,-0.242364,0.092015,-3.141583,0.000013,-0.000028
21.248556,-2.226248,-0.426270,-14.333751,-0.102625,-0.184625,0.034000,0.523587,-0.242277,0.092012,-3.141583,0.000017,-0.000021
21.252555,-2.226250,-0.426276,-14.333751,-0.102625,-0.184625,0.034000,0.523613,-0.242187,0.092011,-3.141582,0.000022,-0.000016
21.256537,-2.206251,-0.416280,-14.603751,-0.104625,-0.188625,0.036000,0.523639,-0.242099,0.092008,-3.141581,0.000026,-0.000022
21.260546,-2.206251,-0.416280,-14.603751,-0.104625,-0.188625,0.036000,0.523666,-0.242012,0.092009,-3.141581,0.000026,-0.000028
21.264537,-2.206250,-0.416278,-14.603751,-0.104625,-0.188625,0.036000,0.523695,-0.241925,0.092008,-3.141582,0.000025,-0.000027
21.268537,-2.206252,-0.416285,-14.603752,-0.104625,-0.188625,0.036000,0.523721,-0.241838,0.092007,-3.141580,0.000031,-0.000040
21.272541,-2.206252,-0.416284,-14.603752,-0.104625,-0.188625,0.036000,0.523749,-0.241751,0.092007,-3.141581,0.000030,-0.000046
21.276539,-2.206252,-0.416283,-14.603752,-0.104625,-0.188625,0.036000,0.523776,-0.241664,0.092007,-3.141581,0.000029,-0.000045
21.280538,-2.206252,-0.416283,-14.603752,-0.104625,-0.188625,0.036000,0.523776,-0.241664,0.092007,-3.141581,0.000029,-0.000045
21.284544,-2.206253,-0.416288,-14.603752,-0.104625,-0.188625,0.036000,0.523802,-0.241577,0.092004,-3.141580,0.000033,-0.000051
21.288544,-2.206253,-0.416286,-14.603752,-0.104625,-0.188625,0.036000,0.523858,-0.241403,0.092004,-3.141580,0.000031,-0.000043
21.292538,-2.206253,-0.416286,-14.603752,-0.104625,-0.188625,0.036000,0.523858,-0.241403,0.092004,-3.141580,0.000031,-0.000043
21.296547,-2.176252,-0.476284,-14.883751,-0.102625,-0.191625,0.036000,0.523913,-0.241229,0.092003,-3.141581,0.000030,-0.000049
21.300538,-2.176252,-0.476284,-14.883751,-0.102625,-0.191625,0.036000,0.523913,-0.241229,0.092003,-3.141581,0.000030,-0.000049
21.304539,-2.176252,-0.476283,-14.883751,-0.102625,-0.191625,0.036000,0.523939,-0.241142,0.092003,-3.141581,0.000029,-0.000048
21.308537,-2.176250,-0.476277,-14.883751,-0.102625,-0.191625,0.036000,0.523968,-0.241055,0.092005,-3.141582,0.000024,-0.000054
21.312540,-2.176251,-0.476281,-14.883751,-0.102625,-0.191625,0.036000,0.523994,-0.240968,0.092003,-3.141581,0.000028,-0.000060
21.316544,-2.176250,-0.476275,-14.883751,-0.102625,-0.191625,0.036000,0.524023,-0.240881,0.092005,-3.141582,0.000022,-0.000066
21.320545,-2.176251,-0.476279,-14.883751,-0.102625,-0.191625,0.036000,0.524050,-0.240794,0.092002,-3.141581,0.000026,-0.000065
21.324545,-2.176251,-0.476279,-14.883751,-0.102625,-0.191625,0.036000,0.524076,-0.240707,0.092002,-3.141581,0.000025,-0.000065
21.328539,-2.176249,-0.476273,-14.883751,-0.102625,-0.191625,0.036000,0.524105,-0.240620,0.092004,-3.141582,0.000020,-0.000071
21.332540,-2.176250,-0.476277,-14.883751,-0.102625,-0.191625,0.036000,0.524131,-0.240533,0.092002,-3.141582,0.000024,-0.000077
21.336543,-2.276248,-0.536271,-15.213751,-0.104625,-0.198625,0.038000,0.524159,-0.240448,0.092004,-3.141583,0.000018,-0.000081
21.340539,-2.276250,-0.536277,-15.213751,-0.104625,-0.198625,0.038000,0.524185,-0.240364,0.092002,-3.141582,0.000023,-0.000118
21.344540,-2.276248,-0.536270,-15.213751,-0.104625,-0.198625,0.038000,0.524208,-0.240281,0.092004,-3.141583,0.000017,-0.000120
21.348539,-2.276248,-0.536268,-15.213751,-0.104625,-0.198625,0.038000,0.524243,-0.240180,0.092003,-3.141583,0.000016,-0.000085
21.352540,-2.276248,-0.536269,-15.213751,-0.104625,-0.198625,0.038000,0.524269,-0.240098,0.092005,-3.141583,0.000017,-0.000087
21.356539,-2.276248,-0.536268,-15.213751,-0.104625,-0.198625,0.038000,0.524295,-0.240015,0.092004,-3.141583,0.000015,-0.000082
21.360540,-2.276246,-0.536262,-15.213750,-0.104625,-0.198625,0.038000,0.524321,-0.239936,0.092006,-3.141584,0.000010,-0.000075
21.364543,-2.276244,-0.536255,-15.213750,-0.104625,-0.198625,0.038000,0.524347,-0.239854,0.092008,-3.141585,0.000004,-0.000069
21.368540,-2.276244,-0.536254,-15.213750,-0.104625,-0.198625,0.038000,0.524373,-0.239771,0.092007,-3.141585,0.000003,-0.000064
21.372540,-2.276242,-0.536248,-15.213750,-0.104625,-0.198625,0.038000,0.524401,-0.239687,0.092009,-3.141586,-0.000003,-0.000061
21.376539,-2.356244,-0.566252,-15.343750,-0.103625,-0.201625,0.040000,0.524425,-0.239604,0.092006,-3.141586,0.000001,-0.000063
21.380539,-2.356242,-0.576246,-15.353750,-0.103625,-0.200625,0.040000,0.524451,-0.239522,0.092008,-3.141587,-0.000005,-0.000071
21.384540,-2.356243,-0.576252,-15.353750,-0.103625,-0.200625,0.040000,0.524476,-0.239440,0.092007,-3.141586,0.000000,-0.000080
21.388538,-2.356242,-0.576245,-15.353750,-0.103625,-0.200625,0.040000,0.524503,-0.239358,0.092009,-3.141587,-0.000005,-0.000081
21.392538,-2.356243,-0.576251,-15.353750,-0.103625,-0.200625,0.040000,0.524528,-0.239276,0.092007,-3.141586,0.000000,-0.000090
21.396538,-2.356242,-0.576245,-15.353750,-0.103625,-0.200625,0.040000,0.524555,-0.239194,0.092009,-3.141587,-0.000006,-0.000091
21.400544,-2.356242,-0.576245,-15.353750,-0.103625,-0.200625,0.040000,0.524586,-0.239089,0.092010,-3.141587,-0.000005,-0.000093
21.404544,-2.356241,-0.576244,-15.353750,-0.103625,-0.200625,0.040000,0.524607,-0.239027,0.092010,-3.141587,-0.000006,-0.000097
21.408538,-2.356240,-0.576238,-15.353750,-0.103625,-0.200625,0.040000,0.524634,-0.238945,0.092011,-3.141588,-0.000012,-0.000098
21.412538,-2.356241,-0.576244,-15.353750,-0.103625,-0.200625,0.040000,0.524660,-0.238860,0.092010,-3.141587,-0.000007,-0.000102
21.416539,-2.356240,-0.576238,-15.353750,-0.103625,-0.200625,0.040000,0.524686,-0.238778,0.092012,-3.141588,-0.000012,-0.000104
21.420511,-2.316241,-0.656242,-15.343750,-0.100625,-0.197625,0.039000,0.524710,-0.238695,0.092010,-3.141587,-0.000008,-0.000092
21.424549,-2.316239,-0.656236,-15.343749,-0.100625,-0.197625,0.039000,0.524736,-0.238613,0.092011,-3.141588,-0.000014,-0.000087
21.428515,-2.316238,-0.656234,-15.343749,-0.100625,-0.197625,0.039000,0.524762,-0.238531,0.092011,-3.141588,-0.000015,-0.000075
21.432515,-2.316237,-0.656228,-15.343749,-0.100625,-0.197625,0.039000,0.524789,-0.238449,0.092013,-3.141589,-0.000021,-0.000063
21.436509,-2.316238,-0.656234,-15.343749,-0.100625,-0.197625,0.039000,0.524814,-0.238367,0.092011,-3.141588,-0.000016,-0.000085
21.440510,-2.316236,-0.656227,-15.343749,-0.100625,-0.197625,0.039000,0.524836,-0.238286,0.092013,-3.141589,-0.000022,-0.000078
21.444506,-2.316238,-0.656231,-15.343749,-0.100625,-0.197625,0.039000,0.524868,-0.238185,0.092010,-3.141589,-0.000018,-0.000036
21.448517,-2.316239,-0.656236,-15.343749,-0.100625,-0.197625,0.039000,0.524891,-0.238102,0.092008,-3.141588,-0.000014,-0.000031
21.452551,-2.316237,-0.656229,-15.343749,-0.100625,-0.197625,0.039000,0.524917,-0.238022,0.092010,-3.141589,-0.000020,-0.000031
21.456544,-2.316240,-0.656241,-15.343749,-0.100625,-0.197625,0.039000,0.524939,-0.237940,0.092007,-3.141587,-0.000009,-0.000032
21.460543,-2.256242,-0.606246,-15.263750,-0.100625,-0.194625,0.038000,0.524963,-0.237857,0.092004,-3.141587,-0.000005,-0.000041
21.464542,-2.256240,-0.606239,-15.263749,-0.100625,-0.194625,0.038000,0.524988,-0.237777,0.092006,-3.141588,-0.000011,-0.000047
21.468542,-2.256243,-0.606251,-15.263750,-0.100625,-0.194625,0.038000,0.525011,-0.237695,0.092003,-3.141586,-0.000000,-0.000055
21.472543,-2.256241,-0.606245,-15.263750,-0.100625,-0.194625,0.038000,0.525037,-0.237612,0.092005,-3.141587,-0.000006,-0.000057
21.476539,-2.256243,-0.606249,-15.263750,-0.100625,-0.194625,0.038000,0.525060,-0.237532,0.092003,-3.141586,-0.000002,-0.000070
21.480539,-2.256243,-0.606250,-15.263750,-0.100625,-0.194625,0.038000,0.525085,-0.237450,0.092004,-3.141586,-0.000001,-0.000078
21.484540,-2.256244,-0.606254,-15.263750,-0.100625,-0.194625,0.038000,0.525109,-0.237367,0.092002,-3.141585,0.000003,-0.000080
21.488540,-2.256242,-0.606248,-15.263750,-0.100625,-0.194625,0.038000,0.525135,-0.237285,0.092003,-3.141586,-0.000003,-0.000081
21.492539,-2.256244,-0.606253,-15.263750,-0.100625,-0.194625,0.038000,0.525158,-0.237203,0.092001,-3.141586,0.000001,-0.000083
21.496539,-2.256242,-0.606246,-15.263750,-0.100625,-0.194625,0.038000,0.525183,-0.237123,0.092003,-3.141587,-0.000004,-0.000082
21.500540,-2.276243,-0.466251,-15.273750,-0.105625,-0.198625,0.036000,0.525207,-0.237040,0.092000,-3.141586,-0.000000,-0.000064
21.504544,-2.276245,-0.466257,-15.273750,-0.105625,-0.198625,0.036000,0.525232,-0.236958,0.091999,-3.141585,0.000005,-0.000052
21.508539,-2.276243,-0.466250,-15.273750,-0.105625,-0.198625,0.036000,0.525257,-0.236878,0.092001,-3.141586,-0.000001,-0.000038
21.512540,-2.276243,-0.466249,-15.273750,-0.105625,-0.198625,0.036000,0.525281,-0.236798,0.092000,-3.141586,-0.000002,-0.000024
21.516537,-2.276244,-0.466256,-15.273750,-0.105625,-0.198625,0.036000,0.525304,-0.236716,0.092000,-3.141585,0.000004,-0.000005
21.520537,-2.276244,-0.466254,-15.273750,-0.105625,-0.198625,0.036000,0.525330,-0.236633,0.091999,-3.141585,0.000003,0.000007
21.524544,-2.276246,-0.466261,-15.273751,-0.105625,-0.198625,0.036000,0.525352,-0.236553,0.091999,-3.141584,0.000009,0.000014
21.528544,-2.276246,-0.466260,-15.273751,-0.105625,-0.198625,0.036000,0.525378,-0.236471,0.091998,-3.141585,0.000008,0.000019
21.532542,-2.276244,-0.466253,-15.273750,-0.105625,-0.198625,0.036000,0.525403,-0.236389,0.092000,-3.141585,0.000002,0.000018
21.536537,-2.276244,-0.466254,-15.273750,-0.105625,-0.198625,0.036000,0.525430,-0.236304,0.092001,-3.141585,0.000003,0.000021
21.540538,-2.296244,-0.446253,-15.603750,-0.107625,-0.203625,0.036000,0.525456,-0.236219,0.092000,-3.141586,0.000002,0.000010
21.544537,-2.296244,-0.446252,-15.603750,-0.107625,-0.203625,0.036000,0.525481,-0.236134,0.092000,-3.141586,0.000001,-0.000041
21.548538,-2.296240,-0.446240,-15.603750,-0.107625,-0.203625,0.036000,0.525511,-0.236048,0.092004,-3.141587,-0.000010,-0.000054
21.552538,-2.296242,-0.446246,-15.603750,-0.107625,-0.203625,0.036000,0.525544,-0.235939,0.092002,-3.141587,-0.000005,-0.000026
21.556538,-2.296242,-0.446247,-15.603750,-0.107625,-0.203625,0.036000,0.525572,-0.235852,0.092003,-3.141586,-0.000004,-0.000032
21.560537,-2.296240,-0.446240,-15.603750,-0.107625,-0.203625,0.036000,0.525599,-0.235767,0.092005,-3.141587,-0.000010,-0.000043
21.564537,-2.296240,-0.446239,-15.603750,-0.107625,-0.203625,0.036000,0.525626,-0.235680,0.092005,-3.141588,-0.000011,-0.000055
21.568546,-2.296240,-0.446240,-15.603750,-0.107625,-0.203625,0.036000,0.525652,-0.235595,0.092006,-3.141587,-0.000010,-0.000066
21.572559,-2.296238,-0.446234,-15.603749,-0.107625,-0.203625,0.036000,0.525680,-0.235508,0.092008,-3.141588,-0.000016,-0.000059
21.576538,-2.456240,-0.426239,-15.763749,-0.109625,-0.208625,0.038000,0.525706,-0.235424,0.092006,-3.141588,-0.000011,-0.000056
21.580540,-2.456238,-0.426233,-15.763749,-0.109625,-0.208625,0.038000,0.525734,-0.235337,0.092008,-3.141588,-0.000016,-0.000042
21.584544,-2.456238,-0.426234,-15.763749,-0.109625,-0.208625,0.038000,0.525760,-0.235252,0.092009,-3.141588,-0.000015,-0.000032
21.588540,-2.456238,-0.426233,-15.763749,-0.109625,-0.208625,0.038000,0.525788,-0.235165,0.092009,-3.141589,-0.000017,-0.000018
21.592539,-2.456238,-0.426234,-15.763749,-0.109625,-0.208625,0.038000,0.525814,-0.235080,0.092010,-3.141588,-0.000016,-0.000008
21.596546,-2.456238,-0.426232,-15.763749,-0.109625,-0.208625,0.038000,0.525840,-0.234996,0.092009,-3.141589,-0.000017,-0.000005
21.600540,-2.456238,-0.426233,-15.763749,-0.109625,-0.208625,0.038000,0.525867,-0.234909,0.092010,-3.141588,-0.000016,0.000002
21.604538,-2.456238,-0.426234,-15.763749,-0.109625,-0.208625,0.038000,0.525894,-0.234824,0.092011,-3.141588,-0.000015,-0.000002
21.608539,-2.456238,-0.426233,-15.763749,-0.109625,-0.208625,0.038000,0.525920,-0.234739,0.092011,-3.141588,-0.000017,-0.000006
21.612538,-2.456236,-0.426226,-15.763749,-0.109625,-0.208625,0.038000,0.525948,-0.234652,0.092013,-3.141589,-0.000022,-0.000005
21.616539,-2.446238,-0.516232,-15.713749,-0.106625,-0.207625,0.038000,0.525973,-0.234567,0.092011,-3.141589,-0.000017,-0.000015
21.620540,-2.446238,-0.516232,-15.713749,-0.106625,-0.207625,0.038000,0.525973,-0.234567,0.092011,-3.141589,-0.000017,-0.000015
21.624557,-2.446236,-0.516226,-15.713749,-0.106625,-0.207625,0.038000,0.526029,-0.234396,0.092014,-3.141589,-0.000023,-0.000039
21.628499,-2.446236,-0.516226,-15.713749,-0.106625,-0.207625,0.038000,0.526029,-0.234396,0.092014,-3.141589,-0.000023,-0.000039
21.632538,-2.446236,-0.516226,-15.713749,-0.106625,-0.207625,0.038000,0.526083,-0.234224,0.092014,-3.141590,-0.000023,-0.000069
21.636500,-2.446238,-0.516232,-15.713749,-0.106625,-0.207625,0.038000,0.526107,-0.234137,0.092013,-3.141589,-0.000017,-0.000082
21.640555,-2.446236,-0.516225,-15.713749,-0.106625,-0.207625,0.038000,0.526137,-0.234050,0.092015,-3.141590,-0.000024,-0.000095
21.644504,-2.446238,-0.516232,-15.713749,-0.106625,-0.207625,0.038000,0.526162,-0.233963,0.092014,-3.141589,-0.000017,-0.000094
21.648530,-2.446237,-0.516231,-15.713749,-0.106625,-0.207625,0.038000,0.526190,-0.233873,0.092013,-3.141589,-0.000019,-0.000089
21.652540,-2.446236,-0.516225,-15.713749,-0.106625,-0.207625,0.038000,0.526225,-0.233765,0.092016,-3.141590,-0.000024,-0.000081
21.656538,-2.366238,-0.546231,-15.653749,-0.105625,-0.201625,0.038000,0.526242,-0.233699,0.092015,-3.141589,-0.000018,-0.000108
21.660504,-2.366237,-0.546231,-15.653749,-0.105625,-0.201625,0.038000,0.526277,-0.233590,0.092015,-3.141589,-0.000019,-0.000060
21.664521,-2.366239,-0.546236,-15.653750,-0.105625,-0.201625,0.038000,0.526304,-0.233503,0.092013,-3.141588,-0.000013,-0.000052
21.668521,-2.366237,-0.546230,-15.653749,-0.105625,-0.201625,0.038000,0.526330,-0.233418,0.092015,-3.141589,-0.000019,-0.000049
21.672503,-2.366235,-0.546224,-15.653749,-0.105625,-0.201625,0.038000,0.526358,-0.233331,0.092017,-3.141590,-0.000025,-0.000042
21.676538,-2.366235,-0.546224,-15.653749,-0.105625,-0.201625,0.038000,0.526358,-0.233331,0.092017,-3.141590,-0.000025,-0.000042
21.680502,-2.366237,-0.546231,-15.653749,-0.105625,-0.201625,0.038000,0.526411,-0.233157,0.092017,-3.141589,-0.000019,-0.000047
21.684504,-2.366237,-0.546229,-15.653749,-0.105625,-0.201625,0.038000,0.526438,-0.233070,0.092016,-3.141589,-0.000020,-0.000053
21.688532,-2.366237,-0.546230,-15.653749,-0.105625,-0.201625,0.038000,0.526465,-0.232983,0.092017,-3.141589,-0.000019,-0.000059
21.692504,-2.366235,-0.546224,-15.653749,-0.105625,-0.201625,0.038000,0.526493,-0.232896,0.092019,-3.141590,-0.000025,-0.000065
21.696538,-2.366235,-0.546224,-15.653749,-0.105625,-0.201625,0.038000,0.526493,-0.232896,0.092019,-3.141590,-0.000025,-0.000065
21.700547,-2.246237,-0.556230,-15.683749,-0.105625,-0.198625,0.036000,0.526519,-0.232808,0.092018,-3.141589,-0.000019,-0.000078
21.704538,-2.246239,-0.556237,-15.683749,-0.105625,-0.198625,0.036000,0.526544,-0.232721,0.092017,-3.141588,-0.000013,-0.000091
21.708544,-2.246235,-0.556224,-15.683749,-0.105625,-0.198625,0.036000,0.526573,-0.232634,0.092021,-3.141590,-0.000024,-0.000104
21.712502,-2.246237,-0.556231,-15.683749,-0.105625,-0.198625,0.036000,0.526599,-0.232544,0.092020,-3.141589,-0.000018,-0.000112
21.716545,-2.246239,-0.556237,-15.683749,-0.105625,-0.198625,0.036000,0.526625,-0.232457,0.092019,-3.141588,-0.000013,-0.000118
21.720541,-2.246237,-0.556231,-15.683749,-0.105625,-0.198625,0.036000,0.526653,-0.232370,0.092021,-3.141589,-0.000019,-0.000118
21.724540,-2.246238,-0.556232,-15.683749,-0.105625,-0.198625,0.036000,0.526679,-0.232285,0.092022,-3.141589,-0.000018,-0.000115
21.728540,-2.246236,-0.556225,-15.683749,-0.105625,-0.198625,0.036000,0.526706,-0.232198,0.092024,-3.141589,-0.000023,-0.000141
21.732546,-2.246237,-0.556231,-15.683749,-0.105625,-0.198625,0.036000,0.526729,-0.232110,0.092022,-3.141589,-0.000018,-0.000127
21.736506,-2.246236,-0.556227,-15.683749,-0.105625,-0.198625,0.036000,0.526764,-0.232004,0.092026,-3.141589,-0.000022,-0.000077
21.740546,-2.266234,-0.456221,-15.663748,-0.107625,-0.203625,0.034000,0.526789,-0.231922,0.092028,-3.141590,-0.000028,-0.000072
21.744540,-2.266238,-0.456232,-15.663749,-0.107625,-0.203625,0.034000,0.526811,-0.231839,0.092025,-3.141588,-0.000017,-0.000066
21.748545,-2.266238,-0.456233,-15.663749,-0.107625,-0.203625,0.034000,0.526837,-0.231754,0.092026,-3.141588,-0.000016,-0.000050
21.752540,-2.266238,-0.456234,-15.663749,-0.107625,-0.203625,0.034000,0.526861,-0.231672,0.092027,-3.141588,-0.000015,-0.000045
21.756503,-2.266238,-0.456233,-15.663749,-0.107625,-0.203625,0.034000,0.526886,-0.231590,0.092027,-3.141588,-0.000017,-0.000040
21.760540,-2.266238,-0.456234,-15.663749,-0.107625,-0.203625,0.034000,0.526911,-0.231507,0.092028,-3.141588,-0.000016,-0.000041
21.764514,-2.266238,-0.456235,-15.663749,-0.107625,-0.203625,0.034000,0.526935,-0.231425,0.092029,-3.141588,-0.000015,-0.000043
21.768513,-2.266240,-0.456241,-15.663749,-0.107625,-0.203625,0.034000,0.526959,-0.231342,0.092028,-3.141587,-0.000010,-0.000051
21.772513,-2.266240,-0.456242,-15.663749,-0.107625,-0.203625,0.034000,0.526984,-0.231260,0.092029,-3.141587,-0.000009,-0.000060
21.776514,-2.266239,-0.456235,-15.663749,-0.107625,-0.203625,0.034000,0.527010,-0.231175,0.092031,-3.141588,-0.000014,-0.000064
21.780478,-2.336243,-0.386248,-15.553750,-0.109625,-0.207625,0.034000,0.527033,-0.231092,0.092029,-3.141586,-0.000002,-0.000079
21.784504,-2.336241,-0.386242,-15.553750,-0.109625,-0.207625,0.034000,0.527059,-0.231010,0.092030,-3.141587,-0.000008,-0.000087
21.788505,-2.336242,-0.386248,-15.553750,-0.109625,-0.207625,0.034000,0.527083,-0.230928,0.092029,-3.141586,-0.000003,-0.000095
21.792506,-2.336243,-0.386249,-15.553750,-0.109625,-0.207625,0.034000,0.527108,-0.230843,0.092030,-3.141586,-0.000002,-0.000092
21.796511,-2.336244,-0.386255,-15.553750,-0.109625,-0.207625,0.034000,0.527132,-0.230760,0.092029,-3.141585,0.000003,-0.000128
21.800509,-2.336245,-0.386256,-15.553750,-0.109625,-0.207625,0.034000,0.527157,-0.230678,0.092030,-3.141585,0.000004,-0.000089
21.804506,-2.336245,-0.386255,-15.553750,-0.109625,-0.207625,0.034000,0.527189,-0.230574,0.092030,-3.141585,0.000004,-0.000077
21.808509,-2.336246,-0.386260,-15.553750,-0.109625,-0.207625,0.034000,0.527206,-0.230511,0.092028,-3.141585,0.000008,-0.000074
21.812516,-2.336245,-0.386255,-15.553750,-0.109625,-0.207625,0.034000,0.527233,-0.230428,0.092031,-3.141585,0.000004,-0.000062
21.816521,-2.346246,-0.426261,-15.513750,-0.108625,-0.203625,0.034000,0.527258,-0.230344,0.092030,-3.141584,0.000009,-0.000053
21.820542,-2.346246,-0.426260,-15.513750,-0.108625,-0.203625,0.034000,0.527283,-0.230261,0.092029,-3.141585,0.000008,-0.000048
21.824539,-2.346248,-0.426267,-15.513751,-0.108625,-0.203625,0.034000,0.527305,-0.230178,0.092028,-3.141584,0.000014,-0.000076
21.828538,-2.346246,-0.426260,-15.513750,-0.108625,-0.203625,0.034000,0.527339,-0.230075,0.092030,-3.141585,0.000008,-0.000037
21.832538,-2.346246,-0.426260,-15.513750,-0.108625,-0.203625,0.034000,0.527339,-0.230075,0.092030,-3.141585,0.000008,-0.000037
21.836522,-2.346246,-0.426260,-15.513750,-0.108625,-0.203625,0.034000,0.527392,-0.229908,0.092031,-3.141585,0.000009,-0.000029
21.840542,-2.346246,-0.426261,-15.513750,-0.108625,-0.203625,0.034000,0.527418,-0.229823,0.092032,-3.141584,0.000009,-0.000033
21.844577,-2.346246,-0.426261,-15.513750,-0.108625,-0.203625,0.034000,0.527445,-0.229738,0.092033,-3.141584,0.000009,-0.000030
21.848565,-2.346246,-0.426261,-15.513750,-0.108625,-0.203625,0.034000,0.527473,-0.229651,0.092033,-3.141584,0.000009,-0.000036
21.852565,-2.346246,-0.426261,-15.513750,-0.108625,-0.203625,0.034000,0.527500,-0.229567,0.092033,-3.141584,0.000009,-0.000040
21.856558,-2.386247,-0.446262,-15.533750,-0.108625,-0.202625,0.034000,0.527525,-0.229482,0.092034,-3.141584,0.000010,-0.000051
21.860553,-2.366247,-0.466262,-15.593750,-0.109625,-0.201625,0.034000,0.527553,-0.229397,0.092035,-3.141584,0.000010,-0.000054
21.864508,-2.366247,-0.466262,-15.593750,-0.109625,-0.201625,0.034000,0.527580,-0.229313,0.092035,-3.141584,0.000010,-0.000052
21.868545,-2.366247,-0.466262,-15.593750,-0.109625,-0.201625,0.034000,0.527607,-0.229228,0.092036,-3.141584,0.000010,-0.000055
21.872545,-2.366245,-0.466257,-15.593750,-0.109625,-0.201625,0.034000,0.527634,-0.229144,0.092038,-3.141585,0.000006,-0.000052
21.876542,-2.366247,-0.466263,-15.593750,-0.109625,-0.201625,0.034000,0.527660,-0.229056,0.092037,-3.141584,0.000011,-0.000045
21.880542,-2.366247,-0.466263,-15.593750,-0.109625,-0.201625,0.034000,0.527687,-0.228972,0.092037,-3.141584,0.000011,-0.000042
21.884542,-2.366247,-0.466264,-15.593751,-0.109625,-0.201625,0.034000,0.527712,-0.228887,0.092039,-3.141584,0.000012,-0.000039
21.888537,-2.366247,-0.466264,-15.593751,-0.109625,-0.201625,0.034000,0.527739,-0.228802,0.092039,-3.141584,0.000012,-0.000036
21.892543,-2.366247,-0.466264,-15.593751,-0.109625,-0.201625,0.034000,0.527766,-0.228718,0.092039,-3.141584,0.000012,-0.000040
21.896539,-2.366246,-0.466259,-15.593750,-0.109625,-0.201625,0.034000,0.527794,-0.228633,0.092042,-3.141585,0.000008,-0.000037
21.900538,-2.336246,-0.486259,-15.653751,-0.109625,-0.199625,0.034000,0.527821,-0.228549,0.092043,-3.141585,0.000008,-0.000041
21.904543,-2.336246,-0.486260,-15.653751,-0.109625,-0.199625,0.034000,0.527846,-0.228464,0.092044,-3.141585,0.000009,-0.000038
21.908538,-2.336246,-0.486260,-15.653751,-0.109625,-0.199625,0.034000,0.527873,-0.228379,0.092044,-3.141585,0.000009,-0.000035
21.912537,-2.336246,-0.486260,-15.653751,-0.109625,-0.199625,0.034000,0.527900,-0.228294,0.092044,-3.141585,0.000009,-0.000032
21.916544,-2.336245,-0.486256,-15.653751,-0.109625,-0.199625,0.034000,0.527927,-0.228210,0.092047,-3.141585,0.000004,-0.000036
21.920538,-2.336246,-0.486261,-15.653751,-0.109625,-0.199625,0.034000,0.527953,-0.228123,0.092046,-3.141584,0.000010,-0.000029
21.924538,-2.336245,-0.486257,-15.653751,-0.109625,-0.199625,0.034000,0.527980,-0.228038,0.092049,-3.141585,0.000005,-0.000033
21.928538,-2.336245,-0.486257,-15.653751,-0.109625,-0.199625,0.034000,0.528007,-0.227953,0.092049,-3.141585,0.000005,-0.000084
21.932538,-2.336245,-0.486257,-15.653751,-0.109625,-0.199625,0.034000,0.528007,-0.227953,0.092049,-3.141585,0.000005,-0.000084
21.936573,-2.336245,-0.486256,-15.653751,-0.109625,-0.199625,0.034000,0.528040,-0.227847,0.092049,-3.141585,0.000005,-0.000054
21.940550,-2.336245,-0.486256,-15.653751,-0.109625,-0.199625,0.034000,0.528040,-0.227847,0.092049,-3.141585,0.000005,-0.000054
21.944504,-2.266245,-0.606258,-15.613750,-0.102625,-0.198625,0.034000,0.528119,-0.227585,0.092052,-3.141585,0.000007,-0.000052
21.948545,-2.266244,-0.606253,-15.613750,-0.102625,-0.198625,0.034000,0.528147,-0.227498,0.092055,-3.141586,0.000002,-0.000051
21.952538,-2.266246,-0.606259,-15.613750,-0.102625,-0.198625,0.034000,0.528173,-0.227411,0.092054,-3.141585,0.000007,-0.000050
21.956539,-2.266244,-0.606254,-15.613750,-0.102625,-0.198625,0.034000,0.528201,-0.227324,0.092056,-3.141585,0.000003,-0.000050
21.960538,-2.266246,-0.606260,-15.613750,-0.102625,-0.198625,0.034000,0.528227,-0.227237,0.092055,-3.141585,0.000008,-0.000056
21.964507,-2.266246,-0.606261,-15.613750,-0.102625,-0.198625,0.034000,0.528254,-0.227147,0.092056,-3.141585,0.000009,-0.000057
21.968541,-2.266246,-0.606261,-15.613750,-0.102625,-0.198625,0.034000,0.528281,-0.227060,0.092057,-3.141585,0.000009,-0.000063
21.972539,-2.266245,-0.606256,-15.613750,-0.102625,-0.198625,0.034000,0.528311,-0.226970,0.092060,-3.141585,0.000005,-0.000065
21.976545,-2.266247,-0.606262,-15.613750,-0.102625,-0.198625,0.034000,0.528336,-0.226883,0.092058,-3.141584,0.000010,-0.000071
21.980540,-2.196244,-0.566255,-15.433750,-0.101625,-0.199625,0.033000,0.528365,-0.226796,0.092059,-3.141585,0.000004,-0.000070
21.984541,-2.196245,-0.566256,-15.433750,-0.101625,-0.199625,0.033000,0.528390,-0.226709,0.092060,-3.141585,0.000004,-0.000076
21.988540,-2.196247,-0.566263,-15.433751,-0.101625,-0.199625,0.033000,0.528417,-0.226622,0.092060,-3.141584,0.000011,-0.000076
21.992539,-2.196247,-0.566264,-15.433751,-0.101625,-0.199625,0.033000,0.528443,-0.226534,0.092061,-3.141584,0.000012,-0.000082
21.996523,-2.196245,-0.566257,-15.433750,-0.101625,-0.199625,0.033000,0.528471,-0.226447,0.092062,-3.141585,0.000005,-0.000081
22.000538,-2.196245,-0.566257,-15.433750,-0.101625,-0.199625,0.033000,0.528499,-0.226360,0.092063,-3.141585,0.000005,-0.000087
22.004522,-2.196247,-0.566264,-15.433751,-0.101625,-0.199625,0.033000,0.528532,-0.226251,0.092062,-3.141584,0.000012,-0.000080
22.008554,-2.196247,-0.566264,-15.433751,-0.101625,-0.199625,0.033000,0.528532,-0.226251,0.092062,-3.141584,0.000012,-0.000080
22.012543,-2.196244,-0.566252,-15.433750,-0.101625,-0.199625,0.033000,0.528555,-0.226186,0.092066,-3.141586,0.000001,-0.000079
22.016546,-2.196248,-0.556265,-15.423750,-0.101625,-0.199625,0.033000,0.528606,-0.226014,0.092064,-3.141584,0.000013,-0.000082
22.020515,-2.226249,-0.526271,-15.263751,-0.099625,-0.199625,0.033000,0.528633,-0.225924,0.092063,-3.141583,0.000018,-0.000111
22.024541,-2.226247,-0.526265,-15.263751,-0.099625,-0.199625,0.033000,0.528659,-0.225837,0.092065,-3.141584,0.000013,-0.000110
22.028521,-2.226248,-0.526266,-15.263751,-0.099625,-0.199625,0.033000,0.528694,-0.225728,0.092066,-3.141584,0.000013,-0.000076
22.032538,-2.226248,-0.526266,-15.263751,-0.099625,-0.199625,0.033000,0.528694,-0.225728,0.092066,-3.141584,0.000013,-0.000076
22.036537,-2.226249,-0.526271,-15.263751,-0.099625,-0.199625,0.033000,0.528746,-0.225554,0.092065,-3.141583,0.000019,-0.000081
22.040544,-2.226249,-0.526271,-15.263751,-0.099625,-0.199625,0.033000,0.528746,-0.225554,0.092065,-3.141583,0.000019,-0.000081
22.044546,-2.226248,-0.526267,-15.263751,-0.099625,-0.199625,0.033000,0.528774,-0.225467,0.092068,-3.141584,0.000014,-0.000080
22.048545,-2.226250,-0.526272,-15.263751,-0.099625,-0.199625,0.033000,0.528800,-0.225379,0.092067,-3.141583,0.000020,-0.000086
22.052500,-2.226250,-0.526273,-15.263751,-0.099625,-0.199625,0.033000,0.528852,-0.225207,0.092068,-3.141583,0.000021,-0.000103
22.056538,-2.336248,-0.486266,-15.113750,-0.101625,-0.201625,0.034000,0.528880,-0.225120,0.092069,-3.141584,0.000014,-0.000109
22.060538,-2.336248,-0.486266,-15.113750,-0.101625,-0.201625,0.034000,0.528880,-0.225120,0.092069,-3.141584,0.000014,-0.000109
22.064548,-2.336248,-0.486267,-15.113750,-0.101625,-0.201625,0.034000,0.528905,-0.225033,0.092070,-3.141584,0.000015,-0.000109
22.068540,-2.336250,-0.486273,-15.113750,-0.101625,-0.201625,0.034000,0.528929,-0.224948,0.092069,-3.141583,0.000020,-0.000112
22.072538,-2.336249,-0.486268,-15.113750,-0.101625,-0.201625,0.034000,0.528957,-0.224861,0.092072,-3.141584,0.000016,-0.000105
22.076538,-2.336250,-0.486274,-15.113750,-0.101625,-0.201625,0.034000,0.528982,-0.224773,0.092070,-3.141583,0.000021,-0.000091
22.080538,-2.336249,-0.486269,-15.113750,-0.101625,-0.201625,0.034000,0.529010,-0.224686,0.092073,-3.141584,0.000017,-0.000083
22.084541,-2.336251,-0.486275,-15.113751,-0.101625,-0.201625,0.034000,0.529034,-0.224601,0.092072,-3.141583,0.000022,-0.000074
22.088545,-2.336249,-0.486270,-15.113750,-0.101625,-0.201625,0.034000,0.529062,-0.224514,0.092075,-3.141583,0.000018,-0.000066
22.092540,-2.336251,-0.486276,-15.113751,-0.101625,-0.201625,0.034000,0.529087,-0.224427,0.092074,-3.141583,0.000023,-0.000059
22.096540,-2.336250,-0.486271,-15.113750,-0.101625,-0.201625,0.034000,0.529114,-0.224342,0.092076,-3.141583,0.000018,-0.000056
22.100540,-2.316250,-0.516272,-15.073750,-0.101625,-0.196625,0.035000,0.529139,-0.224255,0.092078,-3.141583,0.000019,-0.000089
22.104540,-2.316250,-0.516272,-15.073750,-0.101625,-0.196625,0.035000,0.529166,-0.224167,0.092078,-3.141583,0.000019,-0.000088
22.108541,-2.316250,-0.516273,-15.073750,-0.101625,-0.196625,0.035000,0.529191,-0.224082,0.092079,-3.141583,0.000020,-0.000092
22.112541,-2.316250,-0.516273,-15.073750,-0.101625,-0.196625,0.035000,0.529214,-0.223995,0.092079,-3.141583,0.000020,-0.000098
22.116540,-2.316250,-0.516274,-15.073750,-0.101625,-0.196625,0.035000,0.529240,-0.223907,0.092080,-3.141583,0.000021,-0.000104
22.120540,-2.316249,-0.516269,-15.073750,-0.101625,-0.196625,0.035000,0.529276,-0.223799,0.092083,-3.141584,0.000016,-0.000070
22.124541,-2.316250,-0.516275,-15.073751,-0.101625,-0.196625,0.035000,0.529300,-0.223714,0.092082,-3.141583,0.000022,-0.000080
22.128541,-2.316250,-0.516275,-15.073751,-0.101625,-0.196625,0.035000,0.529327,-0.223627,0.092082,-3.141583,0.000022,-0.000080
22.132542,-2.316249,-0.516270,-15.073750,-0.101625,-0.196625,0.035000,0.529355,-0.223540,0.092085,-3.141583,0.000017,-0.000086
22.136541,-2.316249,-0.516270,-15.073750,-0.101625,-0.196625,0.035000,0.529380,-0.223457,0.092086,-3.141583,0.000017,-0.000087
22.140541,-2.316249,-0.516270,-15.073750,-0.101625,-0.196625,0.035000,0.529406,-0.223372,0.092086,-3.141583,0.000017,-0.000085
22.144540,-2.176249,-0.536270,-14.993750,-0.100625,-0.191625,0.034000,0.529432,-0.223290,0.092086,-3.141583,0.000017,-0.000086
22.148546,-2.176249,-0.536270,-14.993750,-0.100625,-0.191625,0.034000,0.529457,-0.223208,0.092087,-3.141583,0.000017,-0.000074
22.152538,-2.176249,-0.536270,-14.993750,-0.100625,-0.191625,0.034000,0.529481,-0.223128,0.092087,-3.141583,0.000017,-0.000067
22.156538,-2.176247,-0.536264,-14.993750,-0.100625,-0.191625,0.034000,0.529508,-0.223046,0.092089,-3.141584,0.000012,-0.000048
22.160540,-2.176247,-0.536264,-14.993750,-0.100625,-0.191625,0.034000,0.529533,-0.222963,0.092089,-3.141584,0.000012,-0.000037
22.164540,-2.176244,-0.536253,-14.993750,-0.100625,-0.191625,0.034000,0.529560,-0.222883,0.092094,-3.141586,0.000002,-0.000022
22.168546,-2.176246,-0.536261,-14.993750,-0.100625,-0.191625,0.034000,0.529584,-0.222801,0.092094,-3.141585,0.000009,-0.000011
22.172551,-2.176248,-0.536265,-14.993750,-0.100625,-0.191625,0.034000,0.529609,-0.222719,0.092091,-3.141584,0.000013,0.000001
22.176539,-2.156248,-0.486265,-14.803751,-0.099625,-0.191625,0.034000,0.529634,-0.222636,0.092092,-3.141584,0.000013,0.000013
22.180544,-2.156248,-0.486265,-14.803751,-0.099625,-0.191625,0.034000,0.529658,-0.222556,0.092092,-3.141584,0.000013,0.000014
22.184539,-2.156248,-0.486265,-14.803751,-0.099625,-0.191625,0.034000,0.529684,-0.222471,0.092093,-3.141584,0.000013,0.000017
22.188538,-2.156246,-0.486260,-14.803750,-0.099625,-0.191625,0.034000,0.529712,-0.222389,0.092095,-3.141585,0.000008,0.000008
22.192538,-2.156248,-0.486265,-14.803751,-0.099625,-0.191625,0.034000,0.529736,-0.222307,0.092092,-3.141584,0.000013,-0.000000
22.196544,-2.156248,-0.486265,-14.803751,-0.099625,-0.191625,0.034000,0.529761,-0.222224,0.092093,-3.141584,0.000013,-0.000049
22.200539,-2.156248,-0.486266,-14.803751,-0.099625,-0.191625,0.034000,0.529792,-0.222123,0.092094,-3.141584,0.000013,-0.000021
22.204538,-2.156249,-0.486270,-14.803751,-0.099625,-0.191625,0.034000,0.529818,-0.222038,0.092092,-3.141583,0.000018,-0.000032
22.208550,-2.156248,-0.486265,-14.803751,-0.099625,-0.191625,0.034000,0.529845,-0.221956,0.092094,-3.141584,0.000013,-0.000040
22.212538,-2.156248,-0.486265,-14.803751,-0.099625,-0.191625,0.034000,0.529870,-0.221873,0.092094,-3.141584,0.000013,-0.000055
22.216546,-2.156249,-0.486269,-14.803751,-0.099625,-0.191625,0.034000,0.529895,-0.221791,0.092092,-3.141584,0.000017,-0.000070
22.220543,-2.256251,-0.396277,-14.613751,-0.101625,-0.196625,0.034000,0.529919,-0.221708,0.092092,-3.141583,0.000024,-0.000079
22.224540,-2.256249,-0.396271,-14.613750,-0.101625,-0.196625,0.034000,0.529946,-0.221626,0.092094,-3.141583,0.000018,-0.000073
22.228540,-2.256249,-0.396271,-14.613750,-0.101625,-0.196625,0.034000,0.529971,-0.221544,0.092094,-3.141583,0.000018,-0.000062
22.232538,-2.256250,-0.396271,-14.613750,-0.101625,-0.196625,0.034000,0.529996,-0.221461,0.092095,-3.141583,0.000018,-0.000050
22.236523,-2.256250,-0.396271,-14.613750,-0.101625,-0.196625,0.034000,0.530021,-0.221379,0.092095,-3.141583,0.000018,-0.000031
22.240540,-2.256249,-0.396270,-14.613750,-0.101625,-0.196625,0.034000,0.530048,-0.221294,0.092095,-3.141584,0.000018,-0.000015
22.244540,-2.256249,-0.396270,-14.613750,-0.101625,-0.196625,0.034000,0.530074,-0.221209,0.092095,-3.141584,0.000018,0.000002
22.248540,-2.256249,-0.396270,-14.613750,-0.101625,-0.196625,0.034000,0.530100,-0.221124,0.092095,-3.141584,0.000018,0.000011
22.252496,-2.256247,-0.396264,-14.613750,-0.101625,-0.196625,0.034000,0.530127,-0.221042,0.092097,-3.141584,0.000012,0.000016
22.256538,-2.256249,-0.396269,-14.613750,-0.101625,-0.196625,0.034000,0.530153,-0.220957,0.092095,-3.141584,0.000017,0.000019
22.260540,-2.256249,-0.496269,-14.763751,-0.098625,-0.194625,0.035000,0.530178,-0.220873,0.092096,-3.141584,0.000017,0.000015
22.264540,-2.256249,-0.496269,-14.763751,-0.098625,-0.194625,0.035000,0.530204,-0.220788,0.092096,-3.141584,0.000017,0.000012
22.268540,-2.256249,-0.496271,-14.763751,-0.098625,-0.194625,0.035000,0.530231,-0.220705,0.092097,-3.141583,0.000018,-0.000004
22.272540,-2.256249,-0.496271,-14.763751,-0.098625,-0.194625,0.035000,0.530257,-0.220618,0.092098,-3.141583,0.000018,-0.000016
22.276540,-2.256249,-0.496271,-14.763751,-0.098625,-0.194625,0.035000,0.530282,-0.220536,0.092098,-3.141583,0.000018,-0.000031
22.280540,-2.256249,-0.496271,-14.763751,-0.098625,-0.194625,0.035000,0.530308,-0.220451,0.092098,-3.141583,0.000018,-0.000049
22.284538,-2.256248,-0.496265,-14.763751,-0.098625,-0.194625,0.035000,0.530336,-0.220366,0.092100,-3.141584,0.000013,-0.000066
22.288538,-2.256248,-0.496265,-14.763751,-0.098625,-0.194625,0.035000,0.530361,-0.220281,0.092101,-3.141584,0.000013,-0.000077
22.292537,-2.256248,-0.496265,-14.763751,-0.098625,-0.194625,0.035000,0.530386,-0.220199,0.092101,-3.141584,0.000013,-0.000132
22.296538,-2.256249,-0.496271,-14.763751,-0.098625,-0.194625,0.035000,0.530409,-0.220114,0.092100,-3.141583,0.000018,-0.000136
22.300538,-2.346248,-0.526265,-14.903751,-0.101625,-0.195625,0.038000,0.530446,-0.220008,0.092102,-3.141584,0.000013,-0.000092
22.304537,-2.346248,-0.526265,-14.903751,-0.101625,-0.195625,0.038000,0.530472,-0.219923,0.092102,-3.141584,0.000013,-0.000083
22.308538,-2.346248,-0.526265,-14.903751,-0.101625,-0.195625,0.038000,0.530497,-0.219840,0.092103,-3.141584,0.000013,-0.000071
22.312537,-2.346248,-0.526266,-14.903751,-0.101625,-0.195625,0.038000,0.530524,-0.219756,0.092104,-3.141584,0.000014,-0.000061
22.316537,-2.346248,-0.526266,-14.903751,-0.101625,-0.195625,0.038000,0.530549,-0.219671,0.092104,-3.141584,0.000014,-0.000052
22.320538,-2.346246,-0.526261,-14.903751,-0.101625,-0.195625,0.038000,0.530576,-0.219589,0.092106,-3.141585,0.000009,-0.000047
22.324538,-2.346246,-0.526261,-14.903751,-0.101625,-0.195625,0.038000,0.530602,-0.219504,0.092107,-3.141585,0.000009,-0.000044
22.328520,-2.346246,-0.526261,-14.903751,-0.101625,-0.195625,0.038000,0.530602,-0.219504,0.092107,-3.141585,0.000009,-0.000044
22.332538,-2.346245,-0.526255,-14.903751,-0.101625,-0.195625,0.038000,0.530655,-0.219334,0.092109,-3.141585,0.000004,-0.000038
22.336524,-2.316244,-0.456255,-14.903751,-0.106625,-0.193625,0.038000,0.530681,-0.219249,0.092110,-3.141585,0.000004,-0.000042
22.340546,-2.316243,-0.456249,-14.903750,-0.106625,-0.193625,0.038000,0.530708,-0.219165,0.092112,-3.141586,-0.000002,-0.000052
22.344502,-2.316245,-0.456256,-14.903751,-0.106625,-0.193625,0.038000,0.530734,-0.219077,0.092111,-3.141585,0.000005,-0.000058
22.348540,-2.316243,-0.456251,-14.903750,-0.106625,-0.193625,0.038000,0.530761,-0.218990,0.092114,-3.141586,0.000000,-0.000071
22.352522,-2.316241,-0.456246,-14.903750,-0.106625,-0.193625,0.038000,0.530790,-0.218903,0.092116,-3.141586,-0.000005,-0.000077
22.356540,-2.316241,-0.456246,-14.903750,-0.106625,-0.193625,0.038000,0.530815,-0.218818,0.092117,-3.141586,-0.000005,-0.000095
22.360540,-2.316244,-0.456253,-14.903750,-0.106625,-0.193625,0.038000,0.530842,-0.218728,0.092116,-3.141586,0.000002,-0.000103
22.364523,-2.316242,-0.456247,-14.903750,-0.106625,-0.193625,0.038000,0.530869,-0.218644,0.092118,-3.141586,-0.000004,-0.000113
22.368551,-2.316242,-0.456247,-14.903750,-0.106625,-0.193625,0.038000,0.530896,-0.218556,0.092119,-3.141586,-0.000004,-0.000120
22.372523,-2.316240,-0.456241,-14.903750,-0.106625,-0.193625,0.038000,0.530924,-0.218469,0.092121,-3.141587,-0.000009,-0.000119
22.376532,-2.316240,-0.456241,-14.903750,-0.106625,-0.193625,0.038000,0.530951,-0.218382,0.092121,-3.141587,-0.000009,-0.000111
22.380522,-2.246240,-0.496241,-14.793749,-0.103625,-0.190625,0.037000,0.530976,-0.218297,0.092121,-3.141587,-0.000009,-0.000142
22.384537,-2.246240,-0.496241,-14.793749,-0.103625,-0.190625,0.037000,0.531003,-0.218210,0.092122,-3.141587,-0.000009,-0.000088
22.388543,-2.246238,-0.496236,-14.793749,-0.103625,-0.190625,0.037000,0.531031,-0.218123,0.092124,-3.141588,-0.000014,-0.000074
22.392540,-2.246238,-0.496236,-14.793749,-0.103625,-0.190625,0.037000,0.531056,-0.218038,0.092124,-3.141588,-0.000014,-0.000071
22.396540,-2.246238,-0.496236,-14.793749,-0.103625,-0.190625,0.037000,0.531083,-0.217950,0.092125,-3.141588,-0.000014,-0.000097
22.400540,-2.246238,-0.496236,-14.793749,-0.103625,-0.190625,0.037000,0.531083,-0.217950,0.092125,-3.141588,-0.000014,-0.000097
22.404540,-2.246238,-0.496236,-14.793749,-0.103625,-0.190625,0.037000,0.531118,-0.217842,0.092125,-3.141588,-0.000014,-0.000049
22.408539,-2.246238,-0.496236,-14.793749,-0.103625,-0.190625,0.037000,0.531143,-0.217757,0.092125,-3.141588,-0.000014,-0.000046
22.412560,-2.246238,-0.496236,-14.793749,-0.103625,-0.190625,0.037000,0.531143,-0.217757,0.092125,-3.141588,-0.000014,-0.000046
22.416540,-2.246239,-0.496237,-14.793749,-0.103625,-0.190625,0.037000,0.531197,-0.217582,0.092127,-3.141587,-0.000013,-0.000038
22.420523,-2.126239,-0.536237,-14.643749,-0.098625,-0.188625,0.036000,0.531249,-0.217410,0.092128,-3.141587,-0.000013,-0.000048
22.424538,-2.126239,-0.536237,-14.643749,-0.098625,-0.188625,0.036000,0.531249,-0.217410,0.092128,-3.141587,-0.000013,-0.000048
22.428537,-2.126241,-0.536244,-14.643750,-0.098625,-0.188625,0.036000,0.531276,-0.217323,0.092127,-3.141587,-0.000007,-0.000061
22.432563,-2.126241,-0.536244,-14.643750,-0.098625,-0.188625,0.036000,0.531301,-0.217238,0.092127,-3.141587,-0.000007,-0.000078
22.436501,-2.126239,-0.536238,-14.643750,-0.098625,-0.188625,0.036000,0.531330,-0.217151,0.092129,-3.141587,-0.000012,-0.000091
22.440545,-2.126239,-0.536238,-14.643750,-0.098625,-0.188625,0.036000,0.531356,-0.217063,0.092129,-3.141587,-0.000012,-0.000097
22.444504,-2.126237,-0.536232,-14.643749,-0.098625,-0.188625,0.036000,0.531384,-0.216976,0.092132,-3.141588,-0.000018,-0.000096
22.448503,-2.126237,-0.536232,-14.643749,-0.098625,-0.188625,0.036000,0.531384,-0.216976,0.092132,-3.141588,-0.000018,-0.000096
22.452538,-2.126239,-0.536237,-14.643749,-0.098625,-0.188625,0.036000,0.531435,-0.216804,0.092130,-3.141588,-0.000013,-0.000093
22.456538,-2.126241,-0.536244,-14.643750,-0.098625,-0.188625,0.036000,0.531461,-0.216716,0.092129,-3.141587,-0.000006,-0.000085
22.460546,-2.126241,-0.536244,-14.643750,-0.098625,-0.188625,0.036000,0.531487,-0.216629,0.092130,-3.141587,-0.000006,-0.000071
22.464538,-2.156239,-0.456238,-14.503749,-0.099625,-0.189625,0.035000,0.531515,-0.216542,0.092132,-3.141587,-0.000012,-0.000057
22.468547,-2.156237,-0.456233,-14.503749,-0.099625,-0.189625,0.035000,0.531542,-0.216457,0.092134,-3.141588,-0.000017,-0.000054
22.472537,-2.156237,-0.456233,-14.503749,-0.099625,-0.189625,0.035000,0.531568,-0.216370,0.092134,-3.141588,-0.000017,-0.000047
22.476540,-2.156239,-0.456237,-14.503749,-0.099625,-0.189625,0.035000,0.531594,-0.216282,0.092132,-3.141587,-0.000013,-0.000039
22.480540,-2.156239,-0.456238,-14.503749,-0.099625,-0.189625,0.035000,0.531617,-0.216197,0.092133,-3.141587,-0.000012,-0.000077
22.484567,-2.156240,-0.456240,-14.503749,-0.099625,-0.189625,0.035000,0.531645,-0.216110,0.092135,-3.141587,-0.000010,-0.000076
22.488583,-2.156240,-0.456240,-14.503749,-0.099625,-0.189625,0.035000,0.531679,-0.216001,0.092135,-3.141587,-0.000010,-0.000028
22.492571,-2.156240,-0.456240,-14.503749,-0.099625,-0.189625,0.035000,0.531704,-0.215916,0.092135,-3.141587,-0.000010,-0.000032
22.496573,-2.156240,-0.456240,-14.503749,-0.099625,-0.189625,0.035000,0.531730,-0.215828,0.092136,-3.141587,-0.000010,-0.000031
22.500504,-2.256238,-0.436234,-14.453749,-0.101625,-0.193625,0.035000,0.531759,-0.215741,0.092138,-3.141588,-0.000016,-0.000031
22.504561,-2.256238,-0.436234,-14.453749,-0.101625,-0.193625,0.035000,0.531784,-0.215654,0.092138,-3.141588,-0.000016,-0.000030
22.508511,-2.256238,-0.436236,-14.453749,-0.101625,-0.193625,0.035000,0.531811,-0.215569,0.092140,-3.141588,-0.000014,-0.000041
22.512558,-2.256238,-0.436236,-14.453749,-0.101625,-0.193625,0.035000,0.531837,-0.215482,0.092140,-3.141588,-0.000014,-0.000047
22.516550,-2.256236,-0.436230,-14.453749,-0.101625,-0.193625,0.035000,0.531865,-0.215395,0.092142,-3.141588,-0.000020,-0.000053
22.520547,-2.256236,-0.436230,-14.453749,-0.101625,-0.193625,0.035000,0.531890,-0.215310,0.092142,-3.141588,-0.000020,-0.000050
22.524544,-2.256236,-0.436230,-14.453749,-0.101625,-0.193625,0.035000,0.531916,-0.215222,0.092143,-3.141588,-0.000020,-0.000049
22.528538,-2.256237,-0.436231,-14.453749,-0.101625,-0.193625,0.035000,0.531942,-0.215137,0.092144,-3.141588,-0.000018,-0.000046
22.532542,-2.256235,-0.436226,-14.453748,-0.101625,-0.193625,0.035000,0.531970,-0.215050,0.092146,-3.141589,-0.000024,-0.000039
22.536542,-2.316235,-0.436226,-14.383749,-0.102625,-0.189625,0.035000,0.531994,-0.214967,0.092146,-3.141589,-0.000024,-0.000047
22.540544,-2.316233,-0.436220,-14.383748,-0.102625,-0.189625,0.035000,0.532021,-0.214883,0.092149,-3.141589,-0.000029,-0.000044
22.544545,-2.316235,-0.436226,-14.383749,-0.102625,-0.189625,0.035000,0.532046,-0.214800,0.092147,-3.141589,-0.000023,-0.000039
22.548557,-2.316235,-0.436226,-14.383749,-0.102625,-0.189625,0.035000,0.532046,-0.214800,0.092147,-3.141589,-0.000023,-0.000039
22.552563,-2.316235,-0.436228,-14.383749,-0.102625,-0.189625,0.035000,0.532096,-0.214635,0.092149,-3.141589,-0.000022,-0.000036
22.556563,-2.316233,-0.436222,-14.383749,-0.102625,-0.189625,0.035000,0.532121,-0.214555,0.092151,-3.141589,-0.000027,-0.000035
22.560539,-2.316233,-0.436221,-14.383749,-0.102625,-0.189625,0.035000,0.532146,-0.214473,0.092151,-3.141589,-0.000028,-0.000030
22.564560,-2.316234,-0.436222,-14.383749,-0.102625,-0.189625,0.035000,0.532172,-0.214390,0.092152,-3.141589,-0.000027,-0.000032
22.568538,-2.316234,-0.436222,-14.383749,-0.102625,-0.189625,0.035000,0.532196,-0.214308,0.092153,-3.141589,-0.000027,-0.000033
22.572559,-2.316233,-0.436221,-14.383749,-0.102625,-0.189625,0.035000,0.532222,-0.214223,0.092152,-3.141589,-0.000028,-0.000037
22.576534,-2.316234,-0.436223,-14.383749,-0.102625,-0.189625,0.035000,0.532248,-0.214140,0.092154,-3.141589,-0.000026,-0.000039
22.580548,-2.186234,-0.526222,-14.283748,-0.098625,-0.182625,0.034000,0.532273,-0.214058,0.092153,-3.141589,-0.000027,-0.000040
22.584562,-2.186235,-0.526228,-14.283748,-0.098625,-0.182625,0.034000,0.532294,-0.213977,0.092152,-3.141588,-0.000022,-0.000087
22.588521,-2.186234,-0.526222,-14.283748,-0.098625,-0.182625,0.034000,0.532328,-0.213873,0.092154,-3.141589,-0.000027,-0.000055
22.592541,-2.186233,-0.526221,-14.283748,-0.098625,-0.182625,0.034000,0.532354,-0.213791,0.092153,-3.141589,-0.000028,-0.000056
22.596527,-2.186234,-0.526222,-14.283748,-0.098625,-0.182625,0.034000,0.532379,-0.213708,0.092155,-3.141589,-0.000027,-0.000058
22.600508,-2.186233,-0.526221,-14.283748,-0.098625,-0.182625,0.034000,0.532405,-0.213626,0.092154,-3.141589,-0.000028,-0.000059
22.604567,-2.186235,-0.526228,-14.283748,-0.098625,-0.182625,0.034000,0.532430,-0.213543,0.092153,-3.141588,-0.000022,-0.000054
22.608535,-2.186237,-0.526233,-14.283749,-0.098625,-0.182625,0.034000,0.532453,-0.213461,0.092151,-3.141588,-0.000017,-0.000056
22.612561,-2.186235,-0.526227,-14.283748,-0.098625,-0.182625,0.034000,0.532479,-0.213378,0.092153,-3.141589,-0.000023,-0.000057
22.616554,-2.086237,-0.466233,-14.153750,-0.100625,-0.178625,0.032000,0.532504,-0.213296,0.092152,-3.141588,-0.000017,-0.000059
22.620548,-2.086235,-0.466227,-14.153749,-0.100625,-0.178625,0.032000,0.532530,-0.213213,0.092154,-3.141588,-0.000022,-0.000061
22.624546,-2.086235,-0.466226,-14.153749,-0.100625,-0.178625,0.032000,0.532555,-0.213131,0.092154,-3.141589,-0.000023,-0.000069
22.628544,-2.086237,-0.466233,-14.153750,-0.100625,-0.178625,0.032000,0.532580,-0.213048,0.092152,-3.141588,-0.000017,-0.000064
22.632546,-2.086235,-0.466227,-14.153749,-0.100625,-0.178625,0.032000,0.532606,-0.212966,0.092155,-3.141589,-0.000023,-0.000066
22.636543,-2.086235,-0.466226,-14.153749,-0.100625,-0.178625,0.032000,0.532631,-0.212883,0.092154,-3.141589,-0.000023,-0.000074
22.640544,-2.086237,-0.466232,-14.153749,-0.100625,-0.178625,0.032000,0.532656,-0.212801,0.092153,-3.141588,-0.000018,-0.000069
22.644534,-2.086235,-0.466226,-14.153749,-0.100625,-0.178625,0.032000,0.532682,-0.212718,0.092155,-3.141589,-0.000023,-0.000070
22.648519,-2.086235,-0.466226,-14.153749,-0.100625,-0.178625,0.032000,0.532682,-0.212718,0.092155,-3.141589,-0.000023,-0.000070
22.652536,-2.086235,-0.466226,-14.153749,-0.100625,-0.178625,0.032000,0.532734,-0.212556,0.092155,-3.141589,-0.000023,-0.000085
22.656540,-2.096237,-0.426232,-14.143749,-0.100625,-0.180625,0.032000,0.532758,-0.212474,0.092154,-3.141588,-0.000018,-0.000086
22.660541,-2.106237,-0.436231,-14.193749,-0.100625,-0.183625,0.032000,0.532783,-0.212393,0.092154,-3.141588,-0.000018,-0.000093
22.664559,-2.106236,-0.436230,-14.193749,-0.100625,-0.183625,0.032000,0.532808,-0.212311,0.092153,-3.141588,-0.000019,-0.000087
22.668561,-2.106238,-0.436237,-14.193750,-0.100625,-0.183625,0.032000,0.532832,-0.212231,0.092152,-3.141587,-0.000014,-0.000080
22.672554,-2.106238,-0.436236,-14.193750,-0.100625,-0.183625,0.032000,0.532857,-0.212148,0.092152,-3.141588,-0.000014,-0.000075
22.676557,-2.106240,-0.436242,-14.193750,-0.100625,-0.183625,0.032000,0.532881,-0.212068,0.092150,-3.141587,-0.000009,-0.000074
22.680558,-2.106240,-0.436241,-14.193750,-0.100625,-0.183625,0.032000,0.532906,-0.211986,0.092150,-3.141587,-0.000009,-0.000069
22.684558,-2.106238,-0.436235,-14.193750,-0.100625,-0.183625,0.032000,0.532932,-0.211903,0.092152,-3.141588,-0.000015,-0.000071
22.688557,-2.106240,-0.436241,-14.193750,-0.100625,-0.183625,0.032000,0.532957,-0.211821,0.092151,-3.141587,-0.000009,-0.000073
22.692544,-2.106240,-0.436240,-14.193750,-0.100625,-0.183625,0.032000,0.532981,-0.211741,0.092151,-3.141587,-0.000010,-0.000079
22.696544,-2.126239,-0.426240,-14.313750,-0.099625,-0.185625,0.031000,0.533006,-0.211658,0.092150,-3.141587,-0.000011,-0.000080
22.700538,-2.126240,-0.426240,-14.313750,-0.099625,-0.185625,0.031000,0.533033,-0.211576,0.092151,-3.141587,-0.000010,-0.000089
22.704553,-2.126239,-0.426239,-14.313750,-0.099625,-0.185625,0.031000,0.533059,-0.211493,0.092150,-3.141587,-0.000011,-0.000090
22.708559,-2.126239,-0.426238,-14.313750,-0.099625,-0.185625,0.031000,0.533083,-0.211413,0.092150,-3.141587,-0.000012,-0.000103
22.712559,-2.126241,-0.426244,-14.313750,-0.099625,-0.185625,0.031000,0.533107,-0.211330,0.092149,-3.141587,-0.000006,-0.000152
22.716556,-2.126239,-0.426238,-14.313750,-0.099625,-0.185625,0.031000,0.533135,-0.211248,0.092150,-3.141587,-0.000012,-0.000147
22.720559,-2.126241,-0.426245,-14.313750,-0.099625,-0.185625,0.031000,0.533157,-0.211168,0.092150,-3.141587,-0.000006,-0.000153
22.724556,-2.126241,-0.426244,-14.313750,-0.099625,-0.185625,0.031000,0.533190,-0.211064,0.092149,-3.141587,-0.000007,-0.000107
22.728557,-2.126241,-0.426244,-14.313750,-0.099625,-0.185625,0.031000,0.533217,-0.210981,0.092150,-3.141587,-0.000006,-0.000102
22.732541,-2.126243,-0.426249,-14.313750,-0.099625,-0.185625,0.031000,0.533240,-0.210898,0.092148,-3.141586,-0.000002,-0.000097
22.736540,-2.126243,-0.426251,-14.313750,-0.099625,-0.185625,0.031000,0.533266,-0.210813,0.092149,-3.141586,-0.000000,-0.000087
22.740540,-2.246241,-0.486244,-14.513750,-0.099625,-0.188625,0.033000,0.533295,-0.210726,0.092150,-3.141587,-0.000007,-0.000080
22.744538,-2.246240,-0.486243,-14.513750,-0.099625,-0.188625,0.033000,0.533322,-0.210639,0.092150,-3.141587,-0.000007,-0.000066
22.748540,-2.246243,-0.486249,-14.513750,-0.099625,-0.188625,0.033000,0.533348,-0.210554,0.092149,-3.141586,-0.000002,-0.000063
22.752540,-2.246241,-0.486243,-14.513750,-0.099625,-0.188625,0.033000,0.533375,-0.210467,0.092151,-3.141587,-0.000007,-0.000055
22.756540,-2.246240,-0.486243,-14.513750,-0.099625,-0.188625,0.033000,0.533402,-0.210379,0.092150,-3.141587,-0.000008,-0.000055
22.760540,-2.246242,-0.486249,-14.513750,-0.099625,-0.188625,0.033000,0.533428,-0.210292,0.092149,-3.141586,-0.000002,-0.000054
22.764540,-2.246240,-0.486243,-14.513750,-0.099625,-0.188625,0.033000,0.533456,-0.210205,0.092151,-3.141587,-0.000007,-0.000053
22.768513,-2.246240,-0.486242,-14.513750,-0.099625,-0.188625,0.033000,0.533482,-0.210120,0.092151,-3.141587,-0.000008,-0.000064
22.772521,-2.246242,-0.486248,-14.513750,-0.099625,-0.188625,0.033000,0.533508,-0.210032,0.092150,-3.141586,-0.000002,-0.000063
22.776542,-2.316240,-0.486242,-14.673749,-0.104625,-0.189625,0.034000,0.533537,-0.209945,0.092151,-3.141587,-0.000009,-0.000069
22.780546,-2.316240,-0.486243,-14.673749,-0.104625,-0.189625,0.034000,0.533564,-0.209858,0.092152,-3.141587,-0.000007,-0.000075
22.784545,-2.316240,-0.486242,-14.673749,-0.104625,-0.189625,0.034000,0.533590,-0.209773,0.092152,-3.141587,-0.000008,-0.000086
22.788540,-2.316242,-0.486248,-14.673750,-0.104625,-0.189625,0.034000,0.533616,-0.209685,0.092151,-3.141586,-0.000002,-0.000085
22.792556,-2.316242,-0.486247,-14.673750,-0.104625,-0.189625,0.034000,0.533643,-0.209598,0.092150,-3.141586,-0.000003,-0.000091
22.796564,-2.316244,-0.486254,-14.673750,-0.104625,-0.189625,0.034000,0.533669,-0.209510,0.092149,-3.141586,0.000002,-0.000091
22.800557,-2.316240,-0.486242,-14.673749,-0.104625,-0.189625,0.034000,0.533698,-0.209423,0.092153,-3.141587,-0.000008,-0.000090
22.804513,-2.316240,-0.486241,-14.673749,-0.104625,-0.189625,0.034000,0.533724,-0.209338,0.092152,-3.141587,-0.000009,-0.000087
22.808509,-2.316242,-0.486247,-14.673750,-0.104625,-0.189625,0.034000,0.533750,-0.209251,0.092151,-3.141586,-0.000003,-0.000073
22.812509,-2.316242,-0.486247,-14.673750,-0.104625,-0.189625,0.034000,0.533784,-0.209141,0.092152,-3.141586,-0.000003,-0.000059
22.816503,-2.316238,-0.486235,-14.673749,-0.104625,-0.189625,0.034000,0.533806,-0.209079,0.092155,-3.141588,-0.000015,-0.000049
22.820508,-2.226240,-0.556241,-14.753749,-0.103625,-0.186625,0.033000,0.533832,-0.208991,0.092154,-3.141587,-0.000009,-0.000035
22.824510,-2.226240,-0.556240,-14.753749,-0.103625,-0.186625,0.033000,0.533857,-0.208906,0.092153,-3.141587,-0.000010,-0.000026
22.828514,-2.226240,-0.556241,-14.753749,-0.103625,-0.186625,0.033000,0.533885,-0.208821,0.092154,-3.141587,-0.000009,-0.000016
22.832526,-2.226238,-0.556235,-14.753749,-0.103625,-0.186625,0.033000,0.533912,-0.208734,0.092156,-3.141588,-0.000015,-0.000009
22.836535,-2.226240,-0.556241,-14.753749,-0.103625,-0.186625,0.033000,0.533937,-0.208649,0.092155,-3.141587,-0.000009,0.000001
22.840485,-2.226240,-0.556240,-14.753749,-0.103625,-0.186625,0.033000,0.533962,-0.208566,0.092154,-3.141587,-0.000010,-0.000014
22.844532,-2.226240,-0.556241,-14.753749,-0.103625,-0.186625,0.033000,0.533989,-0.208481,0.092155,-3.141587,-0.000009,-0.000018
22.848534,-2.226242,-0.556247,-14.753750,-0.103625,-0.186625,0.033000,0.534013,-0.208399,0.092154,-3.141586,-0.000004,-0.000026
22.852485,-2.226242,-0.556247,-14.753750,-0.103625,-0.186625,0.033000,0.534013,-0.208399,0.092154,-3.141586,-0.000004,-0.000026
22.856491,-2.206242,-0.586247,-14.803750,-0.101625,-0.186625,0.033000,0.534065,-0.208231,0.092154,-3.141586,-0.000004,-0.000085
22.860548,-2.146239,-0.576240,-14.883749,-0.101625,-0.187625,0.033000,0.534092,-0.208149,0.092155,-3.141587,-0.000010,-0.000094
22.864522,-2.146242,-0.576246,-14.883750,-0.101625,-0.187625,0.033000,0.534117,-0.208066,0.092154,-3.141586,-0.000004,-0.000116
22.868507,-2.146240,-0.576240,-14.883749,-0.101625,-0.187625,0.033000,0.534151,-0.207959,0.092156,-3.141587,-0.000010,-0.000086
22.872482,-2.146239,-0.576240,-14.883749,-0.101625,-0.187625,0.033000,0.534176,-0.207877,0.092156,-3.141587,-0.000011,-0.000101
22.876479,-2.146239,-0.576240,-14.883749,-0.101625,-0.187625,0.033000,0.534203,-0.207792,0.092156,-3.141587,-0.000010,-0.000098
22.880478,-2.146239,-0.576239,-14.883749,-0.101625,-0.187625,0.033000,0.534228,-0.207709,0.092156,-3.141587,-0.000011,-0.000086
22.884477,-2.146241,-0.576245,-14.883750,-0.101625,-0.187625,0.033000,0.534253,-0.207624,0.092155,-3.141586,-0.000005,-0.000063
22.888482,-2.146239,-0.576239,-14.883749,-0.101625,-0.187625,0.033000,0.534279,-0.207542,0.092156,-3.141587,-0.000012,-0.000044
22.892478,-2.146241,-0.576245,-14.883750,-0.101625,-0.187625,0.033000,0.534304,-0.207456,0.092155,-3.141586,-0.000006,-0.000028
22.896481,-2.176241,-0.536245,-14.863749,-0.101625,-0.190625,0.032000,0.534331,-0.207374,0.092155,-3.141586,-0.000005,-0.000016
22.900478,-2.246241,-0.536244,-14.883750,-0.101625,-0.195625,0.034000,0.534356,-0.207289,0.092155,-3.141587,-0.000006,0.000007
22.904478,-2.246241,-0.536245,-14.883750,-0.101625,-0.195625,0.034000,0.534382,-0.207206,0.092155,-3.141586,-0.000006,0.000019
22.908483,-2.246243,-0.536251,-14.883750,-0.101625,-0.195625,0.034000,0.534407,-0.207121,0.092154,-3.141586,0.000000,0.000022
22.912478,-2.246241,-0.536244,-14.883750,-0.101625,-0.195625,0.034000,0.534435,-0.207036,0.092156,-3.141587,-0.000006,0.000025
22.916477,-2.246243,-0.536251,-14.883750,-0.101625,-0.195625,0.034000,0.534459,-0.206954,0.092154,-3.141586,-0.000000,0.000016
22.920478,-2.246243,-0.536251,-14.883750,-0.101625,-0.195625,0.034000,0.534486,-0.206869,0.092155,-3.141586,0.000000,0.000012
22.924478,-2.246241,-0.536244,-14.883750,-0.101625,-0.195625,0.034000,0.534513,-0.206786,0.092156,-3.141587,-0.000006,-0.000003
22.928478,-2.246243,-0.536251,-14.883750,-0.101625,-0.195625,0.034000,0.534537,-0.206704,0.092155,-3.141586,-0.000000,-0.000018
22.932478,-2.246242,-0.536249,-14.883750,-0.101625,-0.195625,0.034000,0.534564,-0.206619,0.092154,-3.141586,-0.000002,-0.000028
22.936477,-2.326245,-0.476255,-14.953750,-0.104625,-0.197625,0.033000,0.534588,-0.206536,0.092153,-3.141585,0.000004,-0.000043
22.940480,-2.326245,-0.476255,-14.953750,-0.104625,-0.197625,0.033000,0.534588,-0.206536,0.092153,-3.141585,0.000004,-0.000043
22.944478,-2.326240,-0.476242,-14.953749,-0.104625,-0.197625,0.033000,0.534641,-0.206374,0.092155,-3.141587,-0.000009,-0.000078
22.948477,-2.326242,-0.476248,-14.953749,-0.104625,-0.197625,0.033000,0.534664,-0.206291,0.092154,-3.141586,-0.000003,-0.000086
22.952478,-2.326242,-0.476248,-14.953749,-0.104625,-0.197625,0.033000,0.534664,-0.206291,0.092154,-3.141586,-0.000003,-0.000086
22.956479,-2.326240,-0.476241,-14.953749,-0.104625,-0.197625,0.033000,0.534691,-0.206208,0.092155,-3.141587,-0.000009,-0.000135
22.960478,-2.326242,-0.476247,-14.953749,-0.104625,-0.197625,0.033000,0.534722,-0.206106,0.092154,-3.141586,-0.000003,-0.000094
22.964478,-2.326242,-0.476248,-14.953749,-0.104625,-0.197625,0.033000,0.534748,-0.206024,0.092155,-3.141586,-0.000003,-0.000082
22.968478,-2.326242,-0.476248,-14.953749,-0.104625,-0.197625,0.033000,0.534773,-0.205944,0.092156,-3.141586,-0.000002,-0.000081
22.972478,-2.326240,-0.476242,-14.953749,-0.104625,-0.197625,0.033000,0.534800,-0.205861,0.092157,-3.141587,-0.000009,-0.000063
22.976478,-2.346242,-0.556248,-15.163749,-0.102625,-0.194625,0.034000,0.534824,-0.205778,0.092156,-3.141586,-0.000003,-0.000051
22.980478,-2.346242,-0.556248,-15.163750,-0.102625,-0.194625,0.034000,0.534850,-0.205696,0.092156,-3.141586,-0.000002,-0.000039
22.984478,-2.346240,-0.556242,-15.163749,-0.102625,-0.194625,0.034000,0.534876,-0.205616,0.092157,-3.141587,-0.000009,-0.000032
22.988478,-2.346242,-0.556248,-15.163749,-0.102625,-0.194625,0.034000,0.534899,-0.205533,0.092156,-3.141586,-0.000003,-0.000027
22.992478,-2.346242,-0.556248,-15.163750,-0.102625,-0.194625,0.034000,0.534924,-0.205453,0.092157,-3.141586,-0.000002,-0.000026
22.996478,-2.346240,-0.556242,-15.163749,-0.102625,-0.194625,0.034000,0.534951,-0.205370,0.092158,-3.141587,-0.000009,-0.000028
23.000479,-2.346244,-0.556253,-15.163750,-0.102625,-0.194625,0.034000,0.534974,-0.205287,0.092155,-3.141586,0.000002,-0.000029
23.004577,-2.346242,-0.556246,-15.163749,-0.102625,-0.194625,0.034000,0.535000,-0.205207,0.092156,-3.141586,-0.000005,-0.000042
23.008573,-2.346242,-0.556247,-15.163749,-0.102625,-0.194625,0.034000,0.535026,-0.205125,0.092156,-3.141586,-0.000004,-0.000051
23.012535,-2.346242,-0.556247,-15.163749,-0.102625,-0.194625,0.034000,0.535052,-0.205042,0.092157,-3.141586,-0.000004,-0.000059
23.016549,-2.346242,-0.556246,-15.163749,-0.102625,-0.194625,0.034000,0.535075,-0.204962,0.092157,-3.141586,-0.000005,-0.000078
23.020534,-2.416242,-0.556247,-15.293750,-0.107625,-0.195625,0.035000,0.535101,-0.204879,0.092157,-3.141586,-0.000004,-0.000094
23.024534,-2.416244,-0.556253,-15.293750,-0.107625,-0.195625,0.035000,0.535124,-0.204797,0.092156,-3.141586,0.000002,-0.000109
23.028533,-2.416246,-0.556259,-15.293750,-0.107625,-0.195625,0.035000,0.535148,-0.204714,0.092155,-3.141585,0.000008,-0.000117
23.032534,-2.416244,-0.556252,-15.293750,-0.107625,-0.195625,0.035000,0.535174,-0.204631,0.092156,-3.141586,0.000001,-0.000119
23.036533,-2.416244,-0.556253,-15.293750,-0.107625,-0.195625,0.035000,0.535200,-0.204549,0.092157,-3.141586,0.000002,-0.000120
23.040542,-2.416246,-0.556259,-15.293750,-0.107625,-0.195625,0.035000,0.535224,-0.204466,0.092156,-3.141585,0.000008,-0.000108
23.044534,-2.416246,-0.556260,-15.293750,-0.107625,-0.195625,0.035000,0.535250,-0.204383,0.092156,-3.141585,0.000008,-0.000096
23.048534,-2.416244,-0.556253,-15.293750,-0.107625,-0.195625,0.035000,0.535275,-0.204303,0.092157,-3.141586,0.000002,-0.000089
23.052536,-2.416244,-0.556253,-15.293750,-0.107625,-0.195625,0.035000,0.535301,-0.204220,0.092158,-3.141586,0.000002,-0.000077
23.056536,-2.416244,-0.556253,-15.293750,-0.107625,-0.195625,0.035000,0.535301,-0.204220,0.092158,-3.141586,0.000002,-0.000077
23.060553,-2.436246,-0.466259,-15.383750,-0.112625,-0.196625,0.036000,0.535348,-0.204055,0.092157,-3.141585,0.000007,-0.000047
23.064552,-2.436246,-0.466259,-15.383750,-0.112625,-0.196625,0.036000,0.535374,-0.203972,0.092157,-3.141585,0.000008,-0.000035
23.068552,-2.436242,-0.466248,-15.383750,-0.112625,-0.196625,0.036000,0.535401,-0.203890,0.092161,-3.141586,-0.000003,-0.000030
23.072555,-2.436244,-0.466254,-15.383750,-0.112625,-0.196625,0.036000,0.535424,-0.203807,0.092160,-3.141586,0.000003,-0.000018
23.076550,-2.436245,-0.466254,-15.383750,-0.112625,-0.196625,0.036000,0.535450,-0.203724,0.092160,-3.141586,0.000003,-0.000020
23.080553,-2.436242,-0.466248,-15.383750,-0.112625,-0.196625,0.036000,0.535476,-0.203642,0.092162,-3.141586,-0.000003,-0.000055
23.084540,-2.436246,-0.466260,-15.383750,-0.112625,-0.196625,0.036000,0.535497,-0.203561,0.092159,-3.141585,0.000008,-0.000075
23.088546,-2.436245,-0.466255,-15.383750,-0.112625,-0.196625,0.036000,0.535531,-0.203457,0.092162,-3.141585,0.000004,-0.000042
23.092556,-2.436245,-0.466256,-15.383750,-0.112625,-0.196625,0.036000,0.535556,-0.203374,0.092162,-3.141585,0.000005,-0.000051
23.096548,-2.436245,-0.466255,-15.383750,-0.112625,-0.196625,0.036000,0.535579,-0.203294,0.092162,-3.141586,0.000004,-0.000063
23.100551,-2.426245,-0.496255,-15.543750,-0.110625,-0.200625,0.037000,0.535605,-0.203211,0.092163,-3.141585,0.000004,-0.000072
23.104552,-2.426245,-0.496256,-15.543750,-0.110625,-0.200625,0.037000,0.535631,-0.203128,0.092163,-3.141585,0.000005,-0.000087
23.108540,-2.426246,-0.496257,-15.543750,-0.110625,-0.200625,0.037000,0.535654,-0.203046,0.092165,-3.141585,0.000006,-0.000089
23.112552,-2.426246,-0.496258,-15.543750,-0.110625,-0.200625,0.037000,0.535680,-0.202963,0.092165,-3.141585,0.000006,-0.000083
23.116541,-2.426243,-0.496251,-15.543750,-0.110625,-0.200625,0.037000,0.535706,-0.202880,0.092166,-3.141586,0.000000,-0.000072
23.120539,-2.426244,-0.496252,-15.543750,-0.110625,-0.200625,0.037000,0.535732,-0.202798,0.092167,-3.141586,0.000001,-0.000066
23.124540,-2.426243,-0.496251,-15.543750,-0.110625,-0.200625,0.037000,0.535755,-0.202715,0.092167,-3.141586,-0.000000,-0.000061
23.128540,-2.426243,-0.496251,-15.543750,-0.110625,-0.200625,0.037000,0.535781,-0.202632,0.092167,-3.141586,0.000000,-0.000049
23.132540,-2.426244,-0.496252,-15.543750,-0.110625,-0.200625,0.037000,0.535806,-0.202552,0.092168,-3.141586,0.000001,-0.000049
23.136540,-2.286244,-0.486252,-15.583750,-0.110625,-0.197625,0.036000,0.535831,-0.202469,0.092168,-3.141586,0.000001,-0.000037
23.140546,-2.286241,-0.486245,-15.583749,-0.110625,-0.197625,0.036000,0.535857,-0.202387,0.092169,-3.141586,-0.000005,-0.000032
23.144540,-2.286241,-0.486246,-15.583749,-0.110625,-0.197625,0.036000,0.535883,-0.202304,0.092170,-3.141586,-0.000005,-0.000020
23.148544,-2.286244,-0.486253,-15.583750,-0.110625,-0.197625,0.036000,0.535907,-0.202221,0.092170,-3.141586,0.000002,-0.000015
23.152540,-2.286242,-0.486247,-15.583750,-0.110625,-0.197625,0.036000,0.535934,-0.202139,0.092171,-3.141586,-0.000004,-0.000017
23.156541,-2.286242,-0.486247,-15.583750,-0.110625,-0.197625,0.036000,0.535959,-0.202056,0.092172,-3.141586,-0.000003,-0.000011
23.160540,-2.286242,-0.486248,-15.583750,-0.110625,-0.197625,0.036000,0.535984,-0.201973,0.092172,-3.141586,-0.000003,-0.000013
23.164540,-2.286242,-0.486248,-15.583750,-0.110625,-0.197625,0.036000,0.536010,-0.201891,0.092173,-3.141586,-0.000003,-0.000015
23.168538,-2.286244,-0.486254,-15.583750,-0.110625,-0.197625,0.036000,0.536035,-0.201808,0.092171,-3.141586,0.000002,-0.000023
23.172542,-2.286244,-0.486254,-15.583750,-0.110625,-0.197625,0.036000,0.536060,-0.201725,0.092172,-3.141586,0.000003,-0.000031
23.176540,-2.286244,-0.486254,-15.583750,-0.110625,-0.197625,0.036000,0.536086,-0.201643,0.092172,-3.141586,0.000003,-0.000033
23.180549,-2.336245,-0.456255,-15.503750,-0.110625,-0.199625,0.036000,0.536111,-0.201560,0.092173,-3.141586,0.000004,-0.000041
23.184550,-2.336242,-0.456248,-15.503750,-0.110625,-0.199625,0.036000,0.536137,-0.201477,0.092174,-3.141586,-0.000003,-0.000043
23.188555,-2.336244,-0.456254,-15.503750,-0.110625,-0.199625,0.036000,0.536162,-0.201395,0.092172,-3.141586,0.000002,-0.000045
23.192550,-2.336245,-0.456254,-15.503750,-0.110625,-0.199625,0.036000,0.536187,-0.201312,0.092173,-3.141586,0.000003,-0.000046
23.196551,-2.336245,-0.456255,-15.503750,-0.110625,-0.199625,0.036000,0.536213,-0.201229,0.092173,-3.141586,0.000003,-0.000048
23.200549,-2.336245,-0.456255,-15.503750,-0.110625,-0.199625,0.036000,0.536238,-0.201146,0.092174,-3.141586,0.000004,-0.000036
23.204549,-2.336242,-0.456248,-15.503750,-0.110625,-0.199625,0.036000,0.536264,-0.201064,0.092175,-3.141586,-0.000002,-0.000038
23.208538,-2.336243,-0.456249,-15.503750,-0.110625,-0.199625,0.036000,0.536297,-0.200959,0.092176,-3.141586,-0.000002,-0.000032
23.212547,-2.336242,-0.456248,-15.503750,-0.110625,-0.199625,0.036000,0.536316,-0.200898,0.092176,-3.141586,-0.000002,-0.000034
23.216547,-2.526243,-0.466250,-15.483750,-0.111625,-0.204625,0.039000,0.536348,-0.200794,0.092177,-3.141586,-0.000001,-0.000029
23.220546,-2.526246,-0.466257,-15.483751,-0.111625,-0.204625,0.039000,0.536372,-0.200711,0.092177,-3.141585,0.000006,-0.000024
23.224546,-2.526247,-0.466263,-15.483751,-0.111625,-0.204625,0.039000,0.536396,-0.200631,0.092175,-3.141585,0.000011,-0.000030
23.228539,-2.526248,-0.466263,-15.483751,-0.111625,-0.204625,0.039000,0.536422,-0.200546,0.092176,-3.141585,0.000011,-0.000027
23.232537,-2.526248,-0.466264,-15.483751,-0.111625,-0.204625,0.039000,0.536448,-0.200463,0.092176,-3.141585,0.000012,-0.000028
23.236538,-2.526248,-0.466264,-15.483751,-0.111625,-0.204625,0.039000,0.536474,-0.200378,0.092177,-3.141585,0.000012,-0.000032
23.240548,-2.526243,-0.466252,-15.483750,-0.111625,-0.204625,0.039000,0.536504,-0.200290,0.092180,-3.141586,0.000001,-0.000038
23.244551,-2.526245,-0.466257,-15.483751,-0.111625,-0.204625,0.039000,0.536530,-0.200203,0.092178,-3.141585,0.000006,-0.000044
23.248540,-2.526246,-0.466257,-15.483751,-0.111625,-0.204625,0.039000,0.536557,-0.200115,0.092178,-3.141585,0.000006,-0.000044
23.252516,-2.526246,-0.466258,-15.483751,-0.111625,-0.204625,0.039000,0.536584,-0.200028,0.092179,-3.141585,0.000007,-0.000050
23.256542,-2.486246,-0.536258,-15.553750,-0.110625,-0.198625,0.040000,0.536611,-0.199940,0.092179,-3.141585,0.000007,-0.000056
23.260503,-2.486246,-0.536259,-15.553750,-0.110625,-0.198625,0.040000,0.536638,-0.199852,0.092180,-3.141585,0.000007,-0.000048
23.264542,-2.486246,-0.536258,-15.553750,-0.110625,-0.198625,0.040000,0.536667,-0.199765,0.092180,-3.141585,0.000007,-0.000048
23.268542,-2.486246,-0.536259,-15.553750,-0.110625,-0.198625,0.040000,0.536693,-0.199677,0.092180,-3.141585,0.000007,-0.000047
23.272540,-2.486246,-0.536259,-15.553750,-0.110625,-0.198625,0.040000,0.536719,-0.199592,0.092181,-3.141585,0.000008,-0.000051
23.276542,-2.486247,-0.536260,-15.553750,-0.110625,-0.198625,0.040000,0.536746,-0.199505,0.092182,-3.141585,0.000008,-0.000050
23.280542,-2.486248,-0.536265,-15.553751,-0.110625,-0.198625,0.040000,0.536773,-0.199417,0.092180,-3.141585,0.000013,-0.000050
23.284545,-2.486249,-0.536266,-15.553751,-0.110625,-0.198625,0.040000,0.536800,-0.199329,0.092180,-3.141585,0.000014,-0.000056
23.288546,-2.486247,-0.536260,-15.553750,-0.110625,-0.198625,0.040000,0.536829,-0.199242,0.092183,-3.141585,0.000009,-0.000055
23.292540,-2.486249,-0.536266,-15.553751,-0.110625,-0.198625,0.040000,0.536854,-0.199157,0.092181,-3.141585,0.000014,-0.000066
23.296540,-2.396249,-0.656266,-15.623750,-0.105625,-0.197625,0.040000,0.536881,-0.199069,0.092181,-3.141585,0.000014,-0.000065
23.300540,-2.396249,-0.656266,-15.623750,-0.105625,-0.197625,0.040000,0.536908,-0.198981,0.092182,-3.141585,0.000015,-0.000064
23.304540,-2.396249,-0.656266,-15.623750,-0.105625,-0.197625,0.040000,0.536936,-0.198894,0.092182,-3.141585,0.000014,-0.000064
23.308507,-2.396247,-0.656260,-15.623750,-0.105625,-0.197625,0.040000,0.536961,-0.198809,0.092184,-3.141585,0.000009,-0.000115
23.312511,-2.396247,-0.656260,-15.623750,-0.105625,-0.197625,0.040000,0.536961,-0.198809,0.092184,-3.141585,0.000009,-0.000115
23.316547,-2.396247,-0.656260,-15.623750,-0.105625,-0.197625,0.040000,0.537016,-0.198633,0.092184,-3.141585,0.000009,-0.000120
23.320547,-2.396247,-0.656261,-15.623750,-0.105625,-0.197625,0.040000,0.537050,-0.198526,0.092185,-3.141585,0.000009,-0.000090
23.324554,-2.396247,-0.656261,-15.623750,-0.105625,-0.197625,0.040000,0.537077,-0.198439,0.092185,-3.141585,0.000010,-0.000089
23.328545,-2.396249,-0.656267,-15.623750,-0.105625,-0.197625,0.040000,0.537103,-0.198351,0.092183,-3.141585,0.000015,-0.000082
23.332538,-2.396249,-0.656267,-15.623750,-0.105625,-0.197625,0.040000,0.537129,-0.198266,0.092184,-3.141585,0.000015,-0.000086
23.336546,-2.396249,-0.656267,-15.623750,-0.105625,-0.197625,0.040000,0.537129,-0.198266,0.092184,-3.141585,0.000015,-0.000086
23.340544,-2.326247,-0.616262,-15.633750,-0.106625,-0.197625,0.039000,0.537158,-0.198178,0.092186,-3.141585,0.000010,-0.000078
23.344541,-2.326252,-0.576275,-15.633751,-0.107625,-0.198625,0.038000,0.537209,-0.198005,0.092184,-3.141584,0.000022,-0.000075
23.348546,-2.326252,-0.576275,-15.633751,-0.107625,-0.198625,0.038000,0.537236,-0.197918,0.092185,-3.141584,0.000023,-0.000067
23.352537,-2.326250,-0.576270,-15.633751,-0.107625,-0.198625,0.038000,0.537264,-0.197830,0.092187,-3.141584,0.000018,-0.000067
23.356545,-2.326250,-0.576270,-15.633751,-0.107625,-0.198625,0.038000,0.537264,-0.197830,0.092187,-3.141584,0.000018,-0.000067
23.360552,-2.326251,-0.576270,-15.633751,-0.107625,-0.198625,0.038000,0.537291,-0.197743,0.092188,-3.141584,0.000018,-0.000073
23.364549,-2.326251,-0.576271,-15.633751,-0.107625,-0.198625,0.038000,0.537317,-0.197657,0.092188,-3.141584,0.000019,-0.000077
23.368548,-2.326248,-0.576264,-15.633750,-0.107625,-0.198625,0.038000,0.537372,-0.197482,0.092189,-3.141585,0.000012,-0.000095
23.372525,-2.326248,-0.576264,-15.633750,-0.107625,-0.198625,0.038000,0.537372,-0.197482,0.092189,-3.141585,0.000012,-0.000095
23.376546,-2.436251,-0.446272,-15.603751,-0.111625,-0.202625,0.039000,0.537424,-0.197309,0.092190,-3.141584,0.000020,-0.000105
23.380553,-2.436247,-0.446260,-15.603751,-0.111625,-0.202625,0.039000,0.537453,-0.197222,0.092193,-3.141585,0.000008,-0.000105
23.384544,-2.436249,-0.446267,-15.603751,-0.111625,-0.202625,0.039000,0.537479,-0.197134,0.092192,-3.141585,0.000015,-0.000104
23.388538,-2.436249,-0.446267,-15.603751,-0.111625,-0.202625,0.039000,0.537479,-0.197134,0.092192,-3.141585,0.000015,-0.000104
23.392539,-2.436249,-0.446267,-15.603751,-0.111625,-0.202625,0.039000,0.537534,-0.196959,0.092193,-3.141585,0.000015,-0.000096
23.396546,-2.436249,-0.446267,-15.603751,-0.111625,-0.202625,0.039000,0.537534,-0.196959,0.092193,-3.141585,0.000015,-0.000096
23.400547,-2.436247,-0.446262,-15.603751,-0.111625,-0.202625,0.039000,0.537562,-0.196874,0.092195,-3.141585,0.000010,-0.000086
23.404539,-2.436248,-0.446262,-15.603751,-0.111625,-0.202625,0.039000,0.537588,-0.196786,0.092196,-3.141585,0.000011,-0.000079
23.408539,-2.436250,-0.446270,-15.603751,-0.111625,-0.202625,0.039000,0.537614,-0.196698,0.092196,-3.141584,0.000018,-0.000065
23.412540,-2.436251,-0.446270,-15.603751,-0.111625,-0.202625,0.039000,0.537639,-0.196613,0.092196,-3.141584,0.000018,-0.000062
23.416540,-2.416249,-0.516265,-15.623750,-0.109625,-0.200625,0.039000,0.537668,-0.196525,0.092198,-3.141585,0.000013,-0.000055
23.420539,-2.416249,-0.516266,-15.623750,-0.109625,-0.200625,0.039000,0.537702,-0.196416,0.092199,-3.141585,0.000014,-0.000047
23.424500,-2.416249,-0.516265,-15.623750,-0.109625,-0.200625,0.039000,0.537721,-0.196352,0.092199,-3.141585,0.000013,-0.000051
23.428537,-2.416250,-0.516268,-15.623750,-0.109625,-0.200625,0.039000,0.537775,-0.196179,0.092201,-3.141585,0.000016,-0.000054
23.432540,-2.416250,-0.516268,-15.623750,-0.109625,-0.200625,0.039000,0.537800,-0.196094,0.092202,-3.141585,0.000016,-0.000058
23.436538,-2.416250,-0.516268,-15.623750,-0.109625,-0.200625,0.039000,0.537800,-0.196094,0.092202,-3.141585,0.000016,-0.000058
23.440555,-2.416245,-0.516256,-15.623750,-0.109625,-0.200625,0.039000,0.537828,-0.196009,0.092205,-3.141586,0.000004,-0.000062
23.444552,-2.416248,-0.516263,-15.623750,-0.109625,-0.200625,0.039000,0.537851,-0.195929,0.092204,-3.141585,0.000012,-0.000068
23.448546,-2.416248,-0.516264,-15.623750,-0.109625,-0.200625,0.039000,0.537876,-0.195846,0.092205,-3.141585,0.000012,-0.000076
23.452539,-2.416246,-0.516259,-15.623750,-0.109625,-0.200625,0.039000,0.537903,-0.195763,0.092207,-3.141585,0.000007,-0.000125
23.456544,-2.416246,-0.516259,-15.623750,-0.109625,-0.200625,0.039000,0.537927,-0.195680,0.092208,-3.141585,0.000008,-0.000127
23.460543,-2.416244,-0.526254,-15.443750,-0.109625,-0.196625,0.038000,0.537953,-0.195600,0.092210,-3.141586,0.000003,-0.000133
23.464546,-2.416247,-0.526261,-15.443751,-0.109625,-0.196625,0.038000,0.537985,-0.195495,0.092210,-3.141585,0.000010,-0.000087
23.468543,-2.416245,-0.526256,-15.443751,-0.109625,-0.196625,0.038000,0.538011,-0.195412,0.092212,-3.141585,0.000005,-0.000089
23.472543,-2.416248,-0.526264,-15.443751,-0.109625,-0.196625,0.038000,0.538034,-0.195332,0.092212,-3.141585,0.000012,-0.000081
23.476544,-2.416248,-0.526263,-15.443751,-0.109625,-0.196625,0.038000,0.538060,-0.195249,0.092212,-3.141585,0.000012,-0.000070
23.480538,-2.416248,-0.526264,-15.443751,-0.109625,-0.196625,0.038000,0.538085,-0.195166,0.092213,-3.141585,0.000012,-0.000051
23.484542,-2.416246,-0.526259,-15.443751,-0.109625,-0.196625,0.038000,0.538111,-0.195083,0.092215,-3.141585,0.000007,-0.000039
23.488546,-2.416246,-0.526259,-15.443751,-0.109625,-0.196625,0.038000,0.538136,-0.195000,0.092216,-3.141585,0.000008,-0.000020
23.492544,-2.416244,-0.526254,-15.443750,-0.109625,-0.196625,0.038000,0.538162,-0.194917,0.092218,-3.141586,0.000003,-0.000002
23.496545,-2.326246,-0.476259,-15.213750,-0.110625,-0.190625,0.038000,0.538186,-0.194837,0.092216,-3.141585,0.000008,0.000005
23.500547,-2.326247,-0.476261,-15.213750,-0.110625,-0.190625,0.038000,0.538211,-0.194754,0.092217,-3.141585,0.000009,0.000011
23.504539,-2.326245,-0.476256,-15.213750,-0.110625,-0.190625,0.038000,0.538238,-0.194671,0.092220,-3.141586,0.000004,0.000016
23.508539,-2.326245,-0.476256,-15.213750,-0.110625,-0.190625,0.038000,0.538262,-0.194588,0.092220,-3.141585,0.000005,0.000014
23.512540,-2.326243,-0.476251,-15.213750,-0.110625,-0.190625,0.038000,0.538289,-0.194506,0.092223,-3.141586,0.000000,0.000006
23.516502,-2.326241,-0.476246,-15.213750,-0.110625,-0.190625,0.038000,0.538315,-0.194423,0.092225,-3.141586,-0.000005,-0.000003
23.520540,-2.326244,-0.476252,-15.213750,-0.110625,-0.190625,0.038000,0.538341,-0.194340,0.092224,-3.141586,0.000001,-0.000011
23.524540,-2.326244,-0.476253,-15.213750,-0.110625,-0.190625,0.038000,0.538365,-0.194257,0.092225,-3.141586,0.000002,-0.000019
23.528543,-2.326242,-0.476248,-15.213750,-0.110625,-0.190625,0.038000,0.538391,-0.194177,0.092227,-3.141586,-0.000003,-0.000032
23.532539,-2.326245,-0.476255,-15.213750,-0.110625,-0.190625,0.038000,0.538414,-0.194094,0.092227,-3.141586,0.000004,-0.000047
23.536539,-2.326243,-0.476250,-15.213750,-0.110625,-0.190625,0.038000,0.538441,-0.194011,0.092229,-3.141586,-0.000001,-0.000056
23.540546,-2.246241,-0.486245,-15.003749,-0.107625,-0.188625,0.036000,0.538467,-0.193928,0.092231,-3.141586,-0.000006,-0.000071
23.544539,-2.246243,-0.486251,-15.003750,-0.107625,-0.188625,0.036000,0.538492,-0.193848,0.092230,-3.141586,0.000000,-0.000077
23.548539,-2.246244,-0.486252,-15.003750,-0.107625,-0.188625,0.036000,0.538516,-0.193765,0.092231,-3.141586,0.000001,-0.000078
23.552540,-2.246242,-0.486247,-15.003750,-0.107625,-0.188625,0.036000,0.538541,-0.193684,0.092233,-3.141586,-0.000004,-0.000064
23.556540,-2.246241,-0.486246,-15.003750,-0.107625,-0.188625,0.036000,0.538568,-0.193601,0.092233,-3.141586,-0.000004,-0.000052
23.560539,-2.246239,-0.486241,-15.003749,-0.107625,-0.188625,0.036000,0.538593,-0.193521,0.092235,-3.141587,-0.000009,-0.000032
23.564539,-2.246242,-0.486249,-15.003750,-0.107625,-0.188625,0.036000,0.538616,-0.193440,0.092235,-3.141586,-0.000002,-0.000018
23.568542,-2.246242,-0.486248,-15.003750,-0.107625,-0.188625,0.036000,0.538642,-0.193358,0.092235,-3.141586,-0.000003,-0.000006
23.572538,-2.246242,-0.486248,-15.003750,-0.107625,-0.188625,0.036000,0.538642,-0.193358,0.092235,-3.141586,-0.000003,-0.000006
23.576541,-2.246240,-0.486243,-15.003749,-0.107625,-0.188625,0.036000,0.538667,-0.193277,0.092237,-3.141587,-0.000008,0.000002
23.580540,-2.196241,-0.486244,-14.773750,-0.104625,-0.188625,0.035000,0.538718,-0.193114,0.092239,-3.141586,-0.000006,0.000021
23.584541,-2.196239,-0.486239,-14.773750,-0.104625,-0.188625,0.035000,0.538743,-0.193033,0.092241,-3.141587,-0.000011,0.000015
23.588539,-2.196241,-0.486244,-14.773750,-0.104625,-0.188625,0.035000,0.538767,-0.192950,0.092239,-3.141586,-0.000006,0.000013
23.592544,-2.196241,-0.486246,-14.773750,-0.104625,-0.188625,0.035000,0.538792,-0.192870,0.092241,-3.141586,-0.000004,0.000000
23.596542,-2.196241,-0.486246,-14.773750,-0.104625,-0.188625,0.035000,0.538818,-0.192787,0.092240,-3.141586,-0.000005,-0.000049
23.600543,-2.196242,-0.486248,-14.773750,-0.104625,-0.188625,0.035000,0.538843,-0.192707,0.092242,-3.141586,-0.000003,-0.000061
23.604543,-2.196244,-0.486253,-14.773750,-0.104625,-0.188625,0.035000,0.538866,-0.192624,0.092240,-3.141586,0.000002,-0.000076
23.608538,-2.196242,-0.486248,-14.773750,-0.104625,-0.188625,0.035000,0.538892,-0.192541,0.092242,-3.141586,-0.000003,-0.000092
23.612546,-2.196240,-0.486242,-14.773750,-0.104625,-0.188625,0.035000,0.538925,-0.192441,0.092245,-3.141587,-0.000008,-0.000068
23.616545,-2.166240,-0.446242,-14.533749,-0.102625,-0.186625,0.034000,0.538951,-0.192358,0.092244,-3.141587,-0.000008,-0.000077
23.620540,-2.166240,-0.446243,-14.533749,-0.102625,-0.186625,0.034000,0.538974,-0.192277,0.092245,-3.141587,-0.000008,-0.000090
23.624540,-2.166243,-0.446249,-14.533749,-0.102625,-0.186625,0.034000,0.538999,-0.192194,0.092244,-3.141586,-0.000002,-0.000091
23.628543,-2.166241,-0.446244,-14.533749,-0.102625,-0.186625,0.034000,0.539025,-0.192112,0.092246,-3.141586,-0.000007,-0.000086
23.632539,-2.166243,-0.446249,-14.533749,-0.102625,-0.186625,0.034000,0.539048,-0.192031,0.092245,-3.141586,-0.000002,-0.000079
23.636539,-2.166241,-0.446244,-14.533749,-0.102625,-0.186625,0.034000,0.539074,-0.191948,0.092247,-3.141586,-0.000007,-0.000067
23.640546,-2.166243,-0.446251,-14.533749,-0.102625,-0.186625,0.034000,0.539099,-0.191865,0.092246,-3.141586,-0.000000,-0.000055
23.644540,-2.166241,-0.446245,-14.533749,-0.102625,-0.186625,0.034000,0.539125,-0.191782,0.092248,-3.141586,-0.000005,-0.000043
23.648537,-2.166241,-0.446245,-14.533749,-0.102625,-0.186625,0.034000,0.539152,-0.191697,0.092248,-3.141586,-0.000006,-0.000027
23.652538,-2.166242,-0.446247,-14.533749,-0.102625,-0.186625,0.034000,0.539177,-0.191614,0.092250,-3.141586,-0.000004,-0.000022
23.656540,-2.186244,-0.456252,-14.463750,-0.102625,-0.186625,0.034000,0.539201,-0.191531,0.092248,-3.141586,0.000001,-0.000017
23.660539,-2.236242,-0.466247,-14.403750,-0.102625,-0.185625,0.034000,0.539227,-0.191448,0.092250,-3.141586,-0.000004,-0.000025
23.664542,-2.236244,-0.466253,-14.403750,-0.102625,-0.185625,0.034000,0.539252,-0.191365,0.092249,-3.141586,0.000002,-0.000026
23.668541,-2.236242,-0.466248,-14.403750,-0.102625,-0.185625,0.034000,0.539278,-0.191282,0.092251,-3.141586,-0.000003,-0.000035
23.672540,-2.236242,-0.466248,-14.403750,-0.102625,-0.185625,0.034000,0.539304,-0.191199,0.092251,-3.141586,-0.000003,-0.000043
23.676540,-2.236240,-0.466243,-14.403750,-0.102625,-0.185625,0.034000,0.539331,-0.191114,0.092253,-3.141587,-0.000008,-0.000047
23.680539,-2.236240,-0.466242,-14.403750,-0.102625,-0.185625,0.034000,0.539355,-0.191033,0.092253,-3.141587,-0.000008,-0.000060
23.684540,-2.236242,-0.466247,-14.403750,-0.102625,-0.185625,0.034000,0.539380,-0.190948,0.092251,-3.141586,-0.000004,-0.000070
23.688538,-2.236243,-0.466249,-14.403750,-0.102625,-0.185625,0.034000,0.539405,-0.190865,0.092253,-3.141586,-0.000002,-0.000086
23.692540,-2.236242,-0.466249,-14.403750,-0.102625,-0.185625,0.034000,0.539431,-0.190782,0.092253,-3.141586,-0.000002,-0.000094
23.696541,-2.206242,-0.466248,-14.373750,-0.104625,-0.180625,0.033000,0.539456,-0.190699,0.092252,-3.141586,-0.000003,-0.000102
23.700540,-2.206243,-0.466250,-14.373750,-0.104625,-0.180625,0.033000,0.539482,-0.190616,0.092254,-3.141586,-0.000001,-0.000111
23.704540,-2.206243,-0.466250,-14.373750,-0.104625,-0.180625,0.033000,0.539508,-0.190531,0.092254,-3.141586,-0.000001,-0.000101
23.708541,-2.206241,-0.466244,-14.373749,-0.104625,-0.180625,0.033000,0.539534,-0.190448,0.092256,-3.141586,-0.000006,-0.000103
23.712540,-2.206243,-0.466251,-14.373750,-0.104625,-0.180625,0.033000,0.539559,-0.190365,0.092255,-3.141586,0.000000,-0.000097
23.716541,-2.206243,-0.466251,-14.373750,-0.104625,-0.180625,0.033000,0.539585,-0.190282,0.092255,-3.141586,-0.000000,-0.000086
23.720540,-2.206243,-0.466251,-14.373750,-0.104625,-0.180625,0.033000,0.539608,-0.190199,0.092256,-3.141586,0.000000,-0.000074
23.724540,-2.206243,-0.466251,-14.373750,-0.104625,-0.180625,0.033000,0.539634,-0.190116,0.092255,-3.141586,-0.000000,-0.000069
23.728540,-2.206246,-0.466257,-14.373750,-0.104625,-0.180625,0.033000,0.539659,-0.190033,0.092254,-3.141585,0.000006,-0.000057
23.732540,-2.206244,-0.466252,-14.373750,-0.104625,-0.180625,0.033000,0.539685,-0.189947,0.092257,-3.141586,0.000001,-0.000040
23.736539,-2.176244,-0.516252,-14.383750,-0.102625,-0.179625,0.033000,0.539712,-0.189862,0.092256,-3.141586,0.000001,-0.000038
23.740547,-2.156243,-0.536251,-14.403750,-0.102625,-0.179625,0.033000,0.539738,-0.189776,0.092256,-3.141586,0.000000,-0.000035
23.744543,-2.156241,-0.536246,-14.403750,-0.102625,-0.179625,0.033000,0.539765,-0.189689,0.092259,-3.141586,-0.000005,-0.000074
23.748539,-2.156244,-0.536253,-14.403750,-0.102625,-0.179625,0.033000,0.539791,-0.189603,0.092258,-3.141586,0.000001,-0.000085
23.752539,-2.156244,-0.536253,-14.403750,-0.102625,-0.179625,0.033000,0.539824,-0.189493,0.092258,-3.141586,0.000002,-0.000044
23.756538,-2.156244,-0.536253,-14.403750,-0.102625,-0.179625,0.033000,0.539850,-0.189408,0.092258,-3.141586,0.000001,-0.000061
23.760537,-2.156244,-0.536252,-14.403750,-0.102625,-0.179625,0.033000,0.539877,-0.189320,0.092258,-3.141586,0.000001,-0.000067
23.764539,-2.156245,-0.536254,-14.403750,-0.102625,-0.179625,0.033000,0.539904,-0.189232,0.092259,-3.141586,0.000003,-0.000080
23.768514,-2.156244,-0.536254,-14.403750,-0.102625,-0.179625,0.033000,0.539931,-0.189146,0.092259,-3.141586,0.000002,-0.000084
23.772503,-2.156244,-0.536254,-14.403750,-0.102625,-0.179625,0.033000,0.539931,-0.189146,0.092259,-3.141586,0.000002,-0.000084
23.776541,-2.086245,-0.506255,-14.443750,-0.102625,-0.178625,0.031000,0.539983,-0.188973,0.092261,-3.141586,0.000004,-0.000087
23.780542,-2.086245,-0.506254,-14.443750,-0.102625,-0.178625,0.031000,0.540011,-0.188885,0.092260,-3.141586,0.000003,-0.000079
23.784540,-2.086245,-0.506254,-14.443750,-0.102625,-0.178625,0.031000,0.540037,-0.188800,0.092260,-3.141586,0.000003,-0.000077
23.788539,-2.086245,-0.506256,-14.443751,-0.102625,-0.178625,0.031000,0.540063,-0.188712,0.092262,-3.141586,0.000005,-0.000062
23.792539,-2.086245,-0.506255,-14.443751,-0.102625,-0.178625,0.031000,0.540090,-0.188626,0.092262,-3.141586,0.000004,-0.000060
23.796540,-2.086245,-0.506255,-14.443750,-0.102625,-0.178625,0.031000,0.540117,-0.188538,0.092261,-3.141586,0.000004,-0.000052
23.800540,-2.086243,-0.506250,-14.443750,-0.102625,-0.178625,0.031000,0.540143,-0.188453,0.092264,-3.141586,-0.000001,-0.000043
23.804540,-2.086246,-0.506256,-14.443751,-0.102625,-0.178625,0.031000,0.540169,-0.188368,0.092263,-3.141586,0.000005,-0.000040
23.808540,-2.086243,-0.506249,-14.443750,-0.102625,-0.178625,0.031000,0.540196,-0.188280,0.092263,-3.141586,-0.000002,-0.000032
23.812543,-2.086243,-0.506251,-14.443750,-0.102625,-0.178625,0.031000,0.540222,-0.188194,0.092265,-3.141586,-0.000000,-0.000029
23.816540,-2.156243,-0.506250,-14.463750,-0.101625,-0.185625,0.031000,0.540249,-0.188106,0.092264,-3.141586,-0.000001,-0.000022
23.820543,-2.156241,-0.506244,-14.463749,-0.101625,-0.185625,0.031000,0.540277,-0.188021,0.092266,-3.141586,-0.000007,-0.000026
23.824539,-2.156243,-0.506251,-14.463750,-0.101625,-0.185625,0.031000,0.540303,-0.187935,0.092265,-3.141586,-0.000000,-0.000030
23.828546,-2.156241,-0.506245,-14.463750,-0.101625,-0.185625,0.031000,0.540330,-0.187847,0.092267,-3.141586,-0.000005,-0.000029
23.832544,-2.156244,-0.506252,-14.463750,-0.101625,-0.185625,0.031000,0.540355,-0.187762,0.092266,-3.141586,0.000001,-0.000040
23.836543,-2.156244,-0.506252,-14.463750,-0.101625,-0.185625,0.031000,0.540381,-0.187676,0.092266,-3.141586,0.000001,-0.000043
23.840546,-2.156246,-0.506258,-14.463750,-0.101625,-0.185625,0.031000,0.540407,-0.187588,0.092265,-3.141585,0.000007,-0.000049
23.844541,-2.156242,-0.506247,-14.463750,-0.101625,-0.185625,0.031000,0.540436,-0.187503,0.092269,-3.141586,-0.000003,-0.000060
23.848544,-2.156242,-0.506247,-14.463750,-0.101625,-0.185625,0.031000,0.540463,-0.187415,0.092269,-3.141586,-0.000004,-0.000053
23.852538,-2.156244,-0.506253,-14.463750,-0.101625,-0.185625,0.031000,0.540489,-0.187327,0.092268,-3.141586,0.000002,-0.000045
23.856539,-2.156244,-0.486253,-14.473750,-0.101625,-0.185625,0.031000,0.540515,-0.187242,0.092268,-3.141586,0.000002,-0.000049
23.860546,-2.156242,-0.486247,-14.473750,-0.101625,-0.185625,0.031000,0.540544,-0.187154,0.092269,-3.141586,-0.000004,-0.000042
23.864541,-2.156242,-0.486246,-14.473750,-0.101625,-0.185625,0.031000,0.540570,-0.187068,0.092269,-3.141586,-0.000004,-0.000039
23.868542,-2.156242,-0.486248,-14.473750,-0.101625,-0.185625,0.031000,0.540604,-0.186958,0.092271,-3.141586,-0.000002,-0.000031
23.872540,-2.156242,-0.486248,-14.473750,-0.101625,-0.185625,0.031000,0.540604,-0.186958,0.092271,-3.141586,-0.000002,-0.000031
23.876542,-2.156240,-0.486242,-14.473750,-0.101625,-0.185625,0.031000,0.540625,-0.186895,0.092272,-3.141586,-0.000008,-0.000076
23.880540,-2.156242,-0.486247,-14.473750,-0.101625,-0.185625,0.031000,0.540656,-0.186787,0.092270,-3.141586,-0.000003,-0.000039
23.884540,-2.156245,-0.486254,-14.473750,-0.101625,-0.185625,0.031000,0.540682,-0.186699,0.092270,-3.141586,0.000003,-0.000038
23.888555,-2.156245,-0.486254,-14.473750,-0.101625,-0.185625,0.031000,0.540736,-0.186526,0.092270,-3.141586,0.000003,-0.000035
23.892545,-2.156242,-0.486248,-14.473750,-0.101625,-0.185625,0.031000,0.540764,-0.186440,0.092272,-3.141586,-0.000002,-0.000038
23.896541,-2.186242,-0.506248,-14.453749,-0.100625,-0.183625,0.031000,0.540791,-0.186352,0.092271,-3.141586,-0.000003,-0.000038
23.900541,-2.186245,-0.506254,-14.453750,-0.100625,-0.183625,0.031000,0.540817,-0.186264,0.092270,-3.141586,0.000003,-0.000030
23.904552,-2.186240,-0.506244,-14.453749,-0.100625,-0.183625,0.031000,0.540845,-0.186179,0.092274,-3.141586,-0.000007,-0.000034
23.908538,-2.186243,-0.506250,-14.453750,-0.100625,-0.183625,0.031000,0.540871,-0.186091,0.092274,-3.141586,-0.000001,-0.000040
23.912540,-2.186243,-0.506250,-14.453750,-0.100625,-0.183625,0.031000,0.540897,-0.186005,0.092273,-3.141586,-0.000001,-0.000044
23.916540,-2.186243,-0.506250,-14.453750,-0.100625,-0.183625,0.031000,0.540897,-0.186005,0.092273,-3.141586,-0.000001,-0.000044
23.920537,-2.186243,-0.506250,-14.453750,-0.100625,-0.183625,0.031000,0.540952,-0.185829,0.092274,-3.141586,-0.000001,-0.000050
23.924543,-2.186243,-0.506250,-14.453750,-0.100625,-0.183625,0.031000,0.540952,-0.185829,0.092274,-3.141586,-0.000001,-0.000050
23.928540,-2.186240,-0.506244,-14.453749,-0.100625,-0.183625,0.031000,0.541005,-0.185658,0.092275,-3.141586,-0.000007,-0.000050
23.932539,-2.186240,-0.506244,-14.453749,-0.100625,-0.183625,0.031000,0.541005,-0.185658,0.092275,-3.141586,-0.000007,-0.000050
23.936540,-2.186243,-0.506250,-14.453750,-0.100625,-0.183625,0.031000,0.541030,-0.185573,0.092274,-3.141586,-0.000001,-0.000048
23.940545,-2.266243,-0.466250,-14.443750,-0.103625,-0.185625,0.033000,0.541055,-0.185490,0.092274,-3.141586,-0.000001,-0.000056
23.944540,-2.266240,-0.466244,-14.443750,-0.103625,-0.185625,0.033000,0.541082,-0.185407,0.092275,-3.141586,-0.000007,-0.000058
23.948540,-2.266241,-0.466245,-14.443750,-0.103625,-0.185625,0.033000,0.541108,-0.185326,0.092276,-3.141586,-0.000006,-0.000057
23.952547,-2.266241,-0.466245,-14.443750,-0.103625,-0.185625,0.033000,0.541158,-0.185162,0.092277,-3.141586,-0.000006,-0.000071
23.956540,-2.266241,-0.466245,-14.443750,-0.103625,-0.185625,0.033000,0.541158,-0.185162,0.092277,-3.141586,-0.000006,-0.000071
23.960541,-2.266243,-0.466251,-14.443750,-0.103625,-0.185625,0.033000,0.541184,-0.185079,0.092275,-3.141586,-0.000000,-0.000073
23.964537,-2.266243,-0.466250,-14.443750,-0.103625,-0.185625,0.033000,0.541209,-0.184996,0.092275,-3.141586,-0.000001,-0.000075
23.968540,-2.266243,-0.466251,-14.443750,-0.103625,-0.185625,0.033000,0.541259,-0.184832,0.092276,-3.141586,-0.000000,-0.000082
23.972533,-2.266243,-0.466251,-14.443750,-0.103625,-0.185625,0.033000,0.541259,-0.184832,0.092276,-3.141586,-0.000000,-0.000082
23.976553,-2.196243,-0.466251,-14.473750,-0.104625,-0.182625,0.031000,0.541310,-0.184666,0.092276,-3.141586,0.000000,-0.000086
23.980545,-2.196243,-0.466251,-14.473750,-0.104625,-0.182625,0.031000,0.541310,-0.184666,0.092276,-3.141586,0.000000,-0.000086
23.984553,-2.196241,-0.466245,-14.473750,-0.104625,-0.182625,0.031000,0.541337,-0.184583,0.092278,-3.141586,-0.000006,-0.000087
23.988544,-2.196244,-0.466252,-14.473750,-0.104625,-0.182625,0.031000,0.541361,-0.184499,0.092277,-3.141586,0.000001,-0.000089
23.992546,-2.196241,-0.466246,-14.473750,-0.104625,-0.182625,0.031000,0.541388,-0.184419,0.092278,-3.141586,-0.000005,-0.000088
23.996546,-2.196246,-0.466257,-14.473750,-0.104625,-0.182625,0.031000,0.541411,-0.184336,0.092275,-3.141586,0.000006,-0.000083
24.000539,-2.196243,-0.466251,-14.473750,-0.104625,-0.182625,0.031000,0.541438,-0.184253,0.092276,-3.141586,-0.000000,-0.000078
24.004539,-2.196241,-0.466245,-14.473750,-0.104625,-0.182625,0.031000,0.541465,-0.184169,0.092278,-3.141586,-0.000006,-0.000073
24.008507,-2.196243,-0.466251,-14.473750,-0.104625,-0.182625,0.031000,0.541488,-0.184089,0.092277,-3.141586,0.000000,-0.000113
24.012540,-2.196241,-0.466245,-14.473750,-0.104625,-0.182625,0.031000,0.541522,-0.183986,0.092278,-3.141586,-0.000005,-0.000071
24.016540,-2.196244,-0.466252,-14.473750,-0.104625,-0.182625,0.031000,0.541546,-0.183903,0.092277,-3.141586,0.000001,-0.000073
24.020540,-2.126241,-0.536246,-14.583749,-0.100625,-0.183625,0.033000,0.541573,-0.183820,0.092279,-3.141586,-0.000005,-0.000075
24.024509,-2.126246,-0.536257,-14.583750,-0.100625,-0.183625,0.033000,0.541596,-0.183736,0.092276,-3.141586,0.000006,-0.000083
24.028543,-2.126243,-0.536251,-14.583750,-0.100625,-0.183625,0.033000,0.541623,-0.183653,0.092277,-3.141586,-0.000000,-0.000091
24.032502,-2.126244,-0.536252,-14.583750,-0.100625,-0.183625,0.033000,0.541649,-0.183570,0.092278,-3.141586,0.000001,-0.000100
24.036539,-2.126244,-0.536251,-14.583750,-0.100625,-0.183625,0.033000,0.541673,-0.183489,0.092278,-3.141586,0.000000,-0.000106
24.040505,-2.126244,-0.536252,-14.583750,-0.100625,-0.183625,0.033000,0.541699,-0.183406,0.092278,-3.141586,0.000001,-0.000107
24.044539,-2.126241,-0.536246,-14.583749,-0.100625,-0.183625,0.033000,0.541726,-0.183323,0.092280,-3.141586,-0.000005,-0.000109
24.048539,-2.126243,-0.536250,-14.583750,-0.100625,-0.183625,0.033000,0.541749,-0.183242,0.092277,-3.141586,-0.000001,-0.000115
24.052540,-2.126244,-0.536251,-14.583750,-0.100625,-0.183625,0.033000,0.541775,-0.183159,0.092278,-3.141586,0.000000,-0.000110
24.056540,-2.136241,-0.496245,-14.593750,-0.100625,-0.186625,0.033000,0.541802,-0.183076,0.092279,-3.141586,-0.000005,-0.000112
24.060540,-2.136241,-0.496245,-14.593750,-0.100625,-0.186625,0.033000,0.541826,-0.182993,0.092279,-3.141586,-0.000006,-0.000100
24.064543,-2.136241,-0.496246,-14.593750,-0.100625,-0.186625,0.033000,0.541853,-0.182910,0.092280,-3.141586,-0.000005,-0.000095
24.068544,-2.136241,-0.496245,-14.593750,-0.100625,-0.186625,0.033000,0.541876,-0.182829,0.092280,-3.141586,-0.000005,-0.000081
24.072534,-2.136243,-0.496251,-14.593750,-0.100625,-0.186625,0.033000,0.541902,-0.182746,0.092278,-3.141586,-0.000000,-0.000069
24.076542,-2.136241,-0.496245,-14.593750,-0.100625,-0.186625,0.033000,0.541929,-0.182662,0.092279,-3.141586,-0.000006,-0.000057
24.080540,-2.136244,-0.496251,-14.593750,-0.100625,-0.186625,0.033000,0.541952,-0.182579,0.092279,-3.141586,0.000000,-0.000038
24.084540,-2.136241,-0.496245,-14.593750,-0.100625,-0.186625,0.033000,0.541978,-0.182498,0.092280,-3.141586,-0.000005,-0.000038
24.088544,-2.136241,-0.496246,-14.593750,-0.100625,-0.186625,0.033000,0.542004,-0.182415,0.092281,-3.141586,-0.000005,-0.000026
24.092548,-2.136246,-0.496257,-14.593750,-0.100625,-0.186625,0.033000,0.542027,-0.182334,0.092278,-3.141586,0.000006,-0.000032
24.096540,-2.136244,-0.496251,-14.593750,-0.100625,-0.186625,0.033000,0.542053,-0.182251,0.092279,-3.141586,0.000000,-0.000034
24.100539,-2.306244,-0.456252,-14.653750,-0.104625,-0.190625,0.034000,0.542078,-0.182170,0.092280,-3.141586,0.000001,-0.000040
24.104540,-2.306241,-0.456246,-14.653750,-0.104625,-0.190625,0.034000,0.542105,-0.182087,0.092281,-3.141586,-0.000005,-0.000048
24.108539,-2.306241,-0.456246,-14.653750,-0.104625,-0.190625,0.034000,0.542129,-0.182004,0.092281,-3.141586,-0.000005,-0.000056
24.112539,-2.306243,-0.456251,-14.653750,-0.104625,-0.190625,0.034000,0.542154,-0.181923,0.092279,-3.141586,0.000000,-0.000063
24.116539,-2.306241,-0.456245,-14.653750,-0.104625,-0.190625,0.034000,0.542181,-0.181840,0.092281,-3.141586,-0.000005,-0.000071
24.120540,-2.306241,-0.456246,-14.653750,-0.104625,-0.190625,0.034000,0.542207,-0.181757,0.092282,-3.141586,-0.000005,-0.000073
24.124541,-2.306241,-0.456246,-14.653750,-0.104625,-0.190625,0.034000,0.542230,-0.181676,0.092281,-3.141586,-0.000005,-0.000119
24.128540,-2.306243,-0.456251,-14.653750,-0.104625,-0.190625,0.034000,0.542256,-0.181593,0.092280,-3.141586,0.000000,-0.000127
24.132546,-2.306243,-0.456251,-14.653750,-0.104625,-0.190625,0.034000,0.542280,-0.181509,0.092279,-3.141586,0.000000,-0.000122
24.136548,-2.306244,-0.456252,-14.653750,-0.104625,-0.190625,0.034000,0.542312,-0.181407,0.092280,-3.141586,0.000001,-0.000088
24.140504,-2.286241,-0.486246,-14.763750,-0.104625,-0.186625,0.035000,0.542339,-0.181321,0.092282,-3.141586,-0.000005,-0.000071
24.144540,-2.286241,-0.486247,-14.763750,-0.104625,-0.186625,0.035000,0.542364,-0.181240,0.092283,-3.141586,-0.000004,-0.000064
24.148540,-2.286243,-0.486251,-14.763750,-0.104625,-0.186625,0.035000,0.542388,-0.181157,0.092280,-3.141586,0.000000,-0.000046
24.152540,-2.286244,-0.486252,-14.763750,-0.104625,-0.186625,0.035000,0.542414,-0.181074,0.092281,-3.141586,0.000001,-0.000027
24.156539,-2.286241,-0.486246,-14.763750,-0.104625,-0.186625,0.035000,0.542440,-0.180993,0.092282,-3.141586,-0.000005,-0.000013
24.160540,-2.286243,-0.486251,-14.763750,-0.104625,-0.186625,0.035000,0.542465,-0.180910,0.092280,-3.141586,0.000000,-0.000001
24.164539,-2.286244,-0.486252,-14.763750,-0.104625,-0.186625,0.035000,0.542490,-0.180829,0.092281,-3.141586,0.000001,0.000006
24.168540,-2.286241,-0.486246,-14.763750,-0.104625,-0.186625,0.035000,0.542517,-0.180746,0.092283,-3.141586,-0.000004,0.000018
24.172504,-2.286241,-0.486245,-14.763750,-0.104625,-0.186625,0.035000,0.542543,-0.180662,0.092282,-3.141586,-0.000006,0.000017
24.176533,-2.246241,-0.556246,-14.863749,-0.103625,-0.183625,0.036000,0.542567,-0.180582,0.092282,-3.141586,-0.000005,0.000010
24.180537,-2.246241,-0.556245,-14.863749,-0.103625,-0.183625,0.036000,0.542592,-0.180498,0.092282,-3.141586,-0.000005,0.000009
24.184572,-2.246243,-0.556251,-14.863749,-0.103625,-0.183625,0.036000,0.542617,-0.180415,0.092281,-3.141586,0.000000,0.000001
24.188567,-2.246244,-0.556252,-14.863749,-0.103625,-0.183625,0.036000,0.542642,-0.180334,0.092281,-3.141586,0.000001,-0.000012
24.192580,-2.246241,-0.556246,-14.863749,-0.103625,-0.183625,0.036000,0.542668,-0.180251,0.092283,-3.141586,-0.000005,-0.000027
24.196560,-2.246242,-0.556247,-14.863749,-0.103625,-0.183625,0.036000,0.542694,-0.180168,0.092284,-3.141586,-0.000004,-0.000036
24.200555,-2.246241,-0.556245,-14.863749,-0.103625,-0.183625,0.036000,0.542720,-0.180084,0.092283,-3.141586,-0.000005,-0.000044
24.204549,-2.246244,-0.556252,-14.863749,-0.103625,-0.183625,0.036000,0.542742,-0.180003,0.092282,-3.141586,0.000001,-0.000064
24.208546,-2.246244,-0.556253,-14.863750,-0.103625,-0.183625,0.036000,0.542769,-0.179918,0.092283,-3.141586,0.000002,-0.000074
24.212547,-2.246243,-0.556252,-14.863749,-0.103625,-0.183625,0.036000,0.542794,-0.179837,0.092281,-3.141586,0.000001,-0.000080
24.216544,-2.266244,-0.476252,-14.893750,-0.107625,-0.185625,0.036000,0.542826,-0.179734,0.092282,-3.141586,0.000001,-0.000073
24.220540,-2.266241,-0.476246,-14.893750,-0.107625,-0.185625,0.036000,0.542846,-0.179670,0.092284,-3.141586,-0.000004,-0.000063
24.224541,-2.266244,-0.476252,-14.893750,-0.107625,-0.185625,0.036000,0.542877,-0.179567,0.092282,-3.141586,0.000001,-0.000049
24.228533,-2.266241,-0.476246,-14.893750,-0.107625,-0.185625,0.036000,0.542897,-0.179504,0.092284,-3.141586,-0.000005,-0.000033
24.232534,-2.266242,-0.476247,-14.893750,-0.107625,-0.185625,0.036000,0.542923,-0.179420,0.092284,-3.141586,-0.000004,-0.000008
24.236534,-2.266244,-0.476252,-14.893750,-0.107625,-0.185625,0.036000,0.542948,-0.179337,0.092283,-3.141586,0.000001,0.000004
24.240540,-2.266241,-0.476246,-14.893750,-0.107625,-0.185625,0.036000,0.542975,-0.179251,0.092284,-3.141586,-0.000004,-0.000020
24.244540,-2.266242,-0.476247,-14.893750,-0.107625,-0.185625,0.036000,0.543002,-0.179163,0.092285,-3.141586,-0.000004,-0.000012
24.248539,-2.266241,-0.476246,-14.893750,-0.107625,-0.185625,0.036000,0.543036,-0.179055,0.092284,-3.141586,-0.000005,0.000024
24.252541,-2.266242,-0.476247,-14.893750,-0.107625,-0.185625,0.036000,0.543062,-0.178969,0.092285,-3.141586,-0.000004,0.000020
24.256540,-2.266242,-0.476248,-14.893750,-0.107625,-0.185625,0.036000,0.543088,-0.178884,0.092285,-3.141586,-0.000003,0.000010
24.260541,-2.216241,-0.486246,-14.983750,-0.106625,-0.187625,0.036000,0.543115,-0.178798,0.092284,-3.141586,-0.000004,-0.000001
24.264549,-2.216242,-0.486247,-14.983750,-0.106625,-0.187625,0.036000,0.543142,-0.178710,0.092285,-3.141586,-0.000003,-0.000014
24.268540,-2.216239,-0.486241,-14.983750,-0.106625,-0.187625,0.036000,0.543169,-0.178624,0.092287,-3.141586,-0.000009,-0.000031
24.272540,-2.216242,-0.486247,-14.983750,-0.106625,-0.187625,0.036000,0.543195,-0.178538,0.092285,-3.141586,-0.000004,-0.000048
24.276547,-2.216242,-0.486248,-14.983750,-0.106625,-0.187625,0.036000,0.543221,-0.178452,0.092286,-3.141586,-0.000003,-0.000065
24.280536,-2.216239,-0.486242,-14.983750,-0.106625,-0.187625,0.036000,0.543249,-0.178364,0.092287,-3.141586,-0.000009,-0.000078
24.284511,-2.216242,-0.486247,-14.983750,-0.106625,-0.187625,0.036000,0.543274,-0.178278,0.092286,-3.141586,-0.000003,-0.000082
24.288548,-2.216242,-0.486248,-14.983750,-0.106625,-0.187625,0.036000,0.543301,-0.178192,0.092286,-3.141586,-0.000003,-0.000086
24.292540,-2.216242,-0.486247,-14.983750,-0.106625,-0.187625,0.036000,0.543327,-0.178107,0.092285,-3.141586,-0.000004,-0.000090
24.296539,-2.196242,-0.556248,-15.113749,-0.102625,-0.190625,0.036000,0.543353,-0.178021,0.092286,-3.141586,-0.000003,-0.000080
24.300546,-2.196242,-0.556249,-15.113749,-0.102625,-0.190625,0.036000,0.543379,-0.177935,0.092287,-3.141586,-0.000002,-0.000071
24.304539,-2.196242,-0.556247,-15.113749,-0.102625,-0.190625,0.036000,0.543406,-0.177847,0.092286,-3.141586,-0.000003,-0.000056
24.308544,-2.196242,-0.556248,-15.113749,-0.102625,-0.190625,0.036000,0.543433,-0.177761,0.092287,-3.141586,-0.000003,-0.000047
24.312540,-2.196245,-0.556254,-15.113750,-0.102625,-0.190625,0.036000,0.543458,-0.177675,0.092285,-3.141586,0.000003,-0.000044
24.316540,-2.196240,-0.556242,-15.113749,-0.102625,-0.190625,0.036000,0.543487,-0.177589,0.092288,-3.141586,-0.000008,-0.000041
24.320545,-2.196240,-0.556243,-15.113749,-0.102625,-0.190625,0.036000,0.543513,-0.177503,0.092289,-3.141586,-0.000007,-0.000038
24.324540,-2.196242,-0.556249,-15.113749,-0.102625,-0.190625,0.036000,0.543539,-0.177418,0.092287,-3.141586,-0.000002,-0.000042
24.328539,-2.196240,-0.556243,-15.113749,-0.102625,-0.190625,0.036000,0.543566,-0.177332,0.092289,-3.141586,-0.000008,-0.000039
24.332539,-2.196242,-0.556248,-15.113749,-0.102625,-0.190625,0.036000,0.543591,-0.177246,0.092287,-3.141586,-0.000003,-0.000050
24.336540,-2.236243,-0.536249,-15.123750,-0.103625,-0.191625,0.037000,0.543617,-0.177160,0.092288,-3.141586,-0.000002,-0.000060
24.340539,-2.316245,-0.476255,-15.153751,-0.105625,-0.192625,0.038000,0.543643,-0.177074,0.092286,-3.141586,0.000004,-0.000071
24.344539,-2.316245,-0.476256,-15.153751,-0.105625,-0.192625,0.038000,0.543670,-0.176986,0.092287,-3.141586,0.000005,-0.000077
24.348539,-2.316240,-0.476244,-15.153750,-0.105625,-0.192625,0.038000,0.543699,-0.176900,0.092290,-3.141586,-0.000007,-0.000094
24.352542,-2.316240,-0.476243,-15.153750,-0.105625,-0.192625,0.038000,0.543725,-0.176814,0.092289,-3.141586,-0.000008,-0.000105
24.356539,-2.316240,-0.476244,-15.153750,-0.105625,-0.192625,0.038000,0.543752,-0.176726,0.092290,-3.141586,-0.000007,-0.000111
24.360540,-2.316242,-0.476249,-15.153750,-0.105625,-0.192625,0.038000,0.543778,-0.176637,0.092288,-3.141586,-0.000002,-0.000117
24.364543,-2.316242,-0.476249,-15.153750,-0.105625,-0.192625,0.038000,0.543778,-0.176637,0.092288,-3.141586,-0.000002,-0.000117
24.368539,-2.316242,-0.476249,-15.153750,-0.105625,-0.192625,0.038000,0.543831,-0.176463,0.092288,-3.141586,-0.000002,-0.000113
24.372540,-2.316243,-0.476250,-15.153750,-0.105625,-0.192625,0.038000,0.543857,-0.176377,0.092289,-3.141586,-0.000001,-0.000144
24.376501,-2.316241,-0.476245,-15.153750,-0.105625,-0.192625,0.038000,0.543886,-0.176289,0.092291,-3.141586,-0.000006,-0.000089
24.380544,-2.426243,-0.456251,-15.243750,-0.109625,-0.194625,0.039000,0.543911,-0.176203,0.092290,-3.141586,-0.000000,-0.000120
24.384538,-2.426243,-0.456251,-15.243750,-0.109625,-0.194625,0.039000,0.543911,-0.176203,0.092290,-3.141586,-0.000000,-0.000120
24.388540,-2.426241,-0.456245,-15.243749,-0.109625,-0.194625,0.039000,0.543938,-0.176117,0.092291,-3.141586,-0.000006,-0.000111
24.392540,-2.426243,-0.456251,-15.243750,-0.109625,-0.194625,0.039000,0.543997,-0.175921,0.092290,-3.141586,0.000000,-0.000053
24.396539,-2.426243,-0.456251,-15.243750,-0.109625,-0.194625,0.039000,0.544025,-0.175835,0.092290,-3.141586,0.000000,-0.000050
24.400539,-2.426244,-0.456252,-15.243750,-0.109625,-0.194625,0.039000,0.544050,-0.175749,0.092291,-3.141586,0.000001,-0.000041
24.404540,-2.426243,-0.456251,-15.243750,-0.109625,-0.194625,0.039000,0.544077,-0.175661,0.092290,-3.141586,-0.000000,-0.000040
24.408540,-2.426241,-0.456246,-15.243749,-0.109625,-0.194625,0.039000,0.544105,-0.175575,0.092293,-3.141586,-0.000005,-0.000044
24.412508,-2.426244,-0.456252,-15.243750,-0.109625,-0.194625,0.039000,0.544131,-0.175489,0.092291,-3.141586,0.000001,-0.000054
24.416521,-2.436241,-0.486246,-15.273750,-0.110625,-0.193625,0.039000,0.544158,-0.175401,0.092292,-3.141586,-0.000005,-0.000060
24.420520,-2.396243,-0.546251,-15.393750,-0.109625,-0.190625,0.039000,0.544183,-0.175315,0.092291,-3.141586,0.000000,-0.000078
24.424573,-2.396243,-0.546251,-15.393750,-0.109625,-0.190625,0.039000,0.544183,-0.175315,0.092291,-3.141586,0.000000,-0.000078
24.428504,-2.396244,-0.546252,-15.393750,-0.109625,-0.190625,0.039000,0.544237,-0.175140,0.092291,-3.141586,0.000001,-0.000094
24.432576,-2.396241,-0.546246,-15.393750,-0.109625,-0.190625,0.039000,0.544264,-0.175055,0.092293,-3.141586,-0.000005,-0.000098
24.436560,-2.396244,-0.546252,-15.393750,-0.109625,-0.190625,0.039000,0.544289,-0.174969,0.092291,-3.141586,0.000001,-0.000102
24.440554,-2.396242,-0.546247,-15.393750,-0.109625,-0.190625,0.039000,0.544317,-0.174883,0.092294,-3.141586,-0.000004,-0.000092
24.444513,-2.396242,-0.546247,-15.393750,-0.109625,-0.190625,0.039000,0.544317,-0.174883,0.092294,-3.141586,-0.000004,-0.000092
24.448549,-2.396242,-0.546248,-15.393750,-0.109625,-0.190625,0.039000,0.544371,-0.174708,0.092295,-3.141586,-0.000003,-0.000075
24.452509,-2.396242,-0.546248,-15.393750,-0.109625,-0.190625,0.039000,0.544371,-0.174708,0.092295,-3.141586,-0.000003,-0.000075
24.456506,-2.396244,-0.546254,-15.393750,-0.109625,-0.190625,0.039000,0.544396,-0.174622,0.092293,-3.141586,0.000002,-0.000066
24.460542,-2.336245,-0.576254,-15.533750,-0.108625,-0.191625,0.039000,0.544450,-0.174448,0.092294,-3.141586,0.000003,-0.000049
24.464541,-2.336245,-0.576254,-15.533750,-0.108625,-0.191625,0.039000,0.544450,-0.174448,0.092294,-3.141586,0.000003,-0.000049
24.468534,-2.336245,-0.576255,-15.533750,-0.108625,-0.191625,0.039000,0.544476,-0.174362,0.092294,-3.141586,0.000004,-0.000046
24.472533,-2.336246,-0.576256,-15.533750,-0.108625,-0.191625,0.039000,0.544529,-0.174190,0.092295,-3.141586,0.000005,-0.000033
24.476552,-2.336246,-0.576256,-15.533750,-0.108625,-0.191625,0.039000,0.544529,-0.174190,0.092295,-3.141586,0.000005,-0.000033
24.480540,-2.336243,-0.576250,-15.533749,-0.108625,-0.191625,0.039000,0.544555,-0.174104,0.092297,-3.141586,-0.000001,-0.000030
24.484540,-2.336240,-0.576243,-15.533749,-0.108625,-0.191625,0.039000,0.544583,-0.174018,0.092297,-3.141586,-0.000007,-0.000034
24.488541,-2.336240,-0.576244,-15.533749,-0.108625,-0.191625,0.039000,0.544608,-0.173932,0.092298,-3.141586,-0.000007,-0.000031
24.492540,-2.336240,-0.576244,-15.533749,-0.108625,-0.191625,0.039000,0.544608,-0.173932,0.092298,-3.141586,-0.000007,-0.000031
24.496543,-2.336241,-0.576245,-15.533749,-0.108625,-0.191625,0.039000,0.544662,-0.173758,0.092299,-3.141586,-0.000006,-0.000034
24.500545,-2.246241,-0.516245,-15.613749,-0.110625,-0.192625,0.037000,0.544689,-0.173672,0.092299,-3.141586,-0.000006,-0.000038
24.504539,-2.246241,-0.516246,-15.613749,-0.110625,-0.192625,0.037000,0.544715,-0.173586,0.092300,-3.141586,-0.000005,-0.000049
24.508540,-2.246241,-0.516246,-15.613749,-0.110625,-0.192625,0.037000,0.544742,-0.173500,0.092300,-3.141586,-0.000005,-0.000053
24.512539,-2.246242,-0.516247,-15.613749,-0.110625,-0.192625,0.037000,0.544768,-0.173414,0.092301,-3.141586,-0.000004,-0.000090
24.516540,-2.246244,-0.516253,-15.613750,-0.110625,-0.192625,0.037000,0.544793,-0.173328,0.092299,-3.141586,0.000002,-0.000094
24.520540,-2.246242,-0.516248,-15.613749,-0.110625,-0.192625,0.037000,0.544827,-0.173220,0.092301,-3.141586,-0.000003,-0.000051
24.524540,-2.246244,-0.516254,-15.613750,-0.110625,-0.192625,0.037000,0.544852,-0.173134,0.092300,-3.141586,0.000002,-0.000054
24.528539,-2.246239,-0.516242,-15.613749,-0.110625,-0.192625,0.037000,0.544881,-0.173048,0.092303,-3.141586,-0.000009,-0.000052
24.532540,-2.246239,-0.516242,-15.613749,-0.110625,-0.192625,0.037000,0.544908,-0.172962,0.092303,-3.141586,-0.000009,-0.000042
24.536540,-2.246240,-0.516243,-15.613749,-0.110625,-0.192625,0.037000,0.544933,-0.172876,0.092304,-3.141586,-0.000008,-0.000039
24.540540,-2.376240,-0.486243,-15.593750,-0.111625,-0.197625,0.038000,0.544960,-0.172792,0.092304,-3.141586,-0.000008,-0.000034
24.544543,-2.376240,-0.486244,-15.593750,-0.111625,-0.197625,0.038000,0.544984,-0.172711,0.092304,-3.141586,-0.000007,-0.000033
24.548538,-2.376240,-0.486244,-15.593750,-0.111625,-0.197625,0.038000,0.545010,-0.172628,0.092304,-3.141586,-0.000007,-0.000035
24.552539,-2.376241,-0.486245,-15.593750,-0.111625,-0.197625,0.038000,0.545035,-0.172544,0.092305,-3.141586,-0.000006,-0.000030
24.556539,-2.376241,-0.486245,-15.593750,-0.111625,-0.197625,0.038000,0.545060,-0.172463,0.092305,-3.141586,-0.000006,-0.000029
24.560539,-2.376239,-0.486240,-15.593749,-0.111625,-0.197625,0.038000,0.545088,-0.172377,0.092308,-3.141586,-0.000011,-0.000026
24.564539,-2.376239,-0.486240,-15.593749,-0.111625,-0.197625,0.038000,0.545113,-0.172296,0.092308,-3.141586,-0.000011,-0.000032
24.568539,-2.376239,-0.486241,-15.593749,-0.111625,-0.197625,0.038000,0.545138,-0.172212,0.092309,-3.141586,-0.000010,-0.000041
24.572538,-2.376242,-0.486248,-15.593750,-0.111625,-0.197625,0.038000,0.545163,-0.172129,0.092308,-3.141586,-0.000003,-0.000042
24.576539,-2.366242,-0.456249,-15.583750,-0.112625,-0.195625,0.037000,0.545188,-0.172045,0.092309,-3.141586,-0.000002,-0.000051
24.580539,-2.366239,-0.456242,-15.583749,-0.112625,-0.195625,0.037000,0.545215,-0.171962,0.092309,-3.141586,-0.000009,-0.000052
24.584539,-2.366237,-0.456237,-15.583749,-0.112625,-0.195625,0.037000,0.545241,-0.171881,0.092312,-3.141586,-0.000013,-0.000058
24.588539,-2.366243,-0.456250,-15.583750,-0.112625,-0.195625,0.037000,0.545264,-0.171797,0.092310,-3.141586,-0.000001,-0.000060
24.592540,-2.366241,-0.456245,-15.583749,-0.112625,-0.195625,0.037000,0.545291,-0.171713,0.092312,-3.141586,-0.000006,-0.000062
24.596539,-2.366241,-0.456245,-15.583749,-0.112625,-0.195625,0.037000,0.545317,-0.171630,0.092312,-3.141586,-0.000006,-0.000057
24.600539,-2.366238,-0.456239,-15.583749,-0.112625,-0.195625,0.037000,0.545342,-0.171546,0.092313,-3.141586,-0.000012,-0.000051
24.604505,-2.366241,-0.456246,-15.583749,-0.112625,-0.195625,0.037000,0.545368,-0.171463,0.092313,-3.141586,-0.000005,-0.000053
24.608533,-2.366239,-0.456241,-15.583749,-0.112625,-0.195625,0.037000,0.545394,-0.171379,0.092315,-3.141586,-0.000009,-0.000055
24.612518,-2.366242,-0.456247,-15.583750,-0.112625,-0.195625,0.037000,0.545418,-0.171298,0.092314,-3.141586,-0.000004,-0.000061
24.616539,-2.366236,-0.456235,-15.583749,-0.112625,-0.195625,0.037000,0.545445,-0.171214,0.092317,-3.141587,-0.000015,-0.000062
24.620540,-2.356237,-0.556237,-15.553749,-0.109625,-0.193625,0.038000,0.545473,-0.171131,0.092318,-3.141586,-0.000014,-0.000104
24.624539,-2.356240,-0.556242,-15.553750,-0.109625,-0.193625,0.038000,0.545497,-0.171047,0.092316,-3.141586,-0.000008,-0.000066
24.628539,-2.356240,-0.556243,-15.553750,-0.109625,-0.193625,0.038000,0.545527,-0.170944,0.092317,-3.141586,-0.000008,-0.000072
24.632539,-2.356237,-0.556238,-15.553749,-0.109625,-0.193625,0.038000,0.545549,-0.170880,0.092319,-3.141586,-0.000013,-0.000076
24.636539,-2.356238,-0.556239,-15.553749,-0.109625,-0.193625,0.038000,0.545573,-0.170796,0.092319,-3.141586,-0.000012,-0.000077
24.640537,-2.356238,-0.556239,-15.553749,-0.109625,-0.193625,0.038000,0.545599,-0.170715,0.092319,-3.141586,-0.000012,-0.000077
24.644539,-2.356238,-0.556239,-15.553749,-0.109625,-0.193625,0.038000,0.545622,-0.170634,0.092320,-3.141586,-0.000011,-0.000123
24.648539,-2.356238,-0.556239,-15.553749,-0.109625,-0.193625,0.038000,0.545654,-0.170533,0.092320,-3.141586,-0.000011,-0.000086
24.652540,-2.356234,-0.556229,-15.553749,-0.109625,-0.193625,0.038000,0.545683,-0.170449,0.092324,-3.141587,-0.000021,-0.000081
24.656539,-2.356234,-0.556229,-15.553749,-0.109625,-0.193625,0.038000,0.545708,-0.170368,0.092324,-3.141587,-0.000021,-0.000081
24.660539,-2.376234,-0.536230,-15.443749,-0.112625,-0.191625,0.038000,0.545731,-0.170287,0.092325,-3.141587,-0.000020,-0.000080
24.664539,-2.376234,-0.536230,-15.443749,-0.112625,-0.191625,0.038000,0.545757,-0.170206,0.092325,-3.141587,-0.000020,-0.000079
24.668539,-2.376237,-0.536236,-15.443750,-0.112625,-0.191625,0.038000,0.545780,-0.170124,0.092324,-3.141586,-0.000015,-0.000079
24.672539,-2.376232,-0.536226,-15.443749,-0.112625,-0.191625,0.038000,0.545808,-0.170041,0.092328,-3.141587,-0.000025,-0.000074
24.676541,-2.376232,-0.536226,-15.443749,-0.112625,-0.191625,0.038000,0.545834,-0.169960,0.092328,-3.141587,-0.000025,-0.000073
24.680539,-2.376236,-0.536233,-15.443749,-0.112625,-0.191625,0.038000,0.545856,-0.169878,0.092328,-3.141587,-0.000017,-0.000073
24.684538,-2.376236,-0.536233,-15.443749,-0.112625,-0.191625,0.038000,0.545881,-0.169797,0.092328,-3.141587,-0.000017,-0.000072
24.688541,-2.376233,-0.536229,-15.443749,-0.112625,-0.191625,0.038000,0.545908,-0.169714,0.092330,-3.141587,-0.000022,-0.000067
24.692539,-2.376236,-0.536234,-15.443750,-0.112625,-0.191625,0.038000,0.545931,-0.169632,0.092329,-3.141587,-0.000016,-0.000080
24.696539,-2.376236,-0.536234,-15.443750,-0.112625,-0.191625,0.038000,0.545956,-0.169551,0.092329,-3.141587,-0.000016,-0.000086
24.700540,-2.296231,-0.566224,-15.333748,-0.109625,-0.189625,0.037000,0.545985,-0.169467,0.092333,-3.141587,-0.000026,-0.000094
24.704539,-2.296234,-0.566231,-15.333749,-0.109625,-0.189625,0.037000,0.546009,-0.169386,0.092332,-3.141587,-0.000019,-0.000100
24.708502,-2.296235,-0.566232,-15.333749,-0.109625,-0.189625,0.037000,0.546032,-0.169305,0.092333,-3.141587,-0.000018,-0.000106
24.712494,-2.296235,-0.566232,-15.333749,-0.109625,-0.189625,0.037000,0.546058,-0.169221,0.092333,-3.141587,-0.000018,-0.000101
24.716510,-2.296235,-0.566232,-15.333749,-0.109625,-0.189625,0.037000,0.546083,-0.169140,0.092333,-3.141587,-0.000018,-0.000101
24.720572,-2.296235,-0.566233,-15.333749,-0.109625,-0.189625,0.037000,0.546107,-0.169059,0.092334,-3.141587,-0.000018,-0.000100
24.724567,-2.296235,-0.566233,-15.333749,-0.109625,-0.189625,0.037000,0.546132,-0.168977,0.092334,-3.141587,-0.000018,-0.000099
24.728561,-2.296233,-0.566228,-15.333749,-0.109625,-0.189625,0.037000,0.546158,-0.168894,0.092336,-3.141587,-0.000022,-0.000101
24.732573,-2.296231,-0.566223,-15.333748,-0.109625,-0.189625,0.037000,0.546186,-0.168810,0.092338,-3.141587,-0.000027,-0.000096
24.736555,-2.256234,-0.616230,-15.233749,-0.105625,-0.190625,0.036000,0.546211,-0.168726,0.092337,-3.141587,-0.000021,-0.000084
24.740520,-2.256234,-0.616230,-15.233749,-0.105625,-0.190625,0.036000,0.546236,-0.168640,0.092338,-3.141587,-0.000020,-0.000068
24.744546,-2.256234,-0.616231,-15.233749,-0.105625,-0.190625,0.036000,0.546262,-0.168556,0.092338,-3.141587,-0.000020,-0.000063
24.748544,-2.256232,-0.616225,-15.233749,-0.105625,-0.190625,0.036000,0.546291,-0.168470,0.092340,-3.141587,-0.000025,-0.000060
24.752543,-2.256232,-0.616226,-15.233749,-0.105625,-0.190625,0.036000,0.546315,-0.168384,0.092341,-3.141587,-0.000024,-0.000050
24.756541,-2.256232,-0.616226,-15.233749,-0.105625,-0.190625,0.036000,0.546342,-0.168298,0.092341,-3.141587,-0.000024,-0.000047
24.760549,-2.256232,-0.616227,-15.233749,-0.105625,-0.190625,0.036000,0.546366,-0.168212,0.092341,-3.141587,-0.000023,-0.000044
24.764532,-2.256233,-0.616228,-15.233749,-0.105625,-0.190625,0.036000,0.546395,-0.168126,0.092342,-3.141587,-0.000022,-0.000048
24.768533,-2.256233,-0.616228,-15.233749,-0.105625,-0.190625,0.036000,0.546421,-0.168039,0.092342,-3.141587,-0.000022,-0.000052
24.772534,-2.256234,-0.616230,-15.233749,-0.105625,-0.190625,0.036000,0.546447,-0.167953,0.092344,-3.141587,-0.000020,-0.000096
24.776538,-2.256234,-0.616230,-15.233749,-0.105625,-0.190625,0.036000,0.546473,-0.167869,0.092344,-3.141587,-0.000020,-0.000105
24.780539,-2.286234,-0.546231,-15.023749,-0.103625,-0.190625,0.036000,0.546504,-0.167761,0.092345,-3.141587,-0.000019,-0.000075
24.784540,-2.286234,-0.546231,-15.023749,-0.103625,-0.190625,0.036000,0.546533,-0.167675,0.092344,-3.141587,-0.000020,-0.000078
24.788541,-2.286230,-0.546221,-15.023749,-0.103625,-0.190625,0.036000,0.546559,-0.167591,0.092349,-3.141587,-0.000029,-0.000087
24.792539,-2.286230,-0.546221,-15.023749,-0.103625,-0.190625,0.036000,0.546585,-0.167505,0.092349,-3.141587,-0.000029,-0.000091
24.796498,-2.286232,-0.546227,-15.023749,-0.103625,-0.190625,0.036000,0.546610,-0.167418,0.092348,-3.141587,-0.000023,-0.000088
24.800536,-2.286233,-0.546228,-15.023749,-0.103625,-0.190625,0.036000,0.546638,-0.167332,0.092349,-3.141587,-0.000022,-0.000091
24.804539,-2.286231,-0.546224,-15.023749,-0.103625,-0.190625,0.036000,0.546664,-0.167246,0.092351,-3.141587,-0.000027,-0.000082
24.808539,-2.286229,-0.546219,-15.023749,-0.103625,-0.190625,0.036000,0.546690,-0.167162,0.092354,-3.141587,-0.000031,-0.000077
24.812481,-2.286234,-0.546231,-15.023749,-0.103625,-0.190625,0.036000,0.546714,-0.167076,0.092351,-3.141587,-0.000019,-0.000060
24.816580,-2.316234,-0.516231,-14.873749,-0.105625,-0.188625,0.034000,0.546740,-0.166990,0.092351,-3.141587,-0.000019,-0.000037
24.820570,-2.316232,-0.516227,-14.873748,-0.105625,-0.188625,0.034000,0.546767,-0.166903,0.092354,-3.141587,-0.000024,-0.000021
24.824573,-2.316233,-0.516228,-14.873749,-0.105625,-0.188625,0.034000,0.546795,-0.166817,0.092355,-3.141587,-0.000022,-0.000005
24.828569,-2.316235,-0.516234,-14.873749,-0.105625,-0.188625,0.034000,0.546818,-0.166733,0.092353,-3.141586,-0.000017,0.000001
24.832567,-2.316235,-0.516234,-14.873749,-0.105625,-0.188625,0.034000,0.546844,-0.166647,0.092353,-3.141586,-0.000017,0.000003
24.836480,-2.316231,-0.516224,-14.873748,-0.105625,-0.188625,0.034000,0.546873,-0.166561,0.092357,-3.141587,-0.000027,0.000006
24.840552,-2.316234,-0.516230,-14.873749,-0.105625,-0.188625,0.034000,0.546899,-0.166475,0.092357,-3.141587,-0.000020,0.000003
24.844548,-2.316234,-0.516230,-14.873749,-0.105625,-0.188625,0.034000,0.546925,-0.166388,0.092357,-3.141587,-0.000020,-0.000001
24.848547,-2.316234,-0.516230,-14.873749,-0.105625,-0.188625,0.034000,0.546951,-0.166302,0.092357,-3.141587,-0.000020,-0.000012
24.852552,-2.316232,-0.516226,-14.873748,-0.105625,-0.188625,0.034000,0.546979,-0.166213,0.092359,-3.141587,-0.000024,-0.000025
24.856543,-2.286235,-0.506233,-14.693749,-0.105625,-0.182625,0.034000,0.547004,-0.166127,0.092358,-3.141586,-0.000018,-0.000035
24.860541,-2.286235,-0.506233,-14.693749,-0.105625,-0.182625,0.034000,0.547030,-0.166041,0.092358,-3.141586,-0.000018,-0.000053
24.864540,-2.286235,-0.506233,-14.693749,-0.105625,-0.182625,0.034000,0.547057,-0.165952,0.092358,-3.141586,-0.000018,-0.000065
24.868532,-2.286232,-0.506227,-14.693749,-0.105625,-0.182625,0.034000,0.547086,-0.165866,0.092360,-3.141587,-0.000023,-0.000076
24.872535,-2.286233,-0.506229,-14.693749,-0.105625,-0.182625,0.034000,0.547112,-0.165779,0.092362,-3.141587,-0.000021,-0.000080
24.876539,-2.286236,-0.506234,-14.693749,-0.105625,-0.182625,0.034000,0.547138,-0.165691,0.092359,-3.141586,-0.000016,-0.000079
24.880538,-2.286233,-0.506229,-14.693749,-0.105625,-0.182625,0.034000,0.547165,-0.165604,0.092362,-3.141587,-0.000021,-0.000076
24.884539,-2.286237,-0.506236,-14.693750,-0.105625,-0.182625,0.034000,0.547190,-0.165518,0.092361,-3.141586,-0.000014,-0.000067
24.888539,-2.286237,-0.506236,-14.693750,-0.105625,-0.182625,0.034000,0.547217,-0.165429,0.092361,-3.141586,-0.000014,-0.000046
24.892519,-2.286237,-0.506238,-14.693750,-0.105625,-0.182625,0.034000,0.547245,-0.165343,0.092362,-3.141586,-0.000013,-0.000029
24.896540,-2.286237,-0.506238,-14.693750,-0.105625,-0.182625,0.034000,0.547271,-0.165256,0.092362,-3.141586,-0.000013,-0.000013
24.900539,-2.286237,-0.506238,-14.693750,-0.105625,-0.182625,0.034000,0.547271,-0.165256,0.092362,-3.141586,-0.000013,-0.000013
24.904541,-2.226238,-0.556240,-14.573749,-0.103625,-0.179625,0.034000,0.547323,-0.165081,0.092364,-3.141586,-0.000011,-0.000030
24.908539,-2.226236,-0.556235,-14.573749,-0.103625,-0.179625,0.034000,0.547352,-0.164995,0.092366,-3.141586,-0.000016,-0.000034
24.912539,-2.226239,-0.556241,-14.573749,-0.103625,-0.179625,0.034000,0.547384,-0.164886,0.092365,-3.141586,-0.000009,0.000003
24.916482,-2.226239,-0.556241,-14.573749,-0.103625,-0.179625,0.034000,0.547410,-0.164800,0.092365,-3.141586,-0.000009,-0.000001
24.920563,-2.226236,-0.556236,-14.573749,-0.103625,-0.179625,0.034000,0.547438,-0.164714,0.092367,-3.141586,-0.000015,-0.000011
24.924502,-2.226240,-0.556243,-14.573749,-0.103625,-0.179625,0.034000,0.547463,-0.164627,0.092366,-3.141586,-0.000008,-0.000022
24.928566,-2.226240,-0.556243,-14.573749,-0.103625,-0.179625,0.034000,0.547490,-0.164539,0.092366,-3.141586,-0.000008,-0.000035
24.932571,-2.226237,-0.556237,-14.573749,-0.103625,-0.179625,0.034000,0.547518,-0.164452,0.092368,-3.141586,-0.000013,-0.000052
24.936560,-2.226240,-0.556244,-14.573749,-0.103625,-0.179625,0.034000,0.547543,-0.164366,0.092367,-3.141586,-0.000007,-0.000069
24.940559,-2.226240,-0.556244,-14.573749,-0.103625,-0.179625,0.034000,0.547543,-0.164366,0.092367,-3.141586,-0.000007,-0.000069
24.944511,-2.146240,-0.476244,-14.493749,-0.105625,-0.178625,0.032000,0.547570,-0.164277,0.092367,-3.141586,-0.000007,-0.000082
24.948510,-2.146241,-0.476246,-14.493749,-0.105625,-0.178625,0.032000,0.547624,-0.164102,0.092368,-3.141586,-0.000005,-0.000099
24.952514,-2.146244,-0.476252,-14.493750,-0.105625,-0.178625,0.032000,0.547650,-0.164015,0.092368,-3.141586,0.000001,-0.000096
24.956506,-2.146242,-0.476247,-14.493749,-0.105625,-0.178625,0.032000,0.547678,-0.163927,0.092369,-3.141586,-0.000004,-0.000088
24.960507,-2.146245,-0.476254,-14.493750,-0.105625,-0.178625,0.032000,0.547704,-0.163840,0.092369,-3.141586,0.000003,-0.000085
24.964523,-2.146242,-0.476248,-14.493749,-0.105625,-0.178625,0.032000,0.547732,-0.163751,0.092370,-3.141586,-0.000003,-0.000065
24.968504,-2.146242,-0.476248,-14.493749,-0.105625,-0.178625,0.032000,0.547732,-0.163751,0.092370,-3.141586,-0.000003,-0.000065
24.972574,-2.146243,-0.476250,-14.493749,-0.105625,-0.178625,0.032000,0.547786,-0.163578,0.092371,-3.141586,-0.000001,-0.000045
24.976554,-2.136243,-0.456250,-14.473750,-0.105625,-0.181625,0.031000,0.547812,-0.163492,0.092371,-3.141586,-0.000001,-0.000042
24.980533,-2.136243,-0.456251,-14.473750,-0.105625,-0.181625,0.031000,0.547840,-0.163403,0.092372,-3.141586,0.000000,-0.000035
24.984504,-2.136243,-0.456251,-14.473750,-0.105625,-0.181625,0.031000,0.547865,-0.163317,0.092372,-3.141586,0.000000,-0.000039
24.988542,-2.136243,-0.456251,-14.473750,-0.105625,-0.181625,0.031000,0.547865,-0.163317,0.092372,-3.141586,0.000000,-0.000039
24.992525,-2.136244,-0.456252,-14.473750,-0.105625,-0.181625,0.031000,0.547893,-0.163230,0.092373,-3.141586,0.000001,-0.000043
24.996543,-2.136242,-0.456247,-14.473750,-0.105625,-0.181625,0.031000,0.547922,-0.163142,0.092375,-3.141586,-0.000004,-0.000042
25.000490,-2.136242,-0.456247,-14.473750,-0.105625,-0.181625,0.031000,0.547947,-0.163055,0.092375,-3.141586,-0.000004,-0.000053
25.004535,-2.136242,-0.456248,-14.473750,-0.105625,-0.181625,0.031000,0.547975,-0.162969,0.092376,-3.141586,-0.000003,-0.000063
25.008535,-2.136243,-0.456250,-14.473750,-0.105625,-0.181625,0.031000,0.548028,-0.162793,0.092377,-3.141586,-0.000001,-0.000087
25.012539,-2.136243,-0.456250,-14.473750,-0.105625,-0.181625,0.031000,0.548028,-0.162793,0.092377,-3.141586,-0.000001,-0.000087
25.016539,-2.136240,-0.456244,-14.473750,-0.105625,-0.181625,0.031000,0.548056,-0.162707,0.092379,-3.141586,-0.000007,-0.000104
25.020538,-2.166243,-0.456251,-14.493750,-0.103625,-0.183625,0.032000,0.548082,-0.162618,0.092378,-3.141586,0.000000,-0.000117
25.024534,-2.166241,-0.456245,-14.493749,-0.103625,-0.183625,0.032000,0.548117,-0.162509,0.092380,-3.141586,-0.000005,-0.000120
25.028539,-2.166244,-0.456252,-14.493750,-0.103625,-0.183625,0.032000,0.548135,-0.162445,0.092379,-3.141586,0.000001,-0.000124
25.032537,-2.166241,-0.456247,-14.493749,-0.103625,-0.183625,0.032000,0.548170,-0.162336,0.092381,-3.141586,-0.000004,-0.000115
25.036510,-2.166242,-0.456248,-14.493749,-0.103625,-0.183625,0.032000,0.548190,-0.162272,0.092382,-3.141586,-0.000003,-0.000145
25.040506,-2.166242,-0.456247,-14.493749,-0.103625,-0.183625,0.032000,0.548224,-0.162166,0.092381,-3.141586,-0.000004,-0.000086
25.044568,-2.166240,-0.456243,-14.493749,-0.103625,-0.183625,0.032000,0.548248,-0.162084,0.092384,-3.141586,-0.000008,-0.000072
25.048570,-2.166237,-0.456237,-14.493749,-0.103625,-0.183625,0.032000,0.548274,-0.162003,0.092385,-3.141586,-0.000013,-0.000058
25.052575,-2.166242,-0.456249,-14.493749,-0.103625,-0.183625,0.032000,0.548298,-0.161921,0.092382,-3.141586,-0.000002,-0.000051
25.056535,-2.166240,-0.456243,-14.493749,-0.103625,-0.183625,0.032000,0.548324,-0.161840,0.092384,-3.141586,-0.000008,-0.000043
25.060557,-2.276237,-0.436238,-14.363749,-0.104625,-0.182625,0.033000,0.548350,-0.161758,0.092386,-3.141586,-0.000013,-0.000036
25.064552,-2.276234,-0.436232,-14.363749,-0.104625,-0.182625,0.033000,0.548377,-0.161674,0.092387,-3.141586,-0.000018,-0.000031
25.068547,-2.276235,-0.436233,-14.363749,-0.104625,-0.182625,0.033000,0.548403,-0.161593,0.092388,-3.141586,-0.000017,-0.000030
25.072548,-2.276238,-0.436240,-14.363749,-0.104625,-0.182625,0.033000,0.548427,-0.161509,0.092388,-3.141586,-0.000010,-0.000032
25.076541,-2.276236,-0.436235,-14.363749,-0.104625,-0.182625,0.033000,0.548453,-0.161427,0.092389,-3.141586,-0.000016,-0.000045
25.080545,-2.276238,-0.436239,-14.363749,-0.104625,-0.182625,0.033000,0.548478,-0.161343,0.092387,-3.141586,-0.000011,-0.000046
25.084541,-2.276236,-0.436236,-14.363749,-0.104625,-0.182625,0.033000,0.548504,-0.161262,0.092390,-3.141586,-0.000014,-0.000053
25.088541,-2.276234,-0.436231,-14.363748,-0.104625,-0.182625,0.033000,0.548530,-0.161180,0.092392,-3.141586,-0.000020,-0.000065
25.092530,-2.276234,-0.436232,-14.363749,-0.104625,-0.182625,0.033000,0.548556,-0.161096,0.092393,-3.141586,-0.000018,-0.000074
25.096539,-2.276232,-0.436226,-14.363748,-0.104625,-0.182625,0.033000,0.548583,-0.161012,0.092395,-3.141586,-0.000024,-0.000089
25.100538,-2.276229,-0.476221,-14.293748,-0.104625,-0.180625,0.034000,0.548610,-0.160930,0.092396,-3.141587,-0.000029,-0.000088
25.104539,-2.276231,-0.476226,-14.293748,-0.104625,-0.180625,0.034000,0.548633,-0.160849,0.092394,-3.141586,-0.000025,-0.000094
25.108539,-2.276232,-0.476227,-14.293749,-0.104625,-0.180625,0.034000,0.548660,-0.160765,0.092395,-3.141586,-0.000023,-0.000083
25.112539,-2.276229,-0.476221,-14.293748,-0.104625,-0.180625,0.034000,0.548686,-0.160683,0.092397,-3.141587,-0.000029,-0.000082
25.116545,-2.276227,-0.476216,-14.293748,-0.104625,-0.180625,0.034000,0.548713,-0.160599,0.092398,-3.141587,-0.000034,-0.000077
25.120538,-2.276230,-0.476223,-14.293748,-0.104625,-0.180625,0.034000,0.548736,-0.160518,0.092398,-3.141586,-0.000028,-0.000063
25.124504,-2.276227,-0.476217,-14.293748,-0.104625,-0.180625,0.034000,0.548763,-0.160434,0.092399,-3.141587,-0.000033,-0.000051
25.128537,-2.276228,-0.476219,-14.293748,-0.104625,-0.180625,0.034000,0.548788,-0.160352,0.092400,-3.141587,-0.000032,-0.000044
25.132537,-2.276226,-0.476213,-14.293748,-0.104625,-0.180625,0.034000,0.548815,-0.160268,0.092402,-3.141587,-0.000037,-0.000032
25.136542,-2.276225,-0.476212,-14.293748,-0.104625,-0.180625,0.034000,0.548841,-0.160186,0.092401,-3.141587,-0.000038,-0.000024
25.140539,-2.166226,-0.536214,-14.173748,-0.101625,-0.175625,0.034000,0.548866,-0.160105,0.092402,-3.141587,-0.000037,-0.000017
25.144539,-2.166226,-0.536214,-14.173748,-0.101625,-0.175625,0.034000,0.548890,-0.160023,0.092402,-3.141587,-0.000037,-0.000010
25.148539,-2.166225,-0.536213,-14.173748,-0.101625,-0.175625,0.034000,0.548916,-0.159941,0.092401,-3.141587,-0.000037,-0.000002
25.152539,-2.166226,-0.536214,-14.173748,-0.101625,-0.175625,0.034000,0.548941,-0.159860,0.092403,-3.141587,-0.000036,0.000005
25.156539,-2.166223,-0.536209,-14.173748,-0.101625,-0.175625,0.034000,0.548967,-0.159778,0.092404,-3.141587,-0.000041,0.000012
25.160539,-2.166223,-0.536209,-14.173748,-0.101625,-0.175625,0.034000,0.548990,-0.159699,0.092404,-3.141587,-0.000041,-0.000039
25.164540,-2.166221,-0.536203,-14.173747,-0.101625,-0.175625,0.034000,0.549017,-0.159615,0.092406,-3.141587,-0.000047,-0.000040
25.168539,-2.166221,-0.536204,-14.173748,-0.101625,-0.175625,0.034000,0.549048,-0.159516,0.092407,-3.141587,-0.000046,-0.000015
25.172552,-2.166224,-0.536209,-14.173748,-0.101625,-0.175625,0.034000,0.549072,-0.159432,0.092404,-3.141587,-0.000041,-0.000016
25.176515,-2.166221,-0.536203,-14.173748,-0.101625,-0.175625,0.034000,0.549097,-0.159353,0.092406,-3.141587,-0.000046,-0.000027
25.180540,-2.046220,-0.546203,-14.043747,-0.099625,-0.173625,0.033000,0.549123,-0.159271,0.092405,-3.141587,-0.000047,-0.000026
25.184551,-2.046221,-0.546204,-14.043747,-0.099625,-0.173625,0.033000,0.549148,-0.159189,0.092406,-3.141587,-0.000046,-0.000033
25.188539,-2.046223,-0.546209,-14.043748,-0.099625,-0.173625,0.033000,0.549171,-0.159108,0.092404,-3.141587,-0.000041,-0.000032
25.192540,-2.046224,-0.546210,-14.043748,-0.099625,-0.173625,0.033000,0.549197,-0.159026,0.092405,-3.141587,-0.000040,-0.000031
25.196542,-2.046223,-0.546209,-14.043748,-0.099625,-0.173625,0.033000,0.549222,-0.158944,0.092404,-3.141587,-0.000041,-0.000024
25.200539,-2.046221,-0.546203,-14.043747,-0.099625,-0.173625,0.033000,0.549248,-0.158863,0.092406,-3.141587,-0.000046,-0.000017
25.204539,-2.046221,-0.546205,-14.043747,-0.099625,-0.173625,0.033000,0.549273,-0.158781,0.092407,-3.141587,-0.000045,-0.000016
25.208539,-2.046224,-0.546209,-14.043748,-0.099625,-0.173625,0.033000,0.549297,-0.158699,0.092404,-3.141587,-0.000041,-0.000015
25.212543,-2.046221,-0.546204,-14.043747,-0.099625,-0.173625,0.033000,0.549322,-0.158620,0.092406,-3.141587,-0.000046,-0.000019
25.216540,-2.066224,-0.446210,-13.903748,-0.100625,-0.175625,0.032000,0.549347,-0.158538,0.092405,-3.141587,-0.000040,-0.000025
25.220540,-2.066221,-0.446204,-13.903748,-0.100625,-0.175625,0.032000,0.549373,-0.158457,0.092406,-3.141587,-0.000046,-0.000018
25.224540,-2.066221,-0.446203,-13.903748,-0.100625,-0.175625,0.032000,0.549398,-0.158375,0.092405,-3.141587,-0.000046,-0.000017
25.228545,-2.066218,-0.446198,-13.903748,-0.100626,-0.175625,0.032000,0.549424,-0.158293,0.092407,-3.141587,-0.000052,-0.000024
25.232544,-2.066218,-0.446197,-13.903748,-0.100626,-0.175625,0.032000,0.549450,-0.158212,0.092406,-3.141587,-0.000053,-0.000023
25.236540,-2.066221,-0.446204,-13.903748,-0.100625,-0.175625,0.032000,0.549472,-0.158130,0.092406,-3.141587,-0.000046,-0.000022
25.240542,-2.066220,-0.446203,-13.903748,-0.100625,-0.175625,0.032000,0.549498,-0.158048,0.092405,-3.141587,-0.000047,-0.000028
25.244540,-2.066218,-0.446197,-13.903748,-0.100626,-0.175625,0.032000,0.549524,-0.157966,0.092406,-3.141587,-0.000052,-0.000035
25.248540,-2.066221,-0.446203,-13.903748,-0.100625,-0.175625,0.032000,0.549549,-0.157882,0.092405,-3.141587,-0.000046,-0.000036
25.252540,-2.066220,-0.446203,-13.903748,-0.100625,-0.175625,0.032000,0.549575,-0.157798,0.092404,-3.141587,-0.000047,-0.000038
25.256540,-2.066220,-0.446203,-13.903748,-0.100625,-0.175625,0.032000,0.549599,-0.157716,0.092404,-3.141587,-0.000047,-0.000044
25.260540,-2.176223,-0.426209,-13.993747,-0.103625,-0.179625,0.035000,0.549624,-0.157635,0.092403,-3.141587,-0.000042,-0.000043
25.264540,-2.176221,-0.426203,-13.993747,-0.103625,-0.179625,0.035000,0.549649,-0.157553,0.092404,-3.141587,-0.000047,-0.000049
25.268540,-2.176220,-0.426202,-13.993747,-0.103625,-0.179625,0.035000,0.549675,-0.157469,0.092404,-3.141587,-0.000048,-0.000044
25.272540,-2.176220,-0.426201,-13.993747,-0.103625,-0.179625,0.035000,0.549701,-0.157387,0.092403,-3.141587,-0.000049,-0.000044
25.276540,-2.176222,-0.426207,-13.993747,-0.103625,-0.179625,0.035000,0.549726,-0.157305,0.092401,-3.141587,-0.000043,-0.000050
25.280541,-2.176222,-0.426207,-13.993747,-0.103625,-0.179625,0.035000,0.549749,-0.157223,0.092401,-3.141587,-0.000043,-0.000049
25.284540,-2.176222,-0.426206,-13.993747,-0.103625,-0.179625,0.035000,0.549774,-0.157142,0.092401,-3.141587,-0.000044,-0.000062
25.288541,-2.176222,-0.426205,-13.993747,-0.103625,-0.179625,0.035000,0.549800,-0.157057,0.092400,-3.141587,-0.000045,-0.000057
25.292547,-2.176222,-0.426207,-13.993747,-0.103625,-0.179625,0.035000,0.549825,-0.156976,0.092401,-3.141587,-0.000043,-0.000104
25.296543,-2.196222,-0.426206,-14.203747,-0.103625,-0.178625,0.035000,0.549856,-0.156874,0.092400,-3.141587,-0.000044,-0.000074
25.300540,-2.196221,-0.426205,-14.203747,-0.103625,-0.178625,0.035000,0.549876,-0.156812,0.092399,-3.141587,-0.000045,-0.000109
25.304540,-2.196221,-0.426204,-14.203747,-0.103625,-0.178625,0.035000,0.549901,-0.156730,0.092398,-3.141587,-0.000046,-0.000115
25.308541,-2.196226,-0.426216,-14.203748,-0.103625,-0.178625,0.035000,0.549930,-0.156626,0.092395,-3.141586,-0.000035,-0.000081
25.312546,-2.196221,-0.426204,-14.203747,-0.103625,-0.178625,0.035000,0.549958,-0.156545,0.092399,-3.141587,-0.000046,-0.000087
25.316541,-2.196223,-0.426209,-14.203748,-0.103625,-0.178625,0.035000,0.549981,-0.156463,0.092396,-3.141586,-0.000041,-0.000093
25.320540,-2.196226,-0.426215,-14.203748,-0.103625,-0.178625,0.035000,0.550006,-0.156378,0.092395,-3.141586,-0.000035,-0.000088
25.324540,-2.196226,-0.426214,-14.203748,-0.103625,-0.178625,0.035000,0.550031,-0.156297,0.092394,-3.141586,-0.000036,-0.000094
25.328541,-2.196223,-0.426208,-14.203747,-0.103625,-0.178625,0.035000,0.550060,-0.156212,0.092395,-3.141586,-0.000042,-0.000082
25.332540,-2.196225,-0.426212,-14.203748,-0.103625,-0.178625,0.035000,0.550083,-0.156128,0.092392,-3.141586,-0.000038,-0.000084
25.336545,-2.196225,-0.426213,-14.203748,-0.103625,-0.178625,0.035000,0.550111,-0.156044,0.092392,-3.141586,-0.000037,-0.000079
25.340539,-2.216222,-0.546207,-14.533747,-0.102625,-0.180625,0.037000,0.550138,-0.155957,0.092394,-3.141586,-0.000043,-0.000076
25.344540,-2.216222,-0.546206,-14.533747,-0.102625,-0.180625,0.037000,0.550164,-0.155870,0.092393,-3.141586,-0.000044,-0.000073
25.348540,-2.216221,-0.546205,-14.533747,-0.102625,-0.180625,0.037000,0.550191,-0.155784,0.092393,-3.141586,-0.000045,-0.000077
25.352540,-2.216224,-0.546211,-14.533748,-0.102625,-0.180625,0.037000,0.550217,-0.155694,0.092391,-3.141586,-0.000039,-0.000069
25.356540,-2.216224,-0.546211,-14.533748,-0.102625,-0.180625,0.037000,0.550244,-0.155607,0.092390,-3.141586,-0.000040,-0.000073
25.360545,-2.216223,-0.546210,-14.533747,-0.102625,-0.180625,0.037000,0.550270,-0.155521,0.092389,-3.141586,-0.000041,-0.000070
25.364546,-2.216226,-0.546216,-14.533748,-0.102625,-0.180625,0.037000,0.550297,-0.155431,0.092388,-3.141586,-0.000035,-0.000076
25.368540,-2.216223,-0.546209,-14.533747,-0.102625,-0.180625,0.037000,0.550326,-0.155345,0.092389,-3.141586,-0.000041,-0.000087
25.372540,-2.216226,-0.546215,-14.533748,-0.102625,-0.180625,0.037000,0.550351,-0.155258,0.092387,-3.141586,-0.000035,-0.000091
25.376539,-2.256226,-0.546214,-14.713748,-0.104625,-0.182625,0.037000,0.550379,-0.155169,0.092387,-3.141586,-0.000036,-0.000097
25.380539,-2.246228,-0.506220,-14.853749,-0.107625,-0.183625,0.037000,0.550404,-0.155082,0.092385,-3.141586,-0.000030,-0.000101
25.384541,-2.246225,-0.506214,-14.853748,-0.107625,-0.183625,0.037000,0.550433,-0.154995,0.092386,-3.141586,-0.000036,-0.000104
25.388540,-2.246225,-0.506213,-14.853748,-0.107625,-0.183625,0.037000,0.550460,-0.154908,0.092385,-3.141586,-0.000037,-0.000102
25.392540,-2.246228,-0.506219,-14.853749,-0.107625,-0.183625,0.037000,0.550485,-0.154821,0.092384,-3.141586,-0.000032,-0.000099
25.396503,-2.246225,-0.506213,-14.853748,-0.107625,-0.183625,0.037000,0.550512,-0.154734,0.092385,-3.141586,-0.000037,-0.000096
25.400509,-2.246228,-0.506219,-14.853749,-0.107625,-0.183625,0.037000,0.550538,-0.154645,0.092384,-3.141586,-0.000031,-0.000088
25.404546,-2.246228,-0.506219,-14.853749,-0.107625,-0.183625,0.037000,0.550538,-0.154645,0.092384,-3.141586,-0.000031,-0.000088
25.408542,-2.246228,-0.506218,-14.853749,-0.107625,-0.183625,0.037000,0.550565,-0.154558,0.092383,-3.141586,-0.000032,-0.000079
25.412540,-2.246228,-0.506219,-14.853749,-0.107625,-0.183625,0.037000,0.550593,-0.154471,0.092383,-3.141586,-0.000032,-0.000069
25.416512,-2.246227,-0.506218,-14.853749,-0.107625,-0.183625,0.037000,0.550625,-0.154362,0.092383,-3.141586,-0.000032,-0.000053
25.420512,-2.246227,-0.556217,-15.213748,-0.107625,-0.187625,0.039000,0.550680,-0.154189,0.092382,-3.141586,-0.000033,-0.000040
25.424502,-2.246227,-0.556217,-15.213748,-0.107625,-0.187625,0.039000,0.550706,-0.154102,0.092381,-3.141586,-0.000034,-0.000037
25.428513,-2.246227,-0.556218,-15.213748,-0.107625,-0.187625,0.039000,0.550731,-0.154017,0.092382,-3.141586,-0.000032,-0.000045
25.432504,-2.246224,-0.556212,-15.213748,-0.107625,-0.187625,0.039000,0.550760,-0.153930,0.092383,-3.141586,-0.000039,-0.000043
25.436504,-2.246227,-0.556217,-15.213748,-0.107625,-0.187625,0.039000,0.550785,-0.153846,0.092382,-3.141586,-0.000033,-0.000051
25.440540,-2.246227,-0.556217,-15.213748,-0.107625,-0.187625,0.039000,0.550809,-0.153764,0.092381,-3.141586,-0.000034,-0.000064
25.444517,-2.246227,-0.556217,-15.213748,-0.107625,-0.187625,0.039000,0.550809,-0.153764,0.092381,-3.141586,-0.000034,-0.000064
25.448499,-2.246230,-0.556223,-15.213748,-0.107625,-0.187625,0.039000,0.550861,-0.153598,0.092380,-3.141586,-0.000028,-0.000072
25.452538,-2.246229,-0.556222,-15.213748,-0.107625,-0.187625,0.039000,0.550886,-0.153513,0.092379,-3.141586,-0.000028,-0.000080
25.456503,-2.256232,-0.576228,-15.543749,-0.107625,-0.192625,0.038000,0.550910,-0.153432,0.092377,-3.141586,-0.000023,-0.000093
25.460512,-2.256232,-0.576228,-15.543749,-0.107625,-0.192625,0.038000,0.550910,-0.153432,0.092377,-3.141586,-0.000023,-0.000093
25.464511,-2.256229,-0.576222,-15.543748,-0.107625,-0.192625,0.038000,0.550938,-0.153347,0.092378,-3.141586,-0.000029,-0.000088
25.468513,-2.256229,-0.576222,-15.543748,-0.107625,-0.192625,0.038000,0.550989,-0.153178,0.092378,-3.141586,-0.000028,-0.000091
25.472541,-2.256229,-0.576222,-15.543748,-0.107625,-0.192625,0.038000,0.550989,-0.153178,0.092378,-3.141586,-0.000028,-0.000091
25.476511,-2.256229,-0.576222,-15.543748,-0.107625,-0.192625,0.038000,0.551041,-0.153009,0.092378,-3.141586,-0.000029,-0.000074
25.480503,-2.256229,-0.576222,-15.543748,-0.107625,-0.192625,0.038000,0.551068,-0.152927,0.092378,-3.141586,-0.000028,-0.000060
25.484507,-2.256229,-0.576222,-15.543748,-0.107625,-0.192625,0.038000,0.551068,-0.152927,0.092378,-3.141586,-0.000028,-0.000060
25.488511,-2.256229,-0.576222,-15.543748,-0.107625,-0.192625,0.038000,0.551119,-0.152761,0.092378,-3.141586,-0.000029,-0.000034
25.492508,-2.256230,-0.576223,-15.543748,-0.107625,-0.192625,0.038000,0.551144,-0.152677,0.092379,-3.141586,-0.000028,-0.000015
25.496510,-2.376233,-0.516229,-15.763749,-0.111625,-0.198625,0.040000,0.551169,-0.152592,0.092377,-3.141586,-0.000022,0.000003
25.500540,-2.376233,-0.516229,-15.763749,-0.111625,-0.198625,0.040000,0.551169,-0.152592,0.092377,-3.141586,-0.000022,0.000003
25.504511,-2.376241,-0.516225,-15.763749,-0.111625,-0.198625,0.040000,0.551221,-0.152426,0.092377,3.141593,-0.000022,0.000016
25.508549,-2.376241,-0.516225,-15.763749,-0.111625,-0.198625,0.040000,0.551221,-0.152426,0.092377,3.141593,-0.000022,0.000016
25.512541,-2.376243,-0.516231,-15.763749,-0.111625,-0.198625,0.040000,0.551245,-0.152344,0.092375,3.141593,-0.000016,0.000016
25.516540,-2.376238,-0.516220,-15.763749,-0.111625,-0.198625,0.040000,0.551273,-0.152260,0.092378,3.141592,-0.000027,0.000015
25.520511,-2.376241,-0.516227,-15.763749,-0.111625,-0.198625,0.040000,0.551324,-0.152091,0.092377,3.141593,-0.000021,-0.000002
25.524541,-2.376241,-0.516227,-15.763749,-0.111625,-0.198625,0.040000,0.551324,-0.152091,0.092377,3.141593,-0.000021,-0.000002
25.528546,-2.376241,-0.516227,-15.763749,-0.111625,-0.198625,0.040000,0.551350,-0.152009,0.092377,3.141593,-0.000020,-0.000015
25.532545,-2.376239,-0.516221,-15.763749,-0.111625,-0.198625,0.040000,0.551375,-0.151927,0.092379,3.141593,-0.000026,-0.000028
25.536540,-2.376242,-0.516227,-15.763749,-0.111625,-0.198625,0.040000,0.551400,-0.151842,0.092378,3.141593,-0.000020,-0.000036
25.540540,-2.546238,-0.496221,-15.843749,-0.113625,-0.203625,0.040000,0.551427,-0.151760,0.092379,3.141593,-0.000026,-0.000049
25.544540,-2.546239,-0.496221,-15.843749,-0.113625,-0.203625,0.040000,0.551458,-0.151659,0.092379,3.141593,-0.000026,-0.000073
25.548545,-2.546242,-0.496228,-15.843749,-0.113625,-0.203625,0.040000,0.551475,-0.151596,0.092378,3.141593,-0.000019,-0.000115
25.552538,-2.546242,-0.496229,-15.843749,-0.113625,-0.203625,0.040000,0.551501,-0.151514,0.092378,3.141593,-0.000019,-0.000121
25.556541,-2.546239,-0.496222,-15.843749,-0.113625,-0.203625,0.040000,0.551528,-0.151432,0.092379,3.141593,-0.000025,-0.000114
25.560542,-2.546239,-0.496223,-15.843749,-0.113625,-0.203625,0.040000,0.551559,-0.151330,0.092379,3.141593,-0.000024,-0.000064
25.564545,-2.546242,-0.496229,-15.843749,-0.113625,-0.203625,0.040000,0.551583,-0.151248,0.092378,3.141593,-0.000019,-0.000043
25.568498,-2.546240,-0.496225,-15.843749,-0.113625,-0.203625,0.040000,0.551610,-0.151166,0.092381,3.141593,-0.000023,-0.000029
25.572540,-2.546240,-0.496225,-15.843749,-0.113625,-0.203625,0.040000,0.551636,-0.151084,0.092381,3.141593,-0.000022,-0.000001
25.576538,-2.546243,-0.496231,-15.843749,-0.113625,-0.203625,0.040000,0.551659,-0.151002,0.092379,3.141593,-0.000016,0.000013
25.580540,-2.526246,-0.526237,-15.953749,-0.114625,-0.202625,0.040000,0.551683,-0.150920,0.092378,3.141593,-0.000011,0.000020
25.584540,-2.526241,-0.526226,-15.953749,-0.114625,-0.202625,0.040000,0.551710,-0.150838,0.092381,3.141593,-0.000021,0.000028
25.588540,-2.526241,-0.526226,-15.953749,-0.114625,-0.202625,0.040000,0.551736,-0.150756,0.092382,3.141593,-0.000021,0.000028
25.592540,-2.526241,-0.526227,-15.953749,-0.114625,-0.202625,0.040000,0.551762,-0.150677,0.092382,3.141593,-0.000020,0.000018
25.596540,-2.526241,-0.526226,-15.953749,-0.114625,-0.202625,0.040000,0.551787,-0.150592,0.092381,3.141593,-0.000021,0.000016
25.600540,-2.526244,-0.526232,-15.953749,-0.114625,-0.202625,0.040000,0.551810,-0.150512,0.092380,3.141593,-0.000015,-0.000001
25.604540,-2.526242,-0.526228,-15.953749,-0.114625,-0.202625,0.040000,0.551837,-0.150428,0.092382,3.141593,-0.000020,-0.000010
25.608542,-2.526242,-0.526228,-15.953749,-0.114625,-0.202625,0.040000,0.551862,-0.150348,0.092383,3.141593,-0.000019,-0.000027
25.612540,-2.526241,-0.526227,-15.953749,-0.114625,-0.202625,0.040000,0.551886,-0.150266,0.092382,3.141593,-0.000020,-0.000040
25.616539,-2.526241,-0.526227,-15.953749,-0.114625,-0.202625,0.040000,0.551886,-0.150266,0.092382,3.141593,-0.000020,-0.000040
25.620540,-2.416248,-0.656240,-16.073749,-0.110625,-0.200625,0.041000,0.551935,-0.150102,0.092380,3.141593,-0.000007,-0.000066
25.624541,-2.416243,-0.656229,-16.073749,-0.110625,-0.200625,0.041000,0.551962,-0.150020,0.092383,3.141593,-0.000018,-0.000078
25.628545,-2.416246,-0.656237,-16.073749,-0.110625,-0.200625,0.041000,0.551987,-0.149938,0.092383,3.141593,-0.000011,-0.000132
25.632540,-2.416243,-0.656230,-16.073749,-0.110625,-0.200625,0.041000,0.552014,-0.149856,0.092384,3.141593,-0.000017,-0.000091
25.636540,-2.416247,-0.656238,-16.073749,-0.110625,-0.200625,0.041000,0.552045,-0.149754,0.092383,3.141593,-0.000010,-0.000088
25.640538,-2.416247,-0.656238,-16.073749,-0.110625,-0.200625,0.041000,0.552045,-0.149754,0.092383,3.141593,-0.000010,-0.000088
25.644540,-2.416247,-0.656238,-16.073749,-0.110625,-0.200625,0.041000,0.552087,-0.149609,0.092383,3.141593,-0.000009,-0.000069
25.648540,-2.416247,-0.656239,-16.073749,-0.110625,-0.200625,0.041000,0.552114,-0.149525,0.092384,3.141593,-0.000009,-0.000050
25.652548,-2.416247,-0.656239,-16.073749,-0.110625,-0.200625,0.041000,0.552139,-0.149445,0.092384,3.141593,-0.000008,-0.000074
25.656506,-2.416242,-0.656228,-16.073749,-0.110625,-0.200625,0.041000,0.552167,-0.149360,0.092387,3.141593,-0.000019,-0.000056
25.660576,-2.336242,-0.606229,-16.113749,-0.110625,-0.199625,0.039000,0.552198,-0.149258,0.092387,3.141593,-0.000019,-0.000012
25.664573,-2.336242,-0.606229,-16.113749,-0.110625,-0.199625,0.039000,0.552224,-0.149176,0.092388,3.141593,-0.000018,-0.000005
25.668567,-2.336245,-0.606235,-16.113749,-0.110625,-0.199625,0.039000,0.552247,-0.149094,0.092386,-3.141593,-0.000012,-0.000004
25.672580,-2.336243,-0.606231,-16.113749,-0.110625,-0.199625,0.039000,0.552273,-0.149012,0.092389,-3.141593,-0.000017,-0.000004
25.676560,-2.336246,-0.606237,-16.113749,-0.110625,-0.199625,0.039000,0.552297,-0.148930,0.092388,-3.141593,-0.000011,-0.000010
25.680554,-2.336246,-0.606237,-16.113749,-0.110625,-0.199625,0.039000,0.552322,-0.148848,0.092388,-3.141593,-0.000010,-0.000023
25.684548,-2.336244,-0.606233,-16.113749,-0.110625,-0.199625,0.039000,0.552348,-0.148768,0.092390,-3.141593,-0.000014,-0.000033
25.688548,-2.336245,-0.606233,-16.113749,-0.110625,-0.199625,0.039000,0.552374,-0.148683,0.092391,-3.141593,-0.000014,-0.000042
25.692553,-2.336245,-0.606234,-16.113749,-0.110625,-0.199625,0.039000,0.552399,-0.148604,0.092391,-3.141593,-0.000013,-0.000066
25.696544,-2.336245,-0.606235,-16.113749,-0.110625,-0.199625,0.039000,0.552423,-0.148522,0.092392,-3.141593,-0.000012,-0.000079
25.700544,-2.446246,-0.496236,-16.053749,-0.114625,-0.204625,0.039000,0.552449,-0.148439,0.092392,-3.141593,-0.000012,-0.000091
25.704541,-2.446246,-0.496236,-16.053749,-0.114625,-0.204625,0.039000,0.552474,-0.148357,0.092392,-3.141593,-0.000011,-0.000097
25.708535,-2.446249,-0.496242,-16.053750,-0.114625,-0.204625,0.039000,0.552498,-0.148275,0.092391,-3.141593,-0.000005,-0.000104
25.712534,-2.446247,-0.496238,-16.053750,-0.114625,-0.204625,0.039000,0.552524,-0.148193,0.092394,-3.141593,-0.000009,-0.000110
25.716534,-2.446247,-0.496238,-16.053750,-0.114625,-0.204625,0.039000,0.552524,-0.148193,0.092394,-3.141593,-0.000009,-0.000110
25.720540,-2.446247,-0.496239,-16.053750,-0.114625,-0.204625,0.039000,0.552575,-0.148028,0.092394,-3.141593,-0.000009,-0.000088
25.724540,-2.446245,-0.496235,-16.053749,-0.114625,-0.204625,0.039000,0.552602,-0.147944,0.092397,-3.141593,-0.000013,-0.000070
25.728540,-2.446245,-0.496235,-16.053749,-0.114625,-0.204625,0.039000,0.552627,-0.147861,0.092397,-3.141593,-0.000012,-0.000056
25.732541,-2.446245,-0.496236,-16.053749,-0.114625,-0.204625,0.039000,0.552653,-0.147779,0.092397,-3.141593,-0.000012,-0.000048
25.736540,-2.456248,-0.466242,-16.013750,-0.115625,-0.202625,0.038000,0.552676,-0.147697,0.092396,-3.141593,-0.000006,-0.000041
25.740540,-2.456246,-0.466237,-16.013750,-0.115625,-0.202625,0.038000,0.552702,-0.147615,0.092399,-3.141593,-0.000010,-0.000027
25.744542,-2.456247,-0.466238,-16.013750,-0.115625,-0.202625,0.038000,0.552727,-0.147533,0.092399,-3.141593,-0.000010,-0.000020
25.748540,-2.456247,-0.466238,-16.013750,-0.115625,-0.202625,0.038000,0.552754,-0.147448,0.092399,-3.141593,-0.000009,-0.000021
25.752540,-2.456247,-0.466240,-16.013750,-0.115625,-0.202625,0.038000,0.552777,-0.147366,0.092400,-3.141593,-0.000008,-0.000021
25.756541,-2.456248,-0.466240,-16.013750,-0.115625,-0.202625,0.038000,0.552803,-0.147283,0.092400,-3.141593,-0.000007,-0.000020
25.760544,-2.456251,-0.466247,-16.013750,-0.115625,-0.202625,0.038000,0.552828,-0.147201,0.092400,-3.141593,-0.000000,-0.000026
25.764534,-2.456246,-0.466236,-16.013750,-0.115625,-0.202625,0.038000,0.552855,-0.147116,0.092403,-3.141593,-0.000011,-0.000034
25.768540,-2.456247,-0.466238,-16.013750,-0.115625,-0.202625,0.038000,0.552882,-0.147034,0.092404,-3.141593,-0.000009,-0.000081
25.772537,-2.456247,-0.466239,-16.013750,-0.115625,-0.202625,0.038000,0.552907,-0.146952,0.092405,-3.141593,-0.000009,-0.000094
25.776504,-2.466250,-0.476245,-16.003750,-0.114625,-0.202625,0.038000,0.552936,-0.146847,0.092403,-3.141593,-0.000003,-0.000066
25.780540,-2.476248,-0.536241,-15.943750,-0.112625,-0.200625,0.038000,0.552962,-0.146765,0.092406,-3.141593,-0.000007,-0.000072
25.784540,-2.476248,-0.536241,-15.943750,-0.112625,-0.200625,0.038000,0.552988,-0.146683,0.092406,-3.141593,-0.000007,-0.000085
25.788540,-2.476248,-0.536241,-15.943750,-0.112625,-0.200625,0.038000,0.553014,-0.146598,0.092406,-3.141593,-0.000006,-0.000080
25.792540,-2.476249,-0.536243,-15.943750,-0.112625,-0.200625,0.038000,0.553037,-0.146516,0.092407,-3.141593,-0.000005,-0.000073
25.796540,-2.476249,-0.536243,-15.943750,-0.112625,-0.200625,0.038000,0.553062,-0.146433,0.092408,-3.141593,-0.000004,-0.000072
25.800540,-2.476249,-0.536244,-15.943750,-0.112625,-0.200625,0.038000,0.553088,-0.146351,0.092408,-3.141593,-0.000004,-0.000065
25.804540,-2.476247,-0.536240,-15.943750,-0.112625,-0.200625,0.038000,0.553114,-0.146266,0.092411,-3.141593,-0.000008,-0.000053
25.808539,-2.476251,-0.536247,-15.943750,-0.112625,-0.200625,0.038000,0.553139,-0.146184,0.092410,-3.141593,-0.000001,-0.000039
25.812539,-2.476251,-0.536247,-15.943750,-0.112625,-0.200625,0.038000,0.553164,-0.146102,0.092410,-3.141593,-0.000000,-0.000031
25.816538,-2.476249,-0.496243,-15.823749,-0.114625,-0.199625,0.038000,0.553190,-0.146019,0.092413,-3.141593,-0.000004,-0.000024
25.820504,-2.476253,-0.496250,-15.823750,-0.114625,-0.199625,0.038000,0.553215,-0.145935,0.092413,3.141593,0.000003,-0.000012
25.824507,-2.476253,-0.496251,-15.823750,-0.114625,-0.199625,0.038000,0.553241,-0.145852,0.092413,3.141593,0.000003,-0.000012
25.828539,-2.476253,-0.496251,-15.823750,-0.114625,-0.199625,0.038000,0.553241,-0.145852,0.092413,3.141593,0.000003,-0.000012
25.832514,-2.476251,-0.496247,-15.823750,-0.114625,-0.199625,0.038000,0.553272,-0.145748,0.092416,-3.141593,-0.000001,-0.000004
25.836514,-2.476251,-0.496248,-15.823750,-0.114625,-0.199625,0.038000,0.553324,-0.145578,0.092416,-3.141593,0.000000,-0.000001
25.840540,-2.476251,-0.496248,-15.823750,-0.114625,-0.199625,0.038000,0.553324,-0.145578,0.092416,-3.141593,0.000000,-0.000001
25.844540,-2.476252,-0.496248,-15.823750,-0.114625,-0.199625,0.038000,0.553376,-0.145406,0.092416,3.141593,0.000001,-0.000013
25.848540,-2.476250,-0.496244,-15.823749,-0.114625,-0.199625,0.038000,0.553403,-0.145321,0.092419,-3.141593,-0.000003,-0.000021
25.852511,-2.476250,-0.496245,-15.823749,-0.114625,-0.199625,0.038000,0.553429,-0.145234,0.092419,-3.141593,-0.000003,-0.000025
25.856507,-2.386251,-0.486247,-15.693750,-0.113625,-0.196625,0.036000,0.553457,-0.145146,0.092421,-3.141593,-0.000001,-0.000029
25.860513,-2.366251,-0.506247,-15.683750,-0.112625,-0.196625,0.036000,0.553483,-0.145061,0.092421,-3.141593,-0.000001,-0.000037
25.864510,-2.366252,-0.506247,-15.683750,-0.112625,-0.196625,0.036000,0.553510,-0.144974,0.092421,-3.141593,-0.000000,-0.000041
25.868510,-2.366249,-0.506243,-15.683750,-0.112625,-0.196625,0.036000,0.553536,-0.144889,0.092424,-3.141593,-0.000004,-0.000043
25.872504,-2.366253,-0.506251,-15.683750,-0.112625,-0.196625,0.036000,0.553561,-0.144802,0.092423,3.141593,0.000003,-0.000040
25.876544,-2.366253,-0.506251,-15.683750,-0.112625,-0.196625,0.036000,0.553561,-0.144802,0.092423,3.141593,0.000003,-0.000040
25.880576,-2.366251,-0.506246,-15.683750,-0.112625,-0.196625,0.036000,0.553590,-0.144714,0.092425,-3.141593,-0.000002,-0.000037
25.884571,-2.366254,-0.506253,-15.683750,-0.112625,-0.196625,0.036000,0.553615,-0.144630,0.092425,3.141593,0.000005,-0.000032
25.888566,-2.366254,-0.506253,-15.683750,-0.112625,-0.196625,0.036000,0.553642,-0.144542,0.092425,3.141593,0.000006,-0.000029
25.892505,-2.366252,-0.506248,-15.683750,-0.112625,-0.196625,0.036000,0.553670,-0.144457,0.092427,3.141593,0.000001,-0.000030
25.896558,-2.366250,-0.506244,-15.683750,-0.112625,-0.196625,0.036000,0.553696,-0.144370,0.092430,-3.141593,-0.000003,-0.000027
25.900511,-2.306250,-0.536245,-15.563750,-0.109625,-0.195625,0.035000,0.553722,-0.144285,0.092430,-3.141593,-0.000003,-0.000029
25.904548,-2.306254,-0.536252,-15.563750,-0.109625,-0.195625,0.035000,0.553748,-0.144198,0.092430,3.141593,0.000004,-0.000026
25.908545,-2.306254,-0.536252,-15.563751,-0.109625,-0.195625,0.035000,0.553774,-0.144113,0.092430,3.141593,0.000005,-0.000068
25.912544,-2.306251,-0.536247,-15.563750,-0.109625,-0.195625,0.035000,0.553807,-0.144005,0.092432,-3.141593,-0.000000,-0.000029
25.916549,-2.306251,-0.536248,-15.563750,-0.109625,-0.195625,0.035000,0.553834,-0.143918,0.092432,3.141593,0.000000,-0.000026
25.920503,-2.306249,-0.536243,-15.563750,-0.109625,-0.195625,0.035000,0.553862,-0.143833,0.092434,-3.141593,-0.000005,-0.000035
25.924542,-2.306249,-0.536243,-15.563750,-0.109625,-0.195625,0.035000,0.553862,-0.143833,0.092434,-3.141593,-0.000005,-0.000035
25.928539,-2.306253,-0.536251,-15.563750,-0.109625,-0.195625,0.035000,0.553913,-0.143661,0.092434,3.141593,0.000003,-0.000047
25.932540,-2.306257,-0.536258,-15.563751,-0.109625,-0.195625,0.035000,0.553939,-0.143573,0.092433,3.141593,0.000010,-0.000051
25.936540,-2.226257,-0.506258,-15.343751,-0.107625,-0.193625,0.034000,0.553964,-0.143488,0.092433,3.141593,0.000010,-0.000052
25.940540,-2.226258,-0.506260,-15.343751,-0.107625,-0.193625,0.034000,0.553992,-0.143401,0.092435,3.141593,0.000012,-0.000049
25.944540,-2.226258,-0.506260,-15.343751,-0.107625,-0.193625,0.034000,0.554018,-0.143313,0.092435,3.141593,0.000013,-0.000053
25.948540,-2.226255,-0.506255,-15.343750,-0.107625,-0.193625,0.034000,0.554047,-0.143226,0.092437,3.141593,0.000008,-0.000044
25.952539,-2.226256,-0.506256,-15.343750,-0.107625,-0.193625,0.034000,0.554072,-0.143141,0.092437,3.141593,0.000008,-0.000052
25.956543,-2.226257,-0.506258,-15.343751,-0.107625,-0.193625,0.034000,0.554098,-0.143054,0.092439,3.141593,0.000011,-0.000049
25.960540,-2.226254,-0.506253,-15.343750,-0.107625,-0.193625,0.034000,0.554127,-0.142966,0.092441,3.141593,0.000006,-0.000046
25.964540,-2.226252,-0.506248,-15.343750,-0.107625,-0.193625,0.034000,0.554155,-0.142879,0.092443,3.141593,0.000001,-0.000050
25.968504,-2.226252,-0.506249,-15.343750,-0.107625,-0.193625,0.034000,0.554180,-0.142794,0.092443,3.141593,0.000001,-0.000058
25.972538,-2.226256,-0.506256,-15.343750,-0.107625,-0.193625,0.034000,0.554206,-0.142706,0.092443,3.141593,0.000009,-0.000062
25.976552,-2.226253,-0.506251,-15.343750,-0.107625,-0.193625,0.034000,0.554234,-0.142619,0.092445,3.141593,0.000004,-0.000066
25.980539,-2.276253,-0.486252,-15.133750,-0.105625,-0.193625,0.034000,0.554260,-0.142531,0.092445,3.141593,0.000004,-0.000063
25.984541,-2.276257,-0.486259,-15.133751,-0.105625,-0.193625,0.034000,0.554286,-0.142444,0.092444,3.141593,0.000011,-0.000067
25.988540,-2.276257,-0.486259,-15.133751,-0.105625,-0.193625,0.034000,0.554312,-0.142356,0.092445,3.141593,0.000012,-0.000071
25.992540,-2.276258,-0.486261,-15.133751,-0.105625,-0.193625,0.034000,0.554339,-0.142271,0.092446,3.141592,0.000013,-0.000079
25.996540,-2.276256,-0.486256,-15.133750,-0.105625,-0.193625,0.034000,0.554367,-0.142184,0.092448,3.141593,0.000008,-0.000083
26.000540,-2.276260,-0.486263,-15.133751,-0.105625,-0.193625,0.034000,0.554393,-0.142096,0.092447,3.141592,0.000016,-0.000080
26.004540,-2.276260,-0.486264,-15.133751,-0.105625,-0.193625,0.034000,0.554418,-0.142011,0.092448,3.141592,0.000016,-0.000088
26.008540,-2.276258,-0.486260,-15.133751,-0.105625,-0.193625,0.034000,0.554448,-0.141924,0.092451,3.141592,0.000012,-0.000119
26.012540,-2.276258,-0.486261,-15.133751,-0.105625,-0.193625,0.034000,0.554474,-0.141836,0.092451,3.141592,0.000013,-0.000116
26.016541,-2.276258,-0.486261,-15.133751,-0.105625,-0.193625,0.034000,0.554474,-0.141836,0.092451,3.141592,0.000013,-0.000116
26.020545,-2.276258,-0.486261,-15.133751,-0.105625,-0.193625,0.034000,0.554474,-0.141836,0.092451,3.141592,0.000013,-0.000116
26.024541,-2.276258,-0.486261,-15.133751,-0.105625,-0.193625,0.034000,0.554474,-0.141836,0.092451,3.141592,0.000013,-0.000116
26.028540,-2.286257,-0.496258,-14.943751,-0.105625,-0.190625,0.034000,0.554560,-0.141556,0.092454,3.141593,0.000010,-0.000076
26.032540,-2.286254,-0.496253,-14.943751,-0.105625,-0.190625,0.034000,0.554614,-0.141383,0.092456,3.141593,0.000006,-0.000075
26.036540,-2.286258,-0.496260,-14.943751,-0.105625,-0.190625,0.034000,0.554640,-0.141301,0.092455,3.141592,0.000012,-0.000081
26.040541,-2.286258,-0.496260,-14.943751,-0.105625,-0.190625,0.034000,0.554665,-0.141216,0.092455,3.141592,0.000012,-0.000083
26.044541,-2.286258,-0.496260,-14.943751,-0.105625,-0.190625,0.034000,0.554689,-0.141133,0.092456,3.141592,0.000013,-0.000082
26.048540,-2.286259,-0.496262,-14.943751,-0.105625,-0.190625,0.034000,0.554716,-0.141050,0.092457,3.141592,0.000015,-0.000088
26.052540,-2.286256,-0.496257,-14.943751,-0.105625,-0.190625,0.034000,0.554742,-0.140970,0.092459,3.141593,0.000010,-0.000099
26.056540,-2.286260,-0.496264,-14.943751,-0.105625,-0.190625,0.034000,0.554766,-0.140885,0.092458,3.141592,0.000017,-0.000100
26.060540,-2.276261,-0.526266,-14.723751,-0.101625,-0.188625,0.034000,0.554793,-0.140803,0.092460,3.141592,0.000019,-0.000106
26.064541,-2.276258,-0.526261,-14.723751,-0.101625,-0.188625,0.034000,0.554819,-0.140720,0.092462,3.141592,0.000014,-0.000106
26.068541,-2.276259,-0.526262,-14.723751,-0.101625,-0.188625,0.034000,0.554844,-0.140637,0.092462,3.141592,0.000014,-0.000112
26.072544,-2.276256,-0.526257,-14.723751,-0.101625,-0.188625,0.034000,0.554870,-0.140557,0.092464,3.141593,0.000009,-0.000116
26.076535,-2.276257,-0.526259,-14.723751,-0.101625,-0.188625,0.034000,0.554896,-0.140475,0.092465,3.141592,0.000011,-0.000115
26.080550,-2.276257,-0.526259,-14.723751,-0.101625,-0.188625,0.034000,0.554921,-0.140392,0.092465,3.141592,0.000011,-0.000108
26.084545,-2.276255,-0.526254,-14.723750,-0.101625,-0.188625,0.034000,0.554948,-0.140307,0.092467,3.141593,0.000006,-0.000089
26.088541,-2.276255,-0.526254,-14.723750,-0.101625,-0.188625,0.034000,0.554973,-0.140224,0.092467,3.141593,0.000007,-0.000075
26.092541,-2.276256,-0.526256,-14.723751,-0.101625,-0.188625,0.034000,0.554999,-0.140142,0.092469,3.141593,0.000009,-0.000061
26.096544,-2.276253,-0.526251,-14.723750,-0.101625,-0.188625,0.034000,0.555025,-0.140059,0.092470,3.141593,0.000004,-0.000054
26.100541,-2.126251,-0.566246,-14.543750,-0.099625,-0.181625,0.033000,0.555052,-0.139976,0.092472,-3.141593,-0.000001,-0.000040
26.104540,-2.126257,-0.566258,-14.543750,-0.099625,-0.181625,0.033000,0.555076,-0.139894,0.092469,3.141592,0.000010,-0.000032
26.108540,-2.126254,-0.566253,-14.543750,-0.099625,-0.181625,0.033000,0.555102,-0.139811,0.092471,3.141593,0.000005,-0.000025
26.112540,-2.126252,-0.566249,-14.543750,-0.099625,-0.181625,0.033000,0.555131,-0.139728,0.092474,3.141593,0.000002,-0.000065
26.116540,-2.126252,-0.566249,-14.543750,-0.099625,-0.181625,0.033000,0.555162,-0.139626,0.092474,3.141593,0.000001,-0.000028
26.120540,-2.126252,-0.566249,-14.543750,-0.099625,-0.181625,0.033000,0.555162,-0.139626,0.092474,3.141593,0.000001,-0.000028
26.124541,-2.126252,-0.566249,-14.543750,-0.099625,-0.181625,0.033000,0.555162,-0.139626,0.092474,3.141593,0.000001,-0.000028
26.128540,-2.126253,-0.566251,-14.543750,-0.099625,-0.181625,0.033000,0.555212,-0.139460,0.092475,3.141593,0.000003,-0.000040
26.132540,-2.126252,-0.566248,-14.543750,-0.099625,-0.181625,0.033000,0.555266,-0.139293,0.092478,3.141593,0.000000,-0.000055
26.136541,-2.126252,-0.566248,-14.543750,-0.099625,-0.181625,0.033000,0.555290,-0.139210,0.092479,3.141593,0.000001,-0.000068
26.140540,-2.056255,-0.556255,-14.193751,-0.096625,-0.179625,0.033000,0.555316,-0.139125,0.092477,3.141593,0.000007,-0.000076
26.144541,-2.056252,-0.556250,-14.193750,-0.096625,-0.179625,0.033000,0.555344,-0.139037,0.092479,3.141593,0.000002,-0.000073
26.148541,-2.056246,-0.556238,-14.193750,-0.096625,-0.179625,0.033000,0.555371,-0.138954,0.092482,-3.141592,-0.000010,-0.000086
26.152540,-2.056250,-0.556245,-14.193750,-0.096625,-0.179625,0.033000,0.555395,-0.138869,0.092481,-3.141593,-0.000002,-0.000088
26.156540,-2.056247,-0.556240,-14.193750,-0.096625,-0.179625,0.033000,0.555423,-0.138781,0.092483,-3.141593,-0.000007,-0.000078
26.160540,-2.056245,-0.556235,-14.193750,-0.096625,-0.179625,0.033000,0.555450,-0.138696,0.092485,-3.141592,-0.000012,-0.000066
26.164540,-2.056247,-0.556240,-14.193750,-0.096625,-0.179625,0.033000,0.555475,-0.138611,0.092483,-3.141593,-0.000007,-0.000054
26.168540,-2.056248,-0.556242,-14.193750,-0.096625,-0.179625,0.033000,0.555501,-0.138526,0.092484,-3.141593,-0.000006,-0.000042
26.172541,-2.056246,-0.556237,-14.193750,-0.096625,-0.179625,0.033000,0.555528,-0.138440,0.092486,-3.141592,-0.000011,-0.000017
26.176547,-2.056250,-0.556244,-14.193750,-0.096625,-0.179625,0.033000,0.555553,-0.138355,0.092486,-3.141593,-0.000003,-0.000005
26.180548,-2.056250,-0.556244,-14.193750,-0.096625,-0.179625,0.033000,0.555553,-0.138355,0.092486,-3.141593,-0.000003,-0.000005
26.184503,-2.046250,-0.476245,-13.833750,-0.095625,-0.176625,0.031000,0.555606,-0.138185,0.092486,-3.141593,-0.000002,0.000018
26.188521,-2.046248,-0.476240,-13.833749,-0.095625,-0.176625,0.031000,0.555632,-0.138102,0.092488,-3.141593,-0.000007,0.000026
26.192531,-2.046248,-0.476241,-13.833749,-0.095625,-0.176625,0.031000,0.555657,-0.138017,0.092489,-3.141593,-0.000007,0.000024
26.196523,-2.046249,-0.476243,-13.833750,-0.095625,-0.176625,0.031000,0.555683,-0.137931,0.092490,-3.141593,-0.000005,0.000016
26.200539,-2.046249,-0.476242,-13.833750,-0.095625,-0.176625,0.031000,0.555710,-0.137846,0.092489,-3.141593,-0.000005,0.000014
26.204544,-2.046249,-0.476242,-13.833750,-0.095625,-0.176625,0.031000,0.555710,-0.137846,0.092489,-3.141593,-0.000005,0.000014
26.208555,-2.046246,-0.476237,-13.833749,-0.095625,-0.176625,0.031000,0.555736,-0.137763,0.092491,-3.141592,-0.000010,-0.000039
26.212538,-2.046243,-0.476232,-13.833749,-0.095625,-0.176625,0.031000,0.555795,-0.137573,0.092492,-3.141592,-0.000016,-0.000026
26.216526,-2.046243,-0.476232,-13.833749,-0.095625,-0.176625,0.031000,0.555795,-0.137573,0.092492,-3.141592,-0.000016,-0.000026
26.220538,-2.046240,-0.476227,-13.833749,-0.095625,-0.176625,0.031000,0.555823,-0.137485,0.092494,-3.141592,-0.000021,-0.000037
26.224539,-2.096242,-0.446229,-13.543749,-0.094625,-0.171625,0.032000,0.555848,-0.137402,0.092496,-3.141592,-0.000019,-0.000050
26.228540,-2.096241,-0.446228,-13.543749,-0.094625,-0.171625,0.032000,0.555875,-0.137317,0.092495,-3.141592,-0.000019,-0.000065
26.232538,-2.096241,-0.446228,-13.543749,-0.094625,-0.171625,0.032000,0.555875,-0.137317,0.092495,-3.141592,-0.000019,-0.000065
26.236540,-2.096240,-0.446225,-13.543749,-0.094625,-0.171625,0.032000,0.555928,-0.137146,0.092498,-3.141592,-0.000023,-0.000075
26.240544,-2.096242,-0.446230,-13.543749,-0.094625,-0.171625,0.032000,0.555953,-0.137058,0.092496,-3.141592,-0.000018,-0.000065
26.244540,-2.096240,-0.446226,-13.543749,-0.094625,-0.171625,0.032000,0.555987,-0.136951,0.092499,-3.141592,-0.000021,-0.000040
26.248540,-2.096243,-0.446231,-13.543749,-0.094625,-0.171625,0.032000,0.556006,-0.136885,0.092497,-3.141592,-0.000016,-0.000030
26.252540,-2.096240,-0.446226,-13.543749,-0.094625,-0.171625,0.032000,0.556034,-0.136797,0.092499,-3.141592,-0.000021,-0.000014
26.256538,-2.096241,-0.446227,-13.543749,-0.094625,-0.171625,0.032000,0.556059,-0.136712,0.092499,-3.141592,-0.000021,-0.000002
26.260544,-2.096244,-0.446233,-13.543749,-0.094625,-0.171625,0.032000,0.556085,-0.136624,0.092498,-3.141592,-0.000014,0.000008
26.264540,-2.096241,-0.446228,-13.543749,-0.094625,-0.171625,0.032000,0.556112,-0.136539,0.092499,-3.141592,-0.000019,0.000019
26.268539,-2.116238,-0.456222,-13.353749,-0.094625,-0.169625,0.033000,0.556146,-0.136431,0.092501,-3.141592,-0.000025,0.000018
26.272539,-2.116238,-0.456223,-13.353749,-0.094625,-0.169625,0.033000,0.556166,-0.136366,0.092501,-3.141592,-0.000025,-0.000026
26.276541,-2.116238,-0.456222,-13.353749,-0.094625,-0.169625,0.033000,0.556193,-0.136278,0.092500,-3.141592,-0.000025,0.000017
26.280500,-2.116238,-0.456222,-13.353749,-0.094625,-0.169625,0.033000,0.556225,-0.136170,0.092500,-3.141592,-0.000026,0.000002
26.284537,-2.116241,-0.456228,-13.353749,-0.094625,-0.169625,0.033000,0.556251,-0.136085,0.092498,-3.141592,-0.000019,-0.000013
26.288540,-2.116239,-0.456223,-13.353749,-0.094625,-0.169625,0.033000,0.556278,-0.135997,0.092500,-3.141592,-0.000024,-0.000030
26.292539,-2.116238,-0.456223,-13.353749,-0.094625,-0.169625,0.033000,0.556304,-0.135911,0.092500,-3.141592,-0.000025,-0.000046
26.296539,-2.116236,-0.456218,-13.353749,-0.094625,-0.169625,0.033000,0.556332,-0.135823,0.092502,-3.141592,-0.000030,-0.000056
26.300539,-2.016239,-0.456224,-13.213749,-0.094625,-0.163625,0.032000,0.556357,-0.135738,0.092500,-3.141592,-0.000024,-0.000078
26.304537,-2.016239,-0.456224,-13.213749,-0.094625,-0.163625,0.032000,0.556382,-0.135653,0.092501,-3.141592,-0.000023,-0.000093
26.308540,-2.016239,-0.456224,-13.213749,-0.094625,-0.163625,0.032000,0.556409,-0.135565,0.092500,-3.141592,-0.000024,-0.000097
26.312539,-2.016239,-0.456224,-13.213749,-0.094625,-0.163625,0.032000,0.556436,-0.135477,0.092499,-3.141592,-0.000024,-0.000094
26.316544,-2.016240,-0.456225,-13.213749,-0.094625,-0.163625,0.032000,0.556462,-0.135391,0.092501,-3.141592,-0.000022,-0.000089
26.320539,-2.016239,-0.456225,-13.213749,-0.094625,-0.163625,0.032000,0.556488,-0.135306,0.092500,-3.141592,-0.000023,-0.000084
26.324539,-2.016239,-0.456224,-13.213749,-0.094625,-0.163625,0.032000,0.556515,-0.135218,0.092500,-3.141592,-0.000023,-0.000067
26.328540,-2.016236,-0.456219,-13.213748,-0.094625,-0.163625,0.032000,0.556541,-0.135133,0.092501,-3.141592,-0.000028,-0.000056
26.332544,-2.016236,-0.456218,-13.213748,-0.094625,-0.163625,0.032000,0.556575,-0.135025,0.092500,-3.141592,-0.000029,-0.000037
26.336540,-2.016236,-0.456219,-13.213748,-0.094625,-0.163625,0.032000,0.556594,-0.134962,0.092500,-3.141592,-0.000029,-0.000032
26.340541,-1.956236,-0.476218,-13.223749,-0.094625,-0.164625,0.032000,0.556620,-0.134879,0.092500,-3.141592,-0.000029,-0.000024
26.344511,-1.956235,-0.476218,-13.223749,-0.094625,-0.164625,0.032000,0.556645,-0.134798,0.092499,-3.141592,-0.000030,-0.000028
26.348539,-1.956233,-0.476213,-13.223748,-0.094625,-0.164625,0.032000,0.556671,-0.134715,0.092501,-3.141592,-0.000035,-0.000028
26.352543,-1.956233,-0.476212,-13.223748,-0.094625,-0.164625,0.032000,0.556696,-0.134635,0.092501,-3.141592,-0.000035,-0.000032
26.356539,-1.956235,-0.476217,-13.223749,-0.094625,-0.164625,0.032000,0.556719,-0.134552,0.092498,-3.141592,-0.000030,-0.000078
26.360539,-1.956236,-0.476218,-13.223749,-0.094625,-0.164625,0.032000,0.556745,-0.134472,0.092499,-3.141592,-0.000029,-0.000082
26.364539,-1.956235,-0.476218,-13.223749,-0.094625,-0.164625,0.032000,0.556776,-0.134369,0.092498,-3.141592,-0.000030,-0.000059
26.368539,-1.956235,-0.476217,-13.223749,-0.094625,-0.164625,0.032000,0.556801,-0.134288,0.092498,-3.141592,-0.000030,-0.000070
26.372537,-1.956235,-0.476217,-13.223749,-0.094625,-0.164625,0.032000,0.556826,-0.134205,0.092497,-3.141592,-0.000031,-0.000082
26.376539,-1.956238,-0.476223,-13.223749,-0.094625,-0.164625,0.032000,0.556851,-0.134122,0.092496,-3.141592,-0.000025,-0.000088
26.380537,-1.966238,-0.446223,-13.313749,-0.094625,-0.169625,0.033000,0.556877,-0.134039,0.092495,-3.141592,-0.000025,-0.000101
26.384500,-1.966238,-0.446222,-13.313749,-0.094625,-0.169625,0.033000,0.556902,-0.133959,0.092495,-3.141592,-0.000025,-0.000112
26.388540,-1.966235,-0.446217,-13.313749,-0.094625,-0.169625,0.033000,0.556927,-0.133876,0.092496,-3.141592,-0.000030,-0.000118
26.392539,-1.966240,-0.446227,-13.313749,-0.094625,-0.169625,0.033000,0.556950,-0.133793,0.092492,-3.141592,-0.000021,-0.000111
26.396545,-1.966237,-0.446222,-13.313749,-0.094625,-0.169625,0.033000,0.556976,-0.133712,0.092494,-3.141592,-0.000026,-0.000108
26.400539,-1.966234,-0.446216,-13.313749,-0.094625,-0.169625,0.033000,0.557003,-0.133629,0.092495,-3.141592,-0.000032,-0.000101
26.404540,-1.966234,-0.446215,-13.313749,-0.094625,-0.169625,0.033000,0.557029,-0.133546,0.092494,-3.141592,-0.000032,-0.000080
26.408538,-1.966234,-0.446215,-13.313749,-0.094625,-0.169625,0.033000,0.557054,-0.133463,0.092494,-3.141592,-0.000033,-0.000066
26.412500,-1.966234,-0.446214,-13.313749,-0.094625,-0.169625,0.033000,0.557079,-0.133383,0.092493,-3.141592,-0.000033,-0.000049
26.416545,-1.966239,-0.446224,-13.313749,-0.094625,-0.169625,0.033000,0.557102,-0.133300,0.092488,-3.141592,-0.000024,-0.000035
26.420539,-2.066242,-0.436230,-13.503749,-0.096625,-0.175625,0.034000,0.557126,-0.133219,0.092487,-3.141592,-0.000017,-0.000032
26.424539,-2.066242,-0.436230,-13.503749,-0.096625,-0.175625,0.034000,0.557151,-0.133136,0.092486,-3.141592,-0.000018,-0.000018
26.428539,-2.066239,-0.436225,-13.503749,-0.096625,-0.175625,0.034000,0.557177,-0.133053,0.092488,-3.141592,-0.000023,-0.000011
26.432539,-2.066239,-0.436224,-13.503749,-0.096625,-0.175625,0.034000,0.557202,-0.132970,0.092488,-3.141592,-0.000023,-0.000004
26.436539,-2.066242,-0.436231,-13.503749,-0.096625,-0.175625,0.034000,0.557226,-0.132890,0.092487,-3.141592,-0.000017,-0.000008
26.440541,-2.066238,-0.436223,-13.503749,-0.096625,-0.175625,0.034000,0.557252,-0.132806,0.092487,-3.141592,-0.000024,-0.000014
26.444539,-2.066239,-0.436224,-13.503749,-0.096625,-0.175625,0.034000,0.557283,-0.132706,0.092487,-3.141592,-0.000023,-0.000029
26.448541,-2.066238,-0.436223,-13.503749,-0.096625,-0.175625,0.034000,0.557302,-0.132645,0.092485,-3.141592,-0.000025,-0.000035
26.452539,-2.066238,-0.436222,-13.503749,-0.096625,-0.175625,0.034000,0.557327,-0.132562,0.092485,-3.141592,-0.000026,-0.000048
26.456539,-2.136237,-0.476222,-13.863748,-0.098625,-0.176625,0.035000,0.557352,-0.132482,0.092484,-3.141592,-0.000026,-0.000065
26.460540,-2.136237,-0.476221,-13.863748,-0.098625,-0.176625,0.035000,0.557377,-0.132399,0.092484,-3.141592,-0.000026,-0.000078
26.464540,-2.136240,-0.476227,-13.863748,-0.098625,-0.176625,0.035000,0.557403,-0.132318,0.092482,-3.141592,-0.000021,-0.000116
26.468539,-2.136240,-0.476226,-13.863748,-0.098625,-0.176625,0.035000,0.557433,-0.132215,0.092481,-3.141592,-0.000021,-0.000079
26.472539,-2.136243,-0.476231,-13.863749,-0.098625,-0.176625,0.035000,0.557455,-0.132134,0.092479,-3.141592,-0.000017,-0.000076
26.476537,-2.136242,-0.476231,-13.863749,-0.098625,-0.176625,0.035000,0.557480,-0.132054,0.092478,-3.141592,-0.000017,-0.000067
26.480539,-2.136246,-0.476237,-13.863749,-0.098625,-0.176625,0.035000,0.557505,-0.131971,0.092477,-3.141592,-0.000011,-0.000052
26.484539,-2.136245,-0.476236,-13.863749,-0.098625,-0.176625,0.035000,0.557529,-0.131890,0.092476,-3.141592,-0.000011,-0.000043
26.488500,-2.136245,-0.476236,-13.863749,-0.098625,-0.176625,0.035000,0.557554,-0.131807,0.092476,-3.141592,-0.000012,-0.000029
26.492502,-2.136245,-0.476236,-13.863749,-0.098625,-0.176625,0.035000,0.557579,-0.131726,0.092475,-3.141592,-0.000012,-0.000019
26.496542,-2.196242,-0.526230,-14.183749,-0.101625,-0.178625,0.036000,0.557606,-0.131646,0.092476,-3.141592,-0.000018,-0.000016
26.500539,-2.196242,-0.526229,-14.183749,-0.101625,-0.178625,0.036000,0.557631,-0.131563,0.092476,-3.141592,-0.000018,-0.000002
26.504545,-2.196241,-0.526229,-14.183749,-0.101625,-0.178625,0.036000,0.557655,-0.131482,0.092475,-3.141592,-0.000019,0.000001
26.508552,-2.196245,-0.526235,-14.183750,-0.101625,-0.178625,0.036000,0.557680,-0.131399,0.092474,-3.141592,-0.000013,0.000008
26.512540,-2.196244,-0.526235,-14.183749,-0.101625,-0.178625,0.036000,0.557704,-0.131318,0.092473,-3.141592,-0.000013,0.000011
26.516539,-2.196244,-0.526234,-14.183749,-0.101625,-0.178625,0.036000,0.557729,-0.131238,0.092473,-3.141592,-0.000013,0.000014
26.520540,-2.196240,-0.526227,-14.183749,-0.101625,-0.178625,0.036000,0.557755,-0.131154,0.092473,-3.141592,-0.000021,0.000021
26.524539,-2.196244,-0.526233,-14.183749,-0.101625,-0.178625,0.036000,0.557778,-0.131074,0.092472,-3.141592,-0.000014,0.000017
26.528537,-2.196243,-0.526233,-14.183749,-0.101625,-0.178625,0.036000,0.557804,-0.130991,0.092471,-3.141592,-0.000015,0.000011
26.532539,-2.196243,-0.526233,-14.183749,-0.101625,-0.178625,0.036000,0.557804,-0.130991,0.092471,-3.141592,-0.000015,0.000011
26.536540,-2.196243,-0.526233,-14.183749,-0.101625,-0.178625,0.036000,0.557804,-0.130991,0.092471,-3.141592,-0.000015,0.000011
26.540539,-2.196240,-0.526227,-14.183749,-0.101625,-0.178625,0.036000,0.557856,-0.130824,0.092472,-3.141592,-0.000021,-0.000015
26.544537,-2.196243,-0.546231,-14.593749,-0.104625,-0.182625,0.038000,0.557908,-0.130653,0.092469,-3.141592,-0.000016,-0.000025
26.548539,-2.196246,-0.546238,-14.593749,-0.104625,-0.182625,0.038000,0.557933,-0.130567,0.092468,-3.141592,-0.000010,-0.000026
26.552540,-2.196246,-0.546238,-14.593749,-0.104625,-0.182625,0.038000,0.557933,-0.130567,0.092468,-3.141592,-0.000010,-0.000026
26.556539,-2.196245,-0.546236,-14.593749,-0.104625,-0.182625,0.038000,0.557966,-0.130461,0.092466,-3.141592,-0.000011,-0.000032
26.560539,-2.196246,-0.546237,-14.593749,-0.104625,-0.182625,0.038000,0.558019,-0.130287,0.092466,-3.141592,-0.000011,-0.000024
26.564550,-2.196242,-0.546231,-14.593749,-0.104625,-0.182625,0.038000,0.558047,-0.130202,0.092467,-3.141592,-0.000017,-0.000019
26.568542,-2.196243,-0.546232,-14.593749,-0.104625,-0.182625,0.038000,0.558074,-0.130116,0.092468,-3.141592,-0.000016,-0.000021
26.572539,-2.196245,-0.546236,-14.593749,-0.104625,-0.182625,0.038000,0.558099,-0.130030,0.092465,-3.141592,-0.000012,-0.000022
26.576541,-2.196242,-0.546230,-14.593749,-0.104625,-0.182625,0.038000,0.558127,-0.129942,0.092466,-3.141592,-0.000018,-0.000020
26.580543,-2.236242,-0.516230,-14.883749,-0.106625,-0.185625,0.037000,0.558152,-0.129859,0.092465,-3.141592,-0.000018,-0.000019
26.584540,-2.236242,-0.516230,-14.883749,-0.106625,-0.185625,0.037000,0.558152,-0.129859,0.092465,-3.141592,-0.000018,-0.000019
26.588538,-2.236242,-0.516231,-14.883749,-0.106625,-0.185625,0.037000,0.558180,-0.129770,0.092466,-3.141592,-0.000017,-0.000016
26.592504,-2.236248,-0.516241,-14.883750,-0.106625,-0.185625,0.037000,0.558230,-0.129599,0.092461,-3.141592,-0.000007,-0.000013
26.596548,-2.236245,-0.516235,-14.883749,-0.106625,-0.185625,0.037000,0.558258,-0.129513,0.092462,-3.141592,-0.000013,-0.000021
26.600512,-2.236245,-0.516235,-14.883749,-0.106625,-0.185625,0.037000,0.558258,-0.129513,0.092462,-3.141592,-0.000013,-0.000021
26.604539,-2.236245,-0.516236,-14.883749,-0.106625,-0.185625,0.037000,0.558285,-0.129427,0.092463,-3.141592,-0.000012,-0.000022
26.608543,-2.236245,-0.516235,-14.883749,-0.106625,-0.185625,0.037000,0.558310,-0.129341,0.092462,-3.141592,-0.000012,-0.000024
26.612541,-2.236247,-0.516240,-14.883750,-0.106625,-0.185625,0.037000,0.558362,-0.129170,0.092460,-3.141592,-0.000007,-0.000034
26.616539,-2.236247,-0.516240,-14.883750,-0.106625,-0.185625,0.037000,0.558362,-0.129170,0.092460,-3.141592,-0.000007,-0.000034
26.620539,-2.246248,-0.536241,-14.983750,-0.106625,-0.187625,0.037000,0.558389,-0.129084,0.092460,-3.141592,-0.000006,-0.000042
26.624539,-2.256251,-0.576247,-15.213750,-0.105625,-0.189625,0.039000,0.558416,-0.128998,0.092458,-3.141593,-0.000001,-0.000044
26.628541,-2.256251,-0.576246,-15.213750,-0.105625,-0.189625,0.039000,0.558440,-0.128915,0.092458,-3.141593,-0.000001,-0.000050
26.632539,-2.256254,-0.576252,-15.213750,-0.105625,-0.189625,0.039000,0.558465,-0.128829,0.092456,3.141592,0.000005,-0.000052
26.636539,-2.256251,-0.576247,-15.213750,-0.105625,-0.189625,0.039000,0.558493,-0.128743,0.092457,-3.141593,-0.000001,-0.000047
26.640540,-2.256251,-0.576247,-15.213750,-0.105625,-0.189625,0.039000,0.558526,-0.128640,0.092457,-3.141593,-0.000001,-0.000050
26.644539,-2.256254,-0.576251,-15.213750,-0.105625,-0.189625,0.039000,0.558543,-0.128577,0.092455,3.141593,0.000004,-0.000052
26.648539,-2.256254,-0.576251,-15.213750,-0.105625,-0.189625,0.039000,0.558576,-0.128473,0.092454,3.141593,0.000004,-0.000056
26.652539,-2.256251,-0.576247,-15.213750,-0.105625,-0.189625,0.039000,0.558597,-0.128407,0.092456,-3.141593,-0.000001,-0.000053
26.656538,-2.256253,-0.576251,-15.213750,-0.105625,-0.189625,0.039000,0.558630,-0.128304,0.092454,3.141593,0.000003,-0.000064
26.660539,-2.246250,-0.526245,-15.433750,-0.108625,-0.190625,0.038000,0.558657,-0.128220,0.092455,-3.141593,-0.000002,-0.000063
26.664539,-2.246249,-0.526244,-15.433750,-0.108625,-0.190625,0.038000,0.558683,-0.128137,0.092453,-3.141593,-0.000004,-0.000062
26.668538,-2.246253,-0.526250,-15.433750,-0.108625,-0.190625,0.038000,0.558707,-0.128054,0.092452,3.141593,0.000003,-0.000069
26.672539,-2.246253,-0.526251,-15.433750,-0.108625,-0.190625,0.038000,0.558734,-0.127970,0.092452,3.141593,0.000003,-0.000075
26.676539,-2.246253,-0.526250,-15.433750,-0.108625,-0.190625,0.038000,0.558760,-0.127887,0.092451,3.141593,0.000002,-0.000081
26.680539,-2.246256,-0.526256,-15.433751,-0.108625,-0.190625,0.038000,0.558784,-0.127804,0.092450,3.141592,0.000008,-0.000087
26.684538,-2.246255,-0.526255,-15.433751,-0.108625,-0.190625,0.038000,0.558811,-0.127720,0.092448,3.141592,0.000007,-0.000093
26.688539,-2.246256,-0.526255,-15.433751,-0.108625,-0.190625,0.038000,0.558837,-0.127634,0.092449,3.141592,0.000008,-0.000088
26.692516,-2.246256,-0.526256,-15.433751,-0.108625,-0.190625,0.038000,0.558864,-0.127551,0.092449,3.141592,0.000009,-0.000087
26.696501,-2.246255,-0.526255,-15.433751,-0.108625,-0.190625,0.038000,0.558890,-0.127467,0.092448,3.141592,0.000007,-0.000080
26.700539,-2.396252,-0.556249,-15.703750,-0.110625,-0.195625,0.040000,0.558917,-0.127382,0.092449,3.141593,0.000002,-0.000075
26.704539,-2.396255,-0.556255,-15.703750,-0.110625,-0.195625,0.040000,0.558943,-0.127301,0.092447,3.141592,0.000007,-0.000072
26.708539,-2.396256,-0.556255,-15.703750,-0.110625,-0.195625,0.040000,0.558969,-0.127217,0.092447,3.141592,0.000008,-0.000065
26.712539,-2.396258,-0.556259,-15.703750,-0.110625,-0.195625,0.040000,0.558994,-0.127131,0.092444,3.141592,0.000012,-0.000053
26.716539,-2.396259,-0.556260,-15.703750,-0.110625,-0.195625,0.040000,0.559020,-0.127048,0.092445,3.141592,0.000013,-0.000052
26.720539,-2.396255,-0.556254,-15.703750,-0.110625,-0.195625,0.040000,0.559046,-0.126964,0.092446,3.141592,0.000007,-0.000052
26.724502,-2.396258,-0.556260,-15.703750,-0.110625,-0.195625,0.040000,0.559072,-0.126881,0.092444,3.141592,0.000012,-0.000058
26.728540,-2.396259,-0.556261,-15.703750,-0.110625,-0.195625,0.040000,0.559098,-0.126798,0.092444,3.141592,0.000013,-0.000064
26.732539,-2.396258,-0.556259,-15.703750,-0.110625,-0.195625,0.040000,0.559124,-0.126717,0.092443,3.141592,0.000012,-0.000074
26.736500,-2.396259,-0.556260,-15.703750,-0.110625,-0.195625,0.040000,0.559150,-0.126633,0.092443,3.141592,0.000013,-0.000081
26.740539,-2.486259,-0.526261,-15.933751,-0.114625,-0.198625,0.040000,0.559176,-0.126550,0.092444,3.141592,0.000014,-0.000080
26.744539,-2.486261,-0.526265,-15.933751,-0.114625,-0.198625,0.040000,0.559200,-0.126466,0.092441,3.141592,0.000018,-0.000079
26.748540,-2.486262,-0.526266,-15.933751,-0.114625,-0.198625,0.040000,0.559226,-0.126385,0.092441,3.141592,0.000019,-0.000090
26.752542,-2.486258,-0.526260,-15.933751,-0.114625,-0.198625,0.040000,0.559252,-0.126304,0.092442,3.141592,0.000013,-0.000094
26.756540,-2.486259,-0.526261,-15.933751,-0.114625,-0.198625,0.040000,0.559278,-0.126221,0.092443,3.141592,0.000014,-0.000100
26.760539,-2.486265,-0.526272,-15.933751,-0.114625,-0.198625,0.040000,0.559301,-0.126137,0.092439,3.141592,0.000024,-0.000093
26.764539,-2.486262,-0.526266,-15.933751,-0.114625,-0.198625,0.040000,0.559327,-0.126056,0.092440,3.141592,0.000018,-0.000096
26.768539,-2.486262,-0.526267,-15.933751,-0.114625,-0.198625,0.040000,0.559352,-0.125975,0.092441,3.141592,0.000019,-0.000094
26.772539,-2.486259,-0.526261,-15.933751,-0.114625,-0.198625,0.040000,0.559379,-0.125892,0.092442,3.141592,0.000014,-0.000080
26.776539,-2.486259,-0.526262,-15.933751,-0.114625,-0.198625,0.040000,0.559405,-0.125808,0.092442,3.141592,0.000014,-0.000065
26.780537,-2.426259,-0.616261,-16.163750,-0.111625,-0.201625,0.039000,0.559431,-0.125727,0.092441,3.141592,0.000013,-0.000056
26.784539,-2.426259,-0.616261,-16.163750,-0.111625,-0.201625,0.039000,0.559456,-0.125644,0.092441,3.141592,0.000014,-0.000076
26.788539,-2.426263,-0.616268,-16.163751,-0.111625,-0.201625,0.039000,0.559480,-0.125560,0.092440,3.141592,0.000020,-0.000061
26.792539,-2.426263,-0.616268,-16.163751,-0.111625,-0.201625,0.039000,0.559512,-0.125459,0.092440,3.141592,0.000020,-0.000023
26.796539,-2.426263,-0.616268,-16.163751,-0.111625,-0.201625,0.039000,0.559537,-0.125378,0.092440,3.141592,0.000021,-0.000020
26.800500,-2.426264,-0.616269,-16.163751,-0.111625,-0.201625,0.039000,0.559562,-0.125297,0.092441,3.141592,0.000022,-0.000017
26.804539,-2.426264,-0.616270,-16.163751,-0.111625,-0.201625,0.039000,0.559589,-0.125211,0.092441,3.141592,0.000023,-0.000012
26.808540,-2.426261,-0.616264,-16.163751,-0.111625,-0.201625,0.039000,0.559614,-0.125133,0.092442,3.141592,0.000017,-0.000027
26.812540,-2.426264,-0.616271,-16.163751,-0.111625,-0.201625,0.039000,0.559638,-0.125049,0.092441,3.141592,0.000023,-0.000026
26.816537,-2.426265,-0.616272,-16.163751,-0.111625,-0.201625,0.039000,0.559663,-0.124968,0.092441,3.141592,0.000024,-0.000037
26.820539,-2.386262,-0.596266,-16.263751,-0.112625,-0.202625,0.039000,0.559689,-0.124884,0.092442,3.141592,0.000018,-0.000043
26.824539,-2.386262,-0.596267,-16.263751,-0.112625,-0.202625,0.039000,0.559714,-0.124806,0.092443,3.141592,0.000019,-0.000058
26.828540,-2.386263,-0.596267,-16.263751,-0.112625,-0.202625,0.039000,0.559740,-0.124720,0.092443,3.141592,0.000020,-0.000060
26.832540,-2.386263,-0.596268,-16.263751,-0.112625,-0.202625,0.039000,0.559765,-0.124639,0.092444,3.141592,0.000021,-0.000064
26.836539,-2.386260,-0.596263,-16.263751,-0.112625,-0.202625,0.039000,0.559792,-0.124555,0.092445,3.141592,0.000015,-0.000070
26.840539,-2.386260,-0.596263,-16.263751,-0.112625,-0.202625,0.039000,0.559817,-0.124472,0.092445,3.141592,0.000016,-0.000069
26.844511,-2.386261,-0.596265,-16.263751,-0.112625,-0.202625,0.039000,0.559840,-0.124393,0.092447,3.141592,0.000018,-0.000078
26.848540,-2.386262,-0.596266,-16.263751,-0.112625,-0.202625,0.039000,0.559866,-0.124310,0.092447,3.141592,0.000019,-0.000070
26.852538,-2.386259,-0.596262,-16.263751,-0.112625,-0.202625,0.039000,0.559893,-0.124228,0.092449,3.141592,0.000014,-0.000061
26.856512,-2.486256,-0.496256,-16.153751,-0.115625,-0.207625,0.038000,0.559920,-0.124142,0.092450,3.141592,0.000008,-0.000035
26.860539,-2.486260,-0.496262,-16.153751,-0.115625,-0.207625,0.038000,0.559943,-0.124061,0.092449,3.141592,0.000015,-0.000026
26.864541,-2.486260,-0.496263,-16.153751,-0.115625,-0.207625,0.038000,0.559968,-0.123980,0.092450,3.141592,0.000015,-0.000009
26.868540,-2.486261,-0.496264,-16.153751,-0.115625,-0.207625,0.038000,0.559994,-0.123896,0.092450,3.141592,0.000016,0.000011
26.872540,-2.486259,-0.496260,-16.153751,-0.115625,-0.207625,0.038000,0.560019,-0.123815,0.092453,3.141592,0.000013,0.000014
26.876539,-2.486259,-0.496261,-16.153751,-0.115625,-0.207625,0.038000,0.560044,-0.123734,0.092453,3.141592,0.000014,0.000024
26.880537,-2.486260,-0.496262,-16.153751,-0.115625,-0.207625,0.038000,0.560069,-0.123653,0.092454,3.141592,0.000014,0.000027
26.884585,-2.486263,-0.496268,-16.153751,-0.115625,-0.207625,0.038000,0.560092,-0.123570,0.092453,3.141592,0.000021,0.000027
26.888570,-2.486258,-0.496259,-16.153751,-0.115625,-0.207625,0.038000,0.560120,-0.123488,0.092457,3.141592,0.000012,0.000023
26.892571,-2.486255,-0.496253,-16.153751,-0.115625,-0.207625,0.038000,0.560146,-0.123405,0.092458,3.141592,0.000006,-0.000016
26.896573,-2.486255,-0.496254,-16.153751,-0.115625,-0.207625,0.038000,0.560171,-0.123324,0.092459,3.141592,0.000007,0.000007
26.900568,-2.476263,-0.446267,-15.993751,-0.116625,-0.201625,0.037000,0.560193,-0.123243,0.092457,3.141592,0.000020,-0.000044
26.904496,-2.476259,-0.446261,-15.993750,-0.116625,-0.201625,0.037000,0.560219,-0.123161,0.092458,3.141592,0.000014,-0.000062
26.908554,-2.476260,-0.446262,-15.993750,-0.116625,-0.201625,0.037000,0.560244,-0.123078,0.092459,3.141592,0.000015,-0.000068
26.912568,-2.476260,-0.446262,-15.993750,-0.116625,-0.201625,0.037000,0.560276,-0.122974,0.092458,3.141592,0.000015,-0.000038
26.916553,-2.476263,-0.446268,-15.993751,-0.116625,-0.201625,0.037000,0.560299,-0.122893,0.092457,3.141592,0.000021,-0.000055
26.920545,-2.476264,-0.446269,-15.993751,-0.116625,-0.201625,0.037000,0.560324,-0.122812,0.092457,3.141592,0.000022,-0.000073
26.924530,-2.476264,-0.446270,-15.993751,-0.116625,-0.201625,0.037000,0.560349,-0.122728,0.092458,3.141592,0.000023,-0.000079
26.928542,-2.476265,-0.446271,-15.993751,-0.116625,-0.201625,0.037000,0.560374,-0.122647,0.092458,3.141592,0.000024,-0.000076
26.932562,-2.476262,-0.446267,-15.993751,-0.116625,-0.201625,0.037000,0.560402,-0.122560,0.092461,3.141592,0.000019,-0.000051
26.936542,-2.416259,-0.506261,-15.853751,-0.112625,-0.196625,0.037000,0.560428,-0.122477,0.092462,3.141592,0.000013,-0.000037
26.940532,-2.416259,-0.506261,-15.853751,-0.112625,-0.196625,0.037000,0.560428,-0.122477,0.092462,3.141592,0.000013,-0.000037
26.944533,-2.406260,-0.536263,-15.743750,-0.111625,-0.195625,0.036000,0.560481,-0.122302,0.092463,3.141592,0.000015,-0.000002
26.948538,-2.406260,-0.536263,-15.743750,-0.111625,-0.195625,0.036000,0.560509,-0.122215,0.092462,3.141592,0.000015,0.000010
26.952538,-2.406260,-0.536263,-15.743750,-0.111625,-0.195625,0.036000,0.560535,-0.122126,0.092463,3.141592,0.000016,0.000020
26.956539,-2.406258,-0.536259,-15.743750,-0.111625,-0.195625,0.036000,0.560563,-0.122040,0.092465,3.141592,0.000011,0.000025
26.960540,-2.406258,-0.536260,-15.743750,-0.111625,-0.195625,0.036000,0.560590,-0.121951,0.092465,3.141592,0.000012,0.000028
26.964540,-2.406259,-0.536261,-15.743750,-0.111625,-0.195625,0.036000,0.560616,-0.121865,0.092466,3.141592,0.000013,0.000019
26.968540,-2.406262,-0.536266,-15.743751,-0.111625,-0.195625,0.036000,0.560642,-0.121776,0.092464,3.141592,0.000019,0.000022
26.972538,-2.406259,-0.536262,-15.743750,-0.111625,-0.195625,0.036000,0.560670,-0.121690,0.092466,3.141592,0.000014,0.000007
26.976537,-2.406260,-0.536262,-15.743750,-0.111625,-0.195625,0.036000,0.560696,-0.121604,0.092466,3.141592,0.000015,-0.000008
26.980537,-2.446257,-0.496258,-15.573750,-0.113625,-0.194625,0.036000,0.560724,-0.121517,0.092468,3.141592,0.000010,-0.000023
26.984539,-2.446264,-0.496270,-15.573751,-0.113625,-0.194625,0.036000,0.560749,-0.121428,0.092466,3.141592,0.000023,-0.000040
26.988539,-2.446264,-0.496270,-15.573751,-0.113625,-0.194625,0.036000,0.560749,-0.121428,0.092466,3.141592,0.000023,-0.000040
26.992539,-2.446265,-0.496271,-15.573751,-0.113625,-0.194625,0.036000,0.560803,-0.121256,0.092466,3.141591,0.000023,-0.000070
26.996539,-2.446261,-0.496265,-15.573750,-0.113625,-0.194625,0.036000,0.560829,-0.121169,0.092467,3.141592,0.000018,-0.000085
27.000540,-2.446259,-0.496260,-15.573750,-0.113625,-0.194625,0.036000,0.560858,-0.121080,0.092469,3.141592,0.000013,-0.000089
27.004544,-2.446259,-0.496261,-15.573750,-0.113625,-0.194625,0.036000,0.560883,-0.120994,0.092469,3.141592,0.000014,-0.000091
27.008500,-2.446262,-0.496267,-15.573751,-0.113625,-0.194625,0.036000,0.560909,-0.120908,0.092467,3.141592,0.000019,-0.000086
27.012519,-2.446262,-0.496267,-15.573751,-0.113625,-0.194625,0.036000,0.560909,-0.120908,0.092467,3.141592,0.000019,-0.000086
27.016537,-2.446260,-0.496262,-15.573750,-0.113625,-0.194625,0.036000,0.560937,-0.120819,0.092470,3.141592,0.000015,-0.000076
27.020539,-2.376263,-0.506268,-15.503751,-0.112625,-0.192625,0.036000,0.560988,-0.120646,0.092468,3.141592,0.000021,-0.000052
27.024538,-2.376261,-0.506264,-15.503751,-0.112625,-0.192625,0.036000,0.561016,-0.120560,0.092470,3.141592,0.000017,-0.000041
27.028539,-2.376261,-0.506265,-15.503751,-0.112625,-0.192625,0.036000,0.561043,-0.120471,0.092471,3.141592,0.000017,-0.000031
27.032541,-2.376264,-0.506270,-15.503751,-0.112625,-0.192625,0.036000,0.561068,-0.120384,0.092469,3.141591,0.000023,-0.000026
27.036540,-2.376262,-0.506266,-15.503751,-0.112625,-0.192625,0.036000,0.561096,-0.120298,0.092471,3.141592,0.000018,-0.000061
27.040539,-2.376262,-0.506266,-15.503751,-0.112625,-0.192625,0.036000,0.561096,-0.120298,0.092471,3.141592,0.000018,-0.000061
27.044537,-2.376263,-0.506267,-15.503751,-0.112625,-0.192625,0.036000,0.561130,-0.120189,0.092471,3.141592,0.000020,-0.000029
27.048539,-2.376266,-0.506272,-15.503751,-0.112625,-0.192625,0.036000,0.561155,-0.120102,0.092469,3.141591,0.000025,-0.000037
27.052539,-2.376263,-0.506268,-15.503751,-0.112625,-0.192625,0.036000,0.561183,-0.120016,0.092471,3.141592,0.000020,-0.000046
27.056541,-2.306267,-0.576274,-15.553751,-0.108625,-0.193625,0.036000,0.561234,-0.119841,0.092470,3.141591,0.000027,-0.000058
27.060539,-2.306267,-0.576274,-15.553751,-0.108625,-0.193625,0.036000,0.561234,-0.119841,0.092470,3.141591,0.000027,-0.000058
27.064552,-2.306264,-0.576270,-15.553751,-0.108625,-0.193625,0.036000,0.561290,-0.119668,0.092472,3.141591,0.000022,-0.000088
27.068539,-2.306265,-0.576270,-15.553751,-0.108625,-0.193625,0.036000,0.561315,-0.119581,0.092472,3.141591,0.000023,-0.000103
27.072540,-2.306265,-0.576270,-15.553751,-0.108625,-0.193625,0.036000,0.561343,-0.119495,0.092472,3.141591,0.000023,-0.000118
27.076539,-2.306264,-0.576269,-15.553751,-0.108625,-0.193625,0.036000,0.561368,-0.119408,0.092470,3.141591,0.000022,-0.000120
27.080540,-2.306264,-0.576269,-15.553751,-0.108625,-0.193625,0.036000,0.561368,-0.119408,0.092470,3.141591,0.000022,-0.000120
27.084540,-2.306261,-0.576265,-15.553751,-0.108625,-0.193625,0.036000,0.561397,-0.119319,0.092473,3.141592,0.000017,-0.000117
27.088538,-2.306262,-0.576265,-15.553751,-0.108625,-0.193625,0.036000,0.561422,-0.119233,0.092473,3.141592,0.000018,-0.000112
27.092505,-2.306266,-0.576273,-15.553751,-0.108625,-0.193625,0.036000,0.561475,-0.119057,0.092472,3.141591,0.000026,-0.000090
27.096502,-2.306263,-0.576269,-15.553751,-0.108625,-0.193625,0.036000,0.561503,-0.118971,0.092475,3.141592,0.000021,-0.000078
27.100523,-2.306267,-0.536274,-15.543751,-0.108625,-0.195625,0.035000,0.561528,-0.118882,0.092473,3.141591,0.000027,-0.000062
27.104539,-2.306264,-0.536269,-15.543751,-0.108625,-0.195625,0.035000,0.561556,-0.118795,0.092475,3.141591,0.000022,-0.000050
27.108537,-2.306261,-0.536265,-15.543751,-0.108625,-0.195625,0.035000,0.561584,-0.118709,0.092477,3.141592,0.000018,-0.000038
27.112502,-2.306259,-0.536261,-15.543750,-0.108625,-0.195625,0.035000,0.561611,-0.118622,0.092479,3.141592,0.000013,-0.000033
27.116536,-2.306259,-0.536261,-15.543750,-0.108625,-0.195625,0.035000,0.561611,-0.118622,0.092479,3.141592,0.000013,-0.000033
27.120541,-2.306263,-0.536268,-15.543751,-0.108625,-0.195625,0.035000,0.561664,-0.118446,0.092478,3.141592,0.000021,-0.000025
27.124539,-2.306263,-0.536268,-15.543751,-0.108625,-0.195625,0.035000,0.561664,-0.118446,0.092478,3.141592,0.000021,-0.000025
27.128538,-2.306264,-0.536269,-15.543751,-0.108625,-0.195625,0.035000,0.561689,-0.118360,0.092479,3.141591,0.000022,-0.000027
27.132547,-2.306261,-0.536264,-15.543751,-0.108625,-0.195625,0.035000,0.561743,-0.118189,0.092481,3.141592,0.000017,-0.000048
27.136498,-2.306261,-0.536264,-15.543751,-0.108625,-0.195625,0.035000,0.561743,-0.118189,0.092481,3.141592,0.000017,-0.000048
27.140539,-2.416262,-0.486265,-15.553751,-0.112625,-0.197625,0.037000,0.561768,-0.118105,0.092481,3.141592,0.000018,-0.000054
27.144540,-2.416259,-0.486261,-15.553751,-0.112625,-0.197625,0.037000,0.561795,-0.118024,0.092483,3.141592,0.000013,-0.000065
27.148540,-2.416260,-0.486262,-15.553751,-0.112625,-0.197625,0.037000,0.561819,-0.117940,0.092484,3.141592,0.000014,-0.000078
27.152539,-2.416257,-0.486257,-15.553751,-0.112625,-0.197625,0.037000,0.561846,-0.117858,0.092486,3.141592,0.000010,-0.000088
27.156539,-2.416254,-0.486253,-15.553750,-0.112625,-0.197625,0.037000,0.561872,-0.117777,0.092488,3.141592,0.000005,-0.000092
27.160539,-2.416258,-0.486259,-15.553751,-0.112625,-0.197625,0.037000,0.561903,-0.117672,0.092487,3.141592,0.000012,-0.000082
27.164539,-2.416256,-0.486256,-15.553750,-0.112625,-0.197625,0.037000,0.561922,-0.117614,0.092490,3.141592,0.000008,-0.000086
27.168540,-2.416259,-0.486261,-15.553751,-0.112625,-0.197625,0.037000,0.561946,-0.117532,0.092488,3.141592,0.000014,-0.000077
27.172540,-2.416257,-0.486257,-15.553751,-0.112625,-0.197625,0.037000,0.561973,-0.117448,0.092490,3.141592,0.000009,-0.000096
27.176539,-2.416258,-0.486258,-15.553751,-0.112625,-0.197625,0.037000,0.562001,-0.117364,0.092491,3.141592,0.000011,-0.000082
27.180496,-2.406258,-0.496259,-15.413750,-0.111625,-0.193625,0.037000,0.562030,-0.117262,0.092491,3.141592,0.000011,-0.000037
27.184539,-2.406255,-0.496254,-15.413750,-0.111625,-0.193625,0.037000,0.562057,-0.117178,0.092493,3.141592,0.000007,-0.000029
27.188540,-2.406255,-0.496254,-15.413750,-0.111625,-0.193625,0.037000,0.562083,-0.117096,0.092493,3.141592,0.000007,-0.000020
27.192539,-2.406253,-0.496250,-15.413750,-0.111625,-0.193625,0.037000,0.562109,-0.117015,0.092495,3.141593,0.000002,-0.000010
27.196539,-2.406253,-0.496251,-15.413750,-0.111625,-0.193625,0.037000,0.562134,-0.116928,0.092496,3.141592,0.000003,0.000002
27.200541,-2.406251,-0.496246,-15.413750,-0.111625,-0.193625,0.037000,0.562160,-0.116849,0.092498,-3.141593,-0.000001,-0.000000
27.204539,-2.406251,-0.496246,-15.413750,-0.111625,-0.193625,0.037000,0.562186,-0.116765,0.092497,-3.141593,-0.000001,0.000007
27.208539,-2.406251,-0.496247,-15.413750,-0.111625,-0.193625,0.037000,0.562210,-0.116683,0.092498,-3.141593,-0.000000,0.000010
27.212539,-2.406253,-0.496249,-15.413750,-0.111625,-0.193625,0.037000,0.562237,-0.116599,0.092499,3.141593,0.000002,0.000011
27.216538,-2.406253,-0.496249,-15.413750,-0.111625,-0.193625,0.037000,0.562263,-0.116515,0.092499,3.141593,0.000002,0.000011
27.220500,-2.376250,-0.596245,-15.203750,-0.105625,-0.190625,0.038000,0.562289,-0.116436,0.092501,-3.141592,-0.000003,0.000003
27.224539,-2.376253,-0.596250,-15.203750,-0.105625,-0.190625,0.038000,0.562313,-0.116352,0.092499,3.141592,0.000003,-0.000003
27.228540,-2.376250,-0.596246,-15.203750,-0.105625,-0.190625,0.038000,0.562339,-0.116270,0.092501,-3.141593,-0.000002,-0.000014
27.232539,-2.376251,-0.596247,-15.203750,-0.105625,-0.190625,0.038000,0.562363,-0.116189,0.092502,-3.141593,-0.000001,-0.000024
27.236539,-2.376252,-0.596248,-15.203750,-0.105625,-0.190625,0.038000,0.562395,-0.116084,0.092502,3.141593,0.000000,-0.000028
27.240540,-2.376252,-0.596249,-15.203750,-0.105625,-0.190625,0.038000,0.562415,-0.116023,0.092503,3.141593,0.000001,-0.000028
27.244540,-2.376249,-0.596243,-15.203749,-0.105625,-0.190625,0.038000,0.562447,-0.115921,0.092504,-3.141592,-0.000004,-0.000029
27.248539,-2.376249,-0.596243,-15.203749,-0.105625,-0.190625,0.038000,0.562447,-0.115921,0.092504,-3.141592,-0.000004,-0.000029
27.252548,-2.376252,-0.596249,-15.203750,-0.105625,-0.190625,0.038000,0.562471,-0.115839,0.092502,3.141593,0.000001,-0.000026
27.256539,-2.376253,-0.596250,-15.203750,-0.105625,-0.190625,0.038000,0.562495,-0.115758,0.092503,3.141593,0.000002,-0.000024
27.260538,-2.376250,-0.596245,-15.203750,-0.105625,-0.190625,0.038000,0.562543,-0.115615,0.092504,-3.141593,-0.000002,-0.000047
27.264540,-2.236251,-0.576247,-14.973750,-0.104625,-0.185625,0.037000,0.562572,-0.115513,0.092506,-3.141593,-0.000000,-0.000002
27.268539,-2.236252,-0.576248,-14.973750,-0.104625,-0.185625,0.037000,0.562596,-0.115431,0.092506,3.141593,0.000001,0.000001
27.272539,-2.236252,-0.576248,-14.973750,-0.104625,-0.185625,0.037000,0.562622,-0.115349,0.092506,3.141593,0.000001,0.000004
27.276539,-2.236249,-0.576244,-14.973750,-0.104625,-0.185625,0.037000,0.562648,-0.115265,0.092508,-3.141592,-0.000004,0.000011
27.280497,-2.236247,-0.576239,-14.973750,-0.104625,-0.185625,0.037000,0.562674,-0.115186,0.092510,-3.141592,-0.000008,0.000010
27.284539,-2.236247,-0.576239,-14.973750,-0.104625,-0.185625,0.037000,0.562700,-0.115104,0.092510,-3.141592,-0.000008,0.000006
27.288539,-2.236244,-0.576235,-14.973749,-0.104625,-0.185625,0.037000,0.562725,-0.115025,0.092512,-3.141592,-0.000013,0.000004
27.292539,-2.236244,-0.576236,-14.973750,-0.104625,-0.185625,0.037000,0.562749,-0.114943,0.092513,-3.141592,-0.000012,0.000000
27.296539,-2.236244,-0.576236,-14.973750,-0.104625,-0.185625,0.037000,0.562775,-0.114862,0.092512,-3.141592,-0.000012,0.000003
27.300539,-2.226245,-0.546237,-14.803749,-0.103625,-0.186625,0.037000,0.562799,-0.114780,0.092513,-3.141592,-0.000011,-0.000001
27.304541,-2.226249,-0.546243,-14.803750,-0.103625,-0.186625,0.037000,0.562823,-0.114701,0.092512,-3.141592,-0.000004,-0.000016
27.308539,-2.226246,-0.546239,-14.803750,-0.103625,-0.186625,0.037000,0.562850,-0.114617,0.092514,-3.141592,-0.000009,-0.000015
27.312542,-2.226246,-0.546239,-14.803750,-0.103625,-0.186625,0.037000,0.562875,-0.114535,0.092513,-3.141592,-0.000009,-0.000019
27.316539,-2.226247,-0.546240,-14.803750,-0.103625,-0.186625,0.037000,0.562899,-0.114453,0.092514,-3.141592,-0.000008,-0.000023
27.320539,-2.226247,-0.546240,-14.803750,-0.103625,-0.186625,0.037000,0.562925,-0.114369,0.092514,-3.141592,-0.000008,-0.000022
27.324499,-2.226250,-0.546245,-14.803750,-0.103625,-0.186625,0.037000,0.562948,-0.114290,0.092512,-3.141592,-0.000003,-0.000031
27.328541,-2.226251,-0.546247,-14.803750,-0.103625,-0.186625,0.037000,0.562973,-0.114208,0.092513,-3.141593,-0.000000,-0.000035
27.332540,-2.226249,-0.546243,-14.803750,-0.103625,-0.186625,0.037000,0.562999,-0.114126,0.092515,-3.141592,-0.000005,-0.000032
27.336503,-2.246249,-0.516243,-14.683750,-0.103625,-0.187625,0.037000,0.563025,-0.114042,0.092515,-3.141592,-0.000005,-0.000031
27.340523,-2.246246,-0.506238,-14.603750,-0.102625,-0.186625,0.037000,0.563052,-0.113955,0.092517,-3.141592,-0.000010,-0.000033
27.344538,-2.246246,-0.506238,-14.603750,-0.102625,-0.186625,0.037000,0.563078,-0.113871,0.092517,-3.141592,-0.000010,-0.000039
27.348536,-2.246250,-0.506245,-14.603750,-0.102625,-0.186625,0.037000,0.563104,-0.113784,0.092516,-3.141592,-0.000003,-0.000041
27.352538,-2.246247,-0.506240,-14.603750,-0.102625,-0.186625,0.037000,0.563131,-0.113699,0.092518,-3.141592,-0.000007,-0.000053
27.356541,-2.246247,-0.506240,-14.603750,-0.102625,-0.186625,0.037000,0.563157,-0.113613,0.092517,-3.141592,-0.000007,-0.000055
27.360546,-2.246245,-0.506236,-14.603750,-0.102625,-0.186625,0.037000,0.563183,-0.113528,0.092520,-3.141592,-0.000012,-0.000061
27.364539,-2.246248,-0.506242,-14.603750,-0.102625,-0.186625,0.037000,0.563209,-0.113441,0.092519,-3.141592,-0.000005,-0.000063
27.368543,-2.246248,-0.506242,-14.603750,-0.102625,-0.186625,0.037000,0.563236,-0.113354,0.092518,-3.141592,-0.000005,-0.000064
27.372540,-2.246246,-0.506238,-14.603750,-0.102625,-0.186625,0.037000,0.563263,-0.113268,0.092520,-3.141592,-0.000010,-0.000066
27.376538,-2.246250,-0.506245,-14.603750,-0.102625,-0.186625,0.037000,0.563288,-0.113183,0.092519,-3.141592,-0.000003,-0.000072
27.380537,-2.306250,-0.446245,-14.433750,-0.103625,-0.185625,0.037000,0.563314,-0.113096,0.092519,-3.141592,-0.000003,-0.000081
27.384541,-2.306251,-0.446247,-14.433750,-0.103625,-0.185625,0.037000,0.563340,-0.113012,0.092521,-3.141593,-0.000001,-0.000080
27.388539,-2.306248,-0.446242,-14.433750,-0.103625,-0.185625,0.037000,0.563366,-0.112928,0.092523,-3.141592,-0.000005,-0.000079
27.392538,-2.306252,-0.446248,-14.433750,-0.103625,-0.185625,0.037000,0.563399,-0.112818,0.092521,3.141593,0.000001,-0.000074
27.396541,-2.306252,-0.446249,-14.433750,-0.103625,-0.185625,0.037000,0.563419,-0.112754,0.092521,3.141593,0.000001,-0.000109
27.400539,-2.306252,-0.446249,-14.433750,-0.103625,-0.185625,0.037000,0.563448,-0.112649,0.092521,3.141593,0.000001,-0.000073
27.404540,-2.306250,-0.446245,-14.433750,-0.103625,-0.185625,0.037000,0.563475,-0.112562,0.092523,-3.141592,-0.000003,-0.000068
27.408539,-2.306253,-0.446251,-14.433750,-0.103625,-0.185625,0.037000,0.563501,-0.112475,0.092522,3.141592,0.000004,-0.000063
27.412540,-2.306251,-0.446247,-14.433750,-0.103625,-0.185625,0.037000,0.563527,-0.112391,0.092524,-3.141593,-0.000001,-0.000069
27.416537,-2.306248,-0.446241,-14.433750,-0.103625,-0.185625,0.037000,0.563555,-0.112306,0.092526,-3.141592,-0.000006,-0.000068
27.420540,-2.346245,-0.466237,-14.353750,-0.105625,-0.184625,0.038000,0.563581,-0.112222,0.092528,-3.141592,-0.000011,-0.000074
27.424539,-2.346247,-0.466239,-14.353750,-0.105625,-0.184625,0.038000,0.563607,-0.112135,0.092529,-3.141592,-0.000009,-0.000083
27.428499,-2.346247,-0.466239,-14.353750,-0.105625,-0.184625,0.038000,0.563634,-0.112048,0.092529,-3.141592,-0.000009,-0.000084
27.432540,-2.346250,-0.466246,-14.353750,-0.105625,-0.184625,0.038000,0.563659,-0.111963,0.092528,-3.141593,-0.000002,-0.000097
27.436500,-2.346248,-0.466241,-14.353750,-0.105625,-0.184625,0.038000,0.563685,-0.111876,0.092530,-3.141592,-0.000006,-0.000099
27.440522,-2.346252,-0.466248,-14.353750,-0.105625,-0.184625,0.038000,0.563711,-0.111789,0.092529,3.141593,0.000000,-0.000107
27.444539,-2.346252,-0.466248,-14.353750,-0.105625,-0.184625,0.038000,0.563738,-0.111700,0.092529,3.141593,0.000000,-0.000104
27.448540,-2.346253,-0.466249,-14.353750,-0.105625,-0.184625,0.038000,0.563766,-0.111613,0.092529,3.141593,0.000000,0.000000
27.452539,-2.346253,-0.466249,-14.353750,-0.105625,-0.184625,0.038000,0.563766,-0.111613,0.092529,3.141593,0.000000,0.000000
27.456538,-2.346252,-0.466249,-14.353750,-0.105625,-0.184625,0.038000,0.563792,-0.111526,0.092529,3.141593,0.000002,-0.000101
27.460539,-2.266250,-0.466246,-14.233750,-0.104625,-0.179625,0.036000,0.563846,-0.111351,0.092532,-3.141593,-0.000002,-0.000084
27.464539,-2.266247,-0.466241,-14.233750,-0.104625,-0.179625,0.036000,0.563875,-0.111264,0.092533,-3.141592,-0.000007,-0.000078
27.468540,-2.266247,-0.466241,-14.233750,-0.104625,-0.179625,0.036000,0.563901,-0.111177,0.092533,-3.141592,-0.000007,-0.000067
27.472539,-2.266248,-0.466242,-14.233750,-0.104625,-0.179625,0.036000,0.563929,-0.111090,0.092534,-3.141592,-0.000006,-0.000061
27.476540,-2.266248,-0.466242,-14.233750,-0.104625,-0.179625,0.036000,0.563955,-0.111003,0.092533,-3.141592,-0.000006,-0.000050
27.480539,-2.266245,-0.466237,-14.233750,-0.104625,-0.179625,0.036000,0.563983,-0.110916,0.092535,-3.141592,-0.000011,-0.000045
27.484539,-2.266249,-0.466243,-14.233750,-0.104625,-0.179625,0.036000,0.564009,-0.110829,0.092534,-3.141592,-0.000004,-0.000039
27.488540,-2.266246,-0.466238,-14.233750,-0.104625,-0.179625,0.036000,0.564037,-0.110742,0.092535,-3.141592,-0.000010,-0.000034
27.492545,-2.266246,-0.466238,-14.233750,-0.104625,-0.179625,0.036000,0.564037,-0.110742,0.092535,-3.141592,-0.000010,-0.000034
27.496540,-2.166250,-0.536245,-14.123750,-0.100625,-0.177625,0.036000,0.564088,-0.110570,0.092533,-3.141592,-0.000003,-0.000049
27.500504,-2.166247,-0.536239,-14.123749,-0.100625,-0.177625,0.036000,0.564116,-0.110483,0.092535,-3.141592,-0.000008,-0.000057
27.504539,-2.166250,-0.536246,-14.123750,-0.100625,-0.177625,0.036000,0.564142,-0.110396,0.092534,-3.141593,-0.000002,-0.000059
27.508539,-2.166251,-0.536247,-14.123750,-0.100625,-0.177625,0.036000,0.564170,-0.110308,0.092535,-3.141593,-0.000000,-0.000067
27.512537,-2.166251,-0.536247,-14.123750,-0.100625,-0.177625,0.036000,0.564196,-0.110221,0.092534,-3.141593,-0.000000,-0.000109
27.516537,-2.166248,-0.536242,-14.123749,-0.100625,-0.177625,0.036000,0.564224,-0.110134,0.092536,-3.141592,-0.000006,-0.000117
27.520541,-2.166255,-0.536254,-14.123750,-0.100625,-0.177625,0.036000,0.564251,-0.110047,0.092533,3.141592,0.000007,-0.000119
27.524539,-2.166255,-0.536254,-14.123750,-0.100625,-0.177625,0.036000,0.564251,-0.110047,0.092533,3.141592,0.000007,-0.000119
27.528539,-2.166252,-0.536248,-14.123750,-0.100625,-0.177625,0.036000,0.564311,-0.109852,0.092533,3.141593,0.000000,-0.000086
27.532500,-2.166252,-0.536248,-14.123750,-0.100625,-0.177625,0.036000,0.564311,-0.109852,0.092533,3.141593,0.000000,-0.000086
27.536499,-2.166249,-0.536243,-14.123749,-0.100625,-0.177625,0.036000,0.564339,-0.109765,0.092535,-3.141592,-0.000005,-0.000088
27.540539,-2.136253,-0.496249,-14.023750,-0.100625,-0.178625,0.035000,0.564391,-0.109588,0.092533,3.141593,0.000002,-0.000066
27.544546,-2.136249,-0.496244,-14.023750,-0.100625,-0.178625,0.035000,0.564419,-0.109501,0.092535,-3.141592,-0.000004,-0.000054
27.548539,-2.136249,-0.496244,-14.023750,-0.100625,-0.178625,0.035000,0.564419,-0.109501,0.092535,-3.141592,-0.000004,-0.000054
27.552539,-2.136249,-0.496244,-14.023750,-0.100625,-0.178625,0.035000,0.564445,-0.109414,0.092534,-3.141592,-0.000004,-0.000036
27.556540,-2.136256,-0.496256,-14.023751,-0.100625,-0.178625,0.035000,0.564468,-0.109327,0.092531,3.141592,0.000008,-0.000017
27.560541,-2.136253,-0.496250,-14.023750,-0.100625,-0.178625,0.035000,0.564496,-0.109239,0.092533,3.141592,0.000003,-0.000005
27.564539,-2.136253,-0.496250,-14.023750,-0.100625,-0.178625,0.035000,0.564522,-0.109152,0.092532,3.141592,0.000003,0.000006
27.568539,-2.136257,-0.496257,-14.023751,-0.100625,-0.178625,0.035000,0.564547,-0.109065,0.092531,3.141592,0.000010,0.000012
27.572542,-2.136254,-0.496252,-14.023751,-0.100625,-0.178625,0.035000,0.564575,-0.108978,0.092533,3.141592,0.000004,0.000017
27.576541,-2.136251,-0.496246,-14.023750,-0.100625,-0.178625,0.035000,0.564628,-0.108806,0.092534,-3.141593,-0.000001,0.000002
27.580537,-2.136251,-0.496246,-14.023750,-0.100625,-0.178625,0.035000,0.564628,-0.108806,0.092534,-3.141593,-0.000001,0.000002
27.584539,-2.256255,-0.466253,-14.063751,-0.102625,-0.183625,0.036000,0.564654,-0.108719,0.092533,3.141592,0.000006,-0.000006
27.588539,-2.256255,-0.466253,-14.063751,-0.102625,-0.183625,0.036000,0.564679,-0.108631,0.092532,3.141592,0.000006,-0.000055
27.592539,-2.256251,-0.466248,-14.063750,-0.102625,-0.183625,0.036000,0.564707,-0.108544,0.092534,3.141593,0.000000,-0.000023
27.596544,-2.256251,-0.466248,-14.063750,-0.102625,-0.183625,0.036000,0.564733,-0.108457,0.092533,3.141593,0.000000,-0.000085
27.600540,-2.256252,-0.466249,-14.063750,-0.102625,-0.183625,0.036000,0.564761,-0.108369,0.092534,3.141593,0.000001,-0.000100
27.604540,-2.256249,-0.466244,-14.063750,-0.102625,-0.183625,0.036000,0.564789,-0.108282,0.092535,-3.141592,-0.000004,-0.000109
27.608540,-2.256249,-0.466244,-14.063750,-0.102625,-0.183625,0.036000,0.564818,-0.108174,0.092535,-3.141592,-0.000004,-0.000074
27.612539,-2.256253,-0.466250,-14.063750,-0.102625,-0.183625,0.036000,0.564844,-0.108085,0.092534,3.141592,0.000003,-0.000071
27.616538,-2.256250,-0.466245,-14.063750,-0.102625,-0.183625,0.036000,0.564871,-0.108000,0.092535,-3.141592,-0.000003,-0.000071
27.620539,-2.296250,-0.446245,-14.223750,-0.104625,-0.181625,0.036000,0.564897,-0.107910,0.092535,-3.141592,-0.000003,-0.000061
27.624539,-2.296247,-0.446240,-14.223750,-0.104625,-0.181625,0.036000,0.564925,-0.107823,0.092536,-3.141592,-0.000008,-0.000049
27.628543,-2.296251,-0.446246,-14.223750,-0.104625,-0.181625,0.036000,0.564950,-0.107735,0.092535,-3.141593,-0.000001,-0.000037
27.632539,-2.296255,-0.446253,-14.223750,-0.104625,-0.181625,0.036000,0.564975,-0.107651,0.092534,3.141592,0.000005,-0.000016
27.636543,-2.296252,-0.446248,-14.223750,-0.104625,-0.181625,0.036000,0.565001,-0.107563,0.092537,3.141593,0.000001,-0.000005
27.640500,-2.296249,-0.446243,-14.223750,-0.104625,-0.181625,0.036000,0.565028,-0.107481,0.092538,-3.141592,-0.000005,0.000005
27.644539,-2.296253,-0.446250,-14.223750,-0.104625,-0.181625,0.036000,0.565052,-0.107399,0.092537,3.141592,0.000002,0.000015
27.648540,-2.296249,-0.446244,-14.223750,-0.104625,-0.181625,0.036000,0.565079,-0.107314,0.092538,-3.141592,-0.000003,0.000022
27.652539,-2.296253,-0.446250,-14.223750,-0.104625,-0.181625,0.036000,0.565101,-0.107232,0.092536,3.141592,0.000002,0.000018
27.656539,-2.286249,-0.466244,-14.293750,-0.104625,-0.181625,0.036000,0.565128,-0.107152,0.092538,-3.141592,-0.000003,0.000010
27.660540,-2.266249,-0.496244,-14.323749,-0.104625,-0.181625,0.037000,0.565152,-0.107070,0.092537,-3.141592,-0.000003,0.000006
27.664539,-2.266246,-0.496239,-14.323749,-0.104625,-0.181625,0.037000,0.565179,-0.106988,0.092539,-3.141592,-0.000009,-0.000005
27.668541,-2.266246,-0.496239,-14.323749,-0.104625,-0.181625,0.037000,0.565204,-0.106905,0.092538,-3.141592,-0.000009,-0.000022
27.672510,-2.266246,-0.496239,-14.323749,-0.104625,-0.181625,0.037000,0.565228,-0.106823,0.092538,-3.141592,-0.000009,-0.000033
27.676540,-2.266243,-0.496234,-14.323749,-0.104625,-0.181625,0.037000,0.565255,-0.106738,0.092539,-3.141592,-0.000014,-0.000046
27.680539,-2.266247,-0.496240,-14.323749,-0.104625,-0.181625,0.037000,0.565279,-0.106659,0.092538,-3.141592,-0.000007,-0.000068
27.684539,-2.266247,-0.496240,-14.323749,-0.104625,-0.181625,0.037000,0.565304,-0.106574,0.092538,-3.141592,-0.000007,-0.000074
27.688539,-2.266248,-0.496242,-14.323749,-0.104625,-0.181625,0.037000,0.565330,-0.106492,0.092539,-3.141592,-0.000006,-0.000091
27.692540,-2.266248,-0.496242,-14.323749,-0.104625,-0.181625,0.037000,0.565354,-0.106409,0.092538,-3.141592,-0.000006,-0.000095
27.696550,-2.266248,-0.496242,-14.323749,-0.104625,-0.181625,0.037000,0.565379,-0.106327,0.092538,-3.141592,-0.000006,-0.000092
27.700539,-2.196249,-0.496243,-14.343750,-0.105625,-0.180625,0.035000,0.565405,-0.106242,0.092539,-3.141592,-0.000005,-0.000085
27.704538,-2.196251,-0.496247,-14.343750,-0.105625,-0.180625,0.035000,0.565429,-0.106160,0.092536,-3.141593,-0.000000,-0.000075
27.708539,-2.196251,-0.496247,-14.343750,-0.105625,-0.180625,0.035000,0.565454,-0.106078,0.092535,-3.141593,-0.000000,-0.000059
27.712539,-2.196248,-0.496242,-14.343750,-0.105625,-0.180625,0.035000,0.565481,-0.105995,0.092537,-3.141592,-0.000006,-0.000049
27.716540,-2.196251,-0.496246,-14.343750,-0.105625,-0.180625,0.035000,0.565505,-0.105913,0.092534,-3.141593,-0.000001,-0.000033
27.720540,-2.196248,-0.496241,-14.343750,-0.105625,-0.180625,0.035000,0.565532,-0.105828,0.092535,-3.141592,-0.000007,-0.000059
27.724539,-2.196248,-0.496242,-14.343750,-0.105625,-0.180625,0.035000,0.565564,-0.105725,0.092535,-3.141592,-0.000006,-0.000014
27.728539,-2.196250,-0.496246,-14.343750,-0.105625,-0.180625,0.035000,0.565588,-0.105643,0.092532,-3.141593,-0.000002,-0.000011
27.732539,-2.196247,-0.496241,-14.343750,-0.105625,-0.180625,0.035000,0.565614,-0.105560,0.092533,-3.141592,-0.000007,-0.000008
27.736501,-2.206250,-0.506245,-14.343750,-0.103625,-0.181625,0.035000,0.565638,-0.105480,0.092531,-3.141592,-0.000003,-0.000016
27.740539,-2.206251,-0.506246,-14.343750,-0.103625,-0.181625,0.035000,0.565664,-0.105398,0.092531,-3.141593,-0.000001,-0.000014
27.744545,-2.196251,-0.526246,-14.383750,-0.103625,-0.182625,0.036000,0.565688,-0.105316,0.092531,-3.141593,-0.000001,-0.000018
27.748539,-2.196250,-0.526245,-14.383750,-0.103625,-0.182625,0.036000,0.565713,-0.105238,0.092530,-3.141592,-0.000002,-0.000037
27.752541,-2.196251,-0.526247,-14.383750,-0.103625,-0.182625,0.036000,0.565740,-0.105153,0.092530,-3.141593,-0.000001,-0.000037
27.756540,-2.196254,-0.526252,-14.383750,-0.103625,-0.182625,0.036000,0.565765,-0.105074,0.092529,3.141592,0.000005,-0.000052
27.760539,-2.196254,-0.526252,-14.383750,-0.103625,-0.182625,0.036000,0.565791,-0.104991,0.092528,3.141592,0.000004,-0.000069
27.764540,-2.196257,-0.526256,-14.383750,-0.103625,-0.182625,0.036000,0.565815,-0.104911,0.092525,3.141592,0.000008,-0.000084
27.768543,-2.196257,-0.526257,-14.383750,-0.103625,-0.182625,0.036000,0.565840,-0.104831,0.092525,3.141592,0.000010,-0.000093
27.772541,-2.196254,-0.526251,-14.383750,-0.103625,-0.182625,0.036000,0.565868,-0.104749,0.092526,3.141592,0.000004,-0.000096
27.776539,-2.196254,-0.526251,-14.383750,-0.103625,-0.182625,0.036000,0.565893,-0.104666,0.092526,3.141592,0.000004,-0.000094
27.780545,-2.186253,-0.606250,-14.773750,-0.100625,-0.187625,0.036000,0.565919,-0.104584,0.092524,3.141592,0.000003,-0.000091
27.784540,-2.186250,-0.606245,-14.773750,-0.100625,-0.187625,0.036000,0.565945,-0.104504,0.092526,-3.141592,-0.000003,-0.000079
27.788541,-2.186249,-0.606244,-14.773750,-0.100625,-0.187625,0.036000,0.565971,-0.104424,0.092525,-3.141592,-0.000004,-0.000074
27.792539,-2.186250,-0.606245,-14.773750,-0.100625,-0.187625,0.036000,0.565997,-0.104339,0.092525,-3.141592,-0.000002,-0.000060
27.796540,-2.186250,-0.606244,-14.773750,-0.100625,-0.187625,0.036000,0.566022,-0.104259,0.092524,-3.141592,-0.000003,-0.000041
27.800540,-2.186246,-0.606239,-14.773750,-0.100625,-0.187625,0.036000,0.566049,-0.104176,0.092525,-3.141592,-0.000009,-0.000032
27.804539,-2.186250,-0.606245,-14.773750,-0.100625,-0.187625,0.036000,0.566074,-0.104096,0.092524,-3.141592,-0.000003,-0.000027
27.808539,-2.186247,-0.606240,-14.773750,-0.100625,-0.187625,0.036000,0.566100,-0.104014,0.092525,-3.141592,-0.000008,-0.000017
27.812539,-2.186251,-0.606246,-14.773750,-0.100625,-0.187625,0.036000,0.566123,-0.103934,0.092524,-3.141593,-0.000002,-0.000012
27.816540,-2.246250,-0.616245,-15.043750,-0.101625,-0.189625,0.036000,0.566149,-0.103851,0.092523,-3.141592,-0.000002,-0.000003
27.820540,-2.276247,-0.616240,-15.093750,-0.101625,-0.190625,0.037000,0.566176,-0.103769,0.092524,-3.141592,-0.000008,0.000007
27.824539,-2.276247,-0.616241,-15.093750,-0.101625,-0.190625,0.037000,0.566201,-0.103689,0.092525,-3.141592,-0.000007,-0.000001
27.828540,-2.276247,-0.616240,-15.093750,-0.101625,-0.190625,0.037000,0.566227,-0.103606,0.092524,-3.141592,-0.000007,-0.000005
27.832540,-2.276251,-0.616247,-15.093750,-0.101625,-0.190625,0.037000,0.566250,-0.103524,0.092523,-3.141593,-0.000001,-0.000009
27.836501,-2.276248,-0.616242,-15.093750,-0.101625,-0.190625,0.037000,0.566277,-0.103441,0.092524,-3.141592,-0.000006,-0.000020
27.840539,-2.276244,-0.616236,-15.093749,-0.101625,-0.190625,0.037000,0.566303,-0.103356,0.092525,-3.141592,-0.000011,-0.000033
27.844540,-2.276248,-0.616242,-15.093750,-0.101625,-0.190625,0.037000,0.566329,-0.103271,0.092523,-3.141592,-0.000006,-0.000086
27.848543,-2.276244,-0.616236,-15.093749,-0.101625,-0.190625,0.037000,0.566362,-0.103163,0.092524,-3.141592,-0.000012,-0.000058
27.852539,-2.276241,-0.616231,-15.093749,-0.101625,-0.190625,0.037000,0.566389,-0.103075,0.092525,-3.141591,-0.000017,-0.000060
27.856539,-2.456248,-0.586242,-15.283749,-0.105625,-0.197625,0.037000,0.566413,-0.102990,0.092522,-3.141592,-0.000006,-0.000066
27.860540,-2.456248,-0.586242,-15.283749,-0.105625,-0.197625,0.037000,0.566413,-0.102990,0.092522,-3.141592,-0.000006,-0.000066
27.864539,-2.456249,-0.586243,-15.283749,-0.105625,-0.197625,0.037000,0.566439,-0.102905,0.092523,-3.141592,-0.000005,-0.000065
27.868539,-2.456242,-0.586232,-15.283749,-0.105625,-0.197625,0.037000,0.566493,-0.102732,0.092525,-3.141591,-0.000016,-0.000053
27.872539,-2.456249,-0.586243,-15.283749,-0.105625,-0.197625,0.037000,0.566516,-0.102647,0.092522,-3.141592,-0.000004,-0.000045
27.876542,-2.456246,-0.586238,-15.283749,-0.105625,-0.197625,0.037000,0.566543,-0.102562,0.092523,-3.141592,-0.000010,-0.000038
27.880540,-2.456250,-0.586245,-15.283749,-0.105625,-0.197625,0.037000,0.566567,-0.102474,0.092522,-3.141592,-0.000003,-0.000026
27.884543,-2.456249,-0.586244,-15.283749,-0.105625,-0.197625,0.037000,0.566593,-0.102389,0.092521,-3.141592,-0.000004,-0.000019
27.888539,-2.456250,-0.586245,-15.283749,-0.105625,-0.197625,0.037000,0.566619,-0.102304,0.092522,-3.141592,-0.000003,-0.000012
27.892546,-2.456247,-0.586240,-15.283749,-0.105625,-0.197625,0.037000,0.566646,-0.102219,0.092523,-3.141592,-0.000008,-0.000011
27.896511,-2.456253,-0.586251,-15.283750,-0.105625,-0.197625,0.037000,0.566669,-0.102134,0.092519,3.141592,0.000003,-0.000004
27.900539,-2.536250,-0.506245,-15.333750,-0.110625,-0.197625,0.037000,0.566696,-0.102048,0.092521,-3.141592,-0.000002,0.000004
27.904540,-2.536249,-0.506244,-15.333750,-0.110625,-0.197625,0.037000,0.566722,-0.101963,0.092520,-3.141592,-0.000003,0.000004
27.908540,-2.536246,-0.506239,-15.333749,-0.110625,-0.197625,0.037000,0.566748,-0.101878,0.092521,-3.141592,-0.000009,-0.000002
27.912540,-2.536250,-0.506245,-15.333750,-0.110625,-0.197625,0.037000,0.566774,-0.101790,0.092519,-3.141592,-0.000003,-0.000003
27.916548,-2.536249,-0.506244,-15.333750,-0.110625,-0.197625,0.037000,0.566801,-0.101705,0.092518,-3.141592,-0.000004,-0.000010
27.920540,-2.536250,-0.506245,-15.333750,-0.110625,-0.197625,0.037000,0.566827,-0.101620,0.092519,-3.141592,-0.000002,-0.000022
27.924541,-2.536249,-0.506244,-15.333750,-0.110625,-0.197625,0.037000,0.566853,-0.101535,0.092517,-3.141592,-0.000003,-0.000028
27.928540,-2.536250,-0.506246,-15.333750,-0.110625,-0.197625,0.037000,0.566879,-0.101449,0.092518,-3.141592,-0.000002,-0.000035
27.932539,-2.536254,-0.506251,-15.333750,-0.110625,-0.197625,0.037000,0.566904,-0.101362,0.092516,3.141592,0.000004,-0.000029
27.936538,-2.536250,-0.506246,-15.333750,-0.110625,-0.197625,0.037000,0.566931,-0.101276,0.092518,-3.141593,-0.000002,-0.000036
27.940541,-2.496247,-0.586240,-15.533749,-0.109625,-0.198625,0.038000,0.566960,-0.101188,0.092518,-3.141592,-0.000008,-0.000037
27.944539,-2.496250,-0.586246,-15.533749,-0.109625,-0.198625,0.038000,0.566985,-0.101103,0.092516,-3.141592,-0.000002,-0.000037
27.948540,-2.496254,-0.586251,-15.533750,-0.109625,-0.198625,0.038000,0.567011,-0.101015,0.092515,3.141592,0.000004,-0.000031
27.952545,-2.496251,-0.586247,-15.533750,-0.109625,-0.198625,0.038000,0.567040,-0.100927,0.092517,-3.141593,-0.000000,-0.000020
27.956540,-2.496251,-0.586246,-15.533750,-0.109625,-0.198625,0.038000,0.567066,-0.100839,0.092516,-3.141593,-0.000001,-0.000021
27.960541,-2.496247,-0.586240,-15.533749,-0.109625,-0.198625,0.038000,0.567095,-0.100751,0.092516,-3.141592,-0.000007,-0.000023
27.964541,-2.496251,-0.586246,-15.533750,-0.109625,-0.198625,0.038000,0.567128,-0.100645,0.092515,-3.141593,-0.000001,-0.000027
27.968541,-2.496251,-0.586247,-15.533750,-0.109625,-0.198625,0.038000,0.567146,-0.100578,0.092515,-3.141593,-0.000000,-0.000024
27.972540,-2.496247,-0.586241,-15.533749,-0.109625,-0.198625,0.038000,0.567175,-0.100493,0.092516,-3.141592,-0.000007,-0.000023
27.976540,-2.496244,-0.586236,-15.533749,-0.109625,-0.198625,0.038000,0.567205,-0.100404,0.092517,-3.141592,-0.000012,-0.000059
27.980544,-2.426249,-0.536243,-15.753750,-0.111625,-0.199625,0.037000,0.567229,-0.100317,0.092516,-3.141592,-0.000005,-0.000060
27.984545,-2.426248,-0.536242,-15.753750,-0.111625,-0.199625,0.037000,0.567262,-0.100211,0.092515,-3.141592,-0.000005,-0.000030
27.988541,-2.426252,-0.536248,-15.753750,-0.111625,-0.199625,0.037000,0.567288,-0.100123,0.092514,3.141593,0.000000,-0.000032
27.992540,-2.426245,-0.536238,-15.753749,-0.111625,-0.199625,0.037000,0.567317,-0.100035,0.092517,-3.141592,-0.000010,-0.000033
27.996540,-2.426245,-0.536238,-15.753749,-0.111625,-0.199625,0.037000,0.567317,-0.100035,0.092517,-3.141592,-0.000010,-0.000033
28.000540,-2.426249,-0.536243,-15.753750,-0.111625,-0.199625,0.037000,0.567343,-0.099947,0.092515,-3.141592,-0.000004,-0.000035
28.004537,-2.426250,-0.536245,-15.753750,-0.111625,-0.199625,0.037000,0.567396,-0.099773,0.092515,-3.141592,-0.000003,-0.000043
28.008541,-2.426247,-0.536241,-15.753750,-0.111625,-0.199625,0.037000,0.567424,-0.099685,0.092518,-3.141592,-0.000007,-0.000044
28.012556,-2.426244,-0.536236,-15.753749,-0.111625,-0.199625,0.037000,0.567451,-0.099597,0.092519,-3.141592,-0.000012,-0.000046
28.016541,-2.476244,-0.556236,-15.933750,-0.112625,-0.204625,0.037000,0.567479,-0.099512,0.092519,-3.141592,-0.000012,-0.000052
28.020509,-2.476242,-0.556232,-15.933749,-0.112625,-0.204625,0.037000,0.567507,-0.099424,0.092521,-3.141591,-0.000016,-0.000054
28.024542,-2.476241,-0.556231,-15.933749,-0.112625,-0.204625,0.037000,0.567533,-0.099338,0.092520,-3.141591,-0.000017,-0.000053
28.028540,-2.476239,-0.556227,-15.933749,-0.112625,-0.204625,0.037000,0.567561,-0.099250,0.092523,-3.141591,-0.000021,-0.000048
28.032538,-2.476242,-0.556233,-15.933749,-0.112625,-0.204625,0.037000,0.567586,-0.099165,0.092521,-3.141591,-0.000015,-0.000054
28.036538,-2.476240,-0.556229,-15.933749,-0.112625,-0.204625,0.037000,0.567613,-0.099082,0.092523,-3.141591,-0.000019,-0.000065
28.040540,-2.476240,-0.556229,-15.933749,-0.112625,-0.204625,0.037000,0.567613,-0.099082,0.092523,-3.141591,-0.000019,-0.000065
28.044540,-2.476236,-0.556224,-15.933749,-0.112625,-0.204625,0.037000,0.567639,-0.098999,0.092524,-3.141590,-0.000024,-0.000069
28.048546,-2.476237,-0.556225,-15.933749,-0.112625,-0.204625,0.037000,0.567664,-0.098916,0.092525,-3.141591,-0.000023,-0.000066
28.052540,-2.476241,-0.556231,-15.933749,-0.112625,-0.204625,0.037000,0.567693,-0.098830,0.092524,-3.141591,-0.000017,-0.000106
28.056547,-2.476238,-0.556227,-15.933749,-0.112625,-0.204625,0.037000,0.567716,-0.098748,0.092526,-3.141591,-0.000021,-0.000069
28.060536,-2.476235,-0.556222,-15.933749,-0.112625,-0.204625,0.037000,0.567749,-0.098644,0.092527,-3.141590,-0.000026,-0.000071
28.064540,-2.486233,-0.486218,-15.873748,-0.114625,-0.203625,0.037000,0.567769,-0.098584,0.092529,-3.141590,-0.000031,-0.000081
28.068539,-2.486233,-0.486218,-15.873748,-0.114625,-0.203625,0.037000,0.567796,-0.098501,0.092529,-3.141590,-0.000030,-0.000079
28.072541,-2.486234,-0.486219,-15.873748,-0.114625,-0.203625,0.037000,0.567821,-0.098416,0.092530,-3.141590,-0.000029,-0.000071
28.076542,-2.486234,-0.486220,-15.873748,-0.114625,-0.203625,0.037000,0.567847,-0.098335,0.092530,-3.141590,-0.000029,-0.000080
28.080540,-2.486235,-0.486221,-15.873748,-0.114625,-0.203625,0.037000,0.567872,-0.098252,0.092531,-3.141590,-0.000027,-0.000077
28.084540,-2.486234,-0.486220,-15.873748,-0.114625,-0.203625,0.037000,0.567897,-0.098169,0.092529,-3.141590,-0.000028,-0.000074
28.088540,-2.486232,-0.486216,-15.873748,-0.114625,-0.203625,0.037000,0.567925,-0.098084,0.092532,-3.141590,-0.000032,-0.000067
28.092541,-2.486232,-0.486218,-15.873748,-0.114625,-0.203625,0.037000,0.567949,-0.098003,0.092533,-3.141590,-0.000031,-0.000068
28.096546,-2.486229,-0.486212,-15.873748,-0.114625,-0.203625,0.037000,0.567980,-0.097920,0.092533,-3.141589,-0.000037,-0.000092
28.100540,-2.416230,-0.566213,-15.683748,-0.109625,-0.196625,0.036000,0.568005,-0.097837,0.092534,-3.141589,-0.000035,-0.000090
28.104540,-2.416230,-0.566214,-15.683748,-0.109625,-0.196625,0.036000,0.568036,-0.097731,0.092534,-3.141589,-0.000035,-0.000039
28.108540,-2.416231,-0.566215,-15.683748,-0.109625,-0.196625,0.036000,0.568060,-0.097651,0.092535,-3.141590,-0.000034,-0.000041
28.112540,-2.416231,-0.566215,-15.683748,-0.109625,-0.196625,0.036000,0.568088,-0.097565,0.092534,-3.141590,-0.000033,-0.000034
28.116539,-2.416228,-0.566210,-15.683748,-0.109625,-0.196625,0.036000,0.568113,-0.097484,0.092536,-3.141589,-0.000039,-0.000035
28.120540,-2.416232,-0.566217,-15.683749,-0.109625,-0.196625,0.036000,0.568139,-0.097401,0.092535,-3.141590,-0.000032,-0.000046
28.124539,-2.416233,-0.566218,-15.683749,-0.109625,-0.196625,0.036000,0.568163,-0.097318,0.092536,-3.141590,-0.000030,-0.000050
28.128540,-2.416236,-0.566224,-15.683749,-0.109625,-0.196625,0.036000,0.568188,-0.097236,0.092534,-3.141590,-0.000024,-0.000061
28.132541,-2.416237,-0.566224,-15.683749,-0.109625,-0.196625,0.036000,0.568215,-0.097152,0.092534,-3.141590,-0.000024,-0.000071
28.136541,-2.416238,-0.566226,-15.683749,-0.109625,-0.196625,0.036000,0.568239,-0.097072,0.092534,-3.141591,-0.000023,-0.000120
28.140540,-2.416238,-0.546227,-15.463749,-0.111625,-0.192625,0.036000,0.568264,-0.096989,0.092535,-3.141591,-0.000021,-0.000083
28.144545,-2.416241,-0.546231,-15.463749,-0.111625,-0.192625,0.036000,0.568286,-0.096909,0.092532,-3.141591,-0.000017,-0.000078
28.148512,-2.416242,-0.546233,-15.463749,-0.111625,-0.192625,0.036000,0.568311,-0.096826,0.092533,-3.141591,-0.000016,-0.000069
28.152540,-2.416239,-0.546227,-15.463749,-0.111625,-0.192625,0.036000,0.568336,-0.096745,0.092534,-3.141591,-0.000021,-0.000071
28.156540,-2.416239,-0.546229,-15.463749,-0.111625,-0.192625,0.036000,0.568360,-0.096662,0.092535,-3.141591,-0.000020,-0.000061
28.160540,-2.416236,-0.546223,-15.463749,-0.111625,-0.192625,0.036000,0.568385,-0.096582,0.092536,-3.141590,-0.000025,-0.000063
28.164544,-2.416240,-0.546230,-15.463749,-0.111625,-0.192625,0.036000,0.568407,-0.096502,0.092535,-3.141591,-0.000018,-0.000051
28.168540,-2.416244,-0.546235,-15.463749,-0.111625,-0.192625,0.036000,0.568431,-0.096419,0.092534,-3.141591,-0.000013,-0.000041
28.172544,-2.416245,-0.546237,-15.463749,-0.111625,-0.192625,0.036000,0.568455,-0.096338,0.092534,-3.141592,-0.000011,-0.000029
28.176547,-2.396245,-0.516238,-15.463749,-0.112625,-0.192625,0.036000,0.568480,-0.096258,0.092535,-3.141592,-0.000010,-0.000024
28.180546,-2.396246,-0.516239,-15.463749,-0.112625,-0.192625,0.036000,0.568504,-0.096175,0.092536,-3.141592,-0.000009,-0.000008
28.184550,-2.396247,-0.516241,-15.463750,-0.112625,-0.192625,0.036000,0.568528,-0.096094,0.092536,-3.141592,-0.000007,-0.000003
28.188537,-2.396248,-0.516242,-15.463750,-0.112625,-0.192625,0.036000,0.568553,-0.096014,0.092537,-3.141592,-0.000006,0.000002
28.192581,-2.396249,-0.516243,-15.463750,-0.112625,-0.192625,0.036000,0.568577,-0.095931,0.092538,-3.141592,-0.000005,0.000005
28.196571,-2.396249,-0.516244,-15.463750,-0.112625,-0.192625,0.036000,0.568601,-0.095850,0.092538,-3.141592,-0.000003,-0.000004
28.200571,-2.396250,-0.516246,-15.463750,-0.112625,-0.192625,0.036000,0.568625,-0.095770,0.092539,-3.141592,-0.000002,-0.000005
28.204568,-2.396247,-0.516241,-15.463750,-0.112625,-0.192625,0.036000,0.568650,-0.095687,0.092540,-3.141592,-0.000007,-0.000002
28.208559,-2.396251,-0.516247,-15.463750,-0.112625,-0.192625,0.036000,0.568673,-0.095604,0.092539,-3.141593,-0.000001,-0.000006
28.212572,-2.396249,-0.516243,-15.463750,-0.112625,-0.192625,0.036000,0.568699,-0.095526,0.092542,-3.141592,-0.000005,-0.000019
28.216553,-2.396249,-0.516244,-15.463750,-0.112625,-0.192625,0.036000,0.568723,-0.095443,0.092543,-3.141592,-0.000003,-0.000023
28.220551,-2.396253,-0.516250,-15.463750,-0.112625,-0.192625,0.036000,0.568747,-0.095362,0.092541,3.141592,0.000002,-0.000031
28.224545,-2.446250,-0.476245,-15.613749,-0.114625,-0.197625,0.037000,0.568771,-0.095282,0.092542,-3.141592,-0.000003,-0.000047
28.228545,-2.446250,-0.476246,-15.613749,-0.114625,-0.197625,0.037000,0.568796,-0.095199,0.092543,-3.141592,-0.000002,-0.000050
28.232557,-2.446251,-0.476247,-15.613749,-0.114625,-0.197625,0.037000,0.568820,-0.095118,0.092543,-3.141593,-0.000000,-0.000059
28.236542,-2.446252,-0.476248,-15.613750,-0.114625,-0.197625,0.037000,0.568844,-0.095035,0.092544,3.141593,0.000001,-0.000056
28.240546,-2.446256,-0.476255,-15.613750,-0.114625,-0.197625,0.037000,0.568870,-0.094952,0.092543,3.141592,0.000008,-0.000094
28.244539,-2.446253,-0.476251,-15.613750,-0.114625,-0.197625,0.037000,0.568899,-0.094868,0.092545,3.141592,0.000003,-0.000084
28.248539,-2.446261,-0.476263,-15.613750,-0.114625,-0.197625,0.037000,0.568926,-0.094765,0.092542,3.141591,0.000016,-0.000038
28.252541,-2.446259,-0.476259,-15.613750,-0.114625,-0.197625,0.037000,0.568953,-0.094679,0.092545,3.141592,0.000012,-0.000024
28.256540,-2.446262,-0.476264,-15.613750,-0.114625,-0.197625,0.037000,0.568977,-0.094596,0.092543,3.141591,0.000017,-0.000008
28.260540,-2.406260,-0.476260,-15.553751,-0.112625,-0.196625,0.037000,0.569003,-0.094513,0.092545,3.141591,0.000013,0.000008
28.264540,-2.406264,-0.476267,-15.553751,-0.112625,-0.196625,0.037000,0.569029,-0.094429,0.092545,3.141591,0.000020,0.000025
28.268546,-2.406264,-0.476268,-15.553751,-0.112625,-0.196625,0.037000,0.569055,-0.094346,0.092545,3.141591,0.000021,0.000034
28.272541,-2.406261,-0.476263,-15.553751,-0.112625,-0.196625,0.037000,0.569080,-0.094263,0.092546,3.141591,0.000015,0.000044
28.276540,-2.406261,-0.476263,-15.553751,-0.112625,-0.196625,0.037000,0.569106,-0.094180,0.092546,3.141591,0.000016,0.000040
28.280542,-2.406259,-0.476259,-15.553751,-0.112625,-0.196625,0.037000,0.569133,-0.094096,0.092548,3.141591,0.000012,0.000043
28.284540,-2.406259,-0.476259,-15.553751,-0.112625,-0.196625,0.037000,0.569159,-0.094013,0.092548,3.141591,0.000012,0.000032
28.288540,-2.406267,-0.476271,-15.553751,-0.112625,-0.196625,0.037000,0.569182,-0.093932,0.092546,3.141590,0.000025,0.000024
28.292541,-2.406267,-0.476272,-15.553751,-0.112625,-0.196625,0.037000,0.569208,-0.093849,0.092545,3.141590,0.000025,0.000013
28.296545,-2.406265,-0.476268,-15.553751,-0.112625,-0.196625,0.037000,0.569235,-0.093766,0.092548,3.141591,0.000021,0.000002
28.300540,-2.446265,-0.546268,-15.533751,-0.110625,-0.196625,0.038000,0.569261,-0.093682,0.092548,3.141591,0.000022,-0.000002
28.304540,-2.446265,-0.546269,-15.533751,-0.110625,-0.196625,0.038000,0.569287,-0.093599,0.092548,3.141590,0.000022,-0.000019
28.308541,-2.446267,-0.546271,-15.533751,-0.110625,-0.196625,0.038000,0.569313,-0.093516,0.092549,3.141590,0.000025,-0.000036
28.312540,-2.446267,-0.546272,-15.533751,-0.110625,-0.196625,0.038000,0.569339,-0.093435,0.092549,3.141590,0.000025,-0.000051
28.316541,-2.446267,-0.546272,-15.533751,-0.110625,-0.196625,0.038000,0.569365,-0.093351,0.092549,3.141590,0.000025,-0.000062
28.320540,-2.446264,-0.546267,-15.533751,-0.110625,-0.196625,0.038000,0.569393,-0.093268,0.092551,3.141591,0.000021,-0.000066
28.324540,-2.446266,-0.546270,-15.533751,-0.110625,-0.196625,0.038000,0.569419,-0.093184,0.092552,3.141590,0.000023,-0.000063
28.328540,-2.446262,-0.546264,-15.533750,-0.110625,-0.196625,0.038000,0.569445,-0.093104,0.092553,3.141591,0.000017,-0.000051
28.332540,-2.446266,-0.546271,-15.533751,-0.110625,-0.196625,0.038000,0.569471,-0.093018,0.092552,3.141590,0.000024,-0.000030
28.336540,-2.446264,-0.546267,-15.533751,-0.110625,-0.196625,0.038000,0.569497,-0.092934,0.092555,3.141591,0.000020,-0.000014
28.340540,-2.496264,-0.626267,-15.583751,-0.109625,-0.195625,0.040000,0.569523,-0.092851,0.092554,3.141591,0.000020,-0.000005
28.344540,-2.496264,-0.626268,-15.583751,-0.109625,-0.195625,0.040000,0.569550,-0.092767,0.092554,3.141591,0.000021,0.000012
28.348539,-2.496266,-0.626269,-15.583751,-0.109625,-0.195625,0.040000,0.569578,-0.092681,0.092555,3.141590,0.000023,0.000026
28.352540,-2.496263,-0.626265,-15.583751,-0.109625,-0.195625,0.040000,0.569603,-0.092600,0.092558,3.141591,0.000019,0.000031
28.356540,-2.496263,-0.626266,-15.583751,-0.109625,-0.195625,0.040000,0.569629,-0.092519,0.092558,3.141591,0.000019,0.000036
28.360540,-2.496261,-0.626262,-15.583751,-0.109625,-0.195625,0.040000,0.569655,-0.092436,0.092560,3.141591,0.000015,0.000039
28.364540,-2.496262,-0.626264,-15.583751,-0.109625,-0.195625,0.040000,0.569690,-0.092331,0.092561,3.141591,0.000017,0.000037
28.368540,-2.496259,-0.626260,-15.583750,-0.109625,-0.195625,0.040000,0.569709,-0.092269,0.092563,3.141591,0.000013,-0.000009
28.372544,-2.496256,-0.626255,-15.583750,-0.109625,-0.195625,0.040000,0.569744,-0.092164,0.092565,3.141592,0.000008,0.000016
28.376540,-2.496256,-0.626255,-15.583750,-0.109625,-0.195625,0.040000,0.569744,-0.092164,0.092565,3.141592,0.000008,0.000016
28.380540,-2.436258,-0.706258,-15.583750,-0.106625,-0.193625,0.041000,0.569796,-0.091997,0.092567,3.141592,0.000011,-0.000005
28.384539,-2.436259,-0.706259,-15.583750,-0.106625,-0.193625,0.041000,0.569821,-0.091916,0.092567,3.141591,0.000012,-0.000027
28.388540,-2.436256,-0.706255,-15.583750,-0.106625,-0.193625,0.041000,0.569848,-0.091833,0.092569,3.141592,0.000008,-0.000038
28.392542,-2.436256,-0.706255,-15.583750,-0.106625,-0.193625,0.041000,0.569873,-0.091749,0.092569,3.141592,0.000008,-0.000055
28.396541,-2.436251,-0.706246,-15.583750,-0.106625,-0.193625,0.041000,0.569902,-0.091666,0.092573,-3.141593,-0.000001,-0.000072
28.400559,-2.436251,-0.706247,-15.583750,-0.106625,-0.193625,0.041000,0.569928,-0.091582,0.092573,-3.141593,-0.000001,-0.000076
28.404540,-2.436252,-0.706249,-15.583750,-0.106625,-0.193625,0.041000,0.569953,-0.091499,0.092575,3.141592,0.000002,-0.000080
28.408546,-2.436253,-0.706250,-15.583750,-0.106625,-0.193625,0.041000,0.569980,-0.091413,0.092574,3.141592,0.000002,-0.000073
28.412539,-2.436250,-0.706246,-15.583750,-0.106625,-0.193625,0.041000,0.570005,-0.091332,0.092577,-3.141592,-0.000002,-0.000061
28.416540,-2.296254,-0.706251,-15.383750,-0.105625,-0.189625,0.040000,0.570028,-0.091251,0.092575,3.141592,0.000004,-0.000056
28.420505,-2.296255,-0.706254,-15.383750,-0.105625,-0.189625,0.040000,0.570054,-0.091167,0.092577,3.141592,0.000006,-0.000046
28.424539,-2.296252,-0.706249,-15.383750,-0.105625,-0.189625,0.040000,0.570082,-0.091084,0.092578,3.141593,0.000001,-0.000030
28.428541,-2.296256,-0.706255,-15.383750,-0.105625,-0.189625,0.040000,0.570105,-0.091000,0.092577,3.141592,0.000007,-0.000021
28.432540,-2.296253,-0.706251,-15.383750,-0.105625,-0.189625,0.040000,0.570132,-0.090917,0.092579,3.141592,0.000003,-0.000011
28.436540,-2.296258,-0.706258,-15.383750,-0.105625,-0.189625,0.040000,0.570157,-0.090831,0.092578,3.141592,0.000010,-0.000004
28.440541,-2.296255,-0.706254,-15.383750,-0.105625,-0.189625,0.040000,0.570184,-0.090745,0.092581,3.141592,0.000006,-0.000003
28.444541,-2.296259,-0.706259,-15.383751,-0.105625,-0.189625,0.040000,0.570207,-0.090659,0.092579,3.141591,0.000012,-0.000002
28.448546,-2.296259,-0.706260,-15.383751,-0.105625,-0.189625,0.040000,0.570234,-0.090573,0.092579,3.141591,0.000012,-0.000009
28.452540,-2.296260,-0.706261,-15.383751,-0.105625,-0.189625,0.040000,0.570265,-0.090466,0.092580,3.141591,0.000014,-0.000019
28.456541,-2.296260,-0.706261,-15.383751,-0.105625,-0.189625,0.040000,0.570284,-0.090401,0.092579,3.141591,0.000014,-0.000028
28.460541,-2.266261,-0.576263,-15.013751,-0.106625,-0.187625,0.038000,0.570315,-0.090294,0.092580,3.141591,0.000016,-0.000051
28.464541,-2.266261,-0.576263,-15.013751,-0.106625,-0.187625,0.038000,0.570334,-0.090228,0.092580,3.141591,0.000016,-0.000053
28.468540,-2.266262,-0.576263,-15.013751,-0.106625,-0.187625,0.038000,0.570360,-0.090142,0.092580,3.141591,0.000016,-0.000066
28.472539,-2.266262,-0.576263,-15.013751,-0.106625,-0.187625,0.038000,0.570360,-0.090142,0.092580,3.141591,0.000016,-0.000066
28.476539,-2.266262,-0.576264,-15.013751,-0.106625,-0.187625,0.038000,0.570386,-0.090059,0.092580,3.141591,0.000017,-0.000083
28.480545,-2.266267,-0.576271,-15.013751,-0.106625,-0.187625,0.038000,0.570409,-0.089973,0.092580,3.141590,0.000025,-0.000130
28.484541,-2.266268,-0.576273,-15.013751,-0.106625,-0.187625,0.038000,0.570468,-0.089779,0.092580,3.141590,0.000026,-0.000099
28.488549,-2.266272,-0.576278,-15.013752,-0.106625,-0.187625,0.038000,0.570488,-0.089714,0.092578,3.141589,0.000032,-0.000135
28.492539,-2.266272,-0.576279,-15.013752,-0.106625,-0.187625,0.038000,0.570518,-0.089607,0.092578,3.141589,0.000032,-0.000091
28.496540,-2.266272,-0.576279,-15.013752,-0.106625,-0.187625,0.038000,0.570544,-0.089521,0.092578,3.141589,0.000033,-0.000084
28.500503,-2.266272,-0.576279,-15.013752,-0.106625,-0.187625,0.038000,0.570544,-0.089521,0.092578,3.141589,0.000033,-0.000084
28.504541,-2.366273,-0.416280,-14.913751,-0.109625,-0.191625,0.037000,0.570596,-0.089349,0.092577,3.141589,0.000034,-0.000063
28.508539,-2.366274,-0.416281,-14.913752,-0.109625,-0.191625,0.037000,0.570619,-0.089263,0.092578,3.141589,0.000035,-0.000049
28.512541,-2.366274,-0.416281,-14.913752,-0.109625,-0.191625,0.037000,0.570619,-0.089263,0.092578,3.141589,0.000035,-0.000049
28.516541,-2.366274,-0.416282,-14.913752,-0.109625,-0.191625,0.037000,0.570671,-0.089090,0.092578,3.141589,0.000036,-0.000027
28.520540,-2.366275,-0.416282,-14.913752,-0.109625,-0.191625,0.037000,0.570697,-0.089007,0.092578,3.141589,0.000036,-0.000024
28.524539,-2.366275,-0.416283,-14.913752,-0.109625,-0.191625,0.037000,0.570723,-0.088920,0.092578,3.141589,0.000037,-0.000017
28.528540,-2.366275,-0.416283,-14.913752,-0.109625,-0.191625,0.037000,0.570748,-0.088834,0.092577,3.141589,0.000037,-0.000010
28.532544,-2.366272,-0.416279,-14.913751,-0.109625,-0.191625,0.037000,0.570775,-0.088748,0.092580,3.141589,0.000033,-0.000009
28.536538,-2.416269,-0.396275,-14.953751,-0.109625,-0.192625,0.038000,0.570802,-0.088664,0.092581,3.141590,0.000028,-0.000013
28.540541,-2.476270,-0.396275,-15.103752,-0.110625,-0.194625,0.039000,0.570828,-0.088580,0.092581,3.141590,0.000029,-0.000030
28.544540,-2.476274,-0.396282,-15.103752,-0.110625,-0.194625,0.039000,0.570853,-0.088494,0.092581,3.141589,0.000036,-0.000030
28.548545,-2.476274,-0.396282,-15.103752,-0.110625,-0.194625,0.039000,0.570853,-0.088494,0.092581,3.141589,0.000036,-0.000030
28.552547,-2.476271,-0.396277,-15.103752,-0.110625,-0.194625,0.039000,0.570880,-0.088413,0.092582,3.141589,0.000031,-0.000052
28.556544,-2.476265,-0.396268,-15.103751,-0.110625,-0.194625,0.039000,0.570933,-0.088247,0.092586,3.141590,0.000022,-0.000071
28.560539,-2.476265,-0.396268,-15.103751,-0.110625,-0.194625,0.039000,0.570933,-0.088247,0.092586,3.141590,0.000022,-0.000071
28.564541,-2.476262,-0.396264,-15.103751,-0.110625,-0.194625,0.039000,0.570961,-0.088163,0.092588,3.141591,0.000017,-0.000075
28.568542,-2.476263,-0.396266,-15.103751,-0.110625,-0.194625,0.039000,0.571013,-0.087996,0.092588,3.141591,0.000019,-0.000069
28.572540,-2.476263,-0.396266,-15.103751,-0.110625,-0.194625,0.039000,0.571013,-0.087996,0.092588,3.141591,0.000019,-0.000069
28.576540,-2.476257,-0.396257,-15.103751,-0.110625,-0.194625,0.039000,0.571041,-0.087912,0.092593,3.141592,0.000010,-0.000059
28.580547,-2.486253,-0.466249,-15.333750,-0.112625,-0.195625,0.040000,0.571096,-0.087744,0.092598,3.141592,0.000002,-0.000033
28.584547,-2.486253,-0.466249,-15.333750,-0.112625,-0.195625,0.040000,0.571096,-0.087744,0.092598,3.141592,0.000002,-0.000033
28.588504,-2.486250,-0.466245,-15.333750,-0.112625,-0.195625,0.040000,0.571148,-0.087579,0.092599,-3.141592,-0.000003,-0.000019
28.592493,-2.486250,-0.466245,-15.333750,-0.112625,-0.195625,0.040000,0.571148,-0.087579,0.092599,-3.141592,-0.000003,-0.000019
28.596539,-2.486247,-0.466240,-15.333749,-0.112625,-0.195625,0.040000,0.571176,-0.087495,0.092601,-3.141592,-0.000008,-0.000009
28.600540,-2.486248,-0.466242,-15.333749,-0.112625,-0.195625,0.040000,0.571202,-0.087411,0.092602,-3.141592,-0.000006,0.000000
28.604541,-2.486245,-0.466237,-15.333749,-0.112625,-0.195625,0.040000,0.571230,-0.087327,0.092603,-3.141591,-0.000011,0.000010
28.608540,-2.486245,-0.466238,-15.333749,-0.112625,-0.195625,0.040000,0.571255,-0.087243,0.092603,-3.141592,-0.000010,0.000013
28.612540,-2.486246,-0.466239,-15.333749,-0.112625,-0.195625,0.040000,0.571282,-0.087159,0.092604,-3.141592,-0.000009,0.000016
28.616541,-2.486239,-0.466229,-15.333749,-0.112625,-0.195625,0.040000,0.571312,-0.087075,0.092607,-3.141591,-0.000019,-0.000015
28.620540,-2.386240,-0.566230,-15.233749,-0.107625,-0.190625,0.040000,0.571336,-0.086993,0.092607,-3.141591,-0.000018,0.000017
28.624540,-2.386238,-0.566228,-15.233749,-0.107625,-0.190625,0.040000,0.571367,-0.086909,0.092611,-3.141590,-0.000021,-0.000014
28.628540,-2.386235,-0.566223,-15.233749,-0.107625,-0.190625,0.040000,0.571395,-0.086825,0.092612,-3.141590,-0.000026,-0.000018
28.632540,-2.386235,-0.566222,-15.233749,-0.107625,-0.190625,0.040000,0.571425,-0.086720,0.092611,-3.141590,-0.000026,0.000014
28.636540,-2.386235,-0.566223,-15.233749,-0.107625,-0.190625,0.040000,0.571450,-0.086639,0.092611,-3.141590,-0.000026,-0.000001
28.640540,-2.386240,-0.566230,-15.233749,-0.107625,-0.190625,0.040000,0.571387,-0.087014,0.098000,-3.141592,0.000000,0.000000
28.644538,-2.386240,-0.566230,-15.233749,-0.107625,-0.190625,0.040000,0.571499,-0.086474,0.092610,-3.141591,-0.000018,-0.000020
28.648546,-2.386237,-0.566225,-15.233749,-0.107625,-0.190625,0.040000,0.571526,-0.086390,0.092612,-3.141590,-0.000023,-0.000017
28.652540,-2.386237,-0.566226,-15.233749,-0.107625,-0.190625,0.040000,0.571551,-0.086306,0.092612,-3.141590,-0.000023,-0.000014
28.656540,-2.386237,-0.566226,-15.233749,-0.107625,-0.190625,0.040000,0.571576,-0.086225,0.092612,-3.141590,-0.000022,-0.000016
28.660553,-2.226239,-0.606229,-14.893749,-0.103625,-0.186625,0.038000,0.571601,-0.086141,0.092614,-3.141590,-0.000020,-0.000013
28.664539,-2.226239,-0.606229,-14.893749,-0.103625,-0.186625,0.038000,0.571625,-0.086060,0.092613,-3.141591,-0.000019,-0.000008
28.668512,-2.226239,-0.606230,-14.893749,-0.103625,-0.186625,0.038000,0.571650,-0.085976,0.092613,-3.141591,-0.000019,0.000002
28.672540,-2.226244,-0.606236,-14.893750,-0.103625,-0.186625,0.038000,0.571674,-0.085895,0.092613,-3.141591,-0.000012,-0.000000
28.676541,-2.226244,-0.606237,-14.893750,-0.103625,-0.186625,0.038000,0.571699,-0.085811,0.092612,-3.141591,-0.000011,0.000003
28.680541,-2.226245,-0.606237,-14.893750,-0.103625,-0.186625,0.038000,0.571724,-0.085729,0.092612,-3.141591,-0.000011,0.000001
28.684540,-2.226242,-0.606233,-14.893749,-0.103625,-0.186625,0.038000,0.571749,-0.085645,0.092615,-3.141591,-0.000015,0.000011
28.688540,-2.226246,-0.606240,-14.893750,-0.103625,-0.186625,0.038000,0.571773,-0.085564,0.092614,-3.141592,-0.000008,0.000016
28.692545,-2.226247,-0.606241,-14.893750,-0.103625,-0.186625,0.038000,0.571798,-0.085480,0.092614,-3.141592,-0.000007,0.000012
28.696535,-2.226247,-0.606241,-14.893750,-0.103625,-0.186625,0.038000,0.571823,-0.085396,0.092614,-3.141592,-0.000007,0.000015
28.700539,-2.196247,-0.506241,-14.703749,-0.104625,-0.187625,0.037000,0.571847,-0.085315,0.092614,-3.141592,-0.000006,0.000013
28.704540,-2.196245,-0.506237,-14.703749,-0.104625,-0.187625,0.037000,0.571873,-0.085231,0.092616,-3.141591,-0.000011,0.000023
28.708540,-2.196246,-0.506239,-14.703749,-0.104625,-0.187625,0.037000,0.571899,-0.085150,0.092617,-3.141592,-0.000009,0.000014
28.712540,-2.196246,-0.506240,-14.703749,-0.104625,-0.187625,0.037000,0.571923,-0.085068,0.092617,-3.141592,-0.000008,0.000006
28.716539,-2.196251,-0.506247,-14.703750,-0.104625,-0.187625,0.037000,0.571946,-0.084982,0.092617,-3.141593,-0.000000,0.000006
28.720541,-2.196248,-0.506242,-14.703749,-0.104625,-0.187625,0.037000,0.571972,-0.084903,0.092618,-3.141592,-0.000005,-0.000007
28.724540,-2.196250,-0.506245,-14.703750,-0.104625,-0.187625,0.037000,0.571997,-0.084819,0.092620,-3.141592,-0.000003,-0.000017
28.728541,-2.196250,-0.506245,-14.703750,-0.104625,-0.187625,0.037000,0.572021,-0.084738,0.092620,-3.141592,-0.000002,-0.000026
28.732541,-2.196255,-0.506252,-14.703750,-0.104625,-0.187625,0.037000,0.572046,-0.084654,0.092619,3.141592,0.000005,-0.000023
28.736539,-2.196255,-0.506253,-14.703750,-0.104625,-0.187625,0.037000,0.572074,-0.084569,0.092619,3.141592,0.000006,-0.000060
28.740540,-2.306249,-0.406244,-14.803750,-0.109625,-0.191625,0.037000,0.572097,-0.084488,0.092623,-3.141592,-0.000004,-0.000022
28.744540,-2.306249,-0.406244,-14.803750,-0.109625,-0.191625,0.037000,0.572122,-0.084404,0.092623,-3.141592,-0.000004,-0.000052
28.748541,-2.306254,-0.406251,-14.803750,-0.109625,-0.191625,0.037000,0.572153,-0.084302,0.092623,3.141592,0.000004,-0.000011
28.752540,-2.306251,-0.406247,-14.803750,-0.109625,-0.191625,0.037000,0.572177,-0.084220,0.092625,-3.141593,-0.000000,-0.000013
28.756540,-2.306252,-0.406248,-14.803750,-0.109625,-0.191625,0.037000,0.572199,-0.084160,0.092625,3.141593,0.000000,-0.000051
28.760540,-2.306256,-0.406255,-14.803750,-0.109625,-0.191625,0.037000,0.572226,-0.084055,0.092624,3.141592,0.000007,-0.000019
28.764540,-2.306256,-0.406255,-14.803750,-0.109625,-0.191625,0.037000,0.572250,-0.083974,0.092624,3.141592,0.000008,-0.000020
28.768539,-2.306257,-0.406256,-14.803750,-0.109625,-0.191625,0.037000,0.572274,-0.083892,0.092624,3.141592,0.000008,-0.000022
28.772539,-2.306258,-0.406257,-14.803751,-0.109625,-0.191625,0.037000,0.572301,-0.083808,0.092625,3.141591,0.000010,-0.000026
28.776540,-2.306258,-0.406258,-14.803751,-0.109625,-0.191625,0.037000,0.572325,-0.083727,0.092625,3.141591,0.000010,-0.000027
28.780540,-2.346259,-0.376258,-14.813751,-0.111625,-0.189625,0.036000,0.572349,-0.083645,0.092625,3.141591,0.000011,-0.000036
28.784548,-2.346260,-0.376260,-14.813751,-0.111625,-0.189625,0.036000,0.572376,-0.083561,0.092626,3.141591,0.000013,-0.000040
28.788540,-2.346260,-0.376260,-14.813751,-0.111625,-0.189625,0.036000,0.572400,-0.083480,0.092625,3.141591,0.000013,-0.000048
28.792542,-2.346257,-0.376255,-14.813751,-0.111625,-0.189625,0.036000,0.572426,-0.083398,0.092627,3.141592,0.000008,-0.000057
28.796502,-2.346258,-0.376257,-14.813751,-0.111625,-0.189625,0.036000,0.572453,-0.083314,0.092628,3.141592,0.000010,-0.000054
28.800491,-2.346258,-0.376257,-14.813751,-0.111625,-0.189625,0.036000,0.572477,-0.083230,0.092628,3.141591,0.000010,-0.000051
28.804539,-2.346258,-0.376257,-14.813751,-0.111625,-0.189625,0.036000,0.572504,-0.083148,0.092627,3.141592,0.000010,-0.000053
28.808540,-2.346255,-0.376252,-14.813751,-0.111625,-0.189625,0.036000,0.572530,-0.083064,0.092629,3.141592,0.000005,-0.000043
28.812541,-2.346256,-0.376254,-14.813751,-0.111625,-0.189625,0.036000,0.572556,-0.082984,0.092629,3.141592,0.000007,-0.000042
28.816541,-2.346256,-0.376254,-14.813751,-0.111625,-0.189625,0.036000,0.572580,-0.082900,0.092629,3.141592,0.000007,-0.000033
28.820505,-2.306260,-0.506260,-14.873750,-0.107625,-0.184625,0.037000,0.572606,-0.082819,0.092628,3.141591,0.000013,-0.000021
28.824540,-2.306257,-0.506256,-14.873750,-0.107625,-0.184625,0.037000,0.572632,-0.082737,0.092629,3.141592,0.000008,-0.000023
28.828540,-2.306258,-0.506257,-14.873750,-0.107625,-0.184625,0.037000,0.572658,-0.082655,0.092630,3.141591,0.000010,-0.000018
28.832540,-2.306255,-0.506252,-14.873750,-0.107625,-0.184625,0.037000,0.572685,-0.082571,0.092632,3.141592,0.000005,-0.000015
28.836540,-2.306259,-0.506258,-14.873750,-0.107625,-0.184625,0.037000,0.572710,-0.082489,0.092630,3.141591,0.000011,-0.000016
28.840540,-2.306256,-0.506254,-14.873750,-0.107625,-0.184625,0.037000,0.572737,-0.082405,0.092632,3.141592,0.000006,-0.000020
28.844541,-2.306260,-0.506260,-14.873750,-0.107625,-0.184625,0.037000,0.572762,-0.082326,0.092630,3.141591,0.000013,-0.000033
28.848547,-2.306253,-0.506250,-14.873750,-0.107625,-0.184625,0.037000,0.572791,-0.082241,0.092634,3.141592,0.000002,-0.000037
28.852540,-2.306254,-0.506251,-14.873750,-0.107625,-0.184625,0.037000,0.572817,-0.082157,0.092635,3.141592,0.000004,-0.000041
28.856540,-2.286254,-0.606251,-15.053750,-0.106625,-0.185625,0.038000,0.572850,-0.082054,0.092634,3.141592,0.000004,-0.000054
28.860540,-2.286252,-0.606248,-15.053750,-0.106625,-0.185625,0.038000,0.572869,-0.081993,0.092637,3.141593,0.000001,-0.000058
28.864540,-2.286252,-0.606248,-15.053750,-0.106625,-0.185625,0.038000,0.572902,-0.081890,0.092636,3.141593,0.000001,-0.000064
28.868540,-2.286248,-0.606243,-15.053750,-0.106625,-0.185625,0.038000,0.572922,-0.081827,0.092638,-3.141592,-0.000004,-0.000063
28.872540,-2.286247,-0.606241,-15.053750,-0.106625,-0.185625,0.038000,0.572951,-0.081745,0.092641,-3.141592,-0.000007,-0.000099
28.876541,-2.286248,-0.606243,-15.053750,-0.106625,-0.185625,0.038000,0.572977,-0.081660,0.092642,-3.141592,-0.000005,-0.000089
28.880540,-2.286249,-0.606244,-15.053750,-0.106625,-0.185625,0.038000,0.573008,-0.081558,0.092642,-3.141592,-0.000004,-0.000055
28.884544,-2.286249,-0.606244,-15.053750,-0.106625,-0.185625,0.038000,0.573032,-0.081476,0.092642,-3.141592,-0.000004,-0.000050
28.888539,-2.286247,-0.606241,-15.053750,-0.106625,-0.185625,0.038000,0.573060,-0.081392,0.092645,-3.141592,-0.000007,-0.000040
28.892584,-2.286251,-0.606247,-15.053750,-0.106625,-0.185625,0.038000,0.573084,-0.081308,0.092644,-3.141593,-0.000000,-0.000024
28.896478,-2.286252,-0.606249,-15.053750,-0.106625,-0.185625,0.038000,0.573109,-0.081228,0.092645,3.141592,0.000002,-0.000017
28.900494,-2.246254,-0.616251,-15.103750,-0.105625,-0.186625,0.036000,0.573135,-0.081144,0.092646,3.141592,0.000003,-0.000007
28.904488,-2.246255,-0.616252,-15.103750,-0.105625,-0.186625,0.036000,0.573160,-0.081062,0.092647,3.141592,0.000005,-0.000002
28.908546,-2.246251,-0.616248,-15.103750,-0.105625,-0.186625,0.036000,0.573187,-0.080980,0.092649,3.141593,0.000000,0.000010
28.912540,-2.246253,-0.616249,-15.103750,-0.105625,-0.186625,0.036000,0.573212,-0.080898,0.092650,3.141592,0.000002,0.000008
28.916553,-2.246249,-0.616245,-15.103750,-0.105625,-0.186625,0.036000,0.573239,-0.080814,0.092651,-3.141592,-0.000003,0.000011
28.920540,-2.246246,-0.616240,-15.103750,-0.105625,-0.186625,0.036000,0.573265,-0.080732,0.092653,-3.141592,-0.000008,0.000003
28.924546,-2.246251,-0.616247,-15.103750,-0.105625,-0.186625,0.036000,0.573288,-0.080650,0.092652,-3.141593,-0.000001,-0.000006
28.928540,-2.246252,-0.616248,-15.103750,-0.105625,-0.186625,0.036000,0.573314,-0.080566,0.092653,3.141593,0.000001,-0.000010
28.932540,-2.246249,-0.616244,-15.103750,-0.105625,-0.186625,0.036000,0.573340,-0.080482,0.092655,-3.141592,-0.000004,-0.000014
28.936540,-2.176249,-0.606244,-14.993749,-0.102625,-0.187625,0.036000,0.573365,-0.080397,0.092654,-3.141592,-0.000004,-0.000024
28.940541,-2.176250,-0.606246,-14.993750,-0.102625,-0.187625,0.036000,0.573391,-0.080310,0.092655,-3.141592,-0.000002,-0.000030
28.944541,-2.176254,-0.606252,-14.993750,-0.102625,-0.187625,0.036000,0.573416,-0.080226,0.092654,3.141592,0.000004,-0.000041
28.948547,-2.176259,-0.606258,-14.993750,-0.102625,-0.187625,0.036000,0.573440,-0.080139,0.092653,3.141591,0.000011,-0.000047
28.952541,-2.176260,-0.606260,-14.993750,-0.102625,-0.187625,0.036000,0.573466,-0.080055,0.092654,3.141591,0.000013,-0.000058
28.956541,-2.176263,-0.606265,-14.993751,-0.102625,-0.187625,0.036000,0.573490,-0.079968,0.092651,3.141590,0.000018,-0.000064
28.960540,-2.176264,-0.606266,-14.993751,-0.102625,-0.187625,0.036000,0.573516,-0.079881,0.092652,3.141590,0.000020,-0.000056
28.964540,-2.176261,-0.606262,-14.993750,-0.102625,-0.187625,0.036000,0.573542,-0.079796,0.092654,3.141591,0.000015,-0.000054
28.968539,-2.176269,-0.606273,-14.993751,-0.102625,-0.187625,0.036000,0.573566,-0.079710,0.092651,3.141589,0.000026,-0.000040
28.972573,-2.176266,-0.606268,-14.993751,-0.102625,-0.187625,0.036000,0.573593,-0.079622,0.092652,3.141590,0.000022,-0.000019
28.976543,-2.176266,-0.606268,-14.993751,-0.102625,-0.187625,0.036000,0.573593,-0.079622,0.092652,3.141590,0.000022,-0.000019
28.980540,-2.176270,-0.606274,-14.993751,-0.102625,-0.187625,0.036000,0.573618,-0.079538,0.092651,3.141589,0.000028,-0.000036
28.984540,-2.186267,-0.516271,-14.793751,-0.103625,-0.186625,0.034000,0.573646,-0.079451,0.092653,3.141590,0.000024,-0.000022
28.988584,-2.186271,-0.516277,-14.793751,-0.103625,-0.186625,0.034000,0.573675,-0.079343,0.092652,3.141589,0.000030,0.000028
28.992544,-2.186271,-0.516277,-14.793751,-0.103625,-0.186625,0.034000,0.573725,-0.079171,0.092651,3.141589,0.000030,0.000038
28.996539,-2.186276,-0.516283,-14.793752,-0.103625,-0.186625,0.034000,0.573749,-0.079087,0.092650,3.141588,0.000037,0.000041
29.000540,-2.186273,-0.516279,-14.793751,-0.103625,-0.186625,0.034000,0.573775,-0.079000,0.092651,3.141589,0.000033,0.000042
29.004504,-2.186273,-0.516279,-14.793751,-0.103625,-0.186625,0.034000,0.573775,-0.079000,0.092651,3.141589,0.000033,0.000042
29.008490,-2.186274,-0.516280,-14.793752,-0.103625,-0.186625,0.034000,0.573827,-0.078828,0.092651,3.141588,0.000034,0.000018
29.012545,-2.186275,-0.516282,-14.793752,-0.103625,-0.186625,0.034000,0.573853,-0.078744,0.092652,3.141588,0.000036,0.000001
29.016539,-2.366272,-0.436278,-14.913751,-0.107625,-0.192625,0.035000,0.573881,-0.078656,0.092655,3.141589,0.000032,-0.000005
29.020505,-2.366272,-0.436278,-14.913751,-0.107625,-0.192625,0.035000,0.573881,-0.078656,0.092655,3.141589,0.000032,-0.000005
29.024546,-2.366270,-0.436275,-14.913751,-0.107625,-0.192625,0.035000,0.573932,-0.078487,0.092657,3.141589,0.000029,-0.000033
29.028541,-2.366272,-0.436277,-14.913751,-0.107625,-0.192625,0.035000,0.573958,-0.078400,0.092658,3.141589,0.000031,-0.000039
29.032540,-2.366272,-0.436277,-14.913751,-0.107625,-0.192625,0.035000,0.573958,-0.078400,0.092658,3.141589,0.000031,-0.000039
29.036546,-2.366265,-0.436268,-14.913751,-0.107625,-0.192625,0.035000,0.574014,-0.078233,0.092662,3.141590,0.000021,-0.000072
29.040540,-2.366262,-0.436263,-14.913751,-0.107625,-0.192625,0.035000,0.574040,-0.078148,0.092663,3.141591,0.000016,-0.000076
29.044540,-2.366255,-0.436253,-14.913750,-0.107625,-0.192625,0.035000,0.574068,-0.078066,0.092667,3.141592,0.000006,-0.000064
29.048545,-2.366253,-0.436250,-14.913750,-0.107625,-0.192625,0.035000,0.574096,-0.077981,0.092669,3.141592,0.000002,-0.000041
29.052521,-2.366253,-0.436250,-14.913750,-0.107625,-0.192625,0.035000,0.574096,-0.077981,0.092669,3.141592,0.000002,-0.000041
29.056549,-2.486250,-0.436246,-15.093750,-0.110625,-0.195625,0.036000,0.574149,-0.077814,0.092671,-3.141592,-0.000002,-0.000013
29.060541,-2.486248,-0.456242,-15.113749,-0.110625,-0.194625,0.037000,0.574176,-0.077729,0.092674,-3.141592,-0.000005,0.000004
29.064540,-2.486248,-0.456242,-15.113749,-0.110625,-0.194625,0.037000,0.574176,-0.077729,0.092674,-3.141592,-0.000005,0.000004
29.068542,-2.486248,-0.456243,-15.113749,-0.110625,-0.194625,0.037000,0.574204,-0.077644,0.092674,-3.141592,-0.000005,0.000020
29.072542,-2.486246,-0.456240,-15.113749,-0.110625,-0.194625,0.037000,0.574231,-0.077559,0.092677,-3.141592,-0.000008,0.000036
29.076541,-2.486239,-0.456230,-15.113749,-0.110625,-0.194625,0.037000,0.574285,-0.077395,0.092679,-3.141590,-0.000019,0.000040
29.080548,-2.486240,-0.456230,-15.113749,-0.110625,-0.194625,0.037000,0.574312,-0.077310,0.092679,-3.141590,-0.000018,0.000036
29.084539,-2.486240,-0.456230,-15.113749,-0.110625,-0.194625,0.037000,0.574312,-0.077310,0.092679,-3.141590,-0.000018,0.000036
29.088540,-2.486237,-0.456227,-15.113748,-0.110625,-0.194625,0.037000,0.574339,-0.077228,0.092682,-3.141590,-0.000022,0.000034
29.092542,-2.486241,-0.456233,-15.113749,-0.110625,-0.194625,0.037000,0.574364,-0.077143,0.092680,-3.141591,-0.000015,0.000023
29.096509,-2.486237,-0.456227,-15.113748,-0.110625,-0.194625,0.037000,0.574392,-0.077058,0.092681,-3.141590,-0.000021,0.000013
29.100509,-2.326239,-0.646230,-14.963749,-0.100625,-0.186625,0.036000,0.574444,-0.076891,0.092682,-3.141590,-0.000019,-0.000020
29.104539,-2.326239,-0.646230,-14.963749,-0.100625,-0.186625,0.036000,0.574444,-0.076891,0.092682,-3.141590,-0.000019,-0.000020
29.108499,-2.326235,-0.646224,-14.963749,-0.100625,-0.186625,0.036000,0.574472,-0.076809,0.092683,-3.141590,-0.000024,-0.000035
29.112490,-2.326240,-0.646230,-14.963749,-0.100625,-0.186625,0.036000,0.574497,-0.076724,0.092681,-3.141590,-0.000018,-0.000052
29.116537,-2.326233,-0.646220,-14.963748,-0.100625,-0.186625,0.036000,0.574525,-0.076639,0.092684,-3.141589,-0.000029,-0.000070
29.120540,-2.326237,-0.646226,-14.963749,-0.100625,-0.186625,0.036000,0.574549,-0.076557,0.092683,-3.141590,-0.000022,-0.000085
29.124541,-2.326237,-0.646227,-14.963749,-0.100625,-0.186625,0.036000,0.574577,-0.076472,0.092683,-3.141590,-0.000021,-0.000089
29.128539,-2.326238,-0.646228,-14.963749,-0.100625,-0.186625,0.036000,0.574607,-0.076389,0.092683,-3.141590,-0.000020,-0.000124
29.132540,-2.326238,-0.646228,-14.963749,-0.100625,-0.186625,0.036000,0.574629,-0.076305,0.092682,-3.141590,-0.000021,-0.000114
29.136540,-2.326239,-0.646230,-14.963749,-0.100625,-0.186625,0.036000,0.574660,-0.076201,0.092683,-3.141590,-0.000019,-0.000067
29.140541,-2.156243,-0.656236,-14.713749,-0.097625,-0.182625,0.034000,0.574685,-0.076117,0.092682,-3.141591,-0.000013,-0.000050
29.144539,-2.156247,-0.656241,-14.713750,-0.097625,-0.182625,0.034000,0.574709,-0.076037,0.092680,-3.141592,-0.000006,-0.000036
29.148551,-2.156244,-0.656237,-14.713749,-0.097625,-0.182625,0.034000,0.574735,-0.075952,0.092682,-3.141591,-0.000011,-0.000020
29.152540,-2.156241,-0.656232,-14.713749,-0.097625,-0.182625,0.034000,0.574760,-0.075870,0.092683,-3.141591,-0.000016,-0.000008
29.156541,-2.156248,-0.656243,-14.713750,-0.097625,-0.182625,0.034000,0.574782,-0.075788,0.092680,-3.141592,-0.000005,-0.000003
29.160540,-2.156245,-0.656238,-14.713749,-0.097625,-0.182625,0.034000,0.574808,-0.075704,0.092682,-3.141591,-0.000010,0.000006
29.164539,-2.156242,-0.656234,-14.713749,-0.097625,-0.182625,0.034000,0.574834,-0.075621,0.092683,-3.141591,-0.000015,0.000005
29.168540,-2.156243,-0.656235,-14.713749,-0.097625,-0.182625,0.034000,0.574858,-0.075539,0.092684,-3.141591,-0.000013,0.000003
29.172542,-2.156243,-0.656235,-14.713749,-0.097625,-0.182625,0.034000,0.574883,-0.075457,0.092683,-3.141591,-0.000013,0.000001
29.176539,-2.156244,-0.656237,-14.713749,-0.097625,-0.182625,0.034000,0.574906,-0.075372,0.092685,-3.141591,-0.000011,-0.000002
29.180540,-2.266244,-0.506237,-14.823749,-0.103625,-0.189625,0.034000,0.574931,-0.075293,0.092684,-3.141591,-0.000011,-0.000022
29.184510,-2.266249,-0.506244,-14.823749,-0.103625,-0.189625,0.034000,0.574954,-0.075208,0.092683,-3.141592,-0.000004,-0.000026
29.188542,-2.266246,-0.506239,-14.823749,-0.103625,-0.189625,0.034000,0.574979,-0.075126,0.092685,-3.141591,-0.000009,-0.000041
29.192540,-2.266255,-0.506252,-14.823750,-0.103625,-0.189625,0.034000,0.575001,-0.075044,0.092683,3.141592,0.000005,-0.000056
29.196541,-2.266251,-0.506247,-14.823750,-0.103625,-0.189625,0.034000,0.575026,-0.074962,0.092685,-3.141593,-0.000000,-0.000071
29.200540,-2.266253,-0.506249,-14.823750,-0.103625,-0.189625,0.034000,0.575051,-0.074880,0.092686,3.141592,0.000002,-0.000080
29.204544,-2.266250,-0.506245,-14.823749,-0.103625,-0.189625,0.034000,0.575074,-0.074798,0.092688,-3.141592,-0.000002,-0.000095
29.208543,-2.266254,-0.506251,-14.823750,-0.103625,-0.189625,0.034000,0.575099,-0.074715,0.092687,3.141592,0.000004,-0.000103
29.212503,-2.266255,-0.506253,-14.823750,-0.103625,-0.189625,0.034000,0.575124,-0.074631,0.092688,3.141592,0.000006,-0.000101
29.216490,-2.266248,-0.506243,-14.823749,-0.103625,-0.189625,0.034000,0.575151,-0.074548,0.092691,-3.141592,-0.000005,-0.000095
29.220539,-2.356253,-0.356250,-14.973750,-0.110625,-0.192625,0.033000,0.575174,-0.074463,0.092690,3.141592,0.000002,-0.000079
29.224540,-2.366251,-0.346246,-15.003750,-0.111625,-0.192625,0.033000,0.575201,-0.074381,0.092693,-3.141592,-0.000001,-0.000061
29.228540,-2.366251,-0.346247,-15.003750,-0.111625,-0.192625,0.033000,0.575224,-0.074299,0.092693,-3.141593,-0.000001,-0.000049
29.232541,-2.366255,-0.346253,-15.003750,-0.111625,-0.192625,0.033000,0.575248,-0.074217,0.092691,3.141592,0.000005,-0.000037
29.236541,-2.366252,-0.346248,-15.003750,-0.111625,-0.192625,0.033000,0.575273,-0.074134,0.092693,3.141593,0.000001,-0.000025
29.240540,-2.366245,-0.346238,-15.003749,-0.111625,-0.192625,0.033000,0.575300,-0.074052,0.092696,-3.141591,-0.000010,-0.000013
29.244540,-2.366249,-0.346244,-15.003750,-0.111625,-0.192625,0.033000,0.575325,-0.073969,0.092695,-3.141592,-0.000004,-0.000008
29.248545,-2.366247,-0.346241,-15.003749,-0.111625,-0.192625,0.033000,0.575352,-0.073884,0.092697,-3.141592,-0.000007,0.000001
29.252540,-2.366247,-0.346242,-15.003750,-0.111625,-0.192625,0.033000,0.575378,-0.073802,0.092697,-3.141592,-0.000006,0.000006
29.256541,-2.366244,-0.346237,-15.003749,-0.111625,-0.192625,0.033000,0.575408,-0.073721,0.092698,-3.141591,-0.000012,-0.000034
29.260540,-2.346249,-0.426245,-15.063750,-0.107625,-0.190625,0.034000,0.575435,-0.073618,0.092699,-3.141592,-0.000003,0.000001
29.264540,-2.346250,-0.426245,-15.063750,-0.107625,-0.190625,0.034000,0.575461,-0.073536,0.092699,-3.141592,-0.000002,-0.000001
29.268541,-2.346246,-0.426240,-15.063750,-0.107625,-0.190625,0.034000,0.575488,-0.073453,0.092700,-3.141592,-0.000008,-0.000016
29.272540,-2.346244,-0.426236,-15.063750,-0.107625,-0.190625,0.034000,0.575515,-0.073368,0.092702,-3.141591,-0.000012,-0.000020
29.276540,-2.346248,-0.426242,-15.063750,-0.107625,-0.190625,0.034000,0.575539,-0.073288,0.092701,-3.141592,-0.000006,-0.000040
29.280540,-2.346244,-0.426237,-15.063750,-0.107625,-0.190625,0.034000,0.575566,-0.073203,0.092701,-3.141591,-0.000011,-0.000050
29.284539,-2.346245,-0.426238,-15.063750,-0.107625,-0.190625,0.034000,0.575593,-0.073120,0.092702,-3.141591,-0.000010,-0.000065
29.288540,-2.346238,-0.426228,-15.063749,-0.107625,-0.190625,0.034000,0.575620,-0.073038,0.092705,-3.141590,-0.000021,-0.000067
29.292539,-2.346242,-0.426234,-15.063750,-0.107625,-0.190625,0.034000,0.575644,-0.072955,0.092703,-3.141591,-0.000015,-0.000062
29.296540,-2.346235,-0.426224,-15.063749,-0.107625,-0.190625,0.034000,0.575671,-0.072872,0.092707,-3.141589,-0.000025,-0.000057
29.300540,-2.356240,-0.466231,-15.003749,-0.107625,-0.189625,0.035000,0.575697,-0.072790,0.092706,-3.141590,-0.000017,-0.000045
29.304495,-2.356236,-0.466226,-15.003749,-0.107625,-0.189625,0.035000,0.575724,-0.072707,0.092707,-3.141590,-0.000023,-0.000040
29.308539,-2.356234,-0.466222,-15.003748,-0.107625,-0.189625,0.035000,0.575750,-0.072625,0.092709,-3.141589,-0.000027,-0.000035
29.312541,-2.356238,-0.466228,-15.003749,-0.107625,-0.189625,0.035000,0.575774,-0.072542,0.092708,-3.141590,-0.000020,-0.000023
29.316541,-2.356240,-0.466231,-15.003749,-0.107625,-0.189625,0.035000,0.575800,-0.072460,0.092710,-3.141590,-0.000017,-0.000011
29.320502,-2.356236,-0.466226,-15.003749,-0.107625,-0.189625,0.035000,0.575827,-0.072377,0.092711,-3.141590,-0.000023,-0.000006
29.324490,-2.356237,-0.466227,-15.003749,-0.107625,-0.189625,0.035000,0.575851,-0.072295,0.092712,-3.141590,-0.000021,0.000006
29.328538,-2.356241,-0.466233,-15.003749,-0.107625,-0.189625,0.035000,0.575875,-0.072212,0.092710,-3.141591,-0.000015,0.000011
29.332540,-2.356239,-0.466230,-15.003749,-0.107625,-0.189625,0.035000,0.575902,-0.072129,0.092713,-3.141590,-0.000019,0.000016
29.336540,-2.346240,-0.476231,-15.003749,-0.108625,-0.189625,0.035000,0.575926,-0.072047,0.092714,-3.141590,-0.000017,0.000021
29.340540,-2.306237,-0.486228,-14.963749,-0.107625,-0.187625,0.035000,0.575953,-0.071962,0.092716,-3.141590,-0.000021,0.000030
29.344541,-2.306242,-0.486234,-14.963749,-0.107625,-0.187625,0.035000,0.575976,-0.071882,0.092715,-3.141591,-0.000015,0.000031
29.348546,-2.306243,-0.486235,-14.963749,-0.107625,-0.187625,0.035000,0.576001,-0.071800,0.092716,-3.141591,-0.000013,0.000029
29.352540,-2.306240,-0.486232,-14.963749,-0.107625,-0.187625,0.035000,0.576027,-0.071717,0.092718,-3.141590,-0.000016,0.000034
29.356537,-2.306240,-0.486232,-14.963749,-0.107625,-0.187625,0.035000,0.576051,-0.071634,0.092717,-3.141590,-0.000017,0.000026
29.360510,-2.306238,-0.486228,-14.963749,-0.107625,-0.187625,0.035000,0.576078,-0.071552,0.092720,-3.141590,-0.000020,0.000017
29.364506,-2.306237,-0.486228,-14.963749,-0.107625,-0.187625,0.035000,0.576102,-0.071469,0.092719,-3.141590,-0.000021,0.000009
29.368507,-2.306235,-0.486224,-14.963749,-0.107625,-0.187625,0.035000,0.576129,-0.071386,0.092722,-3.141589,-0.000024,0.000001
29.372505,-2.306236,-0.486226,-14.963749,-0.107625,-0.187625,0.035000,0.576153,-0.071304,0.092723,-3.141590,-0.000023,-0.000001
29.376506,-2.306237,-0.486227,-14.963749,-0.107625,-0.187625,0.035000,0.576179,-0.071221,0.092723,-3.141590,-0.000022,-0.000003
29.380580,-2.236238,-0.576229,-14.943749,-0.102625,-0.188625,0.036000,0.576203,-0.071139,0.092724,-3.141590,-0.000020,-0.000004
29.384480,-2.236251,-0.576247,-14.943750,-0.102625,-0.188625,0.036000,0.576226,-0.071056,0.092721,-3.141593,-0.000001,-0.000040
29.388534,-2.236251,-0.576247,-14.943750,-0.102625,-0.188625,0.036000,0.576250,-0.070974,0.092720,-3.141593,-0.000001,-0.000001
29.392538,-2.236252,-0.576249,-14.943750,-0.102625,-0.188625,0.036000,0.576280,-0.070873,0.092721,3.141592,0.000001,0.000002
29.396537,-2.236253,-0.576249,-14.943750,-0.102625,-0.188625,0.036000,0.576306,-0.070790,0.092721,3.141592,0.000002,0.000014
29.400541,-2.236252,-0.576249,-14.943750,-0.102625,-0.188625,0.036000,0.576330,-0.070708,0.092720,3.141592,0.000002,0.000019
29.404540,-2.236249,-0.576244,-14.943750,-0.102625,-0.188625,0.036000,0.576357,-0.070625,0.092721,-3.141592,-0.000004,0.000024
29.408540,-2.236250,-0.576245,-14.943750,-0.102625,-0.188625,0.036000,0.576381,-0.070542,0.092722,-3.141592,-0.000003,0.000022
29.412539,-2.236254,-0.576251,-14.943751,-0.102625,-0.188625,0.036000,0.576404,-0.070460,0.092720,3.141592,0.000004,0.000027
29.416540,-2.166255,-0.506252,-14.783750,-0.102625,-0.186625,0.035000,0.576430,-0.070377,0.092721,3.141592,0.000005,0.000026
29.420542,-2.166259,-0.506258,-14.783750,-0.102625,-0.186625,0.035000,0.576454,-0.070294,0.092719,3.141591,0.000011,0.000031
29.424504,-2.166255,-0.506252,-14.773751,-0.102625,-0.186625,0.035000,0.576481,-0.070212,0.092720,3.141592,0.000005,0.000029
29.428490,-2.166259,-0.506258,-14.773751,-0.102625,-0.186625,0.035000,0.576504,-0.070129,0.092718,3.141591,0.000011,0.000034
29.432537,-2.166257,-0.506255,-14.773751,-0.102625,-0.186625,0.035000,0.576531,-0.070044,0.092721,3.141592,0.000008,0.000037
29.436501,-2.166262,-0.506262,-14.773751,-0.102625,-0.186625,0.035000,0.576556,-0.069958,0.092720,3.141591,0.000015,0.000026
29.440542,-2.166265,-0.506267,-14.773751,-0.102625,-0.186625,0.035000,0.576582,-0.069873,0.092718,3.141590,0.000020,0.000022
29.444540,-2.166266,-0.506268,-14.773751,-0.102625,-0.186625,0.035000,0.576608,-0.069788,0.092718,3.141590,0.000021,0.000012
29.448545,-2.166263,-0.506264,-14.773751,-0.102625,-0.186625,0.035000,0.576635,-0.069702,0.092721,3.141590,0.000018,0.000001
29.452540,-2.166260,-0.506260,-14.773751,-0.102625,-0.186625,0.035000,0.576663,-0.069614,0.092723,3.141591,0.000013,0.000002
29.456540,-2.166261,-0.506261,-14.773751,-0.102625,-0.186625,0.035000,0.576689,-0.069531,0.092723,3.141591,0.000014,-0.000013
29.460540,-2.226261,-0.416262,-14.813751,-0.106625,-0.187625,0.035000,0.576716,-0.069443,0.092723,3.141591,0.000015,-0.000006
29.464540,-2.226258,-0.416257,-14.813751,-0.106625,-0.187625,0.035000,0.576744,-0.069354,0.092725,3.141591,0.000010,-0.000005
29.468540,-2.226259,-0.416259,-14.813751,-0.106625,-0.187625,0.035000,0.576776,-0.069250,0.092725,3.141591,0.000012,-0.000018
29.472540,-2.226256,-0.416254,-14.813751,-0.106625,-0.187625,0.035000,0.576799,-0.069183,0.092727,3.141592,0.000007,-0.000013
29.476540,-2.226257,-0.416255,-14.813751,-0.106625,-0.187625,0.035000,0.576824,-0.069100,0.092727,3.141592,0.000008,-0.000022
29.480540,-2.226257,-0.416256,-14.813751,-0.106625,-0.187625,0.035000,0.576851,-0.069012,0.092727,3.141591,0.000009,-0.000021
29.484540,-2.226258,-0.416256,-14.813751,-0.106625,-0.187625,0.035000,0.576877,-0.068927,0.092727,3.141591,0.000009,-0.000032
29.488539,-2.226255,-0.416252,-14.813751,-0.106625,-0.187625,0.035000,0.576905,-0.068841,0.092729,3.141592,0.000005,-0.000036
29.492540,-2.226255,-0.416252,-14.813751,-0.106625,-0.187625,0.035000,0.576905,-0.068841,0.092729,3.141592,0.000005,-0.000036
29.496540,-2.226255,-0.416253,-14.813751,-0.106625,-0.187625,0.035000,0.576931,-0.068753,0.092729,3.141592,0.000006,-0.000042
29.500546,-2.266253,-0.406250,-14.903751,-0.107625,-0.189625,0.036000,0.576985,-0.068584,0.092731,3.141592,0.000002,-0.000054
29.504504,-2.356254,-0.446250,-15.063750,-0.108625,-0.192625,0.038000,0.577012,-0.068493,0.092731,3.141592,0.000003,-0.000089
29.508539,-2.356254,-0.446250,-15.063750,-0.108625,-0.192625,0.038000,0.577012,-0.068493,0.092731,3.141592,0.000003,-0.000089
29.512538,-2.356254,-0.446252,-15.063750,-0.108625,-0.192625,0.038000,0.577071,-0.068303,0.092731,3.141592,0.000004,-0.000065
29.516541,-2.356254,-0.446252,-15.063750,-0.108625,-0.192625,0.038000,0.577071,-0.068303,0.092731,3.141592,0.000004,-0.000065
29.520539,-2.356255,-0.446252,-15.063751,-0.108625,-0.192625,0.038000,0.577125,-0.068132,0.092730,3.141592,0.000005,-0.000073
29.524540,-2.356255,-0.446252,-15.063751,-0.108625,-0.192625,0.038000,0.577125,-0.068132,0.092730,3.141592,0.000005,-0.000073
29.528482,-2.356253,-0.446249,-15.063750,-0.108625,-0.192625,0.038000,0.577180,-0.067955,0.092732,3.141592,0.000002,-0.000072
29.532487,-2.356253,-0.446249,-15.063750,-0.108625,-0.192625,0.038000,0.577180,-0.067955,0.092732,3.141592,0.000002,-0.000072
29.536536,-2.356250,-0.446245,-15.063750,-0.108625,-0.192625,0.038000,0.577236,-0.067784,0.092733,-3.141592,-0.000003,-0.000073
29.540545,-2.326253,-0.546250,-15.023750,-0.103625,-0.188625,0.039000,0.577262,-0.067693,0.092731,3.141592,0.000002,-0.000054
29.544540,-2.326253,-0.546250,-15.023750,-0.103625,-0.188625,0.039000,0.577262,-0.067693,0.092731,3.141592,0.000002,-0.000054
29.548546,-2.326250,-0.546246,-15.023750,-0.103625,-0.188625,0.039000,0.577318,-0.067519,0.092732,-3.141592,-0.000002,-0.000044
29.552540,-2.326250,-0.546246,-15.023750,-0.103625,-0.188625,0.039000,0.577318,-0.067519,0.092732,-3.141592,-0.000002,-0.000044
29.556540,-2.326252,-0.546248,-15.023750,-0.103625,-0.188625,0.039000,0.577372,-0.067342,0.092733,3.141593,0.000001,-0.000043
29.560539,-2.326252,-0.546248,-15.023750,-0.103625,-0.188625,0.039000,0.577372,-0.067342,0.092733,3.141593,0.000001,-0.000043
29.564540,-2.326252,-0.546248,-15.023750,-0.103625,-0.188625,0.039000,0.577399,-0.067256,0.092733,3.141593,0.000001,-0.000054
29.568539,-2.326249,-0.546244,-15.023750,-0.103625,-0.188625,0.039000,0.577428,-0.067168,0.092734,-3.141592,-0.000004,-0.000060
29.572558,-2.326254,-0.546251,-15.023751,-0.103625,-0.188625,0.039000,0.577481,-0.066994,0.092733,3.141592,0.000004,-0.000077
29.576537,-2.266259,-0.636258,-15.133751,-0.101625,-0.187625,0.039000,0.577506,-0.066905,0.092733,3.141591,0.000011,-0.000083
29.580540,-2.266259,-0.636258,-15.133751,-0.101625,-0.187625,0.039000,0.577506,-0.066905,0.092733,3.141591,0.000011,-0.000083
29.584539,-2.266260,-0.636259,-15.133751,-0.101625,-0.187625,0.039000,0.577532,-0.066817,0.092733,3.141591,0.000012,-0.000082
29.588540,-2.266257,-0.636255,-15.133750,-0.101625,-0.187625,0.039000,0.577560,-0.066729,0.092735,3.141592,0.000008,-0.000088
29.592543,-2.266260,-0.636260,-15.133751,-0.101625,-0.187625,0.039000,0.577586,-0.066643,0.092732,3.141591,0.000013,-0.000099
29.596540,-2.266262,-0.636262,-15.133751,-0.101625,-0.187625,0.039000,0.577613,-0.066555,0.092733,3.141590,0.000015,-0.000098
29.600540,-2.266262,-0.636263,-15.133751,-0.101625,-0.187625,0.039000,0.577639,-0.066466,0.092734,3.141590,0.000016,-0.000098
29.604540,-2.266256,-0.636254,-15.133750,-0.101625,-0.187625,0.039000,0.577668,-0.066378,0.092738,3.141592,0.000007,-0.000090
29.608543,-2.266261,-0.636261,-15.133751,-0.101625,-0.187625,0.039000,0.577693,-0.066289,0.092737,3.141591,0.000015,-0.000083
29.612540,-2.266258,-0.636257,-15.133750,-0.101625,-0.187625,0.039000,0.577721,-0.066201,0.092739,3.141591,0.000010,-0.000069
29.616540,-2.266255,-0.636253,-15.133750,-0.101625,-0.187625,0.039000,0.577749,-0.066115,0.092741,3.141592,0.000006,-0.000093
29.620538,-2.246257,-0.516255,-15.273751,-0.106625,-0.191625,0.039000,0.577776,-0.066026,0.092742,3.141591,0.000008,-0.000079
29.624539,-2.246257,-0.516255,-15.273751,-0.106625,-0.191625,0.039000,0.577810,-0.065916,0.092742,3.141591,0.000008,-0.000035
29.628539,-2.246259,-0.516258,-15.273751,-0.106625,-0.191625,0.039000,0.577838,-0.065828,0.092743,3.141591,0.000011,-0.000021
29.632502,-2.246259,-0.516258,-15.273751,-0.106625,-0.191625,0.039000,0.577863,-0.065742,0.092743,3.141591,0.000011,-0.000019
29.636475,-2.246261,-0.516260,-15.273751,-0.106625,-0.191625,0.039000,0.577890,-0.065656,0.092744,3.141591,0.000014,-0.000009
29.640573,-2.246261,-0.516261,-15.273751,-0.106625,-0.191625,0.039000,0.577916,-0.065570,0.092744,3.141591,0.000014,-0.000006
29.644571,-2.246258,-0.516257,-15.273751,-0.106625,-0.191625,0.039000,0.577943,-0.065490,0.092746,3.141591,0.000010,-0.000012
29.648566,-2.246259,-0.516258,-15.273751,-0.106625,-0.191625,0.039000,0.577968,-0.065406,0.092746,3.141591,0.000011,-0.000014
29.652578,-2.246259,-0.516258,-15.273751,-0.106625,-0.191625,0.039000,0.577995,-0.065323,0.092746,3.141591,0.000011,-0.000022
29.656558,-2.246259,-0.516259,-15.273751,-0.106625,-0.191625,0.039000,0.578020,-0.065242,0.092746,3.141591,0.000012,-0.000029
29.660553,-2.246260,-0.516259,-15.273751,-0.106625,-0.191625,0.039000,0.578045,-0.065159,0.092746,3.141591,0.000012,-0.000030
29.664548,-2.326261,-0.436260,-15.273751,-0.110625,-0.196625,0.038000,0.578070,-0.065076,0.092746,3.141591,0.000013,-0.000039
29.668547,-2.326261,-0.436261,-15.273751,-0.110625,-0.196625,0.038000,0.578095,-0.064996,0.092746,3.141591,0.000014,-0.000045
29.672529,-2.326261,-0.436261,-15.273751,-0.110625,-0.196625,0.038000,0.578122,-0.064912,0.092746,3.141591,0.000014,-0.000046
29.676543,-2.326266,-0.436268,-15.273751,-0.110625,-0.196625,0.038000,0.578147,-0.064826,0.092745,3.141589,0.000022,-0.000044
29.680541,-2.326267,-0.436269,-15.273751,-0.110625,-0.196625,0.038000,0.578172,-0.064746,0.092745,3.141589,0.000023,-0.000050
29.684542,-2.326268,-0.436270,-15.273752,-0.110625,-0.196625,0.038000,0.578197,-0.064663,0.092745,3.141589,0.000023,-0.000045
29.688539,-2.326264,-0.436264,-15.273751,-0.110625,-0.196625,0.038000,0.578223,-0.064579,0.092746,3.141590,0.000018,-0.000040
29.692563,-2.326261,-0.436260,-15.273751,-0.110625,-0.196625,0.038000,0.578250,-0.064496,0.092748,3.141591,0.000013,-0.000028
29.696540,-2.326261,-0.436260,-15.273751,-0.110625,-0.196625,0.038000,0.578250,-0.064496,0.092748,3.141591,0.000013,-0.000028
29.700546,-2.346262,-0.506262,-15.223751,-0.105625,-0.192625,0.039000,0.578300,-0.064330,0.092748,3.141590,0.000015,-0.000004
29.704546,-2.346267,-0.506269,-15.223751,-0.105625,-0.192625,0.039000,0.578324,-0.064246,0.092748,3.141589,0.000022,0.000008
29.708543,-2.346264,-0.506265,-15.223751,-0.105625,-0.192625,0.039000,0.578350,-0.064161,0.092750,3.141590,0.000019,0.000031
29.712540,-2.346261,-0.506261,-15.223751,-0.105625,-0.192625,0.039000,0.578377,-0.064080,0.092752,3.141591,0.000014,0.000038
29.716540,-2.346262,-0.506262,-15.223751,-0.105625,-0.192625,0.039000,0.578402,-0.063996,0.092752,3.141590,0.000015,0.000050
29.720540,-2.346263,-0.506263,-15.223751,-0.105625,-0.192625,0.039000,0.578427,-0.063913,0.092752,3.141590,0.000016,0.000055
29.724543,-2.346260,-0.506259,-15.223751,-0.105625,-0.192625,0.039000,0.578452,-0.063830,0.092755,3.141591,0.000012,0.000060
29.728540,-2.346257,-0.506255,-15.223751,-0.105625,-0.192625,0.039000,0.578485,-0.063728,0.092757,3.141591,0.000008,0.000056
29.732539,-2.346259,-0.506258,-15.223751,-0.105625,-0.192625,0.039000,0.578507,-0.063665,0.092759,3.141591,0.000011,0.000012
29.736502,-2.426260,-0.506259,-15.313751,-0.109625,-0.193625,0.039000,0.578534,-0.063564,0.092759,3.141591,0.000012,0.000041
29.740490,-2.436257,-0.506255,-15.313751,-0.109625,-0.193625,0.039000,0.578561,-0.063483,0.092761,3.141591,0.000008,0.000028
29.744537,-2.436254,-0.506252,-15.313750,-0.109625,-0.193625,0.039000,0.578586,-0.063399,0.092764,3.141592,0.000004,0.000020
29.748545,-2.436255,-0.506252,-15.313751,-0.109625,-0.193625,0.039000,0.578611,-0.063319,0.092764,3.141592,0.000005,0.000014
29.752541,-2.436256,-0.506254,-15.313751,-0.109625,-0.193625,0.039000,0.578633,-0.063238,0.092765,3.141592,0.000007,0.000001
29.756540,-2.436253,-0.506250,-15.313750,-0.109625,-0.193625,0.039000,0.578660,-0.063157,0.092767,3.141592,0.000002,-0.000019
29.760541,-2.436254,-0.506251,-15.313750,-0.109625,-0.193625,0.039000,0.578685,-0.063077,0.092767,3.141592,0.000003,-0.000032
29.764541,-2.436251,-0.506247,-15.313750,-0.109625,-0.193625,0.039000,0.578710,-0.062996,0.092770,-3.141593,-0.000000,-0.000051
29.768541,-2.436252,-0.506248,-15.313750,-0.109625,-0.193625,0.039000,0.578734,-0.062913,0.092770,3.141593,0.000001,-0.000060
29.772540,-2.436252,-0.506249,-15.313750,-0.109625,-0.193625,0.039000,0.578759,-0.062832,0.092770,3.141592,0.000001,-0.000052
29.776540,-2.436255,-0.506252,-15.313751,-0.109625,-0.193625,0.039000,0.578783,-0.062751,0.092772,3.141592,0.000004,-0.000032
29.780540,-2.406251,-0.476248,-15.123750,-0.110625,-0.189625,0.039000,0.578810,-0.062670,0.092774,-3.141593,-0.000000,-0.000024
29.784547,-2.406252,-0.476248,-15.123750,-0.110625,-0.189625,0.039000,0.578835,-0.062587,0.092774,3.141593,0.000001,-0.000012
29.788516,-2.406253,-0.476249,-15.123750,-0.110625,-0.189625,0.039000,0.578859,-0.062506,0.092774,3.141592,0.000002,0.000002
29.792484,-2.406253,-0.476250,-15.123750,-0.110625,-0.189625,0.039000,0.578884,-0.062423,0.092774,3.141592,0.000003,0.000020
29.796480,-2.406250,-0.476246,-15.123750,-0.110625,-0.189625,0.039000,0.578911,-0.062342,0.092776,-3.141592,-0.000002,0.000041
29.800569,-2.406251,-0.476247,-15.123750,-0.110625,-0.189625,0.039000,0.578935,-0.062261,0.092776,-3.141592,-0.000001,0.000048
29.804571,-2.406251,-0.476247,-15.123750,-0.110625,-0.189625,0.039000,0.578935,-0.062261,0.092776,-3.141592,-0.000001,0.000048
29.808565,-2.406245,-0.476239,-15.123749,-0.110625,-0.189625,0.039000,0.578987,-0.062096,0.092781,-3.141591,-0.000009,0.000054
29.812578,-2.406247,-0.476241,-15.123749,-0.110625,-0.189625,0.039000,0.579013,-0.062015,0.092782,-3.141592,-0.000007,0.000048
29.816559,-2.286244,-0.526237,-14.863749,-0.106625,-0.186625,0.038000,0.579045,-0.061916,0.092784,-3.141591,-0.000011,0.000046
29.820553,-2.286244,-0.526238,-14.863749,-0.106625,-0.186625,0.038000,0.579064,-0.061854,0.092784,-3.141591,-0.000011,0.000008
29.824552,-2.286245,-0.526239,-14.863749,-0.106625,-0.186625,0.038000,0.579094,-0.061751,0.092784,-3.141591,-0.000009,0.000031
29.828545,-2.286242,-0.526235,-14.863749,-0.106625,-0.186625,0.038000,0.579121,-0.061670,0.092786,-3.141591,-0.000014,0.000025
29.832561,-2.286239,-0.526231,-14.863749,-0.106625,-0.186625,0.038000,0.579147,-0.061587,0.092788,-3.141590,-0.000018,0.000010
29.836543,-2.286244,-0.526238,-14.863749,-0.106625,-0.186625,0.038000,0.579171,-0.061503,0.092787,-3.141591,-0.000011,-0.000005
29.840500,-2.286241,-0.526233,-14.863749,-0.106625,-0.186625,0.038000,0.579199,-0.061417,0.092789,-3.141590,-0.000015,-0.000022
29.844488,-2.286246,-0.526240,-14.863749,-0.106625,-0.186625,0.038000,0.579222,-0.061334,0.092789,-3.141591,-0.000008,-0.000038
29.848544,-2.286243,-0.526236,-14.863749,-0.106625,-0.186625,0.038000,0.579250,-0.061247,0.092790,-3.141591,-0.000012,-0.000048
29.852539,-2.286248,-0.526243,-14.863749,-0.106625,-0.186625,0.038000,0.579274,-0.061161,0.092790,-3.141592,-0.000005,-0.000059
29.856544,-2.286248,-0.526243,-14.863749,-0.106625,-0.186625,0.038000,0.579274,-0.061161,0.092790,-3.141592,-0.000005,-0.000059
29.860540,-2.196242,-0.526235,-14.713749,-0.103625,-0.184625,0.036000,0.579328,-0.060991,0.092794,-3.141591,-0.000014,-0.000064
29.864539,-2.196250,-0.526246,-14.713750,-0.103625,-0.184625,0.036000,0.579351,-0.060905,0.092791,-3.141592,-0.000002,-0.000061
29.868540,-2.196244,-0.526238,-14.713749,-0.103625,-0.184625,0.036000,0.579379,-0.060819,0.092795,-3.141591,-0.000011,-0.000045
29.872540,-2.196244,-0.526238,-14.713749,-0.103625,-0.184625,0.036000,0.579379,-0.060819,0.092795,-3.141591,-0.000011,-0.000045
29.876540,-2.196241,-0.526234,-14.713749,-0.103625,-0.184625,0.036000,0.579411,-0.060714,0.092797,-3.141590,-0.000015,-0.000038
29.880540,-2.196241,-0.526234,-14.713749,-0.103625,-0.184625,0.036000,0.579411,-0.060714,0.092797,-3.141590,-0.000015,-0.000038
29.884540,-2.196239,-0.526231,-14.713749,-0.103625,-0.184625,0.036000,0.579482,-0.060476,0.092799,-3.141590,-0.000018,-0.000005
29.888539,-2.196244,-0.526237,-14.713749,-0.103625,-0.184625,0.036000,0.579508,-0.060390,0.092798,-3.141591,-0.000011,0.000005
29.892540,-2.196244,-0.526238,-14.713749,-0.103625,-0.184625,0.036000,0.579533,-0.060304,0.092798,-3.141591,-0.000010,0.000008
29.896539,-2.196241,-0.526234,-14.713749,-0.103625,-0.184625,0.036000,0.579560,-0.060218,0.092800,-3.141590,-0.000015,0.000011
29.900539,-2.196241,-0.526234,-14.713749,-0.103625,-0.184625,0.036000,0.579560,-0.060218,0.092800,-3.141590,-0.000015,0.000011
29.904539,-2.266243,-0.466236,-14.543749,-0.104625,-0.184625,0.036000,0.579585,-0.060136,0.092801,-3.141591,-0.000013,-0.000002
29.908540,-2.266243,-0.466236,-14.543749,-0.104625,-0.184625,0.036000,0.579585,-0.060136,0.092801,-3.141591,-0.000013,-0.000002
29.912540,-2.266238,-0.466230,-14.543749,-0.104625,-0.184625,0.036000,0.579642,-0.059966,0.092807,-3.141590,-0.000019,-0.000055
29.916544,-2.266238,-0.466230,-14.543749,-0.104625,-0.184625,0.036000,0.579695,-0.059793,0.092805,-3.141590,-0.000019,-0.000070
29.920549,-2.266238,-0.466230,-14.543749,-0.104625,-0.184625,0.036000,0.579695,-0.059793,0.092805,-3.141590,-0.000019,-0.000070
29.924540,-2.266243,-0.466236,-14.543749,-0.104625,-0.184625,0.036000,0.579723,-0.059688,0.092804,-3.141591,-0.000012,-0.000055
29.928539,-2.266243,-0.466236,-14.543749,-0.104625,-0.184625,0.036000,0.579750,-0.059602,0.092803,-3.141591,-0.000012,-0.000066
29.932540,-2.266240,-0.466232,-14.543749,-0.104625,-0.184625,0.036000,0.579803,-0.059429,0.092804,-3.141590,-0.000017,-0.000087
29.936541,-2.326244,-0.466238,-14.523750,-0.104625,-0.183625,0.037000,0.579829,-0.059342,0.092803,-3.141591,-0.000010,-0.000091
29.940540,-2.326244,-0.466238,-14.523750,-0.104625,-0.183625,0.037000,0.579829,-0.059342,0.092803,-3.141591,-0.000010,-0.000091
29.944505,-2.346246,-0.466240,-14.513750,-0.104625,-0.183625,0.037000,0.579881,-0.059169,0.092804,-3.141591,-0.000008,-0.000085
29.948546,-2.346246,-0.466240,-14.513750,-0.104625,-0.183625,0.037000,0.579881,-0.059169,0.092804,-3.141591,-0.000008,-0.000085
29.952546,-2.346242,-0.466235,-14.513749,-0.104625,-0.183625,0.037000,0.579910,-0.059080,0.092805,-3.141591,-0.000013,-0.000065
29.956541,-2.346245,-0.466238,-14.513750,-0.104625,-0.183625,0.037000,0.579965,-0.058907,0.092806,-3.141591,-0.000010,-0.000046
29.960507,-2.346242,-0.466234,-14.513749,-0.104625,-0.183625,0.037000,0.579991,-0.058820,0.092808,-3.141590,-0.000014,-0.000036
29.964542,-2.346239,-0.466231,-14.513749,-0.104625,-0.183625,0.037000,0.580019,-0.058736,0.092811,-3.141590,-0.000018,-0.000024
29.968542,-2.346239,-0.466231,-14.513749,-0.104625,-0.183625,0.037000,0.580045,-0.058652,0.092810,-3.141590,-0.000018,-0.000019
29.972537,-2.346239,-0.466231,-14.513749,-0.104625,-0.183625,0.037000,0.580045,-0.058652,0.092810,-3.141590,-0.000018,-0.000019
29.976542,-2.346245,-0.466238,-14.513750,-0.104625,-0.183625,0.037000,0.580069,-0.058569,0.092810,-3.141591,-0.000010,-0.000007
29.980539,-2.366238,-0.466230,-14.513749,-0.104625,-0.183625,0.037000,0.580095,-0.058492,0.092814,-3.141590,-0.000019,-0.000002
29.984547,-2.416239,-0.516231,-14.583749,-0.104625,-0.184625,0.037000,0.580118,-0.058422,0.092814,-3.141590,-0.000018,0.000007
29.988544,-2.416239,-0.516231,-14.583749,-0.104625,-0.184625,0.037000,0.580136,-0.058360,0.092814,-3.141590,-0.000018,0.000010
29.992540,-2.416236,-0.516227,-14.583749,-0.104625,-0.184625,0.037000,0.580155,-0.058303,0.092817,-3.141589,-0.000022,0.000010
29.996540,-2.416241,-0.516234,-14.583749,-0.104625,-0.184625,0.037000,0.580171,-0.058254,0.092816,-3.141590,-0.000015,-0.000010
30.000540,-2.416238,-0.516230,-14.583749,-0.104625,-0.184625,0.037000,0.580184,-0.058213,0.092818,-3.141590,-0.000019,-0.000009
30.004538,-2.416237,-0.516229,-14.583749,-0.104625,-0.184625,0.037000,0.580195,-0.058181,0.092817,-3.141589,-0.000020,-0.000002
30.008544,-2.416233,-0.516223,-14.583748,-0.104625,-0.184625,0.037000,0.580205,-0.058153,0.092818,-3.141588,-0.000026,0.000002
30.012543,-2.416234,-0.516225,-14.583748,-0.104625,-0.184625,0.037000,0.580212,-0.058137,0.092819,-3.141589,-0.000025,0.000002
30.016539,-2.426230,-0.556219,-14.643749,-0.103625,-0.185625,0.037000,0.580217,-0.058126,0.092820,-3.141588,-0.000031,0.000000
30.020539,-2.386238,-0.596229,-14.703749,-0.103625,-0.184625,0.037000,0.580217,-0.058120,0.092817,-3.141590,-0.000020,0.000003
30.024539,-2.386230,-0.596234,-14.703749,-0.103625,-0.184625,0.037000,0.580216,-0.058122,0.092817,-3.141583,-0.000019,-0.000002
30.028539,-2.386230,-0.596234,-14.703749,-0.103625,-0.184625,0.037000,0.580216,-0.058122,0.092817,-3.141583,-0.000019,-0.000002
30.032541,-2.386239,-0.596245,-14.703749,-0.103625,-0.184625,0.037000,0.580213,-0.058126,0.092814,-3.141585,-0.000007,-0.000007
30.036540,-2.386239,-0.596245,-14.703749,-0.103625,-0.184625,0.037000,0.580213,-0.058128,0.092814,-3.141585,-0.000007,-0.000011
30.040540,-2.386239,-0.596245,-14.703749,-0.103625,-0.184625,0.037000,0.580213,-0.058131,0.092814,-3.141585,-0.000007,-0.000009
30.044540,-2.386239,-0.596245,-14.703749,-0.103625,-0.184625,0.037000,0.580212,-0.058136,0.092814,-3.141585,-0.000007,-0.000018
30.048545,-2.386239,-0.596245,-14.703749,-0.103625,-0.184625,0.037000,0.580212,-0.058139,0.092814,-3.141585,-0.000007,-0.000016
