timestamp_s,Fx_N,Fy_N,Fz_N,Mx_Nm,My_Nm,Mz_Nm,TCP_x_m,TCP_y_m,TCP_z_m,TCP_rx_rad,TCP_ry_rad,TCP_rz_rad
0.000472,0.000000,0.005000,-0.006250,0.000000,-0.000375,0.000625,0.385999,-0.689999,0.097996,-3.141587,0.000005,0.000002
0.004590,0.000000,0.005000,-0.006250,0.000000,-0.000375,0.000625,0.385999,-0.689999,0.097996,-3.141587,0.000005,0.000002
0.008600,0.000000,0.005000,-0.006250,0.000000,-0.000375,0.000625,0.385999,-0.689999,0.097996,-3.141587,0.000005,0.000002
0.012594,0.000000,0.005000,-0.006250,0.000000,-0.000375,0.000625,0.385999,-0.689999,0.097996,-3.141587,0.000005,0.000002
0.016588,0.000000,0.005000,-0.006250,0.000000,-0.000375,0.000625,0.385999,-0.689999,0.097996,-3.141587,0.000005,0.000002
0.020588,0.000000,0.005000,-0.006250,0.000000,-0.000375,-0.000375,0.385999,-0.689999,0.097996,-3.141587,0.000005,0.000002
0.024589,0.000000,0.005000,-0.006250,0.000000,-0.000375,-0.000375,0.385999,-0.689999,0.097996,-3.141587,0.000005,0.000002
0.028588,0.000000,0.005000,-0.006250,0.000000,-0.000375,-0.000375,0.385999,-0.689999,0.097996,-3.141587,0.000005,0.000002
0.032587,0.000000,0.005000,-0.006250,0.000000,-0.000375,-0.000375,0.385999,-0.689999,0.097996,-3.141587,0.000005,0.000002
0.036560,0.000000,0.005000,-0.006250,0.000000,-0.000375,-0.000375,0.385999,-0.689999,0.097996,-3.141587,0.000005,0.000002
0.040545,0.000000,0.005000,-0.006250,0.000000,-0.000375,-0.000375,0.385999,-0.689999,0.097996,-3.141587,0.000005,0.000002
0.044577,0.000005,0.004992,-0.006250,0.000000,-0.000375,-0.000375,0.385999,-0.689993,0.097988,-3.141580,0.000010,0.000007
0.048596,0.000005,0.004992,-0.006250,0.000000,-0.000375,-0.000375,0.385999,-0.689993,0.097988,-3.141580,0.000010,0.000007
0.052571,0.000004,0.004993,-0.006250,0.000000,-0.000375,-0.000375,0.386004,-0.689983,0.097978,-3.141581,0.000009,0.000014
0.056542,0.000008,0.004987,-0.006250,0.000000,-0.000375,-0.000375,0.386006,-0.689969,0.097958,-3.141577,0.000013,0.000014
0.060537,-0.009989,0.004981,-0.006251,0.000000,-0.000375,0.000625,0.386023,-0.689919,0.097912,-3.141573,0.000017,0.000032
0.064544,-0.009986,0.004976,-0.006251,0.000000,-0.000375,0.000625,0.386034,-0.689883,0.097881,-3.141569,0.000020,0.000032
0.068544,-0.009990,0.004983,-0.006251,0.000000,-0.000375,0.000625,0.386050,-0.689842,0.097856,-3.141574,0.000016,0.000041
0.072546,-0.009986,0.004975,-0.006251,0.000000,-0.000375,0.000625,0.386065,-0.689789,0.097821,-3.141568,0.000020,0.000046
0.076544,-0.009984,0.004972,-0.006251,0.000000,-0.000375,0.000625,0.386084,-0.689730,0.097791,-3.141566,0.000023,0.000053
0.080544,-0.009983,0.004971,-0.006251,0.000000,-0.000375,0.000625,0.386109,-0.689663,0.097757,-3.141566,0.000023,0.000060
0.084547,-0.009984,0.004972,-0.006251,0.000000,-0.000375,0.000625,0.386128,-0.689593,0.097722,-3.141566,0.000022,0.000049
0.088544,-0.009987,0.004978,-0.006251,0.000000,-0.000375,0.000625,0.386154,-0.689515,0.097689,-3.141571,0.000019,0.000052
0.092544,-0.009978,0.004962,-0.006251,0.000000,-0.000375,0.000625,0.386181,-0.689428,0.097647,-3.141559,0.000029,0.000063
0.096544,-0.039975,-0.005044,-0.026251,0.000001,-0.000375,0.000625,0.386206,-0.689343,0.097611,-3.141555,0.000032,0.000064
0.100548,-0.039964,-0.005063,-0.026252,0.000001,-0.000375,0.000625,0.386233,-0.689251,0.097573,-3.141541,0.000044,0.000067
0.104544,-0.039964,-0.005063,-0.026252,0.000001,-0.000375,0.000625,0.386233,-0.689251,0.097573,-3.141541,0.000044,0.000067
0.108545,-0.039956,-0.005077,-0.026252,0.000001,-0.000375,0.000625,0.386261,-0.689159,0.097538,-3.141530,0.000053,0.000069
0.112550,-0.039943,-0.005099,-0.026252,0.000001,-0.000374,0.000625,0.386288,-0.689066,0.097505,-3.141514,0.000067,0.000038
0.116568,-0.039929,-0.005123,-0.026253,0.000002,-0.000374,0.000625,0.386315,-0.688974,0.097472,-3.141496,0.000081,0.000075
0.120569,-0.039898,-0.005177,-0.026254,0.000002,-0.000374,0.000625,0.386359,-0.688782,0.097389,-3.141456,0.000115,0.000055
0.124567,-0.039898,-0.005177,-0.026254,0.000002,-0.000374,0.000625,0.386359,-0.688782,0.097389,-3.141456,0.000115,0.000055
0.128573,-0.039918,-0.005143,-0.026253,0.000002,-0.000374,0.000625,0.386435,-0.688595,0.097363,-3.141481,0.000094,0.000076
0.132584,-0.039918,-0.005143,-0.026253,0.000002,-0.000374,0.000625,0.386435,-0.688595,0.097363,-3.141481,0.000094,0.000076
0.136567,-0.039918,-0.005143,-0.026253,0.000002,-0.000374,0.000625,0.386463,-0.688499,0.097338,-3.141482,0.000094,0.000077
0.140551,-0.039923,-0.005134,-0.026253,0.000002,-0.000374,0.000625,0.386495,-0.688396,0.097313,-3.141488,0.000088,0.000073
0.144544,-0.059936,-0.025111,-0.006253,0.000001,-0.001374,-0.000375,0.386532,-0.688288,0.097289,-3.141505,0.000074,0.000071
0.148589,-0.059952,-0.025083,-0.006252,0.000001,-0.001374,-0.000375,0.386565,-0.688181,0.097268,-3.141526,0.000057,0.000065
0.152596,-0.059965,-0.025061,-0.006252,0.000001,-0.001375,-0.000375,0.386600,-0.688071,0.097244,-3.141542,0.000043,0.000063
0.156585,-0.059983,-0.025030,-0.006251,0.000000,-0.001375,-0.000375,0.386636,-0.687962,0.097220,-3.141565,0.000024,0.000061
0.160563,-0.059989,-0.025019,-0.006251,0.000000,-0.001375,-0.000375,0.386667,-0.687853,0.097193,-3.141573,0.000017,0.000055
0.164590,-0.059990,-0.025017,-0.006251,0.000000,-0.001375,-0.000375,0.386702,-0.687742,0.097166,-3.141574,0.000015,0.000053
0.168594,-0.059990,-0.025017,-0.006251,0.000000,-0.001375,-0.000375,0.386702,-0.687742,0.097166,-3.141574,0.000015,0.000053
0.172590,-0.059978,-0.025039,-0.006251,0.000000,-0.001375,-0.000375,0.386767,-0.687521,0.097109,-3.141558,0.000029,0.000052
0.176589,-0.059972,-0.025048,-0.006251,0.000001,-0.001375,-0.000375,0.386800,-0.687410,0.097078,-3.141551,0.000035,0.000057
0.180553,-0.059970,-0.025052,-0.006251,0.000001,-0.001375,-0.000375,0.386835,-0.687300,0.097050,-3.141549,0.000037,0.000055
0.184562,0.000038,0.004934,0.033748,0.000001,-0.000375,-0.000375,0.386865,-0.687190,0.097016,-3.141538,0.000046,0.000049
0.188553,0.000034,0.004940,0.033748,0.000001,-0.000375,-0.000375,0.386901,-0.687080,0.096985,-3.141543,0.000042,0.000047
0.192556,0.000025,0.004956,0.033749,0.000001,-0.000375,-0.000375,0.386934,-0.686974,0.096960,-3.141554,0.000032,0.000041
0.196554,0.000015,0.004974,0.033749,0.000000,-0.000375,-0.000375,0.386971,-0.686866,0.096933,-3.141568,0.000021,0.000046
0.200554,-0.000001,0.005002,0.033750,-0.000000,-0.000375,-0.000375,0.387005,-0.686761,0.096903,-3.141588,0.000004,0.000040
0.204555,-0.000012,0.005021,0.033750,-0.000000,-0.000375,-0.000375,0.387038,-0.686654,0.096874,3.141583,-0.000008,0.000041
0.208553,-0.000021,0.005036,0.033751,-0.000000,-0.000375,-0.000375,0.387074,-0.686545,0.096841,3.141572,-0.000018,0.000039
0.212553,-0.000026,0.005044,0.033751,-0.000001,-0.000375,-0.000375,0.387106,-0.686438,0.096808,3.141566,-0.000023,0.000039
0.216559,-0.000026,0.005045,0.033751,-0.000001,-0.000375,-0.000375,0.387138,-0.686330,0.096774,3.141565,-0.000023,0.000033
0.220548,-0.000027,0.005047,0.033751,-0.000001,-0.000375,-0.000375,0.387170,-0.686223,0.096738,3.141564,-0.000025,0.000027
0.224553,-0.020056,-0.024903,-0.006248,-0.000001,-0.000376,-0.001375,0.387207,-0.686120,0.096709,3.141527,-0.000055,-0.000006
0.228553,-0.020013,-0.024977,-0.006250,-0.000000,-0.000375,-0.001375,0.387222,-0.685993,0.096657,3.141582,-0.000009,-0.000013
0.232554,-0.020013,-0.024977,-0.006250,-0.000000,-0.000375,-0.001375,0.387222,-0.685993,0.096657,3.141582,-0.000009,-0.000013
0.236565,-0.020006,-0.024990,-0.006250,-0.000000,-0.000375,-0.001375,0.387301,-0.685779,0.096579,3.141591,-0.000001,0.000015
0.240566,-0.020002,-0.024996,-0.006250,-0.000000,-0.000375,-0.001375,0.387328,-0.685687,0.096544,-3.141590,0.000002,0.000018
0.244566,-0.020007,-0.024987,-0.006250,-0.000000,-0.000375,-0.001375,0.387352,-0.685602,0.096509,3.141589,-0.000003,0.000025
0.248568,-0.020013,-0.024977,-0.006250,-0.000000,-0.000375,-0.001375,0.387381,-0.685517,0.096472,3.141582,-0.000009,0.000030
0.252570,-0.020019,-0.024967,-0.006249,-0.000000,-0.000375,-0.001375,0.387406,-0.685434,0.096435,3.141574,-0.000016,0.000030
0.256564,-0.020027,-0.024953,-0.006249,-0.000001,-0.000375,-0.001375,0.387432,-0.685351,0.096393,3.141564,-0.000025,0.000031
0.260605,-0.020027,-0.024953,-0.006249,-0.000001,-0.000375,-0.001375,0.387432,-0.685351,0.096393,3.141564,-0.000025,0.000031
0.264563,-0.020027,-0.024953,-0.006249,-0.000001,-0.000375,-0.001375,0.387432,-0.685351,0.096393,3.141564,-0.000025,0.000031
0.268557,0.009976,0.015042,-0.016249,-0.000001,0.000625,-0.001375,0.387507,-0.685095,0.096262,3.141568,-0.000021,0.000030
0.272562,0.009986,0.015025,-0.016249,-0.000000,0.000625,-0.001375,0.387529,-0.685009,0.096213,3.141580,-0.000010,0.000030
0.276565,0.009996,0.015007,-0.016250,-0.000000,0.000625,-0.001375,0.387554,-0.684920,0.096165,-3.141592,0.000001,0.000035
0.280555,0.009996,0.015007,-0.016250,-0.000000,0.000625,-0.001375,0.387554,-0.684920,0.096165,-3.141592,0.000001,0.000035
0.284544,0.010003,0.014994,-0.016250,0.000000,0.000625,-0.001375,0.387577,-0.684834,0.096119,-3.141582,0.000009,0.000029
0.288539,0.009997,0.015004,-0.016250,-0.000000,0.000625,-0.001375,0.387632,-0.684663,0.096039,-3.141590,0.000002,0.000032
0.292536,0.010005,0.014992,-0.016250,0.000000,0.000625,-0.001375,0.387658,-0.684575,0.095994,-3.141581,0.000010,0.000030
0.296560,0.010002,0.014997,-0.016250,0.000000,0.000625,-0.001375,0.387686,-0.684489,0.095954,-3.141584,0.000007,0.000021
0.300562,0.010006,-0.005011,-0.026250,0.000000,0.000625,-0.002375,0.387715,-0.684400,0.095912,-3.141579,0.000012,0.000024
0.304561,0.010014,-0.005025,-0.026251,0.000000,0.000625,-0.002375,0.387736,-0.684313,0.095867,-3.141569,0.000020,0.000011
0.308533,0.010018,-0.005031,-0.026251,0.000000,0.000625,-0.002375,0.387765,-0.684222,0.095824,-3.141564,0.000024,0.000007
0.312533,0.010011,-0.005019,-0.026251,0.000000,0.000625,-0.002375,0.387792,-0.684137,0.095785,-3.141573,0.000017,0.000012
0.316562,0.010010,-0.005017,-0.026251,0.000000,0.000625,-0.002375,0.387819,-0.684051,0.095748,-3.141574,0.000016,0.000010
0.320535,0.010000,-0.005001,-0.026250,0.000000,0.000625,-0.002375,0.387847,-0.683965,0.095713,-3.141586,0.000005,0.000008
0.324533,0.009993,-0.004988,-0.026250,-0.000000,0.000625,-0.002375,0.387876,-0.683881,0.095683,3.141590,-0.000003,0.000013
0.328532,0.009993,-0.004988,-0.026250,-0.000000,0.000625,-0.002375,0.387876,-0.683881,0.095683,3.141590,-0.000003,0.000013
0.332534,0.009986,-0.004975,-0.026250,-0.000000,0.000625,-0.002375,0.387934,-0.683692,0.095600,3.141580,-0.000011,0.000007
0.336560,-0.020020,-0.014965,0.013751,-0.000000,-0.000375,-0.002375,0.387961,-0.683610,0.095564,3.141573,-0.000017,0.000008
0.340560,-0.020029,-0.014949,0.013751,-0.000001,-0.000375,-0.002375,0.387985,-0.683532,0.095529,3.141561,-0.000027,0.000010
0.344560,-0.020035,-0.014939,0.013751,-0.000001,-0.000375,-0.002375,0.388008,-0.683458,0.095492,3.141554,-0.000033,0.000008
0.348538,-0.020037,-0.014936,0.013751,-0.000001,-0.000375,-0.002375,0.388031,-0.683382,0.095454,3.141551,-0.000035,0.000013
0.352566,-0.020039,-0.014932,0.013751,-0.000001,-0.000375,-0.002375,0.388054,-0.683307,0.095416,3.141549,-0.000037,0.000011
0.356565,-0.020039,-0.014932,0.013751,-0.000001,-0.000375,-0.002375,0.388054,-0.683307,0.095416,3.141549,-0.000037,0.000011
0.360530,-0.020039,-0.014932,0.013751,-0.000001,-0.000375,-0.002375,0.388054,-0.683307,0.095416,3.141549,-0.000037,0.000011
0.364531,-0.020040,-0.014930,0.013751,-0.000001,-0.000375,-0.002375,0.388122,-0.683083,0.095302,3.141547,-0.000039,0.000026
0.368528,-0.020035,-0.014938,0.013751,-0.000001,-0.000375,-0.002375,0.388144,-0.683007,0.095260,3.141553,-0.000034,0.000024
0.372553,-0.020024,-0.014957,0.013751,-0.000001,-0.000375,-0.002375,0.388164,-0.682928,0.095214,3.141567,-0.000022,0.000029
0.376623,-0.020024,-0.014959,0.013751,-0.000001,-0.000375,-0.002375,0.388186,-0.682852,0.095172,3.141568,-0.000021,0.000034
0.380629,-0.000016,-0.004973,0.003751,-0.000000,-0.000375,-0.002375,0.388207,-0.682775,0.095128,3.141579,-0.000012,0.000038
0.384623,-0.000011,-0.004981,0.003751,-0.000000,-0.000375,-0.002375,0.388229,-0.682699,0.095086,3.141585,-0.000007,0.000037
0.388548,-0.000006,-0.004989,0.003750,-0.000000,-0.000375,-0.002375,0.388251,-0.682623,0.095044,3.141591,-0.000002,0.000035
0.392616,-0.000005,-0.004991,0.003750,-0.000000,-0.000375,-0.002375,0.388276,-0.682546,0.095003,3.141592,-0.000001,0.000037
0.396586,-0.000006,-0.004990,0.003750,-0.000000,-0.000375,-0.002375,0.388298,-0.682470,0.094958,3.141591,-0.000001,0.000035
0.400591,-0.000007,-0.004989,0.003750,-0.000000,-0.000375,-0.002375,0.388321,-0.682395,0.094914,3.141590,-0.000002,0.000034
0.404601,-0.000014,-0.004975,0.003751,-0.000000,-0.000375,-0.002375,0.388348,-0.682320,0.094873,3.141580,-0.000011,0.000036
0.408569,-0.000030,-0.004947,0.003751,-0.000001,-0.000375,-0.002375,0.388371,-0.682245,0.094833,3.141560,-0.000028,0.000034
0.412569,-0.000037,-0.004936,0.003752,-0.000001,-0.000375,-0.002375,0.388398,-0.682170,0.094794,3.141552,-0.000035,0.000030
0.416560,-0.000033,-0.004941,0.003751,-0.000001,-0.000375,-0.002375,0.388425,-0.682074,0.094741,3.141556,-0.000032,0.000024
0.420588,-0.010066,-0.014884,-0.046247,-0.000001,-0.001376,-0.002375,0.388448,-0.682020,0.094720,3.141514,-0.000067,-0.000003
0.424591,-0.010039,-0.014931,-0.046248,-0.000001,-0.001375,-0.002375,0.388474,-0.681922,0.094670,3.141548,-0.000038,0.000011
0.428550,-0.010049,-0.014914,-0.046248,-0.000001,-0.001376,-0.002375,0.388500,-0.681846,0.094643,3.141536,-0.000049,0.000014
0.432600,-0.010057,-0.014900,-0.046248,-0.000001,-0.001376,-0.002375,0.388525,-0.681768,0.094610,3.141525,-0.000058,0.000010
0.436553,-0.010055,-0.014904,-0.046248,-0.000001,-0.001376,-0.002375,0.388550,-0.681686,0.094573,3.141528,-0.000055,0.000010
0.440553,-0.010066,-0.014883,-0.046247,-0.000001,-0.001376,-0.002375,0.388578,-0.681606,0.094542,3.141514,-0.000068,0.000004
0.444555,-0.010078,-0.014863,-0.046247,-0.000002,-0.001376,-0.002375,0.388607,-0.681523,0.094511,3.141499,-0.000081,-0.000005
0.448598,-0.010083,-0.014854,-0.046247,-0.000002,-0.001376,-0.002375,0.388635,-0.681439,0.094476,3.141492,-0.000086,-0.000007
0.452597,-0.010090,-0.014841,-0.046246,-0.000002,-0.001376,-0.002375,0.388664,-0.681355,0.094446,3.141483,-0.000094,-0.000009
0.456543,-0.010090,-0.014841,-0.046246,-0.000002,-0.001376,-0.002375,0.388664,-0.681355,0.094446,3.141483,-0.000094,-0.000009
0.460552,-0.010090,-0.014841,-0.046246,-0.000002,-0.001376,-0.002375,0.388664,-0.681355,0.094446,3.141483,-0.000094,-0.000009
0.464551,-0.010107,-0.014811,-0.046246,-0.000002,-0.001376,-0.002375,0.388719,-0.681190,0.094387,3.141461,-0.000113,-0.000017
0.468553,-0.010107,-0.014811,-0.046246,-0.000002,-0.001376,-0.002375,0.388719,-0.681190,0.094387,3.141461,-0.000113,-0.000017
0.472553,-0.010107,-0.014811,-0.046246,-0.000002,-0.001376,-0.002375,0.388719,-0.681190,0.094387,3.141461,-0.000113,-0.000017
0.476554,-0.560125,-0.224778,-3.356245,-0.004003,-0.058376,0.005625,0.388749,-0.681107,0.094360,3.141437,-0.000134,-0.000019
0.480554,-0.560186,-0.224670,-3.356242,-0.004004,-0.058377,0.005625,0.388867,-0.680777,0.094242,3.141359,-0.000201,0.000001
0.484557,-0.560188,-0.224667,-3.356242,-0.004004,-0.058377,0.005625,0.388896,-0.680693,0.094205,3.141356,-0.000203,0.000006
0.488553,-0.560188,-0.224667,-3.356242,-0.004004,-0.058377,0.005625,0.388921,-0.680611,0.094171,3.141356,-0.000204,0.000013
0.492553,-0.560182,-0.224678,-3.356242,-0.004004,-0.058377,0.005625,0.388949,-0.680526,0.094133,3.141364,-0.000197,0.000025
0.496554,-0.560182,-0.224678,-3.356242,-0.004004,-0.058377,0.005625,0.388949,-0.680526,0.094133,3.141364,-0.000197,0.000025
0.500553,-1.610173,-0.364694,-10.326243,-0.024004,-0.169377,0.021625,0.389001,-0.680358,0.094058,3.141376,-0.000187,0.000037
0.504594,-1.610172,-0.364694,-10.326243,-0.024004,-0.169377,0.021625,0.389025,-0.680275,0.094016,3.141376,-0.000186,0.000050
0.508590,-1.610189,-0.364683,-10.326243,-0.024004,-0.169377,0.021625,0.389054,-0.680192,0.093984,3.141361,-0.000190,0.000055
0.512600,-1.610188,-0.364683,-10.326243,-0.024004,-0.169377,0.021625,0.389082,-0.680107,0.093942,3.141362,-0.000190,0.000067
0.516568,-1.610188,-0.364683,-10.326243,-0.024004,-0.169377,0.021625,0.389082,-0.680107,0.093942,3.141362,-0.000190,0.000067
0.520591,-1.610198,-0.364666,-10.326242,-0.024004,-0.169377,0.021625,0.389108,-0.680026,0.093906,3.141349,-0.000201,0.000067
0.524601,-1.610210,-0.364644,-10.326242,-0.024005,-0.169377,0.021625,0.389168,-0.679841,0.093823,3.141334,-0.000214,0.000068
0.528599,-1.610210,-0.364644,-10.326242,-0.024005,-0.169377,0.021625,0.389198,-0.679759,0.093792,3.141313,-0.000232,0.000073
0.532593,-1.610226,-0.364616,-10.326241,-0.024005,-0.169377,0.021625,0.389198,-0.679759,0.093792,3.141313,-0.000232,0.000073
0.536566,-1.610234,-0.364601,-10.326241,-0.024005,-0.169378,0.021625,0.389225,-0.679674,0.093758,3.141302,-0.000242,0.000078
0.540552,-1.610234,-0.364601,-10.326241,-0.024005,-0.169378,0.021625,0.389225,-0.679674,0.093758,3.141302,-0.000242,0.000078
0.544576,-2.610238,-0.824595,-18.116240,-0.034005,-0.288378,0.039625,0.389305,-0.679406,0.093643,3.141298,-0.000246,0.000075
0.548576,-2.610225,-0.824616,-18.116241,-0.034005,-0.288377,0.039625,0.389327,-0.679315,0.093600,3.141313,-0.000232,0.000073
0.552597,-2.610225,-0.824616,-18.116241,-0.034005,-0.288377,0.039625,0.389327,-0.679315,0.093600,3.141313,-0.000232,0.000073
0.556588,-2.610222,-0.824623,-18.116241,-0.034005,-0.288377,0.039625,0.389383,-0.679136,0.093534,3.141330,-0.000218,0.000058
0.560589,-2.610212,-0.824639,-18.116241,-0.034005,-0.288377,0.039625,0.389383,-0.679136,0.093534,3.141330,-0.000218,0.000058
0.564598,-2.610203,-0.824656,-18.116242,-0.034004,-0.288377,0.039625,0.389408,-0.679047,0.093502,3.141342,-0.000208,0.000050
0.568549,-2.610201,-0.824659,-18.116242,-0.034004,-0.288377,0.039625,0.389435,-0.678957,0.093473,3.141344,-0.000206,0.000046
0.572570,-2.610200,-0.824662,-18.116242,-0.034004,-0.288377,0.039625,0.389462,-0.678867,0.093444,3.141347,-0.000204,0.000035
0.576590,-2.610202,-0.824658,-18.116242,-0.034004,-0.288377,0.039625,0.389487,-0.678779,0.093415,3.141344,-0.000206,0.000026
0.580572,-3.910202,-1.024657,-26.746242,-0.063004,-0.419377,0.059625,0.389514,-0.678688,0.093382,3.141343,-0.000207,0.000015
0.584590,-3.910206,-1.024650,-26.746242,-0.063004,-0.419377,0.059625,0.389541,-0.678598,0.093349,3.141338,-0.000211,0.000018
0.588590,-3.910216,-1.024632,-26.746241,-0.063005,-0.419377,0.059625,0.389567,-0.678511,0.093322,3.141325,-0.000223,0.000016
0.592588,-3.910216,-1.024633,-26.746241,-0.063005,-0.419377,0.059625,0.389594,-0.678421,0.093290,3.141326,-0.000222,0.000012
0.596554,-3.910221,-1.024623,-26.746241,-0.063005,-0.419377,0.059625,0.389620,-0.678334,0.093263,3.141319,-0.000228,0.000017
0.600596,-3.910229,-1.024609,-26.746241,-0.063005,-0.419377,0.059625,0.389649,-0.678246,0.093240,3.141308,-0.000237,0.000020
0.604602,-3.910235,-1.024598,-26.746241,-0.063005,-0.419378,0.059625,0.389676,-0.678157,0.093222,3.141300,-0.000244,0.000022
0.608589,-3.910234,-1.024600,-26.746241,-0.063005,-0.419378,0.059625,0.389701,-0.678069,0.093200,3.141302,-0.000243,0.000027
0.612589,-3.910231,-1.024604,-26.746241,-0.063005,-0.419377,0.059625,0.389724,-0.677979,0.093182,3.141305,-0.000240,0.000032
0.616595,-3.910224,-1.024616,-26.746241,-0.063005,-0.419377,0.059625,0.389750,-0.677888,0.093164,3.141314,-0.000232,0.000042
0.620581,-5.190212,-0.984638,-34.606242,-0.093005,-0.535377,0.075625,0.389773,-0.677797,0.093148,3.141330,-0.000219,0.000046
0.624564,-5.190194,-0.984671,-34.606243,-0.093004,-0.535377,0.075625,0.389798,-0.677705,0.093136,3.141353,-0.000198,0.000056
0.628557,-5.190181,-0.984694,-34.606243,-0.093004,-0.535377,0.075625,0.389821,-0.677616,0.093131,3.141370,-0.000184,0.000068
0.632564,-5.190168,-0.984716,-34.606244,-0.093004,-0.535377,0.075625,0.389853,-0.677504,0.093126,3.141387,-0.000170,0.000079
0.636532,-5.190163,-0.984726,-34.606244,-0.093003,-0.535377,0.075625,0.389878,-0.677417,0.093123,3.141394,-0.000164,0.000084
0.640566,-5.190155,-0.984740,-34.606245,-0.093003,-0.535377,0.075625,0.389900,-0.677331,0.093116,3.141404,-0.000155,0.000085
0.644556,-5.190150,-0.984749,-34.606245,-0.093003,-0.535377,0.075625,0.389923,-0.677247,0.093112,3.141410,-0.000149,0.000092
0.648556,-5.190140,-0.984766,-34.606245,-0.093003,-0.535377,0.075625,0.389952,-0.677139,0.093100,3.141422,-0.000139,0.000092
0.652558,-5.190142,-0.984763,-34.606245,-0.093003,-0.535377,0.075625,0.389968,-0.677077,0.093099,3.141421,-0.000140,0.000086
0.656558,-5.190144,-0.984759,-34.606245,-0.093003,-0.535377,0.075625,0.389991,-0.676993,0.093097,3.141417,-0.000143,0.000079
0.660552,-5.190145,-0.984758,-34.606245,-0.093003,-0.535377,0.075625,0.390014,-0.676909,0.093100,3.141417,-0.000144,0.000080
0.664625,-6.100143,-0.724761,-40.076244,-0.118003,-0.608377,0.082625,0.390035,-0.676828,0.093106,3.141419,-0.000142,0.000069
0.668624,-6.100139,-0.724769,-40.076245,-0.118003,-0.608376,0.082625,0.390058,-0.676743,0.093111,3.141425,-0.000137,0.000063
0.672558,-6.100137,-0.724772,-40.076245,-0.118003,-0.608376,0.082625,0.390082,-0.676660,0.093118,3.141427,-0.000135,0.000049
0.676623,-6.100125,-0.724793,-40.076245,-0.118003,-0.608376,0.082625,0.390103,-0.676574,0.093119,3.141442,-0.000122,0.000050
0.680623,-6.100120,-0.724802,-40.076245,-0.118003,-0.608376,0.082625,0.390126,-0.676489,0.093124,3.141449,-0.000116,0.000037
0.684625,-6.100110,-0.724821,-40.076246,-0.118002,-0.608376,0.082625,0.390147,-0.676403,0.093123,3.141462,-0.000104,0.000030
0.688625,-6.100106,-0.724828,-40.076246,-0.118002,-0.608376,0.082625,0.390172,-0.676316,0.093126,3.141467,-0.000100,0.000022
0.692629,-6.100098,-0.724841,-40.076246,-0.118002,-0.608376,0.082625,0.390194,-0.676231,0.093127,3.141477,-0.000092,0.000009
0.696622,-6.100088,-0.724859,-40.076247,-0.118002,-0.608376,0.082625,0.390216,-0.676146,0.093134,3.141490,-0.000080,0.000002
0.700617,-6.330079,-0.584876,-41.396247,-0.130002,-0.628376,0.083625,0.390242,-0.676060,0.093139,3.141502,-0.000070,-0.000006
0.704625,-6.330071,-0.584890,-41.396247,-0.130001,-0.628376,0.083625,0.390265,-0.675976,0.093151,3.141513,-0.000061,-0.000012
0.708623,-6.330056,-0.584918,-41.396248,-0.130001,-0.628376,0.083625,0.390286,-0.675890,0.093160,3.141533,-0.000043,-0.000019
0.712563,-6.330048,-0.584932,-41.396248,-0.130001,-0.628376,0.083625,0.390309,-0.675805,0.093180,3.141543,-0.000034,-0.000025
0.716530,-6.330027,-0.584969,-41.396249,-0.130000,-0.628375,0.083625,0.390332,-0.675716,0.093191,3.141569,-0.000011,-0.000020
0.720555,-6.330016,-0.584988,-41.396249,-0.130000,-0.628375,0.083625,0.390355,-0.675632,0.093209,3.141583,0.000001,-0.000020
0.724557,-6.330001,-0.585016,-41.396250,-0.130000,-0.628375,0.083625,0.390375,-0.675544,0.093219,-3.141582,0.000019,-0.000019
0.728559,-6.329990,-0.585036,-41.396251,-0.130000,-0.628375,0.083625,0.390400,-0.675458,0.093236,-3.141568,0.000031,-0.000008
0.732555,-6.329984,-0.585046,-41.396251,-0.129999,-0.628375,0.083625,0.390422,-0.675377,0.093252,-3.141560,0.000037,-0.000012
0.736595,-6.329977,-0.585060,-41.396251,-0.129999,-0.628375,0.083625,0.390448,-0.675292,0.093271,-3.141550,0.000046,-0.000000
0.740565,-6.089971,-0.445070,-40.066253,-0.127999,-0.613375,0.079625,0.390473,-0.675210,0.093287,-3.141543,0.000052,0.000007
0.744562,-6.089966,-0.445078,-40.066254,-0.127999,-0.613375,0.079625,0.390499,-0.675129,0.093309,-3.141537,0.000057,0.000007
0.748575,-6.089960,-0.445089,-40.066254,-0.127999,-0.613375,0.079625,0.390525,-0.675049,0.093325,-3.141529,0.000064,0.000014
0.752598,-6.089952,-0.445104,-40.066254,-0.127999,-0.613374,0.079625,0.390555,-0.674948,0.093347,-3.141518,0.000074,0.000024
0.756594,-6.089946,-0.445115,-40.066254,-0.127999,-0.613374,0.079625,0.390575,-0.674886,0.093363,-3.141511,0.000081,0.000008
0.760590,-6.089958,-0.445093,-40.066254,-0.127999,-0.613375,0.079625,0.390603,-0.674808,0.093385,-3.141526,0.000067,0.000009
0.764589,-6.089939,-0.445128,-40.066255,-0.127998,-0.613374,0.079625,0.390633,-0.674706,0.093403,-3.141501,0.000089,0.000032
0.768559,-6.089926,-0.445150,-40.066255,-0.127998,-0.613374,0.079625,0.390657,-0.674623,0.093415,-3.141485,0.000103,0.000039
0.772565,-6.089920,-0.445162,-40.066256,-0.127998,-0.613374,0.079625,0.390682,-0.674541,0.093432,-3.141477,0.000110,0.000039
0.776589,-6.089918,-0.445166,-40.066256,-0.127998,-0.613374,0.079625,0.390708,-0.674461,0.093449,-3.141474,0.000112,0.000040
0.780580,-5.729913,-0.275175,-36.466254,-0.129998,-0.574374,0.071625,0.390733,-0.674380,0.093463,-3.141467,0.000118,0.000040
0.784594,-5.729910,-0.275180,-36.466254,-0.129998,-0.574374,0.071625,0.390759,-0.674299,0.093481,-3.141464,0.000121,0.000040
0.788580,-5.729912,-0.275178,-36.466254,-0.129998,-0.574374,0.071625,0.390784,-0.674219,0.093499,-3.141466,0.000120,0.000034
0.792565,-5.729914,-0.275174,-36.466254,-0.129998,-0.574374,0.071625,0.390811,-0.674139,0.093517,-3.141468,0.000118,0.000028
0.796567,-5.729918,-0.275166,-36.466253,-0.129998,-0.574374,0.071625,0.390838,-0.674060,0.093537,-3.141474,0.000113,0.000021
0.800596,-5.729917,-0.275168,-36.466253,-0.129998,-0.574374,0.071625,0.390864,-0.673980,0.093551,-3.141473,0.000114,0.000015
0.804593,-5.729926,-0.275153,-36.466253,-0.129998,-0.574374,0.071625,0.390892,-0.673901,0.093573,-3.141484,0.000104,0.000002
0.808597,-5.729924,-0.275155,-36.466253,-0.129998,-0.574374,0.071625,0.390920,-0.673819,0.093588,-3.141482,0.000106,0.000000
0.812558,-5.729923,-0.275157,-36.466253,-0.129998,-0.574374,0.071625,0.390946,-0.673738,0.093603,-3.141480,0.000107,0.000000
0.816595,-5.729926,-0.275153,-36.466253,-0.129998,-0.574374,0.071625,0.390972,-0.673658,0.093618,-3.141483,0.000104,-0.000006
0.820594,-4.949925,-0.485153,-32.106254,-0.102998,-0.504374,0.064625,0.390997,-0.673577,0.093630,-3.141483,0.000104,-0.000012
0.824594,-4.949920,-0.485163,-32.106255,-0.102998,-0.504374,0.064625,0.391022,-0.673495,0.093637,-3.141476,0.000111,-0.000019
0.828557,-4.949920,-0.485162,-32.106255,-0.102998,-0.504374,0.064625,0.391048,-0.673416,0.093648,-3.141477,0.000110,-0.000025
0.832578,-4.949918,-0.485167,-32.106255,-0.102998,-0.504374,0.064625,0.391077,-0.673333,0.093657,-3.141473,0.000113,-0.000027
0.836565,-4.949918,-0.485166,-32.106255,-0.102998,-0.504374,0.064625,0.391105,-0.673250,0.093667,-3.141474,0.000113,-0.000029
0.840592,-4.949915,-0.485172,-32.106255,-0.102998,-0.504374,0.064625,0.391126,-0.673154,0.093679,-3.141469,0.000117,-0.000046
0.844599,-4.949919,-0.485164,-32.106255,-0.102998,-0.504374,0.064625,0.391164,-0.673083,0.093690,-3.141475,0.000112,-0.000028
0.848543,-4.949916,-0.485171,-32.106255,-0.102998,-0.504374,0.064625,0.391199,-0.672976,0.093702,-3.141471,0.000116,-0.000023
0.852588,-4.949916,-0.485170,-32.106255,-0.102998,-0.504374,0.064625,0.391222,-0.672913,0.093712,-3.141471,0.000115,-0.000020
0.856596,-4.949915,-0.485173,-32.106255,-0.102998,-0.504374,0.064625,0.391251,-0.672826,0.093719,-3.141469,0.000117,-0.000011
0.860569,-4.349912,-0.825177,-28.156254,-0.076998,-0.441374,0.060625,0.391277,-0.672741,0.093727,-3.141466,0.000120,-0.000013
0.864594,-4.349913,-0.825176,-28.156254,-0.076998,-0.441374,0.060625,0.391308,-0.672656,0.093738,-3.141467,0.000119,-0.000003
0.868588,-4.349913,-0.825176,-28.156254,-0.076998,-0.441374,0.060625,0.391308,-0.672656,0.093738,-3.141467,0.000119,-0.000003
0.872561,-4.349913,-0.825176,-28.156254,-0.076998,-0.441374,0.060625,0.391308,-0.672656,0.093738,-3.141467,0.000119,-0.000003
0.876591,-4.349913,-0.825176,-28.156254,-0.076998,-0.441374,0.060625,0.391308,-0.672656,0.093738,-3.141467,0.000119,-0.000003
0.880595,-4.349913,-0.825176,-28.156254,-0.076998,-0.441374,0.060625,0.391308,-0.672656,0.093738,-3.141467,0.000119,-0.000003
0.884588,-4.349913,-0.825176,-28.156254,-0.076998,-0.441374,0.060625,0.391308,-0.672656,0.093738,-3.141467,0.000119,-0.000003
0.888599,-4.349930,-0.825145,-28.156253,-0.076998,-0.441374,0.060625,0.391340,-0.672572,0.093749,-3.141489,0.000099,-0.000014
0.892571,-4.349942,-0.825123,-28.156253,-0.076998,-0.441374,0.060625,0.391526,-0.672049,0.093806,-3.141505,0.000086,0.000056
0.896556,-4.349938,-0.825130,-28.156253,-0.076998,-0.441374,0.060625,0.391552,-0.671963,0.093809,-3.141500,0.000090,0.000061
0.900571,-3.959939,-0.745128,-25.426253,-0.069998,-0.399374,0.054625,0.391579,-0.671879,0.093818,-3.141502,0.000089,0.000059
0.904543,-3.959945,-0.745117,-25.426253,-0.069999,-0.399374,0.054625,0.391610,-0.671795,0.093826,-3.141510,0.000082,0.000062
0.908575,-3.959945,-0.745117,-25.426253,-0.069999,-0.399374,0.054625,0.391610,-0.671795,0.093826,-3.141510,0.000082,0.000062
0.912566,-3.959948,-0.745113,-25.426253,-0.069999,-0.399374,0.054625,0.391664,-0.671628,0.093837,-3.141513,0.000079,0.000058
0.916562,-3.959954,-0.745101,-25.426253,-0.069999,-0.399375,0.054625,0.391697,-0.671544,0.093844,-3.141521,0.000072,0.000054
0.920565,-3.959959,-0.745092,-25.426253,-0.069999,-0.399375,0.054625,0.391725,-0.671463,0.093854,-3.141528,0.000066,0.000045
0.924564,-3.959962,-0.745087,-25.426253,-0.069999,-0.399375,0.054625,0.391757,-0.671379,0.093861,-3.141531,0.000063,0.000041
0.928537,-3.959965,-0.745082,-25.426252,-0.069999,-0.399375,0.054625,0.391784,-0.671295,0.093867,-3.141535,0.000060,0.000039
0.932537,-3.959960,-0.745090,-25.426253,-0.069999,-0.399375,0.054625,0.391813,-0.671208,0.093870,-3.141529,0.000065,0.000029
0.936536,-3.629959,-0.825093,-23.516253,-0.058999,-0.370375,0.051625,0.391838,-0.671122,0.093877,-3.141527,0.000067,0.000027
0.940533,-3.629955,-0.825100,-23.516253,-0.058999,-0.370375,0.051625,0.391865,-0.671033,0.093880,-3.141522,0.000071,0.000023
0.944533,-3.629951,-0.825107,-23.516253,-0.058999,-0.370374,0.051625,0.391889,-0.670945,0.093882,-3.141517,0.000076,0.000014
0.948552,-3.629953,-0.825104,-23.516253,-0.058999,-0.370375,0.051625,0.391917,-0.670858,0.093891,-3.141519,0.000074,0.000017
0.952561,-3.629953,-0.825104,-23.516253,-0.058999,-0.370375,0.051625,0.391917,-0.670858,0.093891,-3.141519,0.000074,0.000017
0.956550,-3.629964,-0.825083,-23.516253,-0.058999,-0.370375,0.051625,0.391973,-0.670688,0.093909,-3.141534,0.000061,0.000011
0.960566,-3.629967,-0.825079,-23.516252,-0.058999,-0.370375,0.051625,0.392002,-0.670601,0.093916,-3.141537,0.000058,0.000020
0.964555,-3.629967,-0.825079,-23.516252,-0.058999,-0.370375,0.051625,0.392002,-0.670601,0.093916,-3.141537,0.000058,0.000020
0.968570,-3.629975,-0.825063,-23.516252,-0.058999,-0.370375,0.051625,0.392054,-0.670431,0.093931,-3.141548,0.000048,0.000023
0.972554,-3.629953,-0.825103,-23.516253,-0.058999,-0.370375,0.051625,0.392069,-0.670329,0.093910,-3.141520,0.000073,0.000006
0.976554,-3.629968,-0.825076,-23.516252,-0.058999,-0.370375,0.051625,0.392095,-0.670244,0.093936,-3.141539,0.000056,0.000004
0.980572,-3.629968,-0.825076,-23.516252,-0.058999,-0.370375,0.051625,0.392095,-0.670244,0.093936,-3.141539,0.000056,0.000004
0.984603,-3.339970,-0.815072,-22.156252,-0.051999,-0.352375,0.047625,0.392139,-0.670148,0.093943,-3.141542,0.000054,0.000036
0.988607,-3.339973,-0.815067,-22.156252,-0.051999,-0.352375,0.047625,0.392167,-0.670061,0.093949,-3.141546,0.000050,0.000045
0.992593,-3.339970,-0.815073,-22.156252,-0.051999,-0.352375,0.047625,0.392220,-0.669887,0.093955,-3.141541,0.000055,0.000053
0.996592,-3.339970,-0.815073,-22.156252,-0.051999,-0.352375,0.047625,0.392220,-0.669887,0.093955,-3.141541,0.000055,0.000053
1.000589,-3.339969,-0.815074,-22.156252,-0.051999,-0.352375,0.047625,0.392245,-0.669802,0.093959,-3.141541,0.000055,0.000058
1.004563,-3.339973,-0.815068,-22.156252,-0.051999,-0.352375,0.047625,0.392274,-0.669715,0.093963,-3.141545,0.000051,0.000067
1.008561,-3.339979,-0.815056,-22.156251,-0.051999,-0.352375,0.047625,0.392300,-0.669631,0.093971,-3.141553,0.000044,0.000065
1.012553,-3.339976,-0.815063,-22.156252,-0.051999,-0.352375,0.047625,0.392328,-0.669542,0.093973,-3.141549,0.000048,0.000075
1.016595,-3.339972,-0.815069,-22.156252,-0.051999,-0.352375,0.047625,0.392352,-0.669456,0.093975,-3.141544,0.000052,0.000073
1.020595,-3.339971,-0.815070,-22.156252,-0.051999,-0.352375,0.047625,0.392379,-0.669367,0.093980,-3.141543,0.000053,0.000076
1.024595,-3.259974,-0.615066,-21.136251,-0.055999,-0.340375,0.044625,0.392405,-0.669282,0.093987,-3.141546,0.000050,0.000074
1.028588,-3.259975,-0.615063,-21.136251,-0.055999,-0.340375,0.044625,0.392432,-0.669194,0.093995,-3.141548,0.000048,0.000077
1.032588,-3.259978,-0.615059,-21.136251,-0.055999,-0.340375,0.044625,0.392458,-0.669109,0.094003,-3.141551,0.000045,0.000075
1.036570,-3.259983,-0.615049,-21.136251,-0.055999,-0.340375,0.044625,0.392485,-0.669025,0.094012,-3.141558,0.000039,0.000073
1.040588,-3.259986,-0.615044,-21.136251,-0.055999,-0.340375,0.044625,0.392511,-0.668941,0.094019,-3.141562,0.000036,0.000078
1.044580,-3.259991,-0.615034,-21.136250,-0.056000,-0.340375,0.044625,0.392535,-0.668859,0.094028,-3.141569,0.000030,0.000071
1.048545,-3.259991,-0.615035,-21.136250,-0.056000,-0.340375,0.044625,0.392560,-0.668774,0.094032,-3.141569,0.000030,0.000070
1.052567,-3.259996,-0.615025,-21.136250,-0.056000,-0.340375,0.044625,0.392583,-0.668692,0.094042,-3.141576,0.000024,0.000070
1.056564,-3.259995,-0.615027,-21.136250,-0.056000,-0.340375,0.044625,0.392606,-0.668609,0.094047,-3.141574,0.000025,0.000064
1.060559,-3.259994,-0.615030,-21.136250,-0.056000,-0.340375,0.044625,0.392625,-0.668527,0.094054,-3.141572,0.000027,0.000053
1.064557,-3.099993,-0.385032,-20.116251,-0.065000,-0.321375,0.042625,0.392651,-0.668442,0.094059,-3.141571,0.000028,0.000051
1.068557,-3.099987,-0.385043,-20.116251,-0.064999,-0.321375,0.042625,0.392696,-0.668276,0.094070,-3.141563,0.000035,0.000045
1.072613,-3.099987,-0.385043,-20.116251,-0.064999,-0.321375,0.042625,0.392696,-0.668276,0.094070,-3.141563,0.000035,0.000045
1.076618,-3.099986,-0.385045,-20.116251,-0.064999,-0.321375,0.042625,0.392719,-0.668193,0.094075,-3.141562,0.000037,0.000039
1.080606,-3.099985,-0.385047,-20.116251,-0.064999,-0.321375,0.042625,0.392742,-0.668111,0.094081,-3.141560,0.000038,0.000032
1.084619,-3.099981,-0.385053,-20.116251,-0.064999,-0.321375,0.042625,0.392765,-0.668028,0.094083,-3.141555,0.000042,0.000033
1.088560,-3.099977,-0.385060,-20.116251,-0.064999,-0.321375,0.042625,0.392790,-0.667943,0.094085,-3.141551,0.000046,0.000038
1.092617,-3.099974,-0.385067,-20.116252,-0.064999,-0.321375,0.042625,0.392813,-0.667860,0.094087,-3.141546,0.000051,0.000011
1.096618,-3.099976,-0.365063,-20.036252,-0.065999,-0.320375,0.042625,0.392826,-0.667767,0.094095,-3.141549,0.000048,0.000018
1.100612,-3.099969,-0.365075,-20.036252,-0.065999,-0.320375,0.042625,0.392861,-0.667692,0.094094,-3.141540,0.000056,0.000023
1.104605,-3.059968,-0.255077,-18.746252,-0.069999,-0.304375,0.040625,0.392888,-0.667589,0.094100,-3.141539,0.000057,0.000046
1.108599,-3.059967,-0.255079,-18.746252,-0.069999,-0.304375,0.040625,0.392914,-0.667504,0.094105,-3.141537,0.000058,0.000051
1.112593,-3.059963,-0.255086,-18.746252,-0.069999,-0.304375,0.040625,0.392936,-0.667421,0.094108,-3.141532,0.000063,0.000051
1.116535,-3.059962,-0.255088,-18.746252,-0.069999,-0.304375,0.040625,0.392959,-0.667338,0.094113,-3.141531,0.000064,0.000052
1.120594,-3.059961,-0.255090,-18.746252,-0.069999,-0.304375,0.040625,0.392985,-0.667253,0.094118,-3.141530,0.000065,0.000057
1.124566,-3.059963,-0.255086,-18.746252,-0.069999,-0.304375,0.040625,0.393011,-0.667170,0.094126,-3.141532,0.000063,0.000055
1.128570,-3.059965,-0.255082,-18.746252,-0.069999,-0.304375,0.040625,0.393035,-0.667088,0.094134,-3.141535,0.000060,0.000055
1.132582,-3.059971,-0.255072,-18.746252,-0.069999,-0.304375,0.040625,0.393062,-0.667005,0.094142,-3.141542,0.000054,0.000053
1.136545,-2.709977,-0.295061,-17.086252,-0.058999,-0.273375,0.036625,0.393086,-0.666924,0.094151,-3.141550,0.000047,0.000054
1.140573,-2.709979,-0.295057,-17.086252,-0.058999,-0.273375,0.036625,0.393110,-0.666843,0.094158,-3.141553,0.000044,0.000054
1.144549,-2.709984,-0.295048,-17.086251,-0.058999,-0.273375,0.036625,0.393138,-0.666760,0.094168,-3.141559,0.000039,0.000059
1.148562,-2.709986,-0.295044,-17.086251,-0.058999,-0.273375,0.036625,0.393161,-0.666679,0.094176,-3.141562,0.000036,0.000053
1.152564,-2.709983,-0.295050,-17.086252,-0.058999,-0.273375,0.036625,0.393188,-0.666595,0.094177,-3.141558,0.000040,0.000057
1.156589,-2.709982,-0.295051,-17.086252,-0.058999,-0.273375,0.036625,0.393211,-0.666513,0.094181,-3.141557,0.000041,0.000051
1.160589,-2.709982,-0.295052,-17.086252,-0.058999,-0.273375,0.036625,0.393237,-0.666429,0.094186,-3.141556,0.000041,0.000056
1.164591,-2.709982,-0.295052,-17.086252,-0.058999,-0.273375,0.036625,0.393262,-0.666349,0.094189,-3.141556,0.000041,0.000050
1.168577,-2.709981,-0.295054,-17.086252,-0.058999,-0.273375,0.036625,0.393290,-0.666267,0.094193,-3.141555,0.000042,0.000048
1.172548,-2.709974,-0.295066,-17.086252,-0.058999,-0.273375,0.036625,0.393312,-0.666184,0.094194,-3.141546,0.000050,0.000048
1.176593,-2.709974,-0.295067,-17.086252,-0.058999,-0.273375,0.036625,0.393336,-0.666103,0.094197,-3.141546,0.000050,0.000042
1.180590,-2.709969,-0.295076,-17.086252,-0.058999,-0.273375,0.036625,0.393363,-0.666020,0.094193,-3.141539,0.000056,0.000040
1.184594,-2.439963,-0.435087,-15.366252,-0.043999,-0.248375,0.034625,0.393386,-0.665938,0.094190,-3.141532,0.000063,0.000034
1.188596,-2.439957,-0.435097,-15.366252,-0.043999,-0.248375,0.034625,0.393412,-0.665854,0.094188,-3.141524,0.000070,0.000039
1.192594,-2.439952,-0.435108,-15.366253,-0.043999,-0.248374,0.034625,0.393435,-0.665771,0.094185,-3.141517,0.000076,0.000032
1.196548,-2.439944,-0.435123,-15.366253,-0.043998,-0.248374,0.034625,0.393460,-0.665687,0.094179,-3.141506,0.000086,0.000030
1.200595,-2.439945,-0.435121,-15.366253,-0.043999,-0.248374,0.034625,0.393485,-0.665606,0.094180,-3.141508,0.000085,0.000031
1.204595,-2.439942,-0.435125,-15.366253,-0.043998,-0.248374,0.034625,0.393509,-0.665525,0.094179,-3.141504,0.000088,0.000024
1.208594,-2.439943,-0.435125,-15.366253,-0.043998,-0.248374,0.034625,0.393537,-0.665444,0.094181,-3.141505,0.000087,0.000029
1.212555,-2.439943,-0.435125,-15.366253,-0.043998,-0.248374,0.034625,0.393561,-0.665363,0.094184,-3.141505,0.000087,0.000023
1.216539,-2.079946,-0.485118,-13.466253,-0.032999,-0.219374,0.031625,0.393588,-0.665280,0.094188,-3.141510,0.000083,0.000008
1.220594,-2.079950,-0.485110,-13.466253,-0.032999,-0.219374,0.031625,0.393620,-0.665178,0.094192,-3.141515,0.000078,0.000028
1.224595,-2.079951,-0.485109,-13.466253,-0.032999,-0.219374,0.031625,0.393629,-0.665105,0.094194,-3.141516,0.000077,0.000006
1.228570,-2.079958,-0.485096,-13.466253,-0.032999,-0.219375,0.031625,0.393670,-0.665013,0.094199,-3.141525,0.000069,0.000034
1.232552,-2.079965,-0.485083,-13.466252,-0.032999,-0.219375,0.031625,0.393697,-0.664930,0.094205,-3.141535,0.000061,0.000032
1.236543,-2.079970,-0.485074,-13.466252,-0.032999,-0.219375,0.031625,0.393724,-0.664847,0.094207,-3.141541,0.000056,0.000030
1.240569,-2.079980,-0.485056,-13.466252,-0.032999,-0.219375,0.031625,0.393752,-0.664766,0.094215,-3.141554,0.000044,0.000028
1.244589,-2.079991,-0.485035,-13.466251,-0.033000,-0.219375,0.031625,0.393780,-0.664685,0.094220,-3.141569,0.000030,0.000026
1.248570,-2.079999,-0.485021,-13.466251,-0.033000,-0.219375,0.031625,0.393808,-0.664603,0.094224,-3.141579,0.000021,0.000025
1.252567,-2.080005,-0.485009,-13.466251,-0.033000,-0.219375,0.031625,0.393835,-0.664521,0.094231,-3.141587,0.000014,0.000023
1.256597,-2.080009,-0.485000,-13.466250,-0.033000,-0.219375,0.031625,0.393862,-0.664438,0.094234,3.141592,0.000009,0.000021
1.260590,-1.910013,-0.484994,-12.856250,-0.029000,-0.208375,0.030625,0.393889,-0.664356,0.094237,3.141587,0.000004,0.000012
1.264562,-1.910008,-0.485004,-12.856250,-0.029000,-0.208375,0.030625,0.393915,-0.664271,0.094235,-3.141591,0.000011,0.000017
1.268596,-1.910005,-0.485008,-12.856250,-0.029000,-0.208375,0.030625,0.393940,-0.664186,0.094234,-3.141587,0.000014,0.000015
1.272590,-1.909996,-0.485026,-12.856250,-0.029000,-0.208375,0.030625,0.393965,-0.664102,0.094231,-3.141575,0.000025,0.000014
1.276591,-1.909990,-0.485037,-12.856251,-0.029000,-0.208375,0.030625,0.393993,-0.664016,0.094228,-3.141568,0.000031,0.000016
1.280598,-1.909990,-0.485037,-12.856251,-0.029000,-0.208375,0.030625,0.393993,-0.664016,0.094228,-3.141568,0.000031,0.000016
1.284593,-1.909982,-0.485052,-12.856251,-0.028999,-0.208375,0.030625,0.394047,-0.663850,0.094226,-3.141556,0.000042,0.000013
1.288569,-1.909978,-0.485059,-12.856251,-0.028999,-0.208375,0.030625,0.394074,-0.663768,0.094227,-3.141552,0.000045,0.000017
1.292576,-1.909973,-0.485068,-12.856251,-0.028999,-0.208375,0.030625,0.394100,-0.663685,0.094223,-3.141545,0.000052,0.000016
1.296547,-1.769971,-0.415073,-11.586252,-0.029999,-0.188375,0.026625,0.394127,-0.663602,0.094223,-3.141542,0.000055,0.000014
1.300588,-1.769969,-0.415076,-11.586252,-0.029999,-0.188375,0.026625,0.394153,-0.663519,0.094220,-3.141540,0.000056,0.000012
1.304588,-1.769959,-0.415076,-11.586252,-0.029999,-0.188375,0.026625,0.394179,-0.663435,0.094218,-3.141533,0.000053,0.000017
1.308589,-1.769958,-0.415080,-11.586252,-0.029999,-0.188375,0.026625,0.394205,-0.663351,0.094216,-3.141531,0.000056,0.000015
1.312588,-1.769963,-0.415070,-11.586252,-0.029999,-0.188375,0.026625,0.394232,-0.663269,0.094217,-3.141537,0.000050,0.000020
1.316590,-1.769965,-0.415067,-11.586252,-0.029999,-0.188375,0.026625,0.394258,-0.663185,0.094216,-3.141540,0.000047,0.000018
1.320604,-1.769970,-0.415057,-11.586251,-0.029999,-0.188375,0.026625,0.394286,-0.663103,0.094217,-3.141546,0.000041,0.000023
1.324583,-1.769972,-0.415053,-11.586251,-0.029999,-0.188375,0.026625,0.394313,-0.663021,0.094215,-3.141550,0.000039,0.000028
1.328588,-1.769980,-0.415039,-11.586251,-0.030000,-0.188375,0.026625,0.394340,-0.662939,0.094219,-3.141560,0.000030,0.000033
1.332556,-1.769988,-0.415022,-11.586251,-0.030000,-0.188375,0.026625,0.394365,-0.662859,0.094221,-3.141571,0.000019,0.000033
1.336588,-1.769996,-0.415008,-11.586250,-0.030000,-0.188375,0.026625,0.394392,-0.662777,0.094225,-3.141581,0.000010,0.000038
1.340591,-1.799998,-0.315005,-10.896250,-0.032000,-0.179375,0.024625,0.394418,-0.662694,0.094224,-3.141584,0.000008,0.000036
1.344594,-1.800004,-0.314993,-10.896250,-0.032000,-0.179375,0.024625,0.394449,-0.662590,0.094223,-3.141592,0.000001,0.000037
1.348596,-1.799999,-0.315002,-10.896250,-0.032000,-0.179375,0.024625,0.394465,-0.662527,0.094218,-3.141586,0.000006,0.000035
1.352589,-1.800008,-0.314985,-10.896250,-0.032000,-0.179375,0.024625,0.394492,-0.662445,0.094219,3.141588,-0.000004,0.000033
1.356590,-1.800008,-0.314985,-10.896250,-0.032000,-0.179375,0.024625,0.394514,-0.662362,0.094213,3.141588,-0.000004,0.000020
1.360596,-1.800013,-0.314976,-10.896249,-0.032000,-0.179375,0.024625,0.394541,-0.662280,0.094214,3.141581,-0.000010,0.000011
1.364564,-1.800031,-0.314943,-10.896249,-0.032001,-0.179375,0.024625,0.394570,-0.662200,0.094214,3.141558,-0.000031,-0.000011
1.368596,-1.800012,-0.314978,-10.896249,-0.032000,-0.179375,0.024625,0.394581,-0.662105,0.094205,3.141583,-0.000009,-0.000017
1.372588,-1.800008,-0.314985,-10.896250,-0.032000,-0.179375,0.024625,0.394625,-0.662011,0.094199,3.141588,-0.000004,0.000001
1.376589,-1.800001,-0.324998,-10.736250,-0.030000,-0.177375,0.024625,0.394647,-0.661928,0.094190,-3.141588,0.000004,-0.000005
1.380587,-1.800001,-0.324998,-10.736250,-0.030000,-0.177375,0.024625,0.394647,-0.661928,0.094190,-3.141588,0.000004,-0.000005
1.384612,-1.799986,-0.325026,-10.736251,-0.030000,-0.177375,0.024625,0.394696,-0.661759,0.094175,-3.141568,0.000022,-0.000002
1.388589,-1.799983,-0.325032,-10.736251,-0.030000,-0.177375,0.024625,0.394722,-0.661675,0.094167,-3.141564,0.000025,0.000003
1.392589,-1.799979,-0.325039,-10.736251,-0.030000,-0.177375,0.024625,0.394748,-0.661592,0.094161,-3.141559,0.000030,0.000001
1.396588,-1.799976,-0.325045,-10.736251,-0.029999,-0.177375,0.024625,0.394770,-0.661510,0.094153,-3.141555,0.000034,0.000002
1.400592,-1.799980,-0.325038,-10.736251,-0.030000,-0.177375,0.024625,0.394797,-0.661428,0.094148,-3.141560,0.000029,0.000006
1.404561,-1.799981,-0.325037,-10.736251,-0.030000,-0.177375,0.024625,0.394822,-0.661344,0.094140,-3.141561,0.000029,0.000005
1.408591,-1.799988,-0.325023,-10.736251,-0.030000,-0.177375,0.024625,0.394850,-0.661262,0.094136,-3.141571,0.000020,0.000009
1.412604,-1.799993,-0.325015,-10.736251,-0.030000,-0.177375,0.024625,0.394876,-0.661179,0.094129,-3.141577,0.000014,0.000008
1.416569,-1.760003,-0.364994,-10.716250,-0.028000,-0.176375,0.024625,0.394899,-0.661099,0.094126,-3.141591,0.000002,0.000008
1.420560,-1.760015,-0.374973,-10.926250,-0.025000,-0.180375,0.024625,0.394927,-0.661018,0.094123,3.141580,-0.000012,0.000020
1.424577,-1.760022,-0.374960,-10.926249,-0.025000,-0.180375,0.024625,0.394953,-0.660935,0.094119,3.141570,-0.000020,0.000025
1.428590,-1.760030,-0.374945,-10.926249,-0.025001,-0.180375,0.024625,0.394980,-0.660852,0.094113,3.141559,-0.000030,0.000029
1.432570,-1.760037,-0.374932,-10.926249,-0.025001,-0.180375,0.024625,0.395006,-0.660769,0.094110,3.141550,-0.000038,0.000034
1.436568,-1.760044,-0.374917,-10.926248,-0.025001,-0.180375,0.024625,0.395031,-0.660686,0.094105,3.141540,-0.000047,0.000039
1.440562,-1.760049,-0.374909,-10.926248,-0.025001,-0.180376,0.024625,0.395058,-0.660599,0.094098,3.141534,-0.000053,0.000049
1.444598,-1.760055,-0.374896,-10.926248,-0.025001,-0.180376,0.024625,0.395084,-0.660515,0.094096,3.141525,-0.000061,0.000047
1.448572,-1.760056,-0.374896,-10.926248,-0.025001,-0.180376,0.024625,0.395111,-0.660429,0.094089,3.141525,-0.000061,0.000049
1.452568,-1.760056,-0.374896,-10.926248,-0.025001,-0.180376,0.024625,0.395111,-0.660429,0.094089,3.141525,-0.000061,0.000049
1.456600,-1.760053,-0.374900,-10.926248,-0.025001,-0.180376,0.024625,0.395165,-0.660255,0.094082,3.141528,-0.000058,0.000062
1.460589,-2.010052,-0.454902,-12.226248,-0.026001,-0.205376,0.028625,0.395190,-0.660170,0.094079,3.141529,-0.000057,0.000060
1.464592,-2.010048,-0.454910,-12.226248,-0.026001,-0.205376,0.028625,0.395217,-0.660084,0.094074,3.141535,-0.000052,0.000062
1.468589,-2.010041,-0.454923,-12.226248,-0.026001,-0.205375,0.028625,0.395243,-0.659996,0.094065,3.141544,-0.000044,0.000058
1.472619,-2.010043,-0.454919,-12.226248,-0.026001,-0.205375,0.028625,0.395271,-0.659911,0.094063,3.141541,-0.000046,0.000054
1.476589,-2.010037,-0.454932,-12.226248,-0.026001,-0.205375,0.028625,0.395297,-0.659822,0.094054,3.141550,-0.000038,0.000050
1.480588,-2.010037,-0.454932,-12.226248,-0.026001,-0.205375,0.028625,0.395297,-0.659822,0.094054,3.141550,-0.000038,0.000050
1.484589,-2.010033,-0.454939,-12.226248,-0.026001,-0.205375,0.028625,0.395321,-0.659737,0.094047,3.141555,-0.000034,0.000042
1.488596,-2.010020,-0.454964,-12.226249,-0.026000,-0.205375,0.028625,0.395337,-0.659638,0.094018,3.141573,-0.000018,0.000011
1.492556,-2.010032,-0.454941,-12.226249,-0.026001,-0.205375,0.028625,0.395374,-0.659563,0.094030,3.141557,-0.000032,0.000034
1.496552,-2.010035,-0.454934,-12.226248,-0.026001,-0.205375,0.028625,0.395402,-0.659477,0.094024,3.141552,-0.000037,0.000003
1.500556,-2.070046,-0.444914,-12.976248,-0.029001,-0.216375,0.030625,0.395462,-0.659285,0.094008,3.141538,-0.000050,0.000024
1.504552,-2.070046,-0.444914,-12.976248,-0.029001,-0.216375,0.030625,0.395462,-0.659285,0.094008,3.141538,-0.000050,0.000024
1.508558,-2.070064,-0.444880,-12.976247,-0.029001,-0.216376,0.030625,0.395515,-0.659116,0.094002,3.141514,-0.000071,0.000018
1.512557,-2.070070,-0.444868,-12.976247,-0.029002,-0.216376,0.030625,0.395543,-0.659030,0.094000,3.141505,-0.000079,0.000020
1.516557,-2.070070,-0.444868,-12.976247,-0.029002,-0.216376,0.030625,0.395543,-0.659030,0.094000,3.141505,-0.000079,0.000020
1.520530,-2.070070,-0.444869,-12.976247,-0.029002,-0.216376,0.030625,0.395569,-0.658942,0.093995,3.141506,-0.000079,0.000016
1.524554,-2.070073,-0.444864,-12.976247,-0.029002,-0.216376,0.030625,0.395597,-0.658856,0.093992,3.141502,-0.000082,0.000019
1.528561,-2.070067,-0.444875,-12.976247,-0.029002,-0.216376,0.030625,0.395647,-0.658684,0.093984,3.141510,-0.000075,0.000027
1.532534,-2.070065,-0.444878,-12.976247,-0.029002,-0.216376,0.030625,0.395671,-0.658600,0.093982,3.141513,-0.000072,0.000025
1.536600,-2.070065,-0.444878,-12.976247,-0.029002,-0.216376,0.030625,0.395671,-0.658600,0.093982,3.141513,-0.000072,0.000025
1.540555,-2.380062,-0.494884,-14.016248,-0.034001,-0.236376,0.033625,0.395699,-0.658513,0.093983,3.141517,-0.000069,0.000041
1.544562,-2.380056,-0.494896,-14.016248,-0.034001,-0.236376,0.033625,0.395723,-0.658430,0.093982,3.141525,-0.000061,0.000046
1.548564,-2.380044,-0.494918,-14.016248,-0.034001,-0.236375,0.033625,0.395769,-0.658263,0.093979,3.141541,-0.000047,0.000058
1.552567,-2.380035,-0.494935,-14.016249,-0.034001,-0.236375,0.033625,0.395792,-0.658177,0.093974,3.141552,-0.000037,0.000069
1.556593,-2.380035,-0.494935,-14.016249,-0.034001,-0.236375,0.033625,0.395792,-0.658177,0.093974,3.141552,-0.000037,0.000069
1.560578,-2.380029,-0.494945,-14.016249,-0.034001,-0.236375,0.033625,0.395816,-0.658092,0.093972,3.141560,-0.000030,0.000074
1.564586,-2.380022,-0.494960,-14.016249,-0.034000,-0.236375,0.033625,0.395864,-0.657922,0.093968,3.141570,-0.000020,0.000091
1.568588,-2.380022,-0.494960,-14.016249,-0.034000,-0.236375,0.033625,0.395864,-0.657922,0.093968,3.141570,-0.000020,0.000091
1.572596,-2.380016,-0.494971,-14.016250,-0.034000,-0.236375,0.033625,0.395887,-0.657837,0.093966,3.141578,-0.000014,0.000096
1.576597,-2.500019,-0.394964,-14.626249,-0.043000,-0.244375,0.033625,0.395939,-0.657671,0.093964,3.141573,-0.000018,0.000099
1.580588,-2.500019,-0.394964,-14.626249,-0.043000,-0.244375,0.033625,0.395939,-0.657671,0.093964,3.141573,-0.000018,0.000099
1.584596,-2.500024,-0.394955,-14.626249,-0.043001,-0.244375,0.033625,0.395965,-0.657589,0.093965,3.141566,-0.000024,0.000097
1.588597,-2.500026,-0.394952,-14.626249,-0.043001,-0.244375,0.033625,0.395993,-0.657504,0.093965,3.141565,-0.000025,0.000093
1.592589,-2.500025,-0.394953,-14.626249,-0.043001,-0.244375,0.033625,0.396018,-0.657420,0.093961,3.141566,-0.000025,0.000091
1.596594,-2.500027,-0.394950,-14.626249,-0.043001,-0.244375,0.033625,0.396042,-0.657336,0.093960,3.141563,-0.000027,0.000089
1.600589,-2.500026,-0.394951,-14.626249,-0.043001,-0.244375,0.033625,0.396067,-0.657252,0.093955,3.141564,-0.000026,0.000081
1.604558,-2.500023,-0.394958,-14.626249,-0.043001,-0.244375,0.033625,0.396090,-0.657167,0.093948,3.141569,-0.000022,0.000079
1.608589,-2.500028,-0.394947,-14.626249,-0.043001,-0.244375,0.033625,0.396115,-0.657084,0.093948,3.141561,-0.000029,0.000043
1.612588,-2.500028,-0.394948,-14.626249,-0.043001,-0.244375,0.033625,0.396140,-0.657000,0.093943,3.141562,-0.000028,0.000062
1.616558,-2.500030,-0.394943,-14.626249,-0.043001,-0.244375,0.033625,0.396165,-0.656917,0.093941,3.141559,-0.000031,0.000053
1.620591,-2.480036,-0.334932,-14.456248,-0.042001,-0.242375,0.032625,0.396191,-0.656834,0.093939,3.141550,-0.000038,0.000038
1.624591,-2.480038,-0.334929,-14.456248,-0.042001,-0.242375,0.032625,0.396220,-0.656751,0.093938,3.141548,-0.000040,0.000041
1.628594,-2.480058,-0.334891,-14.456247,-0.042001,-0.242376,0.032625,0.396248,-0.656670,0.093942,3.141522,-0.000065,0.000005
1.632588,-2.480041,-0.334923,-14.456248,-0.042001,-0.242375,0.032625,0.396272,-0.656586,0.093938,3.141544,-0.000044,-0.000004
1.636589,-2.480034,-0.334937,-14.456248,-0.042001,-0.242375,0.032625,0.396304,-0.656479,0.093931,3.141554,-0.000035,0.000015
1.640562,-2.480028,-0.334947,-14.456249,-0.042001,-0.242375,0.032625,0.396328,-0.656396,0.093927,3.141561,-0.000029,0.000013
1.644552,-2.480020,-0.334963,-14.456249,-0.042000,-0.242375,0.032625,0.396352,-0.656311,0.093923,3.141573,-0.000018,0.000011
1.648602,-2.480021,-0.334960,-14.456249,-0.042000,-0.242375,0.032625,0.396378,-0.656229,0.093922,3.141570,-0.000020,0.000023
1.652589,-2.480016,-0.334970,-14.456249,-0.042000,-0.242375,0.032625,0.396403,-0.656146,0.093918,3.141577,-0.000014,0.000021
1.656596,-2.480011,-0.334979,-14.456249,-0.042000,-0.242375,0.032625,0.396427,-0.656062,0.093915,3.141584,-0.000008,0.000033
1.660590,-2.430009,-0.544983,-14.416250,-0.032000,-0.242375,0.033625,0.396453,-0.655979,0.093913,3.141587,-0.000006,0.000038
1.664598,-2.430010,-0.544983,-14.416250,-0.032000,-0.242375,0.033625,0.396479,-0.655897,0.093915,3.141586,-0.000006,0.000042
1.668589,-2.430008,-0.544986,-14.416250,-0.032000,-0.242375,0.033625,0.396505,-0.655815,0.093914,3.141589,-0.000004,0.000054
1.672596,-2.430012,-0.544978,-14.416249,-0.032000,-0.242375,0.033625,0.396531,-0.655733,0.093916,3.141583,-0.000009,0.000066
1.676555,-2.430007,-0.544988,-14.416250,-0.032000,-0.242375,0.033625,0.396555,-0.655649,0.093913,3.141590,-0.000003,0.000077
1.680601,-2.430008,-0.544986,-14.416250,-0.032000,-0.242375,0.033625,0.396580,-0.655566,0.093913,3.141588,-0.000004,0.000089
1.684589,-2.430010,-0.544981,-14.416250,-0.032000,-0.242375,0.033625,0.396606,-0.655483,0.093911,3.141585,-0.000007,0.000094
1.688595,-2.430013,-0.544977,-14.416249,-0.032000,-0.242375,0.033625,0.396631,-0.655400,0.093908,3.141582,-0.000010,0.000099
1.692561,-2.430014,-0.544973,-14.416249,-0.032000,-0.242375,0.033625,0.396657,-0.655318,0.093908,3.141580,-0.000012,0.000097
1.696591,-2.430017,-0.544969,-14.416249,-0.032000,-0.242375,0.033625,0.396682,-0.655235,0.093905,3.141576,-0.000015,0.000095
1.700602,-2.390022,-0.534959,-14.756249,-0.030001,-0.246375,0.034625,0.396708,-0.655154,0.093905,3.141569,-0.000021,0.000100
1.704589,-2.390028,-0.534948,-14.756249,-0.030001,-0.246375,0.034625,0.396735,-0.655072,0.093905,3.141562,-0.000028,0.000091
1.708589,-2.390032,-0.534939,-14.756249,-0.030001,-0.246375,0.034625,0.396762,-0.654991,0.093907,3.141556,-0.000034,0.000090
1.712604,-2.390031,-0.534942,-14.756249,-0.030001,-0.246375,0.034625,0.396787,-0.654908,0.093903,3.141558,-0.000032,0.000088
1.716589,-2.390033,-0.534939,-14.756249,-0.030001,-0.246375,0.034625,0.396812,-0.654826,0.093903,3.141555,-0.000034,0.000079
1.720554,-2.390028,-0.534948,-14.756249,-0.030001,-0.246375,0.034625,0.396837,-0.654742,0.093899,3.141562,-0.000028,0.000071
1.724539,-2.390026,-0.534951,-14.756249,-0.030001,-0.246375,0.034625,0.396861,-0.654659,0.093896,3.141564,-0.000026,0.000062
1.728564,-2.390024,-0.534955,-14.756249,-0.030001,-0.246375,0.034625,0.396887,-0.654576,0.093895,3.141567,-0.000024,0.000053
1.732544,-2.390019,-0.534964,-14.756249,-0.030000,-0.246375,0.034625,0.396911,-0.654492,0.093891,3.141573,-0.000018,0.000045
1.736591,-2.390020,-0.534963,-14.756249,-0.030000,-0.246375,0.034625,0.396937,-0.654411,0.093892,3.141572,-0.000019,0.000036
1.740592,-2.420021,-0.494960,-14.826249,-0.034000,-0.247375,0.034625,0.396965,-0.654326,0.093892,3.141571,-0.000020,0.000032
1.744595,-2.420020,-0.494962,-14.826249,-0.034000,-0.247375,0.034625,0.396991,-0.654243,0.093888,3.141572,-0.000019,-0.000003
1.748540,-2.420021,-0.494960,-14.826249,-0.034000,-0.247375,0.034625,0.397017,-0.654162,0.093889,3.141570,-0.000020,-0.000012
1.752570,-2.420027,-0.494950,-14.826249,-0.034001,-0.247375,0.034625,0.397049,-0.654062,0.093889,3.141563,-0.000027,0.000002
1.756598,-2.420025,-0.494954,-14.826249,-0.034001,-0.247375,0.034625,0.397074,-0.653979,0.093888,3.141566,-0.000024,-0.000006
1.760584,-2.420027,-0.494950,-14.826249,-0.034001,-0.247375,0.034625,0.397101,-0.653898,0.093886,3.141563,-0.000027,-0.000008
1.764556,-2.420025,-0.494952,-14.826249,-0.034001,-0.247375,0.034625,0.397125,-0.653815,0.093883,3.141565,-0.000025,-0.000003
1.768589,-2.420023,-0.494956,-14.826249,-0.034001,-0.247375,0.034625,0.397150,-0.653732,0.093882,3.141568,-0.000023,0.000002
1.772595,-2.420023,-0.494958,-14.826249,-0.034001,-0.247375,0.034625,0.397176,-0.653650,0.093877,3.141569,-0.000022,0.000006
1.776590,-2.400024,-0.504954,-14.856248,-0.035001,-0.246375,0.034625,0.397201,-0.653567,0.093877,3.141566,-0.000024,0.000011
1.780588,-2.400020,-0.474963,-15.196249,-0.039000,-0.249375,0.034625,0.397226,-0.653485,0.093872,3.141573,-0.000018,0.000016
1.784604,-2.400019,-0.474965,-15.196249,-0.039000,-0.249375,0.034625,0.397252,-0.653402,0.093868,3.141574,-0.000017,0.000021
1.788599,-2.400019,-0.474965,-15.196249,-0.039000,-0.249375,0.034625,0.397252,-0.653402,0.093868,3.141574,-0.000017,0.000021
1.792590,-2.400022,-0.474958,-15.196249,-0.039001,-0.249375,0.034625,0.397306,-0.653236,0.093866,3.141569,-0.000022,0.000042
1.796598,-2.400021,-0.474960,-15.196249,-0.039001,-0.249375,0.034625,0.397331,-0.653154,0.093862,3.141570,-0.000021,0.000047
1.800589,-2.400026,-0.474951,-15.196249,-0.039001,-0.249375,0.034625,0.397358,-0.653073,0.093863,3.141564,-0.000026,0.000059
1.804591,-2.400028,-0.474947,-15.196248,-0.039001,-0.249375,0.034625,0.397384,-0.652992,0.093861,3.141561,-0.000029,0.000064
1.808587,-2.400026,-0.474951,-15.196249,-0.039001,-0.249375,0.034625,0.397409,-0.652909,0.093860,3.141564,-0.000026,0.000062
1.812593,-2.400031,-0.474942,-15.196248,-0.039001,-0.249375,0.034625,0.397436,-0.652828,0.093861,3.141558,-0.000032,0.000067
1.816597,-2.400026,-0.474952,-15.196249,-0.039001,-0.249375,0.034625,0.397459,-0.652744,0.093858,3.141564,-0.000026,0.000065
1.820592,-2.810021,-0.394960,-15.696249,-0.047000,-0.265375,0.036625,0.397484,-0.652661,0.093853,3.141571,-0.000020,0.000063
1.824596,-2.810019,-0.394964,-15.696249,-0.047000,-0.265375,0.036625,0.397509,-0.652578,0.093852,3.141573,-0.000018,0.000061
1.828592,-2.810018,-0.394967,-15.696249,-0.047000,-0.265375,0.036625,0.397533,-0.652495,0.093849,3.141575,-0.000016,0.000059
1.832558,-2.810027,-0.394966,-15.696249,-0.047000,-0.265375,0.036625,0.397561,-0.652411,0.093848,3.141568,-0.000013,0.000055
1.836592,-2.810030,-0.394962,-15.696249,-0.047001,-0.265375,0.036625,0.397585,-0.652328,0.093845,3.141565,-0.000016,0.000053
1.840588,-2.810035,-0.394952,-15.696249,-0.047001,-0.265375,0.036625,0.397613,-0.652243,0.093846,3.141559,-0.000022,0.000049
1.844589,-2.810036,-0.394950,-15.696249,-0.047001,-0.265375,0.036625,0.397640,-0.652158,0.093847,3.141557,-0.000024,0.000039
1.848562,-2.810041,-0.394940,-15.696248,-0.047001,-0.265375,0.036625,0.397675,-0.652051,0.093848,3.141550,-0.000030,0.000035
1.852596,-2.810040,-0.394943,-15.696249,-0.047001,-0.265375,0.036625,0.397696,-0.651985,0.093845,3.141552,-0.000028,0.000035
1.856590,-2.890032,-0.414958,-16.206249,-0.050001,-0.272375,0.037625,0.397725,-0.651877,0.093839,3.141562,-0.000019,0.000013
1.860590,-2.880045,-0.444932,-16.566248,-0.047001,-0.276375,0.037625,0.397748,-0.651812,0.093838,3.141544,-0.000036,-0.000014
1.864593,-2.880019,-0.444982,-16.566249,-0.047000,-0.276375,0.037625,0.397778,-0.651700,0.093829,3.141579,-0.000003,0.000009
1.868571,-2.880018,-0.444986,-16.566249,-0.047000,-0.276375,0.037625,0.397804,-0.651614,0.093827,3.141582,-0.000001,-0.000001
1.872592,-2.880016,-0.444989,-16.566250,-0.047000,-0.276375,0.037625,0.397830,-0.651527,0.093825,3.141584,0.000001,-0.000005
1.876589,-2.880014,-0.444992,-16.566250,-0.047000,-0.276375,0.037625,0.397857,-0.651442,0.093822,3.141586,0.000003,-0.000010
1.880589,-2.880016,-0.444989,-16.566250,-0.047000,-0.276375,0.037625,0.397884,-0.651356,0.093823,3.141584,0.000001,-0.000007
1.884590,-2.880017,-0.444987,-16.566250,-0.047000,-0.276375,0.037625,0.397911,-0.651271,0.093823,3.141583,0.000000,-0.000004
1.888549,-2.880015,-0.444990,-16.566250,-0.047000,-0.276375,0.037625,0.397937,-0.651186,0.093820,3.141584,0.000002,-0.000002
1.892591,-2.880015,-0.444990,-16.566250,-0.047000,-0.276375,0.037625,0.397937,-0.651186,0.093820,3.141584,0.000002,-0.000002
1.896551,-2.880011,-0.444998,-16.566250,-0.047000,-0.276375,0.037625,0.397990,-0.651014,0.093818,3.141590,0.000007,0.000011
1.900597,-2.950006,-0.565007,-17.336250,-0.040000,-0.290375,0.039625,0.398014,-0.650926,0.093814,-3.141589,0.000013,0.000020
1.904554,-2.950005,-0.565010,-17.336251,-0.040000,-0.290375,0.039625,0.398040,-0.650839,0.093812,-3.141586,0.000015,0.000029
1.908572,-2.950003,-0.565014,-17.336251,-0.040000,-0.290375,0.039625,0.398066,-0.650753,0.093810,-3.141584,0.000017,0.000032
1.912558,-2.950001,-0.565017,-17.336251,-0.040000,-0.290375,0.039625,0.398091,-0.650666,0.093809,-3.141581,0.000020,0.000041
1.916595,-2.950008,-0.565005,-17.336250,-0.040000,-0.290375,0.039625,0.398119,-0.650583,0.093815,-3.141590,0.000011,0.000051
1.920596,-2.950009,-0.565002,-17.336250,-0.040000,-0.290375,0.039625,0.398146,-0.650497,0.093815,-3.141592,0.000010,0.000060
1.924591,-2.950012,-0.564995,-17.336250,-0.040000,-0.290375,0.039625,0.398173,-0.650412,0.093819,3.141589,0.000005,0.000063
1.928558,-2.950017,-0.564986,-17.336250,-0.040000,-0.290375,0.039625,0.398200,-0.650328,0.093820,3.141582,-0.000001,0.000066
1.932588,-2.950022,-0.564978,-17.336250,-0.040000,-0.290375,0.039625,0.398227,-0.650242,0.093822,3.141576,-0.000006,0.000075
1.936553,-3.010022,-0.594976,-18.056250,-0.043000,-0.302375,0.040625,0.398255,-0.650154,0.093824,3.141575,-0.000007,0.000075
1.940607,-3.010024,-0.594974,-18.056250,-0.043000,-0.302375,0.040625,0.398280,-0.650066,0.093824,3.141573,-0.000009,0.000078
1.944590,-3.010022,-0.594976,-18.056250,-0.043000,-0.302375,0.040625,0.398305,-0.649979,0.093820,3.141575,-0.000007,0.000074
1.948554,-3.010027,-0.594967,-18.056250,-0.043000,-0.302375,0.040625,0.398331,-0.649893,0.093822,3.141569,-0.000013,0.000070
1.952568,-3.010028,-0.594966,-18.056250,-0.043000,-0.302375,0.040625,0.398360,-0.649805,0.093824,3.141568,-0.000014,0.000064
1.956569,-3.010026,-0.594969,-18.056250,-0.043000,-0.302375,0.040625,0.398385,-0.649718,0.093822,3.141570,-0.000011,0.000066
1.960590,-3.010030,-0.594961,-18.056250,-0.043001,-0.302375,0.040625,0.398413,-0.649634,0.093825,3.141565,-0.000016,0.000056
1.964597,-3.010033,-0.594954,-18.056249,-0.043001,-0.302375,0.040625,0.398443,-0.649547,0.093828,3.141560,-0.000021,0.000056
1.968550,-3.010035,-0.594952,-18.056249,-0.043001,-0.302375,0.040625,0.398469,-0.649462,0.093829,3.141559,-0.000022,0.000039
1.972549,-3.010035,-0.594952,-18.056249,-0.043001,-0.302375,0.040625,0.398469,-0.649462,0.093829,3.141559,-0.000022,0.000039
1.976566,-3.010024,-0.594972,-18.056250,-0.043000,-0.302375,0.040625,0.398520,-0.649289,0.093823,3.141573,-0.000009,0.000024
1.980575,-2.910022,-0.514976,-18.286250,-0.047000,-0.301375,0.040625,0.398548,-0.649201,0.093821,3.141575,-0.000007,0.000017
1.984577,-2.910014,-0.514992,-18.286250,-0.047000,-0.301375,0.040625,0.398572,-0.649112,0.093816,3.141586,0.000003,0.000013
1.988632,-2.910014,-0.514992,-18.286250,-0.047000,-0.301375,0.040625,0.398572,-0.649112,0.093816,3.141586,0.000003,0.000013
1.992589,-2.910012,-0.514997,-18.286250,-0.047000,-0.301375,0.040625,0.398601,-0.649024,0.093816,3.141590,0.000006,0.000014
1.996594,-2.910003,-0.515014,-18.286250,-0.047000,-0.301375,0.040625,0.398643,-0.648838,0.093816,-3.141584,0.000018,-0.000003
2.000593,-2.909982,-0.515055,-18.286251,-0.046999,-0.301375,0.040625,0.398668,-0.648750,0.093795,-3.141555,0.000044,-0.000007
2.004603,-2.909982,-0.515055,-18.286251,-0.046999,-0.301375,0.040625,0.398668,-0.648750,0.093795,-3.141555,0.000044,-0.000007
2.008592,-2.910000,-0.515020,-18.286251,-0.047000,-0.301375,0.040625,0.398739,-0.648570,0.093822,-3.141580,0.000021,0.000038
2.012596,-2.910004,-0.515012,-18.286250,-0.047000,-0.301375,0.040625,0.398769,-0.648483,0.093826,-3.141585,0.000016,0.000039
2.016600,-2.910004,-0.515012,-18.286250,-0.047000,-0.301375,0.040625,0.398769,-0.648483,0.093826,-3.141585,0.000016,0.000039
2.020589,-2.910004,-0.565011,-18.136251,-0.045000,-0.297375,0.040625,0.398794,-0.648396,0.093828,-3.141586,0.000015,0.000042
2.024590,-2.950006,-0.565008,-18.196250,-0.048000,-0.297375,0.040625,0.398818,-0.648309,0.093828,-3.141588,0.000014,0.000044
2.028590,-2.950006,-0.565007,-18.196250,-0.048000,-0.297375,0.040625,0.398847,-0.648221,0.093829,-3.141589,0.000013,0.000058
2.032596,-2.950011,-0.564999,-18.196250,-0.048000,-0.297375,0.040625,0.398872,-0.648135,0.093831,3.141591,0.000007,0.000061
2.036590,-2.950020,-0.564980,-18.196249,-0.048000,-0.297375,0.040625,0.398902,-0.648049,0.093839,3.141578,-0.000005,0.000061
2.040588,-2.950028,-0.564966,-18.196249,-0.048000,-0.297375,0.040625,0.398958,-0.647876,0.093847,3.141568,-0.000014,0.000078
2.044596,-2.950031,-0.564959,-18.196249,-0.048001,-0.297375,0.040625,0.398984,-0.647791,0.093850,3.141563,-0.000018,0.000074
2.048590,-2.950031,-0.564959,-18.196249,-0.048001,-0.297375,0.040625,0.398984,-0.647791,0.093850,3.141563,-0.000018,0.000074
2.052591,-2.950038,-0.564946,-18.196249,-0.048001,-0.297375,0.040625,0.399012,-0.647707,0.093856,3.141554,-0.000026,0.000070
2.056590,-2.950035,-0.564952,-18.196249,-0.048001,-0.297375,0.040625,0.399040,-0.647619,0.093857,3.141558,-0.000023,0.000084
2.060591,-2.950032,-0.564957,-18.196249,-0.048001,-0.297375,0.040625,0.399065,-0.647533,0.093857,3.141562,-0.000020,0.000080
2.064597,-3.060029,-0.514962,-18.286249,-0.049000,-0.300375,0.040625,0.399090,-0.647446,0.093858,3.141566,-0.000016,0.000076
2.068590,-3.060027,-0.514967,-18.286249,-0.049000,-0.300375,0.040625,0.399121,-0.647356,0.093858,3.141569,-0.000013,0.000080
2.072596,-3.060011,-0.514999,-18.286250,-0.049000,-0.300375,0.040625,0.399174,-0.647181,0.093855,3.141591,0.000007,0.000077
2.076595,-3.060011,-0.514999,-18.286250,-0.049000,-0.300375,0.040625,0.399174,-0.647181,0.093855,3.141591,0.000007,0.000077
2.080563,-3.059998,-0.515023,-18.286251,-0.049000,-0.300375,0.040625,0.399198,-0.647093,0.093851,-3.141577,0.000023,0.000073
2.084558,-3.059988,-0.515044,-18.286251,-0.048999,-0.300375,0.040625,0.399252,-0.646919,0.093854,-3.141563,0.000037,0.000069
2.088560,-3.059988,-0.515044,-18.286251,-0.048999,-0.300375,0.040625,0.399252,-0.646919,0.093854,-3.141563,0.000037,0.000069
2.092610,-3.059982,-0.515056,-18.286252,-0.048999,-0.300375,0.040625,0.399280,-0.646831,0.093854,-3.141555,0.000044,0.000063
2.096589,-3.059975,-0.515068,-18.286252,-0.048999,-0.300375,0.040625,0.399305,-0.646745,0.093853,-3.141547,0.000052,0.000052
2.100589,-3.059975,-0.515068,-18.286252,-0.048999,-0.300375,0.040625,0.399305,-0.646745,0.093853,-3.141547,0.000052,0.000052
2.104589,-3.009972,-0.555074,-17.606252,-0.045999,-0.293375,0.039625,0.399363,-0.646570,0.093857,-3.141542,0.000056,0.000053
2.108590,-3.009976,-0.555067,-17.606251,-0.045999,-0.293375,0.039625,0.399389,-0.646485,0.093861,-3.141547,0.000052,0.000049
2.112589,-3.009976,-0.555068,-17.606251,-0.045999,-0.293375,0.039625,0.399414,-0.646399,0.093864,-3.141547,0.000052,0.000045
2.116590,-3.009982,-0.555056,-17.606251,-0.045999,-0.293375,0.039625,0.399444,-0.646312,0.093871,-3.141555,0.000044,0.000052
2.120590,-3.009985,-0.555049,-17.606251,-0.045999,-0.293375,0.039625,0.399470,-0.646227,0.093875,-3.141560,0.000040,0.000055
2.124589,-3.009988,-0.555043,-17.606251,-0.045999,-0.293375,0.039625,0.399497,-0.646139,0.093880,-3.141564,0.000036,0.000055
2.128590,-3.009994,-0.555032,-17.606251,-0.046000,-0.293375,0.039625,0.399524,-0.646055,0.093888,-3.141571,0.000029,0.000058
2.132590,-3.010000,-0.555020,-17.606250,-0.046000,-0.293375,0.039625,0.399551,-0.645969,0.093895,-3.141580,0.000021,0.000060
2.136589,-3.010017,-0.554986,-17.606249,-0.046000,-0.293375,0.039625,0.399582,-0.645885,0.093903,3.141582,-0.000001,0.000041
2.140590,-2.769991,-0.695038,-17.306252,-0.036000,-0.284375,0.038625,0.399596,-0.645787,0.093887,-3.141568,0.000033,0.000043
2.144590,-2.770011,-0.694998,-17.306251,-0.036000,-0.284375,0.038625,0.399640,-0.645697,0.093914,3.141590,0.000007,0.000069
2.148590,-2.770017,-0.694985,-17.306250,-0.036000,-0.284375,0.038625,0.399666,-0.645616,0.093921,3.141582,-0.000001,0.000067
2.152590,-2.770024,-0.694972,-17.306250,-0.036000,-0.284375,0.038625,0.399691,-0.645535,0.093925,3.141572,-0.000010,0.000072
2.156590,-2.770022,-0.694976,-17.306250,-0.036000,-0.284375,0.038625,0.399715,-0.645452,0.093924,3.141575,-0.000007,0.000070
2.160599,-2.770026,-0.694969,-17.306250,-0.036000,-0.284375,0.038625,0.399742,-0.645369,0.093928,3.141571,-0.000011,0.000079
2.164588,-2.770027,-0.694967,-17.306250,-0.036000,-0.284375,0.038625,0.399767,-0.645287,0.093929,3.141569,-0.000013,0.000077
2.168589,-2.770024,-0.694973,-17.306250,-0.036000,-0.284375,0.038625,0.399791,-0.645204,0.093929,3.141573,-0.000009,0.000076
2.172595,-2.770015,-0.694989,-17.306250,-0.036000,-0.284375,0.038625,0.399812,-0.645119,0.093925,3.141585,0.000002,0.000074
2.176589,-2.770013,-0.694995,-17.306250,-0.036000,-0.284375,0.038625,0.399836,-0.645037,0.093925,3.141588,0.000005,0.000065
2.180591,-2.540006,-0.685007,-16.026250,-0.031000,-0.262375,0.035625,0.399863,-0.644953,0.093924,-3.141588,0.000013,0.000068
2.184592,-2.539997,-0.685025,-16.026251,-0.031000,-0.262375,0.035625,0.399886,-0.644869,0.093921,-3.141577,0.000024,0.000066
2.188590,-2.539995,-0.685030,-16.026251,-0.031000,-0.262375,0.035625,0.399913,-0.644785,0.093921,-3.141573,0.000028,0.000069
2.192593,-2.539988,-0.685042,-16.026251,-0.030999,-0.262375,0.035625,0.399936,-0.644702,0.093920,-3.141564,0.000036,0.000060
2.196590,-2.539986,-0.685048,-16.026251,-0.030999,-0.262375,0.035625,0.399960,-0.644620,0.093920,-3.141561,0.000039,0.000058
2.200590,-2.539977,-0.685065,-16.026252,-0.030999,-0.262375,0.035625,0.399986,-0.644535,0.093916,-3.141549,0.000050,0.000054
2.204590,-2.539975,-0.685069,-16.026252,-0.030999,-0.262375,0.035625,0.400010,-0.644452,0.093915,-3.141546,0.000053,0.000052
2.208587,-2.539978,-0.685062,-16.026251,-0.030999,-0.262375,0.035625,0.400034,-0.644370,0.093919,-3.141551,0.000049,0.000051
2.212589,-2.539973,-0.685074,-16.026252,-0.030999,-0.262375,0.035625,0.400060,-0.644285,0.093917,-3.141543,0.000056,0.000046
2.216613,-2.539977,-0.685065,-16.026252,-0.030999,-0.262375,0.035625,0.400084,-0.644203,0.093919,-3.141549,0.000050,0.000038
2.220588,-2.219978,-0.455063,-14.486252,-0.035999,-0.235375,0.029625,0.400108,-0.644122,0.093919,-3.141550,0.000049,0.000043
2.224603,-2.219985,-0.455049,-14.486251,-0.035999,-0.235375,0.029625,0.400136,-0.644038,0.093924,-3.141560,0.000040,0.000052
2.228595,-2.219986,-0.455047,-14.486251,-0.035999,-0.235375,0.029625,0.400160,-0.643957,0.093925,-3.141561,0.000039,0.000044
2.232589,-2.219996,-0.455028,-14.486251,-0.036000,-0.235375,0.029625,0.400186,-0.643877,0.093932,-3.141574,0.000026,0.000042
2.236589,-2.219999,-0.455021,-14.486250,-0.036000,-0.235375,0.029625,0.400214,-0.643793,0.093936,-3.141579,0.000022,0.000044
2.240587,-2.220007,-0.455007,-14.486250,-0.036000,-0.235375,0.029625,0.400240,-0.643713,0.093940,-3.141589,0.000013,0.000049
2.244590,-2.220008,-0.455005,-14.486250,-0.036000,-0.235375,0.029625,0.400264,-0.643631,0.093941,-3.141590,0.000012,0.000048
2.248590,-2.220012,-0.454996,-14.486250,-0.036000,-0.235375,0.029625,0.400288,-0.643550,0.093942,3.141589,0.000006,0.000046
2.252556,-2.220019,-0.454982,-14.486249,-0.036000,-0.235375,0.029625,0.400321,-0.643448,0.093947,3.141580,-0.000003,0.000044
2.256554,-2.220016,-0.454988,-14.486250,-0.036000,-0.235375,0.029625,0.400337,-0.643386,0.093947,3.141583,0.000000,0.000042
2.260553,-2.320021,-0.314979,-13.876250,-0.042000,-0.232375,0.028625,0.400369,-0.643284,0.093949,3.141577,-0.000005,0.000040
2.264553,-2.320021,-0.314978,-13.876250,-0.042000,-0.232375,0.028625,0.400394,-0.643202,0.093951,3.141577,-0.000006,0.000038
2.268554,-2.320022,-0.314977,-13.876250,-0.042000,-0.232375,0.028625,0.400405,-0.643131,0.093953,3.141576,-0.000006,0.000014
2.272554,-2.320016,-0.314989,-13.876250,-0.042000,-0.232375,0.028625,0.400447,-0.643039,0.093951,3.141584,0.000001,0.000039
2.276553,-2.320013,-0.314994,-13.876250,-0.042000,-0.232375,0.028625,0.400472,-0.642958,0.093951,3.141588,0.000005,0.000037
2.280551,-2.320007,-0.315006,-13.876250,-0.042000,-0.232375,0.028625,0.400496,-0.642876,0.093950,-3.141590,0.000012,0.000036
2.284550,-2.320004,-0.315012,-13.876251,-0.042000,-0.232375,0.028625,0.400522,-0.642796,0.093950,-3.141586,0.000016,0.000034
2.288550,-2.319987,-0.315026,-13.876251,-0.042000,-0.232375,0.028625,0.400545,-0.642712,0.093946,-3.141569,0.000022,0.000032
2.292553,-2.319979,-0.315044,-13.876251,-0.041999,-0.232375,0.028625,0.400568,-0.642629,0.093943,-3.141557,0.000033,0.000030
2.296553,-2.319971,-0.315059,-13.876252,-0.041999,-0.232375,0.028625,0.400594,-0.642544,0.093936,-3.141547,0.000043,0.000033
2.300556,-2.319971,-0.315059,-13.876252,-0.041999,-0.232375,0.028625,0.400594,-0.642544,0.093936,-3.141547,0.000043,0.000033
2.304552,-2.189963,-0.345075,-12.906252,-0.036999,-0.215375,0.026625,0.400642,-0.642381,0.093933,-3.141536,0.000053,0.000022
2.308553,-2.189961,-0.345079,-12.906252,-0.036999,-0.215375,0.026625,0.400666,-0.642300,0.093932,-3.141533,0.000056,0.000021
2.312556,-2.189965,-0.345071,-12.906252,-0.036999,-0.215375,0.026625,0.400692,-0.642220,0.093934,-3.141539,0.000051,0.000019
2.316565,-2.189968,-0.345064,-12.906251,-0.036999,-0.215375,0.026625,0.400718,-0.642140,0.093939,-3.141543,0.000047,0.000017
2.320573,-2.189973,-0.345056,-12.906251,-0.036999,-0.215375,0.026625,0.400747,-0.642059,0.093941,-3.141549,0.000041,0.000020
2.324576,-2.189974,-0.345053,-12.906251,-0.036999,-0.215375,0.026625,0.400772,-0.641978,0.093940,-3.141551,0.000040,0.000024
2.328571,-2.189981,-0.345039,-12.906251,-0.037000,-0.215375,0.026625,0.400797,-0.641897,0.093944,-3.141561,0.000030,0.000023
2.332577,-2.189986,-0.345030,-12.906251,-0.037000,-0.215375,0.026625,0.400824,-0.641814,0.093945,-3.141567,0.000024,0.000025
2.336589,-2.189987,-0.345026,-12.906250,-0.037000,-0.215375,0.026625,0.400850,-0.641729,0.093945,-3.141569,0.000022,0.000028
2.340587,-2.149990,-0.395022,-12.466251,-0.029000,-0.212375,0.025625,0.400875,-0.641644,0.093942,-3.141572,0.000019,0.000037
2.344589,-2.149997,-0.395007,-12.466250,-0.029000,-0.212375,0.025625,0.400902,-0.641560,0.093946,-3.141583,0.000009,0.000013
2.348593,-2.150016,-0.394969,-12.466249,-0.029000,-0.212375,0.025625,0.400931,-0.641475,0.093949,3.141577,-0.000015,0.000020
2.352550,-2.150006,-0.394990,-12.466250,-0.029000,-0.212375,0.025625,0.400963,-0.641366,0.093951,3.141591,-0.000001,0.000043
2.356590,-2.150010,-0.394982,-12.466250,-0.029000,-0.212375,0.025625,0.400991,-0.641280,0.093954,3.141586,-0.000006,0.000050
2.360592,-2.150010,-0.394981,-12.466250,-0.029000,-0.212375,0.025625,0.401017,-0.641195,0.093956,3.141585,-0.000007,0.000046
2.364588,-2.150014,-0.394973,-12.466250,-0.029000,-0.212375,0.025625,0.401043,-0.641111,0.093958,3.141580,-0.000012,0.000042
2.368590,-2.150012,-0.394978,-12.466250,-0.029000,-0.212375,0.025625,0.401070,-0.641022,0.093958,3.141583,-0.000009,0.000043
2.372554,-2.150012,-0.394978,-12.466250,-0.029000,-0.212375,0.025625,0.401070,-0.641022,0.093958,3.141583,-0.000009,0.000043
2.376569,-2.149997,-0.395007,-12.466250,-0.029000,-0.212375,0.025625,0.401120,-0.640847,0.093953,-3.141582,0.000010,0.000032
2.380560,-2.129992,-0.415018,-12.086251,-0.027000,-0.207375,0.024625,0.401144,-0.640761,0.093951,-3.141575,0.000017,0.000028
2.384528,-2.129986,-0.415030,-12.086251,-0.027000,-0.207375,0.024625,0.401168,-0.640674,0.093950,-3.141566,0.000025,0.000011
2.388528,-2.129986,-0.415030,-12.086251,-0.027000,-0.207375,0.024625,0.401196,-0.640588,0.093952,-3.141567,0.000024,0.000011
2.392529,-2.129980,-0.415041,-12.086251,-0.026999,-0.207375,0.024625,0.401221,-0.640502,0.093950,-3.141559,0.000031,0.000014
2.396529,-2.129981,-0.415039,-12.086251,-0.027000,-0.207375,0.024625,0.401250,-0.640416,0.093950,-3.141561,0.000030,0.000014
2.400529,-2.129981,-0.415039,-12.086251,-0.027000,-0.207375,0.024625,0.401250,-0.640416,0.093950,-3.141561,0.000030,0.000014
2.404530,-2.129977,-0.415047,-12.086251,-0.026999,-0.207375,0.024625,0.401300,-0.640246,0.093948,-3.141555,0.000035,0.000006
2.408531,-2.129975,-0.415051,-12.086251,-0.026999,-0.207375,0.024625,0.401328,-0.640158,0.093946,-3.141553,0.000038,0.000007
2.412531,-2.129971,-0.415059,-12.086252,-0.026999,-0.207375,0.024625,0.401353,-0.640073,0.093942,-3.141547,0.000044,0.000003
2.416594,-1.939973,-0.365056,-11.266251,-0.023999,-0.193375,0.022625,0.401381,-0.639986,0.093941,-3.141549,0.000042,0.000010
2.420532,-1.939971,-0.365059,-11.266251,-0.023999,-0.193375,0.022625,0.401405,-0.639900,0.093938,-3.141547,0.000043,0.000006
2.424561,-1.939977,-0.365048,-11.266251,-0.023999,-0.193375,0.022625,0.401431,-0.639816,0.093938,-3.141554,0.000037,0.000008
2.428552,-1.939978,-0.365045,-11.266251,-0.023999,-0.193375,0.022625,0.401459,-0.639729,0.093937,-3.141556,0.000034,0.000016
2.432557,-1.939986,-0.365030,-11.266251,-0.024000,-0.193375,0.022625,0.401488,-0.639643,0.093940,-3.141567,0.000025,0.000029
2.436551,-1.939987,-0.365028,-11.266251,-0.024000,-0.193375,0.022625,0.401512,-0.639557,0.093941,-3.141568,0.000023,0.000032
2.440552,-1.939994,-0.365013,-11.266250,-0.024000,-0.193375,0.022625,0.401541,-0.639471,0.093944,-3.141579,0.000013,0.000033
2.444554,-1.939999,-0.365003,-11.266250,-0.024000,-0.193375,0.022625,0.401569,-0.639384,0.093945,-3.141585,0.000007,0.000047
2.448551,-1.940004,-0.364993,-11.266250,-0.024000,-0.193375,0.022625,0.401594,-0.639300,0.093945,-3.141592,0.000001,0.000042
2.452555,-1.940010,-0.364982,-11.266249,-0.024000,-0.193375,0.022625,0.401629,-0.639191,0.093945,3.141586,-0.000006,0.000056
2.456567,-1.940010,-0.364982,-11.266249,-0.024000,-0.193375,0.022625,0.401629,-0.639191,0.093945,3.141586,-0.000006,0.000056
2.460573,-1.900013,-0.354975,-10.996249,-0.026000,-0.189375,0.022625,0.401680,-0.639017,0.093943,3.141581,-0.000011,0.000066
2.464573,-1.900013,-0.354975,-10.996249,-0.026000,-0.189375,0.022625,0.401680,-0.639017,0.093943,3.141581,-0.000011,0.000066
2.468589,-1.900010,-0.354982,-10.996249,-0.026000,-0.189375,0.022625,0.401727,-0.638863,0.093938,3.141586,-0.000007,0.000067
2.472589,-1.900010,-0.354982,-10.996249,-0.026000,-0.189375,0.022625,0.401754,-0.638775,0.093932,3.141586,-0.000007,0.000068
2.476613,-1.900011,-0.354978,-10.996249,-0.026000,-0.189375,0.022625,0.401782,-0.638689,0.093932,3.141583,-0.000009,0.000034
2.480593,-1.900011,-0.354978,-10.996249,-0.026000,-0.189375,0.022625,0.401782,-0.638689,0.093932,3.141583,-0.000009,0.000034
2.484610,-1.900013,-0.354975,-10.996249,-0.026000,-0.189375,0.022625,0.401824,-0.638506,0.093926,3.141581,-0.000011,0.000017
2.488565,-1.900013,-0.354975,-10.996249,-0.026000,-0.189375,0.022625,0.401824,-0.638506,0.093926,3.141581,-0.000011,0.000017
2.492590,-1.900009,-0.354983,-10.996249,-0.026000,-0.189375,0.022625,0.401868,-0.638407,0.093920,3.141586,-0.000006,0.000045
2.496592,-1.900004,-0.354993,-10.996250,-0.026000,-0.189375,0.022625,0.401923,-0.638233,0.093911,-3.141592,0.000001,0.000039
2.500590,-1.900004,-0.354993,-10.996250,-0.026000,-0.189375,0.022625,0.401923,-0.638233,0.093911,-3.141592,0.000001,0.000039
2.504590,-1.910007,-0.294988,-10.666250,-0.030000,-0.183375,0.021625,0.401948,-0.638148,0.093908,3.141590,-0.000003,0.000028
2.508587,-1.910007,-0.294988,-10.666250,-0.030000,-0.183375,0.021625,0.401948,-0.638148,0.093908,3.141590,-0.000003,0.000028
2.512590,-1.910006,-0.294989,-10.666250,-0.030000,-0.183375,0.021625,0.402003,-0.637973,0.093898,3.141591,-0.000002,0.000022
2.516595,-1.910007,-0.294987,-10.666250,-0.030000,-0.183375,0.021625,0.402030,-0.637886,0.093890,3.141589,-0.000003,0.000016
2.520596,-1.910011,-0.294980,-10.666250,-0.030000,-0.183375,0.021625,0.402084,-0.637711,0.093879,3.141585,-0.000008,0.000017
2.524553,-1.910018,-0.294965,-10.666249,-0.030000,-0.183375,0.021625,0.402109,-0.637627,0.093874,3.141574,-0.000017,0.000013
2.528556,-1.910018,-0.294965,-10.666249,-0.030000,-0.183375,0.021625,0.402109,-0.637627,0.093874,3.141574,-0.000017,0.000013
2.532555,-1.910024,-0.294952,-10.666249,-0.030001,-0.183375,0.021625,0.402138,-0.637541,0.093871,3.141566,-0.000026,0.000020
2.536553,-1.910028,-0.294944,-10.666249,-0.030001,-0.183375,0.021625,0.402163,-0.637456,0.093865,3.141560,-0.000031,0.000023
2.540558,-1.920035,-0.314931,-10.676248,-0.031001,-0.182375,0.021625,0.402190,-0.637373,0.093861,3.141551,-0.000040,0.000025
2.544558,-1.920041,-0.314918,-10.676248,-0.031001,-0.182375,0.021625,0.402217,-0.637291,0.093858,3.141543,-0.000048,0.000028
2.548551,-1.920041,-0.314918,-10.676248,-0.031001,-0.182375,0.021625,0.402244,-0.637208,0.093852,3.141542,-0.000048,0.000037
2.552555,-1.920044,-0.314913,-10.676248,-0.031001,-0.182375,0.021625,0.402270,-0.637125,0.093849,3.141539,-0.000051,0.000047
2.556563,-1.920041,-0.314918,-10.676248,-0.031001,-0.182375,0.021625,0.402319,-0.636959,0.093834,3.141542,-0.000048,0.000068
2.560554,-1.920041,-0.314918,-10.676248,-0.031001,-0.182375,0.021625,0.402319,-0.636959,0.093834,3.141542,-0.000048,0.000068
2.564550,-1.920036,-0.314929,-10.676248,-0.031001,-0.182375,0.021625,0.402341,-0.636875,0.093823,3.141550,-0.000041,0.000073
2.568554,-1.920038,-0.314924,-10.676248,-0.031001,-0.182375,0.021625,0.402367,-0.636793,0.093820,3.141547,-0.000044,0.000082
2.572558,-1.920038,-0.314924,-10.676248,-0.031001,-0.182375,0.021625,0.402394,-0.636710,0.093814,3.141546,-0.000044,0.000092
2.576551,-1.920042,-0.314916,-10.676248,-0.031001,-0.182375,0.021625,0.402421,-0.636627,0.093808,3.141541,-0.000049,0.000101
2.580571,-2.020044,-0.484911,-11.796248,-0.026001,-0.200375,0.025625,0.402445,-0.636546,0.093805,3.141538,-0.000052,0.000099
2.584553,-2.020048,-0.484904,-11.796248,-0.026001,-0.200376,0.025625,0.402472,-0.636463,0.093800,3.141533,-0.000057,0.000095
2.588570,-2.020048,-0.484903,-11.796248,-0.026001,-0.200376,0.025625,0.402498,-0.636380,0.093793,3.141533,-0.000057,0.000098
2.592573,-2.020051,-0.484898,-11.796248,-0.026001,-0.200376,0.025625,0.402525,-0.636298,0.093790,3.141529,-0.000061,0.000073
2.596569,-2.020041,-0.484918,-11.796248,-0.026001,-0.200375,0.025625,0.402540,-0.636203,0.093764,3.141543,-0.000048,0.000069
2.600569,-2.020054,-0.484893,-11.796247,-0.026001,-0.200376,0.025625,0.402581,-0.636111,0.093773,3.141525,-0.000065,0.000088
2.604570,-2.020051,-0.484897,-11.796248,-0.026001,-0.200376,0.025625,0.402607,-0.636028,0.093763,3.141528,-0.000062,0.000084
2.608589,-2.020052,-0.484895,-11.796247,-0.026001,-0.200376,0.025625,0.402633,-0.635944,0.093755,3.141527,-0.000063,0.000080
2.612589,-2.020048,-0.484904,-11.796248,-0.026001,-0.200376,0.025625,0.402657,-0.635858,0.093742,3.141533,-0.000057,0.000076
2.616570,-2.020049,-0.484901,-11.796248,-0.026001,-0.200376,0.025625,0.402683,-0.635776,0.093733,3.141531,-0.000059,0.000065
2.620571,-2.020051,-0.484899,-11.796248,-0.026001,-0.200376,0.025625,0.402707,-0.635695,0.093724,3.141529,-0.000061,0.000050
2.624589,-2.340054,-0.504891,-13.176247,-0.030001,-0.226376,0.029625,0.402734,-0.635612,0.093718,3.141524,-0.000065,0.000046
2.628559,-2.340058,-0.504883,-13.176247,-0.030001,-0.226376,0.029625,0.402761,-0.635530,0.093711,3.141519,-0.000071,0.000035
2.632552,-2.340062,-0.504875,-13.176247,-0.030002,-0.226376,0.029625,0.402788,-0.635448,0.093706,3.141514,-0.000076,0.000031
2.636590,-2.340066,-0.504867,-13.176247,-0.030002,-0.226376,0.029625,0.402816,-0.635366,0.093699,3.141508,-0.000081,0.000020
2.640555,-2.340064,-0.504871,-13.176247,-0.030002,-0.226376,0.029625,0.402839,-0.635285,0.093689,3.141511,-0.000078,0.000011
2.644553,-2.340064,-0.504871,-13.176247,-0.030002,-0.226376,0.029625,0.402865,-0.635202,0.093683,3.141511,-0.000079,0.000007
2.648561,-2.340059,-0.504881,-13.176247,-0.030001,-0.226376,0.029625,0.402887,-0.635119,0.093671,3.141518,-0.000072,0.000005
2.652558,-2.340054,-0.504891,-13.176247,-0.030001,-0.226376,0.029625,0.402912,-0.635034,0.093659,3.141525,-0.000065,0.000008
2.656555,-2.340059,-0.504881,-13.176247,-0.030001,-0.226376,0.029625,0.402936,-0.634954,0.093658,3.141517,-0.000072,0.000020
2.660562,-2.430056,-0.624887,-14.786247,-0.031001,-0.248376,0.034625,0.402962,-0.634871,0.093652,3.141522,-0.000068,0.000029
2.664562,-2.430047,-0.624905,-14.786247,-0.031001,-0.248375,0.034625,0.402976,-0.634780,0.093631,3.141534,-0.000056,0.000021
2.668550,-2.430066,-0.624867,-14.786247,-0.031002,-0.248376,0.034625,0.403012,-0.634712,0.093651,3.141508,-0.000081,0.000052
2.672542,-2.430068,-0.624863,-14.786246,-0.031002,-0.248376,0.034625,0.403039,-0.634630,0.093650,3.141506,-0.000084,0.000062
2.676553,-2.430069,-0.624861,-14.786246,-0.031002,-0.248376,0.034625,0.403064,-0.634550,0.093650,3.141504,-0.000085,0.000067
2.680559,-2.430064,-0.624870,-14.786247,-0.031002,-0.248376,0.034625,0.403090,-0.634467,0.093646,3.141510,-0.000079,0.000083
2.684551,-2.430077,-0.624864,-14.786247,-0.031002,-0.248376,0.034625,0.403113,-0.634387,0.093648,3.141500,-0.000080,0.000094
2.688553,-2.430072,-0.624874,-14.786247,-0.031002,-0.248376,0.034625,0.403136,-0.634305,0.093643,3.141506,-0.000074,0.000099
2.692562,-2.430068,-0.624883,-14.786247,-0.031001,-0.248376,0.034625,0.403161,-0.634221,0.093639,3.141512,-0.000068,0.000102
2.696552,-2.560060,-0.664898,-15.976248,-0.034001,-0.265376,0.036625,0.403185,-0.634136,0.093633,3.141523,-0.000058,0.000105
2.700561,-2.560062,-0.664894,-15.976248,-0.034001,-0.265376,0.036625,0.403209,-0.634055,0.093631,3.141520,-0.000060,0.000110
2.704558,-2.740057,-0.614903,-16.596248,-0.040001,-0.276376,0.037625,0.403232,-0.633973,0.093627,3.141526,-0.000054,0.000108
2.708551,-2.740056,-0.614905,-16.596248,-0.040001,-0.276376,0.037625,0.403257,-0.633890,0.093623,3.141528,-0.000053,0.000104
2.712570,-2.740052,-0.614914,-16.596248,-0.040001,-0.276376,0.037625,0.403281,-0.633809,0.093618,3.141533,-0.000048,0.000068
2.716570,-2.740051,-0.614917,-16.596248,-0.040001,-0.276376,0.037625,0.403307,-0.633726,0.093616,3.141536,-0.000046,0.000064
2.720571,-2.740051,-0.614916,-16.596248,-0.040001,-0.276376,0.037625,0.403331,-0.633646,0.093617,3.141535,-0.000046,0.000056
2.724588,-2.740064,-0.614891,-16.596248,-0.040001,-0.276376,0.037625,0.403359,-0.633565,0.093618,3.141518,-0.000063,0.000045
2.728590,-2.740042,-0.614934,-16.596249,-0.040001,-0.276375,0.037625,0.403386,-0.633459,0.093609,3.141547,-0.000034,0.000063
2.732554,-2.740038,-0.614944,-16.596249,-0.040001,-0.276375,0.037625,0.403411,-0.633375,0.093605,3.141554,-0.000028,0.000059
2.736589,-2.740039,-0.614941,-16.596249,-0.040001,-0.276375,0.037625,0.403475,-0.633156,0.097996,-3.141587,0.000005,0.000002
2.740588,-2.960038,-0.424943,-17.326249,-0.054001,-0.287375,0.038625,0.403459,-0.633210,0.093601,3.141553,-0.000029,0.000040
2.744596,-2.960033,-0.424953,-17.326249,-0.054001,-0.287375,0.038625,0.403486,-0.633123,0.093598,3.141560,-0.000022,0.000034
2.748572,-2.960034,-0.424950,-17.326249,-0.054001,-0.287375,0.038625,0.403509,-0.633042,0.093598,3.141558,-0.000024,0.000018
2.752605,-2.960036,-0.424948,-17.326249,-0.054001,-0.287375,0.038625,0.403537,-0.632957,0.093597,3.141556,-0.000026,0.000019
2.756596,-2.960041,-0.424938,-17.326248,-0.054001,-0.287375,0.038625,0.403563,-0.632874,0.093598,3.141550,-0.000032,0.000008
2.760589,-2.960042,-0.424935,-17.326248,-0.054001,-0.287375,0.038625,0.403589,-0.632791,0.093597,3.141548,-0.000034,0.000004
2.764590,-2.960043,-0.424932,-17.326248,-0.054001,-0.287375,0.038625,0.403615,-0.632707,0.093597,3.141546,-0.000036,-0.000007
2.768590,-2.960045,-0.424929,-17.326248,-0.054001,-0.287375,0.038625,0.403640,-0.632624,0.093597,3.141544,-0.000038,0.000002
2.772555,-2.960046,-0.424927,-17.326248,-0.054001,-0.287375,0.038625,0.403666,-0.632541,0.093596,3.141542,-0.000039,0.000005
2.776555,-2.960047,-0.424924,-17.326248,-0.054001,-0.287376,0.038625,0.403691,-0.632458,0.093596,3.141540,-0.000041,0.000008
2.780562,-3.120042,-0.434934,-17.856248,-0.054001,-0.297375,0.039625,0.403715,-0.632372,0.093593,3.141547,-0.000035,0.000017
2.784561,-3.120041,-0.434936,-17.856248,-0.054001,-0.297375,0.039625,0.403740,-0.632289,0.093589,3.141549,-0.000033,0.000027
2.788567,-3.120039,-0.434941,-17.856248,-0.054001,-0.297375,0.039625,0.403765,-0.632205,0.093588,3.141552,-0.000030,0.000036
2.792554,-3.120035,-0.434950,-17.856249,-0.054001,-0.297375,0.039625,0.403790,-0.632121,0.093584,3.141558,-0.000024,0.000045
2.796560,-3.120034,-0.434952,-17.856249,-0.054001,-0.297375,0.039625,0.403816,-0.632038,0.093581,3.141559,-0.000023,0.000048
2.800555,-3.120032,-0.434955,-17.856249,-0.054001,-0.297375,0.039625,0.403842,-0.631955,0.093578,3.141562,-0.000021,0.000057
2.804542,-3.120030,-0.434960,-17.856249,-0.054001,-0.297375,0.039625,0.403867,-0.631871,0.093578,3.141565,-0.000018,0.000060
2.808558,-3.120028,-0.434963,-17.856249,-0.054000,-0.297375,0.039625,0.403890,-0.631790,0.093575,3.141567,-0.000016,0.000058
2.812547,-3.120026,-0.434967,-17.856249,-0.054000,-0.297375,0.039625,0.403916,-0.631708,0.093573,3.141569,-0.000013,0.000061
2.816553,-3.120024,-0.434971,-17.856249,-0.054000,-0.297375,0.039625,0.403941,-0.631624,0.093572,3.141572,-0.000010,0.000064
2.820551,-3.090022,-0.584975,-18.176250,-0.050000,-0.301375,0.041625,0.403969,-0.631539,0.093570,3.141575,-0.000008,0.000064
2.824560,-3.090014,-0.584992,-18.176250,-0.050000,-0.301375,0.041625,0.403992,-0.631454,0.093567,3.141586,0.000003,0.000060
2.828552,-3.090014,-0.584992,-18.176250,-0.050000,-0.301375,0.041625,0.403992,-0.631454,0.093567,3.141586,0.000003,0.000060
2.832558,-3.090012,-0.584995,-18.176250,-0.050000,-0.301375,0.041625,0.404043,-0.631287,0.093567,3.141588,0.000005,0.000059
2.836555,-3.090007,-0.585005,-18.176251,-0.050000,-0.301375,0.041625,0.404070,-0.631200,0.093564,-3.141590,0.000012,0.000052
2.840588,-3.090019,-0.584982,-18.176250,-0.050000,-0.301375,0.041625,0.404098,-0.631116,0.093566,3.141579,-0.000003,0.000019
2.844573,-3.089999,-0.585022,-18.176251,-0.050000,-0.301375,0.041625,0.404112,-0.631016,0.093563,-3.141579,0.000023,0.000013
2.848589,-3.090003,-0.585015,-18.176251,-0.050000,-0.301375,0.041625,0.404156,-0.630919,0.093567,-3.141583,0.000018,0.000034
2.852589,-3.090007,-0.585006,-18.176251,-0.050000,-0.301375,0.041625,0.404184,-0.630833,0.093568,-3.141589,0.000012,0.000021
2.856590,-3.090008,-0.585004,-18.176251,-0.050000,-0.301375,0.041625,0.404211,-0.630747,0.093569,-3.141591,0.000011,0.000014
2.860589,-2.970017,-0.624985,-18.616250,-0.049000,-0.305375,0.043625,0.404240,-0.630662,0.093576,3.141581,-0.000001,0.000001
2.864589,-2.970018,-0.624983,-18.616250,-0.049000,-0.305375,0.043625,0.404266,-0.630576,0.093577,3.141580,-0.000003,-0.000005
2.868593,-2.970025,-0.624969,-18.616249,-0.049000,-0.305375,0.043625,0.404294,-0.630490,0.093582,3.141571,-0.000012,-0.000005
2.872590,-2.970025,-0.624968,-18.616249,-0.049000,-0.305375,0.043625,0.404317,-0.630405,0.093584,3.141570,-0.000012,-0.000009
2.876590,-2.970032,-0.624955,-18.616249,-0.049001,-0.305375,0.043625,0.404347,-0.630317,0.093588,3.141561,-0.000021,-0.000010
2.880590,-2.970035,-0.624948,-18.616249,-0.049001,-0.305375,0.043625,0.404374,-0.630231,0.093593,3.141557,-0.000026,-0.000010
2.884589,-2.970036,-0.624947,-18.616249,-0.049001,-0.305375,0.043625,0.404400,-0.630144,0.093595,3.141556,-0.000026,-0.000003
2.888589,-2.970030,-0.624958,-18.616249,-0.049001,-0.305375,0.043625,0.404422,-0.630057,0.093593,3.141564,-0.000019,-0.000000
2.892589,-2.970030,-0.624959,-18.616249,-0.049001,-0.305375,0.043625,0.404449,-0.629971,0.093596,3.141564,-0.000018,0.000007
2.896591,-2.970031,-0.624957,-18.616249,-0.049001,-0.305375,0.043625,0.404476,-0.629885,0.093597,3.141563,-0.000020,0.000014
2.900556,-3.030033,-0.634952,-18.776249,-0.051001,-0.309375,0.043625,0.404503,-0.629799,0.093603,3.141559,-0.000023,0.000028
2.904555,-3.030033,-0.634951,-18.776249,-0.051001,-0.309375,0.043625,0.404531,-0.629714,0.093605,3.141559,-0.000023,0.000035
2.908562,-3.030034,-0.634951,-18.776249,-0.051001,-0.309375,0.043625,0.404558,-0.629628,0.093607,3.141559,-0.000024,0.000042
2.912568,-3.030034,-0.634951,-18.776249,-0.051001,-0.309375,0.043625,0.404558,-0.629628,0.093607,3.141559,-0.000024,0.000042
2.916560,-3.030022,-0.634976,-18.776249,-0.051000,-0.309375,0.043625,0.404610,-0.629454,0.093606,3.141576,-0.000007,0.000050
2.920558,-3.030015,-0.634989,-18.776250,-0.051000,-0.309375,0.043625,0.404636,-0.629366,0.093606,3.141584,0.000001,0.000057
2.924555,-3.030009,-0.635001,-18.776250,-0.051000,-0.309375,0.043625,0.404661,-0.629279,0.093605,3.141593,0.000009,0.000058
2.928552,-3.029996,-0.635028,-18.776251,-0.051000,-0.309375,0.043625,0.404686,-0.629191,0.093604,-3.141575,0.000027,0.000065
2.932574,-3.029993,-0.635036,-18.776251,-0.051000,-0.309375,0.043625,0.404712,-0.629104,0.093606,-3.141569,0.000032,0.000065
2.936556,-3.029989,-0.635043,-18.776251,-0.050999,-0.309375,0.043625,0.404739,-0.629018,0.093608,-3.141565,0.000036,0.000066
2.940556,-2.839986,-0.585051,-17.796252,-0.052999,-0.289375,0.041625,0.404765,-0.628931,0.093611,-3.141560,0.000042,0.000073
2.944573,-2.839982,-0.585058,-17.796252,-0.052999,-0.289375,0.041625,0.404789,-0.628847,0.093613,-3.141555,0.000046,0.000062
2.948562,-2.839981,-0.585060,-17.796252,-0.052999,-0.289375,0.041625,0.404819,-0.628759,0.093618,-3.141554,0.000047,0.000060
2.952560,-2.839987,-0.585048,-17.796252,-0.052999,-0.289375,0.041625,0.404845,-0.628673,0.093625,-3.141561,0.000040,0.000054
2.956542,-2.839983,-0.585056,-17.796252,-0.052999,-0.289375,0.041625,0.404874,-0.628584,0.093628,-3.141556,0.000045,0.000052
2.960558,-2.839986,-0.585049,-17.796252,-0.052999,-0.289375,0.041625,0.404901,-0.628498,0.093632,-3.141561,0.000041,0.000046
2.964552,-2.839986,-0.585049,-17.796252,-0.052999,-0.289375,0.041625,0.404901,-0.628498,0.093632,-3.141561,0.000041,0.000046
2.968575,-2.839992,-0.585038,-17.796251,-0.053000,-0.289375,0.041625,0.404928,-0.628412,0.093640,-3.141568,0.000033,0.000006
2.972575,-2.839985,-0.585053,-17.796252,-0.052999,-0.289375,0.041625,0.404968,-0.628226,0.093628,-3.141558,0.000043,-0.000013
2.976573,-2.850006,-0.545008,-17.666250,-0.054000,-0.287375,0.041625,0.404996,-0.628142,0.093659,-3.141588,0.000014,-0.000020
2.980589,-2.940012,-0.464996,-17.366250,-0.058000,-0.286375,0.040625,0.405041,-0.628046,0.093665,3.141589,0.000005,0.000008
2.984590,-2.940012,-0.464996,-17.366250,-0.058000,-0.286375,0.040625,0.405041,-0.628046,0.093665,3.141589,0.000005,0.000008
2.988592,-2.940016,-0.464989,-17.366250,-0.058000,-0.286375,0.040625,0.405097,-0.627872,0.093672,3.141584,0.000001,0.000013
2.992589,-2.940016,-0.464989,-17.366250,-0.058000,-0.286375,0.040625,0.405097,-0.627872,0.093672,3.141584,0.000001,0.000013
2.996589,-2.940019,-0.464981,-17.366250,-0.058000,-0.286375,0.040625,0.405125,-0.627787,0.093675,3.141579,-0.000004,0.000014
3.000590,-2.940028,-0.464963,-17.366249,-0.058000,-0.286375,0.040625,0.405154,-0.627703,0.093683,3.141567,-0.000016,0.000021
3.004595,-2.940024,-0.464972,-17.366249,-0.058000,-0.286375,0.040625,0.405179,-0.627615,0.093679,3.141573,-0.000010,0.000028
3.008591,-2.940025,-0.464970,-17.366249,-0.058000,-0.286375,0.040625,0.405205,-0.627529,0.093679,3.141571,-0.000011,0.000029
3.012594,-2.940020,-0.464980,-17.366250,-0.058000,-0.286375,0.040625,0.405230,-0.627442,0.093676,3.141578,-0.000005,0.000036
3.016595,-2.940012,-0.464997,-17.366250,-0.058000,-0.286375,0.040625,0.405256,-0.627350,0.093672,3.141590,0.000006,0.000047
3.020590,-2.940007,-0.465007,-17.366250,-0.058000,-0.286375,0.040625,0.405279,-0.627265,0.093669,-3.141589,0.000013,0.000043
3.024590,-2.690007,-0.485007,-16.446250,-0.050000,-0.268375,0.037625,0.405309,-0.627178,0.093671,-3.141589,0.000013,0.000062
3.028591,-2.690000,-0.485022,-16.446251,-0.050000,-0.268375,0.037625,0.405363,-0.627007,0.093668,-3.141579,0.000023,0.000063
3.032555,-2.690000,-0.485022,-16.446251,-0.050000,-0.268375,0.037625,0.405363,-0.627007,0.093668,-3.141579,0.000023,0.000063
3.036557,-2.689996,-0.485029,-16.446251,-0.050000,-0.268375,0.037625,0.405391,-0.626922,0.093670,-3.141574,0.000028,0.000077
3.040558,-2.689990,-0.485042,-16.446251,-0.050000,-0.268375,0.037625,0.405415,-0.626839,0.093670,-3.141565,0.000036,0.000079
3.044559,-2.689988,-0.485047,-16.446251,-0.049999,-0.268375,0.037625,0.405441,-0.626757,0.093669,-3.141562,0.000039,0.000075
3.048573,-2.689985,-0.485053,-16.446251,-0.049999,-0.268375,0.037625,0.405492,-0.626592,0.093672,-3.141558,0.000043,0.000081
3.052557,-2.689985,-0.485053,-16.446251,-0.049999,-0.268375,0.037625,0.405492,-0.626592,0.093672,-3.141558,0.000043,0.000081
3.056551,-2.689985,-0.485052,-16.446251,-0.049999,-0.268375,0.037625,0.405517,-0.626509,0.093674,-3.141559,0.000042,0.000083
3.060553,-2.539985,-0.555053,-15.576251,-0.038999,-0.257375,0.035625,0.405541,-0.626426,0.093678,-3.141558,0.000043,0.000079
3.064551,-2.549986,-0.575052,-15.516252,-0.036999,-0.258375,0.035625,0.405566,-0.626343,0.093679,-3.141559,0.000042,0.000082
3.068571,-2.549997,-0.575027,-15.516251,-0.037000,-0.258375,0.035625,0.405602,-0.626243,0.093689,-3.141576,0.000026,0.000071
3.072557,-2.550000,-0.575020,-15.516251,-0.037000,-0.258375,0.035625,0.405620,-0.626181,0.093693,-3.141580,0.000022,0.000067
3.076559,-2.550009,-0.575001,-15.516251,-0.037000,-0.258375,0.035625,0.405650,-0.626099,0.093700,3.141593,0.000009,0.000067
3.080565,-2.550016,-0.574987,-15.516250,-0.037000,-0.258375,0.035625,0.405676,-0.626018,0.093704,3.141583,-0.000000,0.000063
3.084549,-2.550023,-0.574973,-15.516250,-0.037000,-0.258375,0.035625,0.405703,-0.625937,0.093708,3.141573,-0.000009,0.000059
3.088552,-2.550026,-0.574967,-15.516250,-0.037000,-0.258375,0.035625,0.405728,-0.625854,0.093713,3.141569,-0.000013,0.000055
3.092553,-2.550030,-0.574958,-15.516250,-0.037001,-0.258375,0.035625,0.405753,-0.625772,0.093715,3.141564,-0.000019,0.000051
3.096542,-2.550033,-0.574952,-15.516249,-0.037001,-0.258375,0.035625,0.405778,-0.625689,0.093719,3.141560,-0.000023,0.000054
3.100568,-2.570034,-0.564951,-15.456249,-0.036001,-0.259375,0.035625,0.405803,-0.625606,0.093720,3.141559,-0.000024,0.000057
3.104571,-2.570038,-0.564942,-15.456249,-0.036001,-0.259375,0.035625,0.405829,-0.625524,0.093722,3.141553,-0.000030,0.000059
3.108570,-2.570038,-0.564941,-15.456249,-0.036001,-0.259375,0.035625,0.405853,-0.625441,0.093723,3.141552,-0.000030,0.000048
3.112590,-2.570039,-0.564939,-15.456249,-0.036001,-0.259375,0.035625,0.405878,-0.625358,0.093725,3.141551,-0.000031,0.000058
3.116589,-2.570042,-0.564932,-15.456248,-0.036001,-0.259375,0.035625,0.405907,-0.625275,0.093728,3.141546,-0.000036,0.000058
3.120594,-2.570040,-0.564937,-15.456249,-0.036001,-0.259375,0.035625,0.405932,-0.625193,0.093727,3.141550,-0.000033,0.000034
3.124589,-2.570027,-0.564964,-15.456249,-0.036000,-0.259375,0.035625,0.405947,-0.625100,0.093708,3.141568,-0.000015,0.000037
3.128589,-2.570021,-0.564977,-15.456250,-0.036000,-0.259375,0.035625,0.405971,-0.625016,0.093708,3.141576,-0.000007,0.000033
3.132589,-2.570015,-0.564989,-15.456250,-0.036000,-0.259375,0.035625,0.405996,-0.624934,0.093707,3.141584,0.000001,0.000035
3.136589,-2.570024,-0.564971,-15.456249,-0.036000,-0.259375,0.035625,0.406038,-0.624840,0.093724,3.141572,-0.000011,0.000065
3.140589,-2.450016,-0.474989,-14.576250,-0.034000,-0.247375,0.034625,0.406062,-0.624756,0.093721,3.141584,0.000001,0.000061
3.144589,-2.450007,-0.475007,-14.576250,-0.034000,-0.247375,0.034625,0.406085,-0.624672,0.093717,-3.141589,0.000013,0.000064
3.148589,-2.450001,-0.475019,-14.576251,-0.034000,-0.247375,0.034625,0.406113,-0.624588,0.093716,-3.141581,0.000021,0.000064
3.152589,-2.449996,-0.475029,-14.576251,-0.034000,-0.247375,0.034625,0.406137,-0.624504,0.093714,-3.141574,0.000028,0.000073
3.156559,-2.449996,-0.475029,-14.576251,-0.034000,-0.247375,0.034625,0.406162,-0.624422,0.093716,-3.141574,0.000028,0.000076
3.160596,-2.449994,-0.475034,-14.576251,-0.034000,-0.247375,0.034625,0.406187,-0.624340,0.093716,-3.141571,0.000031,0.000072
3.164555,-2.449994,-0.475034,-14.576251,-0.034000,-0.247375,0.034625,0.406213,-0.624258,0.093718,-3.141571,0.000031,0.000068
3.168555,-2.449994,-0.475035,-14.576251,-0.034000,-0.247375,0.034625,0.406238,-0.624176,0.093721,-3.141571,0.000031,0.000071
3.172556,-2.449996,-0.475031,-14.576251,-0.034000,-0.247375,0.034625,0.406263,-0.624094,0.093720,-3.141573,0.000029,0.000073
3.176571,-2.449999,-0.475024,-14.576251,-0.034000,-0.247375,0.034625,0.406291,-0.624010,0.093723,-3.141578,0.000024,0.000074
3.180571,-2.369996,-0.505030,-14.036251,-0.035000,-0.236375,0.033625,0.406313,-0.623929,0.093724,-3.141574,0.000028,0.000065
3.184571,-2.370003,-0.505015,-14.036251,-0.035000,-0.236375,0.033625,0.406342,-0.623846,0.093728,-3.141584,0.000018,0.000066
3.188555,-2.370010,-0.505001,-14.036250,-0.035000,-0.236375,0.033625,0.406368,-0.623765,0.093732,3.141592,0.000009,0.000068
3.192554,-2.370014,-0.504992,-14.036250,-0.035000,-0.236375,0.033625,0.406393,-0.623682,0.093734,3.141587,0.000003,0.000064
3.196554,-2.370017,-0.504985,-14.036250,-0.035000,-0.236375,0.033625,0.406418,-0.623601,0.093737,3.141582,-0.000001,0.000060
3.200569,-2.370021,-0.504977,-14.036250,-0.035000,-0.236375,0.033625,0.406443,-0.623518,0.093739,3.141576,-0.000007,0.000056
3.204570,-2.370025,-0.504968,-14.036249,-0.035000,-0.236375,0.033625,0.406468,-0.623436,0.093741,3.141571,-0.000012,0.000052
3.208570,-2.370026,-0.504966,-14.036249,-0.035000,-0.236375,0.033625,0.406494,-0.623354,0.093741,3.141569,-0.000014,0.000048
3.212571,-2.370027,-0.504965,-14.036249,-0.035000,-0.236375,0.033625,0.406518,-0.623271,0.093742,3.141568,-0.000015,0.000044
3.216563,-2.370030,-0.504957,-14.036249,-0.035001,-0.236375,0.033625,0.406546,-0.623188,0.093746,3.141563,-0.000019,0.000044
3.220578,-2.440031,-0.354955,-13.836249,-0.039001,-0.236375,0.031625,0.406572,-0.623106,0.093746,3.141562,-0.000021,0.000047
3.224571,-2.440031,-0.354955,-13.836249,-0.039001,-0.236375,0.031625,0.406601,-0.623005,0.093749,3.141562,-0.000021,0.000045
3.228570,-2.440030,-0.354958,-13.836249,-0.039001,-0.236375,0.031625,0.406612,-0.622932,0.093746,3.141564,-0.000019,0.000025
3.232589,-2.440024,-0.354970,-13.836250,-0.039000,-0.236375,0.031625,0.406653,-0.622838,0.093745,3.141572,-0.000011,0.000055
3.236589,-2.440022,-0.354975,-13.836250,-0.039000,-0.236375,0.031625,0.406678,-0.622756,0.093744,3.141575,-0.000008,0.000051
3.240588,-2.440020,-0.354980,-13.836250,-0.039000,-0.236375,0.031625,0.406703,-0.622674,0.093744,3.141578,-0.000005,0.000047
3.244589,-2.440015,-0.354990,-13.836250,-0.039000,-0.236375,0.031625,0.406730,-0.622589,0.093740,3.141585,0.000002,0.000054
3.248589,-2.440010,-0.355000,-13.836250,-0.039000,-0.236375,0.031625,0.406754,-0.622506,0.093737,3.141592,0.000009,0.000050
3.252588,-2.440002,-0.355017,-13.836251,-0.039000,-0.236375,0.031625,0.406778,-0.622423,0.093732,-3.141582,0.000020,0.000046
3.256589,-2.439997,-0.355028,-13.836251,-0.039000,-0.236375,0.031625,0.406801,-0.622339,0.093730,-3.141575,0.000027,0.000042
3.260557,-2.279990,-0.405044,-12.946251,-0.034999,-0.220375,0.030625,0.406827,-0.622253,0.093724,-3.141565,0.000037,0.000043
3.264588,-2.279994,-0.405035,-12.946251,-0.035000,-0.220375,0.030625,0.406854,-0.622173,0.093726,-3.141570,0.000032,0.000038
3.268590,-2.279988,-0.405046,-12.946251,-0.034999,-0.220375,0.030625,0.406877,-0.622089,0.093723,-3.141563,0.000039,0.000034
3.272588,-2.279990,-0.405043,-12.946251,-0.034999,-0.220375,0.030625,0.406904,-0.622008,0.093722,-3.141565,0.000037,0.000037
3.276595,-2.279988,-0.405046,-12.946251,-0.034999,-0.220375,0.030625,0.406927,-0.621925,0.093720,-3.141563,0.000039,0.000033
3.280595,-2.279992,-0.405038,-12.946251,-0.035000,-0.220375,0.030625,0.406957,-0.621843,0.093723,-3.141568,0.000034,0.000033
3.284589,-2.279993,-0.405036,-12.946251,-0.035000,-0.220375,0.030625,0.406982,-0.621761,0.093723,-3.141570,0.000032,0.000029
3.288589,-2.279994,-0.405035,-12.946251,-0.035000,-0.220375,0.030625,0.407006,-0.621678,0.093724,-3.141571,0.000031,0.000025
3.292555,-2.279995,-0.405032,-12.946251,-0.035000,-0.220375,0.030625,0.407031,-0.621596,0.093724,-3.141572,0.000030,0.000021
3.296555,-2.119999,-0.505024,-12.546251,-0.028000,-0.210375,0.029625,0.407058,-0.621512,0.093726,-3.141578,0.000024,0.000022
3.300554,-2.080000,-0.515023,-12.516251,-0.026000,-0.210375,0.029625,0.407082,-0.621429,0.093727,-3.141579,0.000023,0.000018
3.304560,-2.079998,-0.515026,-12.516251,-0.026000,-0.210375,0.029625,0.407106,-0.621346,0.093725,-3.141577,0.000026,0.000020
3.308564,-2.080002,-0.515018,-12.516251,-0.026000,-0.210375,0.029625,0.407130,-0.621263,0.093727,-3.141582,0.000020,0.000023
3.312555,-2.080006,-0.515008,-12.516251,-0.026000,-0.210375,0.029625,0.407155,-0.621182,0.093728,-3.141588,0.000014,0.000026
3.316553,-2.080010,-0.515001,-12.516251,-0.026000,-0.210375,0.029625,0.407183,-0.621098,0.093731,3.141592,0.000009,0.000033
3.320541,-2.080016,-0.514988,-12.516250,-0.026000,-0.210375,0.029625,0.407210,-0.621018,0.093737,3.141584,0.000000,0.000029
3.324554,-2.080022,-0.514975,-12.516250,-0.026000,-0.210375,0.029625,0.407236,-0.620937,0.093742,3.141575,-0.000008,0.000031
3.328552,-2.080020,-0.514979,-12.516250,-0.026000,-0.210375,0.029625,0.407260,-0.620854,0.093740,3.141577,-0.000006,0.000034
3.332556,-2.080017,-0.514984,-12.516250,-0.026000,-0.210375,0.029625,0.407286,-0.620769,0.093741,3.141581,-0.000002,0.000021
3.336551,-2.080018,-0.514983,-12.516250,-0.026000,-0.210375,0.029625,0.407312,-0.620684,0.093742,3.141580,-0.000003,0.000022
3.340558,-2.040019,-0.444980,-12.196250,-0.026000,-0.207375,0.027625,0.407338,-0.620598,0.093741,3.141579,-0.000005,0.000022
3.344532,-2.040015,-0.444991,-12.196250,-0.026000,-0.207375,0.027625,0.407369,-0.620490,0.093739,3.141585,0.000002,0.000049
3.348528,-2.040010,-0.445001,-12.196250,-0.026000,-0.207375,0.027625,0.407376,-0.620413,0.093736,3.141592,0.000009,0.000016
3.352529,-2.040005,-0.445011,-12.196251,-0.026000,-0.207375,0.027625,0.407419,-0.620313,0.093733,-3.141586,0.000016,0.000041
3.356529,-2.040006,-0.445010,-12.196251,-0.026000,-0.207375,0.027625,0.407446,-0.620228,0.093734,-3.141587,0.000015,0.000035
3.360528,-2.040004,-0.445013,-12.196251,-0.026000,-0.207375,0.027625,0.407472,-0.620143,0.093732,-3.141585,0.000017,0.000029
3.364530,-2.039999,-0.445025,-12.196251,-0.026000,-0.207375,0.027625,0.407497,-0.620056,0.093730,-3.141577,0.000025,0.000029
3.368562,-2.040000,-0.445023,-12.196251,-0.026000,-0.207375,0.027625,0.407527,-0.619971,0.093731,-3.141579,0.000023,0.000027
3.372570,-2.040000,-0.445021,-12.196251,-0.026000,-0.207375,0.027625,0.407553,-0.619886,0.093732,-3.141580,0.000022,0.000021
3.376590,-1.759996,-0.335031,-10.986251,-0.028000,-0.183375,0.023625,0.407578,-0.619800,0.093728,-3.141574,0.000029,0.000015
3.380589,-1.760000,-0.335022,-10.986251,-0.028000,-0.183375,0.023625,0.407605,-0.619715,0.093729,-3.141579,0.000023,0.000015
3.384589,-1.759999,-0.335024,-10.986251,-0.028000,-0.183375,0.023625,0.407633,-0.619627,0.093726,-3.141578,0.000024,0.000014
3.388590,-1.759998,-0.335026,-10.986251,-0.028000,-0.183375,0.023625,0.407658,-0.619541,0.093722,-3.141576,0.000026,0.000007
3.392589,-1.759997,-0.335029,-10.986251,-0.028000,-0.183375,0.023625,0.407683,-0.619454,0.093720,-3.141575,0.000028,0.000001
3.396589,-1.759998,-0.335025,-10.986251,-0.028000,-0.183375,0.023625,0.407709,-0.619370,0.093718,-3.141577,0.000025,0.000008
3.400589,-1.760006,-0.335010,-10.986251,-0.028000,-0.183375,0.023625,0.407739,-0.619284,0.093721,-3.141587,0.000015,0.000020
3.404589,-1.760010,-0.335001,-10.986250,-0.028000,-0.183375,0.023625,0.407766,-0.619199,0.093723,3.141592,0.000009,0.000020
3.408596,-1.760020,-0.334980,-10.986250,-0.028000,-0.183375,0.023625,0.407797,-0.619115,0.093728,3.141578,-0.000005,0.000025
3.412589,-1.760024,-0.334971,-10.986250,-0.028000,-0.183375,0.023625,0.407824,-0.619030,0.093729,3.141572,-0.000011,0.000026
3.416587,-1.760029,-0.334960,-10.986249,-0.028001,-0.183375,0.023625,0.407850,-0.618946,0.093729,3.141565,-0.000018,0.000040
3.420599,-1.810033,-0.344951,-10.476249,-0.030001,-0.178375,0.023625,0.407877,-0.618862,0.093731,3.141560,-0.000024,0.000040
3.424555,-1.810033,-0.344951,-10.476249,-0.030001,-0.178375,0.023625,0.407877,-0.618862,0.093731,3.141560,-0.000024,0.000040
3.428557,-1.810038,-0.344941,-10.476249,-0.030001,-0.178375,0.023625,0.407931,-0.618689,0.093725,3.141553,-0.000030,0.000052
3.432570,-1.810037,-0.344943,-10.476249,-0.030001,-0.178375,0.023625,0.407956,-0.618603,0.093721,3.141554,-0.000029,0.000059
3.436555,-1.810038,-0.344940,-10.476249,-0.030001,-0.178375,0.023625,0.407981,-0.618517,0.093721,3.141552,-0.000031,0.000060
3.440575,-1.810035,-0.344947,-10.476249,-0.030001,-0.178375,0.023625,0.408009,-0.618429,0.093714,3.141557,-0.000026,0.000072
3.444554,-1.810034,-0.344949,-10.476249,-0.030001,-0.178375,0.023625,0.408034,-0.618343,0.093711,3.141558,-0.000025,0.000072
3.448556,-1.810033,-0.344951,-10.476249,-0.030001,-0.178375,0.023625,0.408061,-0.618255,0.093707,3.141560,-0.000024,0.000070
3.452566,-1.810035,-0.344946,-10.476249,-0.030001,-0.178375,0.023625,0.408087,-0.618169,0.093704,3.141556,-0.000027,0.000071
3.456553,-1.810038,-0.344940,-10.476249,-0.030001,-0.178375,0.023625,0.408116,-0.618083,0.093700,3.141552,-0.000031,0.000069
3.460551,-1.810038,-0.344940,-10.476249,-0.030001,-0.178375,0.023625,0.408116,-0.618083,0.093700,3.141552,-0.000031,0.000069
3.464571,-1.780040,-0.314935,-10.126249,-0.030001,-0.171375,0.021625,0.408167,-0.617912,0.093691,3.141549,-0.000035,0.000056
3.468555,-1.780044,-0.314927,-10.126248,-0.030001,-0.171375,0.021625,0.408202,-0.617803,0.093686,3.141544,-0.000040,0.000055
3.472547,-1.780044,-0.314927,-10.126248,-0.030001,-0.171375,0.021625,0.408202,-0.617803,0.093686,3.141544,-0.000040,0.000055
3.476553,-1.780030,-0.314957,-10.126249,-0.030001,-0.171375,0.021625,0.408210,-0.617724,0.093662,3.141563,-0.000020,0.000026
3.480571,-1.780042,-0.314931,-10.126248,-0.030001,-0.171375,0.021625,0.408280,-0.617540,0.093664,3.141546,-0.000037,0.000038
3.484590,-1.780045,-0.314925,-10.126248,-0.030001,-0.171375,0.021625,0.408308,-0.617453,0.093661,3.141543,-0.000041,0.000036
3.488590,-1.780045,-0.314924,-10.126248,-0.030001,-0.171375,0.021625,0.408334,-0.617368,0.093654,3.141542,-0.000042,0.000030
3.492586,-1.780045,-0.314924,-10.126248,-0.030001,-0.171375,0.021625,0.408362,-0.617280,0.093648,3.141541,-0.000042,0.000028
3.496590,-1.780052,-0.314911,-10.126248,-0.030001,-0.171376,0.021625,0.408391,-0.617194,0.093644,3.141533,-0.000051,0.000026
3.500590,-1.780052,-0.314911,-10.126248,-0.030001,-0.171376,0.021625,0.408391,-0.617194,0.093644,3.141533,-0.000051,0.000026
3.504589,-1.810052,-0.334909,-10.106248,-0.026001,-0.174376,0.021625,0.408417,-0.617110,0.093637,3.141532,-0.000051,0.000020
3.508589,-1.810056,-0.334902,-10.106248,-0.026001,-0.174376,0.021625,0.408446,-0.617022,0.093632,3.141527,-0.000056,0.000025
3.512589,-1.810053,-0.334906,-10.106248,-0.026001,-0.174376,0.021625,0.408473,-0.616934,0.093622,3.141530,-0.000054,0.000023
3.516591,-1.810057,-0.334899,-10.106248,-0.026001,-0.174376,0.021625,0.408498,-0.616849,0.093617,3.141525,-0.000058,0.000024
3.520590,-1.810052,-0.334909,-10.106248,-0.026001,-0.174376,0.021625,0.408525,-0.616760,0.093605,3.141532,-0.000052,0.000029
3.524595,-1.810052,-0.334909,-10.106248,-0.026001,-0.174376,0.021625,0.408549,-0.616674,0.093599,3.141532,-0.000052,0.000036
3.528595,-1.810056,-0.334900,-10.106248,-0.026001,-0.174376,0.021625,0.408579,-0.616588,0.093592,3.141526,-0.000058,0.000048
3.532601,-1.810054,-0.334905,-10.106248,-0.026001,-0.174376,0.021625,0.408603,-0.616502,0.093583,3.141529,-0.000055,0.000048
3.536601,-1.810051,-0.334911,-10.106248,-0.026001,-0.174376,0.021625,0.408629,-0.616416,0.093575,3.141533,-0.000051,0.000055
3.540594,-1.810058,-0.334896,-10.106248,-0.026001,-0.174376,0.021625,0.408656,-0.616333,0.093571,3.141523,-0.000060,0.000069
3.544593,-1.920065,-0.444881,-11.226247,-0.025001,-0.190376,0.024625,0.408709,-0.616169,0.093559,3.141514,-0.000070,0.000079
3.548605,-1.920065,-0.444881,-11.226247,-0.025001,-0.190376,0.024625,0.408709,-0.616169,0.093559,3.141514,-0.000070,0.000079
3.552589,-1.920066,-0.444879,-11.226247,-0.025002,-0.190376,0.024625,0.408736,-0.616086,0.093551,3.141512,-0.000072,0.000093
3.556591,-1.920074,-0.444862,-11.226247,-0.025002,-0.190376,0.024625,0.408787,-0.615921,0.093538,3.141501,-0.000083,0.000103
3.560590,-1.920074,-0.444862,-11.226247,-0.025002,-0.190376,0.024625,0.408787,-0.615921,0.093538,3.141501,-0.000083,0.000103
3.564589,-1.920078,-0.444853,-11.226246,-0.025002,-0.190376,0.024625,0.408812,-0.615839,0.093530,3.141495,-0.000089,0.000099
3.568603,-1.920078,-0.444853,-11.226246,-0.025002,-0.190376,0.024625,0.408863,-0.615674,0.093510,3.141495,-0.000089,0.000088
3.572554,-1.920078,-0.444853,-11.226246,-0.025002,-0.190376,0.024625,0.408863,-0.615674,0.093510,3.141495,-0.000089,0.000088
3.576548,-1.920079,-0.444851,-11.226246,-0.025002,-0.190376,0.024625,0.408889,-0.615590,0.093502,3.141494,-0.000090,0.000089
3.580589,-2.160080,-0.494849,-13.106246,-0.030002,-0.221376,0.029625,0.408913,-0.615508,0.093494,3.141492,-0.000092,0.000085
3.584589,-2.160073,-0.494864,-13.106246,-0.030002,-0.221376,0.029625,0.408938,-0.615422,0.093479,3.141503,-0.000081,0.000078
3.588590,-2.160076,-0.494856,-13.106246,-0.030002,-0.221376,0.029625,0.408966,-0.615340,0.093473,3.141497,-0.000087,0.000072
3.592589,-2.160072,-0.494866,-13.106246,-0.030002,-0.221376,0.029625,0.408989,-0.615257,0.093461,3.141504,-0.000080,0.000061
3.596589,-2.160067,-0.494876,-13.106247,-0.030002,-0.221376,0.029625,0.409013,-0.615175,0.093449,3.141510,-0.000074,0.000057
3.600588,-2.160068,-0.494874,-13.106247,-0.030002,-0.221376,0.029625,0.409039,-0.615091,0.093440,3.141509,-0.000075,0.000051
3.604587,-2.160069,-0.494873,-13.106246,-0.030002,-0.221376,0.029625,0.409067,-0.615008,0.093433,3.141508,-0.000076,0.000038
3.608534,-2.160067,-0.494876,-13.106247,-0.030002,-0.221376,0.029625,0.409093,-0.614924,0.093422,3.141510,-0.000074,0.000032
3.612531,-2.160070,-0.494870,-13.106246,-0.030002,-0.221376,0.029625,0.409118,-0.614843,0.093418,3.141506,-0.000078,0.000028
3.616530,-2.160068,-0.494875,-13.106247,-0.030002,-0.221376,0.029625,0.409144,-0.614759,0.093409,3.141510,-0.000074,-0.000006
3.620558,-2.530065,-0.474881,-15.186248,-0.041001,-0.255376,0.034625,0.409169,-0.614674,0.093401,3.141514,-0.000070,-0.000012
3.624532,-2.530051,-0.474911,-15.186248,-0.041001,-0.255376,0.034625,0.409185,-0.614579,0.093378,3.141534,-0.000050,-0.000012
3.628625,-2.530051,-0.474912,-15.186248,-0.041001,-0.255376,0.034625,0.409209,-0.614497,0.093372,3.141534,-0.000050,-0.000009
3.632614,-2.530063,-0.474885,-15.186248,-0.041001,-0.255376,0.034625,0.409253,-0.614403,0.093389,3.141516,-0.000068,0.000032
3.636616,-2.530064,-0.474883,-15.186248,-0.041001,-0.255376,0.034625,0.409276,-0.614321,0.093389,3.141515,-0.000069,0.000042
3.640608,-2.530063,-0.474885,-15.186248,-0.041001,-0.255376,0.034625,0.409302,-0.614237,0.093386,3.141517,-0.000067,0.000049
3.644531,-2.530064,-0.474883,-15.186248,-0.041001,-0.255376,0.034625,0.409326,-0.614155,0.093386,3.141515,-0.000069,0.000051
3.648598,-2.530067,-0.474875,-15.186247,-0.041002,-0.255376,0.034625,0.409350,-0.614074,0.093388,3.141510,-0.000074,0.000061
3.652595,-2.530070,-0.474870,-15.186247,-0.041002,-0.255376,0.034625,0.409377,-0.613990,0.093386,3.141507,-0.000077,0.000075
3.656595,-2.530071,-0.474867,-15.186247,-0.041002,-0.255376,0.034625,0.409401,-0.613909,0.093385,3.141505,-0.000080,0.000071
3.660592,-2.890073,-0.564864,-17.676247,-0.049002,-0.290376,0.039625,0.409429,-0.613826,0.093384,3.141502,-0.000082,0.000085
3.664591,-2.890069,-0.564872,-17.676247,-0.049002,-0.290376,0.039625,0.409450,-0.613742,0.093379,3.141508,-0.000076,0.000094
3.668591,-2.890070,-0.564870,-17.676247,-0.049002,-0.290376,0.039625,0.409476,-0.613658,0.093379,3.141506,-0.000078,0.000094
3.672588,-2.890066,-0.564878,-17.676247,-0.049002,-0.290376,0.039625,0.409498,-0.613574,0.093374,3.141512,-0.000072,0.000090
3.676547,-2.890061,-0.564888,-17.676248,-0.049001,-0.290376,0.039625,0.409524,-0.613489,0.093370,3.141518,-0.000066,0.000091
3.680590,-2.890063,-0.564885,-17.676247,-0.049001,-0.290376,0.039625,0.409548,-0.613408,0.093369,3.141516,-0.000068,0.000087
3.684589,-2.890058,-0.564895,-17.676248,-0.049001,-0.290376,0.039625,0.409572,-0.613323,0.093366,3.141523,-0.000061,0.000087
3.688589,-2.890060,-0.564892,-17.676248,-0.049001,-0.290376,0.039625,0.409597,-0.613241,0.093365,3.141521,-0.000063,0.000083
3.692589,-2.890058,-0.564896,-17.676248,-0.049001,-0.290376,0.039625,0.409623,-0.613158,0.093364,3.141524,-0.000060,0.000077
3.696589,-3.070056,-0.544900,-18.306248,-0.052001,-0.301376,0.040625,0.409647,-0.613076,0.093362,3.141526,-0.000058,0.000073
3.700590,-3.370057,-0.414898,-19.066247,-0.062001,-0.319376,0.042625,0.409675,-0.612994,0.093363,3.141525,-0.000059,0.000066
3.704590,-3.370052,-0.414908,-19.066247,-0.062001,-0.319376,0.042625,0.409697,-0.612911,0.093359,3.141532,-0.000052,0.000049
3.708589,-3.370048,-0.414918,-19.066248,-0.062001,-0.319376,0.042625,0.409720,-0.612828,0.093355,3.141538,-0.000046,0.000045
3.712589,-3.370048,-0.414917,-19.066248,-0.062001,-0.319376,0.042625,0.409747,-0.612745,0.093357,3.141537,-0.000047,0.000032
3.716589,-3.370040,-0.414934,-19.066248,-0.062001,-0.319375,0.042625,0.409769,-0.612662,0.093352,3.141548,-0.000035,0.000014
3.720590,-3.370038,-0.414939,-19.066248,-0.062001,-0.319375,0.042625,0.409794,-0.612577,0.093352,3.141552,-0.000032,0.000015
3.724589,-3.370028,-0.414962,-19.066249,-0.062001,-0.319375,0.042625,0.409817,-0.612491,0.093345,3.141567,-0.000017,0.000008
3.728590,-3.370031,-0.414954,-19.066249,-0.062001,-0.319375,0.042625,0.409845,-0.612408,0.093348,3.141561,-0.000022,0.000002
3.732589,-3.370027,-0.414963,-19.066249,-0.062000,-0.319375,0.042625,0.409867,-0.612325,0.093344,3.141568,-0.000016,-0.000002
3.736589,-3.370027,-0.414963,-19.066249,-0.062000,-0.319375,0.042625,0.409894,-0.612242,0.093346,3.141567,-0.000016,-0.000001
3.740590,-3.370036,-0.414943,-19.066248,-0.062001,-0.319375,0.042625,0.409921,-0.612163,0.093352,3.141554,-0.000029,0.000001
3.744588,-3.450038,-0.484940,-19.756249,-0.062001,-0.331375,0.043625,0.409947,-0.612080,0.093351,3.141552,-0.000032,0.000002
3.748590,-3.450039,-0.484938,-19.756249,-0.062001,-0.331375,0.043625,0.409975,-0.611998,0.093352,3.141551,-0.000033,0.000016
3.752594,-3.450046,-0.484921,-19.756248,-0.062001,-0.331375,0.043625,0.410001,-0.611919,0.093353,3.141540,-0.000044,0.000018
3.756589,-3.450050,-0.484913,-19.756248,-0.062001,-0.331376,0.043625,0.410028,-0.611836,0.093356,3.141535,-0.000049,0.000032
3.760590,-3.450051,-0.484910,-19.756248,-0.062001,-0.331376,0.043625,0.410052,-0.611755,0.093355,3.141533,-0.000051,0.000035
3.764589,-3.450049,-0.484914,-19.756248,-0.062001,-0.331376,0.043625,0.410074,-0.611671,0.093353,3.141535,-0.000049,0.000038
3.768602,-3.450053,-0.484905,-19.756248,-0.062001,-0.331376,0.043625,0.410101,-0.611588,0.093355,3.141530,-0.000054,0.000045
3.772589,-3.450049,-0.484915,-19.756248,-0.062001,-0.331376,0.043625,0.410126,-0.611503,0.093351,3.141536,-0.000048,0.000018
3.776587,-3.450037,-0.524941,-20.036249,-0.061001,-0.335375,0.044625,0.410138,-0.611411,0.093332,3.141553,-0.000031,0.000028
3.780556,-3.390051,-0.634911,-20.456249,-0.057001,-0.338376,0.044625,0.410166,-0.611329,0.093353,3.141534,-0.000050,0.000035
3.784590,-3.390051,-0.634909,-20.456249,-0.057001,-0.338376,0.044625,0.410207,-0.611237,0.093353,3.141533,-0.000052,0.000058
3.788594,-3.390054,-0.634903,-20.456249,-0.057001,-0.338376,0.044625,0.410235,-0.611155,0.093357,3.141528,-0.000056,0.000058
3.792593,-3.390049,-0.634915,-20.456249,-0.057001,-0.338376,0.044625,0.410262,-0.611072,0.093356,3.141536,-0.000048,0.000059
3.796589,-3.390048,-0.634916,-20.456249,-0.057001,-0.338376,0.044625,0.410286,-0.610991,0.093359,3.141537,-0.000047,0.000061
3.800600,-3.390045,-0.634924,-20.456249,-0.057001,-0.338375,0.044625,0.410313,-0.610909,0.093362,3.141542,-0.000042,0.000055
3.804597,-3.390039,-0.634937,-20.456250,-0.057001,-0.338375,0.044625,0.410335,-0.610826,0.093362,3.141551,-0.000033,0.000044
3.808590,-3.390033,-0.634951,-20.456250,-0.057001,-0.338375,0.044625,0.410361,-0.610742,0.093363,3.141560,-0.000024,0.000038
3.812572,-3.390021,-0.634978,-20.456251,-0.057000,-0.338375,0.044625,0.410384,-0.610656,0.093360,3.141577,-0.000006,0.000032
3.816589,-3.390017,-0.634986,-20.456251,-0.057000,-0.338375,0.044625,0.410407,-0.610574,0.093364,3.141583,-0.000001,0.000028
3.820589,-3.300012,-0.714995,-20.406250,-0.053000,-0.336375,0.044625,0.410433,-0.610490,0.093367,3.141588,0.000005,0.000021
3.824594,-3.300005,-0.715011,-20.406250,-0.053000,-0.336375,0.044625,0.410458,-0.610405,0.093370,-3.141587,0.000016,0.000015
3.828592,-3.299998,-0.715027,-20.406251,-0.053000,-0.336375,0.044625,0.410480,-0.610323,0.093373,-3.141576,0.000027,0.000011
3.832589,-3.300000,-0.715023,-20.406251,-0.053000,-0.336375,0.044625,0.410508,-0.610240,0.093380,-3.141579,0.000024,-0.000002
3.836589,-3.299998,-0.715027,-20.406251,-0.053000,-0.336375,0.044625,0.410536,-0.610155,0.093386,-3.141576,0.000026,-0.000004
3.840589,-3.299997,-0.715029,-20.406251,-0.053000,-0.336375,0.044625,0.410561,-0.610070,0.093392,-3.141575,0.000028,-0.000010
3.844590,-3.299998,-0.715027,-20.406251,-0.053000,-0.336375,0.044625,0.410589,-0.609984,0.093400,-3.141576,0.000026,-0.000005
3.848589,-3.299999,-0.715025,-20.406251,-0.053000,-0.336375,0.044625,0.410616,-0.609897,0.093409,-3.141578,0.000025,-0.000007
3.852590,-3.299995,-0.715034,-20.406251,-0.053000,-0.336375,0.044625,0.410639,-0.609810,0.093413,-3.141572,0.000031,-0.000013
3.856558,-3.229997,-0.635029,-20.166251,-0.056000,-0.329375,0.043625,0.410667,-0.609724,0.093419,-3.141575,0.000028,-0.000002
3.860590,-3.219993,-0.585038,-19.916251,-0.058000,-0.325375,0.043625,0.410692,-0.609635,0.093424,-3.141569,0.000034,0.000003
3.864589,-3.219997,-0.585030,-19.916251,-0.058000,-0.325375,0.043625,0.410725,-0.609527,0.093435,-3.141574,0.000028,0.000008
3.868593,-3.220001,-0.585020,-19.916251,-0.058000,-0.325375,0.043625,0.410744,-0.609464,0.093443,-3.141581,0.000022,0.000009
3.872589,-3.220003,-0.585016,-19.916251,-0.058000,-0.325375,0.043625,0.410777,-0.609356,0.093451,-3.141583,0.000019,0.000027
3.876589,-3.220003,-0.585016,-19.916251,-0.058000,-0.325375,0.043625,0.410777,-0.609356,0.093451,-3.141583,0.000019,0.000027
3.880589,-3.220009,-0.585002,-19.916250,-0.058000,-0.325375,0.043625,0.410824,-0.609207,0.093465,-3.141593,0.000010,0.000046
3.884556,-3.220014,-0.584992,-19.916250,-0.058000,-0.325375,0.043625,0.410852,-0.609121,0.093475,3.141587,0.000003,0.000051
3.888548,-3.220015,-0.584989,-19.916250,-0.058000,-0.325375,0.043625,0.410881,-0.609035,0.093482,3.141584,0.000001,0.000056
3.892589,-3.220014,-0.584992,-19.916250,-0.058000,-0.325375,0.043625,0.410904,-0.608950,0.093489,3.141587,0.000003,0.000056
3.896589,-3.220013,-0.584995,-19.916250,-0.058000,-0.325375,0.043625,0.410931,-0.608863,0.093494,3.141588,0.000005,0.000068
3.900590,-3.090009,-0.455003,-18.486250,-0.062000,-0.303375,0.040625,0.410955,-0.608777,0.093497,-3.141592,0.000011,0.000062
3.904595,-3.089995,-0.455035,-18.486251,-0.062000,-0.303375,0.040625,0.410970,-0.608679,0.093484,-3.141571,0.000032,0.000040
3.908589,-3.090016,-0.454987,-18.486250,-0.062000,-0.303375,0.040625,0.411010,-0.608605,0.093510,3.141583,-0.000000,0.000038
3.912593,-3.090000,-0.455024,-18.486251,-0.062000,-0.303375,0.040625,0.411041,-0.608494,0.093511,-3.141578,0.000024,0.000063
3.916595,-3.089998,-0.455028,-18.486251,-0.062000,-0.303375,0.040625,0.411066,-0.608410,0.093518,-3.141576,0.000027,0.000057
3.920589,-3.089993,-0.455038,-18.486251,-0.062000,-0.303375,0.040625,0.411093,-0.608323,0.093522,-3.141569,0.000033,0.000055
3.924589,-3.089991,-0.455042,-18.486251,-0.062000,-0.303375,0.040625,0.411117,-0.608238,0.093530,-3.141566,0.000037,0.000042
3.928587,-3.089986,-0.455054,-18.486251,-0.061999,-0.303375,0.040625,0.411144,-0.608152,0.093537,-3.141559,0.000044,0.000034
3.932596,-3.089981,-0.455064,-18.486252,-0.061999,-0.303375,0.040625,0.411170,-0.608064,0.093542,-3.141552,0.000051,0.000025
3.936589,-3.089982,-0.455063,-18.486252,-0.061999,-0.303375,0.040625,0.411198,-0.607978,0.093552,-3.141553,0.000051,0.000017
3.940589,-2.779974,-0.495081,-15.796253,-0.045999,-0.265375,0.035625,0.411223,-0.607890,0.093557,-3.141541,0.000063,0.000008
3.944589,-2.779971,-0.495089,-15.796253,-0.045999,-0.265375,0.035625,0.411250,-0.607803,0.093568,-3.141536,0.000067,0.000006
3.948588,-2.779966,-0.495099,-15.796253,-0.045999,-0.265375,0.035625,0.411278,-0.607713,0.093574,-3.141530,0.000075,0.000009
3.952591,-2.779966,-0.495099,-15.796253,-0.045999,-0.265375,0.035625,0.411278,-0.607713,0.093574,-3.141530,0.000075,0.000009
3.956592,-2.779966,-0.495099,-15.796253,-0.045999,-0.265375,0.035625,0.411278,-0.607713,0.093574,-3.141530,0.000075,0.000009
3.960589,-2.779960,-0.495114,-15.796253,-0.045999,-0.265375,0.035625,0.411359,-0.607448,0.093597,-3.141520,0.000084,0.000022
3.964588,-2.779961,-0.495111,-15.796253,-0.045999,-0.265375,0.035625,0.411386,-0.607362,0.093606,-3.141522,0.000083,0.000027
3.968605,-2.779961,-0.495110,-15.796253,-0.045999,-0.265375,0.035625,0.411412,-0.607274,0.093615,-3.141523,0.000082,0.000032
3.972589,-2.779966,-0.495100,-15.796253,-0.045999,-0.265375,0.035625,0.411440,-0.607188,0.093624,-3.141529,0.000075,0.000037
3.976589,-2.779965,-0.495103,-15.796253,-0.045999,-0.265375,0.035625,0.411469,-0.607100,0.093630,-3.141527,0.000077,0.000046
3.980590,-2.659970,-0.415091,-13.936253,-0.042999,-0.244375,0.031625,0.411497,-0.607014,0.093636,-3.141535,0.000069,0.000051
3.984589,-2.659973,-0.415084,-13.936253,-0.042999,-0.244375,0.031625,0.411525,-0.606928,0.093640,-3.141540,0.000064,0.000056
3.988557,-2.659983,-0.415062,-13.936252,-0.042999,-0.244375,0.031625,0.411553,-0.606843,0.093644,-3.141554,0.000050,0.000054
3.992597,-2.659989,-0.415047,-13.936252,-0.042999,-0.244375,0.031625,0.411584,-0.606755,0.093648,-3.141563,0.000040,0.000064
3.996589,-2.659996,-0.415033,-13.936252,-0.043000,-0.244375,0.031625,0.411612,-0.606670,0.093652,-3.141573,0.000030,0.000062
4.000559,-2.660003,-0.415016,-13.936251,-0.043000,-0.244375,0.031625,0.411640,-0.606585,0.093654,-3.141583,0.000019,0.000067
4.004598,-2.660007,-0.415007,-13.936251,-0.043000,-0.244375,0.031625,0.411668,-0.606499,0.093655,-3.141590,0.000013,0.000072
4.008588,-2.660008,-0.415005,-13.936251,-0.043000,-0.244375,0.031625,0.411694,-0.606411,0.093656,-3.141590,0.000012,0.000077
4.012590,-2.660004,-0.415014,-13.936251,-0.043000,-0.244375,0.031625,0.411722,-0.606322,0.093651,-3.141585,0.000018,0.000073
4.016592,-2.660008,-0.415005,-13.936251,-0.043000,-0.244375,0.031625,0.411749,-0.606235,0.093653,-3.141591,0.000012,0.000071
4.020591,-2.660009,-0.415003,-13.936251,-0.043000,-0.244375,0.031625,0.411776,-0.606149,0.093653,-3.141592,0.000010,0.000069
4.024590,-2.660009,-0.415003,-13.936251,-0.043000,-0.244375,0.031625,0.411776,-0.606149,0.093653,-3.141592,0.000010,0.000069
4.028589,-2.050008,-0.475006,-11.376250,-0.025000,-0.197375,0.025625,0.411802,-0.606061,0.093651,-3.141590,0.000013,0.000067
4.032596,-2.050008,-0.475006,-11.376250,-0.025000,-0.197375,0.025625,0.411802,-0.606061,0.093651,-3.141590,0.000013,0.000067
4.036591,-2.050016,-0.474987,-11.376250,-0.025000,-0.197375,0.025625,0.411860,-0.605888,0.093652,3.141583,-0.000000,0.000035
4.040589,-2.050016,-0.474987,-11.376250,-0.025000,-0.197375,0.025625,0.411860,-0.605888,0.093652,3.141583,-0.000000,0.000035
4.044588,-2.050001,-0.475021,-11.376251,-0.025000,-0.197375,0.025625,0.411890,-0.605778,0.093650,-3.141580,0.000023,0.000053
4.048590,-2.049994,-0.475037,-11.376251,-0.025000,-0.197375,0.025625,0.411969,-0.605517,0.093658,-3.141570,0.000033,0.000041
4.052591,-2.049994,-0.475037,-11.376251,-0.025000,-0.197375,0.025625,0.411969,-0.605517,0.093658,-3.141570,0.000033,0.000041
4.056556,-2.049991,-0.475043,-11.376251,-0.024999,-0.197375,0.025625,0.411997,-0.605427,0.093658,-3.141566,0.000037,0.000044
4.060603,-2.049985,-0.475057,-11.376252,-0.024999,-0.197375,0.025625,0.412018,-0.605340,0.093659,-3.141557,0.000046,0.000044
4.064597,-1.769985,-0.485058,-10.046252,-0.017999,-0.173375,0.023625,0.412044,-0.605252,0.093663,-3.141556,0.000047,0.000043
4.068607,-1.769984,-0.485059,-10.046252,-0.017999,-0.173375,0.023625,0.412069,-0.605164,0.093667,-3.141556,0.000048,0.000047
4.072562,-1.769990,-0.485047,-10.046252,-0.017999,-0.173375,0.023625,0.412097,-0.605079,0.093674,-3.141564,0.000040,0.000052
4.076590,-1.769989,-0.485047,-10.046252,-0.017999,-0.173375,0.023625,0.412123,-0.604992,0.093676,-3.141563,0.000040,0.000057
4.080596,-1.769989,-0.485047,-10.046252,-0.017999,-0.173375,0.023625,0.412150,-0.604906,0.093679,-3.141563,0.000040,0.000056
4.084590,-1.769993,-0.485040,-10.046251,-0.018000,-0.173375,0.023625,0.412177,-0.604819,0.093682,-3.141568,0.000035,0.000061
4.088589,-1.769996,-0.485033,-10.046251,-0.018000,-0.173375,0.023625,0.412204,-0.604733,0.093686,-3.141573,0.000030,0.000065
4.092556,-1.770001,-0.485022,-10.046251,-0.018000,-0.173375,0.023625,0.412230,-0.604647,0.093685,-3.141580,0.000023,0.000064
4.096590,-1.770005,-0.485012,-10.046251,-0.018000,-0.173375,0.023625,0.412258,-0.604561,0.093686,-3.141586,0.000017,0.000062
4.100589,-1.770012,-0.484996,-10.046250,-0.018000,-0.173375,0.023625,0.412284,-0.604474,0.093688,3.141589,0.000006,0.000060
4.104590,-1.700017,-0.354985,-9.866250,-0.023000,-0.169375,0.021625,0.412311,-0.604388,0.093688,3.141582,-0.000001,0.000065
4.108590,-1.670022,-0.224974,-9.616249,-0.029000,-0.164375,0.019625,0.412337,-0.604301,0.093687,3.141575,-0.000009,0.000063
4.112589,-1.670022,-0.224974,-9.616249,-0.029000,-0.164375,0.019625,0.412337,-0.604301,0.093687,3.141575,-0.000009,0.000063
4.116589,-1.670022,-0.224974,-9.616249,-0.029000,-0.164375,0.019625,0.412365,-0.604211,0.093681,3.141575,-0.000009,0.000066
4.120589,-1.670022,-0.224974,-9.616249,-0.029000,-0.164375,0.019625,0.412365,-0.604211,0.093681,3.141575,-0.000009,0.000066
4.124594,-1.670028,-0.224961,-9.616249,-0.029001,-0.164375,0.019625,0.412434,-0.603942,0.093659,3.141566,-0.000017,0.000041
4.128588,-1.670030,-0.224955,-9.616249,-0.029001,-0.164375,0.019625,0.412462,-0.603857,0.093655,3.141563,-0.000021,0.000045
4.132595,-1.670040,-0.224934,-9.616248,-0.029001,-0.164375,0.019625,0.412506,-0.603760,0.093668,3.141549,-0.000036,0.000064
4.136589,-1.670039,-0.224934,-9.616248,-0.029001,-0.164375,0.019625,0.412532,-0.603678,0.093663,3.141549,-0.000035,0.000058
4.140589,-1.670039,-0.224935,-9.616248,-0.029001,-0.164375,0.019625,0.412558,-0.603596,0.093658,3.141550,-0.000035,0.000058
4.144589,-1.640033,-0.244949,-8.976249,-0.030001,-0.154375,0.019625,0.412582,-0.603511,0.093650,3.141558,-0.000026,0.000045
4.148589,-1.640027,-0.244962,-8.976249,-0.030000,-0.154375,0.019625,0.412604,-0.603429,0.093641,3.141567,-0.000017,0.000041
4.152561,-1.640021,-0.244975,-8.976250,-0.030000,-0.154375,0.019625,0.412629,-0.603346,0.093632,3.141576,-0.000008,0.000042
4.156589,-1.640015,-0.244989,-8.976250,-0.030000,-0.154375,0.019625,0.412653,-0.603261,0.093624,3.141584,0.000001,0.000042
4.160590,-1.640015,-0.244989,-8.976250,-0.030000,-0.154375,0.019625,0.412679,-0.603179,0.093619,3.141585,0.000001,0.000042
4.164589,-1.640014,-0.244992,-8.976250,-0.030000,-0.154375,0.019625,0.412705,-0.603097,0.093615,3.141586,0.000003,0.000043
4.168601,-1.640012,-0.244997,-8.976250,-0.030000,-0.154375,0.019625,0.412728,-0.603016,0.093607,3.141590,0.000007,0.000032
4.172596,-1.640014,-0.244992,-8.976250,-0.030000,-0.154375,0.019625,0.412755,-0.602935,0.093604,3.141586,0.000003,0.000039
4.176571,-1.640014,-0.244991,-8.976250,-0.030000,-0.154375,0.019625,0.412780,-0.602856,0.093597,3.141586,0.000003,0.000035
4.180592,-1.570019,-0.414979,-9.246250,-0.021000,-0.154375,0.022625,0.412807,-0.602775,0.093595,3.141578,-0.000006,0.000042
4.184588,-1.570022,-0.414972,-9.246249,-0.021000,-0.154375,0.022625,0.412834,-0.602693,0.093590,3.141574,-0.000010,0.000043
4.188589,-1.570025,-0.414966,-9.246249,-0.021000,-0.154375,0.022625,0.412860,-0.602611,0.093585,3.141570,-0.000014,0.000043
4.192590,-1.570028,-0.414959,-9.246249,-0.021001,-0.154375,0.022625,0.412889,-0.602527,0.093581,3.141565,-0.000019,0.000048
4.196554,-1.570029,-0.414958,-9.246249,-0.021001,-0.154375,0.022625,0.412913,-0.602444,0.093574,3.141565,-0.000019,0.000042
4.200549,-1.570030,-0.414955,-9.246249,-0.021001,-0.154375,0.022625,0.412936,-0.602362,0.093565,3.141563,-0.000022,0.000038
4.204590,-1.570030,-0.414954,-9.246249,-0.021001,-0.154375,0.022625,0.412960,-0.602279,0.093558,3.141562,-0.000022,0.000038
4.208589,-1.570035,-0.414944,-9.246249,-0.021001,-0.154375,0.022625,0.412986,-0.602196,0.093549,3.141555,-0.000029,0.000039
4.212590,-1.570035,-0.414944,-9.246249,-0.021001,-0.154375,0.022625,0.412986,-0.602196,0.093549,3.141555,-0.000029,0.000039
4.216589,-1.570061,-0.414885,-9.246247,-0.021001,-0.154376,0.022625,0.413041,-0.602035,0.093541,3.141517,-0.000069,0.000006
4.220589,-1.930056,-0.404896,-10.656247,-0.026001,-0.184376,0.025625,0.413073,-0.601932,0.093532,3.141525,-0.000061,0.000033
4.224589,-1.930052,-0.404905,-10.656247,-0.026001,-0.184376,0.025625,0.413097,-0.601848,0.093519,3.141531,-0.000055,0.000027
4.228589,-1.930058,-0.404890,-10.656247,-0.026001,-0.184376,0.025625,0.413125,-0.601767,0.093514,3.141521,-0.000065,0.000028
4.232589,-1.930057,-0.404894,-10.656247,-0.026001,-0.184376,0.025625,0.413149,-0.601684,0.093504,3.141524,-0.000062,0.000021
4.236589,-1.930055,-0.404897,-10.656247,-0.026001,-0.184376,0.025625,0.413173,-0.601599,0.093492,3.141526,-0.000060,0.000022
4.240597,-1.930051,-0.404907,-10.656248,-0.026001,-0.184376,0.025625,0.413198,-0.601512,0.093480,3.141532,-0.000054,0.000020
4.244589,-1.930052,-0.404904,-10.656247,-0.026001,-0.184376,0.025625,0.413226,-0.601427,0.093471,3.141530,-0.000056,0.000018
4.248589,-1.930046,-0.404919,-10.656248,-0.026001,-0.184375,0.025625,0.413248,-0.601341,0.093457,3.141540,-0.000045,0.000019
4.252590,-1.930038,-0.404937,-10.656248,-0.026001,-0.184375,0.025625,0.413273,-0.601254,0.093444,3.141551,-0.000034,0.000017
4.256590,-1.960039,-0.414933,-10.826248,-0.027001,-0.188375,0.025625,0.413300,-0.601169,0.093435,3.141549,-0.000036,0.000022
4.260589,-2.070041,-0.524930,-12.006249,-0.027001,-0.206375,0.029625,0.413325,-0.601085,0.093425,3.141547,-0.000038,0.000022
4.264589,-2.070039,-0.524934,-12.006249,-0.027001,-0.206375,0.029625,0.413352,-0.601000,0.093416,3.141549,-0.000036,0.000027
4.268596,-2.070037,-0.524938,-12.006249,-0.027001,-0.206375,0.029625,0.413379,-0.600914,0.093406,3.141552,-0.000033,0.000032
4.272589,-2.070037,-0.524938,-12.006249,-0.027001,-0.206375,0.029625,0.413379,-0.600914,0.093406,3.141552,-0.000033,0.000032
4.276589,-2.070029,-0.524957,-12.006249,-0.027001,-0.206375,0.029625,0.413418,-0.600734,0.093381,3.141564,-0.000020,0.000011
4.280590,-2.070031,-0.524951,-12.006249,-0.027001,-0.206375,0.029625,0.413456,-0.600659,0.093377,3.141560,-0.000024,0.000036
4.284589,-2.070030,-0.524954,-12.006249,-0.027001,-0.206375,0.029625,0.413479,-0.600574,0.093366,3.141562,-0.000022,0.000036
4.288589,-2.070028,-0.524959,-12.006249,-0.027001,-0.206375,0.029625,0.413505,-0.600487,0.093357,3.141565,-0.000019,0.000034
4.292589,-2.070030,-0.524956,-12.006249,-0.027001,-0.206375,0.029625,0.413532,-0.600402,0.093347,3.141563,-0.000021,0.000039
4.296591,-2.070030,-0.524954,-12.006249,-0.027001,-0.206375,0.029625,0.413558,-0.600316,0.093339,3.141562,-0.000023,0.000038
4.300557,-2.430034,-0.584945,-14.116249,-0.034001,-0.240375,0.033625,0.413583,-0.600233,0.093333,3.141557,-0.000028,0.000031
4.304548,-2.430033,-0.584948,-14.116249,-0.034001,-0.240375,0.033625,0.413609,-0.600147,0.093322,3.141558,-0.000026,0.000030
4.308588,-2.430039,-0.584935,-14.116248,-0.034001,-0.240375,0.033625,0.413634,-0.600064,0.093319,3.141550,-0.000035,0.000023
4.312596,-2.430054,-0.584900,-14.116247,-0.034001,-0.240376,0.033625,0.413663,-0.599981,0.093318,3.141528,-0.000058,-0.000005
4.316589,-2.430045,-0.584921,-14.116248,-0.034001,-0.240375,0.033625,0.413688,-0.599894,0.093318,3.141541,-0.000044,0.000020
4.320590,-2.430046,-0.584917,-14.116248,-0.034001,-0.240376,0.033625,0.413722,-0.599788,0.093316,3.141539,-0.000047,0.000018
4.324606,-2.430060,-0.584886,-14.116247,-0.034001,-0.240376,0.033625,0.413741,-0.599727,0.093319,3.141519,-0.000068,-0.000015
4.328595,-2.430048,-0.584914,-14.116248,-0.034001,-0.240376,0.033625,0.413772,-0.599618,0.093318,3.141537,-0.000049,0.000010
4.332589,-2.430051,-0.584906,-14.116248,-0.034001,-0.240376,0.033625,0.413799,-0.599533,0.093321,3.141531,-0.000055,0.000008
4.336590,-2.890049,-0.624911,-16.526248,-0.048001,-0.277376,0.039625,0.413824,-0.599446,0.093320,3.141535,-0.000051,0.000006
4.340587,-2.890049,-0.624911,-16.526248,-0.048001,-0.277376,0.039625,0.413824,-0.599446,0.093320,3.141535,-0.000051,0.000006
4.344587,-2.890043,-0.624925,-16.526248,-0.048001,-0.277375,0.039625,0.413877,-0.599270,0.093316,3.141544,-0.000041,0.000007
4.348595,-2.890044,-0.624923,-16.526248,-0.048001,-0.277375,0.039625,0.413902,-0.599183,0.093316,3.141543,-0.000043,0.000006
4.352560,-2.890042,-0.624928,-16.526248,-0.048001,-0.277375,0.039625,0.413930,-0.599095,0.093316,3.141546,-0.000040,0.000008
4.356620,-2.890043,-0.624926,-16.526248,-0.048001,-0.277375,0.039625,0.413956,-0.599008,0.093316,3.141544,-0.000041,0.000013
4.360626,-2.890038,-0.624936,-16.526248,-0.048001,-0.277375,0.039625,0.413981,-0.598921,0.093312,3.141550,-0.000035,0.000018
4.364619,-2.890039,-0.624933,-16.526248,-0.048001,-0.277375,0.039625,0.414009,-0.598833,0.093312,3.141549,-0.000036,0.000028
4.368622,-2.890038,-0.624937,-16.526248,-0.048001,-0.277375,0.039625,0.414035,-0.598747,0.093311,3.141552,-0.000033,0.000033
4.372600,-2.890036,-0.624940,-16.526248,-0.048001,-0.277375,0.039625,0.414060,-0.598660,0.093308,3.141553,-0.000032,0.000038
4.376605,-2.890035,-0.624942,-16.526248,-0.048001,-0.277375,0.039625,0.414085,-0.598573,0.093305,3.141555,-0.000030,0.000049
4.380600,-3.210036,-0.444939,-17.346249,-0.059001,-0.294375,0.041625,0.414115,-0.598486,0.093304,3.141553,-0.000032,0.000059
4.384576,-3.210040,-0.444931,-17.346249,-0.059001,-0.294375,0.041625,0.414142,-0.598401,0.093306,3.141548,-0.000038,0.000057
4.388594,-3.210034,-0.444946,-17.346249,-0.059001,-0.294375,0.041625,0.414166,-0.598313,0.093299,3.141557,-0.000028,0.000062
4.392592,-3.210035,-0.444943,-17.346249,-0.059001,-0.294375,0.041625,0.414193,-0.598228,0.093298,3.141555,-0.000030,0.000060
4.396591,-3.210035,-0.444943,-17.346249,-0.059001,-0.294375,0.041625,0.414193,-0.598228,0.093298,3.141555,-0.000030,0.000060
4.400571,-3.210034,-0.444945,-17.346249,-0.059001,-0.294375,0.041625,0.414218,-0.598141,0.093295,3.141557,-0.000028,0.000058
4.404579,-3.210029,-0.444957,-17.346249,-0.059001,-0.294375,0.041625,0.414270,-0.597965,0.093289,3.141564,-0.000020,0.000053
4.408584,-3.210029,-0.444957,-17.346249,-0.059001,-0.294375,0.041625,0.414270,-0.597965,0.093289,3.141564,-0.000020,0.000053
4.412589,-3.210027,-0.444960,-17.346249,-0.059001,-0.294375,0.041625,0.414295,-0.597879,0.093286,3.141566,-0.000018,0.000017
4.416600,-3.210026,-0.444963,-17.346250,-0.059000,-0.294375,0.041625,0.414329,-0.597769,0.093283,3.141568,-0.000017,0.000047
4.420592,-3.070031,-0.684951,-16.936249,-0.046001,-0.286375,0.043625,0.414382,-0.597598,0.093285,3.141560,-0.000024,0.000030
4.424592,-3.070031,-0.684951,-16.936249,-0.046001,-0.286375,0.043625,0.414410,-0.597510,0.093283,3.141563,-0.000022,0.000026
4.428590,-3.070030,-0.684955,-16.936249,-0.046001,-0.286375,0.043625,0.414410,-0.597510,0.093283,3.141563,-0.000022,0.000026
4.432600,-3.070033,-0.684947,-16.936249,-0.046001,-0.286375,0.043625,0.414437,-0.597425,0.093285,3.141558,-0.000027,0.000017
4.436591,-3.070034,-0.684945,-16.936249,-0.046001,-0.286375,0.043625,0.414492,-0.597252,0.093289,3.141557,-0.000028,0.000012
4.440593,-3.070032,-0.684950,-16.936249,-0.046001,-0.286375,0.043625,0.414517,-0.597165,0.093288,3.141560,-0.000025,0.000010
4.444552,-3.070032,-0.684950,-16.936249,-0.046001,-0.286375,0.043625,0.414517,-0.597165,0.093288,3.141560,-0.000025,0.000010
4.448589,-3.070027,-0.684960,-16.936250,-0.046001,-0.286375,0.043625,0.414541,-0.597078,0.093285,3.141566,-0.000018,0.000008
4.452594,-3.070025,-0.684965,-16.936250,-0.046000,-0.286375,0.043625,0.414568,-0.596989,0.093284,3.141569,-0.000015,0.000011
4.456590,-3.070023,-0.684970,-16.936250,-0.046000,-0.286375,0.043625,0.414593,-0.596902,0.093284,3.141572,-0.000012,0.000016
4.460589,-3.020024,-0.724968,-16.896249,-0.044000,-0.284375,0.043625,0.414618,-0.596815,0.093284,3.141571,-0.000013,0.000021
4.464565,-2.850025,-0.654966,-16.676250,-0.042000,-0.279375,0.040625,0.414648,-0.596729,0.093284,3.141570,-0.000014,0.000030
4.468589,-2.850029,-0.654958,-16.676249,-0.042001,-0.279375,0.040625,0.414674,-0.596643,0.093287,3.141565,-0.000020,0.000035
4.472590,-2.850032,-0.654950,-16.676249,-0.042001,-0.279375,0.040625,0.414703,-0.596556,0.093289,3.141559,-0.000025,0.000044
4.476590,-2.850033,-0.654948,-16.676249,-0.042001,-0.279375,0.040625,0.414730,-0.596472,0.093290,3.141558,-0.000027,0.000056
4.480591,-2.850034,-0.654944,-16.676249,-0.042001,-0.279375,0.040625,0.414765,-0.596363,0.093289,3.141556,-0.000029,0.000072
4.484599,-2.850035,-0.654944,-16.676249,-0.042001,-0.279375,0.040625,0.414785,-0.596299,0.093290,3.141556,-0.000029,0.000077
4.488591,-2.850036,-0.654940,-16.676249,-0.042001,-0.279375,0.040625,0.414811,-0.596213,0.093289,3.141554,-0.000032,0.000082
4.492562,-2.850029,-0.654957,-16.676249,-0.042001,-0.279375,0.040625,0.414835,-0.596125,0.093285,3.141564,-0.000020,0.000094
4.496590,-2.850027,-0.654962,-16.676249,-0.042000,-0.279375,0.040625,0.414859,-0.596038,0.093285,3.141568,-0.000017,0.000099
4.500589,-2.820022,-0.554972,-16.356249,-0.043000,-0.276375,0.038625,0.414886,-0.595949,0.093281,3.141574,-0.000010,0.000095
4.504592,-2.750018,-0.504982,-16.026249,-0.043000,-0.270375,0.036625,0.414911,-0.595862,0.093277,3.141580,-0.000004,0.000100
4.508588,-2.750018,-0.504981,-16.026249,-0.043000,-0.270375,0.036625,0.414936,-0.595776,0.093279,3.141580,-0.000004,0.000091
4.512592,-2.750017,-0.504985,-16.026250,-0.043000,-0.270375,0.036625,0.414964,-0.595688,0.093277,3.141582,-0.000001,0.000087
4.516589,-2.750021,-0.504976,-16.026249,-0.043000,-0.270375,0.036625,0.414992,-0.595604,0.093279,3.141576,-0.000008,0.000086
4.520590,-2.750008,-0.505005,-16.026250,-0.043000,-0.270375,0.036625,0.415010,-0.595507,0.093262,-3.141591,0.000012,0.000055
4.524589,-2.750022,-0.504974,-16.026249,-0.043000,-0.270375,0.036625,0.415038,-0.595424,0.093282,3.141575,-0.000009,0.000046
4.528591,-2.750017,-0.504984,-16.026249,-0.043000,-0.270375,0.036625,0.415081,-0.595327,0.093279,3.141581,-0.000002,0.000058
4.532590,-2.750020,-0.504977,-16.026249,-0.043000,-0.270375,0.036625,0.415110,-0.595241,0.093282,3.141577,-0.000007,0.000054
4.536591,-2.750013,-0.504994,-16.026250,-0.043000,-0.270375,0.036625,0.415132,-0.595156,0.093277,3.141587,0.000004,0.000034
4.540590,-2.490009,-0.485004,-15.286250,-0.044000,-0.252375,0.034625,0.415159,-0.595071,0.093274,-3.141591,0.000011,0.000032
4.544589,-2.480007,-0.495007,-15.256251,-0.044000,-0.251375,0.034625,0.415182,-0.594988,0.093271,-3.141589,0.000013,0.000019
4.548559,-2.480008,-0.495007,-15.256251,-0.044000,-0.251375,0.034625,0.415210,-0.594904,0.093273,-3.141590,0.000013,0.000018
4.552589,-2.480008,-0.495007,-15.256251,-0.044000,-0.251375,0.034625,0.415210,-0.594904,0.093273,-3.141590,0.000013,0.000018
4.556590,-2.480004,-0.495016,-15.256251,-0.044000,-0.251375,0.034625,0.415259,-0.594740,0.093271,-3.141584,0.000019,0.000018
4.560589,-2.480002,-0.495019,-15.256251,-0.044000,-0.251375,0.034625,0.415285,-0.594659,0.093268,-3.141582,0.000021,0.000019
4.564592,-2.480006,-0.495011,-15.256251,-0.044000,-0.251375,0.034625,0.415312,-0.594578,0.093270,-3.141587,0.000016,0.000019
4.568588,-2.480012,-0.494996,-15.256250,-0.044000,-0.251375,0.034625,0.415342,-0.594497,0.093274,3.141589,0.000006,0.000031
4.572590,-2.480013,-0.494995,-15.256250,-0.044000,-0.251375,0.034625,0.415368,-0.594416,0.093275,3.141588,0.000005,0.000038
4.576558,-2.480016,-0.494986,-15.256250,-0.044000,-0.251375,0.034625,0.415395,-0.594336,0.093276,3.141583,-0.000001,0.000052
4.580589,-2.680020,-0.484977,-14.886250,-0.049000,-0.251375,0.035625,0.415421,-0.594256,0.093278,3.141577,-0.000007,0.000059
4.584589,-2.680021,-0.484975,-14.886250,-0.049000,-0.251375,0.035625,0.415449,-0.594172,0.093277,3.141575,-0.000009,0.000071
4.588595,-2.680025,-0.484967,-14.886250,-0.049000,-0.251375,0.035625,0.415474,-0.594090,0.093280,3.141570,-0.000014,0.000085
4.592589,-2.680026,-0.484964,-14.886250,-0.049000,-0.251375,0.035625,0.415499,-0.594009,0.093279,3.141569,-0.000016,0.000085
4.596596,-2.680024,-0.484967,-14.886250,-0.049000,-0.251375,0.035625,0.415523,-0.593926,0.093277,3.141571,-0.000014,0.000086
4.600590,-2.680025,-0.484967,-14.886250,-0.049000,-0.251375,0.035625,0.415550,-0.593842,0.093279,3.141570,-0.000014,0.000097
4.604590,-2.680029,-0.484957,-14.886249,-0.049001,-0.251375,0.035625,0.415576,-0.593760,0.093279,3.141564,-0.000021,0.000098
4.608589,-2.680024,-0.484968,-14.886250,-0.049000,-0.251375,0.035625,0.415600,-0.593678,0.093277,3.141571,-0.000013,0.000098
4.612590,-2.680025,-0.484966,-14.886250,-0.049000,-0.251375,0.035625,0.415625,-0.593596,0.093277,3.141570,-0.000015,0.000092
4.616589,-2.680025,-0.484966,-14.886250,-0.049000,-0.251375,0.035625,0.415625,-0.593596,0.093277,3.141570,-0.000015,0.000092
4.620587,-2.680028,-0.484958,-14.886249,-0.049001,-0.251375,0.035625,0.415679,-0.593433,0.093282,3.141565,-0.000020,0.000050
4.624590,-2.670025,-0.424966,-14.836249,-0.048000,-0.249375,0.034625,0.415710,-0.593330,0.093277,3.141570,-0.000014,0.000071
4.628594,-2.670025,-0.424965,-14.836249,-0.048000,-0.249375,0.034625,0.415723,-0.593258,0.093278,3.141569,-0.000015,0.000042
4.632591,-2.670023,-0.424970,-14.836249,-0.048000,-0.249375,0.034625,0.415763,-0.593165,0.093277,3.141572,-0.000012,0.000063
4.636589,-2.670022,-0.424974,-14.836250,-0.048000,-0.249375,0.034625,0.415787,-0.593083,0.093276,3.141575,-0.000009,0.000043
4.640589,-2.670017,-0.424984,-14.836250,-0.048000,-0.249375,0.034625,0.415810,-0.592999,0.093272,3.141582,-0.000002,0.000037
4.644549,-2.670013,-0.424994,-14.836250,-0.048000,-0.249375,0.034625,0.415834,-0.592917,0.093268,3.141587,0.000004,-0.000003
4.648562,-2.670009,-0.425004,-14.836250,-0.048000,-0.249375,0.034625,0.415857,-0.592833,0.093265,-3.141591,0.000011,0.000018
4.652587,-2.670009,-0.425004,-14.836250,-0.048000,-0.249375,0.034625,0.415857,-0.592833,0.093265,-3.141591,0.000011,0.000018
4.656594,-2.670009,-0.425004,-14.836250,-0.048000,-0.249375,0.034625,0.415857,-0.592833,0.093265,-3.141591,0.000011,0.000018
4.660590,-2.670012,-0.424995,-14.836250,-0.048000,-0.249375,0.034625,0.415883,-0.592753,0.093266,3.141589,0.000005,0.000005
4.664590,-2.820003,-0.495018,-14.706251,-0.041000,-0.257375,0.035625,0.415959,-0.592505,0.093264,-3.141583,0.000020,-0.000003
4.668593,-2.820007,-0.495009,-14.706250,-0.041000,-0.257375,0.035625,0.415985,-0.592424,0.093265,-3.141588,0.000015,-0.000003
4.672591,-2.820007,-0.495008,-14.706250,-0.041000,-0.257375,0.035625,0.416016,-0.592322,0.093267,-3.141589,0.000014,-0.000002
4.676591,-2.820010,-0.495000,-14.706250,-0.041000,-0.257375,0.035625,0.416036,-0.592262,0.093269,3.141591,0.000008,0.000005
4.680590,-2.820012,-0.494996,-14.706250,-0.041000,-0.257375,0.035625,0.416067,-0.592160,0.093268,3.141589,0.000006,0.000012
4.684590,-2.820013,-0.494994,-14.706250,-0.041000,-0.257375,0.035625,0.416088,-0.592096,0.093268,3.141588,0.000005,0.000024
4.688575,-2.820017,-0.494984,-14.706250,-0.041000,-0.257375,0.035625,0.416110,-0.592017,0.093268,3.141581,-0.000002,0.000033
4.692589,-2.820018,-0.494982,-14.706250,-0.041000,-0.257375,0.035625,0.416134,-0.591934,0.093268,3.141580,-0.000003,0.000041
4.696589,-2.830025,-0.504966,-14.706249,-0.041000,-0.258375,0.035625,0.416160,-0.591854,0.093271,3.141570,-0.000014,0.000048
4.700589,-2.760027,-0.544961,-14.996249,-0.041000,-0.260375,0.035625,0.416185,-0.591772,0.093268,3.141567,-0.000018,0.000055
4.704590,-2.760033,-0.544945,-14.996249,-0.041001,-0.260375,0.035625,0.416217,-0.591671,0.093271,3.141557,-0.000028,0.000055
4.708632,-2.760025,-0.544966,-14.996249,-0.041000,-0.260375,0.035625,0.416225,-0.591600,0.093253,3.141570,-0.000014,0.000036
4.712592,-2.760025,-0.544966,-14.996249,-0.041000,-0.260375,0.035625,0.416267,-0.591508,0.093268,3.141553,-0.000033,0.000063
4.716589,-2.760038,-0.544935,-14.996248,-0.041001,-0.260375,0.035625,0.416292,-0.591428,0.093267,3.141550,-0.000035,0.000057
4.720588,-2.760039,-0.544931,-14.996248,-0.041001,-0.260375,0.035625,0.416318,-0.591347,0.093265,3.141548,-0.000038,0.000057
4.724581,-2.760039,-0.544933,-14.996248,-0.041001,-0.260375,0.035625,0.416342,-0.591265,0.093262,3.141549,-0.000037,0.000058
4.728595,-2.760037,-0.544938,-14.996248,-0.041001,-0.260375,0.035625,0.416366,-0.591182,0.093260,3.141552,-0.000034,0.000058
4.732595,-2.760037,-0.544938,-14.996248,-0.041001,-0.260375,0.035625,0.416366,-0.591182,0.093260,3.141552,-0.000034,0.000058
4.736590,-2.610037,-0.554937,-15.426249,-0.039001,-0.260375,0.035625,0.416420,-0.591015,0.093256,3.141552,-0.000034,0.000048
4.740589,-2.610030,-0.554953,-15.426249,-0.039001,-0.260375,0.035625,0.416444,-0.590928,0.093251,3.141562,-0.000023,0.000039
4.744595,-2.610028,-0.554959,-15.426249,-0.039001,-0.260375,0.035625,0.416472,-0.590841,0.093251,3.141565,-0.000019,0.000029
4.748595,-2.610024,-0.554969,-15.426250,-0.039000,-0.260375,0.035625,0.416497,-0.590755,0.093247,3.141572,-0.000012,0.000020
4.752590,-2.610024,-0.554969,-15.426250,-0.039000,-0.260375,0.035625,0.416497,-0.590755,0.093247,3.141572,-0.000012,0.000020
4.756590,-2.610019,-0.554980,-15.426250,-0.039000,-0.260375,0.035625,0.416521,-0.590669,0.093245,3.141579,-0.000005,0.000005
4.760589,-2.610012,-0.554997,-15.426250,-0.039000,-0.260375,0.035625,0.416573,-0.590495,0.093243,3.141590,0.000007,-0.000014
4.764592,-2.610012,-0.554998,-15.426250,-0.039000,-0.260375,0.035625,0.416601,-0.590408,0.093246,3.141590,0.000007,-0.000012
4.768586,-2.610012,-0.554996,-15.426250,-0.039000,-0.260375,0.035625,0.416627,-0.590323,0.093247,3.141589,0.000006,-0.000020
4.772592,-2.610015,-0.554989,-15.426250,-0.039000,-0.260375,0.035625,0.416655,-0.590237,0.093250,3.141585,0.000001,-0.000018
4.776595,-2.610013,-0.554995,-15.426250,-0.039000,-0.260375,0.035625,0.416681,-0.590152,0.093250,3.141588,0.000005,-0.000013
4.780590,-2.690014,-0.504993,-15.986250,-0.048000,-0.266375,0.036625,0.416706,-0.590067,0.093251,3.141587,0.000004,-0.000008
4.784589,-2.690019,-0.504979,-15.986249,-0.048000,-0.266375,0.036625,0.416735,-0.589981,0.093255,3.141578,-0.000006,0.000009
4.788589,-2.690019,-0.504979,-15.986249,-0.048000,-0.266375,0.036625,0.416735,-0.589981,0.093255,3.141578,-0.000006,0.000009
4.792592,-2.690026,-0.504963,-15.986249,-0.048000,-0.266375,0.036625,0.416787,-0.589812,0.093260,3.141568,-0.000017,0.000018
4.796589,-2.690026,-0.504963,-15.986249,-0.048000,-0.266375,0.036625,0.416787,-0.589812,0.093260,3.141568,-0.000017,0.000018
4.800589,-2.690027,-0.504961,-15.986249,-0.048001,-0.266375,0.036625,0.416805,-0.589715,0.093262,3.141567,-0.000018,0.000001
4.804589,-2.690021,-0.504974,-15.986249,-0.048000,-0.266375,0.036625,0.416830,-0.589630,0.093244,3.141575,-0.000009,0.000006
4.808591,-2.690021,-0.504974,-15.986249,-0.048000,-0.266375,0.036625,0.416830,-0.589630,0.093244,3.141575,-0.000009,0.000006
4.812595,-2.690037,-0.504937,-15.986248,-0.048001,-0.266375,0.036625,0.416900,-0.589448,0.093261,3.141552,-0.000034,0.000047
4.816592,-2.770044,-0.454920,-16.506248,-0.055001,-0.272375,0.037625,0.416927,-0.589364,0.093263,3.141542,-0.000045,0.000052
4.820588,-2.770043,-0.454922,-16.506248,-0.055001,-0.272375,0.037625,0.416954,-0.589276,0.093258,3.141543,-0.000044,0.000062
4.824598,-2.770039,-0.454931,-16.506249,-0.055001,-0.272375,0.037625,0.416978,-0.589189,0.093254,3.141548,-0.000038,0.000060
4.828593,-2.770041,-0.454927,-16.506248,-0.055001,-0.272375,0.037625,0.417003,-0.589105,0.093252,3.141545,-0.000041,0.000065
4.832592,-2.770048,-0.454909,-16.506248,-0.055001,-0.272376,0.037625,0.417060,-0.588936,0.093255,3.141534,-0.000053,0.000066
4.836593,-2.770045,-0.454917,-16.506248,-0.055001,-0.272375,0.037625,0.417085,-0.588851,0.093249,3.141539,-0.000048,0.000071
4.840565,-2.770045,-0.454917,-16.506248,-0.055001,-0.272375,0.037625,0.417085,-0.588851,0.093249,3.141539,-0.000048,0.000071
4.844591,-2.770046,-0.454915,-16.506248,-0.055001,-0.272375,0.037625,0.417110,-0.588770,0.093250,3.141538,-0.000049,0.000065
4.848600,-2.770042,-0.454925,-16.506248,-0.055001,-0.272375,0.037625,0.417136,-0.588685,0.093245,3.141544,-0.000042,0.000056
4.852562,-2.770040,-0.454929,-16.506248,-0.055001,-0.272375,0.037625,0.417162,-0.588601,0.093244,3.141547,-0.000039,0.000054
4.856590,-2.770035,-0.454941,-16.506249,-0.055001,-0.272375,0.037625,0.417187,-0.588516,0.093242,3.141555,-0.000031,0.000046
4.860594,-2.770033,-0.454946,-16.506249,-0.055001,-0.272375,0.037625,0.417211,-0.588434,0.093241,3.141557,-0.000028,0.000033
4.864591,-2.880026,-0.484963,-16.466249,-0.057000,-0.275375,0.038625,0.417235,-0.588348,0.093237,3.141568,-0.000016,0.000024
4.868585,-2.880021,-0.484975,-16.466250,-0.057000,-0.275375,0.038625,0.417260,-0.588263,0.093236,3.141576,-0.000008,0.000016
4.872590,-2.880018,-0.484981,-16.466250,-0.057000,-0.275375,0.038625,0.417287,-0.588180,0.093236,3.141580,-0.000004,0.000014
4.876590,-2.880026,-0.484964,-16.466249,-0.057000,-0.275375,0.038625,0.417312,-0.588099,0.093237,3.141569,-0.000016,-0.000013
4.880589,-2.880011,-0.484999,-16.466250,-0.057000,-0.275375,0.038625,0.417337,-0.588014,0.093234,3.141591,0.000008,0.000013
4.884588,-2.880011,-0.484999,-16.466250,-0.057000,-0.275375,0.038625,0.417370,-0.587910,0.093237,3.141591,0.000008,0.000011
4.888589,-2.880013,-0.484994,-16.466250,-0.057000,-0.275375,0.038625,0.417391,-0.587848,0.093242,3.141587,0.000004,0.000023
4.892589,-2.880016,-0.484987,-16.466250,-0.057000,-0.275375,0.038625,0.417419,-0.587765,0.093246,3.141583,-0.000000,0.000027
4.896589,-2.880011,-0.484999,-16.466250,-0.057000,-0.275375,0.038625,0.417444,-0.587680,0.093244,3.141591,0.000008,0.000032
4.900589,-2.820009,-0.615005,-17.146250,-0.051000,-0.281375,0.039625,0.417469,-0.587595,0.093244,-3.141591,0.000012,0.000037
4.904589,-2.820012,-0.614997,-17.146250,-0.051000,-0.281375,0.039625,0.417496,-0.587511,0.093247,3.141589,0.000006,0.000042
4.908589,-2.820000,-0.615026,-17.146250,-0.051000,-0.281375,0.039625,0.417507,-0.587418,0.093231,-3.141578,0.000026,0.000023
4.912589,-2.820013,-0.614995,-17.146250,-0.051000,-0.281375,0.039625,0.417544,-0.587344,0.093250,3.141588,0.000005,0.000054
4.916589,-2.820013,-0.614993,-17.146250,-0.051000,-0.281375,0.039625,0.417569,-0.587259,0.093250,3.141587,0.000004,0.000066
4.920589,-2.820017,-0.614985,-17.146249,-0.051000,-0.281375,0.039625,0.417596,-0.587176,0.093253,3.141582,-0.000002,0.000064
4.924589,-2.820025,-0.614964,-17.146249,-0.051000,-0.281375,0.039625,0.417624,-0.587094,0.093258,3.141569,-0.000016,0.000069
4.928607,-2.820021,-0.614974,-17.146249,-0.051000,-0.281375,0.039625,0.417641,-0.587002,0.093247,3.141575,-0.000009,0.000047
4.932587,-2.820037,-0.614936,-17.146248,-0.051001,-0.281375,0.039625,0.417667,-0.586922,0.093267,3.141552,-0.000035,0.000048
4.936589,-2.820040,-0.614927,-17.146248,-0.051001,-0.281375,0.039625,0.417711,-0.586828,0.093269,3.141546,-0.000041,0.000073
4.940589,-2.980046,-0.554915,-17.396247,-0.053001,-0.291375,0.039625,0.417739,-0.586747,0.093275,3.141539,-0.000049,0.000078
4.944589,-2.980047,-0.554912,-17.376248,-0.053001,-0.291376,0.039625,0.417763,-0.586665,0.093275,3.141537,-0.000051,0.000072
4.948590,-2.980050,-0.554904,-17.376248,-0.053001,-0.291376,0.039625,0.417790,-0.586582,0.093276,3.141531,-0.000057,0.000077
4.952589,-2.980043,-0.554921,-17.376248,-0.053001,-0.291375,0.039625,0.417813,-0.586499,0.093271,3.141542,-0.000045,0.000070
4.956589,-2.980043,-0.554923,-17.376248,-0.053001,-0.291375,0.039625,0.417836,-0.586417,0.093268,3.141543,-0.000044,0.000064
4.960594,-2.980039,-0.554932,-17.376248,-0.053001,-0.291375,0.039625,0.417861,-0.586333,0.093263,3.141549,-0.000038,0.000069
4.964590,-2.980037,-0.554937,-17.376249,-0.053001,-0.291375,0.039625,0.417884,-0.586250,0.093262,3.141552,-0.000035,0.000063
4.968586,-2.980035,-0.554940,-17.376249,-0.053001,-0.291375,0.039625,0.417911,-0.586167,0.093260,3.141554,-0.000032,0.000061
4.972591,-2.980031,-0.554951,-17.376249,-0.053001,-0.291375,0.039625,0.417934,-0.586085,0.093257,3.141561,-0.000025,0.000048
4.976587,-2.980027,-0.554962,-17.376249,-0.053000,-0.291375,0.039625,0.417961,-0.586001,0.093254,3.141568,-0.000017,0.000053
4.980590,-2.790026,-0.664962,-16.796249,-0.045000,-0.280375,0.038625,0.417986,-0.585921,0.093257,3.141568,-0.000017,0.000040
4.984595,-2.790021,-0.664974,-16.796250,-0.045000,-0.280375,0.038625,0.418010,-0.585840,0.093255,3.141575,-0.000009,0.000040
4.988590,-2.790021,-0.664974,-16.796250,-0.045000,-0.280375,0.038625,0.418038,-0.585758,0.093258,3.141575,-0.000009,0.000045
4.992588,-2.790016,-0.664987,-16.796250,-0.045000,-0.280375,0.038625,0.418061,-0.585676,0.093257,3.141584,0.000000,0.000046
4.996590,-2.790011,-0.664998,-16.796250,-0.045000,-0.280375,0.038625,0.418087,-0.585592,0.093254,3.141590,0.000007,0.000057
5.000594,-2.790006,-0.665012,-16.796251,-0.045000,-0.280375,0.038625,0.418111,-0.585510,0.093254,-3.141587,0.000016,0.000051
5.004589,-2.790003,-0.665017,-16.796251,-0.045000,-0.280375,0.038625,0.418137,-0.585427,0.093254,-3.141583,0.000020,0.000056
5.008551,-2.790000,-0.665024,-16.796251,-0.045000,-0.280375,0.038625,0.418159,-0.585344,0.093256,-3.141579,0.000025,0.000057
5.012594,-2.789996,-0.665036,-16.796251,-0.045000,-0.280375,0.038625,0.418184,-0.585260,0.093254,-3.141571,0.000033,0.000061
5.016590,-2.799991,-0.625048,-16.396251,-0.047999,-0.274375,0.037625,0.418207,-0.585177,0.093252,-3.141564,0.000041,0.000069
5.020589,-2.799991,-0.625048,-16.396251,-0.047999,-0.274375,0.037625,0.418232,-0.585093,0.093254,-3.141564,0.000041,0.000074
5.024589,-2.799994,-0.625041,-16.396251,-0.048000,-0.274375,0.037625,0.418256,-0.585012,0.093258,-3.141568,0.000037,0.000067
5.028589,-2.799994,-0.625040,-16.396251,-0.048000,-0.274375,0.037625,0.418283,-0.584929,0.093259,-3.141569,0.000036,0.000072
5.032589,-2.799997,-0.625034,-16.396251,-0.048000,-0.274375,0.037625,0.418307,-0.584848,0.093263,-3.141573,0.000031,0.000066
5.036591,-2.799999,-0.625028,-16.396251,-0.048000,-0.274375,0.037625,0.418334,-0.584765,0.093267,-3.141577,0.000027,0.000071
5.040589,-2.800007,-0.625008,-16.396250,-0.048000,-0.274375,0.037625,0.418363,-0.584684,0.093274,-3.141589,0.000014,0.000069
5.044553,-2.800016,-0.624987,-16.396249,-0.048000,-0.274375,0.037625,0.418388,-0.584604,0.093280,3.141583,-0.000000,0.000070
5.048588,-2.800016,-0.624986,-16.396249,-0.048000,-0.274375,0.037625,0.418415,-0.584521,0.093281,3.141583,-0.000001,0.000075
5.052556,-2.800019,-0.624978,-16.396249,-0.048000,-0.274375,0.037625,0.418438,-0.584439,0.093283,3.141578,-0.000006,0.000068
5.056592,-2.800023,-0.624968,-16.396249,-0.048000,-0.274375,0.037625,0.418453,-0.584349,0.093284,3.141572,-0.000013,0.000035
5.060590,-2.800022,-0.624971,-16.396249,-0.048000,-0.274375,0.037625,0.418477,-0.584264,0.093282,3.141574,-0.000011,0.000033
5.064589,-2.770026,-0.464963,-16.186250,-0.058000,-0.266375,0.036625,0.418520,-0.584170,0.093283,3.141568,-0.000017,0.000065
5.068583,-2.770024,-0.464967,-16.186250,-0.058000,-0.266375,0.036625,0.418545,-0.584086,0.093282,3.141571,-0.000014,0.000063
5.072590,-2.770024,-0.464966,-16.186250,-0.058000,-0.266375,0.036625,0.418569,-0.584004,0.093283,3.141570,-0.000015,0.000057
5.076589,-2.770025,-0.464965,-16.186250,-0.058000,-0.266375,0.036625,0.418595,-0.583921,0.093284,3.141569,-0.000015,0.000055
5.080589,-2.770024,-0.464968,-16.186250,-0.058000,-0.266375,0.036625,0.418619,-0.583840,0.093282,3.141572,-0.000013,0.000049
5.084589,-2.770022,-0.464972,-16.186250,-0.058000,-0.266375,0.036625,0.418645,-0.583757,0.093280,3.141574,-0.000011,0.000047
5.088590,-2.770020,-0.464977,-16.186250,-0.058000,-0.266375,0.036625,0.418669,-0.583676,0.093279,3.141577,-0.000007,0.000048
5.092589,-2.770018,-0.464983,-16.186250,-0.058000,-0.266375,0.036625,0.418695,-0.583593,0.093279,3.141581,-0.000003,0.000046
5.096589,-2.630013,-0.474993,-15.186251,-0.049000,-0.251375,0.034625,0.418718,-0.583511,0.093276,3.141587,0.000004,0.000040
5.100597,-2.630007,-0.475010,-15.186251,-0.049000,-0.251375,0.034625,0.418743,-0.583426,0.093271,-3.141588,0.000015,0.000045
5.104590,-2.630000,-0.475027,-15.186251,-0.049000,-0.251375,0.034625,0.418764,-0.583343,0.093267,-3.141577,0.000027,0.000038
5.108555,-2.629994,-0.475040,-15.186252,-0.049000,-0.251375,0.034625,0.418790,-0.583259,0.093266,-3.141569,0.000036,0.000043
5.112592,-2.629990,-0.475051,-15.186252,-0.048999,-0.251375,0.034625,0.418813,-0.583177,0.093263,-3.141562,0.000043,0.000044
5.116594,-2.629988,-0.475057,-15.186252,-0.048999,-0.251375,0.034625,0.418838,-0.583093,0.093264,-3.141559,0.000047,0.000049
5.120589,-2.629983,-0.475069,-15.186253,-0.048999,-0.251375,0.034625,0.418863,-0.583009,0.093262,-3.141551,0.000055,0.000047
5.124591,-2.629983,-0.475069,-15.186253,-0.048999,-0.251375,0.034625,0.418887,-0.582928,0.093264,-3.141551,0.000055,0.000041
5.128590,-2.629982,-0.475070,-15.186253,-0.048999,-0.251375,0.034625,0.418913,-0.582845,0.093268,-3.141551,0.000056,0.000039
5.132548,-2.629980,-0.475075,-15.186253,-0.048999,-0.251375,0.034625,0.418938,-0.582760,0.093267,-3.141548,0.000059,0.000037
5.136590,-2.549982,-0.525071,-14.586252,-0.042999,-0.245375,0.033625,0.418964,-0.582677,0.093273,-3.141550,0.000057,0.000029
5.140590,-2.549982,-0.525070,-14.586252,-0.042999,-0.245375,0.033625,0.418992,-0.582591,0.093275,-3.141551,0.000056,0.000031
5.144591,-2.549984,-0.525065,-14.586252,-0.042999,-0.245375,0.033625,0.419020,-0.582505,0.093280,-3.141554,0.000053,0.000034
5.148561,-2.549989,-0.525053,-14.586252,-0.042999,-0.245375,0.033625,0.419047,-0.582419,0.093287,-3.141561,0.000045,0.000030
5.152591,-2.549994,-0.525041,-14.586251,-0.043000,-0.245375,0.033625,0.419075,-0.582333,0.093293,-3.141569,0.000036,0.000026
5.156543,-2.549994,-0.525041,-14.586251,-0.043000,-0.245375,0.033625,0.419102,-0.582246,0.093296,-3.141568,0.000037,0.000029
5.160598,-2.549994,-0.525041,-14.586251,-0.043000,-0.245375,0.033625,0.419102,-0.582246,0.093296,-3.141568,0.000037,0.000029
5.164637,-2.550002,-0.525022,-14.586251,-0.043000,-0.245375,0.033625,0.419154,-0.582076,0.093306,-3.141580,0.000023,0.000016
5.168594,-2.550002,-0.525020,-14.586251,-0.043000,-0.245375,0.033625,0.419180,-0.581989,0.093306,-3.141582,0.000022,0.000012
5.172623,-2.550002,-0.525021,-14.586251,-0.043000,-0.245375,0.033625,0.419207,-0.581902,0.093309,-3.141581,0.000023,0.000015
5.176530,-2.550006,-0.525011,-14.586251,-0.043000,-0.245375,0.033625,0.419224,-0.581806,0.093310,-3.141587,0.000016,-0.000016
5.180618,-2.450000,-0.445027,-14.456251,-0.042000,-0.242375,0.030625,0.419251,-0.581720,0.093297,-3.141577,0.000027,-0.000013
5.184613,-2.450018,-0.444983,-14.456250,-0.042000,-0.242375,0.030625,0.419296,-0.581624,0.093319,3.141581,-0.000003,0.000017
5.188605,-2.450021,-0.444975,-14.456250,-0.042000,-0.242375,0.030625,0.419324,-0.581539,0.093322,3.141576,-0.000008,0.000026
5.192599,-2.450024,-0.444967,-14.456249,-0.042000,-0.242375,0.030625,0.419349,-0.581455,0.093325,3.141571,-0.000014,0.000024
5.196604,-2.450025,-0.444965,-14.456249,-0.042000,-0.242375,0.030625,0.419377,-0.581369,0.093324,3.141569,-0.000016,0.000027
5.200596,-2.450028,-0.444956,-14.456249,-0.042001,-0.242375,0.030625,0.419406,-0.581284,0.093326,3.141564,-0.000021,0.000036
5.204596,-2.450030,-0.444953,-14.456249,-0.042001,-0.242375,0.030625,0.419431,-0.581200,0.093325,3.141562,-0.000023,0.000035
5.208592,-2.450025,-0.444965,-14.456249,-0.042000,-0.242375,0.030625,0.419457,-0.581114,0.093324,3.141570,-0.000015,0.000037
5.212591,-2.450023,-0.444969,-14.456249,-0.042000,-0.242375,0.030625,0.419484,-0.581027,0.093322,3.141572,-0.000012,0.000033
5.216599,-2.380021,-0.424974,-13.936250,-0.040000,-0.235375,0.029625,0.419509,-0.580943,0.093321,3.141575,-0.000009,0.000032
5.220584,-2.180016,-0.514986,-12.966250,-0.033000,-0.218375,0.028625,0.419535,-0.580856,0.093320,3.141583,-0.000001,0.000028
5.224588,-2.180013,-0.514995,-12.966250,-0.033000,-0.218375,0.028625,0.419562,-0.580769,0.093315,3.141588,0.000005,0.000024
5.228589,-2.180008,-0.515006,-12.966251,-0.033000,-0.218375,0.028625,0.419588,-0.580682,0.093312,-3.141591,0.000012,0.000020
5.232589,-2.180002,-0.515021,-12.966251,-0.033000,-0.218375,0.028625,0.419613,-0.580594,0.093306,-3.141581,0.000023,0.000016
5.236591,-2.180000,-0.515026,-12.966251,-0.033000,-0.218375,0.028625,0.419639,-0.580506,0.093306,-3.141578,0.000026,0.000012
5.240589,-2.179996,-0.515037,-12.966251,-0.033000,-0.218375,0.028625,0.419664,-0.580419,0.093302,-3.141571,0.000034,0.000014
5.244590,-2.179999,-0.515029,-12.966251,-0.033000,-0.218375,0.028625,0.419692,-0.580333,0.093305,-3.141576,0.000028,0.000004
5.248589,-2.179995,-0.515039,-12.966252,-0.033000,-0.218375,0.028625,0.419717,-0.580245,0.093302,-3.141570,0.000035,-0.000001
5.252591,-2.179995,-0.515039,-12.966252,-0.033000,-0.218375,0.028625,0.419744,-0.580159,0.093304,-3.141570,0.000035,-0.000005
5.256589,-2.179998,-0.515031,-12.966251,-0.033000,-0.218375,0.028625,0.419772,-0.580074,0.093306,-3.141575,0.000030,-0.000009
5.260590,-2.059996,-0.455037,-12.316251,-0.034000,-0.205375,0.026625,0.419798,-0.579986,0.093306,-3.141571,0.000034,-0.000006
5.264589,-2.059996,-0.455037,-12.316251,-0.034000,-0.205375,0.026625,0.419798,-0.579986,0.093306,-3.141571,0.000034,-0.000006
5.268595,-2.059999,-0.455028,-12.316251,-0.034000,-0.205375,0.026625,0.419852,-0.579810,0.093311,-3.141577,0.000028,0.000004
5.272590,-2.060002,-0.455021,-12.316251,-0.034000,-0.205375,0.026625,0.419879,-0.579724,0.093314,-3.141581,0.000023,0.000007
5.276597,-2.060002,-0.455021,-12.316251,-0.034000,-0.205375,0.026625,0.419879,-0.579724,0.093314,-3.141581,0.000023,0.000007
5.280592,-2.060006,-0.455011,-12.316251,-0.034000,-0.205375,0.026625,0.419930,-0.579549,0.093317,-3.141587,0.000016,0.000019
5.284591,-2.060007,-0.455010,-12.316251,-0.034000,-0.205375,0.026625,0.419963,-0.579439,0.093319,-3.141588,0.000015,0.000026
5.288590,-2.060009,-0.455003,-12.316250,-0.034000,-0.205375,0.026625,0.419985,-0.579373,0.093322,-3.141592,0.000010,0.000036
5.292591,-2.060015,-0.454988,-12.316250,-0.034000,-0.205375,0.026625,0.420013,-0.579288,0.093325,3.141584,0.000000,0.000045
5.296564,-2.060015,-0.454988,-12.316250,-0.034000,-0.205375,0.026625,0.420013,-0.579288,0.093325,3.141584,0.000000,0.000045
5.300590,-2.220021,-0.354975,-12.336250,-0.043000,-0.209375,0.027625,0.420040,-0.579202,0.093331,3.141576,-0.000008,0.000055
5.304555,-2.220024,-0.354966,-12.336249,-0.043000,-0.209375,0.027625,0.420058,-0.579108,0.093333,3.141571,-0.000014,0.000030
5.308563,-2.220028,-0.354957,-12.336249,-0.043001,-0.209375,0.027625,0.420084,-0.579021,0.093334,3.141565,-0.000021,0.000033
5.312591,-2.220031,-0.354949,-12.336249,-0.043001,-0.209375,0.027625,0.420127,-0.578924,0.093337,3.141560,-0.000026,0.000063
5.316591,-2.220032,-0.354947,-12.336249,-0.043001,-0.209375,0.027625,0.420153,-0.578837,0.093338,3.141559,-0.000027,0.000059
5.320591,-2.220030,-0.354951,-12.336249,-0.043001,-0.209375,0.027625,0.420178,-0.578750,0.093335,3.141561,-0.000025,0.000055
5.324559,-2.220021,-0.354975,-12.336250,-0.043000,-0.209375,0.027625,0.420227,-0.578573,0.093324,3.141576,-0.000009,0.000040
5.328545,-2.220017,-0.354985,-12.336250,-0.043000,-0.209375,0.027625,0.420252,-0.578485,0.093321,3.141582,-0.000001,0.000036
5.332561,-2.220013,-0.354993,-12.336250,-0.043000,-0.209375,0.027625,0.420278,-0.578398,0.093315,3.141587,0.000004,0.000032
5.336551,-2.220007,-0.355010,-12.336251,-0.043000,-0.209375,0.027625,0.420306,-0.578309,0.093310,-3.141588,0.000015,0.000033
5.340574,-2.220007,-0.355010,-12.336251,-0.043000,-0.209375,0.027625,0.420306,-0.578309,0.093310,-3.141588,0.000015,0.000033
5.344552,-2.030007,-0.415008,-11.686250,-0.036000,-0.195375,0.025625,0.420361,-0.578138,0.093305,-3.141589,0.000014,0.000018
5.348554,-2.030007,-0.415008,-11.686250,-0.036000,-0.195375,0.025625,0.420361,-0.578138,0.093305,-3.141589,0.000014,0.000018
5.352551,-2.030004,-0.415015,-11.686251,-0.036000,-0.195375,0.025625,0.420419,-0.577965,0.093300,-3.141585,0.000019,0.000014
5.356556,-2.030006,-0.415013,-11.686251,-0.036000,-0.195375,0.025625,0.420446,-0.577879,0.093300,-3.141586,0.000017,0.000010
5.360580,-2.030006,-0.415013,-11.686251,-0.036000,-0.195375,0.025625,0.420446,-0.577879,0.093300,-3.141586,0.000017,0.000010
5.364557,-2.030002,-0.415022,-11.686251,-0.036000,-0.195375,0.025625,0.420472,-0.577793,0.093296,-3.141581,0.000024,0.000006
5.368571,-2.030003,-0.415019,-11.686251,-0.036000,-0.195375,0.025625,0.420501,-0.577705,0.093295,-3.141582,0.000022,0.000007
5.372573,-2.030000,-0.415027,-11.686251,-0.036000,-0.195375,0.025625,0.420526,-0.577617,0.093290,-3.141577,0.000027,0.000010
5.376579,-2.029999,-0.415030,-11.686251,-0.036000,-0.195375,0.025625,0.420552,-0.577530,0.093287,-3.141576,0.000029,0.000019
5.380597,-2.019998,-0.485032,-11.566251,-0.031000,-0.195375,0.026625,0.420581,-0.577442,0.093283,-3.141574,0.000031,0.000026
5.384597,-2.019999,-0.485029,-11.566251,-0.031000,-0.195375,0.026625,0.420607,-0.577356,0.093283,-3.141576,0.000029,0.000036
5.388590,-2.020001,-0.485024,-11.566251,-0.031000,-0.195375,0.026625,0.420634,-0.577270,0.093280,-3.141579,0.000025,0.000045
5.392591,-2.020002,-0.485021,-11.566251,-0.031000,-0.195375,0.026625,0.420664,-0.577182,0.093279,-3.141581,0.000023,0.000059
5.396590,-2.020004,-0.485018,-11.566251,-0.031000,-0.195375,0.026625,0.420692,-0.577097,0.093278,-3.141583,0.000021,0.000069
5.400596,-2.020007,-0.485009,-11.566251,-0.031000,-0.195375,0.026625,0.420720,-0.577013,0.093279,-3.141589,0.000015,0.000071
5.404558,-2.020011,-0.484998,-11.566250,-0.031000,-0.195375,0.026625,0.420748,-0.576928,0.093279,3.141590,0.000007,0.000081
5.408565,-2.020013,-0.484995,-11.566250,-0.031000,-0.195375,0.026625,0.420775,-0.576842,0.093278,3.141588,0.000005,0.000084
5.412594,-2.020018,-0.484982,-11.566250,-0.031000,-0.195375,0.026625,0.420802,-0.576757,0.093276,3.141580,-0.000004,0.000086
5.416590,-2.020017,-0.484984,-11.566250,-0.031000,-0.195375,0.026625,0.420831,-0.576669,0.093272,3.141582,-0.000002,0.000087
5.420591,-1.980021,-0.484973,-12.136249,-0.033000,-0.202375,0.027625,0.420857,-0.576582,0.093271,3.141575,-0.000010,0.000090
5.424590,-1.980021,-0.484975,-12.136249,-0.033000,-0.202375,0.027625,0.420883,-0.576496,0.093267,3.141576,-0.000009,0.000086
5.428598,-1.980020,-0.484975,-12.136249,-0.033000,-0.202375,0.027625,0.420909,-0.576409,0.093262,3.141576,-0.000008,0.000075
5.432590,-1.980013,-0.484994,-12.136250,-0.033000,-0.202375,0.027625,0.420924,-0.576313,0.093243,3.141588,0.000004,0.000044
5.436590,-1.980022,-0.484971,-12.136249,-0.033000,-0.202375,0.027625,0.420952,-0.576228,0.093255,3.141574,-0.000011,0.000033
5.440591,-1.980012,-0.484997,-12.136250,-0.033000,-0.202375,0.027625,0.420978,-0.576142,0.093235,3.141590,0.000007,0.000029
5.444548,-1.980023,-0.484968,-12.136249,-0.033000,-0.202375,0.027625,0.421005,-0.576061,0.093248,3.141572,-0.000013,0.000021
5.448590,-1.980021,-0.484974,-12.136249,-0.033000,-0.202375,0.027625,0.421045,-0.575966,0.093240,3.141575,-0.000009,0.000039
5.452591,-1.980028,-0.484956,-12.136249,-0.033001,-0.202375,0.027625,0.421074,-0.575886,0.093240,3.141564,-0.000022,0.000031
5.456590,-1.980028,-0.484957,-12.136249,-0.033001,-0.202375,0.027625,0.421098,-0.575803,0.093236,3.141565,-0.000021,0.000029
5.460590,-1.960032,-0.424945,-12.356249,-0.036001,-0.202375,0.027625,0.421125,-0.575721,0.093234,3.141558,-0.000029,0.000020
5.464591,-1.960029,-0.424953,-12.356249,-0.036001,-0.202375,0.027625,0.421149,-0.575637,0.093228,3.141563,-0.000023,0.000012
5.468589,-1.960031,-0.424947,-12.356249,-0.036001,-0.202375,0.027625,0.421175,-0.575554,0.093224,3.141559,-0.000028,0.000003
5.472590,-1.960030,-0.424951,-12.356249,-0.036001,-0.202375,0.027625,0.421199,-0.575471,0.093222,3.141561,-0.000025,0.000002
5.476595,-1.960024,-0.424965,-12.356249,-0.036000,-0.202375,0.027625,0.421222,-0.575386,0.093215,3.141570,-0.000015,0.000007
5.480605,-1.960023,-0.424968,-12.356249,-0.036000,-0.202375,0.027625,0.421246,-0.575302,0.093213,3.141572,-0.000013,0.000011
5.484591,-1.960022,-0.424972,-12.356250,-0.036000,-0.202375,0.027625,0.421271,-0.575219,0.093210,3.141574,-0.000011,0.000016
5.488591,-1.960020,-0.424977,-12.356250,-0.036000,-0.202375,0.027625,0.421296,-0.575136,0.093210,3.141577,-0.000007,0.000028
5.492591,-1.960019,-0.424980,-12.356250,-0.036000,-0.202375,0.027625,0.421324,-0.575052,0.093206,3.141579,-0.000005,0.000051
5.496591,-1.960016,-0.424986,-12.356250,-0.036000,-0.202375,0.027625,0.421348,-0.574968,0.093207,3.141582,-0.000001,0.000063
5.500591,-2.080015,-0.484988,-12.766250,-0.041000,-0.206375,0.030625,0.421374,-0.574886,0.093203,3.141584,0.000000,0.000074
5.504589,-2.080016,-0.484986,-12.766250,-0.041000,-0.206375,0.030625,0.421400,-0.574804,0.093203,3.141583,-0.000001,0.000086
5.508591,-2.080017,-0.484983,-12.766250,-0.041000,-0.206375,0.030625,0.421425,-0.574721,0.093203,3.141581,-0.000003,0.000091
5.512593,-2.080014,-0.484992,-12.766250,-0.041000,-0.206375,0.030625,0.421449,-0.574638,0.093198,3.141586,0.000003,0.000096
5.516590,-2.080009,-0.485003,-12.766251,-0.041000,-0.206375,0.030625,0.421473,-0.574554,0.093195,-3.141592,0.000010,0.000094
5.520591,-2.080011,-0.484999,-12.766251,-0.041000,-0.206375,0.030625,0.421498,-0.574471,0.093194,3.141591,0.000008,0.000099
5.524590,-2.080009,-0.485005,-12.766251,-0.041000,-0.206375,0.030625,0.421522,-0.574387,0.093194,-3.141591,0.000012,0.000097
5.528590,-2.080007,-0.485008,-12.766251,-0.041000,-0.206375,0.030625,0.421546,-0.574303,0.093192,-3.141589,0.000014,0.000096
5.532592,-2.080006,-0.485012,-12.766251,-0.041000,-0.206375,0.030625,0.421570,-0.574220,0.093189,-3.141587,0.000017,0.000087
5.536591,-2.110012,-0.474997,-12.866250,-0.042000,-0.208375,0.030625,0.421597,-0.574138,0.093193,3.141590,0.000007,0.000072
5.540592,-2.320013,-0.394995,-13.346250,-0.049000,-0.219375,0.031625,0.421622,-0.574056,0.093193,3.141588,0.000005,0.000070
5.544590,-2.320009,-0.395005,-13.346251,-0.049000,-0.219375,0.031625,0.421645,-0.573975,0.093189,-3.141591,0.000012,0.000057
5.548589,-2.320010,-0.395003,-13.346251,-0.049000,-0.219375,0.031625,0.421670,-0.573893,0.093189,-3.141592,0.000010,0.000049
5.552593,-2.320010,-0.395000,-13.346251,-0.049000,-0.219375,0.031625,0.421693,-0.573812,0.093189,3.141591,0.000009,0.000029
5.556590,-2.320012,-0.394997,-13.346250,-0.049000,-0.219375,0.031625,0.421720,-0.573731,0.093188,3.141589,0.000007,0.000020
5.560591,-2.320013,-0.394995,-13.346250,-0.049000,-0.219375,0.031625,0.421745,-0.573649,0.093188,3.141588,0.000005,0.000012
5.564591,-2.320014,-0.394992,-13.346250,-0.049000,-0.219375,0.031625,0.421768,-0.573569,0.093188,3.141587,0.000003,-0.000001
5.568590,-2.320015,-0.394989,-13.346250,-0.049000,-0.219375,0.031625,0.421795,-0.573488,0.093186,3.141585,0.000001,-0.000010
5.572591,-2.320016,-0.394987,-13.346250,-0.049000,-0.219375,0.031625,0.421821,-0.573405,0.093186,3.141583,-0.000001,-0.000039
5.576592,-2.320008,-0.395007,-13.346251,-0.049000,-0.219375,0.031625,0.421836,-0.573314,0.093169,-3.141590,0.000013,-0.000040
5.580594,-2.290019,-0.424978,-13.536250,-0.050000,-0.221375,0.031625,0.421863,-0.573233,0.093182,3.141578,-0.000007,-0.000035
5.584591,-2.290018,-0.424980,-13.536250,-0.050000,-0.221375,0.031625,0.421904,-0.573139,0.093179,3.141579,-0.000005,0.000003
5.588596,-2.290020,-0.424975,-13.536249,-0.050000,-0.221375,0.031625,0.421927,-0.573059,0.093176,3.141576,-0.000008,0.000004
5.592590,-2.290021,-0.424972,-13.536249,-0.050000,-0.221375,0.031625,0.421953,-0.572978,0.093175,3.141574,-0.000011,0.000009
5.596591,-2.290018,-0.424981,-13.536250,-0.050000,-0.221375,0.031625,0.421977,-0.572894,0.093170,3.141579,-0.000005,0.000020
5.600591,-2.290019,-0.424977,-13.536250,-0.050000,-0.221375,0.031625,0.422004,-0.572813,0.093169,3.141577,-0.000007,0.000032
5.604590,-2.290016,-0.424987,-13.536250,-0.050000,-0.221375,0.031625,0.422028,-0.572730,0.093165,3.141583,-0.000000,0.000044
5.608590,-2.290017,-0.424984,-13.536250,-0.050000,-0.221375,0.031625,0.422052,-0.572651,0.093164,3.141581,-0.000003,0.000044
5.612590,-2.290013,-0.424994,-13.536250,-0.050000,-0.221375,0.031625,0.422077,-0.572568,0.093160,3.141587,0.000004,0.000049
5.616591,-2.190014,-0.454990,-13.516250,-0.046000,-0.219375,0.031625,0.422103,-0.572487,0.093159,3.141585,0.000002,0.000061
5.620591,-2.130016,-0.534987,-13.406250,-0.039000,-0.217375,0.031625,0.422127,-0.572408,0.093158,3.141583,-0.000000,0.000061
5.624592,-2.130012,-0.534997,-13.406250,-0.039000,-0.217375,0.031625,0.422152,-0.572325,0.093154,3.141589,0.000007,0.000066
5.628576,-2.130013,-0.534994,-13.406250,-0.039000,-0.217375,0.031625,0.422178,-0.572243,0.093153,3.141587,0.000004,0.000065
5.632591,-2.130012,-0.534996,-13.406250,-0.039000,-0.217375,0.031625,0.422203,-0.572161,0.093149,3.141589,0.000006,0.000063
5.636596,-2.130010,-0.535001,-13.406250,-0.039000,-0.217375,0.031625,0.422228,-0.572078,0.093149,3.141592,0.000009,0.000054
5.640591,-2.130009,-0.535005,-13.406250,-0.039000,-0.217375,0.031625,0.422252,-0.571995,0.093146,-3.141591,0.000012,0.000052
5.644549,-2.130005,-0.535014,-13.406250,-0.039000,-0.217375,0.031625,0.422274,-0.571910,0.093142,-3.141585,0.000018,0.000051
5.648572,-2.130002,-0.535024,-13.406251,-0.039000,-0.217375,0.031625,0.422296,-0.571825,0.093138,-3.141580,0.000025,0.000042
5.652590,-2.130000,-0.535027,-13.406251,-0.039000,-0.217375,0.031625,0.422320,-0.571741,0.093136,-3.141578,0.000027,0.000034
5.656591,-2.129996,-0.535038,-13.406251,-0.039000,-0.217375,0.031625,0.422341,-0.571655,0.093133,-3.141571,0.000034,0.000025
5.660591,-2.219992,-0.535047,-13.436252,-0.036999,-0.222375,0.031625,0.422363,-0.571571,0.093128,-3.141565,0.000041,0.000017
5.664591,-2.219994,-0.535044,-13.436252,-0.036999,-0.222375,0.031625,0.422386,-0.571486,0.093128,-3.141567,0.000039,0.000008
5.668591,-2.219992,-0.535048,-13.436252,-0.036999,-0.222375,0.031625,0.422409,-0.571403,0.093126,-3.141565,0.000041,-0.000007
5.672595,-2.219992,-0.535048,-13.436252,-0.036999,-0.222375,0.031625,0.422409,-0.571403,0.093126,-3.141565,0.000041,-0.000007
5.676595,-2.219996,-0.535038,-13.436252,-0.037000,-0.222375,0.031625,0.422442,-0.571298,0.093127,-3.141571,0.000035,-0.000011
5.680596,-2.220005,-0.535015,-13.436251,-0.037000,-0.222375,0.031625,0.422492,-0.571133,0.093132,-3.141585,0.000019,-0.000015
5.684591,-2.220009,-0.535004,-13.436251,-0.037000,-0.222375,0.031625,0.422516,-0.571050,0.093131,-3.141592,0.000011,-0.000016
5.688556,-2.220012,-0.534996,-13.436251,-0.037000,-0.222375,0.031625,0.422539,-0.570966,0.093134,3.141589,0.000006,-0.000011
5.692590,-2.220019,-0.534978,-13.436250,-0.037000,-0.222375,0.031625,0.422563,-0.570883,0.093135,3.141578,-0.000006,-0.000006
5.696552,-2.220022,-0.534970,-13.436250,-0.037000,-0.222375,0.031625,0.422587,-0.570800,0.093137,3.141573,-0.000012,-0.000002
5.700591,-2.190024,-0.344965,-13.666249,-0.044000,-0.225375,0.031625,0.422609,-0.570715,0.093135,3.141570,-0.000015,0.000003
5.704594,-2.190030,-0.344949,-13.666249,-0.044001,-0.225375,0.031625,0.422633,-0.570632,0.093137,3.141561,-0.000026,0.000022
5.708590,-2.190027,-0.344957,-13.666249,-0.044001,-0.225375,0.031625,0.422654,-0.570546,0.093131,3.141565,-0.000021,0.000027
5.712591,-2.190031,-0.344949,-13.666249,-0.044001,-0.225375,0.031625,0.422678,-0.570463,0.093133,3.141560,-0.000027,0.000032
5.716590,-2.190031,-0.344947,-13.666249,-0.044001,-0.225375,0.031625,0.422705,-0.570378,0.093134,3.141559,-0.000028,0.000041
5.720553,-2.190033,-0.344943,-13.666249,-0.044001,-0.225375,0.031625,0.422728,-0.570295,0.093133,3.141557,-0.000030,0.000046
5.724550,-2.190032,-0.344946,-13.666249,-0.044001,-0.225375,0.031625,0.422753,-0.570212,0.093129,3.141559,-0.000029,0.000044
5.728591,-2.190030,-0.344949,-13.666249,-0.044001,-0.225375,0.031625,0.422776,-0.570129,0.093127,3.141561,-0.000026,0.000049
5.732592,-2.190032,-0.344946,-13.666249,-0.044001,-0.225375,0.031625,0.422803,-0.570044,0.093126,3.141558,-0.000029,0.000059
5.736590,-2.190025,-0.344962,-13.666249,-0.044000,-0.225375,0.031625,0.422824,-0.569958,0.093121,3.141569,-0.000017,0.000064
5.740592,-2.310021,-0.364972,-13.516250,-0.048000,-0.225375,0.031625,0.422851,-0.569870,0.093117,3.141574,-0.000011,0.000064
5.744596,-2.310021,-0.364974,-13.516250,-0.048000,-0.225375,0.031625,0.422876,-0.569783,0.093113,3.141576,-0.000009,0.000060
5.748591,-2.310016,-0.364986,-13.516250,-0.048000,-0.225375,0.031625,0.422902,-0.569694,0.093111,3.141583,-0.000001,0.000061
5.752590,-2.310007,-0.365009,-13.516251,-0.048000,-0.225375,0.031625,0.422925,-0.569606,0.093104,-3.141589,0.000015,0.000050
5.756590,-2.310006,-0.365013,-13.516251,-0.048000,-0.225375,0.031625,0.422949,-0.569519,0.093103,-3.141586,0.000018,0.000046
5.760590,-2.310005,-0.365015,-13.516251,-0.048000,-0.225375,0.031625,0.422974,-0.569433,0.093100,-3.141585,0.000019,0.000035
5.764591,-2.309998,-0.365032,-13.516252,-0.048000,-0.225375,0.031625,0.423000,-0.569343,0.093095,-3.141575,0.000031,0.000022
5.768556,-2.309997,-0.365036,-13.516252,-0.048000,-0.225375,0.031625,0.423026,-0.569258,0.093093,-3.141573,0.000033,0.000012
5.772563,-2.309997,-0.365036,-13.516252,-0.048000,-0.225375,0.031625,0.423026,-0.569258,0.093093,-3.141573,0.000033,0.000012
5.776556,-2.310000,-0.365027,-13.516251,-0.048000,-0.225375,0.031625,0.423055,-0.569171,0.093094,-3.141578,0.000027,0.000005
5.780559,-2.300005,-0.405014,-13.346251,-0.047000,-0.219375,0.031625,0.423108,-0.569001,0.093094,-3.141585,0.000018,-0.000003
5.784555,-2.300005,-0.405014,-13.346251,-0.047000,-0.219375,0.031625,0.423108,-0.569001,0.093094,-3.141585,0.000018,-0.000003
5.788566,-2.300006,-0.405013,-13.346251,-0.047000,-0.219375,0.031625,0.423133,-0.568916,0.093095,-3.141586,0.000018,0.000000
5.792608,-2.300010,-0.405002,-13.346251,-0.047000,-0.219375,0.031625,0.423194,-0.568720,0.093089,3.141592,0.000010,0.000008
5.796554,-2.300010,-0.405002,-13.346251,-0.047000,-0.219375,0.031625,0.423194,-0.568720,0.093089,3.141592,0.000010,0.000008
5.800555,-2.300014,-0.404992,-13.346250,-0.047000,-0.219375,0.031625,0.423245,-0.568545,0.093084,3.141586,0.000003,0.000025
5.804555,-2.300018,-0.404982,-13.346250,-0.047000,-0.219375,0.031625,0.423271,-0.568459,0.093085,3.141580,-0.000004,0.000034
5.808572,-2.300018,-0.404982,-13.346250,-0.047000,-0.219375,0.031625,0.423271,-0.568459,0.093085,3.141580,-0.000004,0.000034
5.812565,-2.300020,-0.404977,-13.346250,-0.047000,-0.219375,0.031625,0.423296,-0.568373,0.093082,3.141577,-0.000008,0.000044
5.816591,-2.300024,-0.404965,-13.346250,-0.047000,-0.219375,0.031625,0.423325,-0.568286,0.093081,3.141570,-0.000015,0.000051
5.820590,-2.410028,-0.484954,-13.886249,-0.044001,-0.231375,0.033625,0.423351,-0.568201,0.093080,3.141564,-0.000023,0.000053
5.824591,-2.410030,-0.484950,-13.886249,-0.044001,-0.231375,0.033625,0.423377,-0.568116,0.093079,3.141561,-0.000026,0.000056
5.828559,-2.410033,-0.484941,-13.886249,-0.044001,-0.231375,0.033625,0.423407,-0.568031,0.093079,3.141556,-0.000032,0.000063
5.832579,-2.410035,-0.484937,-13.886249,-0.044001,-0.231375,0.033625,0.423433,-0.567945,0.093078,3.141553,-0.000035,0.000066
5.836591,-2.410039,-0.484926,-13.886248,-0.044001,-0.231375,0.033625,0.423462,-0.567863,0.093077,3.141547,-0.000042,0.000069
5.840554,-2.410036,-0.484934,-13.886249,-0.044001,-0.231375,0.033625,0.423515,-0.567693,0.093073,3.141551,-0.000037,0.000074
5.844591,-2.410036,-0.484934,-13.886249,-0.044001,-0.231375,0.033625,0.423515,-0.567693,0.093073,3.141551,-0.000037,0.000074
5.848564,-2.410035,-0.484936,-13.886249,-0.044001,-0.231375,0.033625,0.423539,-0.567611,0.093070,3.141553,-0.000035,0.000073
5.852593,-2.410029,-0.484951,-13.886249,-0.044001,-0.231375,0.033625,0.423562,-0.567528,0.093063,3.141562,-0.000025,0.000071
5.856595,-2.400025,-0.594964,-14.296249,-0.040000,-0.235375,0.034625,0.423612,-0.567360,0.093056,3.141569,-0.000016,0.000065
5.860591,-2.400025,-0.594964,-14.296249,-0.040000,-0.235375,0.034625,0.423612,-0.567360,0.093056,3.141569,-0.000016,0.000065
5.864561,-2.400021,-0.594974,-14.296250,-0.040000,-0.235375,0.034625,0.423638,-0.567275,0.093052,3.141575,-0.000010,0.000061
5.868554,-2.400019,-0.594978,-14.296250,-0.040000,-0.235375,0.034625,0.423666,-0.567192,0.093050,3.141578,-0.000007,0.000057
5.872553,-2.400016,-0.594986,-14.296250,-0.040000,-0.235375,0.034625,0.423718,-0.567026,0.093047,3.141583,-0.000001,0.000051
5.876594,-2.400016,-0.594986,-14.296250,-0.040000,-0.235375,0.034625,0.423718,-0.567026,0.093047,3.141583,-0.000001,0.000051
5.880594,-2.400014,-0.594992,-14.296250,-0.040000,-0.235375,0.034625,0.423745,-0.566942,0.093048,3.141587,0.000003,0.000047
5.884590,-2.400013,-0.594995,-14.296250,-0.040000,-0.235375,0.034625,0.423778,-0.566838,0.093045,3.141588,0.000005,0.000043
5.888575,-2.400011,-0.595000,-14.296250,-0.040000,-0.235375,0.034625,0.423797,-0.566777,0.093044,3.141591,0.000009,0.000048
5.892590,-2.400010,-0.595003,-14.296250,-0.040000,-0.235375,0.034625,0.423830,-0.566673,0.093042,-3.141592,0.000011,0.000044
5.896592,-2.400007,-0.595011,-14.296251,-0.040000,-0.235375,0.034625,0.423838,-0.566602,0.093036,-3.141588,0.000016,0.000015
5.900600,-2.460008,-0.685008,-14.876251,-0.035000,-0.247375,0.035625,0.423883,-0.566504,0.093035,-3.141589,0.000015,0.000056
5.904592,-2.460007,-0.685011,-14.876251,-0.035000,-0.247375,0.035625,0.423906,-0.566421,0.093032,-3.141587,0.000016,0.000055
5.908590,-2.460008,-0.685006,-14.876250,-0.035000,-0.247375,0.035625,0.423933,-0.566337,0.093030,-3.141590,0.000013,0.000064
5.912591,-2.460010,-0.685001,-14.876250,-0.035000,-0.247375,0.035625,0.423958,-0.566255,0.093027,3.141592,0.000010,0.000056
5.916590,-2.460012,-0.684997,-14.876250,-0.035000,-0.247375,0.035625,0.423984,-0.566171,0.093025,3.141589,0.000006,0.000058
5.920590,-2.460016,-0.684986,-14.876250,-0.035000,-0.247375,0.035625,0.424013,-0.566088,0.093024,3.141583,-0.000001,0.000061
5.924588,-2.460015,-0.684989,-14.876250,-0.035000,-0.247375,0.035625,0.424036,-0.566005,0.093021,3.141584,0.000001,0.000059
5.928593,-2.460019,-0.684978,-14.876250,-0.035000,-0.247375,0.035625,0.424064,-0.565923,0.093021,3.141578,-0.000007,0.000062
5.932590,-2.460026,-0.684959,-14.876249,-0.035001,-0.247375,0.035625,0.424094,-0.565841,0.093020,3.141567,-0.000020,0.000065
5.936589,-2.630028,-0.644955,-15.556249,-0.046001,-0.257375,0.037625,0.424120,-0.565760,0.093019,3.141565,-0.000022,0.000063
5.940591,-2.630029,-0.644951,-15.556249,-0.046001,-0.257375,0.037625,0.424148,-0.565678,0.093016,3.141562,-0.000025,0.000059
5.944594,-2.630029,-0.644953,-15.556249,-0.046001,-0.257375,0.037625,0.424173,-0.565596,0.093012,3.141563,-0.000024,0.000064
5.948589,-2.630033,-0.644942,-15.556249,-0.046001,-0.257375,0.037625,0.424199,-0.565515,0.093012,3.141557,-0.000031,0.000062
5.952594,-2.630032,-0.644944,-15.556249,-0.046001,-0.257375,0.037625,0.424224,-0.565434,0.093007,3.141558,-0.000030,0.000067
5.956590,-2.630031,-0.644945,-15.556249,-0.046001,-0.257375,0.037625,0.424251,-0.565350,0.093003,3.141559,-0.000029,0.000070
5.960595,-2.630030,-0.644948,-15.556249,-0.046001,-0.257375,0.037625,0.424275,-0.565268,0.093000,3.141560,-0.000027,0.000061
5.964590,-2.630030,-0.644949,-15.556249,-0.046001,-0.257375,0.037625,0.424299,-0.565186,0.092996,3.141561,-0.000026,0.000059
5.968591,-2.630031,-0.644946,-15.556249,-0.046001,-0.257375,0.037625,0.424324,-0.565105,0.092995,3.141559,-0.000029,0.000058
5.972590,-2.630028,-0.644955,-15.556249,-0.046001,-0.257375,0.037625,0.424349,-0.565023,0.092990,3.141564,-0.000022,0.000049
5.976590,-2.630026,-0.644961,-15.556249,-0.046001,-0.257375,0.037625,0.424377,-0.564940,0.092989,3.141568,-0.000019,0.000052
5.980587,-2.630032,-0.644943,-15.556249,-0.046001,-0.257375,0.037625,0.424403,-0.564860,0.092990,3.141557,-0.000031,0.000023
5.984593,-2.770022,-0.654969,-16.256250,-0.051000,-0.266375,0.040625,0.424432,-0.564757,0.092987,3.141573,-0.000013,0.000042
5.988590,-2.770017,-0.654982,-16.256250,-0.051000,-0.266375,0.040625,0.424456,-0.564676,0.092986,3.141581,-0.000004,0.000040
5.992589,-2.770013,-0.654994,-16.256250,-0.051000,-0.266375,0.040625,0.424483,-0.564592,0.092984,3.141587,0.000004,0.000036
5.996590,-2.770011,-0.654999,-16.256250,-0.051000,-0.266375,0.040625,0.424508,-0.564511,0.092983,3.141591,0.000008,0.000041
6.000590,-2.770010,-0.655003,-16.256250,-0.051000,-0.266375,0.040625,0.424533,-0.564429,0.092981,-3.141592,0.000011,0.000039
6.004590,-2.770007,-0.655010,-16.256251,-0.051000,-0.266375,0.040625,0.424557,-0.564347,0.092982,-3.141588,0.000015,0.000037
6.008591,-2.770003,-0.655021,-16.256251,-0.051000,-0.266375,0.040625,0.424581,-0.564265,0.092980,-3.141582,0.000023,0.000036
6.012588,-2.770003,-0.655020,-16.256251,-0.051000,-0.266375,0.040625,0.424608,-0.564181,0.092981,-3.141582,0.000023,0.000045
6.016590,-2.770002,-0.655024,-16.256251,-0.051000,-0.266375,0.040625,0.424632,-0.564099,0.092979,-3.141580,0.000025,0.000043
6.020590,-3.110005,-0.655016,-17.106250,-0.055000,-0.285375,0.043625,0.424657,-0.564018,0.092981,-3.141585,0.000020,0.000041
6.024590,-3.110001,-0.655026,-17.106251,-0.055000,-0.285375,0.043625,0.424682,-0.563933,0.092978,-3.141579,0.000026,0.000037
6.028590,-3.110002,-0.655022,-17.106250,-0.055000,-0.285375,0.043625,0.424707,-0.563852,0.092976,-3.141581,0.000024,0.000036
6.032590,-3.110005,-0.655014,-17.106250,-0.055000,-0.285375,0.043625,0.424732,-0.563771,0.092978,-3.141586,0.000018,0.000000
6.036589,-3.110018,-0.654981,-17.106249,-0.055000,-0.285375,0.043625,0.424761,-0.563689,0.092980,3.141580,-0.000004,0.000003
6.040589,-3.110010,-0.655002,-17.106250,-0.055000,-0.285375,0.043625,0.424789,-0.563586,0.092979,3.141592,0.000010,0.000028
6.044553,-3.110016,-0.654986,-17.106249,-0.055000,-0.285375,0.043625,0.424817,-0.563503,0.092982,3.141583,-0.000001,0.000024
6.048591,-3.110019,-0.654978,-17.106249,-0.055000,-0.285375,0.043625,0.424842,-0.563422,0.092984,3.141578,-0.000007,0.000022
6.052591,-3.110023,-0.654967,-17.106249,-0.055000,-0.285375,0.043625,0.424870,-0.563339,0.092983,3.141572,-0.000014,0.000025
6.056590,-3.110025,-0.654960,-17.106249,-0.055001,-0.285375,0.043625,0.424896,-0.563259,0.092987,3.141568,-0.000019,0.000023
6.060590,-3.090029,-0.684952,-17.746249,-0.057001,-0.292375,0.043625,0.424920,-0.563177,0.092989,3.141563,-0.000025,0.000022
6.064591,-3.090030,-0.684949,-17.746249,-0.057001,-0.292375,0.043625,0.424947,-0.563094,0.092987,3.141561,-0.000027,0.000018
6.068588,-3.090031,-0.684945,-17.746249,-0.057001,-0.292375,0.043625,0.424972,-0.563013,0.092986,3.141559,-0.000029,0.000016
6.072589,-3.090032,-0.684942,-17.746249,-0.057001,-0.292375,0.043625,0.424999,-0.562929,0.092985,3.141557,-0.000031,0.000019
6.076559,-3.090033,-0.684939,-17.746248,-0.057001,-0.292375,0.043625,0.425024,-0.562848,0.092984,3.141555,-0.000034,0.000017
6.080589,-3.090033,-0.684939,-17.746248,-0.057001,-0.292375,0.043625,0.425024,-0.562848,0.092984,3.141555,-0.000034,0.000017
6.084589,-3.090032,-0.684943,-17.746249,-0.057001,-0.292375,0.043625,0.425048,-0.562766,0.092982,3.141557,-0.000031,0.000015
6.088590,-3.090031,-0.684945,-17.746249,-0.057001,-0.292375,0.043625,0.425073,-0.562682,0.092979,3.141559,-0.000029,0.000018
6.092589,-3.090029,-0.684949,-17.746249,-0.057001,-0.292375,0.043625,0.425097,-0.562600,0.092977,3.141561,-0.000026,0.000023
6.096553,-3.090024,-0.684963,-17.746249,-0.057000,-0.292375,0.043625,0.425146,-0.562433,0.092972,3.141569,-0.000017,0.000037
6.100589,-3.220016,-0.704986,-17.776250,-0.054000,-0.301375,0.043625,0.425168,-0.562349,0.092964,3.141583,-0.000001,0.000035
6.104591,-3.220015,-0.704990,-17.776250,-0.054000,-0.301375,0.043625,0.425194,-0.562265,0.092963,3.141585,0.000001,0.000038
6.108589,-3.220010,-0.705001,-17.776250,-0.054000,-0.301375,0.043625,0.425218,-0.562183,0.092960,3.141592,0.000009,0.000036
6.112589,-3.220008,-0.705007,-17.776250,-0.054000,-0.301375,0.043625,0.425245,-0.562100,0.092960,-3.141590,0.000013,0.000039
6.116588,-3.220006,-0.705013,-17.776250,-0.054000,-0.301375,0.043625,0.425269,-0.562018,0.092960,-3.141586,0.000018,0.000030
6.120589,-3.220004,-0.705017,-17.776250,-0.054000,-0.301375,0.043625,0.425293,-0.561936,0.092959,-3.141584,0.000020,0.000035
6.124560,-3.220004,-0.705017,-17.776250,-0.054000,-0.301375,0.043625,0.425293,-0.561936,0.092959,-3.141584,0.000020,0.000035
6.128590,-3.220001,-0.705028,-17.776251,-0.054000,-0.301375,0.043625,0.425343,-0.561771,0.092958,-3.141578,0.000028,0.000023
6.132553,-3.219999,-0.705032,-17.776251,-0.054000,-0.301375,0.043625,0.425369,-0.561687,0.092956,-3.141575,0.000031,0.000026
6.136553,-3.219995,-0.705043,-17.776251,-0.054000,-0.301375,0.043625,0.425393,-0.561601,0.092953,-3.141569,0.000038,0.000015
6.140556,-3.139993,-0.675049,-17.876252,-0.054999,-0.298375,0.043625,0.425554,-0.561343,0.097997,-3.141588,0.000004,0.000002
6.144559,-3.139993,-0.675047,-17.876252,-0.054999,-0.298375,0.043625,0.425443,-0.561427,0.092955,-3.141566,0.000041,-0.000002
6.148589,-3.139992,-0.675051,-17.876252,-0.054999,-0.298375,0.043625,0.425470,-0.561340,0.092952,-3.141564,0.000044,-0.000002
6.152609,-3.139998,-0.675036,-17.876251,-0.055000,-0.298375,0.043625,0.425498,-0.561254,0.092956,-3.141573,0.000034,0.000006
6.156591,-3.139998,-0.675035,-17.876251,-0.055000,-0.298375,0.043625,0.425523,-0.561169,0.092957,-3.141573,0.000033,0.000002
6.160588,-3.139999,-0.675032,-17.876251,-0.055000,-0.298375,0.043625,0.425551,-0.561082,0.092957,-3.141575,0.000031,0.000002
6.164595,-3.139993,-0.675048,-17.876252,-0.054999,-0.298375,0.043625,0.425568,-0.560987,0.092943,-3.141566,0.000042,-0.000031
6.168598,-3.139993,-0.675048,-17.876252,-0.054999,-0.298375,0.043625,0.425568,-0.560987,0.092943,-3.141566,0.000042,-0.000031
6.172591,-3.140008,-0.675009,-17.876251,-0.055000,-0.298375,0.043625,0.425641,-0.560804,0.092965,-3.141589,0.000015,0.000010
6.176589,-3.140008,-0.675009,-17.876251,-0.055000,-0.298375,0.043625,0.425641,-0.560804,0.092965,-3.141589,0.000015,0.000010
6.180588,-3.080010,-0.555001,-18.276250,-0.064000,-0.299375,0.042625,0.425667,-0.560720,0.092968,3.141592,0.000010,0.000013
6.184595,-3.080016,-0.554985,-18.276249,-0.064000,-0.299375,0.042625,0.425694,-0.560634,0.092970,3.141582,-0.000002,0.000027
6.188590,-3.080016,-0.554985,-18.276249,-0.064000,-0.299375,0.042625,0.425694,-0.560634,0.092970,3.141582,-0.000002,0.000027
6.192590,-3.080016,-0.554985,-18.276249,-0.064000,-0.299375,0.042625,0.425773,-0.560374,0.092969,3.141582,-0.000002,0.000051
6.196589,-3.080016,-0.554985,-18.276249,-0.064000,-0.299375,0.042625,0.425773,-0.560374,0.092969,3.141582,-0.000002,0.000051
6.200591,-3.080018,-0.554981,-18.276249,-0.064000,-0.299375,0.042625,0.425799,-0.560287,0.092968,3.141580,-0.000004,0.000058
6.204590,-3.080018,-0.554980,-18.276249,-0.064000,-0.299375,0.042625,0.425823,-0.560201,0.092969,3.141579,-0.000005,0.000061
6.208590,-3.080020,-0.554975,-18.276249,-0.064000,-0.299375,0.042625,0.425876,-0.560030,0.092968,3.141576,-0.000009,0.000064
6.212591,-3.080020,-0.554975,-18.276249,-0.064000,-0.299375,0.042625,0.425876,-0.560030,0.092968,3.141576,-0.000009,0.000064
6.216547,-3.080016,-0.554985,-18.276249,-0.064000,-0.299375,0.042625,0.425903,-0.559943,0.092965,3.141582,-0.000002,0.000058
6.220548,-2.990017,-0.544984,-18.146249,-0.068000,-0.290375,0.041625,0.425957,-0.559773,0.092968,3.141582,-0.000002,0.000048
6.224589,-2.990017,-0.544984,-18.146249,-0.068000,-0.290375,0.041625,0.425957,-0.559773,0.092968,3.141582,-0.000002,0.000048
6.228592,-2.990017,-0.544983,-18.146249,-0.068000,-0.290375,0.041625,0.425983,-0.559690,0.092970,3.141581,-0.000003,0.000044
6.232591,-2.990012,-0.544996,-18.146250,-0.068000,-0.290375,0.041625,0.426007,-0.559604,0.092968,3.141589,0.000006,0.000040
6.236592,-2.990013,-0.544995,-18.146250,-0.068000,-0.290375,0.041625,0.426036,-0.559519,0.092970,3.141588,0.000005,0.000034
6.240592,-2.990004,-0.545020,-18.146250,-0.068000,-0.290375,0.041625,0.426084,-0.559348,0.092967,-3.141582,0.000022,0.000026
6.244594,-2.990004,-0.545020,-18.146250,-0.068000,-0.290375,0.041625,0.426084,-0.559348,0.092967,-3.141582,0.000022,0.000026
6.248590,-2.989999,-0.545032,-18.146251,-0.068000,-0.290375,0.041625,0.426108,-0.559263,0.092966,-3.141575,0.000031,0.000022
6.252589,-2.989997,-0.545039,-18.146251,-0.068000,-0.290375,0.041625,0.426134,-0.559179,0.092966,-3.141571,0.000035,0.000018
6.256590,-2.989992,-0.545051,-18.146251,-0.067999,-0.290375,0.041625,0.426158,-0.559094,0.092965,-3.141564,0.000044,0.000020
6.260589,-2.929992,-0.465053,-17.746252,-0.065999,-0.284375,0.038625,0.426181,-0.559012,0.092969,-3.141563,0.000045,0.000012
6.264589,-2.929989,-0.465061,-17.746252,-0.065999,-0.284375,0.038625,0.426207,-0.558929,0.092971,-3.141558,0.000051,0.000008
6.268588,-2.929990,-0.465056,-17.746252,-0.065999,-0.284375,0.038625,0.426235,-0.558846,0.092977,-3.141561,0.000048,0.000010
6.272589,-2.929992,-0.465052,-17.746252,-0.065999,-0.284375,0.038625,0.426264,-0.558761,0.092983,-3.141564,0.000045,0.000024
6.276589,-2.929994,-0.465047,-17.746252,-0.065999,-0.284375,0.038625,0.426289,-0.558681,0.092989,-3.141566,0.000042,0.000023
6.280589,-2.929995,-0.465043,-17.746251,-0.066000,-0.284375,0.038625,0.426316,-0.558598,0.092994,-3.141569,0.000038,0.000032
6.284589,-2.929996,-0.465040,-17.746251,-0.066000,-0.284375,0.038625,0.426342,-0.558515,0.093001,-3.141571,0.000036,0.000042
6.288590,-2.930000,-0.465029,-17.746251,-0.066000,-0.284375,0.038625,0.426377,-0.558410,0.093010,-3.141577,0.000029,0.000056
6.292589,-2.930000,-0.465030,-17.746251,-0.066000,-0.284375,0.038625,0.426394,-0.558348,0.093013,-3.141576,0.000030,0.000060
6.296590,-2.930001,-0.465026,-17.746251,-0.066000,-0.284375,0.038625,0.426427,-0.558242,0.093019,-3.141579,0.000027,0.000075
6.300589,-2.980004,-0.455020,-17.546251,-0.064000,-0.286375,0.038625,0.426445,-0.558180,0.093023,-3.141583,0.000022,0.000052
6.304554,-2.980004,-0.455020,-17.546251,-0.064000,-0.286375,0.038625,0.426469,-0.558095,0.093025,-3.141582,0.000022,0.000055
6.308570,-2.980000,-0.455030,-17.546251,-0.064000,-0.286375,0.038625,0.426484,-0.558002,0.093014,-3.141576,0.000030,0.000065
6.312570,-2.980012,-0.454997,-17.546250,-0.064000,-0.286375,0.038625,0.426527,-0.557908,0.093032,3.141590,0.000007,0.000088
6.316570,-2.980012,-0.454996,-17.546250,-0.064000,-0.286375,0.038625,0.426553,-0.557825,0.093033,3.141589,0.000006,0.000090
6.320550,-2.980015,-0.454988,-17.546250,-0.064000,-0.286375,0.038625,0.426579,-0.557741,0.093035,3.141584,0.000000,0.000093
6.324567,-2.980016,-0.454986,-17.546250,-0.064000,-0.286375,0.038625,0.426608,-0.557657,0.093035,3.141583,-0.000001,0.000087
6.328570,-2.980019,-0.454978,-17.546250,-0.064000,-0.286375,0.038625,0.426632,-0.557576,0.093037,3.141578,-0.000007,0.000078
6.332576,-2.980022,-0.454971,-17.546250,-0.064000,-0.286375,0.038625,0.426659,-0.557493,0.093041,3.141574,-0.000011,0.000068
6.336572,-2.550020,-0.544975,-16.466250,-0.050000,-0.264375,0.036625,0.426685,-0.557409,0.093039,3.141577,-0.000009,0.000064
6.340570,-2.550020,-0.544973,-16.466250,-0.050000,-0.264375,0.036625,0.426712,-0.557327,0.093039,3.141575,-0.000010,0.000060
6.344570,-2.550016,-0.544985,-16.466250,-0.050000,-0.264375,0.036625,0.426737,-0.557243,0.093037,3.141582,-0.000002,0.000056
6.348570,-2.550015,-0.544989,-16.466250,-0.050000,-0.264375,0.036625,0.426762,-0.557159,0.093035,3.141585,0.000001,0.000045
6.352576,-2.550013,-0.544994,-16.466250,-0.050000,-0.264375,0.036625,0.426786,-0.557078,0.093035,3.141588,0.000005,0.000036
6.356571,-2.550007,-0.545012,-16.466251,-0.050000,-0.264375,0.036625,0.426809,-0.556992,0.093030,-3.141587,0.000017,0.000026
6.360590,-2.550007,-0.545010,-16.466251,-0.050000,-0.264375,0.036625,0.426836,-0.556910,0.093031,-3.141588,0.000015,0.000022
6.364588,-2.550005,-0.545016,-16.466251,-0.050000,-0.264375,0.036625,0.426861,-0.556826,0.093031,-3.141585,0.000020,0.000018
6.368589,-2.550006,-0.545014,-16.466251,-0.050000,-0.264375,0.036625,0.426888,-0.556743,0.093032,-3.141586,0.000019,0.000020
6.372589,-2.550006,-0.545013,-16.466251,-0.050000,-0.264375,0.036625,0.426915,-0.556660,0.093032,-3.141587,0.000017,0.000016
6.376589,-2.550004,-0.545018,-16.466251,-0.050000,-0.264375,0.036625,0.426941,-0.556577,0.093032,-3.141584,0.000021,0.000019
6.380588,-2.340005,-0.605016,-15.076251,-0.043000,-0.241375,0.034625,0.426965,-0.556497,0.093032,-3.141585,0.000020,0.000017
6.384554,-2.340003,-0.605022,-15.076251,-0.043000,-0.241375,0.034625,0.426991,-0.556414,0.093032,-3.141581,0.000024,0.000034
6.388589,-2.340005,-0.605015,-15.076251,-0.043000,-0.241375,0.034625,0.427018,-0.556331,0.093035,-3.141585,0.000019,0.000043
6.392592,-2.340004,-0.605019,-15.076251,-0.043000,-0.241375,0.034625,0.427044,-0.556248,0.093033,-3.141583,0.000022,0.000059
6.396590,-2.340005,-0.605017,-15.076251,-0.043000,-0.241375,0.034625,0.427070,-0.556165,0.093034,-3.141584,0.000021,0.000075
6.400590,-2.340002,-0.605024,-15.076251,-0.043000,-0.241375,0.034625,0.427095,-0.556081,0.093034,-3.141580,0.000025,0.000085
6.404593,-2.340003,-0.605023,-15.076251,-0.043000,-0.241375,0.034625,0.427121,-0.555997,0.093036,-3.141581,0.000024,0.000061
6.408589,-2.340009,-0.605005,-15.076250,-0.043000,-0.241375,0.034625,0.427147,-0.555915,0.093036,-3.141592,0.000012,0.000057
6.412594,-2.340012,-0.604998,-15.076250,-0.043000,-0.241375,0.034625,0.427172,-0.555834,0.093039,3.141590,0.000007,0.000062
6.416590,-2.340000,-0.605030,-15.076251,-0.043000,-0.241375,0.034625,0.427199,-0.555728,0.093034,-3.141576,0.000030,0.000091
6.420589,-2.310000,-0.435031,-14.716251,-0.051000,-0.234375,0.032625,0.427226,-0.555645,0.093037,-3.141576,0.000030,0.000087
6.424550,-2.310002,-0.435024,-14.716251,-0.051000,-0.234375,0.032625,0.427252,-0.555563,0.093041,-3.141580,0.000025,0.000083
6.428566,-2.310002,-0.435023,-14.716251,-0.051000,-0.234375,0.032625,0.427278,-0.555479,0.093042,-3.141581,0.000025,0.000073
6.432570,-2.310005,-0.435016,-14.716251,-0.051000,-0.234375,0.032625,0.427304,-0.555397,0.093045,-3.141585,0.000020,0.000069
6.436570,-2.310005,-0.435017,-14.716251,-0.051000,-0.234375,0.032625,0.427328,-0.555316,0.093048,-3.141584,0.000020,0.000060
6.440570,-2.310007,-0.435010,-14.716251,-0.051000,-0.234375,0.032625,0.427355,-0.555234,0.093051,-3.141588,0.000016,0.000049
6.444569,-2.310007,-0.435009,-14.716251,-0.051000,-0.234375,0.032625,0.427380,-0.555150,0.093053,-3.141589,0.000015,0.000039
6.448570,-2.310010,-0.435002,-14.716251,-0.051000,-0.234375,0.032625,0.427404,-0.555069,0.093056,3.141593,0.000010,0.000023
6.452571,-2.310012,-0.434996,-14.716250,-0.051000,-0.234375,0.032625,0.427431,-0.554987,0.093060,3.141589,0.000006,0.000013
6.456589,-2.310013,-0.434994,-14.716250,-0.051000,-0.234375,0.032625,0.427457,-0.554904,0.093060,3.141587,0.000004,0.000009
6.460590,-2.350014,-0.404992,-14.316250,-0.056000,-0.228375,0.031625,0.427484,-0.554822,0.093060,3.141586,0.000003,-0.000002
6.464570,-2.350012,-0.404998,-14.316250,-0.056000,-0.228375,0.031625,0.427506,-0.554740,0.093061,3.141590,0.000007,-0.000011
6.468568,-2.350012,-0.404997,-14.316250,-0.056000,-0.228375,0.031625,0.427532,-0.554657,0.093061,3.141589,0.000006,-0.000015
6.472569,-2.350011,-0.405001,-14.316250,-0.056000,-0.228375,0.031625,0.427557,-0.554573,0.093059,3.141591,0.000009,-0.000005
6.476570,-2.350011,-0.404999,-14.316250,-0.056000,-0.228375,0.031625,0.427583,-0.554490,0.093060,3.141590,0.000008,-0.000003
6.480590,-2.350008,-0.405009,-14.316250,-0.056000,-0.228375,0.031625,0.427609,-0.554407,0.093056,-3.141589,0.000015,0.000007
6.484589,-2.350006,-0.405015,-14.316250,-0.056000,-0.228375,0.031625,0.427632,-0.554326,0.093056,-3.141586,0.000019,0.000005
6.488589,-2.350005,-0.405016,-14.316250,-0.056000,-0.228375,0.031625,0.427657,-0.554242,0.093052,-3.141585,0.000020,0.000015
6.492589,-2.350005,-0.405016,-14.316250,-0.056000,-0.228375,0.031625,0.427657,-0.554242,0.093052,-3.141585,0.000020,0.000015
6.496589,-2.350005,-0.405018,-14.316250,-0.056000,-0.228375,0.031625,0.427715,-0.554057,0.093050,-3.141584,0.000021,0.000034
6.500589,-2.180003,-0.455022,-13.596251,-0.048000,-0.214375,0.029625,0.427737,-0.553995,0.093048,-3.141581,0.000024,0.000043
6.504589,-2.180004,-0.455020,-13.596251,-0.048000,-0.214375,0.029625,0.427760,-0.553914,0.093048,-3.141582,0.000023,0.000041
6.508594,-2.180003,-0.455023,-13.596251,-0.048000,-0.214375,0.029625,0.427786,-0.553831,0.093046,-3.141581,0.000025,0.000051
6.512590,-2.180002,-0.455026,-13.596251,-0.048000,-0.214375,0.029625,0.427812,-0.553749,0.093043,-3.141579,0.000027,0.000053
6.516589,-2.180007,-0.455011,-13.596251,-0.048000,-0.214375,0.029625,0.427841,-0.553668,0.093046,-3.141588,0.000016,0.000056
6.520590,-2.180006,-0.455014,-13.596251,-0.048000,-0.214375,0.029625,0.427864,-0.553587,0.093043,-3.141586,0.000018,0.000048
6.524588,-2.180007,-0.455012,-13.596251,-0.048000,-0.214375,0.029625,0.427890,-0.553504,0.093043,-3.141587,0.000017,0.000050
6.528557,-2.180007,-0.455010,-13.596251,-0.048000,-0.214375,0.029625,0.427916,-0.553422,0.093044,-3.141588,0.000016,0.000019
6.532546,-2.180003,-0.455022,-13.596251,-0.048000,-0.214375,0.029625,0.427940,-0.553337,0.093041,-3.141581,0.000024,0.000009
6.536594,-2.130012,-0.464996,-13.476251,-0.046000,-0.212375,0.028625,0.427967,-0.553255,0.093042,3.141589,0.000006,0.000005
6.540589,-2.089991,-0.445055,-13.316251,-0.040999,-0.213375,0.027625,0.427979,-0.553157,0.093023,-3.141562,0.000047,-0.000008
6.544597,-2.089997,-0.445040,-13.316251,-0.041000,-0.213375,0.027625,0.428023,-0.553057,0.093035,-3.141571,0.000037,0.000017
6.548589,-2.089995,-0.445045,-13.316251,-0.040999,-0.213375,0.027625,0.428049,-0.552970,0.093034,-3.141568,0.000040,0.000011
6.552591,-2.089992,-0.445053,-13.316251,-0.040999,-0.213375,0.027625,0.428074,-0.552883,0.093036,-3.141564,0.000045,-0.000002
6.556590,-2.089990,-0.445058,-13.316252,-0.040999,-0.213375,0.027625,0.428097,-0.552798,0.093035,-3.141561,0.000049,-0.000013
6.560589,-2.089991,-0.445057,-13.316252,-0.040999,-0.213375,0.027625,0.428127,-0.552710,0.093036,-3.141561,0.000048,-0.000015
6.564589,-2.089993,-0.445051,-13.316251,-0.040999,-0.213375,0.027625,0.428154,-0.552625,0.093041,-3.141565,0.000044,-0.000021
6.568590,-2.089995,-0.445045,-13.316251,-0.040999,-0.213375,0.027625,0.428179,-0.552541,0.093045,-3.141568,0.000040,-0.000025
6.572589,-2.089995,-0.445044,-13.316251,-0.040999,-0.213375,0.027625,0.428206,-0.552456,0.093047,-3.141569,0.000039,-0.000018
6.576589,-2.149998,-0.375036,-13.316251,-0.044000,-0.217375,0.026625,0.428234,-0.552370,0.093049,-3.141573,0.000034,-0.000010
6.580589,-2.149998,-0.375036,-13.316251,-0.044000,-0.217375,0.026625,0.428260,-0.552284,0.093051,-3.141573,0.000034,-0.000010
6.584567,-2.149994,-0.375047,-13.316251,-0.043999,-0.217375,0.026625,0.428284,-0.552195,0.093048,-3.141567,0.000041,-0.000003
6.588570,-2.149997,-0.375038,-13.316251,-0.044000,-0.217375,0.026625,0.428311,-0.552110,0.093050,-3.141572,0.000036,0.000011
6.592570,-2.149997,-0.375038,-13.316251,-0.044000,-0.217375,0.026625,0.428311,-0.552110,0.093050,-3.141572,0.000036,0.000011
6.596571,-2.149994,-0.375050,-13.316251,-0.043999,-0.217375,0.026625,0.428361,-0.551935,0.093050,-3.141565,0.000043,0.000026
6.600570,-2.149994,-0.375047,-13.316251,-0.043999,-0.217375,0.026625,0.428387,-0.551849,0.093050,-3.141567,0.000042,0.000033
6.604567,-2.149995,-0.375046,-13.316251,-0.043999,-0.217375,0.026625,0.428412,-0.551765,0.093051,-3.141567,0.000041,0.000036
6.608589,-2.149998,-0.375038,-13.316251,-0.044000,-0.217375,0.026625,0.428439,-0.551680,0.093053,-3.141572,0.000035,0.000043
6.612560,-2.149999,-0.375035,-13.316251,-0.044000,-0.217375,0.026625,0.428466,-0.551594,0.093052,-3.141574,0.000033,0.000050
6.616618,-2.150004,-0.375020,-13.316250,-0.044000,-0.217375,0.026625,0.428495,-0.551510,0.093056,-3.141582,0.000023,0.000051
6.620573,-2.150005,-0.375017,-13.316250,-0.044000,-0.217375,0.026625,0.428522,-0.551425,0.093055,-3.141584,0.000021,0.000051
6.624615,-2.050008,-0.415009,-12.956250,-0.039000,-0.211375,0.026625,0.428550,-0.551340,0.093057,-3.141589,0.000015,0.000058
6.628555,-2.050012,-0.414998,-12.956250,-0.039000,-0.211375,0.026625,0.428577,-0.551254,0.093057,3.141590,0.000007,0.000059
6.632534,-2.050010,-0.415003,-12.956250,-0.039000,-0.211375,0.026625,0.428603,-0.551168,0.093056,-3.141592,0.000011,0.000059
6.636528,-2.050011,-0.415000,-12.956250,-0.039000,-0.211375,0.026625,0.428630,-0.551082,0.093055,3.141591,0.000008,0.000053
6.640600,-2.050008,-0.415008,-12.956250,-0.039000,-0.211375,0.026625,0.428654,-0.550994,0.093050,-3.141589,0.000014,0.000040
6.644595,-2.050007,-0.415011,-12.956251,-0.039000,-0.211375,0.026625,0.428679,-0.550907,0.093047,-3.141588,0.000016,0.000034
6.648593,-2.050010,-0.415001,-12.956250,-0.039000,-0.211375,0.026625,0.428708,-0.550819,0.093047,3.141592,0.000009,0.000026
6.652560,-2.050007,-0.415011,-12.956251,-0.039000,-0.211375,0.026625,0.428733,-0.550732,0.093044,-3.141588,0.000016,-0.000014
6.656591,-2.050006,-0.415014,-12.956251,-0.039000,-0.211375,0.026625,0.428759,-0.550645,0.093040,-3.141586,0.000018,-0.000027
6.660593,-2.040005,-0.425017,-12.406251,-0.041000,-0.201375,0.026625,0.428777,-0.550549,0.093038,-3.141584,0.000020,-0.000029
6.664584,-2.040005,-0.425016,-12.406250,-0.041000,-0.201375,0.026625,0.428819,-0.550451,0.093040,-3.141585,0.000020,-0.000002
6.668588,-2.040006,-0.425014,-12.406250,-0.041000,-0.201375,0.026625,0.428849,-0.550365,0.093040,-3.141586,0.000018,0.000004
6.672594,-2.040008,-0.425007,-12.406250,-0.041000,-0.201375,0.026625,0.428877,-0.550280,0.093043,-3.141590,0.000014,0.000004
6.676598,-2.040008,-0.425007,-12.406250,-0.041000,-0.201375,0.026625,0.428877,-0.550280,0.093043,-3.141590,0.000014,0.000004
6.680597,-2.040009,-0.425005,-12.406250,-0.041000,-0.201375,0.026625,0.428905,-0.550196,0.093044,-3.141591,0.000012,0.000011
6.684590,-2.040006,-0.425014,-12.406250,-0.041000,-0.201375,0.026625,0.428959,-0.550021,0.093041,-3.141586,0.000019,0.000023
6.688570,-2.040006,-0.425014,-12.406250,-0.041000,-0.201375,0.026625,0.428986,-0.549935,0.093043,-3.141586,0.000018,0.000031
6.692587,-2.040006,-0.425014,-12.406250,-0.041000,-0.201375,0.026625,0.428986,-0.549935,0.093043,-3.141586,0.000018,0.000031
6.696595,-2.040001,-0.425029,-12.406251,-0.041000,-0.201375,0.026625,0.429011,-0.549845,0.093037,-3.141577,0.000029,0.000042
6.700589,-2.039999,-0.425035,-12.406251,-0.041000,-0.201375,0.026625,0.429036,-0.549758,0.093036,-3.141574,0.000033,0.000050
6.704599,-2.109997,-0.345040,-12.296252,-0.044000,-0.201375,0.026625,0.429061,-0.549671,0.093036,-3.141571,0.000036,0.000050
6.708589,-2.109995,-0.345046,-12.296252,-0.043999,-0.201375,0.026625,0.429085,-0.549583,0.093036,-3.141568,0.000041,0.000051
6.712590,-2.109994,-0.345050,-12.296252,-0.043999,-0.201375,0.026625,0.429114,-0.549495,0.093034,-3.141565,0.000043,0.000062
6.716590,-2.109994,-0.345049,-12.296252,-0.043999,-0.201375,0.026625,0.429140,-0.549409,0.093036,-3.141566,0.000043,0.000063
6.720589,-2.109994,-0.345048,-12.296252,-0.043999,-0.201375,0.026625,0.429167,-0.549324,0.093037,-3.141566,0.000042,0.000063
6.724589,-2.109995,-0.345046,-12.296252,-0.043999,-0.201375,0.026625,0.429197,-0.549237,0.093037,-3.141568,0.000041,0.000062
6.728589,-2.109995,-0.345045,-12.296252,-0.043999,-0.201375,0.026625,0.429223,-0.549151,0.093039,-3.141568,0.000040,0.000062
6.732589,-2.110000,-0.345031,-12.296251,-0.044000,-0.201375,0.026625,0.429254,-0.549065,0.093043,-3.141576,0.000030,0.000067
6.736556,-2.219993,-0.345051,-12.286252,-0.043999,-0.205375,0.026625,0.429269,-0.548970,0.093026,-3.141565,0.000045,0.000034
6.740566,-2.220004,-0.345019,-12.286251,-0.044000,-0.205375,0.026625,0.429308,-0.548895,0.093044,-3.141583,0.000022,0.000061
6.744574,-2.220016,-0.344985,-12.286250,-0.044000,-0.205375,0.026625,0.429335,-0.548810,0.093044,3.141582,-0.000002,0.000022
6.748571,-2.220001,-0.345027,-12.286251,-0.044000,-0.205375,0.026625,0.429349,-0.548713,0.093025,-3.141578,0.000028,0.000015
6.752569,-2.220009,-0.345005,-12.286250,-0.044000,-0.205375,0.026625,0.429392,-0.548614,0.093037,-3.141591,0.000012,0.000041
6.756570,-2.220009,-0.345006,-12.286250,-0.044000,-0.205375,0.026625,0.429419,-0.548524,0.093033,-3.141591,0.000013,0.000039
6.760589,-2.220015,-0.344990,-12.286250,-0.044000,-0.205375,0.026625,0.429447,-0.548441,0.093034,3.141585,0.000001,0.000033
6.764589,-2.220016,-0.344985,-12.286250,-0.044000,-0.205375,0.026625,0.429473,-0.548354,0.093032,3.141582,-0.000002,0.000033
6.768590,-2.220017,-0.344981,-12.286250,-0.044000,-0.205375,0.026625,0.429499,-0.548269,0.093031,3.141580,-0.000004,0.000034
6.772589,-2.220017,-0.344983,-12.286250,-0.044000,-0.205375,0.026625,0.429525,-0.548183,0.093027,3.141581,-0.000003,0.000034
6.776589,-2.220018,-0.344980,-12.286250,-0.044000,-0.205375,0.026625,0.429552,-0.548097,0.093026,3.141579,-0.000006,0.000041
6.780590,-2.050022,-0.474969,-12.046249,-0.033000,-0.200375,0.027625,0.429581,-0.548010,0.093025,3.141573,-0.000013,0.000046
6.784569,-2.050020,-0.474973,-12.046250,-0.033000,-0.200375,0.027625,0.429607,-0.547924,0.093024,3.141575,-0.000010,0.000047
6.788591,-2.050021,-0.474970,-12.046249,-0.033000,-0.200375,0.027625,0.429634,-0.547839,0.093022,3.141574,-0.000013,0.000047
6.792589,-2.050020,-0.474974,-12.046250,-0.033000,-0.200375,0.027625,0.429660,-0.547753,0.093021,3.141576,-0.000010,0.000048
6.796588,-2.050021,-0.474970,-12.046250,-0.033000,-0.200375,0.027625,0.429688,-0.547666,0.093020,3.141574,-0.000012,0.000053
6.800589,-2.050020,-0.474973,-12.046250,-0.033000,-0.200375,0.027625,0.429713,-0.547579,0.093017,3.141575,-0.000010,0.000053
6.804589,-2.050017,-0.474982,-12.046250,-0.033000,-0.200375,0.027625,0.429739,-0.547493,0.093012,3.141581,-0.000004,0.000054
6.808589,-2.050011,-0.474999,-12.046250,-0.033000,-0.200375,0.027625,0.429765,-0.547403,0.093007,3.141591,0.000008,0.000059
6.812589,-2.050010,-0.475003,-12.046250,-0.033000,-0.200375,0.027625,0.429791,-0.547317,0.093006,-3.141592,0.000011,0.000053
6.816594,-2.050004,-0.475021,-12.046251,-0.033000,-0.200375,0.027625,0.429815,-0.547229,0.093001,-3.141582,0.000023,0.000060
6.820589,-2.050000,-0.485032,-11.846251,-0.031000,-0.199375,0.027625,0.429840,-0.547143,0.092999,-3.141576,0.000031,0.000060
6.824589,-2.050001,-0.485029,-11.846251,-0.031000,-0.199375,0.027625,0.429869,-0.547056,0.092998,-3.141577,0.000029,0.000065
6.828589,-2.049999,-0.485036,-11.846251,-0.031000,-0.199375,0.027625,0.429894,-0.546969,0.092999,-3.141574,0.000034,0.000059
6.832589,-2.049999,-0.485034,-11.846251,-0.031000,-0.199375,0.027625,0.429921,-0.546885,0.092999,-3.141575,0.000032,0.000053
6.836590,-2.050000,-0.485032,-11.846251,-0.031000,-0.199375,0.027625,0.429946,-0.546802,0.092999,-3.141576,0.000031,0.000049
6.840550,-2.049996,-0.485042,-11.846251,-0.031000,-0.199375,0.027625,0.429972,-0.546717,0.092996,-3.141570,0.000038,0.000043
6.844548,-2.049997,-0.485039,-11.846251,-0.031000,-0.199375,0.027625,0.429998,-0.546635,0.092995,-3.141571,0.000036,0.000039
6.848569,-2.049999,-0.485035,-11.846251,-0.031000,-0.199375,0.027625,0.430023,-0.546553,0.092993,-3.141574,0.000033,0.000035
6.852572,-2.050000,-0.485031,-11.846251,-0.031000,-0.199375,0.027625,0.430048,-0.546470,0.092991,-3.141576,0.000030,0.000038
6.856569,-2.050003,-0.485024,-11.846251,-0.031000,-0.199375,0.027625,0.430074,-0.546388,0.092987,-3.141580,0.000026,0.000040
6.860570,-2.040007,-0.365012,-12.256251,-0.038000,-0.202375,0.026625,0.430099,-0.546306,0.092985,-3.141587,0.000017,0.000036
6.864570,-2.040005,-0.365016,-12.256251,-0.038000,-0.202375,0.026625,0.430122,-0.546222,0.092975,-3.141585,0.000020,0.000039
6.868569,-2.040015,-0.364989,-12.256250,-0.038000,-0.202375,0.026625,0.430150,-0.546142,0.092974,3.141585,0.000001,0.000042
6.872589,-2.040020,-0.364975,-12.256250,-0.038000,-0.202375,0.026625,0.430176,-0.546060,0.092970,3.141576,-0.000009,0.000038
6.876594,-2.040025,-0.364959,-12.256249,-0.038001,-0.202375,0.026625,0.430203,-0.545979,0.092966,3.141568,-0.000020,0.000040
6.880589,-2.040025,-0.364958,-12.256249,-0.038001,-0.202375,0.026625,0.430226,-0.545895,0.092959,3.141567,-0.000020,0.000043
6.884589,-2.040030,-0.364943,-12.256249,-0.038001,-0.202375,0.026625,0.430251,-0.545816,0.092954,3.141558,-0.000031,0.000035
6.888589,-2.040035,-0.364929,-12.256248,-0.038001,-0.202375,0.026625,0.430279,-0.545732,0.092950,3.141550,-0.000041,0.000035
6.892590,-2.040038,-0.364922,-12.256248,-0.038001,-0.202375,0.026625,0.430310,-0.545632,0.092946,3.141546,-0.000046,0.000031
6.896590,-2.040038,-0.364922,-12.256248,-0.038001,-0.202375,0.026625,0.430330,-0.545568,0.092940,3.141546,-0.000046,0.000034
6.900593,-2.110039,-0.424917,-12.686248,-0.044001,-0.207375,0.028625,0.430363,-0.545465,0.092938,3.141543,-0.000049,0.000028
6.904589,-2.110041,-0.424913,-12.686248,-0.044001,-0.207375,0.028625,0.430371,-0.545396,0.092936,3.141541,-0.000052,-0.000008
6.908589,-2.110039,-0.424917,-12.686248,-0.044001,-0.207375,0.028625,0.430408,-0.545320,0.092933,3.141543,-0.000050,0.000026
6.912593,-2.110037,-0.424925,-12.686249,-0.044001,-0.207375,0.028625,0.430440,-0.545216,0.092928,3.141548,-0.000044,0.000027
6.916589,-2.110035,-0.424929,-12.686249,-0.044001,-0.207375,0.028625,0.430464,-0.545133,0.092926,3.141550,-0.000041,0.000023
6.920597,-2.110034,-0.424933,-12.686249,-0.044001,-0.207375,0.028625,0.430489,-0.545051,0.092924,3.141553,-0.000038,0.000019
6.924590,-2.110030,-0.424944,-12.686249,-0.044001,-0.207375,0.028625,0.430513,-0.544967,0.092921,3.141559,-0.000031,0.000022
6.928588,-2.110029,-0.424947,-12.686249,-0.044001,-0.207375,0.028625,0.430537,-0.544884,0.092918,3.141560,-0.000029,0.000018
6.932589,-2.110028,-0.424951,-12.686249,-0.044001,-0.207375,0.028625,0.430564,-0.544800,0.092917,3.141563,-0.000026,0.000018
6.936590,-2.110025,-0.424960,-12.686250,-0.044001,-0.207375,0.028625,0.430587,-0.544716,0.092912,3.141568,-0.000019,0.000007
6.940588,-2.320021,-0.494972,-13.826249,-0.048000,-0.223375,0.032625,0.430612,-0.544630,0.092910,3.141575,-0.000011,0.000008
6.944550,-2.320021,-0.494970,-13.826249,-0.048000,-0.223375,0.032625,0.430638,-0.544545,0.092910,3.141574,-0.000012,0.000008
6.948604,-2.320016,-0.494986,-13.826250,-0.048000,-0.223375,0.032625,0.430663,-0.544458,0.092905,3.141583,-0.000001,0.000009
6.952569,-2.320012,-0.494995,-13.826250,-0.048000,-0.223375,0.032625,0.430688,-0.544372,0.092900,3.141588,0.000005,0.000009
6.956589,-2.320013,-0.494995,-13.826250,-0.048000,-0.223375,0.032625,0.430715,-0.544288,0.092902,3.141588,0.000005,0.000017
6.960591,-2.320010,-0.495004,-13.826250,-0.048000,-0.223375,0.032625,0.430740,-0.544202,0.092897,-3.141592,0.000012,0.000017
6.964589,-2.320012,-0.494996,-13.826250,-0.048000,-0.223375,0.032625,0.430768,-0.544119,0.092899,3.141589,0.000006,0.000024
6.968588,-2.320013,-0.494993,-13.826250,-0.048000,-0.223375,0.032625,0.430794,-0.544033,0.092898,3.141587,0.000004,0.000025
6.972589,-2.320015,-0.494988,-13.826250,-0.048000,-0.223375,0.032625,0.430821,-0.543948,0.092896,3.141584,0.000001,0.000025
6.976589,-2.340016,-0.484985,-14.016250,-0.048000,-0.226375,0.032625,0.430847,-0.543863,0.092895,3.141583,-0.000002,0.000026
6.980589,-2.440019,-0.394976,-14.476250,-0.050000,-0.236375,0.033625,0.430874,-0.543779,0.092896,3.141577,-0.000008,0.000026
6.984552,-2.440019,-0.394977,-14.476250,-0.050000,-0.236375,0.033625,0.430899,-0.543693,0.092892,3.141578,-0.000007,0.000027
6.988571,-2.440018,-0.394979,-14.476250,-0.050000,-0.236375,0.033625,0.430924,-0.543607,0.092888,3.141579,-0.000006,0.000021
6.992569,-2.440020,-0.394973,-14.476250,-0.050000,-0.236375,0.033625,0.430950,-0.543522,0.092885,3.141576,-0.000010,0.000021
6.996570,-2.440026,-0.394957,-14.476249,-0.050001,-0.236375,0.033625,0.430977,-0.543438,0.092886,3.141566,-0.000022,0.000015
7.000589,-2.440026,-0.394957,-14.476249,-0.050001,-0.236375,0.033625,0.431002,-0.543351,0.092881,3.141566,-0.000022,0.000009
7.004567,-2.440027,-0.394952,-14.476249,-0.050001,-0.236375,0.033625,0.431028,-0.543267,0.092879,3.141564,-0.000025,0.000002
7.008589,-2.440028,-0.394949,-14.476249,-0.050001,-0.236375,0.033625,0.431054,-0.543181,0.092878,3.141562,-0.000027,0.000003
7.012589,-2.440032,-0.394937,-14.476249,-0.050001,-0.236375,0.033625,0.431081,-0.543097,0.092876,3.141555,-0.000035,-0.000003
7.016589,-2.440034,-0.394933,-14.476249,-0.050001,-0.236375,0.033625,0.431108,-0.543012,0.092874,3.141553,-0.000039,-0.000003
7.020589,-2.500035,-0.474928,-14.906248,-0.048001,-0.244375,0.034625,0.431134,-0.542928,0.092872,3.141550,-0.000042,-0.000002
7.024596,-2.500039,-0.474917,-14.906248,-0.048001,-0.244375,0.034625,0.431161,-0.542844,0.092871,3.141543,-0.000050,-0.000035
7.028589,-2.500036,-0.474926,-14.906248,-0.048001,-0.244375,0.034625,0.431186,-0.542757,0.092866,3.141549,-0.000044,-0.000008
7.032589,-2.500038,-0.474920,-14.906248,-0.048001,-0.244375,0.034625,0.431219,-0.542651,0.092864,3.141546,-0.000047,-0.000003
7.036589,-2.500036,-0.474924,-14.906248,-0.048001,-0.244375,0.034625,0.431227,-0.542578,0.092862,3.141548,-0.000044,-0.000034
7.040570,-2.500033,-0.474933,-14.906248,-0.048001,-0.244375,0.034625,0.431271,-0.542476,0.092857,3.141553,-0.000038,0.000003
7.044551,-2.500032,-0.474938,-14.906248,-0.048001,-0.244375,0.034625,0.431298,-0.542388,0.092856,3.141555,-0.000035,0.000014
7.048559,-2.500029,-0.474948,-14.906248,-0.048001,-0.244375,0.034625,0.431321,-0.542301,0.092852,3.141561,-0.000028,0.000028
7.052550,-2.500023,-0.474965,-14.906249,-0.048000,-0.244375,0.034625,0.431344,-0.542213,0.092848,3.141571,-0.000016,0.000029
7.056563,-2.500019,-0.474975,-14.906249,-0.048000,-0.244375,0.034625,0.431369,-0.542124,0.092844,3.141577,-0.000009,0.000034
7.060589,-2.420016,-0.574987,-15.316249,-0.042000,-0.248375,0.034625,0.431396,-0.542036,0.092841,3.141583,-0.000001,0.000039
7.064550,-2.420012,-0.574997,-15.316250,-0.042000,-0.248375,0.034625,0.431421,-0.541950,0.092838,3.141589,0.000007,0.000046
7.068569,-2.420011,-0.575001,-15.316250,-0.042000,-0.248375,0.034625,0.431448,-0.541863,0.092836,3.141592,0.000010,0.000051
7.072589,-2.420013,-0.574993,-15.316250,-0.042000,-0.248375,0.034625,0.431476,-0.541779,0.092839,3.141587,0.000004,0.000045
7.076592,-2.420009,-0.575005,-15.316250,-0.042000,-0.248375,0.034625,0.431503,-0.541691,0.092837,-3.141591,0.000012,0.000050
7.080590,-2.420008,-0.575009,-15.316250,-0.042000,-0.248375,0.034625,0.431527,-0.541605,0.092835,-3.141589,0.000015,0.000044
7.084589,-2.420007,-0.575013,-15.316250,-0.042000,-0.248375,0.034625,0.431554,-0.541517,0.092833,-3.141587,0.000018,0.000049
7.088589,-2.420005,-0.575017,-15.316250,-0.042000,-0.248375,0.034625,0.431579,-0.541431,0.092831,-3.141585,0.000021,0.000042
7.092597,-2.420003,-0.575025,-15.316251,-0.042000,-0.248375,0.034625,0.431604,-0.541342,0.092825,-3.141580,0.000026,0.000034
7.096568,-2.420001,-0.575029,-15.316251,-0.042000,-0.248375,0.034625,0.431629,-0.541256,0.092824,-3.141578,0.000029,0.000028
7.100575,-2.420001,-0.575029,-15.316251,-0.042000,-0.248375,0.034625,0.431629,-0.541256,0.092824,-3.141578,0.000029,0.000028
7.104570,-2.560000,-0.465034,-15.826251,-0.054000,-0.254375,0.036625,0.431678,-0.541080,0.092818,-3.141575,0.000033,0.000020
7.108589,-2.560003,-0.465023,-15.826251,-0.054000,-0.254375,0.036625,0.431706,-0.540993,0.092817,-3.141581,0.000025,0.000018
7.112576,-2.560004,-0.465020,-15.826251,-0.054000,-0.254375,0.036625,0.431731,-0.540907,0.092816,-3.141583,0.000023,0.000005
7.116570,-2.560004,-0.465021,-15.826251,-0.054000,-0.254375,0.036625,0.431758,-0.540819,0.092812,-3.141582,0.000024,0.000003
7.120569,-2.560009,-0.465005,-15.826250,-0.054000,-0.254375,0.036625,0.431785,-0.540735,0.092814,-3.141592,0.000012,-0.000003
7.124587,-2.560009,-0.465005,-15.826250,-0.054000,-0.254375,0.036625,0.431785,-0.540735,0.092814,-3.141592,0.000012,-0.000003
7.128589,-2.560015,-0.464988,-15.826250,-0.054000,-0.254375,0.036625,0.431814,-0.540649,0.092816,3.141584,0.000000,0.000002
7.132594,-2.560015,-0.464988,-15.826250,-0.054000,-0.254375,0.036625,0.431814,-0.540649,0.092816,3.141584,0.000000,0.000002
7.136590,-2.580023,-0.444962,-15.966249,-0.057000,-0.255375,0.036625,0.431899,-0.540392,0.092813,3.141570,-0.000018,0.000019
7.140592,-2.590025,-0.464958,-16.096249,-0.057001,-0.256375,0.036625,0.431927,-0.540306,0.092811,3.141567,-0.000021,0.000031
7.144590,-2.590024,-0.464960,-16.096249,-0.057001,-0.256375,0.036625,0.431952,-0.540220,0.092807,3.141568,-0.000020,0.000038
7.148593,-2.590025,-0.464958,-16.096249,-0.057001,-0.256375,0.036625,0.431980,-0.540133,0.092807,3.141567,-0.000021,0.000050
7.152589,-2.590022,-0.464965,-16.096250,-0.057000,-0.256375,0.036625,0.432005,-0.540044,0.092801,3.141571,-0.000016,0.000062
7.156562,-2.590019,-0.464975,-16.096250,-0.057000,-0.256375,0.036625,0.432029,-0.539958,0.092797,3.141577,-0.000009,0.000069
7.160547,-2.590013,-0.464995,-16.096250,-0.057000,-0.256375,0.036625,0.432054,-0.539868,0.092787,3.141588,0.000005,0.000081
7.164592,-2.590012,-0.464998,-16.096250,-0.057000,-0.256375,0.036625,0.432082,-0.539781,0.092784,3.141590,0.000007,0.000086
7.168594,-2.590010,-0.465003,-16.096251,-0.057000,-0.256375,0.036625,0.432107,-0.539696,0.092784,-3.141592,0.000011,0.000086
7.172592,-2.590008,-0.465009,-16.096251,-0.057000,-0.256375,0.036625,0.432132,-0.539611,0.092784,-3.141589,0.000015,0.000087
7.176589,-2.590006,-0.465014,-16.096251,-0.057000,-0.256375,0.036625,0.432168,-0.539503,0.092783,-3.141586,0.000018,0.000083
7.180589,-2.759998,-0.545038,-16.306252,-0.058000,-0.265375,0.038625,0.432179,-0.539430,0.092770,-3.141573,0.000036,0.000050
7.184591,-2.760005,-0.545019,-16.306251,-0.058000,-0.265375,0.038625,0.432223,-0.539332,0.092785,-3.141584,0.000022,0.000068
7.188589,-2.760005,-0.545019,-16.306251,-0.058000,-0.265375,0.038625,0.432223,-0.539332,0.092785,-3.141584,0.000022,0.000068
7.192589,-2.760001,-0.545029,-16.306251,-0.058000,-0.265375,0.038625,0.432279,-0.539159,0.092783,-3.141578,0.000029,0.000058
7.196590,-2.760000,-0.545035,-16.306252,-0.058000,-0.265375,0.038625,0.432307,-0.539072,0.092783,-3.141575,0.000033,0.000050
7.200595,-2.759998,-0.545039,-16.306252,-0.058000,-0.265375,0.038625,0.432331,-0.538986,0.092781,-3.141572,0.000036,0.000037
7.204613,-2.759998,-0.545039,-16.306252,-0.058000,-0.265375,0.038625,0.432331,-0.538986,0.092781,-3.141572,0.000036,0.000037
7.208589,-2.759997,-0.545043,-16.306252,-0.058000,-0.265375,0.038625,0.432357,-0.538898,0.092779,-3.141570,0.000039,0.000028
7.212589,-2.759997,-0.545043,-16.306252,-0.058000,-0.265375,0.038625,0.432357,-0.538898,0.092779,-3.141570,0.000039,0.000028
7.216571,-2.759994,-0.545052,-16.306252,-0.057999,-0.265375,0.038625,0.432435,-0.538637,0.092779,-3.141565,0.000045,-0.000002
7.220606,-2.759994,-0.545052,-16.306252,-0.057999,-0.265375,0.038625,0.432435,-0.538637,0.092779,-3.141565,0.000045,-0.000002
7.224591,-2.749998,-0.575040,-16.836252,-0.055000,-0.271375,0.039625,0.432489,-0.538466,0.092780,-3.141571,0.000037,-0.000003
7.228591,-2.749998,-0.575038,-16.836251,-0.055000,-0.271375,0.039625,0.432517,-0.538379,0.092781,-3.141573,0.000036,0.000009
7.232589,-2.749998,-0.575038,-16.836251,-0.055000,-0.271375,0.039625,0.432517,-0.538379,0.092781,-3.141573,0.000036,0.000009
7.236590,-2.750004,-0.575021,-16.836251,-0.055000,-0.271375,0.039625,0.432572,-0.538209,0.092784,-3.141582,0.000024,0.000035
7.240589,-2.750004,-0.575021,-16.836251,-0.055000,-0.271375,0.039625,0.432572,-0.538209,0.092784,-3.141582,0.000024,0.000035
7.244553,-2.750005,-0.575019,-16.836251,-0.055000,-0.271375,0.039625,0.432600,-0.538122,0.092784,-3.141583,0.000022,0.000046
7.248596,-2.750010,-0.575003,-16.836250,-0.055000,-0.271375,0.039625,0.432654,-0.537951,0.092789,-3.141593,0.000011,0.000065
7.252589,-2.750010,-0.575003,-16.836250,-0.055000,-0.271375,0.039625,0.432654,-0.537951,0.092789,-3.141593,0.000011,0.000065
7.256589,-2.750013,-0.574994,-16.836250,-0.055000,-0.271375,0.039625,0.432682,-0.537865,0.092790,3.141587,0.000004,0.000077
7.260590,-2.790014,-0.584990,-16.886250,-0.051000,-0.275375,0.038625,0.432707,-0.537779,0.092789,3.141586,0.000002,0.000084
7.264589,-2.790015,-0.584987,-16.886250,-0.051000,-0.275375,0.038625,0.432733,-0.537692,0.092788,3.141584,-0.000000,0.000089
7.268715,-2.790018,-0.584978,-16.886250,-0.051000,-0.275375,0.038625,0.432759,-0.537607,0.092789,3.141578,-0.000007,0.000090
7.272589,-2.790017,-0.584982,-16.886250,-0.051000,-0.275375,0.038625,0.432785,-0.537519,0.092787,3.141581,-0.000004,0.000088
7.276589,-2.790018,-0.584977,-16.886250,-0.051000,-0.275375,0.038625,0.432813,-0.537433,0.092785,3.141578,-0.000007,0.000086
7.280548,-2.790017,-0.584981,-16.886250,-0.051000,-0.275375,0.038625,0.432838,-0.537348,0.092782,3.141580,-0.000005,0.000080
7.284529,-2.790018,-0.584977,-16.886250,-0.051000,-0.275375,0.038625,0.432865,-0.537260,0.092781,3.141578,-0.000007,0.000072
7.288613,-2.790019,-0.584974,-16.886250,-0.051000,-0.275375,0.038625,0.432891,-0.537176,0.092781,3.141576,-0.000009,0.000018
7.292614,-2.790018,-0.584977,-16.886250,-0.051000,-0.275375,0.038625,0.432919,-0.537089,0.092778,3.141578,-0.000007,0.000043
7.296549,-2.790019,-0.584975,-16.886250,-0.051000,-0.275375,0.038625,0.432952,-0.536984,0.092778,3.141577,-0.000009,0.000028
7.300612,-2.730016,-0.574985,-16.646249,-0.050000,-0.270375,0.038625,0.432972,-0.536918,0.092774,3.141583,-0.000002,0.000022
7.304603,-2.730017,-0.574983,-16.646249,-0.050000,-0.270375,0.038625,0.433005,-0.536813,0.092774,3.141581,-0.000004,0.000007
7.308599,-2.730015,-0.574988,-16.646249,-0.050000,-0.270375,0.038625,0.433025,-0.536747,0.092773,3.141584,0.000000,-0.000033
7.312595,-2.730010,-0.575005,-16.646250,-0.050000,-0.270375,0.038625,0.433055,-0.536639,0.092769,-3.141592,0.000012,-0.000014
7.316595,-2.730008,-0.575010,-16.646250,-0.050000,-0.270375,0.038625,0.433082,-0.536552,0.092769,-3.141588,0.000016,-0.000016
7.320593,-2.730007,-0.575013,-16.646250,-0.050000,-0.270375,0.038625,0.433109,-0.536465,0.092766,-3.141587,0.000018,-0.000018
7.324584,-2.730005,-0.575019,-16.646250,-0.050000,-0.270375,0.038625,0.433134,-0.536380,0.092766,-3.141584,0.000022,-0.000017
7.328594,-2.730006,-0.575017,-16.646250,-0.050000,-0.270375,0.038625,0.433161,-0.536293,0.092766,-3.141585,0.000021,-0.000006
7.332588,-2.730002,-0.575028,-16.646251,-0.050000,-0.270375,0.038625,0.433186,-0.536207,0.092763,-3.141579,0.000028,0.000002
7.336588,-2.730000,-0.575035,-16.646251,-0.050000,-0.270375,0.038625,0.433214,-0.536121,0.092764,-3.141575,0.000033,0.000013
7.340586,-2.739998,-0.525039,-16.556252,-0.055000,-0.268375,0.038625,0.433237,-0.536039,0.092762,-3.141572,0.000036,0.000016
7.344590,-2.739999,-0.525038,-16.556252,-0.055000,-0.268375,0.038625,0.433264,-0.535956,0.092763,-3.141573,0.000035,0.000030
7.348587,-2.739999,-0.525037,-16.556252,-0.055000,-0.268375,0.038625,0.433288,-0.535874,0.092765,-3.141573,0.000035,0.000039
7.352591,-2.739999,-0.525037,-16.556252,-0.055000,-0.268375,0.038625,0.433314,-0.535790,0.092767,-3.141573,0.000035,0.000047
7.356587,-2.740001,-0.525030,-16.556251,-0.055000,-0.268375,0.038625,0.433340,-0.535710,0.092769,-3.141578,0.000030,0.000049
7.360634,-2.740000,-0.525034,-16.556252,-0.055000,-0.268375,0.038625,0.433364,-0.535628,0.092768,-3.141575,0.000033,0.000045
7.364620,-2.740004,-0.525020,-16.556251,-0.055000,-0.268375,0.038625,0.433392,-0.535546,0.092772,-3.141583,0.000023,0.000053
7.368657,-2.740005,-0.525018,-16.556251,-0.055000,-0.268375,0.038625,0.433415,-0.535464,0.092772,-3.141584,0.000021,0.000049
7.372618,-2.740006,-0.525016,-16.556251,-0.055000,-0.268375,0.038625,0.433443,-0.535381,0.092772,-3.141585,0.000020,0.000049
7.376620,-2.740008,-0.525008,-16.556251,-0.055000,-0.268375,0.038625,0.433467,-0.535299,0.092775,-3.141590,0.000015,0.000045
7.380610,-2.790011,-0.434999,-16.886251,-0.066000,-0.269375,0.038625,0.433494,-0.535217,0.092776,3.141591,0.000008,0.000039
7.384530,-2.790014,-0.434992,-16.886250,-0.066000,-0.269375,0.038625,0.433518,-0.535135,0.092778,3.141586,0.000003,0.000028
7.388545,-2.790015,-0.434989,-16.886250,-0.066000,-0.269375,0.038625,0.433544,-0.535051,0.092778,3.141585,0.000001,0.000022
7.392628,-2.790015,-0.434988,-16.886250,-0.066000,-0.269375,0.038625,0.433568,-0.534969,0.092780,3.141584,0.000000,0.000011
7.396619,-2.790016,-0.434985,-16.886250,-0.066000,-0.269375,0.038625,0.433594,-0.534885,0.092779,3.141583,-0.000002,0.000005
7.400621,-2.790015,-0.434988,-16.886250,-0.066000,-0.269375,0.038625,0.433616,-0.534802,0.092776,3.141584,0.000001,0.000001
7.404615,-2.790017,-0.434981,-16.886250,-0.066000,-0.269375,0.038625,0.433644,-0.534721,0.092779,3.141580,-0.000005,-0.000005
7.408608,-2.790016,-0.434983,-16.886250,-0.066000,-0.269375,0.038625,0.433668,-0.534639,0.092775,3.141582,-0.000003,-0.000016
7.412604,-2.790019,-0.434974,-16.886250,-0.066000,-0.269375,0.038625,0.433695,-0.534556,0.092777,3.141577,-0.000009,-0.000022
7.416605,-2.790025,-0.434957,-16.886249,-0.066001,-0.269375,0.038625,0.433722,-0.534473,0.092777,3.141567,-0.000022,-0.000055
7.420599,-2.850017,-0.414983,-16.766250,-0.062000,-0.272375,0.037625,0.433744,-0.534390,0.092774,3.141582,-0.000003,-0.000026
7.424595,-2.850020,-0.414974,-16.766250,-0.062000,-0.272375,0.037625,0.433773,-0.534308,0.092774,3.141576,-0.000010,-0.000052
7.428593,-2.850018,-0.414980,-16.766250,-0.062000,-0.272375,0.037625,0.433797,-0.534227,0.092774,3.141580,-0.000006,-0.000016
7.432595,-2.850017,-0.414983,-16.766250,-0.062000,-0.272375,0.037625,0.433824,-0.534144,0.092772,3.141582,-0.000003,-0.000029
7.436591,-2.850011,-0.415001,-16.766251,-0.062000,-0.272375,0.037625,0.433853,-0.534039,0.092768,3.141591,0.000009,0.000006
7.440592,-2.850010,-0.415004,-16.766251,-0.062000,-0.272375,0.037625,0.433879,-0.533956,0.092766,-3.141592,0.000012,0.000019
7.444581,-2.850006,-0.415015,-16.766251,-0.062000,-0.272375,0.037625,0.433906,-0.533873,0.092763,-3.141586,0.000020,0.000033
7.448587,-2.850003,-0.415025,-16.766251,-0.062000,-0.272375,0.037625,0.433928,-0.533790,0.092758,-3.141580,0.000026,0.000036
7.452590,-2.850006,-0.415018,-16.766251,-0.062000,-0.272375,0.037625,0.433957,-0.533708,0.092761,-3.141584,0.000021,0.000043
7.456589,-2.850004,-0.415022,-16.766251,-0.062000,-0.272375,0.037625,0.433980,-0.533626,0.092760,-3.141582,0.000024,0.000046
7.460594,-2.860001,-0.515032,-16.556252,-0.056000,-0.273375,0.037625,0.434005,-0.533542,0.092756,-3.141577,0.000031,0.000047
7.464605,-2.860002,-0.515030,-16.556252,-0.056000,-0.273375,0.037625,0.434029,-0.533461,0.092756,-3.141577,0.000030,0.000049
7.468690,-2.860000,-0.515034,-16.556252,-0.056000,-0.273375,0.037625,0.434056,-0.533378,0.092754,-3.141575,0.000033,0.000050
7.472595,-2.859998,-0.515042,-16.556252,-0.056000,-0.273375,0.037625,0.434080,-0.533292,0.092748,-3.141571,0.000038,0.000057
7.476591,-2.859998,-0.515041,-16.556252,-0.056000,-0.273375,0.037625,0.434104,-0.533211,0.092749,-3.141572,0.000037,0.000053
7.480590,-2.859999,-0.515039,-16.556252,-0.056000,-0.273375,0.037625,0.434131,-0.533128,0.092750,-3.141572,0.000036,0.000054
7.484595,-2.859999,-0.515038,-16.556252,-0.056000,-0.273375,0.037625,0.434155,-0.533047,0.092750,-3.141573,0.000036,0.000043
7.488589,-2.860001,-0.515031,-16.556252,-0.056000,-0.273375,0.037625,0.434182,-0.532965,0.092754,-3.141577,0.000031,0.000043
7.492588,-2.860004,-0.515024,-16.556251,-0.056000,-0.273375,0.037625,0.434210,-0.532883,0.092757,-3.141581,0.000026,0.000037
7.496584,-2.860004,-0.515024,-16.556251,-0.056000,-0.273375,0.037625,0.434233,-0.532801,0.092759,-3.141581,0.000025,0.000026
7.500584,-2.760006,-0.585017,-16.816250,-0.049000,-0.276375,0.037625,0.434258,-0.532720,0.092762,-3.141585,0.000021,0.000016
7.504620,-2.760005,-0.585018,-16.816250,-0.049000,-0.276375,0.037625,0.434284,-0.532637,0.092765,-3.141584,0.000022,0.000009
7.508608,-2.760005,-0.585018,-16.816250,-0.049000,-0.276375,0.037625,0.434310,-0.532553,0.092767,-3.141584,0.000021,0.000003
7.512529,-2.760006,-0.585017,-16.816250,-0.049000,-0.276375,0.037625,0.434332,-0.532471,0.092769,-3.141585,0.000021,-0.000001
7.516602,-2.760006,-0.585017,-16.816250,-0.049000,-0.276375,0.037625,0.434332,-0.532471,0.092769,-3.141585,0.000021,-0.000001
7.520598,-2.760010,-0.585003,-16.816250,-0.049000,-0.276375,0.037625,0.434383,-0.532306,0.092775,-3.141593,0.000011,0.000002
7.524596,-2.760008,-0.585009,-16.816250,-0.049000,-0.276375,0.037625,0.434406,-0.532221,0.092775,-3.141589,0.000015,0.000010
7.528592,-2.760010,-0.585002,-16.816250,-0.049000,-0.276375,0.037625,0.434433,-0.532138,0.092778,3.141592,0.000010,0.000017
7.532592,-2.760009,-0.585008,-16.816250,-0.049000,-0.276375,0.037625,0.434457,-0.532053,0.092778,-3.141590,0.000014,0.000024
7.536592,-2.760009,-0.585006,-16.816250,-0.049000,-0.276375,0.037625,0.434483,-0.531970,0.092779,-3.141591,0.000013,0.000031
7.540592,-2.870009,-0.535006,-16.986250,-0.054000,-0.279375,0.038625,0.434511,-0.531884,0.092781,-3.141591,0.000013,0.000043
7.544591,-2.870005,-0.535019,-16.986251,-0.054000,-0.279375,0.038625,0.434528,-0.531790,0.092772,-3.141584,0.000022,0.000021
7.548588,-2.870006,-0.535016,-16.986250,-0.054000,-0.279375,0.038625,0.434556,-0.531704,0.092771,-3.141586,0.000020,0.000026
7.552588,-2.870016,-0.534984,-16.986249,-0.054000,-0.279375,0.038625,0.434603,-0.531606,0.092790,3.141582,-0.000002,0.000063
7.556589,-2.870017,-0.534983,-16.986249,-0.054000,-0.279375,0.038625,0.434627,-0.531522,0.092790,3.141581,-0.000004,0.000063
7.560590,-2.870017,-0.534982,-16.986249,-0.054000,-0.279375,0.038625,0.434654,-0.531436,0.092792,3.141581,-0.000004,0.000068
7.564590,-2.870015,-0.534988,-16.986250,-0.054000,-0.279375,0.038625,0.434680,-0.531348,0.092792,3.141584,0.000000,0.000067
7.568558,-2.870012,-0.534998,-16.986250,-0.054000,-0.279375,0.038625,0.434706,-0.531261,0.092789,3.141590,0.000007,0.000072
7.572589,-2.870012,-0.534996,-16.986250,-0.054000,-0.279375,0.038625,0.434732,-0.531174,0.092789,3.141589,0.000006,0.000077
7.576589,-2.870011,-0.535000,-16.986250,-0.054000,-0.279375,0.038625,0.434756,-0.531089,0.092786,3.141591,0.000008,0.000070
7.580590,-2.690010,-0.465003,-16.436251,-0.059000,-0.263375,0.036625,0.434782,-0.531002,0.092784,3.141592,0.000011,0.000069
7.584596,-2.690007,-0.465013,-16.436251,-0.059000,-0.263375,0.036625,0.434807,-0.530914,0.092780,-3.141587,0.000018,0.000067
7.588588,-2.690008,-0.465010,-16.436251,-0.059000,-0.263375,0.036625,0.434835,-0.530829,0.092780,-3.141589,0.000016,0.000065
7.592552,-2.690007,-0.465015,-16.436251,-0.059000,-0.263375,0.036625,0.434860,-0.530744,0.092778,-3.141586,0.000019,0.000052
7.596589,-2.690011,-0.465001,-16.436251,-0.059000,-0.263375,0.036625,0.434889,-0.530660,0.092783,3.141591,0.000009,0.000050
7.600589,-2.690009,-0.465006,-16.436251,-0.059000,-0.263375,0.036625,0.434916,-0.530574,0.092781,-3.141591,0.000013,0.000042
7.604589,-2.690012,-0.464997,-16.436251,-0.059000,-0.263375,0.036625,0.434945,-0.530489,0.092783,3.141589,0.000006,0.000047
7.608589,-2.690013,-0.464995,-16.436251,-0.059000,-0.263375,0.036625,0.434974,-0.530404,0.092784,3.141588,0.000005,0.000039
7.612591,-2.690009,-0.465006,-16.436251,-0.059000,-0.263375,0.036625,0.434999,-0.530317,0.092780,-3.141591,0.000013,0.000037
7.616587,-2.690009,-0.465005,-16.436251,-0.059000,-0.263375,0.036625,0.435024,-0.530233,0.092782,-3.141591,0.000013,0.000037
7.620589,-2.750010,-0.555003,-15.966251,-0.057000,-0.258375,0.036625,0.435052,-0.530147,0.092781,3.141592,0.000011,0.000036
7.624589,-2.750009,-0.555008,-15.966251,-0.057000,-0.258375,0.036625,0.435080,-0.530058,0.092781,-3.141590,0.000014,0.000045
7.628589,-2.750003,-0.555025,-15.966251,-0.057000,-0.258375,0.036625,0.435101,-0.529971,0.092776,-3.141581,0.000026,0.000046
7.632589,-2.750004,-0.555024,-15.966251,-0.057000,-0.258375,0.036625,0.435130,-0.529883,0.092777,-3.141581,0.000026,0.000055
7.636590,-2.750002,-0.555028,-15.966251,-0.057000,-0.258375,0.036625,0.435153,-0.529797,0.092776,-3.141579,0.000029,0.000056
7.640588,-2.750000,-0.555034,-15.966251,-0.057000,-0.258375,0.036625,0.435178,-0.529710,0.092776,-3.141576,0.000033,0.000061
7.644588,-2.749999,-0.555040,-15.966252,-0.057000,-0.258375,0.036625,0.435204,-0.529622,0.092775,-3.141572,0.000037,0.000059
7.648593,-2.749999,-0.555040,-15.966252,-0.057000,-0.258375,0.036625,0.435204,-0.529622,0.092775,-3.141572,0.000037,0.000059
7.652599,-2.750001,-0.555033,-15.966251,-0.057000,-0.258375,0.036625,0.435232,-0.529538,0.092779,-3.141576,0.000032,0.000057
7.656589,-2.760003,-0.505027,-16.056251,-0.058000,-0.260375,0.036625,0.435289,-0.529364,0.092785,-3.141579,0.000028,0.000058
7.660589,-2.760003,-0.505027,-16.056251,-0.058000,-0.260375,0.036625,0.435289,-0.529364,0.092785,-3.141579,0.000028,0.000058
7.664587,-2.759998,-0.505041,-16.056252,-0.058000,-0.260375,0.036625,0.435334,-0.529184,0.092780,-3.141572,0.000038,0.000028
7.668707,-2.759998,-0.505041,-16.056252,-0.058000,-0.260375,0.036625,0.435334,-0.529184,0.092780,-3.141572,0.000038,0.000028
7.672596,-2.760006,-0.505016,-16.056251,-0.058000,-0.260375,0.036625,0.435380,-0.529083,0.092798,-3.141585,0.000020,0.000062
7.676591,-2.760008,-0.505011,-16.056251,-0.058000,-0.260375,0.036625,0.435434,-0.528911,0.092804,-3.141588,0.000016,0.000052
7.680553,-2.760008,-0.505011,-16.056251,-0.058000,-0.260375,0.036625,0.435434,-0.528911,0.092804,-3.141588,0.000016,0.000052
7.684595,-2.760004,-0.505022,-16.056251,-0.058000,-0.260375,0.036625,0.435457,-0.528822,0.092802,-3.141582,0.000025,0.000044
7.688590,-2.760006,-0.505017,-16.056251,-0.058000,-0.260375,0.036625,0.435485,-0.528736,0.092807,-3.141585,0.000021,0.000042
7.692598,-2.760005,-0.505021,-16.056251,-0.058000,-0.260375,0.036625,0.435511,-0.528646,0.092805,-3.141583,0.000024,0.000038
7.696589,-2.760003,-0.505026,-16.056251,-0.058000,-0.260375,0.036625,0.435536,-0.528559,0.092805,-3.141580,0.000028,0.000036
7.700599,-2.740003,-0.505026,-15.926251,-0.054000,-0.262375,0.036625,0.435563,-0.528473,0.092806,-3.141580,0.000027,0.000034
7.704594,-2.740002,-0.505029,-15.926251,-0.054000,-0.262375,0.036625,0.435589,-0.528386,0.092804,-3.141578,0.000030,0.000033
7.708590,-2.740005,-0.505021,-15.926251,-0.054000,-0.262375,0.036625,0.435618,-0.528298,0.092806,-3.141583,0.000024,0.000035
7.712603,-2.740002,-0.505030,-15.926251,-0.054000,-0.262375,0.036625,0.435672,-0.528126,0.092804,-3.141577,0.000030,0.000039
7.716590,-2.740002,-0.505030,-15.926251,-0.054000,-0.262375,0.036625,0.435672,-0.528126,0.092804,-3.141577,0.000030,0.000039
7.720597,-2.740002,-0.505029,-15.926251,-0.054000,-0.262375,0.036625,0.435697,-0.528039,0.092804,-3.141579,0.000029,0.000037
7.724590,-2.740003,-0.505025,-15.926251,-0.054000,-0.262375,0.036625,0.435726,-0.527954,0.092802,-3.141581,0.000026,0.000035
7.728575,-2.740001,-0.505032,-15.926251,-0.054000,-0.262375,0.036625,0.435777,-0.527781,0.092798,-3.141576,0.000032,0.000032
7.732590,-2.740001,-0.505032,-15.926251,-0.054000,-0.262375,0.036625,0.435777,-0.527781,0.092798,-3.141576,0.000032,0.000032
7.736595,-2.740004,-0.505023,-15.926251,-0.054000,-0.262375,0.036625,0.435806,-0.527696,0.092800,-3.141581,0.000025,0.000030
7.740604,-2.480001,-0.615032,-15.006251,-0.047000,-0.244375,0.034625,0.435855,-0.527529,0.092796,-3.141577,0.000031,0.000018
7.744591,-2.479998,-0.615041,-15.006252,-0.047000,-0.244375,0.034625,0.435879,-0.527444,0.092792,-3.141572,0.000038,0.000018
7.748599,-2.479998,-0.615041,-15.006252,-0.047000,-0.244375,0.034625,0.435879,-0.527444,0.092792,-3.141572,0.000038,0.000018
7.752594,-2.479995,-0.615052,-15.006252,-0.046999,-0.244375,0.034625,0.435904,-0.527361,0.092789,-3.141565,0.000046,0.000019
7.756592,-2.479994,-0.615056,-15.006252,-0.046999,-0.244375,0.034625,0.435927,-0.527280,0.092787,-3.141563,0.000049,0.000008
7.760590,-2.479995,-0.615054,-15.006252,-0.046999,-0.244375,0.034625,0.435956,-0.527196,0.092786,-3.141565,0.000047,0.000013
7.764589,-2.479991,-0.615065,-15.006252,-0.046999,-0.244375,0.034625,0.435981,-0.527112,0.092783,-3.141559,0.000055,0.000013
7.768697,-2.479994,-0.615057,-15.006252,-0.046999,-0.244375,0.034625,0.436008,-0.527030,0.092786,-3.141563,0.000049,0.000014
7.772590,-2.479992,-0.615063,-15.006252,-0.046999,-0.244375,0.034625,0.436033,-0.526947,0.092786,-3.141559,0.000054,0.000014
7.776591,-2.479994,-0.615056,-15.006252,-0.046999,-0.244375,0.034625,0.436058,-0.526867,0.092789,-3.141564,0.000049,0.000004
7.780590,-2.399994,-0.565056,-14.626252,-0.047999,-0.236375,0.032625,0.436084,-0.526785,0.092791,-3.141563,0.000049,0.000004
7.784592,-2.399991,-0.565067,-14.626252,-0.047999,-0.236375,0.032625,0.436109,-0.526701,0.092788,-3.141557,0.000057,0.000005
7.788590,-2.399991,-0.565067,-14.626252,-0.047999,-0.236375,0.032625,0.436136,-0.526619,0.092790,-3.141557,0.000057,-0.000002
7.792589,-2.399989,-0.565073,-14.626252,-0.047999,-0.236375,0.032625,0.436163,-0.526534,0.092790,-3.141554,0.000061,0.000010
7.796594,-2.399991,-0.565067,-14.626252,-0.047999,-0.236375,0.032625,0.436186,-0.526453,0.092794,-3.141558,0.000056,0.000013
7.800599,-2.399987,-0.565079,-14.626253,-0.047999,-0.236375,0.032625,0.436210,-0.526368,0.092792,-3.141551,0.000065,0.000013
7.804587,-2.399989,-0.565074,-14.626253,-0.047999,-0.236375,0.032625,0.436236,-0.526286,0.092797,-3.141554,0.000061,0.000021
7.808589,-2.399977,-0.565112,-14.626254,-0.047999,-0.236375,0.032625,0.436248,-0.526193,0.092781,-3.141533,0.000088,-0.000006
7.812590,-2.399981,-0.565099,-14.626253,-0.047999,-0.236375,0.032625,0.436275,-0.526111,0.092787,-3.141540,0.000079,0.000001
7.816589,-2.399985,-0.565086,-14.626253,-0.047999,-0.236375,0.032625,0.436316,-0.526013,0.092800,-3.141547,0.000070,0.000034
7.820590,-2.399985,-0.565087,-14.626253,-0.047999,-0.236375,0.032625,0.436341,-0.525930,0.092803,-3.141546,0.000071,0.000027
7.824589,-2.429984,-0.435087,-14.496253,-0.056999,-0.232375,0.031625,0.436368,-0.525848,0.092805,-3.141546,0.000071,0.000021
7.828589,-2.429983,-0.435093,-14.496253,-0.056999,-0.232375,0.031625,0.436393,-0.525765,0.092805,-3.141543,0.000075,0.000022
7.832589,-2.429985,-0.435087,-14.496253,-0.056999,-0.232375,0.031625,0.436418,-0.525682,0.092809,-3.141547,0.000071,0.000009
7.836589,-2.429985,-0.435087,-14.496253,-0.056999,-0.232375,0.031625,0.436444,-0.525600,0.092811,-3.141546,0.000071,0.000009
7.840590,-2.429985,-0.435086,-14.496253,-0.056999,-0.232375,0.031625,0.436470,-0.525516,0.092812,-3.141547,0.000070,0.000003
7.844588,-2.429987,-0.435078,-14.496253,-0.056999,-0.232375,0.031625,0.436496,-0.525435,0.092814,-3.141551,0.000065,0.000003
7.848589,-2.429988,-0.435077,-14.496252,-0.056999,-0.232375,0.031625,0.436522,-0.525352,0.092815,-3.141552,0.000064,-0.000003
7.852589,-2.429990,-0.435068,-14.496252,-0.056999,-0.232375,0.031625,0.436547,-0.525269,0.092816,-3.141557,0.000057,-0.000002
7.856589,-2.429991,-0.435066,-14.496252,-0.056999,-0.232375,0.031625,0.436574,-0.525187,0.092816,-3.141558,0.000055,-0.000002
7.860589,-2.399994,-0.425057,-13.836252,-0.051999,-0.224375,0.031625,0.436597,-0.525106,0.092817,-3.141563,0.000049,-0.000013
7.864590,-2.399997,-0.425047,-13.836252,-0.051999,-0.224375,0.031625,0.436624,-0.525025,0.092818,-3.141569,0.000042,-0.000012
7.868695,-2.399996,-0.425050,-13.836252,-0.051999,-0.224375,0.031625,0.436649,-0.524941,0.092815,-3.141567,0.000045,-0.000012
7.872590,-2.400000,-0.425036,-13.836251,-0.052000,-0.224375,0.031625,0.436676,-0.524860,0.092819,-3.141575,0.000034,-0.000004
7.876590,-2.399999,-0.425039,-13.836252,-0.052000,-0.224375,0.031625,0.436701,-0.524777,0.092816,-3.141573,0.000037,0.000003
7.880590,-2.400002,-0.425030,-13.836251,-0.052000,-0.224375,0.031625,0.436726,-0.524694,0.092818,-3.141578,0.000030,0.000010
7.884590,-2.400003,-0.425028,-13.836251,-0.052000,-0.224375,0.031625,0.436753,-0.524612,0.092818,-3.141579,0.000029,0.000017
7.888590,-2.400004,-0.425025,-13.836251,-0.052000,-0.224375,0.031625,0.436779,-0.524530,0.092817,-3.141580,0.000027,0.000031
7.892596,-2.400005,-0.425022,-13.836251,-0.052000,-0.224375,0.031625,0.436805,-0.524447,0.092816,-3.141583,0.000024,0.000032
7.896591,-2.400004,-0.425025,-13.836251,-0.052000,-0.224375,0.031625,0.436829,-0.524364,0.092813,-3.141581,0.000027,0.000039
7.900590,-2.240006,-0.495017,-12.826251,-0.045000,-0.209375,0.028625,0.436861,-0.524264,0.092816,-3.141585,0.000021,0.000040
7.904554,-2.240003,-0.495028,-12.826251,-0.045000,-0.209375,0.028625,0.436881,-0.524200,0.092812,-3.141579,0.000029,0.000047
7.908588,-2.240007,-0.495012,-12.826250,-0.045000,-0.209375,0.028625,0.436914,-0.524100,0.092815,-3.141588,0.000018,0.000054
7.912590,-2.240006,-0.495017,-12.826251,-0.045000,-0.209375,0.028625,0.436925,-0.524029,0.092815,-3.141585,0.000021,0.000028
7.916590,-2.240007,-0.495015,-12.826251,-0.045000,-0.209375,0.028625,0.436966,-0.523935,0.092814,-3.141586,0.000020,0.000048
7.920590,-2.240005,-0.495020,-12.826251,-0.045000,-0.209375,0.028625,0.436989,-0.523855,0.092813,-3.141583,0.000023,0.000044
7.924590,-2.240004,-0.495025,-12.826251,-0.045000,-0.209375,0.028625,0.437017,-0.523770,0.092812,-3.141581,0.000027,0.000049
7.928590,-2.240004,-0.495025,-12.826251,-0.045000,-0.209375,0.028625,0.437017,-0.523770,0.092812,-3.141581,0.000027,0.000049
7.932591,-2.239998,-0.495044,-12.826251,-0.045000,-0.209375,0.028625,0.437067,-0.523604,0.092811,-3.141570,0.000040,0.000044
7.936590,-2.239998,-0.495044,-12.826251,-0.045000,-0.209375,0.028625,0.437067,-0.523604,0.092811,-3.141570,0.000040,0.000044
7.940591,-2.239996,-0.495050,-12.826252,-0.044999,-0.209375,0.028625,0.437091,-0.523521,0.092811,-3.141567,0.000044,0.000031
7.944590,-2.099993,-0.515061,-12.346252,-0.037999,-0.202375,0.027625,0.437141,-0.523351,0.092810,-3.141561,0.000052,0.000023
7.948591,-2.099989,-0.515074,-12.346252,-0.037999,-0.202375,0.027625,0.437165,-0.523263,0.092809,-3.141554,0.000061,0.000014
7.952589,-2.099991,-0.515067,-12.346252,-0.037999,-0.202375,0.027625,0.437192,-0.523178,0.092812,-3.141558,0.000057,0.000006
7.956590,-2.099986,-0.515085,-12.346253,-0.037999,-0.202375,0.027625,0.437215,-0.523090,0.092809,-3.141548,0.000070,0.000004
7.960591,-2.099983,-0.515092,-12.346253,-0.037999,-0.202375,0.027625,0.437240,-0.523004,0.092810,-3.141544,0.000075,0.000002
7.964593,-2.099984,-0.515091,-12.346253,-0.037999,-0.202375,0.027625,0.437268,-0.522919,0.092810,-3.141545,0.000074,0.000001
7.968589,-2.099988,-0.515077,-12.346252,-0.037999,-0.202375,0.027625,0.437295,-0.522834,0.092815,-3.141552,0.000064,-0.000001
7.972559,-2.099989,-0.515076,-12.346252,-0.037999,-0.202375,0.027625,0.437322,-0.522749,0.092815,-3.141553,0.000063,0.000011
7.976592,-2.139991,-0.465067,-12.046252,-0.038999,-0.202375,0.026625,0.437347,-0.522667,0.092817,-3.141558,0.000057,0.000018
7.980590,-2.139997,-0.465047,-12.046252,-0.038999,-0.202375,0.026625,0.437379,-0.522582,0.092823,-3.141569,0.000042,0.000034
7.984588,-2.139998,-0.465044,-12.046252,-0.039000,-0.202375,0.026625,0.437403,-0.522498,0.092823,-3.141570,0.000040,0.000041
7.988595,-2.140001,-0.465035,-12.046251,-0.039000,-0.202375,0.026625,0.437430,-0.522413,0.092824,-3.141575,0.000034,0.000046
7.992589,-2.140003,-0.465026,-12.046251,-0.039000,-0.202375,0.026625,0.437458,-0.522328,0.092825,-3.141580,0.000028,0.000058
7.996603,-2.140002,-0.465029,-12.046251,-0.039000,-0.202375,0.026625,0.437479,-0.522243,0.092823,-3.141578,0.000030,0.000065
8.000590,-2.140006,-0.465018,-12.046251,-0.039000,-0.202375,0.026625,0.437507,-0.522159,0.092822,-3.141585,0.000022,0.000070
8.004589,-2.140016,-0.464985,-12.046250,-0.039000,-0.202375,0.026625,0.437535,-0.522074,0.092824,3.141583,-0.000002,0.000055
8.008589,-2.140008,-0.465010,-12.046251,-0.039000,-0.202375,0.026625,0.437549,-0.521979,0.092819,-3.141589,0.000016,0.000060
8.012590,-2.140012,-0.464999,-12.046250,-0.039000,-0.202375,0.026625,0.437590,-0.521883,0.092818,3.141590,0.000008,0.000085
8.016594,-1.900013,-0.464996,-11.496250,-0.038000,-0.186375,0.025625,0.437616,-0.521797,0.092817,3.141589,0.000006,0.000084
8.020589,-1.900013,-0.464996,-11.496250,-0.038000,-0.186375,0.025625,0.437616,-0.521797,0.092817,3.141589,0.000006,0.000084
8.024590,-1.900017,-0.464982,-11.496250,-0.038000,-0.186375,0.025625,0.437672,-0.521629,0.092816,3.141581,-0.000004,0.000074
8.028595,-1.900017,-0.464981,-11.496250,-0.038000,-0.186375,0.025625,0.437699,-0.521544,0.092817,3.141580,-0.000005,0.000065
8.032590,-1.900018,-0.464977,-11.496249,-0.038000,-0.186375,0.025625,0.437726,-0.521459,0.092815,3.141578,-0.000008,0.000057
8.036590,-1.900022,-0.464966,-11.496249,-0.038000,-0.186375,0.025625,0.437753,-0.521374,0.092814,3.141572,-0.000016,0.000048
8.040593,-1.900022,-0.464963,-11.496249,-0.038000,-0.186375,0.025625,0.437781,-0.521287,0.092814,3.141571,-0.000018,0.000044
8.044595,-1.900021,-0.464966,-11.496249,-0.038000,-0.186375,0.025625,0.437808,-0.521201,0.092811,3.141572,-0.000015,0.000029
8.048591,-1.900021,-0.464968,-11.496249,-0.038000,-0.186375,0.025625,0.437835,-0.521113,0.092808,3.141574,-0.000014,0.000018
8.052597,-1.900018,-0.464977,-11.496249,-0.038000,-0.186375,0.025625,0.437859,-0.521026,0.092802,3.141578,-0.000008,0.000003
8.056590,-1.860015,-0.464986,-11.296250,-0.037000,-0.181375,0.025625,0.437886,-0.520937,0.092798,3.141583,-0.000001,-0.000008
8.060591,-1.870012,-0.444999,-11.086250,-0.041000,-0.178375,0.025625,0.437909,-0.520850,0.092789,3.141590,0.000008,-0.000016
8.064589,-1.870008,-0.445012,-11.086251,-0.041000,-0.178375,0.025625,0.437935,-0.520760,0.092781,-3.141588,0.000018,-0.000006
8.068589,-1.870007,-0.445014,-11.086251,-0.041000,-0.178375,0.025625,0.437962,-0.520675,0.092776,-3.141587,0.000018,0.000005
8.072590,-1.870003,-0.445027,-11.086251,-0.041000,-0.178375,0.025625,0.437987,-0.520586,0.092768,-3.141580,0.000028,0.000022
8.076594,-1.870003,-0.445029,-11.086251,-0.041000,-0.178375,0.025625,0.438015,-0.520498,0.092764,-3.141579,0.000029,0.000031
8.080590,-1.870006,-0.445019,-11.086251,-0.041000,-0.178375,0.025625,0.438043,-0.520414,0.092764,-3.141584,0.000022,0.000043
8.084590,-1.870004,-0.445026,-11.086251,-0.041000,-0.178375,0.025625,0.438068,-0.520328,0.092758,-3.141580,0.000027,0.000061
8.088589,-1.870003,-0.445027,-11.086251,-0.041000,-0.178375,0.025625,0.438097,-0.520241,0.092753,-3.141580,0.000028,0.000064
8.092590,-1.870004,-0.445023,-11.086251,-0.041000,-0.178375,0.025625,0.438126,-0.520154,0.092752,-3.141582,0.000025,0.000080
8.096591,-1.870004,-0.445024,-11.086251,-0.041000,-0.178375,0.025625,0.438153,-0.520069,0.092747,-3.141581,0.000026,0.000085
8.100590,-1.870004,-0.445024,-11.086251,-0.041000,-0.178375,0.025625,0.438153,-0.520069,0.092747,-3.141581,0.000026,0.000085
8.104590,-1.920008,-0.395011,-11.326250,-0.046000,-0.180375,0.026625,0.438186,-0.519963,0.092745,-3.141588,0.000017,0.000088
8.108590,-1.920010,-0.395003,-11.326250,-0.046000,-0.180375,0.026625,0.438242,-0.519788,0.092733,3.141592,0.000011,0.000087
8.112595,-1.920012,-0.394997,-11.326250,-0.046000,-0.180375,0.026625,0.438262,-0.519724,0.092729,3.141589,0.000007,0.000081
8.116602,-1.920015,-0.394989,-11.326250,-0.046000,-0.180375,0.026625,0.438290,-0.519636,0.092724,3.141585,0.000001,0.000070
8.120590,-1.920015,-0.394988,-11.326250,-0.046000,-0.180375,0.026625,0.438313,-0.519548,0.092718,3.141585,0.000000,0.000062
8.124590,-1.920015,-0.394988,-11.326250,-0.046000,-0.180375,0.026625,0.438313,-0.519548,0.092718,3.141585,0.000000,0.000062
8.128551,-1.920020,-0.394972,-11.326249,-0.046000,-0.180375,0.026625,0.438340,-0.519464,0.092712,3.141576,-0.000011,0.000046
8.132591,-1.920022,-0.394965,-11.326249,-0.046000,-0.180375,0.026625,0.438367,-0.519376,0.092708,3.141572,-0.000016,0.000036
8.136589,-1.920033,-0.394928,-11.326248,-0.046001,-0.180375,0.026625,0.438429,-0.519186,0.092701,3.141552,-0.000043,0.000003
8.140595,-1.920033,-0.394928,-11.326248,-0.046001,-0.180375,0.026625,0.438429,-0.519186,0.092701,3.141552,-0.000043,0.000003
8.144552,-2.150041,-0.454899,-12.736247,-0.048001,-0.206375,0.030625,0.438487,-0.519017,0.092693,3.141536,-0.000063,-0.000016
8.148591,-2.150041,-0.454899,-12.736247,-0.048001,-0.206375,0.030625,0.438487,-0.519017,0.092693,3.141536,-0.000063,-0.000016
8.152547,-2.150049,-0.454872,-12.736246,-0.048002,-0.206375,0.030625,0.438541,-0.518848,0.092687,3.141521,-0.000083,-0.000026
8.156549,-2.150049,-0.454872,-12.736246,-0.048002,-0.206375,0.030625,0.438541,-0.518848,0.092687,3.141521,-0.000083,-0.000026
8.160593,-2.150052,-0.454863,-12.736246,-0.048002,-0.206376,0.030625,0.438568,-0.518764,0.092680,3.141516,-0.000090,-0.000021
8.164629,-2.150050,-0.454869,-12.736246,-0.048002,-0.206375,0.030625,0.438597,-0.518677,0.092673,3.141520,-0.000085,-0.000012
8.168554,-2.150050,-0.454867,-12.736246,-0.048002,-0.206376,0.030625,0.438648,-0.518506,0.092660,3.141519,-0.000086,-0.000002
8.172554,-2.150049,-0.454872,-12.736246,-0.048002,-0.206375,0.030625,0.438675,-0.518418,0.092651,3.141521,-0.000083,0.000015
8.176554,-2.150049,-0.454872,-12.736246,-0.048002,-0.206375,0.030625,0.438675,-0.518418,0.092651,3.141521,-0.000083,0.000015
8.180590,-2.150047,-0.454879,-12.736246,-0.048001,-0.206375,0.030625,0.438700,-0.518331,0.092644,3.141525,-0.000078,0.000020
8.184592,-2.290046,-0.564881,-14.246247,-0.049001,-0.229375,0.032625,0.438725,-0.518245,0.092641,3.141526,-0.000077,0.000031
8.188591,-2.290042,-0.564896,-14.246247,-0.049001,-0.229375,0.032625,0.438748,-0.518159,0.092634,3.141534,-0.000066,0.000036
8.192591,-2.290036,-0.564914,-14.246248,-0.049001,-0.229375,0.032625,0.438776,-0.518071,0.092630,3.141544,-0.000053,0.000046
8.196594,-2.290031,-0.564931,-14.246248,-0.049001,-0.229375,0.032625,0.438797,-0.517986,0.092625,3.141554,-0.000040,0.000046
8.200591,-2.290030,-0.564936,-14.246248,-0.049001,-0.229375,0.032625,0.438826,-0.517899,0.092624,3.141556,-0.000037,0.000049
8.204590,-2.290025,-0.564954,-14.246249,-0.049001,-0.229375,0.032625,0.438850,-0.517812,0.092619,3.141566,-0.000025,0.000041
8.208591,-2.290025,-0.564953,-14.246249,-0.049001,-0.229375,0.032625,0.438878,-0.517729,0.092620,3.141565,-0.000025,0.000039
8.212597,-2.290022,-0.564965,-14.246249,-0.049000,-0.229375,0.032625,0.438904,-0.517641,0.092619,3.141572,-0.000017,0.000042
8.216592,-2.290022,-0.564965,-14.246249,-0.049000,-0.229375,0.032625,0.438904,-0.517641,0.092619,3.141572,-0.000017,0.000042
8.220589,-2.290021,-0.564965,-14.246249,-0.049000,-0.229375,0.032625,0.438962,-0.517449,0.092616,3.141572,-0.000016,0.000016
8.224590,-2.540020,-0.604969,-15.766250,-0.055000,-0.252375,0.036625,0.438974,-0.517375,0.092613,3.141574,-0.000014,-0.000019
8.228589,-2.540019,-0.604972,-15.766250,-0.055000,-0.252375,0.036625,0.439016,-0.517276,0.092611,3.141576,-0.000011,-0.000003
8.232590,-2.540019,-0.604972,-15.766250,-0.055000,-0.252375,0.036625,0.439016,-0.517276,0.092611,3.141576,-0.000011,-0.000003
8.236591,-2.540014,-0.604989,-15.766250,-0.055000,-0.252375,0.036625,0.439064,-0.517103,0.092600,3.141585,0.000001,-0.000013
8.240556,-2.540015,-0.604986,-15.766250,-0.055000,-0.252375,0.036625,0.439089,-0.517021,0.092600,3.141584,-0.000001,-0.000026
8.244592,-2.540013,-0.604995,-15.766251,-0.055000,-0.252375,0.036625,0.439114,-0.516936,0.092595,3.141588,0.000005,-0.000035
8.248572,-2.540016,-0.604985,-15.766250,-0.055000,-0.252375,0.036625,0.439140,-0.516854,0.092595,3.141583,-0.000002,-0.000041
8.252590,-2.540017,-0.604981,-15.766250,-0.055000,-0.252375,0.036625,0.439166,-0.516769,0.092594,3.141581,-0.000005,-0.000036
8.256590,-2.540020,-0.604971,-15.766250,-0.055000,-0.252375,0.036625,0.439191,-0.516688,0.092594,3.141575,-0.000012,-0.000029
8.260563,-2.800021,-0.514967,-16.866249,-0.072000,-0.266375,0.040625,0.439216,-0.516606,0.092592,3.141573,-0.000015,-0.000021
8.264591,-2.800024,-0.514957,-16.866249,-0.072001,-0.266375,0.040625,0.439244,-0.516522,0.092592,3.141567,-0.000022,-0.000010
8.268592,-2.800025,-0.514952,-16.866249,-0.072001,-0.266375,0.040625,0.439269,-0.516440,0.092589,3.141565,-0.000026,-0.000003
8.272590,-2.800028,-0.514942,-16.866248,-0.072001,-0.266375,0.040625,0.439296,-0.516357,0.092590,3.141559,-0.000033,0.000016
8.276590,-2.800031,-0.514932,-16.866248,-0.072001,-0.266375,0.040625,0.439322,-0.516275,0.092590,3.141554,-0.000040,0.000023
8.280589,-2.800030,-0.514935,-16.866248,-0.072001,-0.266375,0.040625,0.439348,-0.516191,0.092587,3.141556,-0.000038,0.000028
8.284589,-2.800031,-0.514932,-16.866248,-0.072001,-0.266375,0.040625,0.439373,-0.516109,0.092587,3.141554,-0.000040,0.000029
8.288589,-2.800032,-0.514928,-16.866248,-0.072001,-0.266375,0.040625,0.439399,-0.516024,0.092585,3.141552,-0.000043,0.000034
8.292590,-2.800031,-0.514931,-16.866248,-0.072001,-0.266375,0.040625,0.439423,-0.515941,0.092582,3.141554,-0.000041,0.000034
8.296590,-2.800030,-0.514935,-16.866248,-0.072001,-0.266375,0.040625,0.439449,-0.515856,0.092580,3.141556,-0.000038,0.000046
8.300595,-2.970031,-0.574932,-17.736248,-0.074001,-0.280375,0.042625,0.439473,-0.515774,0.092579,3.141554,-0.000040,0.000046
8.304590,-2.970028,-0.574942,-17.736248,-0.074001,-0.280375,0.042625,0.439499,-0.515689,0.092575,3.141560,-0.000033,0.000051
8.308589,-2.970028,-0.574942,-17.736248,-0.074001,-0.280375,0.042625,0.439499,-0.515689,0.092575,3.141560,-0.000033,0.000051
8.312590,-2.970026,-0.574950,-17.736248,-0.074001,-0.280375,0.042625,0.439556,-0.515501,0.092572,3.141564,-0.000027,0.000048
8.316590,-2.970024,-0.574956,-17.736249,-0.074001,-0.280375,0.042625,0.439575,-0.515437,0.092571,3.141567,-0.000023,0.000049
8.320588,-2.970023,-0.574961,-17.736249,-0.074000,-0.280375,0.042625,0.439599,-0.515355,0.092571,3.141570,-0.000019,0.000036
8.324594,-2.970019,-0.574974,-17.736249,-0.074000,-0.280375,0.042625,0.439625,-0.515270,0.092569,3.141577,-0.000010,0.000027
8.328590,-2.970017,-0.574979,-17.736249,-0.074000,-0.280375,0.042625,0.439649,-0.515187,0.092568,3.141579,-0.000006,0.000014
8.332589,-2.970017,-0.574979,-17.736249,-0.074000,-0.280375,0.042625,0.439649,-0.515187,0.092568,3.141579,-0.000006,0.000014
8.336590,-2.970014,-0.574991,-17.736250,-0.074000,-0.280375,0.042625,0.439672,-0.515105,0.092567,3.141586,0.000003,0.000008
8.340592,-3.230011,-0.685002,-18.386251,-0.072000,-0.298375,0.046625,0.439721,-0.514937,0.092566,3.141592,0.000011,-0.000007
8.344590,-3.230003,-0.685028,-18.386251,-0.072000,-0.298375,0.046625,0.439734,-0.514846,0.092554,-3.141579,0.000029,-0.000033
8.348589,-3.230008,-0.685012,-18.386251,-0.072000,-0.298375,0.046625,0.439758,-0.514763,0.092564,-3.141588,0.000017,-0.000033
8.352618,-3.230006,-0.685018,-18.386251,-0.072000,-0.298375,0.046625,0.439796,-0.514666,0.092564,-3.141585,0.000022,0.000006
8.356595,-3.230007,-0.685016,-18.386251,-0.072000,-0.298375,0.046625,0.439817,-0.514584,0.092564,-3.141586,0.000021,0.000009
8.360589,-3.230005,-0.685022,-18.386251,-0.072000,-0.298375,0.046625,0.439842,-0.514499,0.092565,-3.141582,0.000025,0.000021
8.364635,-3.230004,-0.685026,-18.386251,-0.072000,-0.298375,0.046625,0.439865,-0.514416,0.092562,-3.141580,0.000028,0.000028
8.368595,-3.230004,-0.685025,-18.386251,-0.072000,-0.298375,0.046625,0.439888,-0.514333,0.092563,-3.141581,0.000027,0.000028
8.372624,-3.230007,-0.685017,-18.386251,-0.072000,-0.298375,0.046625,0.439912,-0.514251,0.092566,-3.141585,0.000021,0.000036
8.376625,-3.290002,-0.645034,-19.006251,-0.071000,-0.310375,0.047625,0.439933,-0.514166,0.092561,-3.141576,0.000034,0.000043
8.380528,-3.290005,-0.645022,-19.006251,-0.071000,-0.310375,0.047625,0.439957,-0.514084,0.092567,-3.141583,0.000025,0.000050
8.384610,-3.290004,-0.645025,-19.006251,-0.071000,-0.310375,0.047625,0.439980,-0.514001,0.092564,-3.141581,0.000027,0.000050
8.388608,-3.290005,-0.645024,-19.006251,-0.071000,-0.310375,0.047625,0.440005,-0.513916,0.092565,-3.141582,0.000026,0.000062
8.392600,-3.290007,-0.645017,-19.006251,-0.071000,-0.310375,0.047625,0.440027,-0.513836,0.092568,-3.141586,0.000021,0.000058
8.396567,-3.290005,-0.645023,-19.006251,-0.071000,-0.310375,0.047625,0.440052,-0.513750,0.092568,-3.141582,0.000025,0.000063
8.400597,-3.290007,-0.645016,-19.006251,-0.071000,-0.310375,0.047625,0.440075,-0.513667,0.092572,-3.141586,0.000021,0.000064
8.404599,-3.290009,-0.645009,-19.006251,-0.071000,-0.310375,0.047625,0.440099,-0.513585,0.092574,-3.141590,0.000015,0.000064
8.408597,-3.290011,-0.645001,-19.006250,-0.071000,-0.310375,0.047625,0.440124,-0.513503,0.092577,3.141592,0.000010,0.000065
8.412592,-3.290011,-0.645003,-19.006251,-0.071000,-0.310375,0.047625,0.440149,-0.513418,0.092580,3.141592,0.000011,0.000063
8.416592,-3.290013,-0.644995,-19.006250,-0.071000,-0.310375,0.047625,0.440173,-0.513336,0.092583,3.141588,0.000005,0.000063
8.420586,-3.420015,-0.564988,-19.246250,-0.071000,-0.321375,0.046625,0.440197,-0.513254,0.092586,3.141584,-0.000000,0.000057
8.424585,-3.420013,-0.564994,-19.246250,-0.071000,-0.321375,0.046625,0.440220,-0.513171,0.092586,3.141588,0.000004,0.000051
8.428554,-3.420013,-0.564994,-19.246250,-0.071000,-0.321375,0.046625,0.440243,-0.513088,0.092588,3.141588,0.000004,0.000045
8.432549,-3.420013,-0.564994,-19.246250,-0.071000,-0.321375,0.046625,0.440243,-0.513088,0.092588,3.141588,0.000004,0.000045
8.436558,-3.420011,-0.564999,-19.246250,-0.071000,-0.321375,0.046625,0.440256,-0.512994,0.092588,3.141590,0.000008,0.000009
8.440591,-3.420009,-0.565008,-19.246250,-0.071000,-0.321375,0.046625,0.440323,-0.512810,0.092592,-3.141590,0.000014,0.000031
8.444586,-3.420006,-0.565020,-19.246251,-0.071000,-0.321375,0.046625,0.440348,-0.512722,0.092590,-3.141584,0.000023,0.000040
8.448589,-3.420005,-0.565022,-19.246251,-0.071000,-0.321375,0.046625,0.440374,-0.512637,0.092595,-3.141583,0.000025,0.000039
8.452589,-3.420001,-0.565037,-19.246251,-0.071000,-0.321375,0.046625,0.440396,-0.512550,0.092595,-3.141575,0.000035,0.000044
8.456570,-3.260001,-0.565038,-19.016252,-0.073000,-0.310375,0.045625,0.440423,-0.512463,0.092598,-3.141574,0.000036,0.000046
8.460589,-3.260001,-0.565036,-19.016252,-0.073000,-0.310375,0.045625,0.440451,-0.512377,0.092606,-3.141576,0.000034,0.000049
8.464590,-3.259999,-0.565044,-19.016252,-0.073000,-0.310375,0.045625,0.440475,-0.512291,0.092608,-3.141571,0.000041,0.000047
8.468589,-3.259996,-0.565054,-19.016252,-0.072999,-0.310375,0.045625,0.440501,-0.512206,0.092612,-3.141566,0.000048,0.000046
8.472590,-3.259997,-0.565052,-19.016252,-0.072999,-0.310375,0.045625,0.440529,-0.512120,0.092619,-3.141567,0.000046,0.000055
8.476571,-3.259996,-0.565054,-19.016252,-0.072999,-0.310375,0.045625,0.440554,-0.512035,0.092623,-3.141566,0.000048,0.000053
8.480570,-3.259997,-0.565052,-19.016252,-0.072999,-0.310375,0.045625,0.440583,-0.511949,0.092631,-3.141567,0.000046,0.000056
8.484568,-3.259994,-0.565063,-19.016253,-0.072999,-0.310375,0.045625,0.440606,-0.511863,0.092636,-3.141561,0.000054,0.000061
8.488593,-3.259994,-0.565063,-19.016253,-0.072999,-0.310375,0.045625,0.440633,-0.511776,0.092642,-3.141563,0.000051,0.000057
8.492550,-3.259990,-0.565075,-19.016253,-0.072999,-0.310375,0.045625,0.440657,-0.511690,0.092643,-3.141555,0.000063,0.000056
8.496559,-3.139991,-0.545073,-18.636253,-0.072999,-0.301375,0.044625,0.440683,-0.511603,0.092652,-3.141555,0.000062,0.000058
8.500548,-3.119988,-0.555085,-18.406253,-0.070999,-0.297375,0.044625,0.440707,-0.511517,0.092656,-3.141549,0.000070,0.000057
8.504548,-3.119984,-0.555096,-18.406253,-0.070999,-0.297375,0.044625,0.440739,-0.511407,0.092662,-3.141543,0.000078,0.000057
8.508549,-3.119982,-0.555105,-18.406253,-0.070999,-0.297375,0.044625,0.440758,-0.511340,0.092665,-3.141538,0.000085,0.000055
8.512576,-3.119982,-0.555105,-18.406253,-0.070999,-0.297375,0.044625,0.440758,-0.511340,0.092665,-3.141538,0.000085,0.000055
8.516571,-3.119980,-0.555111,-18.406253,-0.070999,-0.297375,0.044625,0.440789,-0.511234,0.092672,-3.141535,0.000089,0.000045
8.520593,-3.119980,-0.555111,-18.406253,-0.070999,-0.297375,0.044625,0.440789,-0.511234,0.092672,-3.141535,0.000089,0.000045
8.524593,-3.119980,-0.555111,-18.406253,-0.070999,-0.297375,0.044625,0.440789,-0.511234,0.092672,-3.141535,0.000089,0.000045
8.528571,-3.119981,-0.555109,-18.406253,-0.070999,-0.297375,0.044625,0.440807,-0.511170,0.092680,-3.141537,0.000087,0.000039
8.532590,-3.119977,-0.555123,-18.406254,-0.070999,-0.297375,0.044625,0.440851,-0.510992,0.092682,-3.141529,0.000098,-0.000001
8.536591,-3.119977,-0.555123,-18.406254,-0.070999,-0.297375,0.044625,0.440851,-0.510992,0.092682,-3.141529,0.000098,-0.000001
8.540589,-3.119977,-0.555123,-18.406254,-0.070999,-0.297375,0.044625,0.440851,-0.510992,0.092682,-3.141529,0.000098,-0.000001
8.544590,-3.119977,-0.555123,-18.406254,-0.070999,-0.297375,0.044625,0.440851,-0.510992,0.092682,-3.141529,0.000098,-0.000001
8.548590,-3.119977,-0.555123,-18.406254,-0.070999,-0.297375,0.044625,0.440851,-0.510992,0.092682,-3.141529,0.000098,-0.000001
8.552591,-2.859988,-0.465084,-16.896252,-0.070999,-0.269375,0.040625,0.441032,-0.510462,0.092742,-3.141550,0.000070,0.000043
8.556591,-2.859987,-0.465088,-16.896252,-0.070999,-0.269375,0.040625,0.441058,-0.510375,0.092748,-3.141548,0.000072,0.000039
8.560590,-2.859987,-0.465088,-16.896252,-0.070999,-0.269375,0.040625,0.441058,-0.510375,0.092748,-3.141548,0.000072,0.000039
8.564590,-2.859987,-0.465088,-16.896252,-0.070999,-0.269375,0.040625,0.441058,-0.510375,0.092748,-3.141548,0.000072,0.000039
8.568589,-2.859985,-0.465094,-16.896253,-0.070999,-0.269375,0.040625,0.441135,-0.510114,0.092759,-3.141545,0.000076,0.000023
8.572632,-2.859983,-0.465102,-16.896253,-0.070999,-0.269375,0.040625,0.441161,-0.510027,0.092762,-3.141540,0.000083,0.000019
8.576591,-2.859983,-0.465103,-16.896253,-0.070999,-0.269375,0.040625,0.441187,-0.509939,0.092765,-3.141540,0.000083,0.000015
8.580620,-2.859982,-0.465106,-16.896253,-0.070999,-0.269375,0.040625,0.441217,-0.509851,0.092769,-3.141538,0.000085,0.000015
8.584579,-2.589985,-0.485095,-15.136253,-0.057999,-0.243375,0.035625,0.441247,-0.509766,0.092776,-3.141544,0.000077,0.000011
8.588589,-2.589986,-0.485090,-15.136253,-0.057999,-0.243375,0.035625,0.441275,-0.509680,0.092781,-3.141547,0.000074,0.000007
8.592620,-2.589988,-0.485084,-15.136253,-0.057999,-0.243375,0.035625,0.441304,-0.509595,0.092785,-3.141550,0.000070,0.000010
8.596591,-2.589989,-0.485082,-15.136253,-0.057999,-0.243375,0.035625,0.441332,-0.509509,0.092785,-3.141551,0.000068,0.000006
8.600590,-2.589989,-0.485082,-15.136253,-0.057999,-0.243375,0.035625,0.441360,-0.509422,0.092787,-3.141551,0.000068,0.000002
8.604590,-2.589989,-0.485079,-15.136253,-0.057999,-0.243375,0.035625,0.441388,-0.509336,0.092787,-3.141552,0.000066,0.000005
8.608590,-2.589991,-0.485073,-15.136253,-0.057999,-0.243375,0.035625,0.441417,-0.509251,0.092791,-3.141556,0.000062,0.000001
8.612590,-2.589991,-0.485073,-15.136253,-0.057999,-0.243375,0.035625,0.441445,-0.509165,0.092793,-3.141556,0.000062,0.000004
8.616590,-2.589990,-0.485077,-15.136253,-0.057999,-0.243375,0.035625,0.441471,-0.509078,0.092790,-3.141554,0.000064,-0.000000
8.620590,-2.189988,-0.575083,-12.966253,-0.042999,-0.211375,0.030625,0.441497,-0.508990,0.092791,-3.141550,0.000069,0.000003
8.624546,-2.189985,-0.575097,-12.966253,-0.042999,-0.211375,0.030625,0.441522,-0.508902,0.092790,-3.141543,0.000079,0.000006
8.628590,-2.189983,-0.575103,-12.966254,-0.042999,-0.211375,0.030625,0.441548,-0.508815,0.092790,-3.141540,0.000083,0.000015
8.632590,-2.189989,-0.575080,-12.966253,-0.042999,-0.211375,0.030625,0.441577,-0.508730,0.092794,-3.141552,0.000067,-0.000009
8.636590,-2.189989,-0.575080,-12.966253,-0.042999,-0.211375,0.030625,0.441577,-0.508730,0.092794,-3.141552,0.000067,-0.000009
8.640591,-2.189985,-0.575097,-12.966253,-0.042999,-0.211375,0.030625,0.441592,-0.508638,0.092797,-3.141543,0.000079,-0.000011
8.644592,-2.189986,-0.575093,-12.966253,-0.042999,-0.211375,0.030625,0.441661,-0.508457,0.092805,-3.141545,0.000076,0.000024
8.648590,-2.189988,-0.575086,-12.966253,-0.042999,-0.211375,0.030625,0.441690,-0.508375,0.092808,-3.141549,0.000071,0.000022
8.652592,-2.189991,-0.575074,-12.966253,-0.042999,-0.211375,0.030625,0.441716,-0.508295,0.092814,-3.141555,0.000062,0.000016
8.656590,-2.189991,-0.575075,-12.966253,-0.042999,-0.211375,0.030625,0.441741,-0.508215,0.092816,-3.141555,0.000063,0.000003
8.660590,-1.869994,-0.545063,-11.586252,-0.032999,-0.189375,0.028625,0.441770,-0.508133,0.092822,-3.141561,0.000054,0.000001
8.664590,-1.869994,-0.545062,-11.586252,-0.032999,-0.189375,0.028625,0.441796,-0.508050,0.092823,-3.141562,0.000054,-0.000000
8.668589,-1.869996,-0.545055,-11.586252,-0.032999,-0.189375,0.028625,0.441822,-0.507970,0.092826,-3.141565,0.000049,-0.000007
8.672590,-1.869997,-0.545054,-11.586252,-0.032999,-0.189375,0.028625,0.441848,-0.507886,0.092827,-3.141566,0.000048,-0.000008
8.676589,-1.869995,-0.545059,-11.586252,-0.032999,-0.189375,0.028625,0.441871,-0.507804,0.092826,-3.141563,0.000052,-0.000015
8.680590,-1.869996,-0.545058,-11.586252,-0.032999,-0.189375,0.028625,0.441897,-0.507720,0.092827,-3.141564,0.000051,-0.000016
8.684591,-1.869994,-0.545063,-11.586252,-0.032999,-0.189375,0.028625,0.441922,-0.507636,0.092826,-3.141561,0.000055,-0.000011
8.688591,-1.869994,-0.545062,-11.586252,-0.032999,-0.189375,0.028625,0.441949,-0.507553,0.092827,-3.141562,0.000054,-0.000013
8.692597,-1.869992,-0.545072,-11.586253,-0.032999,-0.189375,0.028625,0.441973,-0.507468,0.092823,-3.141556,0.000061,-0.000008
8.696593,-1.869991,-0.545077,-11.586253,-0.032999,-0.189375,0.028625,0.441997,-0.507386,0.092822,-3.141554,0.000064,-0.000008
8.700589,-1.739993,-0.465068,-10.666252,-0.034999,-0.171375,0.025625,0.442024,-0.507304,0.092823,-3.141559,0.000058,-0.000003
8.704589,-1.739992,-0.465072,-10.666252,-0.034999,-0.171375,0.025625,0.442050,-0.507220,0.092821,-3.141556,0.000061,0.000009
8.708592,-1.739991,-0.465076,-10.666253,-0.034999,-0.171375,0.025625,0.442076,-0.507137,0.092819,-3.141554,0.000064,0.000014
8.712589,-1.739993,-0.465067,-10.666252,-0.034999,-0.171375,0.025625,0.442104,-0.507055,0.092820,-3.141559,0.000057,0.000026
8.716589,-1.739994,-0.465062,-10.666252,-0.034999,-0.171375,0.025625,0.442139,-0.506952,0.092818,-3.141562,0.000054,0.000036
8.720547,-1.739994,-0.465064,-10.666252,-0.034999,-0.171375,0.025625,0.442159,-0.506889,0.092814,-3.141561,0.000055,0.000036
8.724589,-1.739995,-0.465060,-10.666252,-0.034999,-0.171375,0.025625,0.442184,-0.506809,0.092812,-3.141563,0.000052,0.000037
8.728590,-1.739996,-0.465056,-10.666252,-0.034999,-0.171375,0.025625,0.442211,-0.506726,0.092810,-3.141565,0.000050,0.000015
8.732590,-1.740002,-0.465033,-10.666251,-0.035000,-0.171375,0.025625,0.442239,-0.506644,0.092806,-3.141577,0.000033,0.000020
8.736589,-1.740003,-0.465030,-10.666251,-0.035000,-0.171375,0.025625,0.442263,-0.506563,0.092804,-3.141579,0.000030,0.000013
8.740587,-1.689997,-0.455053,-10.456252,-0.035999,-0.166375,0.024625,0.442292,-0.506460,0.092798,-3.141566,0.000047,0.000039
8.744606,-1.589996,-0.405055,-9.756252,-0.036999,-0.153375,0.022625,0.442319,-0.506377,0.092794,-3.141566,0.000049,0.000044
8.748591,-1.589994,-0.405063,-9.756252,-0.036999,-0.153375,0.022625,0.442341,-0.506294,0.092788,-3.141562,0.000054,0.000037
8.752589,-1.589994,-0.405064,-9.756252,-0.036999,-0.153375,0.022625,0.442365,-0.506213,0.092784,-3.141561,0.000055,0.000031
8.756590,-1.589993,-0.405066,-9.756252,-0.036999,-0.153375,0.022625,0.442389,-0.506132,0.092780,-3.141560,0.000056,0.000025
8.760589,-1.589995,-0.405060,-9.756252,-0.036999,-0.153375,0.022625,0.442413,-0.506051,0.092776,-3.141563,0.000052,0.000019
8.764591,-1.589995,-0.405061,-9.756252,-0.036999,-0.153375,0.022625,0.442440,-0.505969,0.092771,-3.141563,0.000053,0.000017
8.768589,-1.589994,-0.405062,-9.756252,-0.036999,-0.153375,0.022625,0.442464,-0.505887,0.092767,-3.141562,0.000054,0.000018
8.772591,-1.589996,-0.405058,-9.756252,-0.036999,-0.153375,0.022625,0.442490,-0.505807,0.092764,-3.141564,0.000051,0.000005
8.776589,-1.589997,-0.405053,-9.756252,-0.036999,-0.153375,0.022625,0.442517,-0.505725,0.092762,-3.141566,0.000047,0.000010
8.780590,-1.659999,-0.445046,-9.906251,-0.040999,-0.155375,0.023625,0.442543,-0.505645,0.092758,-3.141570,0.000042,0.000010
8.784555,-1.660004,-0.445029,-9.906251,-0.041000,-0.155375,0.023625,0.442572,-0.505564,0.092759,-3.141579,0.000030,0.000008
8.788590,-1.660004,-0.445029,-9.906251,-0.041000,-0.155375,0.023625,0.442596,-0.505483,0.092753,-3.141580,0.000030,0.000009
8.792590,-1.660005,-0.445025,-9.906251,-0.041000,-0.155375,0.023625,0.442620,-0.505402,0.092751,-3.141581,0.000027,0.000009
8.796590,-1.660006,-0.445019,-9.906251,-0.041000,-0.155375,0.023625,0.442646,-0.505319,0.092748,-3.141584,0.000023,0.000021
8.800589,-1.660008,-0.445013,-9.906250,-0.041000,-0.155375,0.023625,0.442670,-0.505238,0.092744,-3.141588,0.000019,0.000028
8.804589,-1.660010,-0.445005,-9.906250,-0.041000,-0.155375,0.023625,0.442697,-0.505155,0.092738,-3.141592,0.000012,0.000040
8.808589,-1.660010,-0.445007,-9.906250,-0.041000,-0.155375,0.023625,0.442721,-0.505074,0.092734,-3.141591,0.000014,0.000047
8.812595,-1.660011,-0.445001,-9.906250,-0.041000,-0.155375,0.023625,0.442745,-0.504993,0.092731,3.141591,0.000009,0.000061
8.816591,-1.800013,-0.394995,-10.776250,-0.044000,-0.171375,0.024625,0.442771,-0.504910,0.092727,3.141588,0.000005,0.000073
8.820589,-1.800013,-0.394994,-10.776250,-0.044000,-0.171375,0.024625,0.442795,-0.504829,0.092721,3.141588,0.000004,0.000074
8.824590,-1.800013,-0.394993,-10.776250,-0.044000,-0.171375,0.024625,0.442828,-0.504725,0.092714,3.141587,0.000004,0.000090
8.828592,-1.800007,-0.395014,-10.776251,-0.044000,-0.171375,0.024625,0.442835,-0.504657,0.092698,-3.141587,0.000019,0.000059
8.832603,-1.800013,-0.394993,-10.776250,-0.044000,-0.171375,0.024625,0.442878,-0.504561,0.092704,3.141587,0.000004,0.000089
8.836589,-1.800015,-0.394986,-10.776250,-0.044000,-0.171375,0.024625,0.442887,-0.504491,0.092699,3.141583,-0.000001,0.000055
8.840588,-1.800015,-0.394986,-10.776250,-0.044000,-0.171375,0.024625,0.442930,-0.504391,0.092693,3.141583,-0.000001,0.000083
8.844587,-1.800017,-0.394979,-10.776250,-0.044000,-0.171375,0.024625,0.442955,-0.504307,0.092688,3.141580,-0.000007,0.000068
8.848594,-1.800019,-0.394971,-10.776250,-0.044000,-0.171375,0.024625,0.442983,-0.504222,0.092684,3.141576,-0.000012,0.000064
8.852630,-1.800019,-0.394972,-10.776250,-0.044000,-0.171375,0.024625,0.443010,-0.504136,0.092678,3.141576,-0.000012,0.000053
8.856621,-1.980021,-0.504964,-11.696249,-0.042000,-0.189375,0.028625,0.443037,-0.504050,0.092673,3.141572,-0.000017,0.000042
8.860572,-1.980022,-0.504962,-11.696249,-0.042000,-0.189375,0.028625,0.443064,-0.503964,0.092666,3.141571,-0.000019,0.000032
8.864616,-1.980022,-0.504960,-11.696249,-0.042000,-0.189375,0.028625,0.443090,-0.503877,0.092659,3.141570,-0.000020,0.000028
8.868576,-1.980021,-0.504964,-11.696249,-0.042000,-0.189375,0.028625,0.443115,-0.503790,0.092649,3.141572,-0.000017,0.000017
8.872604,-1.980022,-0.504962,-11.696249,-0.042000,-0.189375,0.028625,0.443140,-0.503706,0.092641,3.141571,-0.000019,0.000009
8.876605,-1.980024,-0.504954,-11.696249,-0.042001,-0.189375,0.028625,0.443167,-0.503620,0.092636,3.141567,-0.000024,0.000005
8.880599,-1.980022,-0.504960,-11.696249,-0.042001,-0.189375,0.028625,0.443194,-0.503534,0.092628,3.141570,-0.000021,0.000001
8.884596,-1.980024,-0.504952,-11.696249,-0.042001,-0.189375,0.028625,0.443221,-0.503448,0.092623,3.141566,-0.000026,0.000004
8.888593,-1.980023,-0.504956,-11.696249,-0.042001,-0.189375,0.028625,0.443244,-0.503363,0.092613,3.141568,-0.000023,0.000009
8.892591,-1.980024,-0.504953,-11.696249,-0.042001,-0.189375,0.028625,0.443273,-0.503275,0.092606,3.141566,-0.000025,0.000023
8.896591,-1.980024,-0.504951,-11.696249,-0.042001,-0.189375,0.028625,0.443298,-0.503191,0.092598,3.141565,-0.000027,0.000028
8.900592,-2.180027,-0.554941,-13.086249,-0.047001,-0.212375,0.030625,0.443325,-0.503106,0.092591,3.141560,-0.000034,0.000037
8.904585,-2.180026,-0.554944,-13.086249,-0.047001,-0.212375,0.030625,0.443352,-0.503020,0.092580,3.141561,-0.000032,0.000053
8.908591,-2.180029,-0.554934,-13.086248,-0.047001,-0.212375,0.030625,0.443380,-0.502934,0.092573,3.141556,-0.000039,0.000029
8.912589,-2.180030,-0.554932,-13.086248,-0.047001,-0.212375,0.030625,0.443406,-0.502848,0.092565,3.141555,-0.000041,0.000066
8.916589,-2.180030,-0.554932,-13.086248,-0.047001,-0.212375,0.030625,0.443406,-0.502848,0.092565,3.141555,-0.000041,0.000066
8.920589,-2.180030,-0.554932,-13.086248,-0.047001,-0.212375,0.030625,0.443458,-0.502678,0.092547,3.141555,-0.000041,0.000080
8.924598,-2.180032,-0.554924,-13.086248,-0.047001,-0.212375,0.030625,0.443486,-0.502593,0.092541,3.141551,-0.000047,0.000083
8.928595,-2.180032,-0.554921,-13.086248,-0.047001,-0.212375,0.030625,0.443511,-0.502509,0.092533,3.141550,-0.000048,0.000075
8.932596,-2.180032,-0.554921,-13.086248,-0.047001,-0.212375,0.030625,0.443539,-0.502421,0.092528,3.141550,-0.000048,0.000068
8.936596,-2.180031,-0.554927,-13.086248,-0.047001,-0.212375,0.030625,0.443566,-0.502335,0.092519,3.141552,-0.000044,0.000064
8.940598,-2.180031,-0.554927,-13.086248,-0.047001,-0.212375,0.030625,0.443566,-0.502335,0.092519,3.141552,-0.000044,0.000064
8.944589,-2.180031,-0.554927,-13.086248,-0.047001,-0.212375,0.030625,0.443566,-0.502335,0.092519,3.141552,-0.000044,0.000064
8.948596,-2.180031,-0.554927,-13.086248,-0.047001,-0.212375,0.030625,0.443566,-0.502335,0.092519,3.141552,-0.000044,0.000064
8.952591,-2.480027,-0.604942,-14.936249,-0.058001,-0.238375,0.033625,0.443641,-0.502074,0.092509,3.141560,-0.000034,0.000026
8.956588,-2.480031,-0.604928,-14.936248,-0.058001,-0.238375,0.033625,0.443670,-0.501985,0.092506,3.141553,-0.000044,-0.000028
8.960553,-2.480018,-0.604976,-14.936250,-0.058000,-0.238375,0.033625,0.443706,-0.501801,0.092494,3.141578,-0.000009,-0.000063
8.964592,-2.480017,-0.604979,-14.936250,-0.058000,-0.238375,0.033625,0.443748,-0.501698,0.092492,3.141580,-0.000006,-0.000044
8.968589,-2.480016,-0.604983,-14.936250,-0.058000,-0.238375,0.033625,0.443773,-0.501610,0.092489,3.141582,-0.000004,-0.000048
8.972588,-2.480015,-0.604988,-14.936250,-0.058000,-0.238375,0.033625,0.443801,-0.501522,0.092489,3.141584,0.000000,-0.000047
8.976587,-2.480014,-0.604991,-14.936250,-0.058000,-0.238375,0.033625,0.443826,-0.501435,0.092486,3.141586,0.000003,-0.000045
8.980591,-2.810014,-0.674989,-17.036250,-0.071000,-0.264375,0.039625,0.443854,-0.501346,0.092486,3.141585,0.000001,-0.000030
8.984596,-2.810013,-0.674994,-17.036250,-0.071000,-0.264375,0.039625,0.443880,-0.501260,0.092485,3.141588,0.000005,-0.000021
8.988591,-2.810014,-0.674992,-17.036250,-0.071000,-0.264375,0.039625,0.443909,-0.501172,0.092485,3.141586,0.000003,-0.000007
8.992598,-2.810012,-0.674997,-17.036250,-0.071000,-0.264375,0.039625,0.443934,-0.501085,0.092484,3.141589,0.000007,0.000003
8.996591,-2.810011,-0.675002,-17.036250,-0.071000,-0.264375,0.039625,0.443960,-0.500999,0.092483,3.141592,0.000010,0.000012
9.000589,-2.810011,-0.675002,-17.036250,-0.071000,-0.264375,0.039625,0.443960,-0.500999,0.092483,3.141592,0.000010,0.000012
9.004610,-2.810010,-0.675006,-17.036250,-0.071000,-0.264375,0.039625,0.443987,-0.500909,0.092481,-3.141592,0.000013,0.000019
9.008597,-2.810008,-0.675012,-17.036251,-0.071000,-0.264375,0.039625,0.444011,-0.500822,0.092481,-3.141588,0.000017,0.000022
9.012590,-2.810009,-0.675010,-17.036250,-0.071000,-0.264375,0.039625,0.444036,-0.500735,0.092482,-3.141589,0.000016,0.000025
9.016589,-2.810008,-0.675014,-17.036251,-0.071000,-0.264375,0.039625,0.444062,-0.500645,0.092480,-3.141587,0.000019,0.000025
9.020589,-3.090010,-0.595006,-18.076250,-0.075000,-0.287375,0.040625,0.444089,-0.500559,0.092483,-3.141591,0.000014,0.000022
9.024589,-3.090011,-0.595003,-18.076250,-0.075000,-0.287375,0.040625,0.444114,-0.500472,0.092481,3.141592,0.000011,0.000018
9.028591,-3.090012,-0.594996,-18.076250,-0.075000,-0.287375,0.040625,0.444167,-0.500297,0.092480,3.141589,0.000006,0.000007
9.032591,-3.090012,-0.594996,-18.076250,-0.075000,-0.287375,0.040625,0.444167,-0.500297,0.092480,3.141589,0.000006,0.000007
9.036562,-3.090015,-0.594986,-18.076250,-0.075000,-0.287375,0.040625,0.444193,-0.500211,0.092480,3.141584,-0.000001,0.000004
9.040596,-3.090017,-0.594977,-18.076249,-0.075000,-0.287375,0.040625,0.444220,-0.500129,0.092481,3.141579,-0.000008,-0.000005
9.044596,-3.090021,-0.594962,-18.076249,-0.075000,-0.287375,0.040625,0.444247,-0.500048,0.092484,3.141571,-0.000019,-0.000013
9.048560,-3.090022,-0.594960,-18.076249,-0.075000,-0.287375,0.040625,0.444274,-0.499965,0.092485,3.141570,-0.000020,-0.000056
9.052590,-3.090024,-0.594951,-18.076249,-0.075001,-0.287375,0.040625,0.444301,-0.499883,0.092485,3.141565,-0.000027,-0.000030
9.056590,-3.090025,-0.594949,-18.076249,-0.075001,-0.287375,0.040625,0.444327,-0.499801,0.092485,3.141564,-0.000028,-0.000039
9.060588,-3.090026,-0.594945,-18.076248,-0.075001,-0.287375,0.040625,0.444353,-0.499719,0.092483,3.141562,-0.000031,-0.000041
9.064592,-3.140024,-0.554954,-18.256249,-0.076001,-0.293375,0.041625,0.444378,-0.499635,0.092478,3.141567,-0.000025,-0.000042
9.068600,-3.140023,-0.554958,-18.256249,-0.076001,-0.293375,0.041625,0.444402,-0.499552,0.092477,3.141569,-0.000022,-0.000037
9.072590,-3.140020,-0.554967,-18.256249,-0.076000,-0.293375,0.041625,0.444427,-0.499468,0.092472,3.141574,-0.000015,-0.000066
9.076590,-3.140024,-0.554954,-18.256249,-0.076001,-0.293375,0.041625,0.444452,-0.499386,0.092469,3.141567,-0.000025,-0.000054
9.080593,-3.140016,-0.554985,-18.256250,-0.076000,-0.293375,0.041625,0.444466,-0.499294,0.092462,3.141583,-0.000002,-0.000042
9.084589,-3.140016,-0.554984,-18.256250,-0.076000,-0.293375,0.041625,0.444506,-0.499197,0.092463,3.141582,-0.000003,-0.000006
9.088595,-3.140013,-0.554993,-18.256250,-0.076000,-0.293375,0.041625,0.444531,-0.499113,0.092459,3.141587,0.000004,0.000006
9.092590,-3.140010,-0.555005,-18.256251,-0.076000,-0.293375,0.041625,0.444554,-0.499029,0.092456,-3.141592,0.000012,0.000011
9.096590,-3.140011,-0.555003,-18.256251,-0.076000,-0.293375,0.041625,0.444581,-0.498947,0.092456,3.141592,0.000011,0.000023
9.100590,-3.140009,-0.555011,-18.256251,-0.076000,-0.293375,0.041625,0.444608,-0.498862,0.092458,-3.141589,0.000017,0.000032
9.104589,-2.970007,-0.685016,-18.276250,-0.065000,-0.292375,0.040625,0.444634,-0.498779,0.092457,-3.141586,0.000021,0.000037
9.108589,-2.970004,-0.685027,-18.276251,-0.065000,-0.292375,0.040625,0.444659,-0.498697,0.092454,-3.141581,0.000029,0.000035
9.112590,-2.970003,-0.685034,-18.276251,-0.065000,-0.292375,0.040625,0.444688,-0.498613,0.092455,-3.141577,0.000034,0.000045
9.116590,-2.970001,-0.685042,-18.276251,-0.065000,-0.292375,0.040625,0.444713,-0.498530,0.092457,-3.141573,0.000040,0.000043
9.120590,-2.970000,-0.685044,-18.276251,-0.065000,-0.292375,0.040625,0.444740,-0.498448,0.092460,-3.141572,0.000041,0.000042
9.124589,-2.969997,-0.685057,-18.276252,-0.064999,-0.292375,0.040625,0.444765,-0.498365,0.092459,-3.141565,0.000051,0.000040
9.128589,-2.969995,-0.685066,-18.276252,-0.064999,-0.292375,0.040625,0.444790,-0.498282,0.092461,-3.141561,0.000057,0.000031
9.132590,-2.969993,-0.685074,-18.276252,-0.064999,-0.292375,0.040625,0.444815,-0.498199,0.092463,-3.141556,0.000063,0.000023
9.136590,-2.969992,-0.685074,-18.276252,-0.064999,-0.292375,0.040625,0.444841,-0.498117,0.092465,-3.141556,0.000063,0.000021
9.140590,-3.129989,-0.585086,-18.526253,-0.072999,-0.298375,0.040625,0.444865,-0.498033,0.092462,-3.141550,0.000072,0.000013
9.144590,-3.129987,-0.585094,-18.526253,-0.072999,-0.298375,0.040625,0.444888,-0.497952,0.092464,-3.141546,0.000078,-0.000000
9.148589,-3.129984,-0.585108,-18.526253,-0.072999,-0.298375,0.040625,0.444911,-0.497868,0.092464,-3.141539,0.000088,-0.000002
9.152590,-3.129983,-0.585109,-18.526253,-0.072999,-0.298375,0.040625,0.444934,-0.497787,0.092466,-3.141538,0.000088,-0.000008
9.156591,-3.129981,-0.585117,-18.526254,-0.072999,-0.298375,0.040625,0.444959,-0.497705,0.092468,-3.141534,0.000094,-0.000003
9.160590,-3.129983,-0.585112,-18.526253,-0.072999,-0.298375,0.040625,0.444983,-0.497624,0.092473,-3.141537,0.000091,-0.000003
9.164604,-3.129984,-0.585107,-18.526253,-0.072999,-0.298375,0.040625,0.445010,-0.497543,0.092478,-3.141539,0.000087,0.000002
9.168564,-3.129985,-0.585102,-18.526253,-0.072999,-0.298375,0.040625,0.445034,-0.497463,0.092483,-3.141542,0.000084,0.000003
9.172556,-3.129988,-0.585092,-18.526253,-0.072999,-0.298375,0.040625,0.445061,-0.497381,0.092490,-3.141547,0.000076,0.000015
9.176571,-3.119988,-0.555094,-18.636253,-0.075999,-0.296375,0.041625,0.445088,-0.497300,0.092494,-3.141546,0.000078,0.000020
9.180631,-3.009992,-0.505077,-18.526252,-0.078999,-0.289375,0.040625,0.445115,-0.497222,0.092503,-3.141555,0.000065,0.000020
9.184609,-3.009993,-0.505072,-18.526252,-0.078999,-0.289375,0.040625,0.445142,-0.497140,0.092508,-3.141557,0.000061,0.000032
9.188560,-3.009996,-0.505061,-18.526252,-0.078999,-0.289375,0.040625,0.445170,-0.497059,0.092515,-3.141563,0.000054,0.000037
9.192624,-3.009997,-0.505056,-18.526252,-0.078999,-0.289375,0.040625,0.445194,-0.496980,0.092519,-3.141566,0.000050,0.000037
9.196623,-3.010000,-0.505044,-18.526251,-0.079000,-0.289375,0.040625,0.445221,-0.496898,0.092525,-3.141572,0.000041,0.000049
9.200620,-3.010002,-0.505038,-18.526251,-0.079000,-0.289375,0.040625,0.445248,-0.496817,0.092530,-3.141575,0.000037,0.000054
9.204574,-3.010003,-0.505034,-18.526251,-0.079000,-0.289375,0.040625,0.445273,-0.496734,0.092535,-3.141577,0.000034,0.000059
9.208594,-3.010003,-0.505034,-18.526251,-0.079000,-0.289375,0.040625,0.445287,-0.496647,0.092537,-3.141577,0.000034,0.000026
9.212599,-3.009996,-0.505060,-18.526252,-0.078999,-0.289375,0.040625,0.445311,-0.496564,0.092525,-3.141564,0.000053,0.000031
9.216605,-3.010001,-0.505041,-18.526251,-0.079000,-0.289375,0.040625,0.445352,-0.496467,0.092540,-3.141573,0.000039,0.000061
9.220558,-2.899999,-0.515048,-17.606251,-0.078999,-0.274375,0.039625,0.445376,-0.496387,0.092541,-3.141570,0.000044,0.000061
9.224597,-2.900000,-0.515044,-17.606251,-0.079000,-0.274375,0.039625,0.445402,-0.496305,0.092546,-3.141572,0.000041,0.000059
9.228592,-2.899999,-0.515050,-17.606251,-0.078999,-0.274375,0.039625,0.445427,-0.496222,0.092546,-3.141569,0.000045,0.000051
9.232591,-2.900000,-0.515048,-17.606251,-0.078999,-0.274375,0.039625,0.445452,-0.496140,0.092553,-3.141570,0.000044,0.000049
9.236592,-2.899998,-0.515056,-17.606252,-0.078999,-0.274375,0.039625,0.445477,-0.496057,0.092555,-3.141566,0.000050,0.000041
9.240582,-2.899998,-0.515052,-17.606251,-0.078999,-0.274375,0.039625,0.445501,-0.495973,0.092561,-3.141568,0.000047,0.000039
9.244588,-2.899998,-0.515054,-17.606252,-0.078999,-0.274375,0.039625,0.445525,-0.495890,0.092565,-3.141567,0.000048,0.000031
9.248590,-2.899999,-0.515050,-17.606251,-0.078999,-0.274375,0.039625,0.445549,-0.495807,0.092571,-3.141569,0.000046,0.000029
9.252588,-2.899999,-0.515052,-17.606251,-0.078999,-0.274375,0.039625,0.445572,-0.495723,0.092574,-3.141568,0.000047,0.000027
9.256589,-2.899998,-0.515053,-17.606252,-0.078999,-0.274375,0.039625,0.445598,-0.495637,0.092578,-3.141567,0.000048,0.000037
9.260592,-2.819998,-0.555055,-17.106252,-0.075999,-0.265375,0.039625,0.445622,-0.495554,0.092581,-3.141566,0.000049,0.000035
9.264589,-2.619996,-0.475060,-15.966252,-0.069999,-0.248375,0.035625,0.445644,-0.495469,0.092580,-3.141564,0.000053,0.000040
9.268554,-2.619995,-0.475068,-15.966253,-0.069999,-0.248375,0.035625,0.445666,-0.495385,0.092582,-3.141560,0.000058,0.000045
9.272594,-2.619993,-0.475073,-15.966253,-0.069999,-0.248375,0.035625,0.445691,-0.495298,0.092581,-3.141557,0.000062,0.000048
9.276583,-2.619992,-0.475078,-15.966253,-0.069999,-0.248375,0.035625,0.445713,-0.495214,0.092580,-3.141555,0.000066,0.000053
9.280585,-2.619989,-0.475091,-15.966253,-0.069999,-0.248375,0.035625,0.445735,-0.495129,0.092579,-3.141548,0.000075,0.000051
9.284590,-2.619987,-0.475098,-15.966254,-0.069999,-0.248375,0.035625,0.445757,-0.495044,0.092580,-3.141544,0.000081,0.000049
9.288587,-2.619985,-0.475105,-15.966254,-0.069999,-0.248375,0.035625,0.445782,-0.494958,0.092580,-3.141541,0.000086,0.000052
9.292590,-2.619982,-0.475117,-15.966254,-0.069999,-0.248375,0.035625,0.445804,-0.494873,0.092579,-3.141534,0.000095,0.000050
9.296589,-2.619984,-0.475111,-15.966254,-0.069999,-0.248375,0.035625,0.445828,-0.494790,0.092583,-3.141537,0.000090,0.000055
9.300593,-2.439985,-0.375107,-14.496254,-0.061999,-0.233375,0.032625,0.445853,-0.494708,0.092588,-3.141540,0.000087,0.000054
9.304591,-2.439983,-0.375114,-14.496254,-0.061999,-0.233375,0.032625,0.445879,-0.494622,0.092589,-3.141536,0.000092,0.000056
9.308558,-2.439985,-0.375108,-14.496254,-0.061999,-0.233375,0.032625,0.445903,-0.494539,0.092593,-3.141539,0.000088,0.000061
9.312595,-2.439986,-0.375104,-14.496253,-0.061999,-0.233375,0.032625,0.445933,-0.494435,0.092599,-3.141541,0.000085,0.000058
9.316589,-2.439986,-0.375103,-14.496253,-0.061999,-0.233375,0.032625,0.445953,-0.494370,0.092600,-3.141542,0.000084,0.000056
9.320589,-2.439986,-0.375103,-14.496253,-0.061999,-0.233375,0.032625,0.445953,-0.494370,0.092600,-3.141542,0.000084,0.000056
9.324589,-2.439986,-0.375102,-14.496253,-0.061999,-0.233375,0.032625,0.445999,-0.494203,0.092603,-3.141542,0.000084,0.000012
9.328553,-2.439986,-0.375102,-14.496253,-0.061999,-0.233375,0.032625,0.446029,-0.494096,0.092605,-3.141542,0.000084,0.000040
9.332589,-2.439986,-0.375102,-14.496253,-0.061999,-0.233375,0.032625,0.446029,-0.494096,0.092605,-3.141542,0.000084,0.000040
9.336595,-2.259985,-0.425107,-13.466254,-0.053999,-0.217375,0.030625,0.446076,-0.493925,0.092606,-3.141540,0.000087,0.000034
9.340589,-2.259987,-0.425099,-13.466254,-0.053999,-0.217375,0.030625,0.446105,-0.493838,0.092608,-3.141544,0.000081,0.000034
9.344548,-2.259989,-0.425091,-13.466253,-0.053999,-0.217375,0.030625,0.446129,-0.493752,0.092611,-3.141548,0.000076,0.000030
9.348555,-2.259989,-0.425091,-13.466253,-0.053999,-0.217375,0.030625,0.446129,-0.493752,0.092611,-3.141548,0.000076,0.000030
9.352566,-2.259991,-0.425083,-13.466253,-0.053999,-0.217375,0.030625,0.446158,-0.493665,0.092613,-3.141552,0.000070,0.000031
9.356550,-2.259994,-0.425072,-13.466253,-0.053999,-0.217375,0.030625,0.446211,-0.493492,0.092614,-3.141558,0.000062,0.000028
9.360590,-2.259996,-0.425064,-13.466252,-0.053999,-0.217375,0.030625,0.446238,-0.493407,0.092616,-3.141562,0.000055,0.000030
9.364589,-2.259998,-0.425055,-13.466252,-0.053999,-0.217375,0.030625,0.446266,-0.493320,0.092618,-3.141567,0.000049,0.000031
9.368589,-2.260001,-0.425044,-13.466252,-0.054000,-0.217375,0.030625,0.446293,-0.493235,0.092617,-3.141572,0.000041,0.000020
9.372563,-2.260001,-0.425043,-13.466252,-0.054000,-0.217375,0.030625,0.446319,-0.493149,0.092618,-3.141573,0.000040,0.000016
9.376549,-2.260001,-0.425041,-13.466252,-0.054000,-0.217375,0.030625,0.446345,-0.493061,0.092618,-3.141574,0.000039,0.000017
9.380589,-2.080003,-0.375032,-12.456251,-0.051000,-0.200375,0.028625,0.446372,-0.492976,0.092620,-3.141578,0.000033,0.000013
9.384589,-2.080004,-0.375029,-12.456251,-0.051000,-0.200375,0.028625,0.446400,-0.492889,0.092619,-3.141580,0.000030,0.000014
9.388589,-2.079998,-0.375019,-12.456251,-0.051000,-0.200375,0.028625,0.446426,-0.492804,0.092620,-3.141579,0.000020,0.000010
9.392589,-2.079995,-0.375029,-12.456251,-0.051000,-0.200375,0.028625,0.446452,-0.492715,0.092617,-3.141574,0.000027,0.000003
9.396589,-2.079994,-0.375033,-12.456251,-0.051000,-0.200375,0.028625,0.446478,-0.492629,0.092615,-3.141571,0.000030,-0.000001
9.400592,-2.079996,-0.375025,-12.456251,-0.051000,-0.200375,0.028625,0.446506,-0.492542,0.092616,-3.141576,0.000024,0.000000
9.404589,-2.079995,-0.375029,-12.456251,-0.051000,-0.200375,0.028625,0.446534,-0.492455,0.092615,-3.141574,0.000027,0.000001
9.408589,-2.079994,-0.375033,-12.456251,-0.051000,-0.200375,0.028625,0.446559,-0.492369,0.092613,-3.141572,0.000030,-0.000003
9.412589,-2.079993,-0.375038,-12.456251,-0.051000,-0.200375,0.028625,0.446585,-0.492281,0.092612,-3.141569,0.000034,-0.000003
9.416592,-1.879992,-0.535043,-11.586251,-0.046000,-0.179375,0.027625,0.446610,-0.492195,0.092610,-3.141567,0.000037,-0.000000
9.420590,-1.879990,-0.535053,-11.586252,-0.045999,-0.179375,0.027625,0.446636,-0.492106,0.092606,-3.141562,0.000045,0.000001
9.424589,-1.879990,-0.535052,-11.586252,-0.045999,-0.179375,0.027625,0.446662,-0.492021,0.092607,-3.141562,0.000044,0.000003
9.428589,-1.879987,-0.535064,-11.586252,-0.045999,-0.179375,0.027625,0.446689,-0.491933,0.092605,-3.141556,0.000052,0.000004
9.432603,-1.879987,-0.535063,-11.586252,-0.045999,-0.179375,0.027625,0.446714,-0.491848,0.092606,-3.141557,0.000052,0.000007
9.436589,-1.879985,-0.535074,-11.586252,-0.045999,-0.179375,0.027625,0.446741,-0.491760,0.092604,-3.141551,0.000060,0.000014
9.440590,-1.879985,-0.535074,-11.586252,-0.045999,-0.179375,0.027625,0.446741,-0.491760,0.092604,-3.141551,0.000060,0.000014
9.444587,-1.879982,-0.535086,-11.586253,-0.045999,-0.179375,0.027625,0.446794,-0.491587,0.092604,-3.141545,0.000069,0.000017
9.448587,-1.879982,-0.535086,-11.586253,-0.045999,-0.179375,0.027625,0.446794,-0.491587,0.092604,-3.141545,0.000069,0.000017
9.452589,-1.879982,-0.535085,-11.586253,-0.045999,-0.179375,0.027625,0.446823,-0.491501,0.092604,-3.141546,0.000068,0.000011
9.456586,-1.879980,-0.535091,-11.586253,-0.045999,-0.179375,0.027625,0.446851,-0.491413,0.092604,-3.141542,0.000073,0.000012
9.460592,-1.889980,-0.455093,-11.076253,-0.045999,-0.175375,0.026625,0.446905,-0.491241,0.092602,-3.141541,0.000074,-0.000032
9.464590,-1.889980,-0.455093,-11.076253,-0.045999,-0.175375,0.026625,0.446905,-0.491241,0.092602,-3.141541,0.000074,-0.000032
9.468588,-1.889982,-0.455085,-11.076253,-0.045999,-0.175375,0.026625,0.446931,-0.491156,0.092604,-3.141545,0.000068,-0.000009
9.472589,-1.889983,-0.455081,-11.076252,-0.045999,-0.175375,0.026625,0.446993,-0.490958,0.092598,-3.141547,0.000065,-0.000012
9.476553,-1.889983,-0.455081,-11.076252,-0.045999,-0.175375,0.026625,0.446993,-0.490958,0.092598,-3.141547,0.000065,-0.000012
9.480552,-1.889985,-0.455072,-11.076252,-0.045999,-0.175375,0.026625,0.447047,-0.490786,0.092593,-3.141552,0.000059,-0.000023
9.484587,-1.889989,-0.455058,-11.076252,-0.045999,-0.175375,0.026625,0.447073,-0.490702,0.092590,-3.141559,0.000049,-0.000026
9.488589,-1.889990,-0.455053,-11.076252,-0.045999,-0.175375,0.026625,0.447100,-0.490614,0.092588,-3.141561,0.000045,-0.000026
9.492587,-1.889993,-0.455040,-11.076251,-0.046000,-0.175375,0.026625,0.447128,-0.490527,0.092585,-3.141568,0.000035,-0.000025
9.496591,-1.969993,-0.445040,-11.026251,-0.048000,-0.178375,0.027625,0.447154,-0.490439,0.092580,-3.141568,0.000035,-0.000018
9.500590,-1.969993,-0.445040,-11.026251,-0.048000,-0.178375,0.027625,0.447154,-0.490439,0.092580,-3.141568,0.000035,-0.000018
9.504590,-1.969999,-0.445016,-11.026251,-0.048000,-0.178375,0.027625,0.447209,-0.490267,0.092576,-3.141581,0.000017,-0.000015
9.508591,-1.970002,-0.445005,-11.026250,-0.048000,-0.178375,0.027625,0.447237,-0.490181,0.092576,-3.141586,0.000009,-0.000001
9.512595,-1.970002,-0.445005,-11.026250,-0.048000,-0.178375,0.027625,0.447237,-0.490181,0.092576,-3.141586,0.000009,-0.000001
9.516601,-1.970004,-0.444993,-11.026250,-0.048000,-0.178375,0.027625,0.447267,-0.490095,0.092574,-3.141592,0.000001,0.000007
9.520589,-1.970007,-0.444984,-11.026250,-0.048000,-0.178375,0.027625,0.447295,-0.490008,0.092569,3.141589,-0.000006,0.000021
9.524604,-1.970009,-0.444973,-11.026249,-0.048000,-0.178375,0.027625,0.447323,-0.489921,0.092568,3.141583,-0.000014,0.000028
9.528593,-1.970011,-0.444966,-11.026249,-0.048000,-0.178375,0.027625,0.447350,-0.489837,0.092564,3.141580,-0.000019,0.000037
9.532603,-1.970012,-0.444961,-11.026249,-0.048000,-0.178375,0.027625,0.447378,-0.489750,0.092560,3.141577,-0.000023,0.000045
9.536591,-1.960014,-0.454954,-11.026249,-0.047001,-0.177375,0.027625,0.447431,-0.489582,0.092551,3.141574,-0.000028,0.000044
9.540589,-1.960014,-0.454954,-11.026249,-0.047001,-0.177375,0.027625,0.447431,-0.489582,0.092551,3.141574,-0.000028,0.000044
9.544594,-1.920014,-0.524953,-11.326248,-0.041001,-0.182375,0.027625,0.447454,-0.489499,0.092544,3.141573,-0.000028,0.000035
9.548597,-1.920013,-0.524959,-11.326249,-0.041000,-0.182375,0.027625,0.447478,-0.489416,0.092536,3.141576,-0.000024,0.000033
9.552590,-1.920013,-0.524960,-11.326249,-0.041000,-0.182375,0.027625,0.447503,-0.489334,0.092531,3.141576,-0.000024,0.000025
9.556587,-1.920009,-0.524973,-11.326249,-0.041000,-0.182375,0.027625,0.447528,-0.489249,0.092523,3.141583,-0.000014,0.000021
9.560591,-1.920007,-0.524984,-11.326249,-0.041000,-0.182375,0.027625,0.447576,-0.489084,0.092507,3.141589,-0.000006,0.000011
9.564589,-1.920007,-0.524984,-11.326249,-0.041000,-0.182375,0.027625,0.447576,-0.489084,0.092507,3.141589,-0.000006,0.000011
9.568590,-1.920003,-0.524998,-11.326250,-0.041000,-0.182375,0.027625,0.447600,-0.489001,0.092498,-3.141590,0.000004,0.000002
9.572600,-1.920002,-0.525005,-11.326250,-0.041000,-0.182375,0.027625,0.447625,-0.488919,0.092492,-3.141586,0.000009,-0.000006
9.576595,-1.920002,-0.525004,-11.326250,-0.041000,-0.182375,0.027625,0.447652,-0.488836,0.092486,-3.141586,0.000009,-0.000003
9.580553,-1.920000,-0.525012,-11.326250,-0.041000,-0.182375,0.027625,0.447678,-0.488754,0.092479,-3.141583,0.000014,-0.000012
9.584587,-2.050001,-0.585005,-12.076250,-0.044000,-0.194375,0.030625,0.447707,-0.488672,0.092475,-3.141586,0.000010,-0.000009
9.588623,-2.050003,-0.585000,-12.076250,-0.044000,-0.194375,0.030625,0.447733,-0.488591,0.092472,-3.141589,0.000006,-0.000011
9.592623,-2.050001,-0.585005,-12.076250,-0.044000,-0.194375,0.030625,0.447757,-0.488509,0.092464,-3.141586,0.000010,-0.000006
9.596623,-2.050001,-0.585005,-12.076250,-0.044000,-0.194375,0.030625,0.447784,-0.488425,0.092458,-3.141586,0.000010,0.000004
9.600540,-2.050002,-0.585005,-12.076250,-0.044000,-0.194375,0.030625,0.447810,-0.488344,0.092452,-3.141586,0.000009,-0.000025
9.604610,-2.050003,-0.584998,-12.076250,-0.044000,-0.194375,0.030625,0.447837,-0.488260,0.092447,-3.141590,0.000004,-0.000009
9.608530,-2.050003,-0.585000,-12.076250,-0.044000,-0.194375,0.030625,0.447854,-0.488169,0.092437,-3.141588,0.000006,0.000008
9.612599,-2.050003,-0.584999,-12.076250,-0.044000,-0.194375,0.030625,0.447893,-0.488073,0.092430,-3.141589,0.000005,0.000051
9.616598,-2.050002,-0.585003,-12.076250,-0.044000,-0.194375,0.030625,0.447916,-0.487990,0.092421,-3.141587,0.000008,0.000056
9.620601,-2.280003,-0.515001,-13.746250,-0.056000,-0.218375,0.032625,0.447942,-0.487905,0.092413,-3.141588,0.000007,0.000072
9.624594,-2.280002,-0.515002,-13.746250,-0.056000,-0.218375,0.032625,0.447968,-0.487821,0.092408,-3.141588,0.000007,0.000082
9.628593,-2.280003,-0.515000,-13.746250,-0.056000,-0.218375,0.032625,0.447993,-0.487739,0.092401,-3.141589,0.000006,0.000080
9.632591,-2.280003,-0.515000,-13.746250,-0.056000,-0.218375,0.032625,0.448016,-0.487657,0.092396,-3.141588,0.000006,0.000078
9.636591,-2.280005,-0.514990,-13.746250,-0.056000,-0.218375,0.032625,0.448042,-0.487576,0.092396,3.141592,-0.000002,0.000076
9.640583,-2.280006,-0.514987,-13.746250,-0.056000,-0.218375,0.032625,0.448070,-0.487492,0.092395,3.141590,-0.000004,0.000073
9.644587,-2.280007,-0.514984,-13.746249,-0.056000,-0.218375,0.032625,0.448095,-0.487411,0.092394,3.141589,-0.000006,0.000064
9.648588,-2.280007,-0.514981,-13.746249,-0.056000,-0.218375,0.032625,0.448120,-0.487330,0.092393,3.141587,-0.000008,0.000056
9.652590,-2.280011,-0.514966,-13.746249,-0.056000,-0.218375,0.032625,0.448149,-0.487247,0.092396,3.141579,-0.000020,0.000052
9.656587,-2.280015,-0.514949,-13.746248,-0.056001,-0.218375,0.032625,0.448176,-0.487167,0.092398,3.141571,-0.000032,0.000043
9.660590,-2.660014,-0.614951,-15.716249,-0.067001,-0.246375,0.039625,0.448201,-0.487085,0.092394,3.141572,-0.000030,0.000035
9.664589,-2.660017,-0.614941,-15.716248,-0.067001,-0.246375,0.039625,0.448229,-0.487002,0.092394,3.141567,-0.000038,0.000024
9.668588,-2.660016,-0.614944,-15.716248,-0.067001,-0.246375,0.039625,0.448253,-0.486920,0.092391,3.141568,-0.000036,0.000016
9.672589,-2.660014,-0.614952,-15.716249,-0.067001,-0.246375,0.039625,0.448276,-0.486837,0.092386,3.141572,-0.000030,0.000007
9.676589,-2.660014,-0.614954,-15.716249,-0.067001,-0.246375,0.039625,0.448298,-0.486754,0.092381,3.141573,-0.000028,-0.000008
9.680589,-2.660013,-0.614957,-15.716249,-0.067001,-0.246375,0.039625,0.448324,-0.486669,0.092379,3.141575,-0.000026,-0.000012
9.684589,-2.660011,-0.614966,-15.716249,-0.067000,-0.246375,0.039625,0.448345,-0.486586,0.092374,3.141580,-0.000019,-0.000007
9.688567,-2.660010,-0.614969,-15.716249,-0.067000,-0.246375,0.039625,0.448371,-0.486501,0.092371,3.141581,-0.000017,0.000003
9.692588,-2.660009,-0.614972,-15.716249,-0.067000,-0.246375,0.039625,0.448394,-0.486419,0.092369,3.141583,-0.000015,0.000014
9.696554,-2.660009,-0.614975,-15.716249,-0.067000,-0.246375,0.039625,0.448418,-0.486336,0.092366,3.141584,-0.000012,0.000026
9.700589,-2.830007,-0.584980,-17.036249,-0.077000,-0.262375,0.042625,0.448445,-0.486252,0.092364,3.141587,-0.000009,0.000036
9.704587,-2.830006,-0.584984,-17.036249,-0.077000,-0.262375,0.042625,0.448469,-0.486171,0.092363,3.141589,-0.000006,0.000047
9.708588,-2.830006,-0.584987,-17.036250,-0.077000,-0.262375,0.042625,0.448496,-0.486087,0.092359,3.141590,-0.000004,0.000070
9.712554,-2.830006,-0.584986,-17.036250,-0.077000,-0.262375,0.042625,0.448521,-0.486006,0.092361,3.141590,-0.000004,0.000075
9.716566,-2.830005,-0.584990,-17.036250,-0.077000,-0.262375,0.042625,0.448549,-0.485923,0.092358,3.141592,-0.000002,0.000051
9.720590,-2.830007,-0.584982,-17.036249,-0.077000,-0.262375,0.042625,0.448574,-0.485842,0.092360,3.141588,-0.000008,0.000083
9.724589,-2.830007,-0.584980,-17.036249,-0.077000,-0.262375,0.042625,0.448609,-0.485738,0.092361,3.141587,-0.000009,0.000084
9.728589,-2.830007,-0.584980,-17.036249,-0.077000,-0.262375,0.042625,0.448627,-0.485678,0.092362,3.141587,-0.000009,0.000084
9.732592,-2.830008,-0.584979,-17.036249,-0.077000,-0.262375,0.042625,0.448652,-0.485596,0.092363,3.141586,-0.000009,0.000076
9.736594,-2.830005,-0.584989,-17.036250,-0.077000,-0.262375,0.042625,0.448676,-0.485514,0.092359,3.141591,-0.000002,0.000067
9.740590,-2.990004,-0.644995,-17.906250,-0.076000,-0.279375,0.044625,0.448701,-0.485429,0.092359,-3.141591,0.000002,0.000063
9.744601,-2.990004,-0.644993,-17.906250,-0.076000,-0.279375,0.044625,0.448725,-0.485347,0.092359,-3.141592,0.000001,0.000048
9.748590,-2.990002,-0.645003,-17.906250,-0.076000,-0.279375,0.044625,0.448750,-0.485262,0.092355,-3.141587,0.000009,0.000044
9.752605,-2.989999,-0.645014,-17.906250,-0.076000,-0.279375,0.044625,0.448772,-0.485179,0.092352,-3.141582,0.000016,-0.000012
9.756589,-2.989999,-0.645018,-17.906250,-0.076000,-0.279375,0.044625,0.448804,-0.485075,0.092350,-3.141579,0.000019,0.000009
9.760596,-2.989998,-0.645021,-17.906251,-0.076000,-0.279375,0.044625,0.448828,-0.484992,0.092348,-3.141578,0.000022,0.000001
9.764589,-2.989998,-0.645019,-17.906250,-0.076000,-0.279375,0.044625,0.448855,-0.484909,0.092347,-3.141579,0.000020,-0.000010
9.768589,-2.989999,-0.645018,-17.906250,-0.076000,-0.279375,0.044625,0.448879,-0.484827,0.092348,-3.141580,0.000019,-0.000018
9.772589,-2.990000,-0.645010,-17.906250,-0.076000,-0.279375,0.044625,0.448904,-0.484746,0.092350,-3.141584,0.000013,-0.000027
9.776589,-3.119999,-0.585015,-18.686251,-0.083000,-0.293375,0.046625,0.448931,-0.484663,0.092349,-3.141581,0.000017,-0.000024
9.780589,-3.120001,-0.585007,-18.686251,-0.083000,-0.293375,0.046625,0.448956,-0.484581,0.092351,-3.141585,0.000011,-0.000019
9.784590,-3.119999,-0.585016,-18.686251,-0.083000,-0.293375,0.046625,0.448982,-0.484497,0.092347,-3.141580,0.000018,-0.000009
9.788590,-3.120002,-0.585002,-18.686251,-0.083000,-0.293375,0.046625,0.449008,-0.484417,0.092351,-3.141587,0.000008,-0.000004
9.792589,-3.120001,-0.585007,-18.686251,-0.083000,-0.293375,0.046625,0.449035,-0.484334,0.092349,-3.141585,0.000011,0.000005
9.796568,-3.120002,-0.585004,-18.686251,-0.083000,-0.293375,0.046625,0.449060,-0.484252,0.092348,-3.141587,0.000009,0.000010
9.800588,-3.120001,-0.585007,-18.686251,-0.083000,-0.293375,0.046625,0.449085,-0.484168,0.092346,-3.141585,0.000011,0.000026
9.804589,-3.120001,-0.585007,-18.686251,-0.083000,-0.293375,0.046625,0.449111,-0.484084,0.092347,-3.141585,0.000011,0.000036
9.808590,-3.120002,-0.585004,-18.686251,-0.083000,-0.293375,0.046625,0.449136,-0.484003,0.092346,-3.141587,0.000009,0.000041
9.812591,-3.120002,-0.585002,-18.686251,-0.083000,-0.293375,0.046625,0.449161,-0.483919,0.092346,-3.141588,0.000007,0.000044
9.816592,-3.200002,-0.535002,-18.976251,-0.086000,-0.299375,0.046625,0.449186,-0.483837,0.092348,-3.141588,0.000007,0.000042
9.820589,-3.230001,-0.555007,-19.076250,-0.085000,-0.301375,0.046625,0.449208,-0.483754,0.092347,-3.141585,0.000011,0.000040
9.824601,-3.230000,-0.555012,-19.076250,-0.085000,-0.301375,0.046625,0.449234,-0.483671,0.092346,-3.141583,0.000015,0.000043
9.828592,-3.230000,-0.555011,-19.076250,-0.085000,-0.301375,0.046625,0.449261,-0.483587,0.092347,-3.141583,0.000014,0.000039
9.832600,-3.230001,-0.555011,-19.076250,-0.085000,-0.301375,0.046625,0.449285,-0.483505,0.092349,-3.141583,0.000014,0.000024
9.836595,-3.230001,-0.555011,-19.076250,-0.085000,-0.301375,0.046625,0.449312,-0.483422,0.092350,-3.141583,0.000014,0.000020
9.840589,-3.230000,-0.555012,-19.076250,-0.085000,-0.301375,0.046625,0.449337,-0.483341,0.092353,-3.141583,0.000014,0.000011
9.844587,-3.229999,-0.555019,-19.076250,-0.085000,-0.301375,0.046625,0.449363,-0.483257,0.092354,-3.141579,0.000020,0.000001
9.848588,-3.229997,-0.555027,-19.076251,-0.085000,-0.301375,0.046625,0.449388,-0.483176,0.092356,-3.141575,0.000026,-0.000008
9.852589,-3.229995,-0.555034,-19.076251,-0.085000,-0.301375,0.046625,0.449414,-0.483092,0.092357,-3.141572,0.000031,-0.000018
9.856590,-3.229995,-0.555035,-19.076251,-0.085000,-0.301375,0.046625,0.449441,-0.483009,0.092359,-3.141571,0.000032,-0.000022
9.860597,-3.199993,-0.705044,-19.316251,-0.084999,-0.298375,0.048625,0.449472,-0.482908,0.092361,-3.141567,0.000038,-0.000026
9.864589,-3.199994,-0.705040,-19.316251,-0.085000,-0.298375,0.048625,0.449499,-0.482825,0.092367,-3.141569,0.000035,-0.000023
9.868588,-3.199990,-0.705054,-19.316251,-0.084999,-0.298375,0.048625,0.449522,-0.482743,0.092367,-3.141562,0.000046,-0.000025
9.872589,-3.199989,-0.705062,-19.316252,-0.084999,-0.298375,0.048625,0.449548,-0.482659,0.092368,-3.141558,0.000051,-0.000029
9.876589,-3.199988,-0.705064,-19.316252,-0.084999,-0.298375,0.048625,0.449572,-0.482577,0.092372,-3.141557,0.000053,-0.000024
9.880594,-3.199986,-0.705072,-19.316252,-0.084999,-0.298375,0.048625,0.449596,-0.482492,0.092373,-3.141553,0.000059,-0.000015
9.884589,-3.199986,-0.705074,-19.316252,-0.084999,-0.298375,0.048625,0.449620,-0.482411,0.092377,-3.141552,0.000060,-0.000010
9.888589,-3.199985,-0.705077,-19.316252,-0.084999,-0.298375,0.048625,0.449647,-0.482328,0.092382,-3.141550,0.000063,0.000007
9.892589,-3.199986,-0.705074,-19.316252,-0.084999,-0.298375,0.048625,0.449673,-0.482244,0.092388,-3.141552,0.000061,0.000016
9.896590,-3.129985,-0.655076,-19.446252,-0.089999,-0.294375,0.047625,0.449697,-0.482162,0.092392,-3.141551,0.000062,0.000028
9.900554,-3.089985,-0.605080,-19.386253,-0.091999,-0.292375,0.045625,0.449724,-0.482079,0.092397,-3.141549,0.000065,0.000038
9.904551,-3.089985,-0.605077,-19.386253,-0.091999,-0.292375,0.045625,0.449748,-0.481998,0.092404,-3.141550,0.000063,0.000036
9.908603,-3.089983,-0.605086,-19.386253,-0.091999,-0.292375,0.045625,0.449773,-0.481914,0.092407,-3.141546,0.000070,0.000045
9.912589,-3.089985,-0.605077,-19.386253,-0.091999,-0.292375,0.045625,0.449799,-0.481833,0.092415,-3.141550,0.000063,0.000044
9.916589,-3.089984,-0.605082,-19.386253,-0.091999,-0.292375,0.045625,0.449825,-0.481749,0.092421,-3.141548,0.000067,0.000046
9.920589,-3.089986,-0.605073,-19.386253,-0.091999,-0.292375,0.045625,0.449852,-0.481667,0.092430,-3.141552,0.000060,0.000049
9.924597,-3.089986,-0.605073,-19.386253,-0.091999,-0.292375,0.045625,0.449852,-0.481667,0.092430,-3.141552,0.000060,0.000049
9.928589,-3.089985,-0.605078,-19.386253,-0.091999,-0.292375,0.045625,0.449878,-0.481583,0.092435,-3.141550,0.000063,0.000012
9.932590,-3.089986,-0.605073,-19.386253,-0.091999,-0.292375,0.045625,0.449931,-0.481417,0.092450,-3.141552,0.000060,0.000037
9.936590,-3.109988,-0.525065,-18.816252,-0.093999,-0.287375,0.045625,0.449957,-0.481333,0.092459,-3.141556,0.000054,0.000027
9.940590,-3.109986,-0.525076,-18.816252,-0.093999,-0.287375,0.045625,0.449983,-0.481246,0.092463,-3.141551,0.000062,0.000014
9.944587,-3.109987,-0.525068,-18.816252,-0.093999,-0.287375,0.045625,0.450010,-0.481163,0.092473,-3.141555,0.000056,-0.000010
9.948595,-3.109986,-0.525073,-18.816252,-0.093999,-0.287375,0.045625,0.450036,-0.481076,0.092480,-3.141552,0.000060,-0.000017
9.952600,-3.109987,-0.525070,-18.816252,-0.093999,-0.287375,0.045625,0.450064,-0.480990,0.092486,-3.141554,0.000058,-0.000030
9.956589,-3.109987,-0.525070,-18.816252,-0.093999,-0.287375,0.045625,0.450064,-0.480990,0.092486,-3.141554,0.000058,-0.000030
9.960587,-3.109986,-0.525074,-18.816252,-0.093999,-0.287375,0.045625,0.450116,-0.480817,0.092501,-3.141552,0.000061,-0.000022
9.964589,-3.109986,-0.525074,-18.816252,-0.093999,-0.287375,0.045625,0.450116,-0.480817,0.092501,-3.141552,0.000061,-0.000022
9.968595,-3.109988,-0.525064,-18.816252,-0.093999,-0.287375,0.045625,0.450141,-0.480732,0.092509,-3.141557,0.000053,-0.000053
9.972589,-3.109980,-0.525099,-18.816253,-0.093999,-0.287375,0.045625,0.450184,-0.480552,0.092514,-3.141540,0.000079,-0.000031
9.976591,-3.099986,-0.505077,-18.606252,-0.093999,-0.284375,0.044625,0.450211,-0.480466,0.092534,-3.141551,0.000063,-0.000017
9.980601,-2.839987,-0.475069,-17.376252,-0.084999,-0.268375,0.040625,0.450255,-0.480366,0.092543,-3.141555,0.000057,0.000028
9.984601,-2.839985,-0.475079,-17.376253,-0.084999,-0.268375,0.040625,0.450280,-0.480279,0.092547,-3.141549,0.000065,0.000036
9.988599,-2.839985,-0.475079,-17.376253,-0.084999,-0.268375,0.040625,0.450306,-0.480195,0.092556,-3.141550,0.000064,0.000032
9.992596,-2.839985,-0.475079,-17.376253,-0.084999,-0.268375,0.040625,0.450306,-0.480195,0.092556,-3.141550,0.000064,0.000032
9.996590,-2.839983,-0.475087,-17.376253,-0.084999,-0.268375,0.040625,0.450359,-0.480023,0.092566,-3.141546,0.000070,0.000046
10.000587,-2.839984,-0.475084,-17.376253,-0.084999,-0.268375,0.040625,0.450387,-0.479937,0.092573,-3.141547,0.000068,0.000054
10.004556,-2.839983,-0.475088,-17.376253,-0.084999,-0.268375,0.040625,0.450414,-0.479851,0.092579,-3.141545,0.000071,0.000054
10.008563,-2.839982,-0.475093,-17.376253,-0.084999,-0.268375,0.040625,0.450442,-0.479765,0.092585,-3.141543,0.000075,0.000055
10.012590,-2.839982,-0.475093,-17.376253,-0.084999,-0.268375,0.040625,0.450442,-0.479765,0.092585,-3.141543,0.000075,0.000055
10.016590,-2.839982,-0.475095,-17.376253,-0.084999,-0.268375,0.040625,0.450467,-0.479681,0.092588,-3.141542,0.000076,0.000051
10.020589,-2.529982,-0.555093,-15.456253,-0.063999,-0.243375,0.035625,0.450496,-0.479596,0.092596,-3.141543,0.000075,0.000051
10.024590,-2.529980,-0.555101,-15.456253,-0.063999,-0.243375,0.035625,0.450522,-0.479510,0.092598,-3.141539,0.000081,0.000052
10.028595,-2.529982,-0.555095,-15.456253,-0.063999,-0.243375,0.035625,0.450552,-0.479425,0.092601,-3.141542,0.000076,0.000039
10.032591,-2.529981,-0.555100,-15.456253,-0.063999,-0.243375,0.035625,0.450605,-0.479253,0.092602,-3.141539,0.000080,0.000033
10.036595,-2.529981,-0.555100,-15.456253,-0.063999,-0.243375,0.035625,0.450605,-0.479253,0.092602,-3.141539,0.000080,0.000033
10.040596,-2.529981,-0.555099,-15.456253,-0.063999,-0.243375,0.035625,0.450658,-0.479080,0.092605,-3.141540,0.000079,0.000021
10.044588,-2.529981,-0.555099,-15.456253,-0.063999,-0.243375,0.035625,0.450658,-0.479080,0.092605,-3.141540,0.000079,0.000021
10.048591,-2.529980,-0.555104,-15.456253,-0.063999,-0.243375,0.035625,0.450684,-0.478993,0.092604,-3.141537,0.000083,0.000021
10.052589,-2.529980,-0.555102,-15.456253,-0.063999,-0.243375,0.035625,0.450711,-0.478907,0.092604,-3.141538,0.000082,0.000022
10.056589,-2.529982,-0.555095,-15.456253,-0.063999,-0.243375,0.035625,0.450740,-0.478818,0.092607,-3.141542,0.000077,0.000027
10.060589,-2.529982,-0.555095,-15.456253,-0.063999,-0.243375,0.035625,0.450765,-0.478731,0.092608,-3.141542,0.000076,0.000028
10.064590,-2.179981,-0.535100,-13.516254,-0.054999,-0.211375,0.030625,0.450790,-0.478644,0.092608,-3.141539,0.000080,0.000035
10.068596,-2.179982,-0.535094,-13.516253,-0.054999,-0.211375,0.030625,0.450843,-0.478471,0.092613,-3.141543,0.000075,0.000043
10.072593,-2.179982,-0.535094,-13.516253,-0.054999,-0.211375,0.030625,0.450843,-0.478471,0.092613,-3.141543,0.000075,0.000043
10.076589,-2.179986,-0.535076,-13.516253,-0.054999,-0.211375,0.030625,0.450872,-0.478386,0.092621,-3.141551,0.000062,0.000043
10.080590,-2.179986,-0.535075,-13.516253,-0.054999,-0.211375,0.030625,0.450899,-0.478301,0.092622,-3.141552,0.000062,0.000037
10.084597,-2.179988,-0.535070,-13.516253,-0.054999,-0.211375,0.030625,0.450929,-0.478213,0.092627,-3.141554,0.000058,0.000042
10.088590,-2.179987,-0.535070,-13.516253,-0.054999,-0.211375,0.030625,0.450955,-0.478127,0.092629,-3.141554,0.000058,0.000050
10.092600,-2.179990,-0.535057,-13.516252,-0.054999,-0.211375,0.030625,0.450984,-0.478042,0.092634,-3.141561,0.000048,0.000043
10.096596,-2.179984,-0.535085,-13.516253,-0.054999,-0.211375,0.030625,0.450999,-0.477948,0.092624,-3.141547,0.000069,0.000017
10.100589,-2.179990,-0.535058,-13.516252,-0.054999,-0.211375,0.030625,0.451036,-0.477868,0.092639,-3.141560,0.000049,0.000011
10.104589,-2.029991,-0.495053,-12.536252,-0.052999,-0.194375,0.029625,0.451055,-0.477774,0.092644,-3.141562,0.000046,0.000009
10.108560,-2.029990,-0.495059,-12.536252,-0.052999,-0.194375,0.029625,0.451080,-0.477687,0.092644,-3.141560,0.000050,0.000003
10.112558,-2.029990,-0.495060,-12.536252,-0.052999,-0.194375,0.029625,0.451123,-0.477584,0.092646,-3.141559,0.000050,0.000033
10.116589,-2.029988,-0.495066,-12.536252,-0.052999,-0.194375,0.029625,0.451148,-0.477496,0.092646,-3.141556,0.000055,0.000027
10.120589,-2.029990,-0.495059,-12.536252,-0.052999,-0.194375,0.029625,0.451174,-0.477410,0.092649,-3.141560,0.000050,0.000020
10.124593,-2.029989,-0.495065,-12.536252,-0.052999,-0.194375,0.029625,0.451200,-0.477323,0.092649,-3.141557,0.000054,0.000014
10.128589,-2.029987,-0.495070,-12.536252,-0.052999,-0.194375,0.029625,0.451227,-0.477234,0.092648,-3.141554,0.000058,0.000013
10.132595,-2.029988,-0.495070,-12.536252,-0.052999,-0.194375,0.029625,0.451255,-0.477149,0.092650,-3.141554,0.000058,0.000013
10.136590,-2.029985,-0.495082,-12.536253,-0.052999,-0.194375,0.029625,0.451281,-0.477063,0.092648,-3.141548,0.000067,0.000020
10.140595,-1.889985,-0.515082,-11.676253,-0.051999,-0.177375,0.027625,0.451307,-0.476979,0.092649,-3.141549,0.000067,0.000017
10.144588,-1.889985,-0.515080,-11.676253,-0.051999,-0.177375,0.027625,0.451333,-0.476896,0.092650,-3.141549,0.000066,0.000019
10.148594,-1.889986,-0.515079,-11.676253,-0.051999,-0.177375,0.027625,0.451360,-0.476814,0.092650,-3.141550,0.000065,0.000022
10.152589,-1.889986,-0.515078,-11.676253,-0.051999,-0.177375,0.027625,0.451386,-0.476731,0.092650,-3.141551,0.000064,0.000018
10.156590,-1.889986,-0.515076,-11.676253,-0.051999,-0.177375,0.027625,0.451413,-0.476649,0.092651,-3.141551,0.000062,0.000021
10.160589,-1.889986,-0.515080,-11.676253,-0.051999,-0.177375,0.027625,0.451439,-0.476566,0.092648,-3.141550,0.000065,0.000017
10.164589,-1.889986,-0.515077,-11.676253,-0.051999,-0.177375,0.027625,0.451465,-0.476483,0.092648,-3.141551,0.000063,0.000013
10.168592,-1.889984,-0.515087,-11.676253,-0.051999,-0.177375,0.027625,0.451489,-0.476399,0.092643,-3.141546,0.000070,0.000009
10.172589,-1.889983,-0.515091,-11.676253,-0.051999,-0.177375,0.027625,0.451514,-0.476315,0.092642,-3.141544,0.000074,0.000005
10.176590,-1.889981,-0.515101,-11.676254,-0.051999,-0.177375,0.027625,0.451538,-0.476231,0.092637,-3.141539,0.000081,0.000001
10.180589,-1.779980,-0.505105,-10.746253,-0.043999,-0.167375,0.024625,0.451563,-0.476147,0.092636,-3.141537,0.000084,-0.000003
10.184592,-1.779978,-0.505114,-10.746254,-0.043999,-0.167375,0.024625,0.451589,-0.476060,0.092630,-3.141533,0.000090,-0.000002
10.188589,-1.779977,-0.505118,-10.746254,-0.043999,-0.167375,0.024625,0.451613,-0.475977,0.092629,-3.141531,0.000094,-0.000006
10.192588,-1.779977,-0.505120,-10.746254,-0.043999,-0.167375,0.024625,0.451638,-0.475893,0.092625,-3.141530,0.000095,-0.000003
10.196589,-1.779976,-0.505124,-10.746254,-0.043999,-0.167375,0.024625,0.451664,-0.475807,0.092623,-3.141528,0.000098,-0.000003
10.200589,-1.779975,-0.505127,-10.746254,-0.043999,-0.167375,0.024625,0.451690,-0.475724,0.092620,-3.141527,0.000101,-0.000007
10.204589,-1.779976,-0.505124,-10.746254,-0.043999,-0.167375,0.024625,0.451715,-0.475640,0.092619,-3.141528,0.000098,-0.000011
10.208593,-1.779977,-0.505120,-10.746254,-0.043999,-0.167375,0.024625,0.451742,-0.475558,0.092617,-3.141530,0.000095,-0.000008
10.212589,-1.779980,-0.505104,-10.746253,-0.043999,-0.167375,0.024625,0.451769,-0.475476,0.092619,-3.141538,0.000083,-0.000012
10.216557,-1.779988,-0.505071,-10.746252,-0.043999,-0.167375,0.024625,0.451801,-0.475394,0.092621,-3.141554,0.000059,-0.000032
10.220587,-1.789985,-0.485082,-10.546253,-0.042999,-0.168375,0.024625,0.451817,-0.475304,0.092618,-3.141549,0.000067,-0.000029
10.224589,-1.789987,-0.485073,-10.546253,-0.042999,-0.168375,0.024625,0.451861,-0.475206,0.092619,-3.141553,0.000060,0.000010
10.228588,-1.789991,-0.485056,-10.546252,-0.042999,-0.168375,0.024625,0.451889,-0.475124,0.092621,-3.141561,0.000048,0.000013
10.232589,-1.789992,-0.485051,-10.546252,-0.042999,-0.168375,0.024625,0.451914,-0.475041,0.092618,-3.141564,0.000044,0.000016
10.236590,-1.789994,-0.485040,-10.546251,-0.043000,-0.168375,0.024625,0.451942,-0.474956,0.092618,-3.141569,0.000036,0.000016
10.240589,-1.789994,-0.485043,-10.546252,-0.042999,-0.168375,0.024625,0.451967,-0.474869,0.092615,-3.141568,0.000038,0.000017
10.244587,-1.789995,-0.485039,-10.546251,-0.043000,-0.168375,0.024625,0.451993,-0.474783,0.092613,-3.141570,0.000035,0.000011
10.248589,-1.789995,-0.485034,-10.546251,-0.043000,-0.168375,0.024625,0.452017,-0.474699,0.092611,-3.141572,0.000032,-0.000000
10.252589,-1.789995,-0.485038,-10.546251,-0.043000,-0.168375,0.024625,0.452042,-0.474612,0.092608,-3.141570,0.000034,-0.000006
10.256594,-1.789995,-0.465038,-10.566251,-0.043000,-0.169375,0.024625,0.452068,-0.474526,0.092603,-3.141570,0.000034,-0.000019
10.260589,-1.759994,-0.505041,-10.786251,-0.037000,-0.173375,0.023625,0.452091,-0.474441,0.092601,-3.141569,0.000037,-0.000023
10.264596,-1.759994,-0.505042,-10.786251,-0.037000,-0.173375,0.023625,0.452117,-0.474355,0.092596,-3.141568,0.000037,-0.000029
10.268588,-1.759996,-0.505031,-10.786251,-0.037000,-0.173375,0.023625,0.452144,-0.474270,0.092596,-3.141573,0.000029,-0.000029
10.272589,-1.759997,-0.505028,-10.786251,-0.037000,-0.173375,0.023625,0.452173,-0.474185,0.092594,-3.141575,0.000027,-0.000028
10.276592,-1.759998,-0.505025,-10.786251,-0.037000,-0.173375,0.023625,0.452200,-0.474100,0.092593,-3.141577,0.000024,-0.000028
10.280589,-1.760000,-0.505013,-10.786250,-0.037000,-0.173375,0.023625,0.452227,-0.474018,0.092592,-3.141582,0.000016,-0.000032
10.284590,-1.760001,-0.505009,-10.786250,-0.037000,-0.173375,0.023625,0.452255,-0.473933,0.092590,-3.141584,0.000013,-0.000024
10.288556,-1.760002,-0.505004,-10.786250,-0.037000,-0.173375,0.023625,0.452282,-0.473848,0.092587,-3.141587,0.000009,-0.000024
10.292560,-1.760005,-0.504992,-10.786250,-0.037000,-0.173375,0.023625,0.452311,-0.473764,0.092586,-3.141593,0.000000,-0.000016
10.296564,-1.760003,-0.504999,-10.786250,-0.037000,-0.173375,0.023625,0.452336,-0.473680,0.092579,-3.141589,0.000006,-0.000014
10.300561,-1.810003,-0.494999,-10.756250,-0.040000,-0.172375,0.023625,0.452362,-0.473595,0.092573,-3.141589,0.000005,-0.000006
10.304562,-1.810002,-0.495006,-10.756250,-0.040000,-0.172375,0.023625,0.452389,-0.473509,0.092567,-3.141586,0.000011,0.000008
10.308559,-1.810001,-0.495007,-10.756250,-0.040000,-0.172375,0.023625,0.452414,-0.473423,0.092562,-3.141585,0.000011,0.000015
10.312589,-1.810002,-0.495007,-10.756250,-0.040000,-0.172375,0.023625,0.452441,-0.473337,0.092556,-3.141586,0.000011,0.000022
10.316589,-1.809999,-0.495020,-10.756251,-0.040000,-0.172375,0.023625,0.452466,-0.473250,0.092548,-3.141579,0.000021,0.000029
10.320558,-1.809997,-0.495026,-10.756251,-0.040000,-0.172375,0.023625,0.452489,-0.473166,0.092540,-3.141576,0.000025,0.000032
10.324587,-1.809996,-0.495031,-10.756251,-0.040000,-0.172375,0.023625,0.452514,-0.473079,0.092532,-3.141574,0.000029,0.000033
10.328584,-1.809996,-0.495030,-10.756251,-0.040000,-0.172375,0.023625,0.452548,-0.472971,0.092526,-3.141574,0.000029,0.000036
10.332589,-1.809996,-0.495031,-10.756251,-0.040000,-0.172375,0.023625,0.452566,-0.472907,0.092521,-3.141573,0.000029,0.000027
10.336589,-1.769998,-0.495024,-10.926251,-0.042000,-0.171375,0.023625,0.452593,-0.472822,0.092516,-3.141577,0.000024,0.000021
10.340590,-1.799998,-0.505022,-11.156251,-0.043000,-0.173375,0.023625,0.452619,-0.472736,0.092509,-3.141578,0.000022,0.000022
10.344594,-1.799999,-0.505020,-11.156250,-0.043000,-0.173375,0.023625,0.452644,-0.472650,0.092502,-3.141579,0.000021,-0.000018
10.348590,-1.800000,-0.505012,-11.156250,-0.043000,-0.173375,0.023625,0.452671,-0.472565,0.092496,-3.141583,0.000015,0.000009
10.352593,-1.800002,-0.505004,-11.156250,-0.043000,-0.173375,0.023625,0.452701,-0.472478,0.092491,-3.141587,0.000009,0.000001
10.356559,-1.800004,-0.504994,-11.156250,-0.043000,-0.173375,0.023625,0.452727,-0.472392,0.092485,-3.141591,0.000002,-0.000005
10.360595,-1.800004,-0.504996,-11.156250,-0.043000,-0.173375,0.023625,0.452744,-0.472300,0.092466,-3.141591,0.000003,-0.000052
10.364555,-1.800007,-0.504979,-11.156249,-0.043000,-0.173375,0.023625,0.452770,-0.472215,0.092468,3.141586,-0.000010,-0.000058
10.368589,-1.800008,-0.504975,-11.156249,-0.043000,-0.173375,0.023625,0.452813,-0.472112,0.092458,3.141584,-0.000013,-0.000028
10.372592,-1.800008,-0.504975,-11.156249,-0.043000,-0.173375,0.023625,0.452813,-0.472112,0.092458,3.141584,-0.000013,-0.000028
10.376559,-1.800011,-0.504962,-11.156249,-0.043000,-0.173375,0.023625,0.452865,-0.471938,0.092443,3.141578,-0.000022,-0.000016
10.380558,-2.110012,-0.444959,-12.356249,-0.058000,-0.193375,0.027625,0.452889,-0.471851,0.092435,3.141577,-0.000025,-0.000009
10.384558,-2.110011,-0.444962,-12.356249,-0.058000,-0.193375,0.027625,0.452915,-0.471764,0.092425,3.141578,-0.000022,-0.000001
10.388532,-2.110010,-0.444966,-12.356249,-0.058000,-0.193375,0.027625,0.452940,-0.471675,0.092416,3.141580,-0.000019,0.000017
10.392529,-2.110011,-0.444964,-12.356249,-0.058000,-0.193375,0.027625,0.452966,-0.471589,0.092409,3.141579,-0.000021,0.000031
10.396529,-2.110011,-0.444962,-12.356249,-0.058000,-0.193375,0.027625,0.452993,-0.471500,0.092402,3.141578,-0.000022,0.000043
10.400530,-2.110010,-0.444968,-12.356249,-0.058000,-0.193375,0.027625,0.453018,-0.471414,0.092394,3.141581,-0.000018,0.000050
10.404530,-2.110010,-0.444968,-12.356249,-0.058000,-0.193375,0.027625,0.453044,-0.471328,0.092388,3.141581,-0.000018,0.000058
10.408531,-2.110009,-0.444971,-12.356249,-0.058000,-0.193375,0.027625,0.453069,-0.471242,0.092378,3.141582,-0.000016,0.000065
10.412532,-2.110010,-0.444965,-12.356249,-0.058000,-0.193375,0.027625,0.453098,-0.471155,0.092375,3.141580,-0.000020,0.000070
10.416532,-2.110009,-0.444973,-12.356249,-0.058000,-0.193375,0.027625,0.453124,-0.471069,0.092369,3.141583,-0.000014,0.000071
10.420534,-2.340007,-0.564981,-14.166249,-0.062000,-0.219375,0.032625,0.453148,-0.470982,0.092363,3.141587,-0.000008,0.000064
10.424534,-2.340006,-0.564983,-14.166250,-0.062000,-0.219375,0.032625,0.453174,-0.470896,0.092359,3.141588,-0.000007,0.000051
10.428544,-2.340007,-0.564983,-14.166249,-0.062000,-0.219375,0.032625,0.453202,-0.470809,0.092361,3.141588,-0.000007,0.000043
10.432556,-2.340004,-0.564993,-14.166250,-0.062000,-0.219375,0.032625,0.453226,-0.470722,0.092357,-3.141592,0.000001,0.000030
10.436557,-2.340002,-0.565004,-14.166250,-0.062000,-0.219375,0.032625,0.453250,-0.470635,0.092354,-3.141587,0.000009,0.000017
10.440558,-2.340001,-0.565009,-14.166250,-0.062000,-0.219375,0.032625,0.453278,-0.470547,0.092353,-3.141585,0.000012,0.000009
10.444590,-2.339999,-0.565019,-14.166251,-0.062000,-0.219375,0.032625,0.453302,-0.470460,0.092349,-3.141579,0.000020,-0.000011
10.448589,-2.339998,-0.565025,-14.166251,-0.062000,-0.219375,0.032625,0.453326,-0.470373,0.092349,-3.141577,0.000025,-0.000024
10.452589,-2.339996,-0.565033,-14.166251,-0.062000,-0.219375,0.032625,0.453353,-0.470285,0.092343,-3.141573,0.000031,-0.000039
10.456589,-2.689997,-0.645028,-16.156251,-0.065000,-0.255375,0.037625,0.453379,-0.470199,0.092348,-3.141575,0.000027,-0.000052
10.460596,-2.689997,-0.645031,-16.156251,-0.065000,-0.255375,0.037625,0.453403,-0.470113,0.092345,-3.141574,0.000029,-0.000058
10.464591,-2.689998,-0.645023,-16.156251,-0.065000,-0.255375,0.037625,0.453432,-0.470025,0.092347,-3.141578,0.000023,-0.000046
10.468596,-2.689999,-0.645020,-16.156250,-0.065000,-0.255375,0.037625,0.453458,-0.469940,0.092346,-3.141579,0.000021,-0.000032
10.472590,-2.689999,-0.645020,-16.156250,-0.065000,-0.255375,0.037625,0.453458,-0.469940,0.092346,-3.141579,0.000021,-0.000032
10.476589,-2.689999,-0.645018,-16.156250,-0.065000,-0.255375,0.037625,0.453485,-0.469851,0.092346,-3.141580,0.000019,-0.000014
10.480587,-2.690001,-0.645010,-16.156250,-0.065000,-0.255375,0.037625,0.453536,-0.469680,0.092344,-3.141584,0.000014,0.000014
10.484594,-2.690004,-0.644996,-16.156250,-0.065000,-0.255375,0.037625,0.453566,-0.469594,0.092348,-3.141591,0.000003,0.000033
10.488601,-2.690004,-0.644993,-16.156250,-0.065000,-0.255375,0.037625,0.453592,-0.469508,0.092347,-3.141592,0.000001,0.000040
10.492589,-2.690004,-0.644993,-16.156250,-0.065000,-0.255375,0.037625,0.453592,-0.469508,0.092347,-3.141592,0.000001,0.000040
10.496590,-2.830013,-0.534950,-16.986248,-0.073001,-0.269375,0.038625,0.453649,-0.469337,0.092349,3.141572,-0.000032,0.000019
10.500597,-2.830007,-0.534982,-16.986249,-0.073000,-0.269375,0.038625,0.453663,-0.469244,0.092335,3.141588,-0.000008,0.000020
10.504590,-2.830012,-0.534956,-16.986248,-0.073001,-0.269375,0.038625,0.453693,-0.469157,0.092344,3.141575,-0.000027,0.000018
10.508572,-2.830013,-0.534952,-16.986248,-0.073001,-0.269375,0.038625,0.453735,-0.469055,0.092341,3.141573,-0.000030,0.000048
10.512557,-2.830013,-0.534952,-16.986248,-0.073001,-0.269375,0.038625,0.453735,-0.469055,0.092341,3.141573,-0.000030,0.000048
10.516558,-2.830013,-0.534949,-16.986248,-0.073001,-0.269375,0.038625,0.453761,-0.468969,0.092341,3.141572,-0.000032,0.000035
10.520569,-2.830013,-0.534951,-16.986248,-0.073001,-0.269375,0.038625,0.453788,-0.468882,0.092337,3.141573,-0.000031,0.000020
10.524554,-2.830012,-0.534953,-16.986248,-0.073001,-0.269375,0.038625,0.453820,-0.468772,0.092334,3.141574,-0.000029,0.000002
10.528558,-2.830012,-0.534953,-16.986248,-0.073001,-0.269375,0.038625,0.453820,-0.468772,0.092334,3.141574,-0.000029,0.000002
10.532551,-2.830010,-0.534967,-16.986249,-0.073000,-0.269375,0.038625,0.453864,-0.468620,0.092327,3.141581,-0.000019,-0.000028
10.536554,-2.830008,-0.534976,-16.986249,-0.073000,-0.269375,0.038625,0.453889,-0.468535,0.092323,3.141585,-0.000012,-0.000048
10.540555,-2.800007,-0.604979,-17.036249,-0.072000,-0.267375,0.039625,0.453917,-0.468447,0.092319,3.141586,-0.000010,-0.000056
10.544554,-2.800007,-0.604981,-17.036249,-0.072000,-0.267375,0.039625,0.453942,-0.468361,0.092316,3.141587,-0.000008,-0.000076
10.548552,-2.800006,-0.604985,-17.036249,-0.072000,-0.267375,0.039625,0.453970,-0.468273,0.092314,3.141589,-0.000005,-0.000077
10.552553,-2.800005,-0.604989,-17.036250,-0.072000,-0.267375,0.039625,0.453996,-0.468189,0.092312,3.141591,-0.000002,-0.000077
10.556552,-2.800003,-0.604999,-17.036250,-0.072000,-0.267375,0.039625,0.454024,-0.468101,0.092308,-3.141589,0.000005,-0.000065
10.560553,-2.800002,-0.605003,-17.036250,-0.072000,-0.267375,0.039625,0.454049,-0.468015,0.092306,-3.141587,0.000008,-0.000058
10.564550,-2.800002,-0.605007,-17.036250,-0.072000,-0.267375,0.039625,0.454078,-0.467928,0.092304,-3.141585,0.000011,-0.000039
10.568555,-2.799999,-0.605018,-17.036251,-0.072000,-0.267375,0.039625,0.454133,-0.467753,0.092302,-3.141580,0.000019,-0.000016
10.572550,-2.799999,-0.605018,-17.036251,-0.072000,-0.267375,0.039625,0.454133,-0.467753,0.092302,-3.141580,0.000019,-0.000016
10.576570,-2.799999,-0.605021,-17.036251,-0.072000,-0.267375,0.039625,0.454160,-0.467668,0.092300,-3.141579,0.000022,-0.000008
10.580567,-2.739995,-0.575039,-17.216252,-0.078000,-0.261375,0.040625,0.454187,-0.467580,0.092295,-3.141570,0.000035,0.000004
10.584592,-2.739996,-0.565037,-17.336251,-0.080000,-0.261375,0.040625,0.454216,-0.467493,0.092296,-3.141571,0.000034,0.000009
10.588590,-2.739991,-0.565062,-17.336252,-0.079999,-0.261375,0.040625,0.454267,-0.467319,0.092291,-3.141559,0.000052,0.000007
10.592554,-2.739991,-0.565062,-17.336252,-0.079999,-0.261375,0.040625,0.454267,-0.467319,0.092291,-3.141559,0.000052,0.000007
10.596569,-2.739990,-0.565066,-17.336252,-0.079999,-0.261375,0.040625,0.454294,-0.467231,0.092290,-3.141557,0.000056,0.000013
10.600589,-2.739987,-0.565079,-17.336253,-0.079999,-0.261375,0.040625,0.454321,-0.467143,0.092288,-3.141551,0.000065,0.000011
10.604609,-2.739986,-0.565083,-17.336253,-0.079999,-0.261375,0.040625,0.454346,-0.467057,0.092287,-3.141549,0.000068,-0.000002
10.608590,-2.739984,-0.565095,-17.336253,-0.079999,-0.261375,0.040625,0.454372,-0.466969,0.092285,-3.141543,0.000077,-0.000010
10.612562,-2.739983,-0.565100,-17.336253,-0.079999,-0.261375,0.040625,0.454399,-0.466881,0.092283,-3.141541,0.000081,-0.000019
10.616595,-2.739983,-0.565099,-17.336253,-0.079999,-0.261375,0.040625,0.454415,-0.466789,0.092285,-3.141541,0.000080,-0.000072
10.620589,-2.739983,-0.565099,-17.336253,-0.079999,-0.261375,0.040625,0.454442,-0.466702,0.092286,-3.141542,0.000080,-0.000087
10.624563,-2.889983,-0.545103,-17.996253,-0.082999,-0.274375,0.041625,0.454484,-0.466599,0.092285,-3.141539,0.000083,-0.000064
10.628590,-2.889983,-0.545103,-17.996253,-0.082999,-0.274375,0.041625,0.454511,-0.466512,0.092286,-3.141540,0.000083,-0.000073
10.632589,-2.889982,-0.545108,-17.996253,-0.082999,-0.274375,0.041625,0.454536,-0.466426,0.092285,-3.141538,0.000087,-0.000079
10.636563,-2.889985,-0.545093,-17.996253,-0.082999,-0.274375,0.041625,0.454564,-0.466342,0.092289,-3.141544,0.000076,-0.000078
10.640548,-2.889987,-0.545082,-17.996253,-0.082999,-0.274375,0.041625,0.454589,-0.466260,0.092295,-3.141550,0.000067,-0.000082
10.644552,-2.889988,-0.545074,-17.996252,-0.082999,-0.274375,0.041625,0.454617,-0.466176,0.092297,-3.141553,0.000062,-0.000068
10.648550,-2.889991,-0.545063,-17.996252,-0.082999,-0.274375,0.041625,0.454642,-0.466094,0.092303,-3.141559,0.000053,-0.000059
10.652553,-2.889992,-0.545055,-17.996252,-0.082999,-0.274375,0.041625,0.454669,-0.466012,0.092306,-3.141563,0.000047,-0.000042
10.656550,-2.889994,-0.545049,-17.996252,-0.082999,-0.274375,0.041625,0.454693,-0.465930,0.092309,-3.141566,0.000043,-0.000033
10.660552,-3.049996,-0.505034,-18.266252,-0.085000,-0.284375,0.043625,0.454720,-0.465849,0.092312,-3.141573,0.000031,-0.000023
10.664549,-3.049997,-0.505032,-18.266251,-0.085000,-0.284375,0.043625,0.454745,-0.465766,0.092313,-3.141574,0.000030,-0.000014
10.668553,-3.049997,-0.505031,-18.266251,-0.085000,-0.284375,0.043625,0.454769,-0.465684,0.092313,-3.141574,0.000029,-0.000004
10.672550,-3.049998,-0.505024,-18.266251,-0.085000,-0.284375,0.043625,0.454796,-0.465599,0.092317,-3.141577,0.000024,0.000003
10.676553,-3.049999,-0.505023,-18.266251,-0.085000,-0.284375,0.043625,0.454820,-0.465517,0.092317,-3.141578,0.000023,0.000013
10.680550,-3.049998,-0.505024,-18.266251,-0.085000,-0.284375,0.043625,0.454844,-0.465434,0.092320,-3.141577,0.000024,0.000015
10.684554,-3.049999,-0.505022,-18.266251,-0.085000,-0.284375,0.043625,0.454871,-0.465349,0.092320,-3.141578,0.000023,0.000023
10.688552,-3.050000,-0.505016,-18.266251,-0.085000,-0.284375,0.043625,0.454896,-0.465267,0.092324,-3.141581,0.000018,0.000019
10.692551,-3.049999,-0.505022,-18.266251,-0.085000,-0.284375,0.043625,0.454919,-0.465184,0.092323,-3.141578,0.000023,0.000015
10.696553,-2.899999,-0.615023,-17.706251,-0.069000,-0.278375,0.041625,0.454945,-0.465099,0.092326,-3.141578,0.000023,0.000015
10.700553,-2.899999,-0.615023,-17.706251,-0.069000,-0.278375,0.041625,0.454971,-0.465017,0.092328,-3.141578,0.000023,0.000005
10.704565,-2.899999,-0.615023,-17.706251,-0.069000,-0.278375,0.041625,0.454997,-0.464935,0.092330,-3.141578,0.000023,-0.000006
10.708570,-2.899997,-0.615029,-17.706251,-0.069000,-0.278375,0.041625,0.455020,-0.464852,0.092329,-3.141575,0.000028,-0.000017
10.712570,-2.899999,-0.615023,-17.706251,-0.069000,-0.278375,0.041625,0.455050,-0.464770,0.092333,-3.141578,0.000024,-0.000023
10.716589,-2.899998,-0.615026,-17.706251,-0.069000,-0.278375,0.041625,0.455075,-0.464688,0.092337,-3.141577,0.000025,-0.000027
10.720591,-2.899999,-0.615021,-17.706251,-0.069000,-0.278375,0.041625,0.455101,-0.464606,0.092342,-3.141579,0.000022,-0.000031
10.724594,-2.899999,-0.615022,-17.706251,-0.069000,-0.278375,0.041625,0.455134,-0.464502,0.092345,-3.141578,0.000023,-0.000026
10.728589,-2.899997,-0.615031,-17.706251,-0.069000,-0.278375,0.041625,0.455153,-0.464440,0.092347,-3.141574,0.000029,-0.000054
10.732595,-2.899996,-0.615038,-17.706251,-0.069000,-0.278375,0.041625,0.455183,-0.464337,0.092348,-3.141571,0.000035,-0.000013
10.736589,-2.899994,-0.615046,-17.706252,-0.068999,-0.278375,0.041625,0.455207,-0.464255,0.092349,-3.141567,0.000040,-0.000011
10.740570,-2.799991,-0.585060,-16.856252,-0.067999,-0.268375,0.040625,0.455230,-0.464172,0.092348,-3.141561,0.000051,-0.000001
10.744557,-2.799990,-0.585065,-16.856252,-0.067999,-0.268375,0.040625,0.455256,-0.464090,0.092347,-3.141558,0.000055,0.000008
10.748584,-2.799988,-0.585079,-16.856252,-0.067999,-0.268375,0.040625,0.455277,-0.464008,0.092346,-3.141552,0.000065,0.000013
10.752618,-2.799985,-0.585091,-16.856253,-0.067999,-0.268375,0.040625,0.455301,-0.463926,0.092344,-3.141546,0.000075,0.000023
10.756564,-2.799983,-0.585105,-16.856253,-0.067999,-0.268375,0.040625,0.455324,-0.463843,0.092344,-3.141539,0.000085,0.000032
10.760617,-2.799980,-0.585116,-16.856253,-0.067999,-0.268375,0.040625,0.455347,-0.463760,0.092341,-3.141534,0.000093,0.000035
10.764604,-2.799979,-0.585124,-16.856254,-0.067999,-0.268375,0.040625,0.455372,-0.463678,0.092342,-3.141530,0.000099,0.000045
10.768556,-2.799978,-0.585129,-16.856254,-0.067999,-0.268375,0.040625,0.455397,-0.463596,0.092341,-3.141528,0.000103,0.000048
10.772535,-2.799978,-0.585129,-16.856254,-0.067999,-0.268375,0.040625,0.455420,-0.463516,0.092342,-3.141528,0.000103,0.000046
10.776532,-2.799977,-0.585136,-16.856254,-0.067998,-0.268375,0.040625,0.455449,-0.463433,0.092342,-3.141525,0.000108,0.000053
10.780535,-2.579977,-0.485136,-16.066254,-0.067998,-0.250375,0.037625,0.455472,-0.463353,0.092344,-3.141525,0.000108,0.000051
10.784535,-2.579977,-0.485136,-16.066254,-0.067998,-0.250375,0.037625,0.455472,-0.463353,0.092344,-3.141525,0.000108,0.000051
10.788537,-2.579977,-0.485136,-16.066254,-0.067998,-0.250375,0.037625,0.455525,-0.463191,0.092348,-3.141524,0.000108,0.000057
10.792539,-2.579979,-0.485123,-16.066254,-0.067999,-0.250375,0.037625,0.455553,-0.463111,0.092352,-3.141531,0.000098,0.000046
10.796540,-2.579980,-0.485117,-16.066253,-0.067999,-0.250375,0.037625,0.455580,-0.463030,0.092356,-3.141534,0.000094,0.000042
10.800542,-2.579980,-0.485117,-16.066253,-0.067999,-0.250375,0.037625,0.455605,-0.462948,0.092358,-3.141534,0.000094,0.000038
10.804550,-2.579981,-0.485117,-16.066254,-0.067999,-0.250375,0.037625,0.455630,-0.462866,0.092359,-3.141534,0.000094,0.000034
10.808549,-2.579981,-0.485117,-16.066254,-0.067999,-0.250375,0.037625,0.455653,-0.462787,0.092361,-3.141534,0.000094,0.000026
10.812552,-2.579982,-0.485109,-16.066253,-0.067999,-0.250375,0.037625,0.455679,-0.462705,0.092364,-3.141537,0.000088,0.000029
10.816551,-2.579983,-0.485102,-16.066253,-0.067999,-0.250375,0.037625,0.455704,-0.462624,0.092366,-3.141541,0.000083,0.000031
10.820554,-2.569982,-0.505108,-15.816253,-0.070999,-0.245375,0.037625,0.455727,-0.462541,0.092366,-3.141538,0.000087,0.000028
10.824551,-2.569983,-0.505107,-15.816253,-0.070999,-0.245375,0.037625,0.455751,-0.462458,0.092366,-3.141539,0.000086,0.000030
10.828553,-2.569983,-0.505105,-15.816253,-0.070999,-0.245375,0.037625,0.455775,-0.462375,0.092367,-3.141539,0.000085,0.000033
10.832550,-2.569984,-0.505098,-15.816253,-0.070999,-0.245375,0.037625,0.455801,-0.462294,0.092369,-3.141543,0.000079,0.000036
10.836570,-2.569983,-0.505102,-15.816253,-0.070999,-0.245375,0.037625,0.455823,-0.462210,0.092368,-3.141541,0.000083,0.000039
10.840570,-2.569984,-0.505102,-15.816253,-0.070999,-0.245375,0.037625,0.455838,-0.462122,0.092362,-3.141541,0.000083,0.000015
10.844557,-2.569990,-0.505067,-15.816252,-0.070999,-0.245375,0.037625,0.455880,-0.462025,0.092378,-3.141557,0.000057,0.000047
10.848567,-2.569991,-0.505064,-15.816252,-0.070999,-0.245375,0.037625,0.455904,-0.461942,0.092376,-3.141559,0.000054,0.000043
10.852589,-2.569993,-0.505051,-15.816251,-0.070999,-0.245375,0.037625,0.455930,-0.461861,0.092381,-3.141565,0.000044,0.000045
10.856589,-2.569994,-0.505050,-15.816251,-0.070999,-0.245375,0.037625,0.455954,-0.461778,0.092382,-3.141566,0.000043,0.000042
10.860589,-2.449997,-0.485034,-15.206251,-0.070000,-0.232375,0.036625,0.455982,-0.461695,0.092385,-3.141573,0.000032,0.000049
10.864594,-2.449998,-0.485027,-15.206251,-0.070000,-0.232375,0.036625,0.456007,-0.461614,0.092387,-3.141576,0.000026,0.000052
10.868594,-2.450000,-0.485014,-15.206250,-0.070000,-0.232375,0.036625,0.456033,-0.461532,0.092392,-3.141582,0.000017,0.000054
10.872601,-2.450001,-0.485013,-15.206250,-0.070000,-0.232375,0.036625,0.456057,-0.461450,0.092393,-3.141583,0.000016,0.000050
10.876591,-2.450001,-0.485013,-15.206250,-0.070000,-0.232375,0.036625,0.456084,-0.461366,0.092395,-3.141583,0.000016,0.000051
10.880589,-2.450001,-0.485013,-15.206250,-0.070000,-0.232375,0.036625,0.456084,-0.461366,0.092395,-3.141583,0.000016,0.000051
10.884589,-2.450000,-0.485017,-15.206251,-0.070000,-0.232375,0.036625,0.456107,-0.461283,0.092392,-3.141581,0.000019,0.000040
10.888590,-2.449998,-0.485027,-15.206251,-0.070000,-0.232375,0.036625,0.456154,-0.461114,0.092391,-3.141576,0.000027,0.000037
10.892587,-2.449998,-0.485026,-15.206251,-0.070000,-0.232375,0.036625,0.456178,-0.461032,0.092391,-3.141577,0.000026,0.000033
10.896589,-2.399997,-0.485031,-14.516251,-0.060000,-0.228375,0.033625,0.456199,-0.460948,0.092390,-3.141575,0.000029,0.000029
10.900566,-2.399996,-0.485037,-14.516252,-0.060000,-0.228375,0.033625,0.456222,-0.460865,0.092390,-3.141572,0.000034,0.000032
10.904563,-2.399994,-0.485049,-14.516252,-0.059999,-0.228375,0.033625,0.456245,-0.460779,0.092388,-3.141566,0.000043,0.000032
10.908562,-2.399993,-0.485055,-14.516252,-0.059999,-0.228375,0.033625,0.456268,-0.460696,0.092387,-3.141563,0.000048,0.000028
10.912563,-2.399991,-0.485066,-14.516253,-0.059999,-0.228375,0.033625,0.456291,-0.460613,0.092384,-3.141558,0.000056,0.000031
10.916560,-2.399990,-0.485072,-14.516253,-0.059999,-0.228375,0.033625,0.456314,-0.460530,0.092384,-3.141555,0.000061,0.000027
10.920556,-2.399989,-0.485078,-14.516253,-0.059999,-0.228375,0.033625,0.456340,-0.460446,0.092383,-3.141552,0.000064,0.000035
10.924553,-2.399987,-0.485084,-14.516253,-0.059999,-0.228375,0.033625,0.456363,-0.460363,0.092383,-3.141550,0.000069,0.000031
10.928553,-2.399986,-0.485090,-14.516253,-0.059999,-0.228375,0.033625,0.456386,-0.460280,0.092383,-3.141547,0.000074,0.000027
10.932554,-2.399985,-0.485097,-14.516254,-0.059999,-0.228375,0.033625,0.456417,-0.460176,0.092384,-3.141543,0.000079,0.000018
10.936553,-2.309984,-0.455102,-13.846254,-0.055999,-0.221375,0.031625,0.456436,-0.460110,0.092382,-3.141541,0.000083,0.000014
10.940553,-2.289983,-0.435108,-13.776253,-0.055999,-0.221375,0.031625,0.456461,-0.460025,0.092382,-3.141538,0.000088,0.000008
10.944553,-2.289984,-0.435102,-13.776253,-0.055999,-0.221375,0.031625,0.456489,-0.459939,0.092386,-3.141541,0.000083,0.000006
10.948555,-2.289982,-0.435112,-13.776253,-0.055999,-0.221375,0.031625,0.456514,-0.459851,0.092381,-3.141537,0.000090,0.000005
10.952532,-2.289983,-0.435110,-13.776253,-0.055999,-0.221375,0.031625,0.456541,-0.459764,0.092382,-3.141537,0.000089,0.000003
10.956528,-2.289980,-0.435122,-13.776254,-0.055999,-0.221375,0.031625,0.456564,-0.459678,0.092380,-3.141532,0.000098,-0.000003
10.960529,-2.289980,-0.435122,-13.776254,-0.055999,-0.221375,0.031625,0.456590,-0.459590,0.092381,-3.141532,0.000098,-0.000012
10.964549,-2.289980,-0.435122,-13.776254,-0.055999,-0.221375,0.031625,0.456590,-0.459590,0.092381,-3.141532,0.000098,-0.000012
10.968582,-2.289979,-0.435131,-13.776254,-0.055998,-0.221375,0.031625,0.456641,-0.459415,0.092379,-3.141527,0.000105,-0.000015
10.972570,-2.289980,-0.435123,-13.776254,-0.055999,-0.221375,0.031625,0.456668,-0.459327,0.092381,-3.141531,0.000099,-0.000017
10.976570,-2.289980,-0.435123,-13.776254,-0.055999,-0.221375,0.031625,0.456668,-0.459327,0.092381,-3.141531,0.000099,-0.000017
10.980571,-2.229980,-0.365127,-13.456254,-0.051999,-0.218375,0.030625,0.456717,-0.459154,0.092381,-3.141529,0.000102,-0.000045
10.984588,-2.229980,-0.365127,-13.456254,-0.051999,-0.218375,0.030625,0.456717,-0.459154,0.092381,-3.141529,0.000102,-0.000045
10.988592,-2.229985,-0.365096,-13.456253,-0.051999,-0.218375,0.030625,0.456747,-0.459069,0.092384,-3.141544,0.000078,-0.000040
10.992587,-2.229984,-0.365102,-13.456253,-0.051999,-0.218375,0.030625,0.456805,-0.458874,0.092386,-3.141541,0.000083,-0.000005
10.996597,-2.229985,-0.365101,-13.456253,-0.051999,-0.218375,0.030625,0.456832,-0.458787,0.092387,-3.141542,0.000082,0.000007
11.000587,-2.229987,-0.365087,-13.456253,-0.051999,-0.218375,0.030625,0.456858,-0.458703,0.092391,-3.141548,0.000072,0.000008
11.004593,-2.229987,-0.365085,-13.456253,-0.051999,-0.218375,0.030625,0.456885,-0.458617,0.092391,-3.141549,0.000070,0.000006
11.008592,-2.229990,-0.365071,-13.456252,-0.051999,-0.218375,0.030625,0.456913,-0.458530,0.092395,-3.141556,0.000060,0.000004
11.012591,-2.229991,-0.365068,-13.456252,-0.051999,-0.218375,0.030625,0.456939,-0.458443,0.092395,-3.141557,0.000058,0.000003
11.016590,-2.229991,-0.365068,-13.456252,-0.051999,-0.218375,0.030625,0.456939,-0.458443,0.092395,-3.141557,0.000058,0.000003
11.020590,-2.229992,-0.365062,-13.456252,-0.051999,-0.218375,0.030625,0.456965,-0.458359,0.092398,-3.141560,0.000053,-0.000010
11.024593,-2.159994,-0.485050,-13.166252,-0.054999,-0.205375,0.030625,0.457016,-0.458187,0.092398,-3.141566,0.000044,-0.000025
11.028589,-2.159994,-0.485050,-13.166252,-0.054999,-0.205375,0.030625,0.457016,-0.458187,0.092398,-3.141566,0.000044,-0.000025
11.032556,-2.159996,-0.485041,-13.166251,-0.055000,-0.205375,0.030625,0.457044,-0.458100,0.092399,-3.141570,0.000037,-0.000026
11.036556,-2.159997,-0.485034,-13.166251,-0.055000,-0.205375,0.030625,0.457069,-0.458016,0.092403,-3.141573,0.000032,-0.000033
11.040563,-2.159996,-0.485038,-13.166251,-0.055000,-0.205375,0.030625,0.457094,-0.457931,0.092400,-3.141571,0.000035,-0.000039
11.044559,-2.159998,-0.485030,-13.166251,-0.055000,-0.205375,0.030625,0.457121,-0.457848,0.092403,-3.141575,0.000029,-0.000038
11.048552,-2.159996,-0.485042,-13.166251,-0.055000,-0.205375,0.030625,0.457145,-0.457762,0.092400,-3.141570,0.000037,-0.000031
11.052553,-2.159997,-0.485033,-13.166251,-0.055000,-0.205375,0.030625,0.457173,-0.457680,0.092401,-3.141573,0.000031,-0.000030
11.056555,-2.159999,-0.485026,-13.166251,-0.055000,-0.205375,0.030625,0.457200,-0.457596,0.092404,-3.141577,0.000025,-0.000023
11.060550,-2.159998,-0.485031,-13.166251,-0.055000,-0.205375,0.030625,0.457224,-0.457514,0.092403,-3.141575,0.000029,-0.000027
11.064552,-1.969998,-0.425028,-12.526251,-0.055000,-0.191375,0.028625,0.457250,-0.457431,0.092402,-3.141576,0.000027,-0.000020
11.068553,-1.969997,-0.425033,-12.526251,-0.055000,-0.191375,0.028625,0.457276,-0.457347,0.092401,-3.141573,0.000031,-0.000006
11.072553,-1.969996,-0.425039,-12.526251,-0.055000,-0.191375,0.028625,0.457302,-0.457263,0.092400,-3.141571,0.000035,0.000002
11.076553,-1.969995,-0.425044,-12.526251,-0.054999,-0.191375,0.028625,0.457328,-0.457179,0.092399,-3.141569,0.000039,0.000009
11.080553,-1.969994,-0.425049,-12.526251,-0.054999,-0.191375,0.028625,0.457354,-0.457095,0.092398,-3.141566,0.000043,0.000016
11.084553,-1.969996,-0.425040,-12.526251,-0.055000,-0.191375,0.028625,0.457382,-0.457012,0.092399,-3.141570,0.000036,0.000023
11.088552,-1.969994,-0.425051,-12.526251,-0.054999,-0.191375,0.028625,0.457407,-0.456928,0.092395,-3.141565,0.000044,-0.000003
11.092553,-1.969993,-0.425056,-12.526252,-0.054999,-0.191375,0.028625,0.457433,-0.456844,0.092394,-3.141563,0.000048,-0.000002
11.096570,-1.969992,-0.425062,-12.526252,-0.054999,-0.191375,0.028625,0.457467,-0.456738,0.092394,-3.141560,0.000053,0.000034
11.100572,-1.969994,-0.425053,-12.526251,-0.054999,-0.191375,0.028625,0.457495,-0.456655,0.092396,-3.141564,0.000046,0.000035
11.104572,-2.009993,-0.445058,-11.986252,-0.053999,-0.187375,0.028625,0.457519,-0.456573,0.092395,-3.141562,0.000050,0.000017
11.108590,-2.009991,-0.445069,-11.986253,-0.053999,-0.187375,0.028625,0.457544,-0.456489,0.092391,-3.141557,0.000058,0.000011
11.112588,-2.009991,-0.445068,-11.986252,-0.053999,-0.187375,0.028625,0.457572,-0.456406,0.092391,-3.141557,0.000057,0.000012
11.116595,-2.009991,-0.445065,-11.986252,-0.053999,-0.187375,0.028625,0.457598,-0.456323,0.092391,-3.141559,0.000055,0.000006
11.120589,-2.009991,-0.445070,-11.986253,-0.053999,-0.187375,0.028625,0.457623,-0.456239,0.092390,-3.141556,0.000059,-0.000001
11.124590,-2.009991,-0.445068,-11.986252,-0.053999,-0.187375,0.028625,0.457650,-0.456155,0.092390,-3.141557,0.000057,-0.000007
11.128590,-2.009990,-0.445073,-11.986253,-0.053999,-0.187375,0.028625,0.457673,-0.456073,0.092388,-3.141555,0.000061,-0.000011
11.132567,-2.009988,-0.445083,-11.986253,-0.053999,-0.187375,0.028625,0.457699,-0.455989,0.092384,-3.141550,0.000069,-0.000017
11.136560,-2.009988,-0.445086,-11.986253,-0.053999,-0.187375,0.028625,0.457725,-0.455905,0.092381,-3.141549,0.000071,-0.000016
11.140589,-1.979988,-0.395084,-11.936253,-0.049999,-0.188375,0.027625,0.457749,-0.455823,0.092381,-3.141550,0.000069,-0.000014
11.144590,-1.979988,-0.395088,-11.936253,-0.049999,-0.188375,0.027625,0.457776,-0.455740,0.092379,-3.141548,0.000072,-0.000013
11.148595,-1.979988,-0.395084,-11.936253,-0.049999,-0.188375,0.027625,0.457801,-0.455660,0.092377,-3.141550,0.000070,-0.000003
11.152589,-1.979988,-0.395087,-11.936253,-0.049999,-0.188375,0.027625,0.457825,-0.455578,0.092374,-3.141549,0.000072,0.000006
11.156589,-1.979989,-0.395081,-11.936253,-0.049999,-0.188375,0.027625,0.457851,-0.455497,0.092370,-3.141551,0.000067,0.000016
11.160557,-1.979988,-0.395083,-11.936253,-0.049999,-0.188375,0.027625,0.457878,-0.455414,0.092366,-3.141551,0.000068,0.000030
11.164558,-1.979990,-0.395072,-11.936252,-0.049999,-0.188375,0.027625,0.457904,-0.455334,0.092366,-3.141556,0.000060,0.000046
11.168553,-1.979993,-0.395058,-11.936252,-0.049999,-0.188375,0.027625,0.457933,-0.455252,0.092363,-3.141562,0.000050,0.000053
11.172556,-1.979994,-0.395052,-11.936252,-0.049999,-0.188375,0.027625,0.457959,-0.455171,0.092359,-3.141565,0.000045,0.000063
11.176556,-1.989996,-0.405038,-11.986252,-0.047000,-0.191375,0.027625,0.457985,-0.455091,0.092356,-3.141571,0.000035,0.000072
11.180556,-1.990000,-0.405020,-11.986251,-0.047000,-0.191375,0.027625,0.458014,-0.455009,0.092356,-3.141580,0.000021,0.000079
11.184553,-2.010000,-0.425019,-12.076251,-0.046000,-0.193375,0.027625,0.458039,-0.454928,0.092350,-3.141580,0.000020,0.000082
11.188551,-2.010001,-0.425013,-12.076250,-0.046000,-0.193375,0.027625,0.458067,-0.454846,0.092346,-3.141583,0.000016,0.000083
11.192555,-2.010001,-0.425011,-12.076250,-0.046000,-0.193375,0.027625,0.458091,-0.454765,0.092338,-3.141584,0.000014,0.000079
11.196553,-2.010002,-0.425005,-12.076250,-0.046000,-0.193375,0.027625,0.458117,-0.454684,0.092335,-3.141587,0.000010,0.000068
11.200553,-2.010001,-0.425010,-12.076250,-0.046000,-0.193375,0.027625,0.458142,-0.454600,0.092327,-3.141584,0.000013,0.000062
11.204549,-2.010004,-0.424996,-12.076250,-0.046000,-0.193375,0.027625,0.458169,-0.454520,0.092324,-3.141591,0.000003,0.000058
11.208553,-2.010004,-0.424996,-12.076250,-0.046000,-0.193375,0.027625,0.458193,-0.454438,0.092318,-3.141591,0.000003,0.000041
11.212554,-2.010005,-0.424990,-12.076250,-0.046000,-0.193375,0.027625,0.458220,-0.454356,0.092315,3.141592,-0.000001,0.000034
11.216557,-2.010004,-0.424998,-12.076250,-0.046000,-0.193375,0.027625,0.458244,-0.454274,0.092309,-3.141590,0.000005,0.000024
11.220549,-1.980002,-0.565006,-12.676250,-0.046000,-0.197375,0.028625,0.458267,-0.454192,0.092303,-3.141586,0.000010,0.000013
11.224571,-1.979998,-0.565030,-12.676251,-0.046000,-0.197375,0.028625,0.458283,-0.454102,0.092289,-3.141575,0.000029,-0.000034
11.228572,-1.980002,-0.565008,-12.676251,-0.046000,-0.197375,0.028625,0.458317,-0.454027,0.092300,-3.141585,0.000012,-0.000051
11.232592,-1.979999,-0.565024,-12.676251,-0.046000,-0.197375,0.028625,0.458333,-0.453938,0.092295,-3.141578,0.000024,-0.000050
11.236589,-1.979995,-0.565044,-12.676252,-0.045999,-0.197375,0.028625,0.458356,-0.453855,0.092285,-3.141569,0.000040,-0.000048
11.240591,-1.979999,-0.565027,-12.676251,-0.046000,-0.197375,0.028625,0.458397,-0.453757,0.092293,-3.141577,0.000026,-0.000002
11.244589,-1.979999,-0.565023,-12.676251,-0.046000,-0.197375,0.028625,0.458424,-0.453675,0.092292,-3.141578,0.000024,0.000012
11.248548,-1.979999,-0.565022,-12.676251,-0.046000,-0.197375,0.028625,0.458451,-0.453592,0.092293,-3.141579,0.000023,0.000019
11.252589,-1.980000,-0.565020,-12.676251,-0.046000,-0.197375,0.028625,0.458476,-0.453508,0.092292,-3.141580,0.000021,0.000033
11.256590,-2.210000,-0.505017,-13.796251,-0.057000,-0.214375,0.031625,0.458502,-0.453424,0.092292,-3.141581,0.000019,0.000041
11.260592,-2.210002,-0.505009,-13.796250,-0.057000,-0.214375,0.031625,0.458530,-0.453342,0.092293,-3.141585,0.000013,0.000055
11.264589,-2.210000,-0.505020,-13.796251,-0.057000,-0.214375,0.031625,0.458551,-0.453259,0.092290,-3.141580,0.000021,0.000057
11.268552,-2.210001,-0.505011,-13.796251,-0.057000,-0.214375,0.031625,0.458578,-0.453176,0.092292,-3.141584,0.000015,0.000065
11.272587,-2.210001,-0.505015,-13.796251,-0.057000,-0.214375,0.031625,0.458602,-0.453091,0.092289,-3.141582,0.000017,0.000072
11.276587,-2.210000,-0.505018,-13.796251,-0.057000,-0.214375,0.031625,0.458627,-0.453008,0.092286,-3.141581,0.000019,0.000073
11.280587,-2.210000,-0.505021,-13.796251,-0.057000,-0.214375,0.031625,0.458651,-0.452923,0.092284,-3.141579,0.000022,0.000066
11.284587,-2.209999,-0.505024,-13.796251,-0.057000,-0.214375,0.031625,0.458676,-0.452839,0.092281,-3.141578,0.000024,0.000060
11.288560,-2.209999,-0.505028,-13.796251,-0.057000,-0.214375,0.031625,0.458698,-0.452756,0.092278,-3.141576,0.000027,0.000043
11.292555,-2.209998,-0.505030,-13.796251,-0.057000,-0.214375,0.031625,0.458723,-0.452672,0.092275,-3.141575,0.000029,0.000030
11.296561,-2.209998,-0.505030,-13.796251,-0.057000,-0.214375,0.031625,0.458723,-0.452672,0.092275,-3.141575,0.000029,0.000030
11.300555,-2.389997,-0.435037,-14.646251,-0.070000,-0.224375,0.032625,0.458770,-0.452506,0.092269,-3.141572,0.000034,-0.000000
11.304553,-2.389999,-0.435028,-14.646251,-0.070000,-0.224375,0.032625,0.458798,-0.452423,0.092271,-3.141576,0.000027,-0.000013
11.308553,-2.389998,-0.435031,-14.646251,-0.070000,-0.224375,0.032625,0.458823,-0.452339,0.092268,-3.141575,0.000029,-0.000033
11.312553,-2.389999,-0.435028,-14.646251,-0.070000,-0.224375,0.032625,0.458848,-0.452256,0.092267,-3.141576,0.000027,-0.000046
11.316554,-2.389999,-0.435027,-14.646251,-0.070000,-0.224375,0.032625,0.458875,-0.452173,0.092268,-3.141576,0.000027,-0.000052
11.320552,-2.389999,-0.435024,-14.646250,-0.070000,-0.224375,0.032625,0.458900,-0.452092,0.092267,-3.141578,0.000024,-0.000063
11.324558,-2.390000,-0.435020,-14.646250,-0.070000,-0.224375,0.032625,0.458927,-0.452009,0.092265,-3.141580,0.000021,-0.000055
11.328553,-2.390001,-0.435016,-14.646250,-0.070000,-0.224375,0.032625,0.458958,-0.451906,0.092264,-3.141581,0.000018,-0.000050
11.332558,-2.390001,-0.435014,-14.646250,-0.070000,-0.224375,0.032625,0.458979,-0.451843,0.092263,-3.141582,0.000017,-0.000041
11.336553,-2.390002,-0.435010,-14.646250,-0.070000,-0.224375,0.032625,0.459012,-0.451738,0.092262,-3.141584,0.000014,-0.000024
11.340553,-2.530002,-0.505007,-15.166250,-0.067000,-0.236375,0.033625,0.459034,-0.451672,0.092260,-3.141586,0.000011,-0.000011
11.344553,-2.530001,-0.505011,-15.166250,-0.067000,-0.236375,0.033625,0.459060,-0.451585,0.092258,-3.141584,0.000014,-0.000006
11.348553,-2.530000,-0.505019,-15.166251,-0.067000,-0.236375,0.033625,0.459085,-0.451498,0.092253,-3.141580,0.000021,0.000006
11.352553,-2.529996,-0.505043,-15.166251,-0.067000,-0.236375,0.033625,0.459099,-0.451404,0.092239,-3.141569,0.000039,-0.000022
11.356570,-2.530003,-0.505004,-15.166250,-0.067000,-0.236375,0.033625,0.459138,-0.451325,0.092250,-3.141587,0.000009,-0.000017
11.360575,-2.529997,-0.505035,-15.166251,-0.067000,-0.236375,0.033625,0.459167,-0.451215,0.092243,-3.141573,0.000033,0.000017
11.364571,-2.529997,-0.505038,-15.166251,-0.067000,-0.236375,0.033625,0.459193,-0.451128,0.092241,-3.141571,0.000035,0.000009
11.368596,-2.529996,-0.505042,-15.166251,-0.067000,-0.236375,0.033625,0.459218,-0.451041,0.092239,-3.141570,0.000038,0.000007
11.372559,-2.529996,-0.505040,-15.166251,-0.067000,-0.236375,0.033625,0.459245,-0.450955,0.092238,-3.141571,0.000036,-0.000001
11.376568,-2.529996,-0.505042,-15.166251,-0.067000,-0.236375,0.033625,0.459272,-0.450869,0.092235,-3.141570,0.000038,-0.000010
11.380565,-2.679995,-0.535048,-15.686252,-0.067999,-0.248375,0.035625,0.459299,-0.450783,0.092234,-3.141567,0.000042,-0.000025
11.384571,-2.679995,-0.535050,-15.686252,-0.067999,-0.248375,0.035625,0.459326,-0.450697,0.092231,-3.141566,0.000044,-0.000033
11.388570,-2.679996,-0.535042,-15.686252,-0.068000,-0.248375,0.035625,0.459355,-0.450613,0.092232,-3.141570,0.000038,-0.000048
11.392597,-2.679996,-0.535042,-15.686252,-0.068000,-0.248375,0.035625,0.459355,-0.450613,0.092232,-3.141570,0.000038,-0.000048
11.396590,-2.679996,-0.535041,-15.686252,-0.068000,-0.248375,0.035625,0.459383,-0.450528,0.092233,-3.141570,0.000037,-0.000064
11.400587,-2.679997,-0.535035,-15.686252,-0.068000,-0.248375,0.035625,0.459439,-0.450357,0.092231,-3.141573,0.000032,-0.000087
11.404589,-2.679998,-0.535032,-15.686252,-0.068000,-0.248375,0.035625,0.459466,-0.450271,0.092231,-3.141574,0.000031,-0.000095
11.408596,-2.679997,-0.535035,-15.686252,-0.068000,-0.248375,0.035625,0.459493,-0.450185,0.092228,-3.141573,0.000033,-0.000090
11.412589,-2.679998,-0.535033,-15.686252,-0.068000,-0.248375,0.035625,0.459520,-0.450100,0.092227,-3.141574,0.000031,-0.000085
11.416589,-2.719997,-0.545036,-16.476252,-0.068000,-0.260375,0.036625,0.459547,-0.450011,0.092225,-3.141573,0.000034,-0.000069
11.420558,-2.719996,-0.545046,-16.476252,-0.067999,-0.260375,0.036625,0.459574,-0.449924,0.092221,-3.141568,0.000041,-0.000057
11.424562,-2.719996,-0.545042,-16.476252,-0.068000,-0.260375,0.036625,0.459599,-0.449838,0.092219,-3.141570,0.000038,-0.000039
11.428556,-2.719996,-0.545046,-16.476252,-0.067999,-0.260375,0.036625,0.459624,-0.449751,0.092217,-3.141568,0.000041,-0.000027
11.432555,-2.719995,-0.545051,-16.476252,-0.067999,-0.260375,0.036625,0.459650,-0.449661,0.092216,-3.141566,0.000045,-0.000011
11.436554,-2.719994,-0.545054,-16.476252,-0.067999,-0.260375,0.036625,0.459673,-0.449576,0.092213,-3.141564,0.000047,-0.000010
11.440552,-2.719994,-0.545053,-16.476252,-0.067999,-0.260375,0.036625,0.459701,-0.449488,0.092214,-3.141565,0.000046,-0.000001
11.444565,-2.719994,-0.545057,-16.476252,-0.067999,-0.260375,0.036625,0.459726,-0.449401,0.092212,-3.141563,0.000049,0.000005
11.448548,-2.719994,-0.545055,-16.476252,-0.067999,-0.260375,0.036625,0.459751,-0.449314,0.092212,-3.141564,0.000048,0.000003
11.452553,-2.719994,-0.545055,-16.476252,-0.067999,-0.260375,0.036625,0.459780,-0.449226,0.092214,-3.141564,0.000048,0.000012
11.456554,-2.869995,-0.655048,-17.096252,-0.072999,-0.268375,0.038625,0.459807,-0.449141,0.092216,-3.141567,0.000042,0.000011
11.460554,-2.869995,-0.655048,-17.096252,-0.072999,-0.268375,0.038625,0.459807,-0.449141,0.092216,-3.141567,0.000042,0.000011
11.464556,-2.869999,-0.655026,-17.096251,-0.073000,-0.268375,0.038625,0.459865,-0.448968,0.092223,-3.141577,0.000026,-0.000002
11.468553,-2.869999,-0.655026,-17.096251,-0.073000,-0.268375,0.038625,0.459865,-0.448968,0.092223,-3.141577,0.000026,-0.000002
11.472553,-2.869998,-0.655032,-17.096251,-0.073000,-0.268375,0.038625,0.459893,-0.448880,0.092222,-3.141575,0.000030,-0.000012
11.476555,-2.870000,-0.655018,-17.096251,-0.073000,-0.268375,0.038625,0.459922,-0.448796,0.092226,-3.141581,0.000020,-0.000027
11.480554,-2.870000,-0.655018,-17.096251,-0.073000,-0.268375,0.038625,0.459977,-0.448622,0.092230,-3.141581,0.000020,-0.000046
11.484567,-2.870000,-0.655018,-17.096251,-0.073000,-0.268375,0.038625,0.459977,-0.448622,0.092230,-3.141581,0.000020,-0.000046
11.488577,-2.870000,-0.655022,-17.096251,-0.073000,-0.268375,0.038625,0.460028,-0.448449,0.092229,-3.141579,0.000023,-0.000083
11.492590,-2.870000,-0.655022,-17.096251,-0.073000,-0.268375,0.038625,0.460028,-0.448449,0.092229,-3.141579,0.000023,-0.000083
11.496591,-2.869999,-0.655026,-17.096251,-0.073000,-0.268375,0.038625,0.460044,-0.448357,0.092228,-3.141577,0.000026,-0.000085
11.500555,-2.869999,-0.655025,-17.096251,-0.073000,-0.268375,0.038625,0.460086,-0.448254,0.092229,-3.141578,0.000025,-0.000044
11.504589,-2.859998,-0.645031,-17.176251,-0.074000,-0.267375,0.038625,0.460112,-0.448165,0.092229,-3.141575,0.000030,-0.000028
11.508596,-2.779996,-0.585046,-17.606251,-0.079999,-0.267375,0.037625,0.460161,-0.447991,0.092223,-3.141568,0.000041,-0.000017
11.512596,-2.779996,-0.585046,-17.606251,-0.079999,-0.267375,0.037625,0.460161,-0.447991,0.092223,-3.141568,0.000041,-0.000017
11.516592,-2.779996,-0.585042,-17.606251,-0.080000,-0.267375,0.037625,0.460215,-0.447816,0.092223,-3.141570,0.000038,0.000004
11.520589,-2.779996,-0.585042,-17.606251,-0.080000,-0.267375,0.037625,0.460215,-0.447816,0.092223,-3.141570,0.000038,0.000004
11.524590,-2.779997,-0.585041,-17.606251,-0.080000,-0.267375,0.037625,0.460268,-0.447641,0.092226,-3.141571,0.000037,0.000019
11.528593,-2.779997,-0.585040,-17.606251,-0.080000,-0.267375,0.037625,0.460294,-0.447559,0.092226,-3.141571,0.000036,0.000019
11.532589,-2.779997,-0.585040,-17.606251,-0.080000,-0.267375,0.037625,0.460322,-0.447471,0.092228,-3.141571,0.000037,0.000029
11.536589,-2.779997,-0.585040,-17.606251,-0.080000,-0.267375,0.037625,0.460322,-0.447471,0.092228,-3.141571,0.000037,0.000029
11.540589,-2.819999,-0.615028,-17.516251,-0.082000,-0.265375,0.039625,0.460350,-0.447389,0.092234,-3.141576,0.000027,0.000029
11.544591,-2.819999,-0.615027,-17.516251,-0.082000,-0.265375,0.039625,0.460376,-0.447306,0.092235,-3.141577,0.000027,0.000030
11.548555,-2.819998,-0.615033,-17.516252,-0.082000,-0.265375,0.039625,0.460425,-0.447142,0.092236,-3.141574,0.000031,0.000026
11.552557,-2.819998,-0.615033,-17.516252,-0.082000,-0.265375,0.039625,0.460425,-0.447142,0.092236,-3.141574,0.000031,0.000026
11.556557,-2.819997,-0.615036,-17.516252,-0.082000,-0.265375,0.039625,0.460476,-0.446976,0.092234,-3.141573,0.000033,0.000021
11.560556,-2.819997,-0.615036,-17.516252,-0.082000,-0.265375,0.039625,0.460476,-0.446976,0.092234,-3.141573,0.000033,0.000021
11.564557,-2.819997,-0.615039,-17.516252,-0.082000,-0.265375,0.039625,0.460527,-0.446810,0.092233,-3.141571,0.000036,0.000015
11.568553,-2.819997,-0.615039,-17.516252,-0.082000,-0.265375,0.039625,0.460527,-0.446810,0.092233,-3.141571,0.000036,0.000015
11.572553,-2.819996,-0.615044,-17.516252,-0.081999,-0.265375,0.039625,0.460549,-0.446728,0.092232,-3.141569,0.000040,0.000011
11.576553,-2.819995,-0.615048,-17.516252,-0.081999,-0.265375,0.039625,0.460574,-0.446645,0.092230,-3.141567,0.000043,0.000012
11.580555,-2.819995,-0.615053,-17.516252,-0.081999,-0.265375,0.039625,0.460598,-0.446561,0.092229,-3.141565,0.000047,0.000012
11.584552,-2.819994,-0.605056,-17.666252,-0.080999,-0.267375,0.038625,0.460622,-0.446477,0.092226,-3.141564,0.000049,0.000013
11.588556,-2.819994,-0.605055,-17.666252,-0.080999,-0.267375,0.038625,0.460648,-0.446394,0.092227,-3.141564,0.000048,0.000013
11.592554,-2.819994,-0.605059,-17.666252,-0.080999,-0.267375,0.038625,0.460673,-0.446311,0.092225,-3.141562,0.000051,0.000014
11.596553,-2.819994,-0.605058,-17.666252,-0.080999,-0.267375,0.038625,0.460699,-0.446228,0.092225,-3.141563,0.000051,0.000021
11.600553,-2.819994,-0.605055,-17.666252,-0.080999,-0.267375,0.038625,0.460725,-0.446145,0.092224,-3.141564,0.000048,0.000022
11.604553,-2.819994,-0.605055,-17.666252,-0.080999,-0.267375,0.038625,0.460725,-0.446145,0.092224,-3.141564,0.000048,0.000022
11.608553,-2.819995,-0.605052,-17.666252,-0.080999,-0.267375,0.038625,0.460777,-0.445981,0.092225,-3.141566,0.000046,0.000030
11.612570,-2.819994,-0.605056,-17.666252,-0.080999,-0.267375,0.038625,0.460802,-0.445898,0.092223,-3.141564,0.000049,0.000030
11.616570,-2.819994,-0.605057,-17.666252,-0.080999,-0.267375,0.038625,0.460829,-0.445815,0.092225,-3.141563,0.000049,0.000031
11.620572,-2.819994,-0.605056,-17.666252,-0.080999,-0.267375,0.038625,0.460855,-0.445732,0.092226,-3.141564,0.000049,0.000031
11.624590,-2.909995,-0.615054,-17.526252,-0.072999,-0.274375,0.039625,0.460882,-0.445650,0.092226,-3.141565,0.000047,0.000005
11.628588,-2.909996,-0.615047,-17.526251,-0.072999,-0.274375,0.039625,0.460909,-0.445569,0.092228,-3.141568,0.000042,0.000039
11.632590,-2.909996,-0.615046,-17.526251,-0.072999,-0.274375,0.039625,0.460934,-0.445486,0.092229,-3.141568,0.000041,0.000006
11.636589,-2.909996,-0.615046,-17.526251,-0.072999,-0.274375,0.039625,0.460961,-0.445404,0.092231,-3.141568,0.000041,-0.000000
11.640589,-2.909994,-0.615058,-17.526252,-0.072999,-0.274375,0.039625,0.460989,-0.445300,0.092229,-3.141563,0.000050,0.000032
11.644588,-2.909995,-0.615056,-17.526252,-0.072999,-0.274375,0.039625,0.461016,-0.445218,0.092228,-3.141564,0.000049,0.000026
11.648565,-2.909994,-0.615062,-17.526252,-0.072999,-0.274375,0.039625,0.461041,-0.445134,0.092229,-3.141561,0.000054,0.000026
11.652560,-2.909994,-0.615061,-17.526252,-0.072999,-0.274375,0.039625,0.461066,-0.445052,0.092229,-3.141561,0.000053,0.000020
11.656589,-2.909993,-0.615068,-17.526252,-0.072999,-0.274375,0.039625,0.461091,-0.444968,0.092230,-3.141558,0.000058,0.000021
11.660588,-2.879993,-0.695068,-17.706252,-0.072999,-0.275375,0.040625,0.461116,-0.444888,0.092232,-3.141558,0.000058,0.000017
11.664589,-2.879993,-0.695068,-17.706252,-0.072999,-0.275375,0.040625,0.461141,-0.444805,0.092232,-3.141559,0.000058,0.000017
11.668589,-2.879992,-0.695074,-17.706253,-0.072999,-0.275375,0.040625,0.461166,-0.444722,0.092233,-3.141556,0.000063,0.000018
11.672589,-2.879992,-0.695075,-17.706253,-0.072999,-0.275375,0.040625,0.461194,-0.444638,0.092235,-3.141555,0.000063,0.000023
11.676555,-2.879991,-0.695080,-17.706253,-0.072999,-0.275375,0.040625,0.461216,-0.444556,0.092234,-3.141553,0.000067,0.000019
11.680555,-2.879992,-0.695075,-17.706253,-0.072999,-0.275375,0.040625,0.461243,-0.444474,0.092238,-3.141555,0.000064,0.000020
11.684555,-2.879991,-0.695082,-17.706253,-0.072999,-0.275375,0.040625,0.461267,-0.444391,0.092239,-3.141552,0.000069,0.000020
11.688553,-2.879990,-0.695083,-17.706253,-0.072999,-0.275375,0.040625,0.461294,-0.444309,0.092241,-3.141552,0.000069,0.000014
11.692556,-2.879990,-0.695083,-17.706253,-0.072999,-0.275375,0.040625,0.461318,-0.444229,0.092243,-3.141552,0.000070,0.000010
11.696553,-2.869990,-0.695084,-17.706253,-0.072999,-0.275375,0.040625,0.461345,-0.444146,0.092245,-3.141551,0.000070,0.000004
11.700553,-2.879991,-0.575079,-17.636253,-0.078999,-0.273375,0.040625,0.461371,-0.444064,0.092250,-3.141553,0.000067,0.000004
11.704546,-2.879990,-0.575086,-17.636253,-0.078999,-0.273375,0.040625,0.461396,-0.443981,0.092250,-3.141551,0.000072,0.000005
11.708555,-2.879990,-0.575087,-17.636253,-0.078999,-0.273375,0.040625,0.461422,-0.443899,0.092252,-3.141550,0.000072,-0.000001
11.712553,-2.879990,-0.575087,-17.636253,-0.078999,-0.273375,0.040625,0.461447,-0.443819,0.092254,-3.141550,0.000073,-0.000005
11.716553,-2.879990,-0.575088,-17.636253,-0.078999,-0.273375,0.040625,0.461473,-0.443737,0.092256,-3.141550,0.000073,-0.000011
11.720553,-2.879989,-0.575094,-17.636254,-0.078999,-0.273375,0.040625,0.461497,-0.443654,0.092256,-3.141547,0.000078,-0.000011
11.724553,-2.879989,-0.575090,-17.636253,-0.078999,-0.273375,0.040625,0.461524,-0.443572,0.092261,-3.141549,0.000075,-0.000010
11.728554,-2.879988,-0.575096,-17.636254,-0.078999,-0.273375,0.040625,0.461551,-0.443486,0.092261,-3.141546,0.000080,-0.000005
11.732553,-2.879988,-0.575097,-17.636254,-0.078999,-0.273375,0.040625,0.461577,-0.443404,0.092263,-3.141546,0.000080,-0.000011
11.736532,-2.879987,-0.575104,-17.636254,-0.078999,-0.273375,0.040625,0.461599,-0.443323,0.092263,-3.141543,0.000085,-0.000009
11.740528,-2.709987,-0.565103,-17.266254,-0.083999,-0.257375,0.039625,0.461633,-0.443219,0.092264,-3.141543,0.000085,0.000001
11.744554,-2.709988,-0.565101,-17.266254,-0.083999,-0.257375,0.039625,0.461651,-0.443158,0.092264,-3.141544,0.000083,-0.000001
11.748618,-2.709987,-0.565107,-17.266254,-0.083999,-0.257375,0.039625,0.461675,-0.443075,0.092264,-3.141541,0.000088,-0.000000
11.752616,-2.709988,-0.565100,-17.266254,-0.083999,-0.257375,0.039625,0.461702,-0.442993,0.092267,-3.141544,0.000083,0.000000
11.756616,-2.709987,-0.565105,-17.266254,-0.083999,-0.257375,0.039625,0.461727,-0.442910,0.092265,-3.141542,0.000086,0.000008
11.760623,-2.709988,-0.565098,-17.266254,-0.083999,-0.257375,0.039625,0.461753,-0.442828,0.092268,-3.141545,0.000081,0.000008
11.764608,-2.709986,-0.565115,-17.266254,-0.083999,-0.257375,0.039625,0.461769,-0.442740,0.092256,-3.141537,0.000094,-0.000018
11.768561,-2.709988,-0.565099,-17.266254,-0.083999,-0.257375,0.039625,0.461794,-0.442657,0.092266,-3.141545,0.000082,-0.000018
11.772598,-2.709992,-0.565076,-17.266253,-0.083999,-0.257375,0.039625,0.461831,-0.442581,0.092268,-3.141555,0.000064,-0.000017
11.776598,-2.709990,-0.565090,-17.266253,-0.083999,-0.257375,0.039625,0.461863,-0.442477,0.092268,-3.141549,0.000075,0.000013
11.780597,-2.579989,-0.535094,-16.636254,-0.081999,-0.246375,0.038625,0.461888,-0.442394,0.092266,-3.141547,0.000078,0.000000
11.784592,-2.579990,-0.535087,-16.636253,-0.081999,-0.246375,0.038625,0.461915,-0.442312,0.092269,-3.141550,0.000073,-0.000006
11.788591,-2.579990,-0.535085,-16.636253,-0.081999,-0.246375,0.038625,0.461941,-0.442230,0.092269,-3.141551,0.000071,-0.000019
11.792541,-2.579992,-0.535071,-16.636253,-0.081999,-0.246375,0.038625,0.461968,-0.442148,0.092272,-3.141558,0.000060,-0.000032
11.796585,-2.579991,-0.535082,-16.636253,-0.081999,-0.246375,0.038625,0.461990,-0.442067,0.092269,-3.141552,0.000069,-0.000043
11.800583,-2.579991,-0.535081,-16.636253,-0.081999,-0.246375,0.038625,0.462016,-0.441985,0.092269,-3.141553,0.000068,-0.000042
11.804555,-2.579993,-0.535067,-16.636253,-0.081999,-0.246375,0.038625,0.462047,-0.441902,0.092274,-3.141559,0.000058,-0.000037
11.808555,-2.579993,-0.535065,-16.636253,-0.081999,-0.246375,0.038625,0.462071,-0.441822,0.092274,-3.141560,0.000056,-0.000034
11.812556,-2.579993,-0.535064,-16.636253,-0.081999,-0.246375,0.038625,0.462096,-0.441739,0.092275,-3.141560,0.000055,-0.000034
11.816555,-2.579994,-0.535059,-16.636252,-0.081999,-0.246375,0.038625,0.462124,-0.441658,0.092278,-3.141563,0.000051,-0.000033
11.820553,-2.659995,-0.485058,-16.366252,-0.083999,-0.248375,0.038625,0.462148,-0.441575,0.092279,-3.141563,0.000050,-0.000026
11.824553,-2.659996,-0.485051,-16.366252,-0.083999,-0.248375,0.038625,0.462175,-0.441494,0.092282,-3.141566,0.000045,-0.000019
11.828554,-2.659995,-0.485058,-16.366252,-0.083999,-0.248375,0.038625,0.462199,-0.441410,0.092282,-3.141563,0.000050,-0.000011
11.832552,-2.659994,-0.485063,-16.366252,-0.083999,-0.248375,0.038625,0.462225,-0.441328,0.092281,-3.141561,0.000055,-0.000004
11.836553,-2.659994,-0.485062,-16.366252,-0.083999,-0.248375,0.038625,0.462251,-0.441243,0.092282,-3.141561,0.000054,0.000008
11.840553,-2.659993,-0.485070,-16.366252,-0.083999,-0.248375,0.038625,0.462274,-0.441159,0.092283,-3.141558,0.000060,0.000015
11.844553,-2.659994,-0.485063,-16.366252,-0.083999,-0.248375,0.038625,0.462300,-0.441077,0.092286,-3.141561,0.000054,0.000022
11.848553,-2.659993,-0.485070,-16.366252,-0.083999,-0.248375,0.038625,0.462324,-0.440994,0.092286,-3.141558,0.000059,0.000030
11.852553,-2.659993,-0.485070,-16.366252,-0.083999,-0.248375,0.038625,0.462347,-0.440910,0.092288,-3.141558,0.000059,0.000030
11.856553,-2.459993,-0.555071,-16.116252,-0.070999,-0.244375,0.036625,0.462373,-0.440825,0.092291,-3.141557,0.000061,0.000035
11.860553,-2.459992,-0.555073,-16.116252,-0.070999,-0.244375,0.036625,0.462395,-0.440744,0.092294,-3.141557,0.000062,0.000025
11.864553,-2.459992,-0.555074,-16.116252,-0.070999,-0.244375,0.036625,0.462422,-0.440659,0.092297,-3.141556,0.000063,0.000023
11.868553,-2.459991,-0.555084,-16.116253,-0.070999,-0.244375,0.036625,0.462445,-0.440575,0.092299,-3.141552,0.000070,0.000017
11.872570,-2.459991,-0.555084,-16.116253,-0.070999,-0.244375,0.036625,0.462471,-0.440493,0.092301,-3.141552,0.000071,0.000011
11.876572,-2.459989,-0.555093,-16.116253,-0.070999,-0.244375,0.036625,0.462495,-0.440410,0.092303,-3.141548,0.000078,0.000004
11.880571,-2.459991,-0.555083,-16.116253,-0.070999,-0.244375,0.036625,0.462522,-0.440329,0.092310,-3.141552,0.000069,-0.000002
11.884590,-2.459992,-0.555078,-16.116253,-0.070999,-0.244375,0.036625,0.462546,-0.440249,0.092315,-3.141554,0.000066,-0.000012
11.888589,-2.459990,-0.555087,-16.116253,-0.070999,-0.244375,0.036625,0.462572,-0.440164,0.092317,-3.141550,0.000073,-0.000007
11.892589,-2.459990,-0.555088,-16.116253,-0.070999,-0.244375,0.036625,0.462596,-0.440084,0.092319,-3.141550,0.000073,-0.000018
11.896557,-2.459990,-0.555089,-16.116253,-0.070999,-0.244375,0.036625,0.462620,-0.440000,0.092322,-3.141549,0.000075,-0.000024
11.900588,-2.459991,-0.465085,-15.516253,-0.069999,-0.240375,0.036625,0.462648,-0.439916,0.092327,-3.141551,0.000071,-0.000019
11.904576,-2.459991,-0.465085,-15.516253,-0.069999,-0.240375,0.036625,0.462648,-0.439916,0.092327,-3.141551,0.000071,-0.000019
11.908622,-2.459988,-0.465107,-15.516254,-0.069999,-0.240375,0.036625,0.462699,-0.439730,0.092328,-3.141542,0.000088,-0.000007
11.912612,-2.459988,-0.465101,-15.516254,-0.069999,-0.240375,0.036625,0.462710,-0.439662,0.092332,-3.141544,0.000083,-0.000031
11.916617,-2.459989,-0.465100,-15.516254,-0.069999,-0.240375,0.036625,0.462750,-0.439562,0.092333,-3.141545,0.000083,0.000019
11.920610,-2.459988,-0.465106,-15.516254,-0.069999,-0.240375,0.036625,0.462774,-0.439479,0.092333,-3.141542,0.000088,0.000033
11.924606,-2.459988,-0.465106,-15.516254,-0.069999,-0.240375,0.036625,0.462798,-0.439396,0.092334,-3.141542,0.000087,0.000047
11.928603,-2.459987,-0.465112,-15.516254,-0.069999,-0.240375,0.036625,0.462824,-0.439311,0.092334,-3.141539,0.000092,0.000059
11.932599,-2.459986,-0.465117,-15.516254,-0.069999,-0.240375,0.036625,0.462846,-0.439227,0.092333,-3.141537,0.000096,0.000059
11.936533,-2.459987,-0.465109,-15.516254,-0.069999,-0.240375,0.036625,0.462873,-0.439142,0.092334,-3.141541,0.000090,0.000065
11.940535,-2.339986,-0.385115,-14.866254,-0.071999,-0.226375,0.033625,0.462890,-0.439049,0.092334,-3.141538,0.000094,0.000034
11.944538,-2.269988,-0.375108,-14.506254,-0.070999,-0.219375,0.032625,0.462926,-0.438969,0.092337,-3.141541,0.000089,0.000066
11.948539,-2.269989,-0.375099,-14.506254,-0.070999,-0.219375,0.032625,0.462954,-0.438882,0.092338,-3.141545,0.000082,0.000062
11.952546,-2.269989,-0.375098,-14.506254,-0.070999,-0.219375,0.032625,0.462983,-0.438795,0.092339,-3.141546,0.000082,0.000051
11.956546,-2.269990,-0.375092,-14.506253,-0.070999,-0.219375,0.032625,0.463011,-0.438708,0.092343,-3.141548,0.000077,0.000041
11.960549,-2.269992,-0.375078,-14.506253,-0.070999,-0.219375,0.032625,0.463039,-0.438625,0.092346,-3.141555,0.000066,0.000025
11.964553,-2.269992,-0.375078,-14.506253,-0.070999,-0.219375,0.032625,0.463039,-0.438625,0.092346,-3.141555,0.000066,0.000025
11.968553,-2.269992,-0.375080,-14.506253,-0.070999,-0.219375,0.032625,0.463066,-0.438537,0.092343,-3.141554,0.000068,0.000008
11.972553,-2.269993,-0.375072,-14.506253,-0.070999,-0.219375,0.032625,0.463094,-0.438450,0.092344,-3.141557,0.000061,-0.000009
11.976553,-2.269993,-0.375072,-14.506253,-0.070999,-0.219375,0.032625,0.463094,-0.438450,0.092344,-3.141557,0.000061,-0.000009
11.980553,-2.269993,-0.375073,-14.506253,-0.070999,-0.219375,0.032625,0.463149,-0.438275,0.092342,-3.141557,0.000063,-0.000031
11.984553,-2.269993,-0.375073,-14.506253,-0.070999,-0.219375,0.032625,0.463149,-0.438275,0.092342,-3.141557,0.000063,-0.000031
11.988553,-2.149993,-0.365070,-13.626252,-0.068999,-0.203375,0.031625,0.463201,-0.438102,0.092342,-3.141558,0.000060,-0.000090
11.992554,-2.149995,-0.365061,-13.626252,-0.068999,-0.203375,0.031625,0.463236,-0.437993,0.092344,-3.141562,0.000053,-0.000051
11.996558,-2.149993,-0.365071,-13.626253,-0.068999,-0.203375,0.031625,0.463286,-0.437819,0.092342,-3.141558,0.000061,-0.000023
12.000551,-2.149993,-0.365071,-13.626253,-0.068999,-0.203375,0.031625,0.463286,-0.437819,0.092342,-3.141558,0.000061,-0.000023
12.004548,-2.149992,-0.365077,-13.626253,-0.068999,-0.203375,0.031625,0.463310,-0.437733,0.092341,-3.141555,0.000065,-0.000011
12.008572,-2.149992,-0.365082,-13.626253,-0.068999,-0.203375,0.031625,0.463338,-0.437643,0.092340,-3.141553,0.000069,0.000010
12.012556,-2.149993,-0.365073,-13.626253,-0.068999,-0.203375,0.031625,0.463366,-0.437556,0.092341,-3.141557,0.000062,0.000026
12.016576,-2.149992,-0.365078,-13.626253,-0.068999,-0.203375,0.031625,0.463392,-0.437468,0.092340,-3.141555,0.000066,0.000036
12.020571,-2.149992,-0.365077,-13.626253,-0.068999,-0.203375,0.031625,0.463418,-0.437383,0.092341,-3.141555,0.000066,0.000041
12.024571,-1.989994,-0.455065,-13.106252,-0.066999,-0.189375,0.030625,0.463448,-0.437297,0.092346,-3.141560,0.000056,0.000050
12.028591,-1.989994,-0.455065,-13.106252,-0.066999,-0.189375,0.030625,0.463503,-0.437126,0.092349,-3.141561,0.000056,0.000045
12.032590,-1.989994,-0.455065,-13.106252,-0.066999,-0.189375,0.030625,0.463503,-0.437126,0.092349,-3.141561,0.000056,0.000045
12.036590,-1.989995,-0.455058,-13.106252,-0.066999,-0.189375,0.030625,0.463532,-0.437040,0.092352,-3.141564,0.000051,0.000041
12.040589,-1.989995,-0.455058,-13.106252,-0.066999,-0.189375,0.030625,0.463557,-0.436957,0.092354,-3.141563,0.000051,0.000021
12.044589,-1.989996,-0.455053,-13.106251,-0.066999,-0.189375,0.030625,0.463584,-0.436876,0.092358,-3.141566,0.000047,0.000008
12.048594,-1.989996,-0.455053,-13.106251,-0.066999,-0.189375,0.030625,0.463611,-0.436792,0.092360,-3.141566,0.000047,-0.000007
12.052589,-1.989996,-0.455054,-13.106251,-0.066999,-0.189375,0.030625,0.463636,-0.436710,0.092362,-3.141565,0.000048,-0.000020
12.056591,-1.989996,-0.455055,-13.106252,-0.066999,-0.189375,0.030625,0.463663,-0.436626,0.092364,-3.141565,0.000048,-0.000035
12.060589,-1.989995,-0.455060,-13.106252,-0.066999,-0.189375,0.030625,0.463688,-0.436544,0.092363,-3.141563,0.000052,-0.000048
12.064557,-2.019993,-0.395074,-12.906252,-0.062999,-0.193375,0.029625,0.463711,-0.436460,0.092363,-3.141556,0.000063,-0.000068
12.068555,-2.019993,-0.395075,-12.906252,-0.062999,-0.193375,0.029625,0.463736,-0.436378,0.092365,-3.141556,0.000064,-0.000074
12.072555,-2.019992,-0.395082,-12.906253,-0.062999,-0.193375,0.029625,0.463761,-0.436293,0.092365,-3.141553,0.000069,-0.000075
12.076556,-2.019990,-0.395093,-12.906253,-0.062999,-0.193375,0.029625,0.463783,-0.436209,0.092362,-3.141548,0.000078,-0.000075
12.080553,-2.019989,-0.395100,-12.906253,-0.062999,-0.193375,0.029625,0.463807,-0.436126,0.092362,-3.141545,0.000083,-0.000068
12.084553,-2.019990,-0.395096,-12.906253,-0.062999,-0.193375,0.029625,0.463832,-0.436044,0.092367,-3.141547,0.000080,-0.000060
12.088553,-2.019989,-0.395102,-12.906253,-0.062999,-0.193375,0.029625,0.463857,-0.435959,0.092367,-3.141544,0.000085,-0.000075
12.092553,-2.019990,-0.395093,-12.906253,-0.062999,-0.193375,0.029625,0.463884,-0.435875,0.092368,-3.141549,0.000077,-0.000057
12.096553,-2.019986,-0.395124,-12.906254,-0.062999,-0.193375,0.029625,0.463900,-0.435788,0.092361,-3.141535,0.000101,-0.000050
12.100554,-1.909988,-0.385109,-12.276254,-0.056999,-0.186375,0.028625,0.463941,-0.435689,0.092371,-3.141541,0.000090,-0.000006
12.104553,-1.909990,-0.385096,-12.276253,-0.056999,-0.186375,0.028625,0.463971,-0.435606,0.092375,-3.141547,0.000080,-0.000001
12.108551,-1.909990,-0.385095,-12.276253,-0.056999,-0.186375,0.028625,0.463997,-0.435525,0.092377,-3.141547,0.000080,0.000006
12.112551,-1.909991,-0.385087,-12.276253,-0.056999,-0.186375,0.028625,0.464026,-0.435442,0.092378,-3.141551,0.000073,0.000004
12.116553,-1.909991,-0.385093,-12.276253,-0.056999,-0.186375,0.028625,0.464052,-0.435358,0.092378,-3.141548,0.000078,0.000009
12.120553,-1.909992,-0.385085,-12.276253,-0.056999,-0.186375,0.028625,0.464079,-0.435277,0.092379,-3.141552,0.000071,0.000003
12.124553,-1.909993,-0.385077,-12.276253,-0.056999,-0.186375,0.028625,0.464106,-0.435196,0.092381,-3.141556,0.000065,-0.000003
12.128572,-1.909993,-0.385075,-12.276253,-0.056999,-0.186375,0.028625,0.464133,-0.435112,0.092381,-3.141556,0.000064,-0.000005
12.132574,-1.909994,-0.385067,-12.276252,-0.056999,-0.186375,0.028625,0.464160,-0.435031,0.092383,-3.141560,0.000058,-0.000024
12.136570,-1.909994,-0.385070,-12.276253,-0.056999,-0.186375,0.028625,0.464185,-0.434949,0.092380,-3.141559,0.000060,-0.000030
12.140589,-1.859994,-0.295068,-11.876252,-0.054999,-0.182375,0.026625,0.464210,-0.434867,0.092380,-3.141559,0.000059,-0.000043
12.144595,-1.839995,-0.295064,-11.706252,-0.053999,-0.180375,0.026625,0.464235,-0.434785,0.092377,-3.141561,0.000055,-0.000056
12.148588,-1.839994,-0.295067,-11.706252,-0.053999,-0.180375,0.026625,0.464260,-0.434703,0.092375,-3.141560,0.000058,-0.000069
12.152595,-1.839995,-0.295062,-11.706252,-0.053999,-0.180375,0.026625,0.464285,-0.434621,0.092372,-3.141562,0.000054,-0.000069
12.156589,-1.839995,-0.295058,-11.706252,-0.053999,-0.180375,0.026625,0.464310,-0.434539,0.092370,-3.141564,0.000051,-0.000075
12.160563,-1.839995,-0.295061,-11.706252,-0.053999,-0.180375,0.026625,0.464335,-0.434457,0.092367,-3.141563,0.000053,-0.000074
12.164590,-1.839995,-0.295064,-11.706252,-0.053999,-0.180375,0.026625,0.464358,-0.434377,0.092364,-3.141561,0.000055,-0.000071
12.168597,-1.839994,-0.295067,-11.706252,-0.053999,-0.180375,0.026625,0.464382,-0.434295,0.092361,-3.141560,0.000058,-0.000064
12.172596,-1.839995,-0.295063,-11.706252,-0.053999,-0.180375,0.026625,0.464407,-0.434213,0.092359,-3.141562,0.000054,-0.000050
12.176589,-1.839995,-0.295060,-11.706252,-0.053999,-0.180375,0.026625,0.464434,-0.434132,0.092358,-3.141563,0.000052,-0.000036
12.180589,-1.739995,-0.415063,-11.206252,-0.051999,-0.166375,0.026625,0.464458,-0.434050,0.092355,-3.141562,0.000055,-0.000022
12.184590,-1.739995,-0.415060,-11.206252,-0.051999,-0.166375,0.026625,0.464485,-0.433969,0.092354,-3.141563,0.000052,-0.000008
12.188589,-1.739997,-0.415049,-11.206252,-0.051999,-0.166375,0.026625,0.464512,-0.433888,0.092354,-3.141568,0.000044,-0.000001
12.192555,-1.739997,-0.415046,-11.206252,-0.051999,-0.166375,0.026625,0.464538,-0.433807,0.092353,-3.141569,0.000042,0.000013
12.196555,-1.739998,-0.415042,-11.206251,-0.052000,-0.166375,0.026625,0.464563,-0.433725,0.092351,-3.141571,0.000038,0.000014
12.200556,-1.739996,-0.415052,-11.206252,-0.051999,-0.166375,0.026625,0.464582,-0.433640,0.092339,-3.141567,0.000046,-0.000013
12.204544,-1.739999,-0.415031,-11.206251,-0.052000,-0.166375,0.026625,0.464623,-0.433545,0.092345,-3.141576,0.000030,0.000020
12.208555,-1.740001,-0.415020,-11.206251,-0.052000,-0.166375,0.026625,0.464650,-0.433464,0.092344,-3.141580,0.000022,0.000020
12.212558,-1.740001,-0.415016,-11.206251,-0.052000,-0.166375,0.026625,0.464677,-0.433384,0.092342,-3.141582,0.000019,0.000021
12.216550,-1.740001,-0.415016,-11.206251,-0.052000,-0.166375,0.026625,0.464677,-0.433384,0.092342,-3.141582,0.000019,0.000021
12.220553,-1.740000,-0.315028,-11.466251,-0.059000,-0.168375,0.025625,0.464726,-0.433219,0.092334,-3.141577,0.000028,0.000015
12.224553,-1.740000,-0.315028,-11.466251,-0.059000,-0.168375,0.025625,0.464751,-0.433137,0.092329,-3.141577,0.000028,0.000002
12.228558,-1.739998,-0.315044,-11.466252,-0.058999,-0.168375,0.025625,0.464774,-0.433055,0.092322,-3.141570,0.000040,-0.000004
12.232550,-1.739997,-0.315047,-11.466252,-0.058999,-0.168375,0.025625,0.464799,-0.432973,0.092320,-3.141569,0.000043,-0.000017
12.236553,-1.739996,-0.315057,-11.466252,-0.058999,-0.168375,0.025625,0.464821,-0.432890,0.092315,-3.141565,0.000050,-0.000030
12.240560,-1.739995,-0.315065,-11.466252,-0.058999,-0.168375,0.025625,0.464845,-0.432807,0.092309,-3.141561,0.000056,-0.000036
12.244554,-1.739994,-0.315074,-11.466253,-0.058999,-0.168375,0.025625,0.464870,-0.432722,0.092304,-3.141557,0.000063,-0.000038
12.248554,-1.739992,-0.315083,-11.466253,-0.058999,-0.168375,0.025625,0.464892,-0.432639,0.092300,-3.141553,0.000070,-0.000030
12.252555,-1.739994,-0.315073,-11.466253,-0.058999,-0.168375,0.025625,0.464919,-0.432558,0.092299,-3.141558,0.000062,-0.000023
12.256553,-1.739992,-0.315087,-11.466253,-0.058999,-0.168375,0.025625,0.464941,-0.432475,0.092292,-3.141551,0.000073,-0.000023
12.260567,-1.839991,-0.445090,-12.026253,-0.058999,-0.176375,0.027625,0.464967,-0.432391,0.092289,-3.141550,0.000076,-0.000011
12.264570,-1.839991,-0.445093,-12.026253,-0.058999,-0.176375,0.027625,0.464991,-0.432309,0.092286,-3.141549,0.000078,-0.000003
12.268565,-1.839991,-0.445094,-12.026253,-0.058999,-0.176375,0.027625,0.465016,-0.432227,0.092281,-3.141548,0.000079,0.000004
12.272590,-1.839990,-0.445097,-12.026254,-0.058999,-0.176375,0.027625,0.465040,-0.432144,0.092278,-3.141547,0.000081,0.000011
12.276589,-1.839992,-0.445087,-12.026253,-0.058999,-0.176375,0.027625,0.465067,-0.432064,0.092278,-3.141552,0.000073,0.000018
12.280589,-1.839991,-0.445090,-12.026253,-0.058999,-0.176375,0.027625,0.465091,-0.431982,0.092275,-3.141550,0.000075,0.000026
12.284589,-1.839992,-0.445085,-12.026253,-0.058999,-0.176375,0.027625,0.465117,-0.431898,0.092273,-3.141552,0.000072,0.000031
12.288590,-1.839993,-0.445081,-12.026253,-0.058999,-0.176375,0.027625,0.465142,-0.431816,0.092270,-3.141554,0.000069,0.000038
12.292589,-1.839994,-0.445071,-12.026253,-0.058999,-0.176375,0.027625,0.465167,-0.431734,0.092271,-3.141558,0.000061,0.000039
12.296589,-1.839995,-0.445067,-12.026252,-0.058999,-0.176375,0.027625,0.465192,-0.431652,0.092269,-3.141560,0.000058,0.000039
12.300589,-1.999994,-0.315068,-13.026252,-0.066999,-0.194375,0.029625,0.465216,-0.431568,0.092265,-3.141560,0.000059,0.000044
12.304588,-1.999993,-0.315078,-13.026252,-0.066999,-0.194375,0.029625,0.465232,-0.431480,0.092253,-3.141556,0.000066,0.000011
12.308589,-1.999996,-0.315060,-13.026252,-0.066999,-0.194375,0.029625,0.465264,-0.431403,0.092261,-3.141563,0.000053,0.000005
12.312589,-1.999997,-0.315049,-13.026251,-0.066999,-0.194375,0.029625,0.465296,-0.431300,0.092261,-3.141568,0.000044,0.000035
12.316557,-1.999997,-0.315049,-13.026251,-0.066999,-0.194375,0.029625,0.465296,-0.431300,0.092261,-3.141568,0.000044,0.000035
12.320554,-1.999999,-0.315038,-13.026251,-0.067000,-0.194375,0.029625,0.465347,-0.431134,0.092261,-3.141573,0.000035,0.000027
12.324529,-1.999999,-0.315034,-13.026251,-0.067000,-0.194375,0.029625,0.465370,-0.431051,0.092260,-3.141574,0.000033,0.000021
12.328529,-1.999999,-0.315032,-13.026251,-0.067000,-0.194375,0.029625,0.465394,-0.430969,0.092260,-3.141575,0.000031,0.000015
12.332530,-2.000000,-0.315028,-13.026251,-0.067000,-0.194375,0.029625,0.465421,-0.430885,0.092258,-3.141577,0.000028,0.000020
12.336529,-2.000000,-0.315025,-13.026251,-0.067000,-0.194375,0.029625,0.465447,-0.430799,0.092256,-3.141579,0.000025,0.000023
12.340530,-2.190001,-0.505021,-13.836251,-0.059000,-0.213375,0.031625,0.465472,-0.430714,0.092255,-3.141580,0.000022,0.000021
12.344530,-2.190002,-0.505010,-13.836250,-0.059000,-0.213375,0.031625,0.465500,-0.430627,0.092254,-3.141585,0.000014,0.000024
12.348531,-2.190004,-0.505000,-13.836250,-0.059000,-0.213375,0.031625,0.465530,-0.430539,0.092255,-3.141589,0.000007,0.000031
12.352533,-2.190004,-0.504997,-13.836250,-0.059000,-0.213375,0.031625,0.465557,-0.430452,0.092254,-3.141591,0.000004,0.000027
12.356532,-2.190004,-0.504995,-13.836250,-0.059000,-0.213375,0.031625,0.465585,-0.430366,0.092254,-3.141591,0.000002,0.000030
12.360534,-2.190004,-0.504997,-13.836250,-0.059000,-0.213375,0.031625,0.465613,-0.430277,0.092250,-3.141591,0.000004,0.000031
12.364535,-2.190005,-0.504993,-13.836250,-0.059000,-0.213375,0.031625,0.465640,-0.430190,0.092248,-3.141592,0.000001,0.000033
12.368539,-2.190004,-0.504996,-13.836250,-0.059000,-0.213375,0.031625,0.465669,-0.430102,0.092245,-3.141591,0.000003,0.000041
12.372545,-2.190005,-0.504993,-13.836250,-0.059000,-0.213375,0.031625,0.465694,-0.430017,0.092244,-3.141592,0.000001,0.000032
12.376551,-2.190005,-0.504993,-13.836250,-0.059000,-0.213375,0.031625,0.465694,-0.430017,0.092244,-3.141592,0.000001,0.000032
12.380556,-2.210004,-0.454999,-14.126250,-0.065000,-0.214375,0.031625,0.465747,-0.429843,0.092238,-3.141590,0.000005,0.000025
12.384555,-2.210003,-0.455008,-14.126250,-0.065000,-0.214375,0.031625,0.465772,-0.429755,0.092233,-3.141586,0.000012,0.000014
12.388566,-2.210002,-0.455012,-14.126251,-0.065000,-0.214375,0.031625,0.465798,-0.429668,0.092231,-3.141584,0.000015,0.000010
12.392569,-2.210002,-0.455010,-14.126250,-0.065000,-0.214375,0.031625,0.465826,-0.429582,0.092231,-3.141585,0.000014,0.000006
12.396567,-2.210002,-0.455014,-14.126251,-0.065000,-0.214375,0.031625,0.465852,-0.429495,0.092229,-3.141583,0.000017,-0.000004
12.400572,-2.210001,-0.455018,-14.126251,-0.065000,-0.214375,0.031625,0.465878,-0.429408,0.092227,-3.141581,0.000020,-0.000008
12.404566,-2.210000,-0.455030,-14.126251,-0.065000,-0.214375,0.031625,0.465903,-0.429320,0.092225,-3.141576,0.000029,-0.000019
12.408589,-2.209999,-0.455034,-14.126251,-0.065000,-0.214375,0.031625,0.465929,-0.429233,0.092223,-3.141574,0.000033,-0.000023
12.412589,-2.209999,-0.455034,-14.126251,-0.065000,-0.214375,0.031625,0.465929,-0.429233,0.092223,-3.141574,0.000033,-0.000023
12.416590,-2.209998,-0.455046,-14.126252,-0.064999,-0.214375,0.031625,0.465955,-0.429146,0.092220,-3.141569,0.000042,-0.000020
12.420557,-2.209998,-0.455046,-14.126252,-0.064999,-0.214375,0.031625,0.465955,-0.429146,0.092220,-3.141569,0.000042,-0.000020
12.424552,-2.209996,-0.555061,-14.516253,-0.064999,-0.215375,0.031625,0.466007,-0.428972,0.092215,-3.141563,0.000053,-0.000061
12.428593,-2.209994,-0.555077,-14.516253,-0.064999,-0.215375,0.031625,0.466067,-0.428776,0.092211,-3.141556,0.000066,-0.000026
12.432595,-2.209994,-0.555077,-14.516253,-0.064999,-0.215375,0.031625,0.466067,-0.428776,0.092211,-3.141556,0.000066,-0.000026
12.436589,-2.209994,-0.555076,-14.516253,-0.064999,-0.215375,0.031625,0.466093,-0.428689,0.092212,-3.141557,0.000065,-0.000024
12.440598,-2.209993,-0.555084,-14.516253,-0.064999,-0.215375,0.031625,0.466146,-0.428513,0.092208,-3.141553,0.000071,-0.000034
12.444587,-2.209992,-0.555088,-14.516253,-0.064999,-0.215375,0.031625,0.466170,-0.428427,0.092206,-3.141551,0.000075,-0.000049
12.448596,-2.209992,-0.555088,-14.516253,-0.064999,-0.215375,0.031625,0.466170,-0.428427,0.092206,-3.141551,0.000075,-0.000049
12.452555,-2.209992,-0.555093,-14.516254,-0.064999,-0.215375,0.031625,0.466198,-0.428338,0.092204,-3.141550,0.000078,-0.000048
12.456557,-2.209993,-0.555082,-14.516253,-0.064999,-0.215375,0.031625,0.466252,-0.428165,0.092205,-3.141554,0.000070,-0.000063
12.460555,-2.209993,-0.555082,-14.516253,-0.064999,-0.215375,0.031625,0.466252,-0.428165,0.092205,-3.141554,0.000070,-0.000063
12.464556,-2.299993,-0.455086,-14.956253,-0.077999,-0.218375,0.032625,0.466277,-0.428078,0.092203,-3.141552,0.000073,-0.000067
12.468554,-2.309993,-0.425083,-15.006253,-0.079999,-0.219375,0.032625,0.466306,-0.427989,0.092202,-3.141554,0.000070,-0.000066
12.472557,-2.309994,-0.425076,-15.006253,-0.079999,-0.219375,0.032625,0.466333,-0.427903,0.092205,-3.141557,0.000065,-0.000070
12.476553,-2.309994,-0.425080,-15.006253,-0.079999,-0.219375,0.032625,0.466359,-0.427816,0.092203,-3.141555,0.000068,-0.000074
12.480554,-2.309994,-0.425076,-15.006253,-0.079999,-0.219375,0.032625,0.466385,-0.427729,0.092201,-3.141557,0.000065,-0.000078
12.484559,-2.309995,-0.425068,-15.006253,-0.079999,-0.219375,0.032625,0.466414,-0.427640,0.092203,-3.141560,0.000059,-0.000077
12.488556,-2.309995,-0.425072,-15.006253,-0.079999,-0.219375,0.032625,0.466439,-0.427553,0.092201,-3.141559,0.000062,-0.000074
12.492555,-2.309996,-0.425063,-15.006252,-0.079999,-0.219375,0.032625,0.466464,-0.427468,0.092202,-3.141562,0.000055,-0.000069
12.496553,-2.309995,-0.425068,-15.006253,-0.079999,-0.219375,0.032625,0.466489,-0.427381,0.092201,-3.141560,0.000058,-0.000066
12.500555,-2.319996,-0.405059,-15.056252,-0.081999,-0.219375,0.032625,0.466518,-0.427292,0.092202,-3.141564,0.000052,-0.000059
12.504556,-2.379997,-0.455058,-15.226252,-0.078999,-0.225375,0.032625,0.466545,-0.427203,0.092203,-3.141564,0.000051,-0.000045
12.508555,-2.379997,-0.455058,-15.226252,-0.078999,-0.225375,0.032625,0.466545,-0.427203,0.092203,-3.141564,0.000051,-0.000045
12.512555,-2.379997,-0.455052,-15.226252,-0.078999,-0.225375,0.032625,0.466596,-0.427029,0.092201,-3.141567,0.000047,-0.000046
12.516554,-2.379998,-0.455050,-15.226252,-0.078999,-0.225375,0.032625,0.466622,-0.426939,0.092201,-3.141568,0.000045,-0.000045
12.520570,-2.379999,-0.455040,-15.226252,-0.079000,-0.225375,0.032625,0.466650,-0.426853,0.092201,-3.141572,0.000037,-0.000049
12.524594,-2.379999,-0.455039,-15.226252,-0.079000,-0.225375,0.032625,0.466676,-0.426766,0.092202,-3.141573,0.000037,-0.000060
12.528557,-2.379999,-0.455036,-15.226252,-0.079000,-0.225375,0.032625,0.466704,-0.426677,0.092201,-3.141574,0.000034,-0.000059
12.532595,-2.380000,-0.455027,-15.226251,-0.079000,-0.225375,0.032625,0.466736,-0.426571,0.092203,-3.141578,0.000027,-0.000072
12.536591,-2.380001,-0.455023,-15.226251,-0.079000,-0.225375,0.032625,0.466763,-0.426485,0.092201,-3.141580,0.000024,-0.000076
12.540589,-2.480001,-0.505022,-15.146250,-0.075000,-0.232375,0.033625,0.466788,-0.426404,0.092202,-3.141580,0.000023,-0.000082
12.544589,-2.480002,-0.505014,-15.146250,-0.075000,-0.232375,0.033625,0.466815,-0.426321,0.092204,-3.141583,0.000017,-0.000084
12.548587,-2.480002,-0.505011,-15.146250,-0.075000,-0.232375,0.033625,0.466840,-0.426240,0.092203,-3.141585,0.000015,-0.000083
12.552590,-2.480003,-0.505008,-15.146250,-0.075000,-0.232375,0.033625,0.466867,-0.426157,0.092202,-3.141586,0.000013,-0.000078
12.556589,-2.480003,-0.505005,-15.146250,-0.075000,-0.232375,0.033625,0.466892,-0.426076,0.092201,-3.141587,0.000010,-0.000078
12.560589,-2.480002,-0.505011,-15.146250,-0.075000,-0.232375,0.033625,0.466917,-0.425991,0.092200,-3.141585,0.000015,-0.000066
12.564594,-2.480002,-0.505014,-15.146250,-0.075000,-0.232375,0.033625,0.466940,-0.425909,0.092197,-3.141583,0.000017,-0.000058
12.568589,-2.480001,-0.505019,-15.146250,-0.075000,-0.232375,0.033625,0.466966,-0.425826,0.092195,-3.141581,0.000021,-0.000047
12.572590,-2.480000,-0.505029,-15.146251,-0.075000,-0.232375,0.033625,0.466988,-0.425744,0.092192,-3.141577,0.000029,-0.000039
12.576589,-2.480000,-0.505034,-15.146251,-0.075000,-0.232375,0.033625,0.467015,-0.425660,0.092190,-3.141575,0.000033,-0.000028
12.580589,-2.389998,-0.545045,-14.976252,-0.063999,-0.231375,0.033625,0.467039,-0.425576,0.092187,-3.141570,0.000041,-0.000016
12.584556,-2.389997,-0.545056,-14.976252,-0.063999,-0.231375,0.033625,0.467061,-0.425493,0.092183,-3.141566,0.000049,-0.000009
12.588555,-2.389996,-0.545060,-14.976253,-0.063999,-0.231375,0.033625,0.467088,-0.425410,0.092182,-3.141564,0.000053,-0.000003
12.592556,-2.389995,-0.545071,-14.976253,-0.063999,-0.231375,0.033625,0.467112,-0.425325,0.092178,-3.141559,0.000061,0.000002
12.596558,-2.389995,-0.545071,-14.976253,-0.063999,-0.231375,0.033625,0.467138,-0.425242,0.092179,-3.141559,0.000061,0.000007
12.600562,-2.389996,-0.545068,-14.976253,-0.063999,-0.231375,0.033625,0.467163,-0.425161,0.092178,-3.141561,0.000059,0.000007
12.604556,-2.389995,-0.545072,-14.976253,-0.063999,-0.231375,0.033625,0.467189,-0.425077,0.092177,-3.141559,0.000062,-0.000001
12.608560,-2.389995,-0.545072,-14.976253,-0.063999,-0.231375,0.033625,0.467189,-0.425077,0.092177,-3.141559,0.000062,-0.000001
12.612556,-2.389993,-0.545089,-14.976254,-0.063999,-0.231375,0.033625,0.467232,-0.424908,0.092166,-3.141551,0.000075,-0.000043
12.616560,-2.389996,-0.545067,-14.976253,-0.063999,-0.231375,0.033625,0.467276,-0.424810,0.092177,-3.141561,0.000059,-0.000015
12.620548,-2.389996,-0.545067,-14.976253,-0.063999,-0.231375,0.033625,0.467276,-0.424810,0.092177,-3.141561,0.000059,-0.000015
12.624558,-2.419996,-0.555066,-14.906252,-0.063999,-0.232375,0.033625,0.467302,-0.424729,0.092177,-3.141561,0.000057,-0.000021
12.628558,-2.419996,-0.555066,-14.906252,-0.063999,-0.232375,0.033625,0.467302,-0.424729,0.092177,-3.141561,0.000057,-0.000021
12.632553,-2.439995,-0.515073,-14.956253,-0.067999,-0.230375,0.033625,0.467382,-0.424483,0.092173,-3.141558,0.000063,-0.000044
12.636546,-2.439996,-0.515065,-14.956252,-0.067999,-0.230375,0.033625,0.467409,-0.424400,0.092175,-3.141562,0.000056,-0.000053
12.640552,-2.439995,-0.515076,-14.956253,-0.067999,-0.230375,0.033625,0.467433,-0.424315,0.092172,-3.141557,0.000065,-0.000054
12.644561,-2.439994,-0.515080,-14.956253,-0.067999,-0.230375,0.033625,0.467460,-0.424230,0.092170,-3.141555,0.000068,-0.000045
12.648568,-2.439994,-0.515078,-14.956253,-0.067999,-0.230375,0.033625,0.467485,-0.424146,0.092170,-3.141556,0.000067,-0.000033
12.652552,-2.439993,-0.515087,-14.956253,-0.067999,-0.230375,0.033625,0.467510,-0.424059,0.092165,-3.141552,0.000074,-0.000023
12.656571,-2.439994,-0.515086,-14.956253,-0.067999,-0.230375,0.033625,0.467537,-0.423972,0.092165,-3.141553,0.000073,-0.000007
12.660565,-2.409992,-0.475096,-15.266254,-0.073999,-0.228375,0.033625,0.467561,-0.423888,0.092162,-3.141549,0.000081,0.000005
12.664571,-2.409992,-0.475099,-15.266254,-0.073999,-0.228375,0.033625,0.467587,-0.423802,0.092159,-3.141547,0.000083,0.000021
12.668597,-2.409992,-0.475102,-15.266254,-0.073999,-0.228375,0.033625,0.467612,-0.423717,0.092156,-3.141546,0.000086,0.000033
12.672557,-2.409991,-0.475107,-15.266254,-0.073999,-0.228375,0.033625,0.467637,-0.423630,0.092154,-3.141544,0.000089,0.000042
12.676590,-2.409991,-0.475110,-15.266254,-0.073999,-0.228375,0.033625,0.467661,-0.423546,0.092151,-3.141543,0.000092,0.000048
12.680604,-2.409992,-0.475102,-15.266254,-0.073999,-0.228375,0.033625,0.467690,-0.423461,0.092153,-3.141546,0.000085,0.000057
12.684557,-2.409993,-0.475094,-15.266254,-0.073999,-0.228375,0.033625,0.467716,-0.423378,0.092155,-3.141550,0.000079,0.000049
12.688595,-2.409994,-0.475086,-15.266253,-0.073999,-0.228375,0.033625,0.467745,-0.423293,0.092157,-3.141553,0.000073,0.000045
12.692589,-2.409995,-0.475078,-15.266253,-0.073999,-0.228375,0.033625,0.467771,-0.423210,0.092158,-3.141557,0.000066,0.000036
12.696589,-2.429995,-0.475075,-15.286253,-0.073999,-0.229375,0.033625,0.467798,-0.423127,0.092157,-3.141558,0.000064,0.000015
12.700589,-2.429996,-0.475069,-15.286252,-0.073999,-0.229375,0.033625,0.467826,-0.423041,0.092161,-3.141560,0.000060,0.000004
12.704563,-2.489998,-0.465052,-15.406252,-0.078999,-0.231375,0.033625,0.467857,-0.422957,0.092163,-3.141567,0.000047,0.000000
12.708597,-2.489999,-0.465038,-15.406251,-0.079000,-0.231375,0.033625,0.467885,-0.422876,0.092166,-3.141573,0.000036,-0.000015
12.712592,-2.490000,-0.465036,-15.406251,-0.079000,-0.231375,0.033625,0.467911,-0.422789,0.092166,-3.141574,0.000034,-0.000032
12.716589,-2.490000,-0.465033,-15.406251,-0.079000,-0.231375,0.033625,0.467938,-0.422706,0.092165,-3.141575,0.000032,-0.000048
12.720589,-2.490001,-0.465027,-15.406251,-0.079000,-0.231375,0.033625,0.467966,-0.422624,0.092168,-3.141578,0.000027,-0.000063
12.724597,-2.490002,-0.465017,-15.406250,-0.079000,-0.231375,0.033625,0.467991,-0.422540,0.092169,-3.141582,0.000020,-0.000071
12.728589,-2.490001,-0.465020,-15.406251,-0.079000,-0.231375,0.033625,0.468017,-0.422454,0.092166,-3.141581,0.000022,-0.000102
12.732589,-2.490001,-0.465020,-15.406251,-0.079000,-0.231375,0.033625,0.468017,-0.422454,0.092166,-3.141581,0.000022,-0.000102
12.736554,-2.490000,-0.465029,-15.406251,-0.079000,-0.231375,0.033625,0.468074,-0.422259,0.092163,-3.141577,0.000028,-0.000027
12.740531,-2.410000,-0.535033,-15.596252,-0.077000,-0.230375,0.034625,0.468100,-0.422169,0.092161,-3.141576,0.000032,-0.000013
12.744542,-2.410000,-0.535032,-15.596251,-0.077000,-0.230375,0.034625,0.468125,-0.422082,0.092162,-3.141576,0.000031,0.000004
12.748595,-2.410000,-0.535032,-15.596251,-0.077000,-0.230375,0.034625,0.468125,-0.422082,0.092162,-3.141576,0.000031,0.000004
12.752589,-2.409998,-0.535049,-15.596252,-0.076999,-0.230375,0.034625,0.468175,-0.421908,0.092158,-3.141569,0.000044,0.000030
12.756589,-2.409998,-0.535053,-15.596252,-0.076999,-0.230375,0.034625,0.468199,-0.421821,0.092156,-3.141567,0.000048,0.000039
12.760591,-2.409998,-0.535053,-15.596252,-0.076999,-0.230375,0.034625,0.468199,-0.421821,0.092156,-3.141567,0.000048,0.000039
12.764590,-2.409999,-0.535046,-15.596252,-0.076999,-0.230375,0.034625,0.468255,-0.421648,0.092160,-3.141570,0.000042,0.000043
12.768565,-2.409999,-0.535045,-15.596252,-0.076999,-0.230375,0.034625,0.468285,-0.421560,0.092161,-3.141570,0.000042,0.000043
12.772590,-2.409999,-0.535043,-15.596252,-0.077000,-0.230375,0.034625,0.468311,-0.421474,0.092161,-3.141571,0.000040,-0.000008
12.776589,-2.409999,-0.535043,-15.596252,-0.077000,-0.230375,0.034625,0.468311,-0.421474,0.092161,-3.141571,0.000040,-0.000008
12.780593,-2.450000,-0.535035,-15.136252,-0.068000,-0.232375,0.033625,0.468367,-0.421304,0.092164,-3.141575,0.000033,0.000005
12.784589,-2.450000,-0.535034,-15.136252,-0.068000,-0.232375,0.033625,0.468394,-0.421218,0.092165,-3.141575,0.000033,-0.000019
12.788589,-2.450001,-0.535026,-15.136251,-0.068000,-0.232375,0.033625,0.468424,-0.421131,0.092167,-3.141578,0.000027,-0.000032
12.792589,-2.450001,-0.535024,-15.136251,-0.068000,-0.232375,0.033625,0.468450,-0.421045,0.092167,-3.141579,0.000025,-0.000050
12.796596,-2.450001,-0.535023,-15.136251,-0.068000,-0.232375,0.033625,0.468477,-0.420959,0.092167,-3.141580,0.000024,-0.000067
12.800588,-2.450001,-0.535027,-15.136251,-0.068000,-0.232375,0.033625,0.468504,-0.420873,0.092165,-3.141578,0.000027,-0.000084
12.804593,-2.450000,-0.535031,-15.136251,-0.068000,-0.232375,0.033625,0.468530,-0.420784,0.092163,-3.141576,0.000031,-0.000090
12.808589,-2.450001,-0.535029,-15.136251,-0.068000,-0.232375,0.033625,0.468554,-0.420700,0.092163,-3.141577,0.000029,-0.000092
12.812590,-2.450000,-0.535033,-15.136251,-0.068000,-0.232375,0.033625,0.468580,-0.420613,0.092161,-3.141576,0.000032,-0.000083
12.816589,-2.450000,-0.535031,-15.136251,-0.068000,-0.232375,0.033625,0.468608,-0.420525,0.092160,-3.141577,0.000030,-0.000069
12.820588,-2.509999,-0.455042,-15.186252,-0.072000,-0.235375,0.033625,0.468632,-0.420438,0.092158,-3.141572,0.000039,-0.000059
12.824589,-2.509999,-0.455042,-15.186252,-0.072000,-0.235375,0.033625,0.468632,-0.420438,0.092158,-3.141572,0.000039,-0.000059
12.828589,-2.509999,-0.455045,-15.186252,-0.071999,-0.235375,0.033625,0.468657,-0.420351,0.092155,-3.141570,0.000042,-0.000076
12.832589,-2.509998,-0.455050,-15.186252,-0.071999,-0.235375,0.033625,0.468689,-0.420243,0.092154,-3.141569,0.000045,-0.000031
12.836597,-2.509999,-0.455047,-15.186252,-0.071999,-0.235375,0.033625,0.468743,-0.420066,0.092154,-3.141570,0.000043,-0.000009
12.840555,-2.509999,-0.455047,-15.186252,-0.071999,-0.235375,0.033625,0.468743,-0.420066,0.092154,-3.141570,0.000043,-0.000009
12.844556,-2.509998,-0.455052,-15.186252,-0.071999,-0.235375,0.033625,0.468767,-0.419982,0.092154,-3.141567,0.000047,-0.000004
12.848555,-2.509999,-0.455042,-15.186252,-0.072000,-0.235375,0.033625,0.468824,-0.419806,0.092155,-3.141572,0.000039,0.000004
12.852557,-2.509999,-0.455042,-15.186252,-0.072000,-0.235375,0.033625,0.468824,-0.419806,0.092155,-3.141572,0.000039,0.000004
12.856558,-2.509998,-0.455048,-15.186252,-0.071999,-0.235375,0.033625,0.468848,-0.419722,0.092155,-3.141569,0.000044,-0.000005
12.860556,-2.509999,-0.455040,-15.186252,-0.072000,-0.235375,0.033625,0.468876,-0.419637,0.092156,-3.141573,0.000037,-0.000015
12.864561,-2.440000,-0.495038,-15.196251,-0.072000,-0.230375,0.034625,0.468904,-0.419549,0.092156,-3.141574,0.000036,-0.000028
12.868555,-2.439999,-0.495041,-15.196251,-0.072000,-0.230375,0.034625,0.468958,-0.419375,0.092155,-3.141572,0.000038,-0.000052
12.872558,-2.439999,-0.495041,-15.196251,-0.072000,-0.230375,0.034625,0.468958,-0.419375,0.092155,-3.141572,0.000038,-0.000052
12.876553,-2.440000,-0.495039,-15.196251,-0.072000,-0.230375,0.034625,0.468984,-0.419289,0.092155,-3.141573,0.000036,-0.000069
12.880559,-2.440000,-0.495037,-15.196251,-0.072000,-0.230375,0.034625,0.469010,-0.419202,0.092155,-3.141574,0.000035,-0.000086
12.884558,-2.439999,-0.495040,-15.196251,-0.072000,-0.230375,0.034625,0.469037,-0.419114,0.092152,-3.141573,0.000037,-0.000099
12.888551,-2.440000,-0.495038,-15.196251,-0.072000,-0.230375,0.034625,0.469061,-0.419030,0.092152,-3.141574,0.000036,-0.000101
12.892556,-2.440000,-0.495036,-15.196251,-0.072000,-0.230375,0.034625,0.469089,-0.418942,0.092152,-3.141574,0.000034,-0.000100
12.896557,-2.439999,-0.495040,-15.196251,-0.072000,-0.230375,0.034625,0.469115,-0.418853,0.092150,-3.141573,0.000038,-0.000093
12.900556,-2.370000,-0.505038,-15.406251,-0.080000,-0.224375,0.035625,0.469140,-0.418766,0.092150,-3.141573,0.000036,-0.000083
12.904558,-2.369998,-0.505053,-15.406252,-0.079999,-0.224375,0.035625,0.469189,-0.418593,0.092144,-3.141567,0.000048,-0.000057
12.908550,-2.369998,-0.505051,-15.406252,-0.079999,-0.224375,0.035625,0.469217,-0.418504,0.092144,-3.141568,0.000046,-0.000043
12.912577,-2.369999,-0.505049,-15.406252,-0.079999,-0.224375,0.035625,0.469240,-0.418420,0.092144,-3.141569,0.000045,-0.000032
12.916571,-2.369999,-0.505049,-15.406252,-0.079999,-0.224375,0.035625,0.469240,-0.418420,0.092144,-3.141569,0.000045,-0.000032
12.920571,-2.369998,-0.505052,-15.406252,-0.079999,-0.224375,0.035625,0.469268,-0.418332,0.092141,-3.141568,0.000047,-0.000017
12.924589,-2.369998,-0.505058,-15.406252,-0.079999,-0.224375,0.035625,0.469295,-0.418244,0.092141,-3.141565,0.000051,-0.000010
12.928589,-2.369998,-0.505055,-15.406252,-0.079999,-0.224375,0.035625,0.469322,-0.418158,0.092140,-3.141567,0.000049,-0.000001
12.932589,-2.369998,-0.505060,-15.406252,-0.079999,-0.224375,0.035625,0.469347,-0.418075,0.092138,-3.141565,0.000053,-0.000002
12.936595,-2.369997,-0.505064,-15.406252,-0.079999,-0.224375,0.035625,0.469375,-0.417987,0.092136,-3.141563,0.000056,0.000005
12.940590,-2.329997,-0.535061,-15.406252,-0.078999,-0.222375,0.036625,0.469401,-0.417904,0.092135,-3.141564,0.000054,0.000003
12.944601,-2.369998,-0.475060,-15.406252,-0.079999,-0.224375,0.036625,0.469433,-0.417803,0.092136,-3.141565,0.000053,-0.000014
12.948559,-2.369998,-0.475058,-15.406252,-0.079999,-0.224375,0.036625,0.469452,-0.417741,0.092136,-3.141565,0.000052,-0.000018
12.952592,-2.369998,-0.475057,-15.406252,-0.079999,-0.224375,0.036625,0.469486,-0.417638,0.092136,-3.141566,0.000051,-0.000024
12.956626,-2.369996,-0.475071,-15.406252,-0.079999,-0.224375,0.036625,0.469497,-0.417572,0.092128,-3.141560,0.000062,-0.000075
12.960620,-2.369999,-0.475048,-15.406252,-0.079999,-0.224375,0.036625,0.469539,-0.417476,0.092139,-3.141570,0.000044,-0.000052
12.964615,-2.369999,-0.475045,-15.406251,-0.079999,-0.224375,0.036625,0.469568,-0.417395,0.092138,-3.141571,0.000042,-0.000060
12.968560,-2.369999,-0.475050,-15.406252,-0.079999,-0.224375,0.036625,0.469592,-0.417311,0.092136,-3.141569,0.000045,-0.000062
12.972532,-2.369999,-0.475049,-15.406252,-0.079999,-0.224375,0.036625,0.469617,-0.417231,0.092137,-3.141569,0.000044,-0.000061
12.976532,-2.369999,-0.475047,-15.406251,-0.079999,-0.224375,0.036625,0.469643,-0.417148,0.092137,-3.141570,0.000043,-0.000063
12.980533,-2.500000,-0.495038,-15.576251,-0.082000,-0.232375,0.037625,0.469671,-0.417066,0.092138,-3.141574,0.000036,-0.000051
12.984535,-2.499999,-0.495043,-15.576251,-0.082000,-0.232375,0.037625,0.469695,-0.416983,0.092136,-3.141572,0.000040,-0.000040
12.988535,-2.499998,-0.495052,-15.576252,-0.081999,-0.232375,0.037625,0.469719,-0.416899,0.092132,-3.141568,0.000047,-0.000028
12.992538,-2.499999,-0.495050,-15.576252,-0.081999,-0.232375,0.037625,0.469743,-0.416818,0.092131,-3.141569,0.000045,-0.000020
12.996538,-2.499999,-0.495043,-15.576251,-0.082000,-0.232375,0.037625,0.469769,-0.416736,0.092134,-3.141572,0.000040,-0.000015
13.000542,-2.499999,-0.495042,-15.576251,-0.082000,-0.232375,0.037625,0.469796,-0.416654,0.092134,-3.141572,0.000039,-0.000004
13.004547,-2.499999,-0.495046,-15.576252,-0.081999,-0.232375,0.037625,0.469820,-0.416570,0.092132,-3.141570,0.000042,0.000002
13.008551,-2.499999,-0.495045,-15.576251,-0.081999,-0.232375,0.037625,0.469847,-0.416488,0.092133,-3.141571,0.000041,0.000007
13.012550,-2.500000,-0.495038,-15.576251,-0.082000,-0.232375,0.037625,0.469873,-0.416405,0.092136,-3.141574,0.000036,0.000018
13.016551,-2.500000,-0.495037,-15.576251,-0.082000,-0.232375,0.037625,0.469900,-0.416323,0.092136,-3.141574,0.000035,0.000023
13.020553,-2.410000,-0.605035,-15.676252,-0.072000,-0.233375,0.037625,0.469924,-0.416243,0.092136,-3.141575,0.000034,0.000024
13.024548,-2.410000,-0.605040,-15.676252,-0.072000,-0.233375,0.037625,0.469949,-0.416159,0.092134,-3.141573,0.000037,0.000029
13.028553,-2.409999,-0.605046,-15.676252,-0.071999,-0.233375,0.037625,0.469974,-0.416076,0.092134,-3.141570,0.000042,0.000027
13.032554,-2.410000,-0.605038,-15.676252,-0.072000,-0.233375,0.037625,0.470003,-0.415995,0.092136,-3.141574,0.000036,0.000032
13.036570,-2.410000,-0.605038,-15.676252,-0.072000,-0.233375,0.037625,0.470027,-0.415912,0.092137,-3.141574,0.000036,0.000031
13.040570,-2.410000,-0.605037,-15.676252,-0.072000,-0.233375,0.037625,0.470052,-0.415831,0.092137,-3.141574,0.000035,0.000018
13.044570,-2.410000,-0.605037,-15.676252,-0.072000,-0.233375,0.037625,0.470079,-0.415750,0.092139,-3.141574,0.000035,0.000009
13.048569,-2.410000,-0.605041,-15.676252,-0.072000,-0.233375,0.037625,0.470102,-0.415668,0.092137,-3.141572,0.000039,0.000003
13.052587,-2.410000,-0.605040,-15.676252,-0.072000,-0.233375,0.037625,0.470128,-0.415586,0.092137,-3.141573,0.000037,-0.000005
13.056558,-2.410001,-0.605033,-15.676251,-0.072000,-0.233375,0.037625,0.470153,-0.415506,0.092140,-3.141576,0.000032,-0.000011
13.060563,-2.460000,-0.625039,-15.656251,-0.070000,-0.236375,0.038625,0.470178,-0.415423,0.092140,-3.141573,0.000037,-0.000006
13.064571,-2.460000,-0.625038,-15.656251,-0.070000,-0.236375,0.038625,0.470203,-0.415343,0.092140,-3.141574,0.000036,-0.000006
13.068589,-2.460000,-0.625036,-15.656251,-0.070000,-0.236375,0.038625,0.470229,-0.415260,0.092140,-3.141574,0.000035,-0.000001
13.072587,-2.460001,-0.625027,-15.656251,-0.070000,-0.236375,0.038625,0.470256,-0.415178,0.092141,-3.141578,0.000028,-0.000022
13.076589,-2.460000,-0.625039,-15.656251,-0.070000,-0.236375,0.038625,0.470271,-0.415093,0.092138,-3.141573,0.000037,-0.000022
13.080589,-2.460001,-0.625031,-15.656251,-0.070000,-0.236375,0.038625,0.470313,-0.414997,0.092140,-3.141577,0.000031,0.000015
13.084589,-2.460000,-0.625042,-15.656251,-0.070000,-0.236375,0.038625,0.470335,-0.414913,0.092137,-3.141572,0.000039,0.000020
13.088591,-2.459999,-0.625046,-15.656251,-0.069999,-0.236375,0.038625,0.470359,-0.414832,0.092134,-3.141571,0.000042,0.000020
13.092589,-2.459999,-0.625052,-15.656252,-0.069999,-0.236375,0.038625,0.470384,-0.414750,0.092134,-3.141568,0.000047,0.000025
13.096589,-2.369999,-0.575050,-15.496252,-0.074999,-0.228375,0.037625,0.470410,-0.414667,0.092134,-3.141569,0.000046,0.000024
13.100555,-2.359998,-0.565056,-15.476252,-0.075999,-0.227375,0.037625,0.470434,-0.414587,0.092134,-3.141566,0.000050,0.000024
13.104555,-2.359998,-0.565061,-15.476253,-0.075999,-0.227375,0.037625,0.470458,-0.414503,0.092132,-3.141564,0.000054,0.000029
13.108555,-2.359998,-0.565060,-15.476253,-0.075999,-0.227375,0.037625,0.470482,-0.414423,0.092132,-3.141565,0.000053,0.000023
13.112555,-2.359998,-0.565058,-15.476253,-0.075999,-0.227375,0.037625,0.470508,-0.414340,0.092133,-3.141566,0.000052,0.000028
13.116556,-2.359998,-0.565057,-15.476252,-0.075999,-0.227375,0.037625,0.470534,-0.414258,0.092133,-3.141566,0.000051,0.000027
13.120563,-2.359998,-0.565055,-15.476252,-0.075999,-0.227375,0.037625,0.470558,-0.414178,0.092133,-3.141567,0.000050,0.000020
13.124560,-2.359998,-0.565059,-15.476253,-0.075999,-0.227375,0.037625,0.470584,-0.414095,0.092131,-3.141565,0.000052,0.000025
13.128554,-2.359999,-0.565051,-15.476252,-0.075999,-0.227375,0.037625,0.470610,-0.414016,0.092133,-3.141568,0.000046,0.000013
13.132560,-2.359998,-0.565064,-15.476253,-0.075999,-0.227375,0.037625,0.470634,-0.413932,0.092130,-3.141563,0.000056,0.000018
13.136554,-2.359998,-0.565064,-15.476253,-0.075999,-0.227375,0.037625,0.470634,-0.413932,0.092130,-3.141563,0.000056,0.000018
13.140550,-2.399998,-0.505057,-15.396252,-0.080999,-0.225375,0.037625,0.470687,-0.413768,0.092128,-3.141566,0.000051,0.000014
13.144554,-2.399999,-0.505050,-15.396251,-0.080999,-0.225375,0.037625,0.470715,-0.413687,0.092130,-3.141569,0.000045,0.000013
13.148553,-2.399999,-0.505053,-15.396251,-0.080999,-0.225375,0.037625,0.470741,-0.413604,0.092127,-3.141568,0.000048,0.000018
13.152553,-2.399999,-0.505052,-15.396251,-0.080999,-0.225375,0.037625,0.470767,-0.413522,0.092128,-3.141568,0.000047,0.000016
13.156555,-2.399999,-0.505049,-15.396251,-0.080999,-0.225375,0.037625,0.470794,-0.413440,0.092127,-3.141569,0.000045,0.000014
13.160547,-2.399999,-0.505048,-15.396251,-0.080999,-0.225375,0.037625,0.470820,-0.413358,0.092127,-3.141570,0.000044,0.000013
13.164532,-2.399999,-0.505046,-15.396251,-0.080999,-0.225375,0.037625,0.470846,-0.413275,0.092127,-3.141570,0.000043,0.000011
13.168553,-2.400000,-0.505037,-15.396251,-0.081000,-0.225375,0.037625,0.470870,-0.413195,0.092128,-3.141574,0.000035,0.000005
13.172617,-2.400000,-0.505036,-15.396251,-0.081000,-0.225375,0.037625,0.470896,-0.413113,0.092129,-3.141575,0.000034,-0.000004
13.176601,-2.400000,-0.505039,-15.396251,-0.081000,-0.225375,0.037625,0.470922,-0.413030,0.092126,-3.141573,0.000037,-0.000005
13.180612,-2.380000,-0.565037,-15.476252,-0.082000,-0.223375,0.038625,0.470946,-0.412947,0.092125,-3.141575,0.000035,-0.000014
13.184581,-2.380001,-0.565035,-15.476252,-0.082000,-0.223375,0.038625,0.470972,-0.412865,0.092125,-3.141575,0.000034,-0.000015
13.188608,-2.380000,-0.565040,-15.476252,-0.082000,-0.223375,0.038625,0.470994,-0.412784,0.092124,-3.141573,0.000037,-0.000022
13.192598,-2.380001,-0.565031,-15.476252,-0.082000,-0.223375,0.038625,0.471022,-0.412699,0.092125,-3.141577,0.000030,-0.000019
13.196599,-2.380001,-0.565035,-15.476252,-0.082000,-0.223375,0.038625,0.471044,-0.412618,0.092123,-3.141575,0.000034,-0.000025
13.200597,-2.380000,-0.565040,-15.476252,-0.082000,-0.223375,0.038625,0.471069,-0.412532,0.092121,-3.141573,0.000038,-0.000029
13.204598,-2.380000,-0.565045,-15.476252,-0.081999,-0.223375,0.038625,0.471093,-0.412449,0.092120,-3.141571,0.000041,-0.000030
13.208591,-2.379999,-0.565049,-15.476252,-0.081999,-0.223375,0.038625,0.471117,-0.412366,0.092118,-3.141569,0.000045,-0.000039
13.212591,-2.380000,-0.565043,-15.476252,-0.082000,-0.223375,0.038625,0.471141,-0.412285,0.092121,-3.141572,0.000040,-0.000045
13.216595,-2.380000,-0.565044,-15.476252,-0.082000,-0.223375,0.038625,0.471168,-0.412201,0.092123,-3.141572,0.000041,-0.000035
13.220582,-2.429999,-0.585048,-15.446252,-0.074999,-0.228375,0.037625,0.471190,-0.412119,0.092122,-3.141570,0.000044,-0.000035
13.224584,-2.430001,-0.585034,-15.446251,-0.075000,-0.228375,0.037625,0.471218,-0.412035,0.092125,-3.141576,0.000033,-0.000059
13.228588,-2.429998,-0.585063,-15.446252,-0.074999,-0.228375,0.037625,0.471232,-0.411950,0.092117,-3.141564,0.000056,-0.000058
13.232589,-2.430000,-0.585041,-15.446251,-0.075000,-0.228375,0.037625,0.471275,-0.411849,0.092128,-3.141573,0.000039,-0.000013
13.236590,-2.430001,-0.585029,-15.446251,-0.075000,-0.228375,0.037625,0.471307,-0.411764,0.092132,-3.141578,0.000029,-0.000005
13.240587,-2.430001,-0.585028,-15.446251,-0.075000,-0.228375,0.037625,0.471333,-0.411678,0.092134,-3.141578,0.000028,-0.000003
13.244567,-2.430001,-0.585026,-15.446251,-0.075000,-0.228375,0.037625,0.471359,-0.411590,0.092134,-3.141579,0.000027,-0.000009
13.248528,-2.430002,-0.585026,-15.446251,-0.075000,-0.228375,0.037625,0.471385,-0.411505,0.092135,-3.141579,0.000027,-0.000019
13.252528,-2.430002,-0.585018,-15.446250,-0.075000,-0.228375,0.037625,0.471414,-0.411415,0.092137,-3.141582,0.000020,-0.000021
13.256528,-2.510002,-0.515018,-15.446250,-0.075000,-0.235375,0.037625,0.471438,-0.411329,0.092139,-3.141582,0.000021,-0.000032
13.260529,-2.510002,-0.525024,-15.446251,-0.075000,-0.235375,0.037625,0.471466,-0.411238,0.092138,-3.141580,0.000025,-0.000033
13.264533,-2.510001,-0.525036,-15.446251,-0.075000,-0.235375,0.037625,0.471486,-0.411153,0.092135,-3.141575,0.000034,-0.000048
13.268528,-2.510000,-0.525042,-15.446251,-0.075000,-0.235375,0.037625,0.471513,-0.411062,0.092135,-3.141573,0.000039,-0.000057
13.272526,-2.510000,-0.525040,-15.446251,-0.075000,-0.235375,0.037625,0.471539,-0.410974,0.092135,-3.141573,0.000037,-0.000063
13.276528,-2.509999,-0.525051,-15.446252,-0.074999,-0.235375,0.037625,0.471561,-0.410887,0.092132,-3.141569,0.000047,-0.000067
13.280529,-2.509999,-0.525057,-15.446252,-0.074999,-0.235375,0.037625,0.471586,-0.410798,0.092131,-3.141566,0.000051,-0.000073
13.284529,-2.509999,-0.525057,-15.446252,-0.074999,-0.235375,0.037625,0.471586,-0.410798,0.092131,-3.141566,0.000051,-0.000073
13.288532,-2.509997,-0.525073,-15.446252,-0.074999,-0.235375,0.037625,0.471635,-0.410623,0.092127,-3.141560,0.000064,-0.000076
13.292530,-2.509997,-0.525073,-15.446252,-0.074999,-0.235375,0.037625,0.471635,-0.410623,0.092127,-3.141560,0.000064,-0.000076
13.296599,-2.509997,-0.525073,-15.446252,-0.074999,-0.235375,0.037625,0.471688,-0.410450,0.092129,-3.141560,0.000063,-0.000052
13.300594,-2.509997,-0.525072,-15.126253,-0.067999,-0.233375,0.035625,0.471715,-0.410363,0.092131,-3.141560,0.000063,-0.000038
13.304589,-2.509997,-0.525078,-15.126253,-0.067999,-0.233375,0.035625,0.471741,-0.410274,0.092130,-3.141558,0.000067,-0.000031
13.308562,-2.509997,-0.525072,-15.126253,-0.067999,-0.233375,0.035625,0.471768,-0.410187,0.092134,-3.141560,0.000063,-0.000051
13.312591,-2.509997,-0.525072,-15.126253,-0.067999,-0.233375,0.035625,0.471768,-0.410187,0.092134,-3.141560,0.000063,-0.000051
13.316592,-2.509997,-0.525071,-15.126253,-0.067999,-0.233375,0.035625,0.471828,-0.409993,0.092136,-3.141561,0.000062,-0.000004
13.320597,-2.509998,-0.525065,-15.126252,-0.067999,-0.233375,0.035625,0.471857,-0.409906,0.092139,-3.141563,0.000057,-0.000011
13.324582,-2.509999,-0.525059,-15.126252,-0.067999,-0.233375,0.035625,0.471885,-0.409819,0.092143,-3.141566,0.000053,-0.000010
13.328583,-2.509998,-0.525064,-15.126252,-0.067999,-0.233375,0.035625,0.471912,-0.409731,0.092142,-3.141564,0.000056,-0.000016
13.332592,-2.509998,-0.525064,-15.126252,-0.067999,-0.233375,0.035625,0.471912,-0.409731,0.092142,-3.141564,0.000056,-0.000016
13.336594,-2.509999,-0.525050,-15.126252,-0.067999,-0.233375,0.035625,0.471939,-0.409647,0.092145,-3.141569,0.000045,-0.000027
13.340590,-2.449998,-0.425060,-15.096253,-0.077999,-0.226375,0.035625,0.471966,-0.409557,0.092142,-3.141565,0.000054,-0.000035
13.344591,-2.449999,-0.425052,-15.096252,-0.077999,-0.226375,0.035625,0.471992,-0.409471,0.092144,-3.141568,0.000047,-0.000046
13.348589,-2.450000,-0.425049,-15.096252,-0.077999,-0.226375,0.035625,0.472021,-0.409382,0.092143,-3.141570,0.000045,-0.000088
13.352596,-2.449999,-0.425054,-15.096252,-0.077999,-0.226375,0.035625,0.472046,-0.409296,0.092141,-3.141568,0.000049,-0.000058
13.356594,-2.449999,-0.425060,-15.096253,-0.077999,-0.226375,0.035625,0.472095,-0.409122,0.092136,-3.141565,0.000054,-0.000075
13.360560,-2.449999,-0.425060,-15.096253,-0.077999,-0.226375,0.035625,0.472095,-0.409122,0.092136,-3.141565,0.000054,-0.000075
13.364556,-2.449999,-0.425057,-15.096252,-0.077999,-0.226375,0.035625,0.472125,-0.409032,0.092135,-3.141566,0.000051,-0.000070
13.368556,-2.449998,-0.425065,-15.096253,-0.077999,-0.226375,0.035625,0.472175,-0.408858,0.092130,-3.141563,0.000058,-0.000073
13.372552,-2.449998,-0.425065,-15.096253,-0.077999,-0.226375,0.035625,0.472175,-0.408858,0.092130,-3.141563,0.000058,-0.000073
13.376553,-2.449999,-0.425056,-15.096252,-0.077999,-0.226375,0.035625,0.472202,-0.408774,0.092131,-3.141567,0.000050,-0.000063
13.380553,-2.349999,-0.475059,-14.816252,-0.075999,-0.215375,0.034625,0.472228,-0.408686,0.092128,-3.141566,0.000053,-0.000049
13.384553,-2.350000,-0.475050,-14.816251,-0.075999,-0.215375,0.034625,0.472257,-0.408600,0.092129,-3.141569,0.000046,-0.000028
13.388553,-2.350000,-0.475041,-14.816251,-0.076000,-0.215375,0.034625,0.472286,-0.408513,0.092130,-3.141573,0.000039,-0.000014
13.392553,-2.350001,-0.475040,-14.816251,-0.076000,-0.215375,0.034625,0.472315,-0.408426,0.092130,-3.141574,0.000037,0.000007
13.396551,-2.350002,-0.475024,-14.816251,-0.076000,-0.215375,0.034625,0.472346,-0.408341,0.092133,-3.141580,0.000025,0.000014
13.400553,-2.350003,-0.475015,-14.816250,-0.076000,-0.215375,0.034625,0.472375,-0.408255,0.092134,-3.141583,0.000018,0.000028
13.404553,-2.350003,-0.475014,-14.816250,-0.076000,-0.215375,0.034625,0.472403,-0.408168,0.092134,-3.141584,0.000017,0.000035
13.408553,-2.350004,-0.475006,-14.816250,-0.076000,-0.215375,0.034625,0.472434,-0.408082,0.092136,-3.141587,0.000011,0.000036
13.412553,-2.350004,-0.475005,-14.816250,-0.076000,-0.215375,0.034625,0.472462,-0.407996,0.092136,-3.141588,0.000010,0.000030
13.416552,-2.350004,-0.475003,-14.816250,-0.076000,-0.215375,0.034625,0.472491,-0.407909,0.092137,-3.141588,0.000009,0.000024
13.420553,-2.350004,-0.475002,-14.816250,-0.076000,-0.215375,0.034625,0.472519,-0.407822,0.092137,-3.141589,0.000008,0.000018
13.424553,-2.370004,-0.435000,-14.906250,-0.080000,-0.217375,0.034625,0.472548,-0.407736,0.092137,-3.141589,0.000007,0.000005
13.428570,-2.370004,-0.434997,-14.906250,-0.080000,-0.217375,0.034625,0.472575,-0.407648,0.092136,-3.141590,0.000004,-0.000008
13.432571,-2.370003,-0.435012,-14.906250,-0.080000,-0.217375,0.034625,0.472591,-0.407559,0.092129,-3.141585,0.000016,-0.000066
13.436571,-2.370003,-0.435009,-14.906250,-0.080000,-0.217375,0.034625,0.472631,-0.407456,0.092135,-3.141586,0.000014,-0.000040
13.440572,-2.370003,-0.435009,-14.906250,-0.080000,-0.217375,0.034625,0.472631,-0.407456,0.092135,-3.141586,0.000014,-0.000040
13.444589,-2.370001,-0.435031,-14.906251,-0.080000,-0.217375,0.034625,0.472677,-0.407287,0.092129,-3.141577,0.000031,-0.000066
13.448593,-2.370001,-0.435036,-14.906251,-0.080000,-0.217375,0.034625,0.472700,-0.407203,0.092127,-3.141575,0.000035,-0.000068
13.452590,-2.370000,-0.435047,-14.906252,-0.079999,-0.217375,0.034625,0.472724,-0.407121,0.092124,-3.141571,0.000044,-0.000056
13.456590,-2.370000,-0.435053,-14.906252,-0.079999,-0.217375,0.034625,0.472748,-0.407038,0.092124,-3.141568,0.000048,-0.000044
13.460562,-2.319999,-0.485052,-15.076252,-0.074999,-0.221375,0.032625,0.472775,-0.406953,0.092124,-3.141569,0.000047,-0.000028
13.464576,-2.319999,-0.485052,-15.076252,-0.074999,-0.221375,0.032625,0.472799,-0.406874,0.092125,-3.141569,0.000047,-0.000021
13.468588,-2.319999,-0.485052,-15.076252,-0.074999,-0.221375,0.032625,0.472827,-0.406790,0.092127,-3.141569,0.000047,-0.000004
13.472553,-2.320000,-0.485047,-15.076252,-0.074999,-0.221375,0.032625,0.472851,-0.406710,0.092131,-3.141571,0.000043,0.000010
13.476587,-2.320000,-0.485047,-15.076252,-0.074999,-0.221375,0.032625,0.472879,-0.406627,0.092132,-3.141571,0.000043,0.000026
13.480587,-2.320000,-0.485047,-15.076252,-0.074999,-0.221375,0.032625,0.472907,-0.406543,0.092134,-3.141571,0.000043,0.000036
13.484586,-2.320000,-0.485047,-15.076252,-0.074999,-0.221375,0.032625,0.472932,-0.406461,0.092135,-3.141571,0.000043,0.000041
13.488553,-2.320000,-0.485041,-15.076251,-0.075000,-0.221375,0.032625,0.472960,-0.406380,0.092138,-3.141573,0.000039,0.000039
13.492553,-2.320000,-0.485041,-15.076251,-0.075000,-0.221375,0.032625,0.472988,-0.406296,0.092140,-3.141573,0.000039,0.000035
13.496553,-2.320000,-0.485041,-15.076251,-0.075000,-0.221375,0.032625,0.473014,-0.406215,0.092141,-3.141573,0.000039,0.000027
13.500553,-2.440001,-0.345035,-15.166251,-0.080000,-0.228375,0.033625,0.473042,-0.406134,0.092144,-3.141575,0.000034,0.000011
13.504553,-2.440001,-0.345034,-15.166251,-0.080000,-0.228375,0.033625,0.473068,-0.406049,0.092145,-3.141576,0.000033,0.000001
13.508553,-2.439992,-0.345034,-15.166251,-0.080000,-0.228375,0.033625,0.473094,-0.405967,0.092146,-3.141570,0.000030,-0.000014
13.512553,-2.439992,-0.345040,-15.166251,-0.080000,-0.228375,0.033625,0.473118,-0.405884,0.092146,-3.141568,0.000035,-0.000029
13.516551,-2.439993,-0.345032,-15.166251,-0.080000,-0.228375,0.033625,0.473144,-0.405803,0.092148,-3.141571,0.000029,-0.000045
13.520553,-2.439993,-0.345031,-15.166251,-0.080000,-0.228375,0.033625,0.473171,-0.405719,0.092148,-3.141571,0.000028,-0.000055
13.524553,-2.439993,-0.345029,-15.166251,-0.080000,-0.228375,0.033625,0.473193,-0.405638,0.092148,-3.141572,0.000026,-0.000075
13.528553,-2.439992,-0.345034,-15.166251,-0.080000,-0.228375,0.033625,0.473216,-0.405555,0.092147,-3.141570,0.000030,-0.000083
13.532553,-2.439993,-0.345033,-15.166251,-0.080000,-0.228375,0.033625,0.473242,-0.405470,0.092147,-3.141571,0.000029,-0.000087
13.536551,-2.439993,-0.345023,-15.166251,-0.080000,-0.228375,0.033625,0.473267,-0.405388,0.092148,-3.141574,0.000022,-0.000082
13.540553,-2.329993,-0.445022,-14.986250,-0.076000,-0.222375,0.032625,0.473291,-0.405306,0.092148,-3.141575,0.000021,-0.000070
13.544554,-2.329992,-0.445039,-14.986251,-0.076000,-0.222375,0.032625,0.473303,-0.405220,0.092137,-3.141568,0.000034,-0.000097
13.548553,-2.329993,-0.445022,-14.986250,-0.076000,-0.222375,0.032625,0.473343,-0.405124,0.092144,-3.141575,0.000020,-0.000053
13.552551,-2.329993,-0.445020,-14.986250,-0.076000,-0.222375,0.032625,0.473367,-0.405042,0.092144,-3.141575,0.000019,-0.000042
13.556571,-2.329994,-0.445018,-14.986250,-0.076000,-0.222375,0.032625,0.473395,-0.404958,0.092144,-3.141576,0.000017,-0.000025
13.560571,-2.329994,-0.445008,-14.986250,-0.076000,-0.222375,0.032625,0.473420,-0.404879,0.092144,-3.141580,0.000009,-0.000018
13.564577,-2.329994,-0.445011,-14.986250,-0.076000,-0.222375,0.032625,0.473444,-0.404797,0.092141,-3.141579,0.000012,-0.000013
13.568589,-2.329994,-0.445009,-14.986250,-0.076000,-0.222375,0.032625,0.473470,-0.404715,0.092140,-3.141580,0.000010,-0.000008
13.572590,-2.329995,-0.445001,-14.986250,-0.076000,-0.222375,0.032625,0.473496,-0.404634,0.092142,-3.141583,0.000004,-0.000003
13.576559,-2.329995,-0.444999,-14.986250,-0.076000,-0.222375,0.032625,0.473520,-0.404554,0.092142,-3.141584,0.000002,-0.000002
13.580568,-2.309995,-0.354996,-14.596250,-0.080000,-0.215375,0.031625,0.473546,-0.404473,0.092141,-3.141585,0.000000,-0.000004
13.584584,-2.309996,-0.354989,-14.596250,-0.080000,-0.215375,0.031625,0.473572,-0.404391,0.092143,-3.141588,-0.000006,-0.000012
13.588589,-2.309996,-0.354985,-14.596250,-0.080000,-0.215375,0.031625,0.473596,-0.404309,0.092141,-3.141589,-0.000009,-0.000014
13.592589,-2.309997,-0.354976,-14.596249,-0.080000,-0.215375,0.031625,0.473624,-0.404228,0.092143,3.141592,-0.000015,-0.000022
13.596587,-2.309997,-0.354980,-14.596249,-0.080000,-0.215375,0.031625,0.473646,-0.404148,0.092140,-3.141591,-0.000013,-0.000042
13.600589,-2.309996,-0.354983,-14.596250,-0.080000,-0.215375,0.031625,0.473670,-0.404065,0.092138,-3.141590,-0.000010,-0.000057
13.604590,-2.309996,-0.354995,-14.596250,-0.080000,-0.215375,0.031625,0.473693,-0.403983,0.092134,-3.141586,-0.000001,-0.000065
13.608590,-2.309996,-0.354992,-14.596250,-0.080000,-0.215375,0.031625,0.473719,-0.403901,0.092134,-3.141587,-0.000003,-0.000081
13.612588,-2.309995,-0.354996,-14.596250,-0.080000,-0.215375,0.031625,0.473743,-0.403818,0.092131,-3.141585,0.000000,-0.000089
13.616590,-2.309995,-0.355001,-14.596250,-0.080000,-0.215375,0.031625,0.473766,-0.403739,0.092130,-3.141583,0.000004,-0.000102
13.620563,-2.269995,-0.405005,-14.776250,-0.084000,-0.211375,0.031625,0.473790,-0.403656,0.092128,-3.141582,0.000007,-0.000097
13.624563,-2.269995,-0.405003,-14.776250,-0.084000,-0.211375,0.031625,0.473814,-0.403574,0.092128,-3.141582,0.000006,-0.000085
13.628553,-2.269994,-0.405021,-14.776250,-0.084000,-0.211375,0.031625,0.473835,-0.403490,0.092123,-3.141575,0.000020,-0.000073
13.632553,-2.269993,-0.405024,-14.776250,-0.084000,-0.211375,0.031625,0.473860,-0.403405,0.092120,-3.141574,0.000023,-0.000057
13.636553,-2.269993,-0.405023,-14.776250,-0.084000,-0.211375,0.031625,0.473886,-0.403321,0.092121,-3.141574,0.000021,-0.000047
13.640553,-2.269994,-0.405021,-14.776250,-0.084000,-0.211375,0.031625,0.473914,-0.403234,0.092121,-3.141575,0.000020,-0.000027
13.644553,-2.269993,-0.405026,-14.776250,-0.084000,-0.211375,0.031625,0.473936,-0.403151,0.092119,-3.141573,0.000024,-0.000022
13.648553,-2.269993,-0.405026,-14.776250,-0.084000,-0.211375,0.031625,0.473936,-0.403151,0.092119,-3.141573,0.000024,-0.000022
13.652557,-2.269993,-0.405032,-14.776251,-0.084000,-0.211375,0.031625,0.473987,-0.402978,0.092120,-3.141571,0.000028,-0.000011
13.656556,-2.249993,-0.425024,-14.806251,-0.084000,-0.210375,0.031625,0.474016,-0.402893,0.092122,-3.141574,0.000022,-0.000004
13.660554,-2.319992,-0.435036,-15.016252,-0.082000,-0.216375,0.032625,0.474039,-0.402807,0.092120,-3.141569,0.000032,-0.000008
13.664553,-2.319993,-0.435030,-15.016251,-0.082000,-0.216375,0.032625,0.474067,-0.402720,0.092123,-3.141572,0.000027,-0.000001
13.668552,-2.319992,-0.435036,-15.016252,-0.082000,-0.216375,0.032625,0.474094,-0.402633,0.092122,-3.141569,0.000032,0.000000
13.672554,-2.319993,-0.435030,-15.016251,-0.082000,-0.216375,0.032625,0.474120,-0.402549,0.092125,-3.141572,0.000027,-0.000051
13.676554,-2.319992,-0.435042,-15.016252,-0.082000,-0.216375,0.032625,0.474145,-0.402461,0.092123,-3.141567,0.000036,-0.000057
13.680552,-2.319992,-0.435043,-15.016252,-0.082000,-0.216375,0.032625,0.474177,-0.402356,0.092126,-3.141567,0.000037,-0.000032
13.684551,-2.319992,-0.435042,-15.016252,-0.082000,-0.216375,0.032625,0.474203,-0.402268,0.092127,-3.141567,0.000037,-0.000045
13.688572,-2.319992,-0.435043,-15.016252,-0.081999,-0.216375,0.032625,0.474230,-0.402181,0.092129,-3.141566,0.000038,-0.000051
13.692570,-2.319992,-0.435043,-15.016252,-0.081999,-0.216375,0.032625,0.474254,-0.402096,0.092130,-3.141567,0.000037,-0.000061
13.696552,-2.319992,-0.435044,-15.016252,-0.081999,-0.216375,0.032625,0.474281,-0.402009,0.092133,-3.141566,0.000038,-0.000061
13.700569,-2.489991,-0.425051,-15.216252,-0.082999,-0.227375,0.033625,0.474304,-0.401923,0.092133,-3.141563,0.000044,-0.000065
13.704593,-2.489991,-0.425056,-15.216252,-0.082999,-0.227375,0.033625,0.474327,-0.401838,0.092132,-3.141562,0.000048,-0.000062
13.708572,-2.489990,-0.425068,-15.216252,-0.082999,-0.227375,0.033625,0.474352,-0.401750,0.092129,-3.141557,0.000057,-0.000054
13.712594,-2.489991,-0.425062,-15.216252,-0.082999,-0.227375,0.033625,0.474378,-0.401666,0.092132,-3.141559,0.000052,-0.000045
13.716590,-2.489991,-0.425055,-15.216252,-0.082999,-0.227375,0.033625,0.474406,-0.401579,0.092135,-3.141562,0.000047,-0.000031
13.720568,-2.489991,-0.425061,-15.216252,-0.082999,-0.227375,0.033625,0.474430,-0.401494,0.092135,-3.141559,0.000052,-0.000021
13.724573,-2.489990,-0.425066,-15.216252,-0.082999,-0.227375,0.033625,0.474456,-0.401407,0.092133,-3.141558,0.000055,-0.000014
13.728571,-2.489991,-0.425059,-15.216252,-0.082999,-0.227375,0.033625,0.474483,-0.401320,0.092136,-3.141560,0.000050,-0.000006
13.732596,-2.489991,-0.425053,-15.216252,-0.082999,-0.227375,0.033625,0.474509,-0.401236,0.092139,-3.141563,0.000045,0.000003
13.736589,-2.439992,-0.475051,-15.196251,-0.077999,-0.228375,0.033625,0.474536,-0.401149,0.092139,-3.141563,0.000044,0.000010
13.740590,-2.449992,-0.475045,-15.136252,-0.074999,-0.229375,0.033625,0.474564,-0.401063,0.092142,-3.141566,0.000039,0.000011
13.744589,-2.449992,-0.475043,-15.136252,-0.074999,-0.229375,0.033625,0.474591,-0.400976,0.092143,-3.141567,0.000038,0.000012
13.748590,-2.449992,-0.475043,-15.136252,-0.074999,-0.229375,0.033625,0.474591,-0.400976,0.092143,-3.141567,0.000038,0.000012
13.752589,-2.449993,-0.475027,-15.136251,-0.075000,-0.229375,0.033625,0.474647,-0.400804,0.092146,-3.141573,0.000024,0.000006
13.756589,-2.449993,-0.475025,-15.136251,-0.075000,-0.229375,0.033625,0.474669,-0.400711,0.092146,-3.141574,0.000023,-0.000036
13.760591,-2.449994,-0.475024,-15.136251,-0.075000,-0.229375,0.033625,0.474702,-0.400630,0.092146,-3.141574,0.000022,-0.000006
13.764556,-2.449994,-0.475015,-15.136251,-0.075000,-0.229375,0.033625,0.474731,-0.400542,0.092147,-3.141578,0.000015,-0.000014
13.768569,-2.449994,-0.475012,-15.136251,-0.075000,-0.229375,0.033625,0.474758,-0.400458,0.092146,-3.141579,0.000013,-0.000025
13.772567,-2.449995,-0.475008,-15.136250,-0.075000,-0.229375,0.033625,0.474787,-0.400370,0.092144,-3.141580,0.000010,-0.000027
13.776589,-2.419996,-0.504993,-14.916250,-0.075000,-0.222375,0.032625,0.474817,-0.400284,0.092147,-3.141586,-0.000002,-0.000033
13.780587,-2.419996,-0.504990,-14.916250,-0.075000,-0.222375,0.032625,0.474845,-0.400198,0.092147,-3.141587,-0.000004,-0.000032
13.784558,-2.419996,-0.504994,-14.916250,-0.075000,-0.222375,0.032625,0.474872,-0.400112,0.092144,-3.141586,-0.000001,-0.000032
13.788569,-2.419996,-0.504994,-14.916250,-0.075000,-0.222375,0.032625,0.474872,-0.400112,0.092144,-3.141586,-0.000001,-0.000032
13.792570,-2.419997,-0.504977,-14.916249,-0.075000,-0.222375,0.032625,0.474929,-0.399939,0.092147,-3.141592,-0.000014,-0.000030
13.796564,-2.419997,-0.504975,-14.916249,-0.075000,-0.222375,0.032625,0.474957,-0.399854,0.092146,3.141592,-0.000016,-0.000023
13.800589,-2.419997,-0.504974,-14.916249,-0.075000,-0.222375,0.032625,0.474984,-0.399767,0.092147,3.141592,-0.000018,-0.000016
13.804590,-2.419997,-0.504977,-14.916249,-0.075000,-0.222375,0.032625,0.475013,-0.399678,0.092144,-3.141592,-0.000015,-0.000017
13.808589,-2.419997,-0.504981,-14.916249,-0.075000,-0.222375,0.032625,0.475039,-0.399591,0.092142,-3.141591,-0.000012,-0.000017
13.812596,-2.419997,-0.504981,-14.916249,-0.075000,-0.222375,0.032625,0.475039,-0.399591,0.092142,-3.141591,-0.000012,-0.000017
13.816592,-2.419997,-0.504978,-14.916249,-0.075000,-0.222375,0.032625,0.475068,-0.399505,0.092141,-3.141592,-0.000014,-0.000023
13.820589,-2.229997,-0.614972,-14.636249,-0.073000,-0.209375,0.031625,0.475123,-0.399333,0.092139,3.141591,-0.000019,-0.000022
13.824589,-2.229997,-0.614970,-14.636249,-0.073000,-0.209375,0.031625,0.475150,-0.399246,0.092139,3.141590,-0.000020,-0.000028
13.828597,-2.229997,-0.614970,-14.636249,-0.073000,-0.209375,0.031625,0.475150,-0.399246,0.092139,3.141590,-0.000020,-0.000028
13.832598,-2.229996,-0.614991,-14.636250,-0.073000,-0.209375,0.031625,0.475201,-0.399072,0.092131,-3.141587,-0.000003,-0.000067
13.836589,-2.229996,-0.614995,-14.636250,-0.073000,-0.209375,0.031625,0.475236,-0.398962,0.092129,-3.141585,-0.000000,-0.000032
13.840590,-2.229995,-0.615000,-14.636250,-0.073000,-0.209375,0.031625,0.475260,-0.398874,0.092128,-3.141584,0.000003,-0.000039
13.844590,-2.229995,-0.615003,-14.636250,-0.073000,-0.209375,0.031625,0.475287,-0.398787,0.092125,-3.141582,0.000006,-0.000045
13.848590,-2.229995,-0.615003,-14.636250,-0.073000,-0.209375,0.031625,0.475287,-0.398787,0.092125,-3.141582,0.000006,-0.000045
13.852593,-2.229995,-0.615010,-14.636250,-0.073000,-0.209375,0.031625,0.475315,-0.398698,0.092125,-3.141580,0.000011,-0.000046
13.856591,-2.229995,-0.615007,-14.636250,-0.073000,-0.209375,0.031625,0.475368,-0.398525,0.092125,-3.141581,0.000009,-0.000052
13.860592,-2.229995,-0.615007,-14.636250,-0.073000,-0.209375,0.031625,0.475368,-0.398525,0.092125,-3.141581,0.000009,-0.000052
13.864591,-2.299994,-0.545017,-14.656250,-0.079000,-0.209375,0.033625,0.475422,-0.398349,0.092122,-3.141577,0.000016,-0.000053
13.868589,-2.299994,-0.545017,-14.656250,-0.079000,-0.209375,0.033625,0.475422,-0.398349,0.092122,-3.141577,0.000016,-0.000053
13.872589,-2.299994,-0.545023,-14.656250,-0.079000,-0.209375,0.033625,0.475448,-0.398262,0.092122,-3.141575,0.000021,-0.000052
13.876589,-2.299994,-0.545023,-14.656250,-0.079000,-0.209375,0.033625,0.475478,-0.398174,0.092123,-3.141575,0.000021,-0.000047
13.880590,-2.299994,-0.545021,-14.656250,-0.079000,-0.209375,0.033625,0.475505,-0.398087,0.092124,-3.141575,0.000020,-0.000053
13.884590,-2.299993,-0.545034,-14.656251,-0.079000,-0.209375,0.033625,0.475557,-0.397913,0.092123,-3.141571,0.000030,-0.000065
13.888557,-2.299993,-0.545034,-14.656251,-0.079000,-0.209375,0.033625,0.475557,-0.397913,0.092123,-3.141571,0.000030,-0.000065
13.892595,-2.299993,-0.545034,-14.656251,-0.079000,-0.209375,0.033625,0.475587,-0.397825,0.092124,-3.141570,0.000030,-0.000067
13.896594,-2.299992,-0.545047,-14.656251,-0.078999,-0.209375,0.033625,0.475637,-0.397650,0.092124,-3.141565,0.000041,-0.000079
13.900593,-2.329992,-0.515046,-15.046252,-0.080999,-0.217375,0.033625,0.475663,-0.397564,0.092125,-3.141566,0.000040,-0.000085
13.904588,-2.329992,-0.515053,-15.046252,-0.080999,-0.217375,0.033625,0.475687,-0.397476,0.092125,-3.141563,0.000045,-0.000085
13.908590,-2.329992,-0.515053,-15.046252,-0.080999,-0.217375,0.033625,0.475687,-0.397476,0.092125,-3.141563,0.000045,-0.000085
13.912590,-2.329992,-0.515052,-15.046252,-0.080999,-0.217375,0.033625,0.475742,-0.397300,0.092128,-3.141563,0.000045,-0.000092
13.916599,-2.329991,-0.515063,-15.046252,-0.080999,-0.217375,0.033625,0.475764,-0.397212,0.092124,-3.141559,0.000053,-0.000092
13.920590,-2.329991,-0.515070,-15.046253,-0.080999,-0.217375,0.033625,0.475790,-0.397122,0.092125,-3.141556,0.000059,-0.000093
13.924595,-2.329991,-0.515070,-15.046253,-0.080999,-0.217375,0.033625,0.475790,-0.397122,0.092125,-3.141556,0.000059,-0.000093
13.928597,-2.329991,-0.515063,-15.046252,-0.080999,-0.217375,0.033625,0.475819,-0.397036,0.092127,-3.141559,0.000053,-0.000093
13.932589,-2.329991,-0.515067,-15.046252,-0.080999,-0.217375,0.033625,0.475843,-0.396949,0.092125,-3.141558,0.000057,-0.000086
13.936589,-2.329991,-0.515072,-15.046253,-0.080999,-0.217375,0.033625,0.475867,-0.396861,0.092124,-3.141556,0.000061,-0.000078
13.940589,-2.469991,-0.475065,-15.166252,-0.078999,-0.226375,0.034625,0.475892,-0.396777,0.092127,-3.141558,0.000055,-0.000069
13.944591,-2.469991,-0.475063,-15.166252,-0.078999,-0.226375,0.034625,0.475917,-0.396695,0.092126,-3.141559,0.000053,-0.000070
13.948589,-2.469991,-0.475063,-15.166252,-0.078999,-0.226375,0.034625,0.475943,-0.396611,0.092127,-3.141559,0.000053,-0.000061
13.952594,-2.469992,-0.475055,-15.166252,-0.078999,-0.226375,0.034625,0.475974,-0.396509,0.092130,-3.141562,0.000047,-0.000053
13.956589,-2.469992,-0.475055,-15.166252,-0.078999,-0.226375,0.034625,0.475974,-0.396509,0.092130,-3.141562,0.000047,-0.000053
13.960589,-2.469993,-0.475036,-15.166251,-0.079000,-0.226375,0.034625,0.476026,-0.396348,0.092137,-3.141570,0.000032,-0.000057
13.964588,-2.469994,-0.475023,-15.166251,-0.079000,-0.226375,0.034625,0.476047,-0.396285,0.092141,-3.141575,0.000022,-0.000063
13.968588,-2.469994,-0.475022,-15.166251,-0.079000,-0.226375,0.034625,0.476074,-0.396202,0.092142,-3.141575,0.000021,-0.000100
13.972595,-2.469995,-0.475008,-15.166250,-0.079000,-0.226375,0.034625,0.476101,-0.396122,0.092146,-3.141580,0.000010,-0.000109
13.976603,-2.469996,-0.474993,-15.166250,-0.079000,-0.226375,0.034625,0.476134,-0.396018,0.092149,-3.141586,-0.000002,-0.000077
13.980595,-2.449996,-0.414991,-14.946249,-0.078000,-0.224375,0.033625,0.476158,-0.395936,0.092148,-3.141587,-0.000004,-0.000085
13.984589,-2.449997,-0.414982,-14.946249,-0.078000,-0.224375,0.033625,0.476187,-0.395853,0.092149,-3.141590,-0.000011,-0.000089
13.988589,-2.449997,-0.414975,-14.946249,-0.078000,-0.224375,0.033625,0.476211,-0.395772,0.092151,3.141592,-0.000017,-0.000091
13.992555,-2.449997,-0.414972,-14.946249,-0.078000,-0.224375,0.033625,0.476237,-0.395688,0.092151,3.141591,-0.000019,-0.000081
13.996555,-2.449997,-0.414975,-14.946249,-0.078000,-0.224375,0.033625,0.476261,-0.395607,0.092147,3.141592,-0.000017,-0.000083
14.000584,-2.449997,-0.414981,-14.946249,-0.078000,-0.224375,0.033625,0.476285,-0.395522,0.092147,-3.141591,-0.000012,-0.000073
14.004595,-2.449997,-0.414971,-14.946249,-0.078000,-0.224375,0.033625,0.476310,-0.395440,0.092147,3.141591,-0.000020,-0.000068
14.008589,-2.449997,-0.414976,-14.946249,-0.078000,-0.224375,0.033625,0.476335,-0.395357,0.092146,3.141593,-0.000016,-0.000052
14.012588,-2.449997,-0.414980,-14.946249,-0.078000,-0.224375,0.033625,0.476359,-0.395272,0.092143,-3.141591,-0.000013,-0.000042
14.016589,-2.449997,-0.414977,-14.946249,-0.078000,-0.224375,0.033625,0.476383,-0.395190,0.092143,-3.141592,-0.000015,-0.000030
14.020591,-2.339996,-0.494988,-14.416249,-0.070000,-0.215375,0.033625,0.476407,-0.395105,0.092140,-3.141588,-0.000006,-0.000021
14.024589,-2.339996,-0.494991,-14.416250,-0.070000,-0.215375,0.033625,0.476430,-0.395024,0.092136,-3.141587,-0.000004,-0.000016
14.028589,-2.339996,-0.494996,-14.416250,-0.070000,-0.215375,0.033625,0.476456,-0.394940,0.092135,-3.141585,0.000000,-0.000006
14.032590,-2.339996,-0.494988,-14.416249,-0.070000,-0.215375,0.033625,0.476484,-0.394857,0.092136,-3.141588,-0.000006,0.000003
14.036590,-2.339996,-0.494992,-14.416250,-0.070000,-0.215375,0.033625,0.476509,-0.394776,0.092134,-3.141587,-0.000003,0.000002
14.040587,-2.339996,-0.494991,-14.416250,-0.070000,-0.215375,0.033625,0.476534,-0.394695,0.092134,-3.141587,-0.000004,-0.000007
14.044589,-2.339996,-0.494995,-14.416250,-0.070000,-0.215375,0.033625,0.476559,-0.394614,0.092132,-3.141585,-0.000001,-0.000008
14.048589,-2.339996,-0.494993,-14.416250,-0.070000,-0.215375,0.033625,0.476587,-0.394534,0.092132,-3.141586,-0.000002,-0.000017
14.052593,-2.339995,-0.494997,-14.416250,-0.070000,-0.215375,0.033625,0.476613,-0.394451,0.092130,-3.141585,0.000001,-0.000014
14.056590,-2.339996,-0.494990,-14.416250,-0.070000,-0.215375,0.033625,0.476641,-0.394371,0.092132,-3.141587,-0.000005,-0.000022
14.060590,-2.209996,-0.484987,-14.076249,-0.073000,-0.203375,0.032625,0.476665,-0.394292,0.092130,-3.141589,-0.000007,-0.000035
14.064590,-2.209996,-0.484998,-14.076250,-0.073000,-0.203375,0.032625,0.476691,-0.394209,0.092128,-3.141584,0.000002,-0.000039
14.068589,-2.209996,-0.484997,-14.076250,-0.073000,-0.203375,0.032625,0.476716,-0.394128,0.092128,-3.141585,0.000001,-0.000048
14.072589,-2.209995,-0.485001,-14.076250,-0.073000,-0.203375,0.032625,0.476740,-0.394049,0.092126,-3.141583,0.000005,-0.000054
14.076588,-2.209995,-0.485013,-14.076250,-0.073000,-0.203375,0.032625,0.476764,-0.393968,0.092123,-3.141578,0.000014,-0.000062
14.080589,-2.209994,-0.485018,-14.076250,-0.073000,-0.203375,0.032625,0.476787,-0.393886,0.092122,-3.141577,0.000018,-0.000064
14.084589,-2.209994,-0.485023,-14.076251,-0.073000,-0.203375,0.032625,0.476812,-0.393805,0.092120,-3.141575,0.000021,-0.000059
14.088589,-2.209993,-0.485035,-14.076251,-0.073000,-0.203375,0.032625,0.476837,-0.393721,0.092118,-3.141570,0.000032,-0.000049
14.092589,-2.209993,-0.485046,-14.076251,-0.072999,-0.203375,0.032625,0.476860,-0.393639,0.092114,-3.141566,0.000040,-0.000037
14.096559,-2.209992,-0.485063,-14.076252,-0.072999,-0.203375,0.032625,0.476889,-0.393536,0.092109,-3.141559,0.000054,-0.000016
14.100548,-2.169992,-0.475063,-14.186253,-0.074999,-0.202375,0.032625,0.476908,-0.393476,0.092110,-3.141560,0.000053,-0.000007
14.104589,-2.169992,-0.475063,-14.186253,-0.074999,-0.202375,0.032625,0.476908,-0.393476,0.092110,-3.141560,0.000053,-0.000007
14.108590,-2.169990,-0.475086,-14.186253,-0.074999,-0.202375,0.032625,0.476953,-0.393312,0.092104,-3.141551,0.000072,0.000017
14.112588,-2.169991,-0.475083,-14.186253,-0.074999,-0.202375,0.032625,0.476977,-0.393230,0.092103,-3.141552,0.000070,0.000022
14.116590,-2.169990,-0.475101,-14.186254,-0.074999,-0.202375,0.032625,0.477001,-0.393146,0.092098,-3.141545,0.000084,0.000038
14.120589,-2.169990,-0.475100,-14.186254,-0.074999,-0.202375,0.032625,0.477026,-0.393065,0.092099,-3.141546,0.000083,0.000003
14.124589,-2.169989,-0.475110,-14.186254,-0.074999,-0.202375,0.032625,0.477049,-0.392983,0.092095,-3.141542,0.000091,0.000008
14.128590,-2.169988,-0.475125,-14.186255,-0.074999,-0.202375,0.032625,0.477067,-0.392896,0.092088,-3.141536,0.000103,0.000010
14.132589,-2.169990,-0.475102,-14.186254,-0.074999,-0.202375,0.032625,0.477097,-0.392814,0.092098,-3.141545,0.000085,0.000007
14.136589,-2.309990,-0.415101,-14.296254,-0.079999,-0.209375,0.034625,0.477136,-0.392716,0.092099,-3.141545,0.000084,0.000027
14.140590,-2.309990,-0.415094,-14.296253,-0.079999,-0.209375,0.034625,0.477164,-0.392636,0.092101,-3.141548,0.000079,0.000012
14.144590,-2.309990,-0.415093,-14.296253,-0.079999,-0.209375,0.034625,0.477190,-0.392553,0.092102,-3.141548,0.000078,-0.000005
14.148589,-2.309991,-0.415085,-14.296253,-0.079999,-0.209375,0.034625,0.477218,-0.392470,0.092103,-3.141551,0.000071,-0.000016
14.152589,-2.309991,-0.415084,-14.296253,-0.079999,-0.209375,0.034625,0.477245,-0.392387,0.092103,-3.141552,0.000070,-0.000033
14.156589,-2.309991,-0.415077,-14.296253,-0.079999,-0.209375,0.034625,0.477273,-0.392305,0.092106,-3.141554,0.000065,-0.000044
14.160589,-2.309992,-0.415063,-14.296252,-0.079999,-0.209375,0.034625,0.477301,-0.392223,0.092109,-3.141560,0.000054,-0.000054
14.164591,-2.309992,-0.415062,-14.296252,-0.079999,-0.209375,0.034625,0.477328,-0.392140,0.092110,-3.141560,0.000053,-0.000058
14.168591,-2.309992,-0.415053,-14.296252,-0.079999,-0.209375,0.034625,0.477353,-0.392059,0.092111,-3.141563,0.000046,-0.000053
14.172589,-2.309992,-0.415059,-14.296252,-0.079999,-0.209375,0.034625,0.477378,-0.391975,0.092110,-3.141561,0.000050,-0.000044
14.176589,-2.319992,-0.395056,-14.446252,-0.078999,-0.213375,0.034625,0.477404,-0.391891,0.092109,-3.141562,0.000048,-0.000034
14.180589,-2.289993,-0.495042,-14.526251,-0.073000,-0.215375,0.034625,0.477433,-0.391807,0.092113,-3.141568,0.000037,-0.000013
14.184589,-2.289992,-0.495054,-14.526251,-0.072999,-0.215375,0.034625,0.477454,-0.391724,0.092110,-3.141563,0.000046,-0.000001
14.188590,-2.289993,-0.495046,-14.526251,-0.072999,-0.215375,0.034625,0.477479,-0.391640,0.092112,-3.141566,0.000040,0.000015
14.192590,-2.289992,-0.495052,-14.526251,-0.072999,-0.215375,0.034625,0.477502,-0.391556,0.092112,-3.141564,0.000045,0.000025
14.196587,-2.289993,-0.495044,-14.526251,-0.072999,-0.215375,0.034625,0.477530,-0.391473,0.092113,-3.141567,0.000038,0.000034
14.200557,-2.289993,-0.495044,-14.526251,-0.072999,-0.215375,0.034625,0.477553,-0.391391,0.092114,-3.141567,0.000038,0.000039
14.204548,-2.289993,-0.495036,-14.526251,-0.073000,-0.215375,0.034625,0.477578,-0.391308,0.092116,-3.141570,0.000032,0.000035
14.208553,-2.289994,-0.495034,-14.526251,-0.073000,-0.215375,0.034625,0.477604,-0.391224,0.092116,-3.141571,0.000030,0.000031
14.212589,-2.289994,-0.495034,-14.526251,-0.073000,-0.215375,0.034625,0.477628,-0.391140,0.092117,-3.141571,0.000030,0.000027
14.216553,-2.289994,-0.495025,-14.526250,-0.073000,-0.215375,0.034625,0.477656,-0.391057,0.092118,-3.141574,0.000024,0.000017
14.220590,-2.259995,-0.535017,-14.026250,-0.070000,-0.208375,0.034625,0.477683,-0.390975,0.092119,-3.141577,0.000017,0.000006
14.224589,-2.259995,-0.535008,-14.026250,-0.070000,-0.208375,0.034625,0.477710,-0.390892,0.092121,-3.141581,0.000010,-0.000011
14.228594,-2.259995,-0.535007,-14.026250,-0.070000,-0.208375,0.034625,0.477735,-0.390811,0.092121,-3.141581,0.000009,-0.000026
14.232589,-2.259995,-0.535000,-14.026250,-0.070000,-0.208375,0.034625,0.477763,-0.390729,0.092123,-3.141584,0.000003,-0.000044
14.236594,-2.259996,-0.534991,-14.026249,-0.070000,-0.208375,0.034625,0.477790,-0.390646,0.092125,-3.141587,-0.000003,-0.000054
14.240595,-2.259997,-0.534977,-14.026249,-0.070000,-0.208375,0.034625,0.477819,-0.390564,0.092128,-3.141592,-0.000015,-0.000072
14.244589,-2.259997,-0.534976,-14.026249,-0.070000,-0.208375,0.034625,0.477846,-0.390481,0.092128,3.141593,-0.000016,-0.000082
14.248589,-2.259997,-0.534974,-14.026249,-0.070000,-0.208375,0.034625,0.477874,-0.390399,0.092128,3.141592,-0.000018,-0.000086
14.252594,-2.259997,-0.534965,-14.026248,-0.070000,-0.208375,0.034625,0.477901,-0.390316,0.092129,3.141589,-0.000024,-0.000077
14.256590,-2.179998,-0.394962,-13.656248,-0.074000,-0.200375,0.032625,0.477934,-0.390213,0.092128,3.141587,-0.000027,-0.000065
14.260590,-2.179998,-0.394962,-13.656248,-0.074000,-0.200375,0.032625,0.477934,-0.390213,0.092128,3.141587,-0.000027,-0.000065
14.264589,-2.119998,-0.394957,-13.526248,-0.073000,-0.196375,0.031625,0.477985,-0.390049,0.092127,3.141586,-0.000031,-0.000043
14.268588,-2.119998,-0.394961,-13.526248,-0.073000,-0.196375,0.031625,0.478011,-0.389966,0.092125,3.141587,-0.000027,-0.000034
14.272590,-2.119997,-0.394964,-13.526248,-0.073000,-0.196375,0.031625,0.478036,-0.389882,0.092121,3.141588,-0.000025,-0.000024
14.276593,-2.119997,-0.394963,-13.526248,-0.073000,-0.196375,0.031625,0.478062,-0.389799,0.092122,3.141588,-0.000026,-0.000015
14.280590,-2.119997,-0.394966,-13.526248,-0.073000,-0.196375,0.031625,0.478089,-0.389713,0.092119,3.141589,-0.000024,-0.000000
14.284589,-2.119997,-0.394976,-13.526249,-0.073000,-0.196375,0.031625,0.478111,-0.389631,0.092115,-3.141593,-0.000016,-0.000002
14.288589,-2.119996,-0.394986,-13.526249,-0.073000,-0.196375,0.031625,0.478135,-0.389547,0.092111,-3.141589,-0.000008,-0.000006
14.292589,-2.119996,-0.394986,-13.526249,-0.073000,-0.196375,0.031625,0.478135,-0.389547,0.092111,-3.141589,-0.000008,-0.000006
14.296589,-2.119996,-0.394997,-13.526249,-0.073000,-0.196375,0.031625,0.478184,-0.389379,0.092108,-3.141585,0.000001,-0.000007
14.300589,-1.999995,-0.535007,-12.976251,-0.069000,-0.183375,0.030625,0.478208,-0.389295,0.092104,-3.141581,0.000009,-0.000018
14.304556,-1.999995,-0.535012,-12.976251,-0.069000,-0.183375,0.030625,0.478234,-0.389209,0.092103,-3.141579,0.000013,-0.000031
14.308548,-1.999995,-0.535016,-12.976251,-0.069000,-0.183375,0.030625,0.478258,-0.389128,0.092101,-3.141578,0.000016,-0.000046
14.312589,-1.999995,-0.535015,-12.976251,-0.069000,-0.183375,0.030625,0.478284,-0.389045,0.092101,-3.141578,0.000016,-0.000063
14.316589,-1.999995,-0.535014,-12.976251,-0.069000,-0.183375,0.030625,0.478310,-0.388962,0.092102,-3.141578,0.000015,-0.000074
14.320590,-1.999995,-0.535018,-12.976251,-0.069000,-0.183375,0.030625,0.478336,-0.388879,0.092099,-3.141577,0.000018,-0.000084
14.324594,-1.999995,-0.535016,-12.976251,-0.069000,-0.183375,0.030625,0.478361,-0.388795,0.092099,-3.141578,0.000016,-0.000088
14.328589,-1.999995,-0.535015,-12.976251,-0.069000,-0.183375,0.030625,0.478389,-0.388710,0.092099,-3.141578,0.000015,-0.000088
14.332598,-1.999995,-0.535019,-12.976251,-0.069000,-0.183375,0.030625,0.478413,-0.388629,0.092097,-3.141576,0.000019,-0.000096
14.336598,-2.069995,-0.325017,-13.046251,-0.079000,-0.188375,0.029625,0.478437,-0.388545,0.092097,-3.141577,0.000017,-0.000093
14.340590,-2.069995,-0.325008,-13.046250,-0.079000,-0.188375,0.029625,0.478466,-0.388460,0.092098,-3.141581,0.000010,-0.000086
14.344589,-2.069995,-0.325018,-13.046251,-0.079000,-0.188375,0.029625,0.478491,-0.388374,0.092094,-3.141577,0.000018,-0.000072
14.348589,-2.069995,-0.325016,-13.046251,-0.079000,-0.188375,0.029625,0.478518,-0.388288,0.092093,-3.141578,0.000016,-0.000064
14.352587,-2.069995,-0.325016,-13.046251,-0.079000,-0.188375,0.029625,0.478518,-0.388288,0.092093,-3.141578,0.000016,-0.000064
14.356589,-2.069995,-0.325012,-13.046250,-0.079000,-0.188375,0.029625,0.478574,-0.388115,0.092093,-3.141579,0.000013,-0.000032
14.360589,-2.069995,-0.325012,-13.046250,-0.079000,-0.188375,0.029625,0.478574,-0.388115,0.092093,-3.141579,0.000013,-0.000032
14.364590,-2.069994,-0.325021,-13.046251,-0.079000,-0.188375,0.029625,0.478604,-0.388007,0.092088,-3.141576,0.000020,-0.000022
14.368588,-2.069994,-0.325022,-13.046251,-0.079000,-0.188375,0.029625,0.478649,-0.387855,0.092085,-3.141575,0.000021,-0.000010
14.372590,-2.069994,-0.325028,-13.046251,-0.079000,-0.188375,0.029625,0.478674,-0.387766,0.092084,-3.141573,0.000026,-0.000005
14.376591,-2.149994,-0.435030,-13.376251,-0.071000,-0.197375,0.030625,0.478699,-0.387680,0.092080,-3.141573,0.000027,-0.000044
14.380589,-2.149994,-0.435033,-13.376251,-0.071000,-0.197375,0.030625,0.478723,-0.387593,0.092078,-3.141571,0.000030,-0.000017
14.384589,-2.149993,-0.435045,-13.376252,-0.070999,-0.197375,0.030625,0.478739,-0.387502,0.092068,-3.141567,0.000039,-0.000063
14.388593,-2.149994,-0.435027,-13.376251,-0.071000,-0.197375,0.030625,0.478767,-0.387417,0.092076,-3.141574,0.000025,-0.000076
14.392589,-2.149994,-0.435027,-13.376251,-0.071000,-0.197375,0.030625,0.478767,-0.387417,0.092076,-3.141574,0.000025,-0.000076
14.396587,-2.149994,-0.435034,-13.376251,-0.071000,-0.197375,0.030625,0.478829,-0.387226,0.092071,-3.141571,0.000031,-0.000059
14.400591,-2.149994,-0.435037,-13.376251,-0.071000,-0.197375,0.030625,0.478855,-0.387140,0.092067,-3.141570,0.000033,-0.000072
14.404599,-2.149995,-0.435022,-13.376251,-0.071000,-0.197375,0.030625,0.478884,-0.387053,0.092070,-3.141576,0.000021,-0.000067
14.408556,-2.149995,-0.435022,-13.376251,-0.071000,-0.197375,0.030625,0.478884,-0.387053,0.092070,-3.141576,0.000021,-0.000067
14.412548,-2.149995,-0.435009,-13.376250,-0.071000,-0.197375,0.030625,0.478937,-0.386881,0.092069,-3.141580,0.000011,-0.000072
14.416596,-2.149995,-0.435009,-13.376250,-0.071000,-0.197375,0.030625,0.478937,-0.386881,0.092069,-3.141580,0.000011,-0.000072
14.420589,-2.149995,-0.435006,-13.376250,-0.071000,-0.197375,0.030625,0.478963,-0.386795,0.092069,-3.141581,0.000009,-0.000065
14.424591,-2.199995,-0.415004,-13.556250,-0.071000,-0.204375,0.031625,0.478989,-0.386710,0.092068,-3.141582,0.000007,-0.000058
14.428589,-2.199995,-0.415003,-13.556250,-0.071000,-0.204375,0.031625,0.479016,-0.386624,0.092069,-3.141583,0.000006,-0.000050
14.432594,-2.199996,-0.414994,-13.556250,-0.071000,-0.204375,0.031625,0.479044,-0.386540,0.092070,-3.141586,-0.000001,-0.000036
14.436555,-2.199997,-0.414978,-13.556249,-0.071000,-0.204375,0.031625,0.479071,-0.386457,0.092072,-3.141592,-0.000014,-0.000033
14.440588,-2.199997,-0.414970,-13.556249,-0.071000,-0.204375,0.031625,0.479099,-0.386372,0.092073,3.141590,-0.000021,-0.000019
14.444589,-2.199997,-0.414969,-13.556249,-0.071000,-0.204375,0.031625,0.479125,-0.386289,0.092073,3.141590,-0.000022,-0.000010
14.448600,-2.199997,-0.414973,-13.556249,-0.071000,-0.204375,0.031625,0.479150,-0.386206,0.092071,3.141592,-0.000018,-0.000000
14.452591,-2.199997,-0.414969,-13.556249,-0.071000,-0.204375,0.031625,0.479178,-0.386121,0.092070,3.141590,-0.000021,0.000007
14.456590,-2.199997,-0.414961,-13.556249,-0.071000,-0.204375,0.031625,0.479204,-0.386038,0.092071,3.141587,-0.000028,0.000010
14.460590,-2.279997,-0.394962,-13.796249,-0.070000,-0.210375,0.031625,0.479254,-0.385874,0.092067,3.141587,-0.000027,0.000011
14.464589,-2.279997,-0.394962,-13.796249,-0.070000,-0.210375,0.031625,0.479254,-0.385874,0.092067,3.141587,-0.000027,0.000011
14.468588,-2.279997,-0.394964,-13.796249,-0.070000,-0.210375,0.031625,0.479278,-0.385791,0.092064,3.141588,-0.000025,0.000014
14.472602,-2.279997,-0.394974,-13.796249,-0.070000,-0.210375,0.031625,0.479301,-0.385706,0.092060,3.141592,-0.000017,0.000003
14.476590,-2.279996,-0.394979,-13.796249,-0.070000,-0.210375,0.031625,0.479328,-0.385621,0.092058,-3.141592,-0.000014,0.000004
14.480589,-2.279996,-0.394981,-13.796249,-0.070000,-0.210375,0.031625,0.479352,-0.385537,0.092055,-3.141591,-0.000012,-0.000007
14.484590,-2.279996,-0.394979,-13.796249,-0.070000,-0.210375,0.031625,0.479379,-0.385455,0.092054,-3.141591,-0.000013,-0.000017
14.488594,-2.279996,-0.394983,-13.796249,-0.070000,-0.210375,0.031625,0.479405,-0.385372,0.092052,-3.141590,-0.000010,-0.000055
14.492606,-2.279996,-0.394989,-13.796250,-0.070000,-0.210375,0.031625,0.479428,-0.385288,0.092051,-3.141588,-0.000006,-0.000025
14.496640,-2.279996,-0.394987,-13.796249,-0.070000,-0.210375,0.031625,0.479455,-0.385206,0.092050,-3.141589,-0.000007,-0.000056
14.500621,-2.219996,-0.514991,-13.676250,-0.067000,-0.204375,0.031625,0.479474,-0.385117,0.092049,-3.141587,-0.000004,-0.000055
14.504624,-2.219996,-0.514995,-13.676250,-0.067000,-0.204375,0.031625,0.479500,-0.385034,0.092047,-3.141586,-0.000001,-0.000052
14.508617,-2.219996,-0.514999,-13.676250,-0.067000,-0.204375,0.031625,0.479539,-0.384933,0.092044,-3.141584,0.000003,-0.000014
14.512530,-2.219996,-0.514989,-13.676250,-0.067000,-0.204375,0.031625,0.479566,-0.384851,0.092045,-3.141588,-0.000005,-0.000004
14.516544,-2.219996,-0.514994,-13.676250,-0.067000,-0.204375,0.031625,0.479592,-0.384768,0.092043,-3.141586,-0.000002,-0.000008
14.520585,-2.219996,-0.514998,-13.676250,-0.067000,-0.204375,0.031625,0.479618,-0.384683,0.092040,-3.141585,0.000002,0.000006
14.524589,-2.219996,-0.514988,-13.676250,-0.067000,-0.204375,0.031625,0.479646,-0.384601,0.092041,-3.141588,-0.000006,0.000002
14.528589,-2.219996,-0.514997,-13.676250,-0.067000,-0.204375,0.031625,0.479671,-0.384518,0.092036,-3.141585,0.000001,0.000005
14.532590,-2.219996,-0.514994,-13.676250,-0.067000,-0.204375,0.031625,0.479697,-0.384435,0.092034,-3.141586,-0.000002,0.000001
14.536590,-2.169996,-0.484992,-13.976250,-0.072000,-0.202375,0.031625,0.479724,-0.384353,0.092034,-3.141587,-0.000003,-0.000003
14.540590,-2.169996,-0.484990,-13.976250,-0.072000,-0.202375,0.031625,0.479751,-0.384270,0.092034,-3.141587,-0.000005,0.000000
14.544589,-2.169996,-0.484986,-13.976250,-0.072000,-0.202375,0.031625,0.479776,-0.384187,0.092032,-3.141589,-0.000007,0.000003
14.548589,-2.169996,-0.484984,-13.976250,-0.072000,-0.202375,0.031625,0.479802,-0.384107,0.092032,-3.141589,-0.000009,-0.000005
14.552589,-2.169996,-0.484994,-13.976250,-0.072000,-0.202375,0.031625,0.479828,-0.384022,0.092027,-3.141586,-0.000002,-0.000005
14.556590,-2.169996,-0.484984,-13.976250,-0.072000,-0.202375,0.031625,0.479856,-0.383940,0.092027,-3.141590,-0.000009,-0.000009
14.560590,-2.169996,-0.484982,-13.976250,-0.072000,-0.202375,0.031625,0.479883,-0.383858,0.092027,-3.141590,-0.000011,-0.000019
14.564592,-2.169996,-0.484986,-13.976250,-0.072000,-0.202375,0.031625,0.479908,-0.383775,0.092025,-3.141589,-0.000008,-0.000023
14.568589,-2.169996,-0.484982,-13.976250,-0.072000,-0.202375,0.031625,0.479935,-0.383692,0.092022,-3.141590,-0.000011,-0.000027
14.572589,-2.169996,-0.484986,-13.976250,-0.072000,-0.202375,0.031625,0.479960,-0.383609,0.092020,-3.141589,-0.000008,-0.000031
14.576589,-2.169996,-0.484982,-13.976250,-0.072000,-0.202375,0.031625,0.479985,-0.383526,0.092019,-3.141590,-0.000011,-0.000035
14.580589,-2.229996,-0.554986,-14.436250,-0.075000,-0.207375,0.032625,0.480012,-0.383444,0.092016,-3.141589,-0.000008,-0.000039
14.584590,-2.229996,-0.554982,-14.436250,-0.075000,-0.207375,0.032625,0.480037,-0.383361,0.092014,-3.141590,-0.000011,-0.000036
14.588589,-2.229996,-0.554985,-14.436250,-0.075000,-0.207375,0.032625,0.480064,-0.383279,0.092011,-3.141589,-0.000008,-0.000033
14.592590,-2.229996,-0.554982,-14.436250,-0.075000,-0.207375,0.032625,0.480089,-0.383196,0.092010,-3.141590,-0.000011,-0.000037
14.596587,-2.229996,-0.554991,-14.436250,-0.075000,-0.207375,0.032625,0.480116,-0.383111,0.092005,-3.141587,-0.000004,-0.000030
14.600589,-2.229996,-0.554989,-14.436250,-0.075000,-0.207375,0.032625,0.480141,-0.383030,0.092004,-3.141588,-0.000005,-0.000038
14.604589,-2.229996,-0.554993,-14.436250,-0.075000,-0.207375,0.032625,0.480165,-0.382947,0.092002,-3.141586,-0.000002,-0.000049
14.608589,-2.229996,-0.554995,-14.436250,-0.075000,-0.207375,0.032625,0.480191,-0.382864,0.091998,-3.141586,-0.000001,-0.000046
14.612589,-2.229996,-0.554993,-14.436250,-0.075000,-0.207375,0.032625,0.480217,-0.382782,0.091998,-3.141586,-0.000002,-0.000050
14.616555,-2.229996,-0.554997,-14.436250,-0.075000,-0.207375,0.032625,0.480242,-0.382699,0.091996,-3.141585,0.000001,-0.000054
14.620590,-2.319996,-0.494992,-14.886250,-0.078000,-0.216375,0.033625,0.480269,-0.382617,0.091993,-3.141586,-0.000003,-0.000057
14.624589,-2.319996,-0.484990,-14.926250,-0.078000,-0.217375,0.033625,0.480296,-0.382535,0.091993,-3.141587,-0.000004,-0.000061
14.628588,-2.319996,-0.484995,-14.926250,-0.078000,-0.217375,0.033625,0.480319,-0.382454,0.091991,-3.141586,-0.000001,-0.000070
14.632589,-2.319996,-0.484985,-14.926250,-0.078000,-0.217375,0.033625,0.480348,-0.382370,0.091991,-3.141589,-0.000009,-0.000069
14.636589,-2.319996,-0.484983,-14.926249,-0.078000,-0.217375,0.033625,0.480373,-0.382289,0.091991,-3.141590,-0.000010,-0.000078
14.640589,-2.319997,-0.484964,-14.926249,-0.078000,-0.217375,0.033625,0.480399,-0.382207,0.091991,3.141589,-0.000025,-0.000115
14.644589,-2.319996,-0.484978,-14.926249,-0.078000,-0.217375,0.033625,0.480425,-0.382124,0.091989,-3.141592,-0.000015,-0.000112
14.648589,-2.319996,-0.484979,-14.926249,-0.078000,-0.217375,0.033625,0.480457,-0.382018,0.091985,-3.141591,-0.000013,-0.000062
14.652587,-2.319996,-0.484983,-14.926249,-0.078000,-0.217375,0.033625,0.480480,-0.381937,0.091983,-3.141590,-0.000010,-0.000057
14.656589,-2.319996,-0.484974,-14.926249,-0.078000,-0.217375,0.033625,0.480507,-0.381855,0.091983,3.141592,-0.000018,-0.000048
14.660589,-2.449996,-0.564978,-15.616249,-0.077000,-0.229375,0.034625,0.480532,-0.381772,0.091981,-3.141592,-0.000014,-0.000045
14.664590,-2.449997,-0.564969,-15.616249,-0.077000,-0.229375,0.034625,0.480557,-0.381689,0.091982,3.141590,-0.000021,-0.000035
14.668589,-2.449997,-0.564974,-15.616249,-0.077000,-0.229375,0.034625,0.480582,-0.381606,0.091980,3.141592,-0.000018,-0.000032
14.672589,-2.449997,-0.564964,-15.616248,-0.077000,-0.229375,0.034625,0.480607,-0.381526,0.091980,3.141588,-0.000026,-0.000041
14.676589,-2.449997,-0.564963,-15.616248,-0.077000,-0.229375,0.034625,0.480632,-0.381443,0.091981,3.141588,-0.000026,-0.000045
14.680589,-2.449997,-0.564967,-15.616248,-0.077000,-0.229375,0.034625,0.480657,-0.381360,0.091979,3.141590,-0.000023,-0.000055
14.684589,-2.449997,-0.564966,-15.616248,-0.077000,-0.229375,0.034625,0.480682,-0.381277,0.091979,3.141589,-0.000024,-0.000066
14.688589,-2.449997,-0.564963,-15.616248,-0.077000,-0.229375,0.034625,0.480707,-0.381194,0.091978,3.141588,-0.000027,-0.000070
14.692595,-2.449997,-0.564962,-15.616248,-0.077000,-0.229375,0.034625,0.480731,-0.381111,0.091978,3.141588,-0.000027,-0.000080
14.696589,-2.509997,-0.594961,-15.986248,-0.080000,-0.234375,0.036625,0.480756,-0.381028,0.091979,3.141587,-0.000028,-0.000084
14.700589,-2.509997,-0.574971,-16.006249,-0.081000,-0.234375,0.036625,0.480779,-0.380944,0.091975,3.141591,-0.000020,-0.000081
14.704593,-2.509997,-0.574970,-16.006249,-0.081000,-0.234375,0.036625,0.480805,-0.380859,0.091976,3.141591,-0.000021,-0.000074
14.708589,-2.509996,-0.574974,-16.006249,-0.081000,-0.234375,0.036625,0.480828,-0.380778,0.091974,3.141592,-0.000017,-0.000082
14.712590,-2.509996,-0.574978,-16.006249,-0.081000,-0.234375,0.036625,0.480852,-0.380695,0.091971,-3.141592,-0.000014,-0.000080
14.716589,-2.509997,-0.574970,-16.006249,-0.081000,-0.234375,0.036625,0.480876,-0.380614,0.091973,3.141591,-0.000021,-0.000081
14.720555,-2.509996,-0.574980,-16.006249,-0.081000,-0.234375,0.036625,0.480898,-0.380530,0.091969,-3.141591,-0.000013,-0.000072
14.724548,-2.509996,-0.574979,-16.006249,-0.081000,-0.234375,0.036625,0.480923,-0.380447,0.091969,-3.141591,-0.000013,-0.000062
14.728589,-2.509996,-0.574976,-16.006249,-0.081000,-0.234375,0.036625,0.480948,-0.380365,0.091968,-3.141593,-0.000016,-0.000053
14.732591,-2.509996,-0.574975,-16.006249,-0.081000,-0.234375,0.036625,0.480972,-0.380282,0.091968,3.141592,-0.000017,-0.000043
14.736590,-2.509997,-0.574971,-16.006249,-0.081000,-0.234375,0.036625,0.480999,-0.380197,0.091967,3.141591,-0.000020,-0.000029
14.740589,-2.619997,-0.424969,-16.106248,-0.089000,-0.238375,0.035625,0.481024,-0.380111,0.091966,3.141590,-0.000022,-0.000022
14.744594,-2.619997,-0.424960,-16.106248,-0.089000,-0.238375,0.035625,0.481052,-0.380024,0.091967,3.141587,-0.000029,-0.000010
14.748591,-2.619997,-0.424959,-16.106248,-0.089000,-0.238375,0.035625,0.481078,-0.379938,0.091968,3.141587,-0.000029,-0.000016
14.752602,-2.619997,-0.424951,-16.106248,-0.089001,-0.238375,0.035625,0.481107,-0.379851,0.091969,3.141584,-0.000036,-0.000017
14.756596,-2.619997,-0.424950,-16.106248,-0.089001,-0.238375,0.035625,0.481141,-0.379743,0.091970,3.141583,-0.000037,-0.000017
14.760589,-2.619998,-0.424941,-16.106247,-0.089001,-0.238375,0.035625,0.481160,-0.379681,0.091971,3.141580,-0.000044,-0.000030
14.764589,-2.619998,-0.424940,-16.106247,-0.089001,-0.238375,0.035625,0.481195,-0.379571,0.091972,3.141580,-0.000045,-0.000031
14.768594,-2.619998,-0.424940,-16.106247,-0.089001,-0.238375,0.035625,0.481195,-0.379571,0.091972,3.141580,-0.000045,-0.000031
14.772588,-2.619998,-0.424938,-16.106247,-0.089001,-0.238375,0.035625,0.481213,-0.379508,0.091971,3.141579,-0.000047,-0.000078
14.776596,-2.599997,-0.434952,-16.306248,-0.095001,-0.236375,0.035625,0.481270,-0.379313,0.091965,3.141584,-0.000035,-0.000056
14.780589,-2.599997,-0.434943,-16.306248,-0.095001,-0.236375,0.035625,0.481298,-0.379226,0.091966,3.141581,-0.000042,-0.000065
14.784589,-2.599997,-0.434949,-16.306248,-0.095001,-0.236375,0.035625,0.481321,-0.379143,0.091965,3.141583,-0.000038,-0.000075
14.788590,-2.599997,-0.434946,-16.306248,-0.095001,-0.236375,0.035625,0.481347,-0.379055,0.091964,3.141582,-0.000040,-0.000077
14.792589,-2.599997,-0.434956,-16.306249,-0.095000,-0.236375,0.035625,0.481371,-0.378968,0.091960,3.141586,-0.000032,-0.000076
14.796587,-2.599997,-0.434954,-16.306249,-0.095001,-0.236375,0.035625,0.481395,-0.378883,0.091960,3.141585,-0.000034,-0.000076
14.800589,-2.599997,-0.434959,-16.306249,-0.095000,-0.236375,0.035625,0.481419,-0.378796,0.091959,3.141587,-0.000030,-0.000068
14.804589,-2.599997,-0.434969,-16.306249,-0.095000,-0.236375,0.035625,0.481445,-0.378708,0.091955,3.141590,-0.000021,-0.000043
14.808588,-2.599997,-0.434974,-16.306249,-0.095000,-0.236375,0.035625,0.481469,-0.378622,0.091953,3.141592,-0.000017,-0.000036
14.812591,-2.599997,-0.434971,-16.306249,-0.095000,-0.236375,0.035625,0.481495,-0.378537,0.091952,3.141591,-0.000020,-0.000022
14.816555,-2.599996,-0.434976,-16.306249,-0.095000,-0.236375,0.035625,0.481521,-0.378449,0.091951,-3.141592,-0.000016,-0.000003
14.820590,-2.639996,-0.524983,-16.446249,-0.090000,-0.241375,0.036625,0.481546,-0.378363,0.091951,-3.141590,-0.000010,0.000011
14.824553,-2.639996,-0.524993,-16.446249,-0.090000,-0.241375,0.036625,0.481570,-0.378277,0.091947,-3.141586,-0.000002,0.000018
14.828550,-2.639996,-0.524997,-16.446250,-0.090000,-0.241375,0.036625,0.481597,-0.378190,0.091945,-3.141585,0.000001,0.000030
14.832588,-2.639996,-0.524996,-16.446249,-0.090000,-0.241375,0.036625,0.481623,-0.378104,0.091945,-3.141585,0.000000,0.000024
14.836590,-2.639996,-0.524995,-16.446249,-0.090000,-0.241375,0.036625,0.481651,-0.378017,0.091946,-3.141585,-0.000000,0.000023
14.840589,-2.639996,-0.524999,-16.446250,-0.090000,-0.241375,0.036625,0.481678,-0.377930,0.091944,-3.141584,0.000003,0.000014
14.844589,-2.639996,-0.524998,-16.446250,-0.090000,-0.241375,0.036625,0.481706,-0.377842,0.091944,-3.141584,0.000002,0.000006
14.848590,-2.639996,-0.524984,-16.446249,-0.090000,-0.241375,0.036625,0.481736,-0.377756,0.091947,-3.141590,-0.000010,-0.000009
14.852587,-2.639996,-0.524988,-16.446249,-0.090000,-0.241375,0.036625,0.481763,-0.377669,0.091945,-3.141588,-0.000006,-0.000018
14.856594,-2.769996,-0.464981,-16.536249,-0.092000,-0.247375,0.036625,0.481791,-0.377584,0.091947,-3.141591,-0.000012,-0.000037
14.860589,-2.839996,-0.414980,-16.746249,-0.096000,-0.252375,0.038625,0.481818,-0.377497,0.091948,-3.141591,-0.000013,-0.000045
14.864590,-2.839996,-0.414978,-16.746249,-0.096000,-0.252375,0.038625,0.481848,-0.377410,0.091948,-3.141592,-0.000014,-0.000061
14.868588,-2.839996,-0.414977,-16.746249,-0.096000,-0.252375,0.038625,0.481875,-0.377323,0.091948,-3.141592,-0.000015,-0.000076
14.872591,-2.839996,-0.414976,-16.746249,-0.096000,-0.252375,0.038625,0.481901,-0.377238,0.091949,-3.141592,-0.000016,-0.000082
14.876589,-2.839996,-0.414980,-16.746249,-0.096000,-0.252375,0.038625,0.481928,-0.377150,0.091946,-3.141591,-0.000013,-0.000070
14.880593,-2.839996,-0.414990,-16.746249,-0.096000,-0.252375,0.038625,0.481953,-0.377062,0.091943,-3.141587,-0.000004,-0.000058
14.884588,-2.839996,-0.414996,-16.746250,-0.096000,-0.252375,0.038625,0.481978,-0.376974,0.091941,-3.141585,-0.000000,-0.000039
14.888589,-2.839996,-0.415000,-16.746250,-0.096000,-0.252375,0.038625,0.482005,-0.376886,0.091939,-3.141584,0.000003,-0.000021
14.892588,-2.839995,-0.415005,-16.746250,-0.096000,-0.252375,0.038625,0.482031,-0.376798,0.091938,-3.141582,0.000007,-0.000002
14.896588,-2.839995,-0.415005,-16.746250,-0.096000,-0.252375,0.038625,0.482031,-0.376798,0.091938,-3.141582,0.000007,-0.000002
14.900589,-2.809995,-0.625019,-17.206251,-0.086000,-0.255375,0.039625,0.482081,-0.376624,0.091932,-3.141577,0.000019,0.000017
14.904589,-2.809995,-0.625018,-17.206251,-0.086000,-0.255375,0.039625,0.482109,-0.376537,0.091932,-3.141577,0.000018,0.000022
14.908596,-2.809995,-0.625018,-17.206251,-0.086000,-0.255375,0.039625,0.482109,-0.376537,0.091932,-3.141577,0.000018,0.000022
14.912589,-2.809995,-0.625023,-17.206251,-0.086000,-0.255375,0.039625,0.482134,-0.376449,0.091931,-3.141575,0.000022,0.000020
14.916588,-2.809995,-0.625020,-17.206251,-0.086000,-0.255375,0.039625,0.482161,-0.376362,0.091930,-3.141577,0.000020,0.000019
14.920588,-2.809995,-0.625033,-17.206251,-0.086000,-0.255375,0.039625,0.482207,-0.376183,0.091923,-3.141572,0.000030,-0.000045
14.924595,-2.809995,-0.625017,-17.206250,-0.086000,-0.255375,0.039625,0.482249,-0.376079,0.091932,-3.141578,0.000017,-0.000024
14.928565,-2.809995,-0.625015,-17.206250,-0.086000,-0.255375,0.039625,0.482278,-0.375992,0.091931,-3.141578,0.000016,-0.000032
14.932594,-2.809995,-0.625015,-17.206250,-0.086000,-0.255375,0.039625,0.482278,-0.375992,0.091931,-3.141578,0.000016,-0.000032
14.936595,-2.809995,-0.625008,-17.206250,-0.086000,-0.255375,0.039625,0.482307,-0.375906,0.091934,-3.141581,0.000010,-0.000047
14.940589,-2.859996,-0.514993,-17.556250,-0.096000,-0.258375,0.041625,0.482367,-0.375734,0.091938,-3.141586,-0.000002,-0.000078
14.944589,-2.859996,-0.514993,-17.556250,-0.096000,-0.258375,0.041625,0.482367,-0.375734,0.091938,-3.141586,-0.000002,-0.000078
14.948590,-2.859996,-0.514984,-17.556250,-0.096000,-0.258375,0.041625,0.482428,-0.375562,0.091940,-3.141589,-0.000009,-0.000094
14.952588,-2.859996,-0.514984,-17.556250,-0.096000,-0.258375,0.041625,0.482428,-0.375562,0.091940,-3.141589,-0.000009,-0.000094
14.956589,-2.859996,-0.514984,-17.556250,-0.096000,-0.258375,0.041625,0.482457,-0.375478,0.091941,-3.141590,-0.000010,-0.000100
14.960589,-2.859996,-0.514976,-17.556249,-0.096000,-0.258375,0.041625,0.482488,-0.375392,0.091942,-3.141592,-0.000016,-0.000095
14.964589,-2.859996,-0.514974,-17.556249,-0.096000,-0.258375,0.041625,0.482516,-0.375306,0.091942,3.141592,-0.000018,-0.000083
14.968560,-2.859996,-0.514971,-17.556249,-0.096000,-0.258375,0.041625,0.482552,-0.375199,0.091941,3.141591,-0.000020,-0.000069
14.972593,-2.859996,-0.514970,-17.556249,-0.096000,-0.258375,0.041625,0.482574,-0.375133,0.091941,3.141591,-0.000021,-0.000060
14.976589,-2.859996,-0.514974,-17.556249,-0.096000,-0.258375,0.041625,0.482601,-0.375045,0.091939,3.141592,-0.000018,-0.000048
14.980588,-2.859996,-0.514980,-17.556249,-0.096000,-0.258375,0.041625,0.482629,-0.374958,0.091938,-3.141591,-0.000013,-0.000036
14.984588,-2.769996,-0.604978,-18.006249,-0.097000,-0.256375,0.042625,0.482658,-0.374872,0.091938,-3.141592,-0.000015,-0.000031
14.988589,-2.769996,-0.604971,-18.006249,-0.097000,-0.256375,0.042625,0.482687,-0.374785,0.091940,3.141591,-0.000020,-0.000033
14.992590,-2.769996,-0.604975,-18.006249,-0.097000,-0.256375,0.042625,0.482713,-0.374698,0.091938,3.141593,-0.000017,-0.000034
14.996586,-2.769996,-0.604980,-18.006249,-0.097000,-0.256375,0.042625,0.482741,-0.374611,0.091937,-3.141591,-0.000012,-0.000036
15.000606,-2.769996,-0.604987,-18.006250,-0.097000,-0.256375,0.042625,0.482768,-0.374523,0.091937,-3.141588,-0.000007,-0.000044
15.004587,-2.769996,-0.604985,-18.006249,-0.097000,-0.256375,0.042625,0.482796,-0.374437,0.091937,-3.141589,-0.000009,-0.000052
15.008599,-2.769996,-0.604992,-18.006250,-0.097000,-0.256375,0.042625,0.482823,-0.374349,0.091936,-3.141587,-0.000003,-0.000061
15.012601,-2.769996,-0.604990,-18.006250,-0.097000,-0.256375,0.042625,0.482851,-0.374263,0.091936,-3.141587,-0.000005,-0.000076
15.016589,-2.769996,-0.605002,-18.006250,-0.097000,-0.256375,0.042625,0.482877,-0.374175,0.091933,-3.141583,0.000005,-0.000091
15.020588,-2.739996,-0.685001,-17.946250,-0.097000,-0.253375,0.043625,0.482914,-0.374066,0.091934,-3.141583,0.000004,-0.000113
15.024589,-2.739996,-0.685002,-17.946250,-0.097000,-0.253375,0.043625,0.482928,-0.373999,0.091936,-3.141583,0.000005,-0.000155
15.028588,-2.739996,-0.685004,-17.946250,-0.097000,-0.253375,0.043625,0.482971,-0.373895,0.091939,-3.141582,0.000007,-0.000120
15.032557,-2.739996,-0.685004,-17.946250,-0.097000,-0.253375,0.043625,0.482999,-0.373808,0.091941,-3.141582,0.000007,-0.000115
15.036548,-2.739996,-0.684999,-17.946250,-0.097000,-0.253375,0.043625,0.483028,-0.373725,0.091944,-3.141584,0.000002,-0.000108
15.040588,-2.739996,-0.685001,-17.946250,-0.097000,-0.253375,0.043625,0.483054,-0.373643,0.091947,-3.141584,0.000004,-0.000098
15.044588,-2.739996,-0.684992,-17.946249,-0.097000,-0.253375,0.043625,0.483082,-0.373562,0.091954,-3.141587,-0.000003,-0.000082
15.048589,-2.739996,-0.685000,-17.946250,-0.097000,-0.253375,0.043625,0.483108,-0.373477,0.091955,-3.141584,0.000003,-0.000061
15.052569,-2.739996,-0.684983,-17.946249,-0.097000,-0.253375,0.043625,0.483137,-0.373397,0.091963,-3.141590,-0.000010,-0.000045
15.056589,-2.739996,-0.684982,-17.946249,-0.097000,-0.253375,0.043625,0.483164,-0.373315,0.091964,-3.141590,-0.000011,-0.000035
15.060590,-2.789996,-0.584977,-18.116249,-0.100000,-0.258375,0.043625,0.483189,-0.373236,0.091968,-3.141592,-0.000015,-0.000037
15.064588,-2.789996,-0.584971,-18.116249,-0.100000,-0.258375,0.043625,0.483216,-0.373154,0.091971,3.141591,-0.000020,-0.000027
15.068587,-2.789996,-0.584972,-18.116249,-0.100000,-0.258375,0.043625,0.483242,-0.373070,0.091973,3.141592,-0.000019,-0.000020
15.072589,-2.789996,-0.584972,-18.116249,-0.100000,-0.258375,0.043625,0.483269,-0.372988,0.091974,3.141591,-0.000020,-0.000011
15.076589,-2.789996,-0.584977,-18.116249,-0.100000,-0.258375,0.043625,0.483293,-0.372906,0.091973,-3.141592,-0.000015,-0.000014
15.080589,-2.789996,-0.584978,-18.116249,-0.100000,-0.258375,0.043625,0.483318,-0.372823,0.091974,-3.141592,-0.000015,-0.000012
15.084588,-2.789996,-0.584983,-18.116249,-0.100000,-0.258375,0.043625,0.483342,-0.372741,0.091973,-3.141590,-0.000010,-0.000022
15.088589,-2.789996,-0.584992,-18.116249,-0.100000,-0.258375,0.043625,0.483368,-0.372656,0.091974,-3.141587,-0.000003,-0.000022
15.092589,-2.789996,-0.584992,-18.116249,-0.100000,-0.258375,0.043625,0.483392,-0.372574,0.091976,-3.141587,-0.000003,-0.000032
15.096589,-2.779996,-0.614999,-17.816249,-0.093000,-0.257375,0.043625,0.483417,-0.372488,0.091976,-3.141584,0.000002,-0.000045
15.100588,-2.779996,-0.615001,-17.816250,-0.093000,-0.257375,0.043625,0.483443,-0.372407,0.091979,-3.141584,0.000004,-0.000056
15.104588,-2.779996,-0.615004,-17.816250,-0.093000,-0.257375,0.043625,0.483465,-0.372326,0.091982,-3.141582,0.000007,-0.000071
15.108591,-2.779996,-0.615002,-17.816250,-0.093000,-0.257375,0.043625,0.483492,-0.372242,0.091989,-3.141583,0.000005,-0.000070
15.112588,-2.779995,-0.615019,-17.816250,-0.093000,-0.257375,0.043625,0.483513,-0.372158,0.091990,-3.141577,0.000019,-0.000074
15.116595,-2.779995,-0.615016,-17.816250,-0.093000,-0.257375,0.043625,0.483539,-0.372076,0.091996,-3.141578,0.000016,-0.000071
15.120593,-2.779995,-0.615025,-17.816250,-0.093000,-0.257375,0.043625,0.483563,-0.371991,0.091998,-3.141575,0.000024,-0.000057
15.124589,-2.779995,-0.615029,-17.816251,-0.093000,-0.257375,0.043625,0.483587,-0.371911,0.092002,-3.141573,0.000027,-0.000052
15.128594,-2.779995,-0.615031,-17.816251,-0.093000,-0.257375,0.043625,0.483615,-0.371827,0.092005,-3.141573,0.000029,-0.000038
15.132589,-2.779995,-0.615042,-17.816251,-0.093000,-0.257375,0.043625,0.483638,-0.371744,0.092008,-3.141569,0.000038,-0.000062
15.136560,-2.779995,-0.615043,-17.816251,-0.093000,-0.257375,0.043625,0.483663,-0.371662,0.092010,-3.141569,0.000038,-0.000053
15.140587,-2.769995,-0.465054,-17.296252,-0.094999,-0.254375,0.041625,0.483682,-0.371577,0.092007,-3.141565,0.000047,-0.000043
15.144583,-2.769995,-0.465039,-17.296251,-0.095000,-0.254375,0.041625,0.483719,-0.371480,0.092017,-3.141570,0.000035,-0.000002
15.148586,-2.769995,-0.465045,-17.296252,-0.094999,-0.254375,0.041625,0.483743,-0.371398,0.092016,-3.141568,0.000040,0.000001
15.152589,-2.769995,-0.465039,-17.296251,-0.095000,-0.254375,0.041625,0.483769,-0.371316,0.092019,-3.141570,0.000035,0.000011
15.156589,-2.769995,-0.465039,-17.296251,-0.095000,-0.254375,0.041625,0.483796,-0.371234,0.092020,-3.141570,0.000035,0.000013
15.160591,-2.769995,-0.465044,-17.296252,-0.094999,-0.254375,0.041625,0.483818,-0.371154,0.092019,-3.141568,0.000040,0.000012
15.164590,-2.769995,-0.465039,-17.296251,-0.095000,-0.254375,0.041625,0.483844,-0.371073,0.092022,-3.141570,0.000035,0.000015
15.168587,-2.769995,-0.465039,-17.296251,-0.095000,-0.254375,0.041625,0.483869,-0.370990,0.092024,-3.141570,0.000036,0.000011
15.172588,-2.769995,-0.465031,-17.296251,-0.095000,-0.254375,0.041625,0.483895,-0.370909,0.092026,-3.141573,0.000029,0.000007
15.176588,-2.719995,-0.405032,-16.636251,-0.093000,-0.245375,0.040625,0.483918,-0.370829,0.092027,-3.141573,0.000029,-0.000002
15.180590,-2.719995,-0.405031,-16.636251,-0.093000,-0.245375,0.040625,0.483944,-0.370747,0.092028,-3.141573,0.000029,-0.000012
15.184589,-2.719995,-0.405037,-16.636252,-0.093000,-0.245375,0.040625,0.483968,-0.370665,0.092027,-3.141571,0.000034,-0.000016
15.188589,-2.719995,-0.405035,-16.636251,-0.093000,-0.245375,0.040625,0.483993,-0.370582,0.092027,-3.141572,0.000032,-0.000020
15.192589,-2.719995,-0.405028,-16.636251,-0.093000,-0.245375,0.040625,0.484016,-0.370503,0.092029,-3.141574,0.000026,-0.000022
15.196586,-2.719995,-0.405034,-16.636251,-0.093000,-0.245375,0.040625,0.484040,-0.370420,0.092028,-3.141572,0.000031,-0.000019
15.200588,-2.719995,-0.405038,-16.636252,-0.093000,-0.245375,0.040625,0.484062,-0.370337,0.092026,-3.141571,0.000034,-0.000016
15.204571,-2.719995,-0.405043,-16.636252,-0.093000,-0.245375,0.040625,0.484085,-0.370257,0.092025,-3.141569,0.000039,-0.000018
15.208589,-2.719995,-0.405042,-16.636252,-0.093000,-0.245375,0.040625,0.484109,-0.370174,0.092025,-3.141569,0.000037,-0.000015
15.212590,-2.719995,-0.405047,-16.636252,-0.092999,-0.245375,0.040625,0.484135,-0.370090,0.092024,-3.141567,0.000042,-0.000008
15.216551,-2.719995,-0.405048,-16.636252,-0.092999,-0.245375,0.040625,0.484157,-0.370010,0.092025,-3.141567,0.000042,-0.000009
15.220588,-2.469995,-0.555047,-16.136252,-0.088999,-0.228375,0.039625,0.484180,-0.369927,0.092026,-3.141568,0.000041,-0.000006
15.224629,-2.469995,-0.555046,-16.136252,-0.088999,-0.228375,0.039625,0.484206,-0.369845,0.092027,-3.141568,0.000041,0.000003
15.228620,-2.469995,-0.555039,-16.136252,-0.089000,-0.228375,0.039625,0.484231,-0.369763,0.092029,-3.141570,0.000035,0.000006
15.232578,-2.469995,-0.555045,-16.136252,-0.088999,-0.228375,0.039625,0.484254,-0.369680,0.092028,-3.141568,0.000040,0.000009
15.236628,-2.469995,-0.555045,-16.136252,-0.088999,-0.228375,0.039625,0.484280,-0.369596,0.092030,-3.141568,0.000040,0.000016
15.240619,-2.469995,-0.555032,-16.136251,-0.089000,-0.228375,0.039625,0.484305,-0.369517,0.092034,-3.141573,0.000030,0.000015
15.244529,-2.469995,-0.555033,-16.136251,-0.089000,-0.228375,0.039625,0.484329,-0.369434,0.092036,-3.141572,0.000030,0.000017
15.248583,-2.469996,-0.555023,-16.136251,-0.089000,-0.228375,0.039625,0.484354,-0.369352,0.092036,-3.141576,0.000022,0.000007
15.252594,-2.469996,-0.555019,-16.136251,-0.089000,-0.228375,0.039625,0.484382,-0.369266,0.092040,-3.141577,0.000019,0.000012
15.256589,-2.389996,-0.505024,-15.996251,-0.091000,-0.223375,0.038625,0.484404,-0.369185,0.092039,-3.141575,0.000023,-0.000003
15.260589,-2.389996,-0.505019,-15.996251,-0.091000,-0.223375,0.038625,0.484435,-0.369083,0.092043,-3.141577,0.000019,-0.000012
15.264589,-2.389996,-0.505019,-15.996251,-0.091000,-0.223375,0.038625,0.484459,-0.369001,0.092045,-3.141577,0.000019,-0.000022
15.268568,-2.389996,-0.505015,-15.996250,-0.091000,-0.223375,0.038625,0.484485,-0.368916,0.092049,-3.141579,0.000016,-0.000022
15.272595,-2.389996,-0.505008,-15.996250,-0.091000,-0.223375,0.038625,0.484510,-0.368834,0.092051,-3.141581,0.000010,-0.000025
15.276589,-2.389996,-0.505008,-15.996250,-0.091000,-0.223375,0.038625,0.484535,-0.368750,0.092053,-3.141581,0.000010,-0.000025
15.280590,-2.389996,-0.505004,-15.996250,-0.091000,-0.223375,0.038625,0.484560,-0.368667,0.092057,-3.141583,0.000007,-0.000022
15.284598,-2.389996,-0.505004,-15.996250,-0.091000,-0.223375,0.038625,0.484584,-0.368585,0.092059,-3.141582,0.000007,-0.000026
15.288591,-2.389996,-0.505000,-15.996250,-0.091000,-0.223375,0.038625,0.484608,-0.368503,0.092064,-3.141584,0.000003,-0.000030
15.292561,-2.389996,-0.505014,-15.996250,-0.091000,-0.223375,0.038625,0.484629,-0.368419,0.092063,-3.141579,0.000015,-0.000034
15.296561,-2.389996,-0.505002,-15.996250,-0.091000,-0.223375,0.038625,0.484654,-0.368337,0.092068,-3.141583,0.000005,-0.000038
15.300558,-2.389996,-0.505002,-15.996250,-0.091000,-0.223375,0.038625,0.484654,-0.368337,0.092068,-3.141583,0.000005,-0.000038
15.304558,-2.449996,-0.435009,-15.576250,-0.092000,-0.222375,0.038625,0.484701,-0.368170,0.092069,-3.141581,0.000011,-0.000048
15.308589,-2.449996,-0.435016,-15.576250,-0.092000,-0.222375,0.038625,0.484723,-0.368086,0.092069,-3.141578,0.000016,-0.000051
15.312589,-2.449996,-0.435024,-15.576251,-0.092000,-0.222375,0.038625,0.484748,-0.368001,0.092070,-3.141576,0.000023,-0.000051
15.316589,-2.449996,-0.435017,-15.576250,-0.092000,-0.222375,0.038625,0.484770,-0.367922,0.092073,-3.141578,0.000017,-0.000059
15.320588,-2.449996,-0.435020,-15.576250,-0.092000,-0.222375,0.038625,0.484796,-0.367837,0.092076,-3.141577,0.000020,-0.000065
15.324588,-2.449996,-0.435020,-15.576250,-0.092000,-0.222375,0.038625,0.484819,-0.367755,0.092078,-3.141577,0.000020,-0.000069
15.328596,-2.449996,-0.435021,-15.576251,-0.092000,-0.222375,0.038625,0.484843,-0.367672,0.092080,-3.141577,0.000021,-0.000073
15.332588,-2.449996,-0.435021,-15.576251,-0.092000,-0.222375,0.038625,0.484869,-0.367588,0.092081,-3.141576,0.000021,-0.000079
15.336589,-2.449996,-0.435036,-15.576251,-0.092000,-0.222375,0.038625,0.484893,-0.367500,0.092081,-3.141572,0.000033,-0.000081
15.340589,-2.329996,-0.405033,-14.836251,-0.083000,-0.213375,0.035625,0.484920,-0.367416,0.092086,-3.141573,0.000030,-0.000080
15.344589,-2.329995,-0.405039,-14.836251,-0.083000,-0.213375,0.035625,0.484945,-0.367328,0.092086,-3.141570,0.000036,-0.000075
15.348557,-2.329995,-0.405048,-14.836252,-0.082999,-0.213375,0.035625,0.484971,-0.367241,0.092087,-3.141567,0.000042,-0.000077
15.352558,-2.329995,-0.405048,-14.836252,-0.082999,-0.213375,0.035625,0.484998,-0.367155,0.092089,-3.141567,0.000043,-0.000072
15.356589,-2.329995,-0.405049,-14.836252,-0.082999,-0.213375,0.035625,0.485025,-0.367068,0.092090,-3.141567,0.000043,-0.000067
15.360605,-2.329995,-0.405062,-14.836252,-0.082999,-0.213375,0.035625,0.485058,-0.366958,0.092089,-3.141563,0.000054,-0.000068
15.364589,-2.329995,-0.405050,-14.836252,-0.082999,-0.213375,0.035625,0.485079,-0.366894,0.092094,-3.141567,0.000044,-0.000070
15.368586,-2.329995,-0.405049,-14.836252,-0.082999,-0.213375,0.035625,0.485113,-0.366788,0.092095,-3.141567,0.000044,-0.000069
15.372588,-2.329995,-0.405056,-14.836252,-0.082999,-0.213375,0.035625,0.485133,-0.366721,0.092094,-3.141565,0.000049,-0.000073
15.376588,-2.329995,-0.405056,-14.836252,-0.082999,-0.213375,0.035625,0.485160,-0.366634,0.092096,-3.141564,0.000050,-0.000075
15.380593,-2.309995,-0.405057,-14.276252,-0.082999,-0.206375,0.034625,0.485185,-0.366550,0.092098,-3.141564,0.000050,-0.000087
15.384588,-2.309995,-0.405057,-14.276252,-0.082999,-0.206375,0.034625,0.485185,-0.366550,0.092098,-3.141564,0.000050,-0.000087
15.388589,-2.309996,-0.405052,-14.276251,-0.082999,-0.206375,0.034625,0.485247,-0.366354,0.092103,-3.141566,0.000046,-0.000091
15.392589,-2.309996,-0.405053,-14.276252,-0.082999,-0.206375,0.034625,0.485272,-0.366269,0.092105,-3.141566,0.000046,-0.000097
15.396594,-2.309996,-0.405046,-14.276251,-0.082999,-0.206375,0.034625,0.485300,-0.366183,0.092107,-3.141568,0.000041,-0.000098
15.400589,-2.309996,-0.405046,-14.276251,-0.082999,-0.206375,0.034625,0.485300,-0.366183,0.092107,-3.141568,0.000041,-0.000098
15.404592,-2.309996,-0.405045,-14.276251,-0.082999,-0.206375,0.034625,0.485350,-0.366011,0.092110,-3.141568,0.000040,-0.000106
15.408603,-2.309996,-0.405046,-14.276251,-0.082999,-0.206375,0.034625,0.485377,-0.365924,0.092111,-3.141568,0.000041,-0.000108
15.412592,-2.309996,-0.405046,-14.276251,-0.082999,-0.206375,0.034625,0.485404,-0.365838,0.092113,-3.141568,0.000041,-0.000096
15.416589,-2.309996,-0.405039,-14.276251,-0.083000,-0.206375,0.034625,0.485429,-0.365753,0.092115,-3.141570,0.000035,-0.000088
15.420589,-2.159996,-0.455038,-13.506251,-0.078000,-0.189375,0.032625,0.485455,-0.365666,0.092116,-3.141571,0.000035,-0.000077
15.424590,-2.159996,-0.455038,-13.506251,-0.078000,-0.189375,0.032625,0.485455,-0.365666,0.092116,-3.141571,0.000035,-0.000077
15.428589,-2.159996,-0.455031,-13.506251,-0.078000,-0.189375,0.032625,0.485482,-0.365579,0.092118,-3.141573,0.000029,-0.000058
15.432595,-2.159996,-0.455035,-13.506251,-0.078000,-0.189375,0.032625,0.485534,-0.365408,0.092117,-3.141572,0.000032,-0.000032
15.436590,-2.159996,-0.455035,-13.506251,-0.078000,-0.189375,0.032625,0.485534,-0.365408,0.092117,-3.141572,0.000032,-0.000032
15.440599,-2.159996,-0.455020,-13.506251,-0.078000,-0.189375,0.032625,0.485587,-0.365240,0.092121,-3.141577,0.000020,-0.000024
15.444600,-2.159996,-0.455020,-13.506251,-0.078000,-0.189375,0.032625,0.485587,-0.365240,0.092121,-3.141577,0.000020,-0.000024
15.448590,-2.159996,-0.455016,-13.506251,-0.078000,-0.189375,0.032625,0.485639,-0.365075,0.092120,-3.141578,0.000017,-0.000027
15.452556,-2.159996,-0.455016,-13.506251,-0.078000,-0.189375,0.032625,0.485639,-0.365075,0.092120,-3.141578,0.000017,-0.000027
15.456548,-2.159996,-0.455014,-13.506251,-0.078000,-0.189375,0.032625,0.485664,-0.364991,0.092120,-3.141579,0.000015,-0.000034
15.460601,-2.089996,-0.425014,-12.916250,-0.078000,-0.182375,0.030625,0.485689,-0.364909,0.092121,-3.141579,0.000015,-0.000044
15.464589,-2.089996,-0.425006,-12.916250,-0.078000,-0.182375,0.030625,0.485716,-0.364825,0.092122,-3.141582,0.000008,-0.000044
15.468589,-2.089996,-0.425005,-12.916250,-0.078000,-0.182375,0.030625,0.485743,-0.364742,0.092123,-3.141582,0.000008,-0.000050
15.472589,-2.089996,-0.424997,-12.916250,-0.078000,-0.182375,0.030625,0.485770,-0.364658,0.092124,-3.141585,0.000001,-0.000056
15.476593,-2.089996,-0.424997,-12.916250,-0.078000,-0.182375,0.030625,0.485797,-0.364574,0.092125,-3.141585,0.000001,-0.000062
15.480589,-2.089996,-0.424994,-12.916250,-0.078000,-0.182375,0.030625,0.485822,-0.364493,0.092124,-3.141586,-0.000002,-0.000073
15.484590,-2.089996,-0.424993,-12.916250,-0.078000,-0.182375,0.030625,0.485848,-0.364409,0.092125,-3.141586,-0.000002,-0.000079
15.488588,-2.089996,-0.424993,-12.916250,-0.078000,-0.182375,0.030625,0.485848,-0.364409,0.092125,-3.141586,-0.000002,-0.000079
15.492590,-2.089996,-0.424984,-12.916249,-0.078000,-0.182375,0.030625,0.485876,-0.364328,0.092125,-3.141589,-0.000009,-0.000083
15.496588,-2.089996,-0.424981,-12.916249,-0.078000,-0.182375,0.030625,0.485929,-0.364161,0.092125,-3.141590,-0.000012,-0.000075
15.500589,-2.089996,-0.424979,-12.916249,-0.078000,-0.182375,0.030625,0.485956,-0.364080,0.092125,-3.141591,-0.000013,-0.000065
15.504591,-1.969996,-0.524979,-12.596249,-0.071000,-0.176375,0.030625,0.485982,-0.363996,0.092126,-3.141591,-0.000014,-0.000085
15.508590,-1.969996,-0.524977,-12.596249,-0.071000,-0.176375,0.030625,0.486015,-0.363892,0.092126,-3.141592,-0.000015,-0.000028
15.512589,-1.969996,-0.524982,-12.596250,-0.071000,-0.176375,0.030625,0.486042,-0.363808,0.092124,-3.141590,-0.000011,-0.000014
15.516589,-1.969996,-0.524968,-12.596249,-0.071000,-0.176375,0.030625,0.486069,-0.363728,0.092127,3.141590,-0.000023,-0.000004
15.520601,-1.969996,-0.524974,-12.596249,-0.071000,-0.176375,0.030625,0.486093,-0.363643,0.092126,3.141592,-0.000018,0.000010
15.524606,-1.969996,-0.524959,-12.596249,-0.071000,-0.176375,0.030625,0.486122,-0.363560,0.092130,3.141588,-0.000030,0.000017
15.528595,-1.969996,-0.524979,-12.596249,-0.071000,-0.176375,0.030625,0.486139,-0.363473,0.092120,-3.141591,-0.000013,-0.000009
15.532600,-1.969996,-0.524970,-12.596249,-0.071000,-0.176375,0.030625,0.486173,-0.363392,0.092127,3.141591,-0.000021,0.000032
15.536589,-1.969996,-0.524969,-12.596249,-0.071000,-0.176375,0.030625,0.486198,-0.363310,0.092128,3.141591,-0.000022,0.000028
15.540589,-1.969996,-0.444975,-12.296249,-0.070000,-0.176375,0.028625,0.486222,-0.363225,0.092127,-3.141592,-0.000017,0.000022
15.544589,-1.969996,-0.444974,-12.296249,-0.070000,-0.176375,0.028625,0.486247,-0.363144,0.092128,-3.141593,-0.000017,0.000005
15.548595,-1.969996,-0.444980,-12.296249,-0.070000,-0.176375,0.028625,0.486271,-0.363059,0.092127,-3.141591,-0.000013,-0.000001
15.552569,-1.969996,-0.444985,-12.296249,-0.070000,-0.176375,0.028625,0.486297,-0.362975,0.092125,-3.141589,-0.000009,-0.000014
15.556591,-1.969996,-0.444990,-12.296250,-0.070000,-0.176375,0.028625,0.486320,-0.362893,0.092124,-3.141587,-0.000004,-0.000032
15.560589,-1.969996,-0.445001,-12.296250,-0.070000,-0.176375,0.028625,0.486343,-0.362808,0.092120,-3.141584,0.000004,-0.000045
15.564589,-1.969996,-0.445006,-12.296250,-0.070000,-0.176375,0.028625,0.486373,-0.362705,0.092119,-3.141582,0.000008,-0.000059
15.568588,-1.969996,-0.445005,-12.296250,-0.070000,-0.176375,0.028625,0.486399,-0.362622,0.092119,-3.141582,0.000008,-0.000066
15.572589,-1.969996,-0.445005,-12.296250,-0.070000,-0.176375,0.028625,0.486425,-0.362538,0.092120,-3.141582,0.000007,-0.000058
15.576589,-1.969996,-0.445010,-12.296250,-0.070000,-0.176375,0.028625,0.486435,-0.362473,0.092119,-3.141580,0.000012,-0.000091
15.580590,-1.979996,-0.395010,-12.086250,-0.069000,-0.177375,0.027625,0.486474,-0.362371,0.092120,-3.141581,0.000012,-0.000041
15.584589,-1.979996,-0.395009,-12.086250,-0.069000,-0.177375,0.027625,0.486499,-0.362290,0.092121,-3.141581,0.000011,-0.000025
15.588594,-1.979996,-0.395009,-12.086250,-0.069000,-0.177375,0.027625,0.486525,-0.362206,0.092122,-3.141581,0.000011,-0.000004
15.592590,-1.979996,-0.395009,-12.086250,-0.069000,-0.177375,0.027625,0.486525,-0.362206,0.092122,-3.141581,0.000011,-0.000004
15.596587,-1.979996,-0.395016,-12.086251,-0.069000,-0.177375,0.027625,0.486575,-0.362040,0.092123,-3.141579,0.000016,0.000013
15.600551,-1.979996,-0.395015,-12.086251,-0.069000,-0.177375,0.027625,0.486599,-0.361959,0.092123,-3.141579,0.000016,0.000022
15.604589,-1.979996,-0.395014,-12.086250,-0.069000,-0.177375,0.027625,0.486627,-0.361876,0.092123,-3.141579,0.000015,0.000030
15.608589,-1.979996,-0.395007,-12.086250,-0.069000,-0.177375,0.027625,0.486655,-0.361793,0.092126,-3.141581,0.000009,0.000037
15.612589,-1.979996,-0.395013,-12.086250,-0.069000,-0.177375,0.027625,0.486679,-0.361708,0.092125,-3.141580,0.000014,0.000031
15.616557,-1.989996,-0.365011,-12.056250,-0.070000,-0.178375,0.027625,0.486706,-0.361627,0.092125,-3.141580,0.000013,0.000020
15.620590,-2.019996,-0.355011,-12.056250,-0.070000,-0.178375,0.027625,0.486732,-0.361543,0.092126,-3.141580,0.000012,0.000007
15.624591,-2.019996,-0.355009,-12.056250,-0.070000,-0.178375,0.027625,0.486758,-0.361462,0.092126,-3.141581,0.000011,-0.000003
15.628589,-2.019996,-0.355020,-12.056251,-0.070000,-0.178375,0.027625,0.486783,-0.361375,0.092122,-3.141577,0.000020,-0.000012
15.632589,-2.019996,-0.355014,-12.056250,-0.070000,-0.178375,0.027625,0.486808,-0.361297,0.092125,-3.141579,0.000015,-0.000027
15.636589,-2.019996,-0.355018,-12.056250,-0.070000,-0.178375,0.027625,0.486834,-0.361213,0.092123,-3.141578,0.000018,-0.000040
15.640590,-2.019996,-0.355023,-12.056251,-0.070000,-0.178375,0.027625,0.486858,-0.361131,0.092121,-3.141576,0.000022,-0.000057
15.644589,-2.019996,-0.355015,-12.056250,-0.070000,-0.178375,0.027625,0.486883,-0.361050,0.092122,-3.141579,0.000016,-0.000074
15.648589,-2.019996,-0.355025,-12.056251,-0.070000,-0.178375,0.027625,0.486905,-0.360967,0.092119,-3.141575,0.000024,-0.000085
15.652588,-2.019996,-0.355024,-12.056251,-0.070000,-0.178375,0.027625,0.486931,-0.360886,0.092119,-3.141576,0.000023,-0.000089
15.656590,-1.949996,-0.405035,-11.906251,-0.070000,-0.170375,0.027625,0.486953,-0.360804,0.092115,-3.141572,0.000032,-0.000086
15.660589,-1.949996,-0.405027,-11.906251,-0.070000,-0.170375,0.027625,0.486979,-0.360720,0.092117,-3.141575,0.000025,-0.000072
15.664589,-1.949996,-0.405031,-11.906251,-0.070000,-0.170375,0.027625,0.487003,-0.360638,0.092115,-3.141573,0.000029,-0.000069
15.668588,-1.949996,-0.405028,-11.906251,-0.070000,-0.170375,0.027625,0.487028,-0.360557,0.092114,-3.141574,0.000027,-0.000053
15.672589,-1.949996,-0.405033,-11.906251,-0.070000,-0.170375,0.027625,0.487052,-0.360475,0.092112,-3.141573,0.000031,-0.000043
15.676589,-1.949996,-0.405030,-11.906251,-0.070000,-0.170375,0.027625,0.487076,-0.360394,0.092111,-3.141574,0.000028,-0.000034
15.680590,-1.949996,-0.405021,-11.906250,-0.070000,-0.170375,0.027625,0.487103,-0.360313,0.092111,-3.141577,0.000021,-0.000058
15.684589,-1.949996,-0.405010,-11.906250,-0.070000,-0.170375,0.027625,0.487129,-0.360230,0.092111,-3.141580,0.000012,-0.000050
15.688591,-1.949996,-0.405027,-11.906251,-0.070000,-0.170375,0.027625,0.487159,-0.360127,0.092105,-3.141575,0.000025,-0.000012
15.692590,-1.949996,-0.405027,-11.906251,-0.070000,-0.170375,0.027625,0.487159,-0.360127,0.092105,-3.141575,0.000025,-0.000012
15.696606,-1.929996,-0.395017,-11.876251,-0.071000,-0.168375,0.026625,0.487210,-0.359965,0.092100,-3.141578,0.000018,-0.000013
15.700589,-1.859996,-0.315012,-11.876250,-0.074000,-0.165375,0.026625,0.487238,-0.359885,0.092097,-3.141580,0.000014,-0.000016
15.704559,-1.859996,-0.315006,-11.876250,-0.074000,-0.165375,0.026625,0.487264,-0.359805,0.092093,-3.141582,0.000008,-0.000027
15.708590,-1.859996,-0.314994,-11.876250,-0.074000,-0.165375,0.026625,0.487293,-0.359722,0.092091,-3.141586,-0.000001,-0.000033
15.712552,-1.859996,-0.314988,-11.876249,-0.074000,-0.165375,0.026625,0.487319,-0.359641,0.092087,-3.141588,-0.000007,-0.000051
15.716589,-1.859996,-0.314981,-11.876249,-0.074000,-0.165375,0.026625,0.487346,-0.359561,0.092083,-3.141590,-0.000012,-0.000068
15.720589,-1.859996,-0.314975,-11.876249,-0.074000,-0.165375,0.026625,0.487372,-0.359480,0.092079,-3.141592,-0.000017,-0.000079
15.724594,-1.859996,-0.314974,-11.876249,-0.074000,-0.165375,0.026625,0.487397,-0.359398,0.092073,-3.141593,-0.000018,-0.000089
15.728587,-1.859996,-0.314960,-11.876248,-0.074000,-0.165375,0.026625,0.487425,-0.359316,0.092070,3.141588,-0.000029,-0.000095
15.732589,-1.859996,-0.314954,-11.876248,-0.074001,-0.165375,0.026625,0.487453,-0.359233,0.092066,3.141586,-0.000034,-0.000095
15.736594,-1.909996,-0.414953,-12.246248,-0.075001,-0.170375,0.027625,0.487479,-0.359149,0.092060,3.141586,-0.000035,-0.000094
15.740590,-1.909996,-0.414955,-12.246248,-0.075000,-0.170375,0.027625,0.487505,-0.359065,0.092056,3.141587,-0.000033,-0.000093
15.744553,-1.909995,-0.414948,-12.246248,-0.075001,-0.170375,0.027625,0.487531,-0.358979,0.092052,3.141584,-0.000039,-0.000088
15.748589,-1.909995,-0.414948,-12.246248,-0.075001,-0.170375,0.027625,0.487559,-0.358893,0.092046,3.141584,-0.000039,-0.000083
15.752589,-1.909995,-0.414941,-12.246248,-0.075001,-0.170375,0.027625,0.487585,-0.358807,0.092042,3.141582,-0.000045,-0.000071
15.756589,-1.909995,-0.414953,-12.246248,-0.075001,-0.170375,0.027625,0.487608,-0.358719,0.092032,3.141586,-0.000035,-0.000066
15.760588,-1.909995,-0.414947,-12.246248,-0.075001,-0.170375,0.027625,0.487636,-0.358634,0.092029,3.141584,-0.000040,-0.000054
15.764590,-1.909995,-0.414947,-12.246248,-0.075001,-0.170375,0.027625,0.487636,-0.358634,0.092029,3.141584,-0.000040,-0.000054
15.768596,-1.909995,-0.414953,-12.246248,-0.075001,-0.170375,0.027625,0.487662,-0.358547,0.092022,3.141586,-0.000035,-0.000043
15.772587,-1.909996,-0.414967,-12.246249,-0.075000,-0.170375,0.027625,0.487712,-0.358373,0.092008,3.141590,-0.000024,-0.000026
15.776595,-1.909996,-0.414969,-12.246249,-0.075000,-0.170375,0.027625,0.487738,-0.358290,0.092005,3.141591,-0.000022,-0.000025
15.780589,-2.079996,-0.504977,-13.246249,-0.075000,-0.188375,0.029625,0.487763,-0.358203,0.091999,-3.141591,-0.000015,-0.000027
15.784571,-2.079996,-0.504975,-13.246249,-0.075000,-0.188375,0.029625,0.487788,-0.358116,0.091999,-3.141592,-0.000017,-0.000035
15.788595,-2.079996,-0.504985,-13.246249,-0.075000,-0.188375,0.029625,0.487815,-0.358030,0.091994,-3.141589,-0.000009,-0.000050
15.792589,-2.079996,-0.504985,-13.246249,-0.075000,-0.188375,0.029625,0.487815,-0.358030,0.091994,-3.141589,-0.000009,-0.000050
15.796589,-2.079996,-0.504991,-13.246249,-0.075000,-0.188375,0.029625,0.487838,-0.357945,0.091993,-3.141587,-0.000004,-0.000056
15.800589,-2.079996,-0.504994,-13.246250,-0.075000,-0.188375,0.029625,0.487894,-0.357774,0.091991,-3.141586,-0.000001,-0.000073
15.804589,-2.079996,-0.504994,-13.246250,-0.075000,-0.188375,0.029625,0.487894,-0.357774,0.091991,-3.141586,-0.000001,-0.000073
15.808558,-2.079996,-0.504992,-13.246250,-0.075000,-0.188375,0.029625,0.487949,-0.357602,0.091992,-3.141587,-0.000003,-0.000083
15.812548,-2.079996,-0.504992,-13.246250,-0.075000,-0.188375,0.029625,0.487949,-0.357602,0.091992,-3.141587,-0.000003,-0.000083
15.816589,-2.079996,-0.504998,-13.246250,-0.075000,-0.188375,0.029625,0.488003,-0.357433,0.091992,-3.141585,0.000002,-0.000077
15.820589,-2.419996,-0.405002,-14.586250,-0.087000,-0.211375,0.031625,0.488029,-0.357347,0.091991,-3.141583,0.000005,-0.000112
15.824589,-2.419996,-0.405002,-14.586250,-0.087000,-0.211375,0.031625,0.488029,-0.357347,0.091991,-3.141583,0.000005,-0.000112
15.828589,-2.419996,-0.404996,-14.586250,-0.087000,-0.211375,0.031625,0.488057,-0.357264,0.091993,-3.141585,0.000000,-0.000105
15.832590,-2.419996,-0.404993,-14.586250,-0.087000,-0.211375,0.031625,0.488093,-0.357156,0.091993,-3.141586,-0.000002,-0.000059
15.836590,-2.419996,-0.404996,-14.586250,-0.087000,-0.211375,0.031625,0.488145,-0.356983,0.091990,-3.141585,0.000000,-0.000042
15.840590,-2.419996,-0.405001,-14.586250,-0.087000,-0.211375,0.031625,0.488173,-0.356895,0.091989,-3.141584,0.000004,-0.000033
15.844590,-2.419996,-0.405000,-14.586250,-0.087000,-0.211375,0.031625,0.488202,-0.356807,0.091989,-3.141584,0.000004,-0.000030
15.848598,-2.419996,-0.405003,-14.586250,-0.087000,-0.211375,0.031625,0.488228,-0.356718,0.091986,-3.141583,0.000006,-0.000020
15.852596,-2.419996,-0.405003,-14.586250,-0.087000,-0.211375,0.031625,0.488228,-0.356718,0.091986,-3.141583,0.000006,-0.000020
15.856616,-2.419996,-0.405012,-14.586250,-0.087000,-0.211375,0.031625,0.488280,-0.356542,0.091983,-3.141580,0.000013,-0.000026
15.860587,-2.419996,-0.405012,-14.586250,-0.087000,-0.211375,0.031625,0.488280,-0.356542,0.091983,-3.141580,0.000013,-0.000026
15.864589,-2.519996,-0.485018,-15.396250,-0.094000,-0.217375,0.034625,0.488306,-0.356453,0.091982,-3.141578,0.000018,-0.000023
15.868562,-2.519996,-0.485016,-15.396250,-0.094000,-0.217375,0.034625,0.488333,-0.356364,0.091981,-3.141579,0.000016,-0.000027
15.872596,-2.519996,-0.485032,-15.396251,-0.094000,-0.217375,0.034625,0.488357,-0.356274,0.091976,-3.141573,0.000030,-0.000030
15.876590,-2.519996,-0.485018,-15.396250,-0.094000,-0.217375,0.034625,0.488383,-0.356188,0.091979,-3.141578,0.000018,-0.000039
15.880591,-2.519996,-0.485023,-15.396250,-0.094000,-0.217375,0.034625,0.488409,-0.356099,0.091978,-3.141576,0.000023,-0.000043
15.884589,-2.519996,-0.485027,-15.396250,-0.094000,-0.217375,0.034625,0.488434,-0.356009,0.091976,-3.141575,0.000026,-0.000040
15.888589,-2.519996,-0.485027,-15.396250,-0.094000,-0.217375,0.034625,0.488461,-0.355923,0.091977,-3.141575,0.000026,-0.000048
15.892589,-2.519996,-0.485025,-15.396250,-0.094000,-0.217375,0.034625,0.488487,-0.355835,0.091976,-3.141576,0.000024,-0.000052
15.896589,-2.519996,-0.485023,-15.396250,-0.094000,-0.217375,0.034625,0.488514,-0.355746,0.091976,-3.141576,0.000023,-0.000042
15.900589,-2.519996,-0.485023,-15.396250,-0.094000,-0.217375,0.034625,0.488514,-0.355746,0.091976,-3.141576,0.000023,-0.000042
15.904589,-2.519996,-0.485013,-15.396250,-0.094000,-0.217375,0.034625,0.488568,-0.355571,0.091977,-3.141580,0.000014,-0.000034
15.908589,-2.509996,-0.465005,-15.646250,-0.100000,-0.215375,0.035625,0.488595,-0.355485,0.091979,-3.141582,0.000008,-0.000036
15.912602,-2.509996,-0.464997,-15.646249,-0.100000,-0.215375,0.035625,0.488624,-0.355397,0.091980,-3.141585,0.000001,-0.000033
15.916592,-2.509996,-0.464994,-15.646249,-0.100000,-0.215375,0.035625,0.488652,-0.355309,0.091979,-3.141586,-0.000001,-0.000030
15.920589,-2.509996,-0.464980,-15.646249,-0.100000,-0.215375,0.035625,0.488683,-0.355222,0.091982,-3.141591,-0.000013,-0.000068
15.924593,-2.509995,-0.464972,-15.646248,-0.100000,-0.215375,0.035625,0.488710,-0.355136,0.091984,3.141592,-0.000020,-0.000076
15.928589,-2.509995,-0.464963,-15.646248,-0.100000,-0.215375,0.035625,0.488745,-0.355028,0.091985,3.141589,-0.000027,-0.000037
15.932590,-2.509995,-0.464954,-15.646248,-0.100001,-0.215375,0.035625,0.488774,-0.354943,0.091985,3.141586,-0.000035,-0.000032
15.936590,-2.509995,-0.464940,-15.646247,-0.100001,-0.215375,0.035625,0.488803,-0.354858,0.091989,3.141582,-0.000046,-0.000034
15.940590,-2.509995,-0.464938,-15.646247,-0.100001,-0.215375,0.035625,0.488830,-0.354775,0.091989,3.141581,-0.000047,-0.000040
15.944589,-2.459995,-0.404938,-16.026247,-0.107001,-0.216375,0.036625,0.488855,-0.354691,0.091989,3.141581,-0.000048,-0.000046
15.948590,-2.459994,-0.404916,-16.026246,-0.107001,-0.216375,0.036625,0.488886,-0.354610,0.091993,3.141574,-0.000065,-0.000045
15.952589,-2.459994,-0.404921,-16.026247,-0.107001,-0.216375,0.036625,0.488909,-0.354528,0.091992,3.141576,-0.000061,-0.000049
15.956589,-2.459994,-0.404912,-16.026246,-0.107001,-0.216375,0.036625,0.488936,-0.354445,0.091992,3.141573,-0.000069,-0.000048
15.960589,-2.459994,-0.404903,-16.026246,-0.107001,-0.216375,0.036625,0.488963,-0.354363,0.091993,3.141570,-0.000076,-0.000048
15.964590,-2.459994,-0.404913,-16.026246,-0.107001,-0.216375,0.036625,0.488987,-0.354279,0.091988,3.141573,-0.000068,-0.000054
15.968562,-2.459994,-0.404904,-16.026246,-0.107001,-0.216375,0.036625,0.489013,-0.354198,0.091989,3.141570,-0.000076,-0.000058
15.972559,-2.459994,-0.404908,-16.026246,-0.107001,-0.216375,0.036625,0.489037,-0.354114,0.091987,3.141571,-0.000072,-0.000057
15.976590,-2.459994,-0.404913,-16.026246,-0.107001,-0.216375,0.036625,0.489062,-0.354030,0.091985,3.141573,-0.000068,-0.000057
15.980590,-2.419994,-0.594915,-16.036247,-0.096001,-0.218375,0.037625,0.489086,-0.353946,0.091982,3.141574,-0.000067,-0.000056
15.984590,-2.419994,-0.594920,-16.036247,-0.096001,-0.218375,0.037625,0.489111,-0.353862,0.091980,3.141575,-0.000063,-0.000062
15.988589,-2.419995,-0.594929,-16.036247,-0.096001,-0.218375,0.037625,0.489133,-0.353780,0.091975,3.141578,-0.000055,-0.000066
15.992589,-2.419994,-0.594928,-16.036247,-0.096001,-0.218375,0.037625,0.489161,-0.353695,0.091975,3.141578,-0.000056,-0.000068
15.996589,-2.419995,-0.594937,-16.036247,-0.096001,-0.218375,0.037625,0.489184,-0.353613,0.091971,3.141581,-0.000048,-0.000072
16.000604,-2.419995,-0.594942,-16.036248,-0.096001,-0.218375,0.037625,0.489210,-0.353527,0.091969,3.141582,-0.000044,-0.000073
16.004589,-2.419995,-0.594952,-16.036248,-0.096001,-0.218375,0.037625,0.489232,-0.353445,0.091965,3.141586,-0.000036,-0.000077
16.008589,-2.419995,-0.594944,-16.036248,-0.096001,-0.218375,0.037625,0.489261,-0.353363,0.091966,3.141583,-0.000042,-0.000083
16.012589,-2.419995,-0.594949,-16.036248,-0.096001,-0.218375,0.037625,0.489285,-0.353279,0.091964,3.141585,-0.000039,-0.000083
16.016592,-2.419995,-0.594966,-16.036248,-0.096000,-0.218375,0.037625,0.489308,-0.353195,0.091959,3.141590,-0.000024,-0.000089
16.020591,-2.529995,-0.524959,-15.926249,-0.095000,-0.223375,0.037625,0.489335,-0.353115,0.091961,3.141588,-0.000030,-0.000093
16.024589,-2.529995,-0.524957,-15.926248,-0.095000,-0.223375,0.037625,0.489361,-0.353031,0.091961,3.141587,-0.000032,-0.000099
16.028589,-2.529995,-0.524979,-15.926249,-0.095000,-0.223375,0.037625,0.489378,-0.352945,0.091953,-3.141591,-0.000014,-0.000132
16.032589,-2.529995,-0.524967,-15.926249,-0.095000,-0.223375,0.037625,0.489417,-0.352844,0.091958,3.141591,-0.000024,-0.000095
16.036596,-2.529995,-0.524972,-15.926249,-0.095000,-0.223375,0.037625,0.489443,-0.352764,0.091956,3.141592,-0.000019,-0.000092
16.040588,-2.529995,-0.524971,-15.926249,-0.095000,-0.223375,0.037625,0.489469,-0.352680,0.091956,3.141592,-0.000021,-0.000085
16.044594,-2.529995,-0.524976,-15.926249,-0.095000,-0.223375,0.037625,0.489495,-0.352600,0.091955,-3.141592,-0.000016,-0.000082
16.048590,-2.529995,-0.524974,-15.926249,-0.095000,-0.223375,0.037625,0.489520,-0.352519,0.091955,-3.141592,-0.000018,-0.000072
16.052562,-2.529996,-0.524986,-15.926250,-0.095000,-0.223375,0.037625,0.489545,-0.352436,0.091951,-3.141589,-0.000008,-0.000065
16.056548,-2.529996,-0.524998,-15.926250,-0.095000,-0.223375,0.037625,0.489567,-0.352354,0.091949,-3.141585,0.000002,-0.000062
16.060589,-2.669996,-0.524995,-16.496250,-0.095000,-0.233375,0.038625,0.489593,-0.352273,0.091948,-3.141586,-0.000000,-0.000053
16.064589,-2.669996,-0.525013,-16.496250,-0.095000,-0.233375,0.038625,0.489615,-0.352191,0.091943,-3.141580,0.000014,-0.000057
16.068564,-2.669996,-0.525013,-16.496250,-0.095000,-0.233375,0.038625,0.489643,-0.352109,0.091944,-3.141580,0.000014,-0.000049
16.072592,-2.669996,-0.525011,-16.496250,-0.095000,-0.233375,0.038625,0.489667,-0.352028,0.091944,-3.141580,0.000013,-0.000060
16.076590,-2.669997,-0.525022,-16.496251,-0.095000,-0.233375,0.038625,0.489692,-0.351944,0.091941,-3.141577,0.000022,-0.000059
16.080589,-2.669997,-0.525027,-16.496251,-0.095000,-0.233375,0.038625,0.489713,-0.351865,0.091939,-3.141575,0.000026,-0.000074
16.084589,-2.669997,-0.525033,-16.496251,-0.095000,-0.233375,0.038625,0.489739,-0.351781,0.091938,-3.141573,0.000031,-0.000081
16.088590,-2.669997,-0.525038,-16.496251,-0.095000,-0.233375,0.038625,0.489761,-0.351700,0.091936,-3.141572,0.000035,-0.000091
16.092589,-2.669997,-0.525038,-16.496251,-0.095000,-0.233375,0.038625,0.489761,-0.351700,0.091936,-3.141572,0.000035,-0.000091
16.096590,-2.669997,-0.525049,-16.496252,-0.094999,-0.233375,0.038625,0.489809,-0.351535,0.091934,-3.141568,0.000044,-0.000094
16.100589,-2.669997,-0.525049,-16.496252,-0.094999,-0.233375,0.038625,0.489809,-0.351535,0.091934,-3.141568,0.000044,-0.000094
16.104590,-2.719998,-0.575070,-16.946252,-0.099999,-0.236375,0.040625,0.489824,-0.351450,0.091926,-3.141561,0.000061,-0.000125
16.108596,-2.719997,-0.575045,-16.946251,-0.099999,-0.236375,0.040625,0.489882,-0.351289,0.091935,-3.141569,0.000041,-0.000108
16.112590,-2.719998,-0.575058,-16.946252,-0.099999,-0.236375,0.040625,0.489911,-0.351187,0.091933,-3.141565,0.000051,-0.000063
16.116589,-2.719998,-0.575058,-16.946252,-0.099999,-0.236375,0.040625,0.489911,-0.351187,0.091933,-3.141565,0.000051,-0.000063
16.120595,-2.719998,-0.575070,-16.946252,-0.099999,-0.236375,0.040625,0.489931,-0.351108,0.091930,-3.141561,0.000061,-0.000058
16.124594,-2.719998,-0.575067,-16.946252,-0.099999,-0.236375,0.040625,0.489983,-0.350941,0.091930,-3.141562,0.000059,-0.000029
16.128590,-2.719998,-0.575067,-16.946252,-0.099999,-0.236375,0.040625,0.490007,-0.350858,0.091931,-3.141563,0.000059,-0.000022
16.132589,-2.719998,-0.575067,-16.946252,-0.099999,-0.236375,0.040625,0.490033,-0.350777,0.091932,-3.141563,0.000059,-0.000019
16.136590,-2.719998,-0.575059,-16.946252,-0.099999,-0.236375,0.040625,0.490063,-0.350693,0.091934,-3.141565,0.000052,-0.000007
16.140589,-2.739998,-0.485059,-17.336252,-0.107999,-0.238375,0.041625,0.490087,-0.350609,0.091935,-3.141565,0.000052,-0.000014
16.144587,-2.739998,-0.485057,-17.336252,-0.107999,-0.238375,0.041625,0.490116,-0.350521,0.091935,-3.141566,0.000051,-0.000011
16.148597,-2.739998,-0.485057,-17.336252,-0.107999,-0.238375,0.041625,0.490116,-0.350521,0.091935,-3.141566,0.000051,-0.000011
16.152595,-2.739998,-0.485052,-17.336252,-0.107999,-0.238375,0.041625,0.490171,-0.350351,0.091939,-3.141567,0.000046,-0.000027
16.156589,-2.739998,-0.485052,-17.336252,-0.107999,-0.238375,0.041625,0.490171,-0.350351,0.091939,-3.141567,0.000046,-0.000027
16.160589,-2.739998,-0.485052,-17.336252,-0.107999,-0.238375,0.041625,0.490171,-0.350351,0.091939,-3.141567,0.000046,-0.000027
16.164587,-2.739998,-0.485050,-17.336252,-0.107999,-0.238375,0.041625,0.490198,-0.350265,0.091939,-3.141568,0.000045,-0.000036
16.168563,-2.739997,-0.485031,-17.336251,-0.108000,-0.238375,0.041625,0.490283,-0.350007,0.091947,-3.141574,0.000029,-0.000056
16.172589,-2.739997,-0.485024,-17.336251,-0.108000,-0.238375,0.041625,0.490309,-0.349924,0.091950,-3.141576,0.000023,-0.000069
16.176589,-2.739997,-0.485024,-17.336251,-0.108000,-0.238375,0.041625,0.490309,-0.349924,0.091950,-3.141576,0.000023,-0.000069
16.180591,-2.749997,-0.585016,-17.436251,-0.105000,-0.242375,0.044625,0.490364,-0.349754,0.091952,-3.141579,0.000017,-0.000079
16.184591,-2.749997,-0.585016,-17.436251,-0.105000,-0.242375,0.044625,0.490389,-0.349668,0.091953,-3.141579,0.000016,-0.000108
16.188589,-2.749997,-0.585016,-17.436251,-0.105000,-0.242375,0.044625,0.490389,-0.349668,0.091953,-3.141579,0.000016,-0.000108
16.192589,-2.749997,-0.585016,-17.436251,-0.105000,-0.242375,0.044625,0.490424,-0.349560,0.091954,-3.141579,0.000017,-0.000062
16.196589,-2.749997,-0.585016,-17.436251,-0.105000,-0.242375,0.044625,0.490424,-0.349560,0.091954,-3.141579,0.000017,-0.000062
16.200588,-2.749997,-0.585020,-17.436251,-0.105000,-0.242375,0.044625,0.490473,-0.349390,0.091953,-3.141578,0.000020,-0.000036
16.204587,-2.749996,-0.585013,-17.436251,-0.105000,-0.242375,0.044625,0.490500,-0.349305,0.091956,-3.141580,0.000015,-0.000024
16.208595,-2.749996,-0.585013,-17.436251,-0.105000,-0.242375,0.044625,0.490500,-0.349305,0.091956,-3.141580,0.000015,-0.000024
16.212594,-2.749996,-0.585006,-17.436251,-0.105000,-0.242375,0.044625,0.490553,-0.349134,0.091959,-3.141582,0.000009,0.000006
16.216590,-2.749996,-0.585007,-17.436251,-0.105000,-0.242375,0.044625,0.490578,-0.349050,0.091961,-3.141582,0.000010,0.000007
16.220591,-2.599996,-0.644994,-17.046250,-0.098000,-0.238375,0.042625,0.490635,-0.348878,0.091966,-3.141586,-0.000001,0.000022
16.224590,-2.599996,-0.644994,-17.046250,-0.098000,-0.238375,0.042625,0.490635,-0.348878,0.091966,-3.141586,-0.000001,0.000022
16.228600,-2.599996,-0.644995,-17.046250,-0.098000,-0.238375,0.042625,0.490662,-0.348792,0.091968,-3.141586,-0.000000,0.000020
16.232599,-2.599996,-0.644988,-17.046250,-0.098000,-0.238375,0.042625,0.490714,-0.348621,0.091972,-3.141588,-0.000006,-0.000003
16.236591,-2.599996,-0.644982,-17.046249,-0.098000,-0.238375,0.042625,0.490742,-0.348536,0.091974,-3.141590,-0.000012,-0.000018
16.240592,-2.599996,-0.644982,-17.046249,-0.098000,-0.238375,0.042625,0.490742,-0.348536,0.091974,-3.141590,-0.000012,-0.000018
16.244593,-2.599995,-0.644976,-17.046249,-0.098000,-0.238375,0.042625,0.490767,-0.348450,0.091978,-3.141592,-0.000016,-0.000034
16.248589,-2.599995,-0.644969,-17.046249,-0.098000,-0.238375,0.042625,0.490796,-0.348362,0.091980,3.141592,-0.000022,-0.000037
16.252597,-2.599995,-0.644971,-17.046249,-0.098000,-0.238375,0.042625,0.490823,-0.348277,0.091982,3.141592,-0.000021,-0.000052
16.256568,-2.599995,-0.644975,-17.046249,-0.098000,-0.238375,0.042625,0.490848,-0.348191,0.091981,-3.141592,-0.000017,-0.000068
16.260597,-2.659995,-0.514969,-16.576249,-0.097000,-0.237375,0.041625,0.490875,-0.348105,0.091983,3.141591,-0.000022,-0.000076
16.264589,-2.669995,-0.514967,-16.516249,-0.097000,-0.237375,0.041625,0.490904,-0.348018,0.091983,3.141591,-0.000024,-0.000073
16.268562,-2.669995,-0.514968,-16.516249,-0.097000,-0.237375,0.041625,0.490930,-0.347932,0.091985,3.141591,-0.000023,-0.000068
16.272590,-2.669995,-0.514967,-16.516249,-0.097000,-0.237375,0.041625,0.490957,-0.347847,0.091985,3.141591,-0.000024,-0.000056
16.276589,-2.669995,-0.514968,-16.516249,-0.097000,-0.237375,0.041625,0.490984,-0.347762,0.091987,3.141591,-0.000023,-0.000044
16.280589,-2.669995,-0.514966,-16.516249,-0.097000,-0.237375,0.041625,0.491011,-0.347676,0.091987,3.141591,-0.000024,-0.000026
16.284591,-2.669995,-0.514979,-16.516249,-0.097000,-0.237375,0.041625,0.491037,-0.347588,0.091984,-3.141591,-0.000014,-0.000036
16.288595,-2.669995,-0.514966,-16.516249,-0.097000,-0.237375,0.041625,0.491066,-0.347503,0.091989,3.141590,-0.000025,0.000009
16.292548,-2.669995,-0.514963,-16.516249,-0.097000,-0.237375,0.041625,0.491091,-0.347417,0.091988,3.141590,-0.000027,-0.000019
16.296589,-2.669996,-0.514982,-16.516250,-0.097000,-0.237375,0.041625,0.491122,-0.347308,0.091984,-3.141590,-0.000011,0.000020
16.300590,-2.669995,-0.514977,-16.516249,-0.097000,-0.237375,0.041625,0.491151,-0.347224,0.091988,-3.141591,-0.000016,0.000018
16.304590,-2.599995,-0.514975,-15.976249,-0.092000,-0.229375,0.040625,0.491179,-0.347136,0.091988,-3.141592,-0.000017,0.000014
16.308589,-2.599996,-0.514988,-15.976250,-0.092000,-0.229375,0.040625,0.491203,-0.347050,0.091985,-3.141588,-0.000007,0.000006
16.312590,-2.599996,-0.514994,-15.976250,-0.092000,-0.229375,0.040625,0.491230,-0.346964,0.091985,-3.141586,-0.000002,-0.000009
16.316589,-2.599996,-0.514995,-15.976250,-0.092000,-0.229375,0.040625,0.491256,-0.346879,0.091987,-3.141586,-0.000001,-0.000031
16.320589,-2.599996,-0.514993,-15.976250,-0.092000,-0.229375,0.040625,0.491284,-0.346791,0.091987,-3.141586,-0.000002,-0.000042
16.324590,-2.599996,-0.515005,-15.976251,-0.092000,-0.229375,0.040625,0.491308,-0.346705,0.091984,-3.141582,0.000008,-0.000057
16.328592,-2.599997,-0.515012,-15.976251,-0.092000,-0.229375,0.040625,0.491335,-0.346619,0.091983,-3.141580,0.000013,-0.000072
16.332587,-2.599997,-0.515010,-15.976251,-0.092000,-0.229375,0.040625,0.491361,-0.346534,0.091983,-3.141581,0.000012,-0.000087
16.336587,-2.599997,-0.515021,-15.976251,-0.092000,-0.229375,0.040625,0.491385,-0.346450,0.091980,-3.141577,0.000021,-0.000100
16.340590,-2.589997,-0.445027,-15.716251,-0.094000,-0.223375,0.039625,0.491410,-0.346367,0.091979,-3.141575,0.000026,-0.000099
16.344589,-2.589997,-0.445034,-15.716251,-0.094000,-0.223375,0.039625,0.491434,-0.346284,0.091979,-3.141574,0.000031,-0.000092
16.348590,-2.589997,-0.445034,-15.716251,-0.094000,-0.223375,0.039625,0.491461,-0.346201,0.091980,-3.141573,0.000031,-0.000084
16.352589,-2.589997,-0.445034,-15.716251,-0.094000,-0.223375,0.039625,0.491486,-0.346121,0.091981,-3.141573,0.000032,-0.000075
16.356590,-2.589998,-0.445046,-15.716252,-0.093999,-0.223375,0.039625,0.491508,-0.346036,0.091978,-3.141570,0.000042,-0.000061
16.360589,-2.589998,-0.445044,-15.716252,-0.093999,-0.223375,0.039625,0.491533,-0.345953,0.091978,-3.141570,0.000040,-0.000040
16.364589,-2.589998,-0.445039,-15.716252,-0.094000,-0.223375,0.039625,0.491560,-0.345871,0.091982,-3.141572,0.000036,-0.000032
16.368563,-2.589997,-0.445032,-15.716251,-0.094000,-0.223375,0.039625,0.491586,-0.345791,0.091984,-3.141574,0.000030,-0.000030
16.372592,-2.589997,-0.445038,-15.716252,-0.094000,-0.223375,0.039625,0.491610,-0.345707,0.091983,-3.141572,0.000035,-0.000022
16.376590,-2.589998,-0.445044,-15.716252,-0.094000,-0.223375,0.039625,0.491635,-0.345624,0.091982,-3.141570,0.000040,-0.000015
16.380589,-2.589998,-0.445044,-15.716252,-0.094000,-0.223375,0.039625,0.491665,-0.345520,0.091984,-3.141570,0.000040,-0.000019
16.384589,-2.449998,-0.495050,-15.816251,-0.097999,-0.215375,0.039625,0.491685,-0.345458,0.091983,-3.141568,0.000045,-0.000020
16.388589,-2.449998,-0.495049,-15.816251,-0.097999,-0.215375,0.039625,0.491710,-0.345375,0.091983,-3.141569,0.000044,-0.000027
16.392590,-2.449998,-0.495055,-15.816252,-0.097999,-0.215375,0.039625,0.491735,-0.345291,0.091982,-3.141567,0.000049,-0.000039
16.396590,-2.449999,-0.495061,-15.816252,-0.097999,-0.215375,0.039625,0.491759,-0.345208,0.091981,-3.141565,0.000054,-0.000052
16.400588,-2.449999,-0.495061,-15.816252,-0.097999,-0.215375,0.039625,0.491785,-0.345126,0.091982,-3.141565,0.000054,-0.000065
16.404589,-2.449999,-0.495067,-15.816252,-0.097999,-0.215375,0.039625,0.491810,-0.345042,0.091982,-3.141563,0.000059,-0.000078
16.408587,-2.449999,-0.495067,-15.816252,-0.097999,-0.215375,0.039625,0.491836,-0.344960,0.091983,-3.141563,0.000059,-0.000091
16.412590,-2.449999,-0.495066,-15.816252,-0.097999,-0.215375,0.039625,0.491861,-0.344876,0.091983,-3.141564,0.000058,-0.000144
16.416590,-2.449999,-0.495072,-15.816252,-0.097999,-0.215375,0.039625,0.491892,-0.344773,0.091983,-3.141561,0.000064,-0.000107
16.420589,-2.429999,-0.435060,-15.876252,-0.099999,-0.216375,0.038625,0.491907,-0.344709,0.091987,-3.141565,0.000053,-0.000143
16.424589,-2.429999,-0.435060,-15.876252,-0.099999,-0.216375,0.038625,0.491946,-0.344609,0.091988,-3.141565,0.000053,-0.000099
16.428589,-2.429999,-0.435060,-15.876252,-0.099999,-0.216375,0.038625,0.491946,-0.344609,0.091988,-3.141565,0.000053,-0.000099
16.432590,-2.429999,-0.435060,-15.876252,-0.099999,-0.216375,0.038625,0.491946,-0.344609,0.091988,-3.141565,0.000053,-0.000099
16.436590,-2.429998,-0.435053,-15.876252,-0.099999,-0.216375,0.038625,0.491971,-0.344526,0.091991,-3.141567,0.000048,-0.000092
16.440589,-2.429998,-0.435041,-15.876251,-0.100000,-0.216375,0.038625,0.492051,-0.344278,0.091997,-3.141571,0.000037,-0.000050
16.444590,-2.429998,-0.435041,-15.876251,-0.100000,-0.216375,0.038625,0.492077,-0.344196,0.091998,-3.141571,0.000037,-0.000036
16.448589,-2.429997,-0.435028,-15.876251,-0.100000,-0.216375,0.038625,0.492102,-0.344116,0.092003,-3.141575,0.000027,-0.000033
16.452589,-2.429998,-0.435040,-15.876251,-0.100000,-0.216375,0.038625,0.492126,-0.344029,0.092000,-3.141572,0.000037,-0.000014
16.456595,-2.499998,-0.395034,-15.786251,-0.102000,-0.220375,0.038625,0.492153,-0.343950,0.092003,-3.141573,0.000032,-0.000012
16.460589,-2.499998,-0.395040,-15.786251,-0.102000,-0.220375,0.038625,0.492177,-0.343866,0.092002,-3.141572,0.000037,-0.000004
16.464550,-2.499997,-0.375028,-15.736251,-0.102000,-0.220375,0.038625,0.492204,-0.343784,0.092007,-3.141575,0.000027,-0.000010
16.468561,-2.499998,-0.375034,-15.736251,-0.102000,-0.220375,0.038625,0.492228,-0.343701,0.092006,-3.141574,0.000032,-0.000016
16.472590,-2.499998,-0.375034,-15.736251,-0.102000,-0.220375,0.038625,0.492254,-0.343618,0.092007,-3.141574,0.000032,-0.000023
16.476589,-2.499997,-0.375027,-15.736251,-0.102000,-0.220375,0.038625,0.492280,-0.343533,0.092010,-3.141576,0.000026,-0.000031
16.480589,-2.499997,-0.375020,-15.736250,-0.102000,-0.220375,0.038625,0.492305,-0.343453,0.092011,-3.141578,0.000020,-0.000042
16.484587,-2.499997,-0.375013,-15.736250,-0.102000,-0.220375,0.038625,0.492330,-0.343370,0.092014,-3.141580,0.000015,-0.000054
16.488590,-2.499997,-0.375008,-15.736250,-0.102000,-0.220375,0.038625,0.492357,-0.343287,0.092018,-3.141582,0.000010,-0.000067
16.492591,-2.499997,-0.375014,-15.736250,-0.102000,-0.220375,0.038625,0.492381,-0.343204,0.092017,-3.141580,0.000016,-0.000073
16.496589,-2.499997,-0.375008,-15.736250,-0.102000,-0.220375,0.038625,0.492405,-0.343121,0.092020,-3.141582,0.000010,-0.000113
16.500589,-2.459997,-0.355009,-15.306251,-0.098000,-0.214375,0.036625,0.492430,-0.343037,0.092021,-3.141581,0.000011,-0.000072
16.504590,-2.459996,-0.354998,-15.306250,-0.098000,-0.214375,0.036625,0.492462,-0.342935,0.092027,-3.141585,0.000002,-0.000069
16.508589,-2.459996,-0.354999,-15.306250,-0.098000,-0.214375,0.036625,0.492486,-0.342852,0.092029,-3.141584,0.000003,-0.000062
16.512598,-2.459996,-0.354999,-15.306250,-0.098000,-0.214375,0.036625,0.492486,-0.342852,0.092029,-3.141584,0.000003,-0.000062
16.516589,-2.459996,-0.354987,-15.306250,-0.098000,-0.214375,0.036625,0.492537,-0.342686,0.092035,-3.141588,-0.000007,-0.000040
16.520590,-2.459996,-0.354987,-15.306250,-0.098000,-0.214375,0.036625,0.492537,-0.342686,0.092035,-3.141588,-0.000007,-0.000040
16.524590,-2.459996,-0.354987,-15.306250,-0.098000,-0.214375,0.036625,0.492537,-0.342686,0.092035,-3.141588,-0.000007,-0.000040
16.528589,-2.459996,-0.354988,-15.306250,-0.098000,-0.214375,0.036625,0.492613,-0.342438,0.092040,-3.141588,-0.000006,-0.000012
16.532589,-2.459996,-0.354989,-15.306250,-0.098000,-0.214375,0.036625,0.492637,-0.342354,0.092041,-3.141587,-0.000005,-0.000011
16.536590,-2.429996,-0.424989,-15.056250,-0.093000,-0.210375,0.036625,0.492665,-0.342269,0.092043,-3.141587,-0.000005,-0.000006
16.540607,-2.429996,-0.424988,-15.056250,-0.093000,-0.210375,0.036625,0.492691,-0.342184,0.092043,-3.141588,-0.000006,-0.000001
16.544600,-2.389995,-0.464969,-14.756249,-0.091000,-0.205375,0.035625,0.492723,-0.342098,0.092049,3.141592,-0.000022,0.000002
16.548588,-2.389995,-0.464975,-14.756249,-0.091000,-0.205375,0.035625,0.492748,-0.342013,0.092048,-3.141592,-0.000017,-0.000006
16.552594,-2.389995,-0.464968,-14.756249,-0.091000,-0.205375,0.035625,0.492777,-0.341926,0.092050,3.141591,-0.000023,-0.000003
16.556595,-2.389995,-0.464966,-14.756249,-0.091000,-0.205375,0.035625,0.492805,-0.341838,0.092050,3.141591,-0.000024,-0.000007
16.560589,-2.389995,-0.464972,-14.756249,-0.091000,-0.205375,0.035625,0.492830,-0.341753,0.092049,-3.141593,-0.000019,-0.000016
16.564589,-2.389995,-0.464965,-14.756249,-0.091000,-0.205375,0.035625,0.492858,-0.341668,0.092051,3.141590,-0.000026,-0.000031
16.568563,-2.389995,-0.464971,-14.756249,-0.091000,-0.205375,0.035625,0.492885,-0.341580,0.092050,3.141592,-0.000020,-0.000028
16.572590,-2.389995,-0.464971,-14.756249,-0.091000,-0.205375,0.035625,0.492885,-0.341580,0.092050,3.141592,-0.000020,-0.000028
16.576589,-2.389995,-0.464972,-14.756249,-0.091000,-0.205375,0.035625,0.492937,-0.341410,0.092053,3.141593,-0.000020,-0.000031
16.580589,-2.389995,-0.464972,-14.756249,-0.091000,-0.205375,0.035625,0.492937,-0.341410,0.092053,3.141593,-0.000020,-0.000031
16.584592,-2.189996,-0.394990,-13.926250,-0.090000,-0.188375,0.032625,0.492987,-0.341236,0.092050,-3.141587,-0.000004,-0.000030
16.588590,-2.189996,-0.394997,-13.926250,-0.090000,-0.188375,0.032625,0.493012,-0.341150,0.092049,-3.141585,0.000001,-0.000031
16.592590,-2.189996,-0.395003,-13.926250,-0.090000,-0.188375,0.032625,0.493037,-0.341065,0.092048,-3.141583,0.000006,-0.000026
16.596587,-2.189997,-0.395012,-13.926251,-0.090000,-0.188375,0.032625,0.493061,-0.340978,0.092044,-3.141580,0.000014,-0.000028
16.600587,-2.189997,-0.395012,-13.926251,-0.090000,-0.188375,0.032625,0.493089,-0.340891,0.092045,-3.141580,0.000014,-0.000025
16.604590,-2.189997,-0.395018,-13.926251,-0.090000,-0.188375,0.032625,0.493122,-0.340783,0.092044,-3.141579,0.000018,-0.000020
16.608592,-2.189997,-0.395018,-13.926251,-0.090000,-0.188375,0.032625,0.493122,-0.340783,0.092044,-3.141579,0.000018,-0.000020
16.612589,-2.189998,-0.395030,-13.926251,-0.090000,-0.188375,0.032625,0.493145,-0.340697,0.092041,-3.141575,0.000028,-0.000021
16.616590,-2.189998,-0.395030,-13.926251,-0.090000,-0.188375,0.032625,0.493145,-0.340697,0.092041,-3.141575,0.000028,-0.000021
16.620589,-2.189998,-0.395030,-13.926251,-0.090000,-0.188375,0.032625,0.493145,-0.340697,0.092041,-3.141575,0.000028,-0.000021
16.624589,-2.119998,-0.435040,-13.606251,-0.087000,-0.181375,0.031625,0.493222,-0.340438,0.092040,-3.141572,0.000037,-0.000022
16.628589,-2.109998,-0.435039,-13.506252,-0.087000,-0.180375,0.032625,0.493247,-0.340353,0.092040,-3.141572,0.000036,-0.000023
16.632590,-2.109999,-0.435051,-13.506252,-0.086999,-0.180375,0.032625,0.493272,-0.340264,0.092038,-3.141568,0.000046,-0.000027
16.636604,-2.109998,-0.435033,-13.506251,-0.087000,-0.180375,0.032625,0.493300,-0.340183,0.092044,-3.141574,0.000031,-0.000033
16.640591,-2.109998,-0.435039,-13.506252,-0.087000,-0.180375,0.032625,0.493325,-0.340097,0.092043,-3.141572,0.000036,-0.000041
16.644589,-2.109998,-0.435039,-13.506252,-0.087000,-0.180375,0.032625,0.493352,-0.340012,0.092044,-3.141572,0.000036,-0.000043
16.648589,-2.109998,-0.435039,-13.506252,-0.087000,-0.180375,0.032625,0.493378,-0.339930,0.092045,-3.141572,0.000036,-0.000049
16.652587,-2.109998,-0.435038,-13.506252,-0.087000,-0.180375,0.032625,0.493405,-0.339848,0.092045,-3.141573,0.000035,-0.000049
16.656589,-2.109998,-0.435041,-13.506252,-0.087000,-0.180375,0.032625,0.493425,-0.339763,0.092042,-3.141572,0.000038,-0.000088
16.660589,-2.109998,-0.435041,-13.506252,-0.087000,-0.180375,0.032625,0.493425,-0.339763,0.092042,-3.141572,0.000038,-0.000088
16.664597,-2.089997,-0.375023,-13.506251,-0.088000,-0.184375,0.031625,0.493479,-0.339596,0.092050,-3.141577,0.000023,-0.000089
16.668561,-2.089997,-0.375017,-13.506251,-0.088000,-0.184375,0.031625,0.493519,-0.339497,0.092053,-3.141579,0.000018,-0.000053
16.672591,-2.089997,-0.375022,-13.506251,-0.088000,-0.184375,0.031625,0.493545,-0.339412,0.092052,-3.141577,0.000022,-0.000054
16.676590,-2.089997,-0.375009,-13.506250,-0.088000,-0.184375,0.031625,0.493573,-0.339330,0.092055,-3.141582,0.000011,-0.000060
16.680561,-2.089997,-0.375023,-13.506251,-0.088000,-0.184375,0.031625,0.493593,-0.339242,0.092048,-3.141577,0.000023,-0.000102
16.684591,-2.089997,-0.375023,-13.506251,-0.088000,-0.184375,0.031625,0.493593,-0.339242,0.092048,-3.141577,0.000023,-0.000102
16.688588,-2.089996,-0.375004,-13.506250,-0.088000,-0.184375,0.031625,0.493652,-0.339080,0.092055,-3.141583,0.000007,-0.000074
16.692590,-2.089997,-0.375009,-13.506250,-0.088000,-0.184375,0.031625,0.493678,-0.338995,0.092053,-3.141581,0.000011,-0.000076
16.696563,-2.089997,-0.375007,-13.506250,-0.088000,-0.184375,0.031625,0.493702,-0.338912,0.092053,-3.141582,0.000010,-0.000082
16.700590,-2.049997,-0.505012,-13.386251,-0.080000,-0.181375,0.029625,0.493727,-0.338829,0.092051,-3.141580,0.000014,-0.000088
16.704589,-2.049997,-0.505011,-13.386251,-0.080000,-0.181375,0.029625,0.493752,-0.338744,0.092051,-3.141581,0.000013,-0.000083
16.708590,-2.049997,-0.505022,-13.386251,-0.080000,-0.181375,0.029625,0.493775,-0.338660,0.092048,-3.141577,0.000022,-0.000089
16.712591,-2.049997,-0.505022,-13.386251,-0.080000,-0.181375,0.029625,0.493800,-0.338578,0.092049,-3.141577,0.000022,-0.000095
16.716590,-2.049998,-0.505026,-13.386251,-0.080000,-0.181375,0.029625,0.493824,-0.338495,0.092047,-3.141576,0.000025,-0.000095
16.720590,-2.049998,-0.505032,-13.386251,-0.080000,-0.181375,0.029625,0.493848,-0.338409,0.092046,-3.141574,0.000030,-0.000090
16.724589,-2.049998,-0.505024,-13.386251,-0.080000,-0.181375,0.029625,0.493876,-0.338324,0.092048,-3.141577,0.000024,-0.000091
16.728589,-2.049998,-0.505031,-13.386251,-0.080000,-0.181375,0.029625,0.493899,-0.338241,0.092047,-3.141575,0.000029,-0.000091
16.732589,-2.049998,-0.505034,-13.386251,-0.080000,-0.181375,0.029625,0.493922,-0.338158,0.092044,-3.141574,0.000032,-0.000083
16.736590,-2.049998,-0.505034,-13.386251,-0.080000,-0.181375,0.029625,0.493947,-0.338075,0.092045,-3.141574,0.000032,-0.000076
16.740590,-2.079998,-0.495039,-12.976252,-0.077000,-0.182375,0.029625,0.493972,-0.337992,0.092044,-3.141572,0.000037,-0.000069
16.744589,-2.079999,-0.495043,-12.976252,-0.077000,-0.182375,0.029625,0.493994,-0.337911,0.092041,-3.141571,0.000040,-0.000066
16.748589,-2.079998,-0.495042,-12.976252,-0.077000,-0.182375,0.029625,0.494021,-0.337829,0.092041,-3.141571,0.000039,-0.000058
16.752598,-2.079998,-0.495042,-12.976252,-0.077000,-0.182375,0.029625,0.494044,-0.337749,0.092042,-3.141571,0.000039,-0.000062
16.756589,-2.079998,-0.495041,-12.976252,-0.077000,-0.182375,0.029625,0.494070,-0.337669,0.092043,-3.141572,0.000038,-0.000073
16.760591,-2.079998,-0.495039,-12.976252,-0.077000,-0.182375,0.029625,0.494095,-0.337587,0.092042,-3.141572,0.000036,-0.000079
16.764590,-2.079998,-0.495038,-12.976252,-0.077000,-0.182375,0.029625,0.494120,-0.337507,0.092042,-3.141573,0.000035,-0.000083
16.768561,-2.079998,-0.495032,-12.976252,-0.077000,-0.182375,0.029625,0.494148,-0.337425,0.092045,-3.141575,0.000030,-0.000089
16.772594,-2.079997,-0.495023,-12.976251,-0.077000,-0.182375,0.029625,0.494173,-0.337346,0.092046,-3.141577,0.000023,-0.000133
16.776589,-2.079997,-0.495010,-12.976251,-0.077000,-0.182375,0.029625,0.494208,-0.337244,0.092050,-3.141581,0.000012,-0.000097
16.780589,-2.129997,-0.405009,-12.886251,-0.081000,-0.182375,0.028625,0.494221,-0.337183,0.092050,-3.141581,0.000011,-0.000137
16.784589,-2.129997,-0.405003,-12.886250,-0.081000,-0.182375,0.028625,0.494261,-0.337083,0.092053,-3.141583,0.000006,-0.000100
16.788588,-2.129996,-0.404997,-12.886250,-0.081000,-0.182375,0.028625,0.494286,-0.337003,0.092056,-3.141585,0.000001,-0.000104
16.792589,-2.129996,-0.404988,-12.886250,-0.081000,-0.182375,0.028625,0.494312,-0.336924,0.092056,-3.141588,-0.000006,-0.000101
16.796589,-2.129995,-0.404982,-12.886249,-0.081000,-0.182375,0.028625,0.494339,-0.336842,0.092059,-3.141590,-0.000011,-0.000087
16.800595,-2.129995,-0.404981,-12.886249,-0.081000,-0.182375,0.028625,0.494366,-0.336760,0.092060,-3.141590,-0.000012,-0.000073
16.804590,-2.129995,-0.404975,-12.886249,-0.081000,-0.182375,0.028625,0.494391,-0.336680,0.092062,-3.141592,-0.000017,-0.000063
16.808596,-2.129994,-0.404967,-12.886249,-0.081000,-0.182375,0.028625,0.494417,-0.336601,0.092063,3.141591,-0.000024,-0.000054
16.812595,-2.129995,-0.404972,-12.886249,-0.081000,-0.182375,0.028625,0.494442,-0.336518,0.092062,-3.141593,-0.000020,-0.000040
16.816568,-2.129995,-0.404972,-12.886249,-0.081000,-0.182375,0.028625,0.494442,-0.336518,0.092062,-3.141593,-0.000020,-0.000040
16.820595,-2.129995,-0.404969,-12.886249,-0.081000,-0.182375,0.028625,0.494465,-0.336438,0.092061,3.141592,-0.000022,-0.000030
16.824590,-2.019995,-0.504974,-12.686249,-0.078000,-0.174375,0.029625,0.494490,-0.336355,0.092059,-3.141592,-0.000018,-0.000016
16.828592,-2.019995,-0.504982,-12.686250,-0.078000,-0.174375,0.029625,0.494538,-0.336192,0.092054,-3.141590,-0.000011,-0.000019
16.832589,-2.019996,-0.504993,-12.686250,-0.078000,-0.174375,0.029625,0.494560,-0.336108,0.092051,-3.141586,-0.000002,-0.000025
16.836591,-2.019996,-0.504991,-12.686250,-0.078000,-0.174375,0.029625,0.494587,-0.336024,0.092050,-3.141587,-0.000004,-0.000027
16.840590,-2.019996,-0.504995,-12.686250,-0.078000,-0.174375,0.029625,0.494611,-0.335938,0.092047,-3.141586,-0.000001,-0.000035
16.844589,-2.019996,-0.504993,-12.686250,-0.078000,-0.174375,0.029625,0.494636,-0.335853,0.092047,-3.141586,-0.000002,-0.000044
16.848553,-2.019997,-0.505004,-12.686251,-0.078000,-0.174375,0.029625,0.494660,-0.335767,0.092044,-3.141583,0.000007,-0.000052
16.852588,-2.019997,-0.505014,-12.686251,-0.078000,-0.174375,0.029625,0.494684,-0.335679,0.092040,-3.141580,0.000015,-0.000063
16.856593,-2.019998,-0.505025,-12.686251,-0.078000,-0.174375,0.029625,0.494707,-0.335593,0.092036,-3.141577,0.000025,-0.000071
16.860587,-1.859997,-0.465018,-12.046251,-0.075000,-0.162375,0.026625,0.494734,-0.335508,0.092038,-3.141579,0.000018,-0.000073
16.864589,-1.859997,-0.465016,-12.046251,-0.075000,-0.162375,0.026625,0.494761,-0.335421,0.092038,-3.141579,0.000017,-0.000076
16.868562,-1.859998,-0.465033,-12.046251,-0.075000,-0.162375,0.026625,0.494782,-0.335334,0.092033,-3.141574,0.000032,-0.000078
16.872590,-1.859997,-0.465005,-12.046250,-0.075000,-0.162375,0.026625,0.494812,-0.335251,0.092038,-3.141583,0.000008,-0.000107
16.876589,-1.859998,-0.465023,-12.046251,-0.075000,-0.162375,0.026625,0.494835,-0.335165,0.092034,-3.141577,0.000023,-0.000061
16.880589,-1.859997,-0.465002,-12.046250,-0.075000,-0.162375,0.026625,0.494865,-0.335081,0.092038,-3.141584,0.000006,-0.000090
16.884589,-1.859998,-0.465024,-12.046251,-0.075000,-0.162375,0.026625,0.494883,-0.334993,0.092030,-3.141577,0.000024,-0.000071
16.888590,-1.859998,-0.465019,-12.046251,-0.075000,-0.162375,0.026625,0.494923,-0.334889,0.092034,-3.141579,0.000020,-0.000019
16.892589,-1.859997,-0.465010,-12.046250,-0.075000,-0.162375,0.026625,0.494951,-0.334805,0.092035,-3.141581,0.000012,0.000000
16.896590,-1.919996,-0.395002,-11.976250,-0.077000,-0.166375,0.026625,0.494980,-0.334721,0.092036,-3.141584,0.000005,0.000005
16.900590,-1.919996,-0.395000,-11.976250,-0.077000,-0.166375,0.026625,0.495006,-0.334636,0.092035,-3.141584,0.000003,0.000010
16.904590,-1.959996,-0.374991,-12.056249,-0.078000,-0.170375,0.027625,0.495036,-0.334550,0.092036,-3.141587,-0.000004,0.000020
16.908590,-1.959995,-0.374986,-12.056249,-0.078000,-0.170375,0.027625,0.495063,-0.334465,0.092033,-3.141588,-0.000008,0.000018
16.912590,-1.959995,-0.374977,-12.056249,-0.078000,-0.170375,0.027625,0.495091,-0.334381,0.092034,-3.141591,-0.000015,0.000010
16.916589,-1.959995,-0.374977,-12.056249,-0.078000,-0.170375,0.027625,0.495091,-0.334381,0.092034,-3.141591,-0.000015,0.000010
16.920589,-1.959995,-0.374971,-12.056249,-0.078000,-0.170375,0.027625,0.495146,-0.334212,0.092031,3.141593,-0.000020,-0.000013
16.924591,-1.959995,-0.374975,-12.056249,-0.078000,-0.170375,0.027625,0.495171,-0.334125,0.092028,-3.141592,-0.000017,-0.000024
16.928591,-1.959994,-0.374967,-12.056248,-0.078000,-0.170375,0.027625,0.495200,-0.334041,0.092029,3.141591,-0.000024,-0.000039
16.932592,-1.959994,-0.374970,-12.056249,-0.078000,-0.170375,0.027625,0.495225,-0.333953,0.092027,3.141592,-0.000021,-0.000050
16.936591,-1.959994,-0.374968,-12.056249,-0.078000,-0.170375,0.027625,0.495252,-0.333868,0.092026,3.141592,-0.000023,-0.000065
16.940589,-1.989994,-0.404965,-12.116248,-0.073000,-0.175375,0.027625,0.495279,-0.333781,0.092025,3.141591,-0.000025,-0.000075
16.944589,-1.989994,-0.404969,-12.116248,-0.073000,-0.175375,0.027625,0.495305,-0.333693,0.092022,3.141592,-0.000022,-0.000079
16.948589,-1.989995,-0.404973,-12.116249,-0.073000,-0.175375,0.027625,0.495331,-0.333606,0.092019,-3.141592,-0.000019,-0.000076
16.952590,-1.989994,-0.404970,-12.116249,-0.073000,-0.175375,0.027625,0.495358,-0.333519,0.092019,3.141592,-0.000021,-0.000067
16.956590,-1.989994,-0.404963,-12.116248,-0.073000,-0.175375,0.027625,0.495386,-0.333432,0.092020,3.141590,-0.000028,-0.000050
16.960604,-1.989994,-0.404971,-12.116249,-0.073000,-0.175375,0.027625,0.495411,-0.333344,0.092015,3.141593,-0.000020,-0.000034
16.964587,-1.989995,-0.404975,-12.116249,-0.073000,-0.175375,0.027625,0.495437,-0.333256,0.092012,-3.141592,-0.000017,-0.000011
16.968562,-1.989996,-0.404990,-12.116249,-0.073000,-0.175375,0.027625,0.495460,-0.333168,0.092005,-3.141587,-0.000005,0.000006
16.972564,-1.989996,-0.404993,-12.116249,-0.073000,-0.175375,0.027625,0.495486,-0.333080,0.092003,-3.141586,-0.000002,0.000015
16.976597,-1.989996,-0.404993,-12.116249,-0.073000,-0.175375,0.027625,0.495486,-0.333080,0.092003,-3.141586,-0.000002,0.000015
16.980590,-2.049996,-0.475002,-12.106250,-0.069000,-0.176375,0.027625,0.495538,-0.332905,0.091999,-3.141584,0.000005,0.000014
16.984615,-2.049996,-0.475003,-12.106250,-0.069000,-0.176375,0.027625,0.495572,-0.332795,0.091995,-3.141583,0.000007,0.000011
16.988589,-2.049996,-0.475002,-12.106250,-0.069000,-0.176375,0.027625,0.495593,-0.332731,0.091994,-3.141584,0.000005,-0.000000
16.992591,-2.049997,-0.475013,-12.106250,-0.069000,-0.176375,0.027625,0.495618,-0.332643,0.091991,-3.141580,0.000015,-0.000011
16.996590,-2.049997,-0.475005,-12.106250,-0.069000,-0.176375,0.027625,0.495647,-0.332557,0.091992,-3.141583,0.000008,-0.000021
17.000590,-2.049997,-0.475013,-12.106250,-0.069000,-0.176375,0.027625,0.495672,-0.332469,0.091987,-3.141580,0.000015,-0.000039
17.004590,-2.049997,-0.475005,-12.106250,-0.069000,-0.176375,0.027625,0.495703,-0.332380,0.091988,-3.141583,0.000008,-0.000051
17.008589,-2.049997,-0.475007,-12.106250,-0.069000,-0.176375,0.027625,0.495729,-0.332296,0.091984,-3.141582,0.000010,-0.000067
17.012587,-2.049996,-0.474999,-12.106250,-0.069000,-0.176375,0.027625,0.495759,-0.332209,0.091985,-3.141585,0.000003,-0.000084
17.016594,-2.049996,-0.474996,-12.106250,-0.069000,-0.176375,0.027625,0.495786,-0.332122,0.091984,-3.141585,0.000001,-0.000094
17.020589,-2.049996,-0.474996,-12.106250,-0.069000,-0.176375,0.027625,0.495786,-0.332122,0.091984,-3.141585,0.000001,-0.000094
17.024592,-2.109996,-0.434996,-12.546250,-0.074000,-0.179375,0.028625,0.495840,-0.331948,0.091980,-3.141585,0.000001,-0.000136
17.028590,-2.109996,-0.434986,-12.546249,-0.074000,-0.179375,0.028625,0.495868,-0.331861,0.091979,-3.141588,-0.000008,-0.000126
17.032599,-2.109996,-0.434997,-12.546250,-0.074000,-0.179375,0.028625,0.495902,-0.331754,0.091976,-3.141585,0.000001,-0.000080
17.036589,-2.109996,-0.434989,-12.546250,-0.074000,-0.179375,0.028625,0.495930,-0.331670,0.091977,-3.141588,-0.000006,-0.000062
17.040590,-2.109996,-0.434991,-12.546250,-0.074000,-0.179375,0.028625,0.495954,-0.331588,0.091973,-3.141587,-0.000004,-0.000055
17.044595,-2.109996,-0.434991,-12.546250,-0.074000,-0.179375,0.028625,0.495954,-0.331588,0.091973,-3.141587,-0.000004,-0.000055
17.048590,-2.109996,-0.434994,-12.546250,-0.074000,-0.179375,0.028625,0.496007,-0.331421,0.091971,-3.141586,-0.000001,-0.000035
17.052591,-2.109996,-0.434991,-12.546250,-0.074000,-0.179375,0.028625,0.496034,-0.331337,0.091969,-3.141587,-0.000004,-0.000023
17.056589,-2.109996,-0.434991,-12.546250,-0.074000,-0.179375,0.028625,0.496034,-0.331337,0.091969,-3.141587,-0.000004,-0.000023
17.060592,-2.109996,-0.454998,-13.146249,-0.080000,-0.180375,0.029625,0.496085,-0.331170,0.091964,-3.141585,0.000002,-0.000024
17.064588,-2.109996,-0.455000,-13.146249,-0.080000,-0.180375,0.029625,0.496110,-0.331086,0.091960,-3.141584,0.000004,-0.000026
17.068560,-2.109996,-0.455000,-13.146249,-0.080000,-0.180375,0.029625,0.496110,-0.331086,0.091960,-3.141584,0.000004,-0.000026
17.072594,-2.109996,-0.454997,-13.146249,-0.080000,-0.180375,0.029625,0.496138,-0.331001,0.091958,-3.141585,0.000001,-0.000034
17.076592,-2.109997,-0.455002,-13.146250,-0.080000,-0.180375,0.029625,0.496187,-0.330834,0.091951,-3.141584,0.000005,-0.000062
17.080590,-2.109997,-0.455007,-13.146250,-0.080000,-0.180375,0.029625,0.496211,-0.330751,0.091950,-3.141582,0.000010,-0.000082
17.084592,-2.109998,-0.455016,-13.146250,-0.080000,-0.180375,0.029625,0.496234,-0.330666,0.091945,-3.141580,0.000017,-0.000090
17.088592,-2.109997,-0.455012,-13.146250,-0.080000,-0.180375,0.029625,0.496262,-0.330581,0.091943,-3.141581,0.000014,-0.000105
17.092588,-2.109997,-0.455012,-13.146250,-0.080000,-0.180375,0.029625,0.496262,-0.330581,0.091943,-3.141581,0.000014,-0.000105
17.096591,-2.109997,-0.455010,-13.146250,-0.080000,-0.180375,0.029625,0.496286,-0.330499,0.091942,-3.141581,0.000012,-0.000118
17.100599,-2.109998,-0.455026,-13.146250,-0.080000,-0.180375,0.029625,0.496308,-0.330413,0.091936,-3.141577,0.000026,-0.000113
17.104590,-2.039998,-0.425025,-13.526251,-0.086000,-0.180375,0.029625,0.496335,-0.330329,0.091936,-3.141577,0.000025,-0.000115
17.108591,-2.039998,-0.425028,-13.526251,-0.086000,-0.180375,0.029625,0.496361,-0.330244,0.091933,-3.141576,0.000027,-0.000103
17.112589,-2.039998,-0.425019,-13.526250,-0.086000,-0.180375,0.029625,0.496387,-0.330162,0.091934,-3.141579,0.000020,-0.000096
17.116592,-2.039997,-0.425016,-13.526250,-0.086000,-0.180375,0.029625,0.496440,-0.329993,0.091933,-3.141580,0.000017,-0.000072
17.120595,-2.039997,-0.425016,-13.526250,-0.086000,-0.180375,0.029625,0.496440,-0.329993,0.091933,-3.141580,0.000017,-0.000072
17.124590,-2.039997,-0.425015,-13.526250,-0.086000,-0.180375,0.029625,0.496467,-0.329909,0.091933,-3.141580,0.000016,-0.000060
17.128597,-2.039996,-0.424991,-13.526249,-0.086000,-0.180375,0.029625,0.496494,-0.329828,0.091936,-3.141587,-0.000004,-0.000086
17.132595,-2.039996,-0.424995,-13.526249,-0.086000,-0.180375,0.029625,0.496521,-0.329743,0.091933,-3.141586,-0.000000,-0.000074
17.136555,-2.039996,-0.425000,-13.526250,-0.086000,-0.180375,0.029625,0.496553,-0.329641,0.091931,-3.141584,0.000004,-0.000031
17.140620,-2.179995,-0.394983,-14.206249,-0.090000,-0.195375,0.032625,0.496573,-0.329580,0.091932,-3.141589,-0.000010,-0.000060
17.144623,-2.179996,-0.394988,-14.206249,-0.090000,-0.195375,0.032625,0.496605,-0.329478,0.091931,-3.141588,-0.000007,-0.000023
17.148618,-2.179995,-0.394984,-14.206249,-0.090000,-0.195375,0.032625,0.496630,-0.329396,0.091929,-3.141589,-0.000009,-0.000029
17.152610,-2.179995,-0.394981,-14.206249,-0.090000,-0.195375,0.032625,0.496655,-0.329316,0.091927,-3.141590,-0.000012,-0.000033
17.156612,-2.179995,-0.394976,-14.206249,-0.090000,-0.195375,0.032625,0.496684,-0.329233,0.091925,-3.141591,-0.000016,-0.000041
17.160604,-2.179995,-0.394981,-14.206249,-0.090000,-0.195375,0.032625,0.496709,-0.329151,0.091922,-3.141590,-0.000013,-0.000048
17.164599,-2.179994,-0.394971,-14.206249,-0.090000,-0.195375,0.032625,0.496737,-0.329069,0.091922,3.141593,-0.000021,-0.000060
17.168533,-2.179995,-0.394975,-14.206249,-0.090000,-0.195375,0.032625,0.496760,-0.328989,0.091920,-3.141591,-0.000017,-0.000078
17.172535,-2.179994,-0.394972,-14.206249,-0.090000,-0.195375,0.032625,0.496787,-0.328905,0.091918,-3.141592,-0.000020,-0.000079
17.176584,-2.179994,-0.394962,-14.206248,-0.090000,-0.195375,0.032625,0.496814,-0.328826,0.091918,3.141590,-0.000028,-0.000090
17.180587,-2.319994,-0.404971,-14.586249,-0.091000,-0.207375,0.035625,0.496840,-0.328742,0.091913,-3.141593,-0.000021,-0.000078
17.184590,-2.319994,-0.404968,-14.586249,-0.091000,-0.207375,0.035625,0.496864,-0.328662,0.091912,3.141592,-0.000023,-0.000082
17.188589,-2.319994,-0.404964,-14.586249,-0.091000,-0.207375,0.035625,0.496890,-0.328580,0.091910,3.141591,-0.000026,-0.000075
17.192590,-2.319993,-0.404956,-14.586248,-0.091000,-0.207375,0.035625,0.496916,-0.328499,0.091911,3.141588,-0.000034,-0.000061
17.196589,-2.319994,-0.404966,-14.586249,-0.091000,-0.207375,0.035625,0.496938,-0.328416,0.091907,3.141591,-0.000025,-0.000053
17.200588,-2.319993,-0.404962,-14.586248,-0.091000,-0.207375,0.035625,0.496963,-0.328336,0.091905,3.141590,-0.000028,-0.000044
17.204592,-2.319993,-0.404959,-14.586248,-0.091000,-0.207375,0.035625,0.496988,-0.328254,0.091903,3.141589,-0.000031,-0.000030
17.208590,-2.319994,-0.404969,-14.586249,-0.091000,-0.207375,0.035625,0.497011,-0.328171,0.091899,3.141592,-0.000022,-0.000022
17.212590,-2.319994,-0.404966,-14.586249,-0.091000,-0.207375,0.035625,0.497037,-0.328089,0.091897,3.141591,-0.000025,-0.000015
17.216590,-2.359993,-0.414957,-14.776248,-0.090000,-0.210375,0.035625,0.497062,-0.328008,0.091898,3.141589,-0.000032,-0.000001
17.220590,-2.379994,-0.444967,-14.956249,-0.090000,-0.211375,0.036625,0.497085,-0.327925,0.091894,3.141592,-0.000024,0.000006
17.224589,-2.379994,-0.444971,-14.956249,-0.090000,-0.211375,0.036625,0.497110,-0.327843,0.091892,-3.141593,-0.000020,0.000014
17.228589,-2.379994,-0.444968,-14.956249,-0.090000,-0.211375,0.036625,0.497134,-0.327763,0.091890,3.141592,-0.000023,0.000010
17.232591,-2.379995,-0.444978,-14.956249,-0.090000,-0.211375,0.036625,0.497158,-0.327678,0.091886,-3.141591,-0.000015,0.000015
17.236591,-2.379995,-0.444982,-14.956249,-0.090000,-0.211375,0.036625,0.497183,-0.327596,0.091883,-3.141589,-0.000011,0.000009
17.240590,-2.379994,-0.444974,-14.956249,-0.090000,-0.211375,0.036625,0.497209,-0.327514,0.091884,-3.141592,-0.000018,-0.000004
17.244589,-2.379995,-0.444978,-14.956249,-0.090000,-0.211375,0.036625,0.497234,-0.327432,0.091882,-3.141591,-0.000015,-0.000010
17.248594,-2.379995,-0.444982,-14.956249,-0.090000,-0.211375,0.036625,0.497259,-0.327350,0.091880,-3.141589,-0.000012,-0.000016
17.252591,-2.379994,-0.444973,-14.956249,-0.090000,-0.211375,0.036625,0.497284,-0.327268,0.091881,-3.141592,-0.000019,-0.000022
17.256587,-2.379995,-0.444977,-14.956249,-0.090000,-0.211375,0.036625,0.497309,-0.327186,0.091878,-3.141591,-0.000015,-0.000028
17.260590,-2.499995,-0.484980,-15.506249,-0.095000,-0.216375,0.038625,0.497332,-0.327103,0.091875,-3.141590,-0.000013,-0.000028
17.264589,-2.499995,-0.484984,-15.506249,-0.095000,-0.216375,0.038625,0.497357,-0.327021,0.091872,-3.141589,-0.000010,-0.000027
17.268559,-2.499995,-0.484981,-15.506249,-0.095000,-0.216375,0.038625,0.497382,-0.326939,0.091871,-3.141590,-0.000013,-0.000067
17.272590,-2.499995,-0.484980,-15.506249,-0.095000,-0.216375,0.038625,0.497407,-0.326857,0.091871,-3.141590,-0.000013,-0.000066
17.276589,-2.499995,-0.484976,-15.506249,-0.095000,-0.216375,0.038625,0.497433,-0.326775,0.091869,-3.141591,-0.000016,-0.000066
17.280555,-2.499995,-0.484979,-15.506249,-0.095000,-0.216375,0.038625,0.497451,-0.326691,0.091866,-3.141590,-0.000014,-0.000065
17.284619,-2.499994,-0.484972,-15.506249,-0.095000,-0.216375,0.038625,0.497478,-0.326609,0.091868,-3.141592,-0.000020,-0.000065
17.288596,-2.499995,-0.484976,-15.506249,-0.095000,-0.216375,0.038625,0.497516,-0.326507,0.091866,-3.141591,-0.000016,-0.000023
17.292614,-2.499994,-0.484975,-15.506249,-0.095000,-0.216375,0.038625,0.497541,-0.326425,0.091866,-3.141591,-0.000017,-0.000023
17.296615,-2.519994,-0.424972,-15.986248,-0.103000,-0.218375,0.038625,0.497566,-0.326343,0.091864,-3.141592,-0.000020,-0.000022
17.300610,-2.509995,-0.434976,-16.096249,-0.103000,-0.217375,0.038625,0.497591,-0.326261,0.091862,-3.141591,-0.000016,-0.000022
17.304605,-2.509994,-0.434975,-16.096249,-0.103000,-0.217375,0.038625,0.497615,-0.326179,0.091862,-3.141591,-0.000017,-0.000028
17.308598,-2.509995,-0.434979,-16.096249,-0.103000,-0.217375,0.038625,0.497640,-0.326097,0.091860,-3.141590,-0.000014,-0.000027
17.312582,-2.509995,-0.434983,-16.096250,-0.103000,-0.217375,0.038625,0.497665,-0.326015,0.091858,-3.141589,-0.000010,-0.000026
17.316600,-2.509995,-0.434982,-16.096250,-0.103000,-0.217375,0.038625,0.497689,-0.325933,0.091858,-3.141589,-0.000011,-0.000033
17.320594,-2.509995,-0.434979,-16.096249,-0.103000,-0.217375,0.038625,0.497715,-0.325851,0.091856,-3.141590,-0.000014,-0.000039
17.324564,-2.509995,-0.434983,-16.096250,-0.103000,-0.217375,0.038625,0.497739,-0.325769,0.091854,-3.141589,-0.000011,-0.000045
17.328563,-2.509995,-0.434987,-16.096250,-0.103000,-0.217375,0.038625,0.497765,-0.325684,0.091851,-3.141588,-0.000007,-0.000046
17.332589,-2.509995,-0.434986,-16.096250,-0.103000,-0.217375,0.038625,0.497790,-0.325602,0.091852,-3.141588,-0.000008,-0.000053
17.336593,-2.509996,-0.434996,-16.096250,-0.103000,-0.217375,0.038625,0.497815,-0.325515,0.091847,-3.141585,0.000001,-0.000050
17.340557,-2.539996,-0.454994,-16.576250,-0.106000,-0.222375,0.041625,0.497840,-0.325430,0.091847,-3.141586,-0.000001,-0.000051
17.344552,-2.539996,-0.454998,-16.576250,-0.106000,-0.222375,0.041625,0.497867,-0.325343,0.091844,-3.141585,0.000002,-0.000055
17.348552,-2.539997,-0.455003,-16.576250,-0.106000,-0.222375,0.041625,0.497892,-0.325258,0.091843,-3.141583,0.000006,-0.000057
17.352552,-2.539997,-0.455008,-16.576250,-0.106000,-0.222375,0.041625,0.497919,-0.325169,0.091841,-3.141582,0.000011,-0.000049
17.356548,-2.539997,-0.455007,-16.576250,-0.106000,-0.222375,0.041625,0.497946,-0.325082,0.091841,-3.141582,0.000010,-0.000053
17.360548,-2.539997,-0.455012,-16.576250,-0.106000,-0.222375,0.041625,0.497972,-0.324995,0.091840,-3.141581,0.000014,-0.000057
17.364553,-2.539997,-0.455010,-16.576250,-0.106000,-0.222375,0.041625,0.497996,-0.324910,0.091839,-3.141582,0.000012,-0.000065
17.368552,-2.539997,-0.455009,-16.576250,-0.106000,-0.222375,0.041625,0.498024,-0.324824,0.091839,-3.141582,0.000011,-0.000069
17.372551,-2.539997,-0.455008,-16.576250,-0.106000,-0.222375,0.041625,0.498052,-0.324737,0.091840,-3.141582,0.000010,-0.000066
17.376551,-2.599998,-0.455013,-16.906250,-0.108000,-0.230375,0.041625,0.498077,-0.324650,0.091838,-3.141581,0.000015,-0.000070
17.380553,-2.619997,-0.475011,-17.096251,-0.107000,-0.234375,0.042625,0.498110,-0.324543,0.091838,-3.141581,0.000013,-0.000078
17.384549,-2.619998,-0.475016,-17.096251,-0.107000,-0.234375,0.042625,0.498122,-0.324476,0.091836,-3.141580,0.000017,-0.000123
17.388540,-2.619998,-0.475013,-17.096251,-0.107000,-0.234375,0.042625,0.498161,-0.324372,0.091835,-3.141581,0.000014,-0.000084
17.392550,-2.619998,-0.475013,-17.096251,-0.107000,-0.234375,0.042625,0.498187,-0.324285,0.091836,-3.141581,0.000014,-0.000088
17.396551,-2.619998,-0.475017,-17.096251,-0.107000,-0.234375,0.042625,0.498213,-0.324200,0.091833,-3.141580,0.000018,-0.000089
17.400561,-2.619998,-0.475022,-17.096251,-0.107000,-0.234375,0.042625,0.498238,-0.324113,0.091832,-3.141578,0.000022,-0.000086
17.404553,-2.619998,-0.475018,-17.096251,-0.107000,-0.234375,0.042625,0.498266,-0.324027,0.091830,-3.141579,0.000019,-0.000083
17.408548,-2.619998,-0.475017,-17.096251,-0.107000,-0.234375,0.042625,0.498292,-0.323943,0.091830,-3.141579,0.000019,-0.000085
17.412552,-2.619998,-0.475014,-17.096251,-0.107000,-0.234375,0.042625,0.498320,-0.323856,0.091829,-3.141580,0.000016,-0.000075
17.416552,-2.619997,-0.475005,-17.096250,-0.107000,-0.234375,0.042625,0.498348,-0.323770,0.091830,-3.141583,0.000008,-0.000073
17.420553,-2.749997,-0.555002,-17.676250,-0.106000,-0.245375,0.043625,0.498375,-0.323683,0.091828,-3.141584,0.000005,-0.000070
17.424552,-2.749997,-0.555006,-17.676250,-0.106000,-0.245375,0.043625,0.498401,-0.323599,0.091826,-3.141583,0.000009,-0.000071
17.428551,-2.749997,-0.555006,-17.676250,-0.106000,-0.245375,0.043625,0.498401,-0.323599,0.091826,-3.141583,0.000009,-0.000071
17.432551,-2.749996,-0.554998,-17.676250,-0.106000,-0.245375,0.043625,0.498429,-0.323513,0.091826,-3.141585,0.000002,-0.000075
17.436554,-2.749996,-0.554993,-17.676250,-0.106000,-0.245375,0.043625,0.498484,-0.323340,0.091825,-3.141586,-0.000002,-0.000089
17.440589,-2.749996,-0.554992,-17.676250,-0.106000,-0.245375,0.043625,0.498511,-0.323253,0.091825,-3.141587,-0.000003,-0.000093
17.444590,-2.749996,-0.554991,-17.676250,-0.106000,-0.245375,0.043625,0.498540,-0.323164,0.091825,-3.141587,-0.000004,-0.000093
17.448590,-2.749995,-0.554983,-17.676249,-0.106000,-0.245375,0.043625,0.498568,-0.323078,0.091826,-3.141589,-0.000011,-0.000096
17.452590,-2.749995,-0.554982,-17.676249,-0.106000,-0.245375,0.043625,0.498595,-0.322991,0.091827,-3.141589,-0.000012,-0.000100
17.456554,-2.909995,-0.584981,-18.116249,-0.108000,-0.254375,0.045625,0.498622,-0.322905,0.091827,-3.141590,-0.000012,-0.000097
17.460589,-2.909994,-0.584972,-18.116249,-0.108000,-0.254375,0.045625,0.498652,-0.322816,0.091828,-3.141592,-0.000020,-0.000097
17.464595,-2.909994,-0.584971,-18.116249,-0.108000,-0.254375,0.045625,0.498678,-0.322732,0.091828,-3.141592,-0.000021,-0.000105
17.468590,-2.909993,-0.584963,-18.116248,-0.108000,-0.254375,0.045625,0.498707,-0.322643,0.091829,3.141591,-0.000028,-0.000098
17.472588,-2.909993,-0.584962,-18.116248,-0.108000,-0.254375,0.045625,0.498733,-0.322559,0.091829,3.141590,-0.000029,-0.000093
17.476592,-2.909993,-0.584961,-18.116248,-0.108000,-0.254375,0.045625,0.498761,-0.322470,0.091829,3.141590,-0.000029,-0.000078
17.480591,-2.909992,-0.584947,-18.116248,-0.108001,-0.254375,0.045625,0.498789,-0.322384,0.091833,3.141586,-0.000041,-0.000076
17.484599,-2.909992,-0.584951,-18.116248,-0.108001,-0.254375,0.045625,0.498816,-0.322297,0.091830,3.141587,-0.000037,-0.000066
17.488595,-2.909993,-0.584957,-18.116248,-0.108000,-0.254375,0.045625,0.498841,-0.322210,0.091829,3.141589,-0.000033,-0.000056
17.492590,-2.909992,-0.584948,-18.116248,-0.108001,-0.254375,0.045625,0.498869,-0.322124,0.091830,3.141586,-0.000040,-0.000053
17.496590,-2.909992,-0.584947,-18.116248,-0.108001,-0.254375,0.045625,0.498896,-0.322037,0.091830,3.141586,-0.000041,-0.000051
17.500571,-2.879992,-0.724951,-18.496248,-0.105001,-0.253375,0.047625,0.498923,-0.321951,0.091828,3.141587,-0.000038,-0.000088
17.504556,-2.879993,-0.724958,-18.496248,-0.105000,-0.253375,0.047625,0.498949,-0.321864,0.091827,3.141589,-0.000032,-0.000092
17.508532,-2.879994,-0.724974,-18.496249,-0.105000,-0.253375,0.047625,0.498970,-0.321773,0.091821,-3.141592,-0.000019,-0.000098
17.512546,-2.879994,-0.724974,-18.496249,-0.105000,-0.253375,0.047625,0.498970,-0.321773,0.091821,-3.141592,-0.000019,-0.000098
17.516623,-2.879993,-0.724962,-18.496248,-0.105000,-0.253375,0.047625,0.498997,-0.321686,0.091827,3.141590,-0.000028,-0.000102
17.520617,-2.879994,-0.724969,-18.496249,-0.105000,-0.253375,0.047625,0.499037,-0.321579,0.091826,3.141592,-0.000023,-0.000065
17.524609,-2.879994,-0.724969,-18.496249,-0.105000,-0.253375,0.047625,0.499062,-0.321492,0.091827,3.141592,-0.000023,-0.000076
17.528603,-2.879994,-0.724976,-18.496249,-0.105000,-0.253375,0.047625,0.499090,-0.321403,0.091827,-3.141591,-0.000017,-0.000075
17.532604,-2.879994,-0.724970,-18.496249,-0.105000,-0.253375,0.047625,0.499116,-0.321319,0.091830,3.141592,-0.000022,-0.000083
17.536603,-2.879994,-0.724970,-18.496249,-0.105000,-0.253375,0.047625,0.499116,-0.321319,0.091830,3.141592,-0.000022,-0.000083
17.540535,-2.809994,-0.734978,-18.536249,-0.108000,-0.249375,0.046625,0.499189,-0.321065,0.091833,-3.141591,-0.000015,-0.000095
17.544559,-2.809995,-0.734984,-18.536249,-0.108000,-0.249375,0.046625,0.499213,-0.320983,0.091832,-3.141589,-0.000010,-0.000094
17.548556,-2.809995,-0.734984,-18.536249,-0.108000,-0.249375,0.046625,0.499213,-0.320983,0.091832,-3.141589,-0.000010,-0.000094
17.552558,-2.809995,-0.734986,-18.536249,-0.108000,-0.249375,0.046625,0.499238,-0.320898,0.091834,-3.141588,-0.000008,-0.000076
17.556528,-2.809995,-0.734989,-18.536249,-0.108000,-0.249375,0.046625,0.499287,-0.320732,0.091839,-3.141587,-0.000006,-0.000043
17.560558,-2.809996,-0.734991,-18.536249,-0.108000,-0.249375,0.046625,0.499312,-0.320647,0.091841,-3.141587,-0.000004,-0.000024
17.564628,-2.809996,-0.734991,-18.536249,-0.108000,-0.249375,0.046625,0.499312,-0.320647,0.091841,-3.141587,-0.000004,-0.000024
17.568528,-2.809996,-0.734994,-18.536250,-0.108000,-0.249375,0.046625,0.499338,-0.320563,0.091844,-3.141586,-0.000002,-0.000013
17.572553,-2.809996,-0.734995,-18.536250,-0.108000,-0.249375,0.046625,0.499363,-0.320479,0.091846,-3.141586,-0.000000,0.000006
17.576528,-2.809997,-0.735005,-18.536250,-0.108000,-0.249375,0.046625,0.499413,-0.320313,0.091849,-3.141583,0.000008,0.000012
17.580633,-2.809997,-0.735005,-18.536250,-0.108000,-0.249375,0.046625,0.499413,-0.320313,0.091849,-3.141583,0.000008,0.000012
17.584528,-2.809997,-0.615004,-18.606250,-0.114000,-0.251375,0.045625,0.499465,-0.320145,0.091857,-3.141583,0.000007,0.000009
17.588618,-2.809997,-0.615004,-18.606250,-0.114000,-0.251375,0.045625,0.499465,-0.320145,0.091857,-3.141583,0.000007,0.000009
17.592572,-2.809998,-0.615013,-18.606250,-0.114000,-0.251375,0.045625,0.499489,-0.320060,0.091859,-3.141581,0.000015,0.000000
17.596596,-2.809997,-0.615009,-18.606250,-0.114000,-0.251375,0.045625,0.499517,-0.319976,0.091863,-3.141582,0.000011,-0.000001
17.600622,-2.809997,-0.615007,-18.606250,-0.114000,-0.251375,0.045625,0.499542,-0.319895,0.091868,-3.141583,0.000009,-0.000021
17.604529,-2.809998,-0.615014,-18.606250,-0.114000,-0.251375,0.045625,0.499593,-0.319726,0.091876,-3.141581,0.000015,-0.000044
17.608529,-2.809998,-0.615015,-18.606250,-0.114000,-0.251375,0.045625,0.499618,-0.319642,0.091878,-3.141580,0.000017,-0.000053
17.612603,-2.809998,-0.615015,-18.606250,-0.114000,-0.251375,0.045625,0.499618,-0.319642,0.091878,-3.141580,0.000017,-0.000053
17.616609,-2.809998,-0.615013,-18.606250,-0.114000,-0.251375,0.045625,0.499645,-0.319558,0.091884,-3.141581,0.000015,-0.000068
17.620603,-2.859998,-0.515017,-18.486250,-0.117000,-0.254375,0.045625,0.499669,-0.319473,0.091888,-3.141580,0.000018,-0.000076
17.624601,-2.919998,-0.395015,-18.186251,-0.120000,-0.255375,0.044625,0.499696,-0.319390,0.091894,-3.141580,0.000017,-0.000078
17.628597,-2.919999,-0.395024,-18.186251,-0.120000,-0.255375,0.044625,0.499719,-0.319307,0.091895,-3.141578,0.000024,-0.000071
17.632594,-2.919999,-0.395028,-18.186251,-0.120000,-0.255375,0.044625,0.499743,-0.319223,0.091899,-3.141577,0.000028,-0.000052
17.636593,-2.920001,-0.395051,-18.186252,-0.119999,-0.255375,0.044625,0.499755,-0.319137,0.091899,-3.141570,0.000047,-0.000098
17.640592,-2.920001,-0.395051,-18.186252,-0.119999,-0.255375,0.044625,0.499755,-0.319137,0.091899,-3.141570,0.000047,-0.000098
17.644590,-2.920000,-0.395041,-18.186252,-0.120000,-0.255375,0.044625,0.499817,-0.318975,0.091912,-3.141573,0.000038,-0.000032
17.648589,-2.920001,-0.395050,-18.186252,-0.119999,-0.255375,0.044625,0.499846,-0.318873,0.091914,-3.141570,0.000047,0.000011
17.652590,-2.920003,-0.395064,-18.186253,-0.119999,-0.255375,0.044625,0.499859,-0.318809,0.091912,-3.141567,0.000058,-0.000017
17.656592,-2.920002,-0.395051,-18.186252,-0.119999,-0.255375,0.044625,0.499896,-0.318709,0.091923,-3.141570,0.000047,0.000026
17.660591,-2.780002,-0.455055,-17.456252,-0.109999,-0.243375,0.042625,0.499919,-0.318627,0.091927,-3.141569,0.000051,0.000027
17.664596,-2.780003,-0.455066,-17.456252,-0.109999,-0.243375,0.042625,0.499945,-0.318543,0.091930,-3.141566,0.000060,0.000018
17.668591,-2.780003,-0.455064,-17.456252,-0.109999,-0.243375,0.042625,0.499968,-0.318464,0.091936,-3.141567,0.000058,0.000008
17.672591,-2.780002,-0.455062,-17.456252,-0.109999,-0.243375,0.042625,0.499993,-0.318382,0.091942,-3.141567,0.000056,-0.000005
17.676590,-2.780004,-0.455073,-17.456253,-0.109999,-0.243375,0.042625,0.500019,-0.318298,0.091944,-3.141564,0.000065,-0.000007
17.680592,-2.780003,-0.455071,-17.456253,-0.109999,-0.243375,0.042625,0.500044,-0.318216,0.091950,-3.141565,0.000064,-0.000026
17.684592,-2.780003,-0.455068,-17.456253,-0.109999,-0.243375,0.042625,0.500069,-0.318135,0.091956,-3.141566,0.000062,-0.000039
17.688591,-2.780004,-0.455079,-17.456253,-0.109999,-0.243375,0.042625,0.500094,-0.318051,0.091959,-3.141563,0.000071,-0.000054
17.692592,-2.780004,-0.455082,-17.456253,-0.109999,-0.243375,0.042625,0.500118,-0.317971,0.091962,-3.141562,0.000074,-0.000072
17.696591,-2.780004,-0.455080,-17.456253,-0.109999,-0.243375,0.042625,0.500144,-0.317887,0.091968,-3.141562,0.000072,-0.000080
17.700588,-2.680005,-0.415082,-16.396253,-0.105999,-0.228375,0.039625,0.500169,-0.317809,0.091970,-3.141562,0.000074,-0.000091
17.704603,-2.680005,-0.415083,-16.396253,-0.105999,-0.228375,0.039625,0.500194,-0.317727,0.091971,-3.141562,0.000074,-0.000090
17.708625,-2.680005,-0.415083,-16.396253,-0.105999,-0.228375,0.039625,0.500219,-0.317645,0.091973,-3.141562,0.000074,-0.000083
17.712618,-2.680005,-0.415084,-16.396253,-0.105999,-0.228375,0.039625,0.500244,-0.317564,0.091974,-3.141561,0.000075,-0.000075
17.716619,-2.680005,-0.415083,-16.396253,-0.105999,-0.228375,0.039625,0.500271,-0.317483,0.091975,-3.141562,0.000075,-0.000068
17.720615,-2.680004,-0.415070,-16.396252,-0.105999,-0.228375,0.039625,0.500299,-0.317402,0.091978,-3.141565,0.000063,-0.000054
17.724611,-2.680004,-0.415071,-16.396252,-0.105999,-0.228375,0.039625,0.500323,-0.317321,0.091980,-3.141565,0.000064,-0.000040
17.728599,-2.680004,-0.415070,-16.396252,-0.105999,-0.228375,0.039625,0.500350,-0.317240,0.091980,-3.141565,0.000063,-0.000033
17.732599,-2.680002,-0.415057,-16.396252,-0.105999,-0.228375,0.039625,0.500378,-0.317159,0.091984,-3.141569,0.000052,-0.000025
17.736596,-2.680002,-0.415057,-16.396252,-0.105999,-0.228375,0.039625,0.500378,-0.317159,0.091984,-3.141569,0.000052,-0.000025
17.740595,-2.680002,-0.415051,-16.396251,-0.105999,-0.228375,0.039625,0.500433,-0.316995,0.091987,-3.141570,0.000047,-0.000019
17.744593,-2.480000,-0.405038,-15.336252,-0.103000,-0.210375,0.036625,0.500462,-0.316912,0.091991,-3.141574,0.000036,-0.000021
17.748594,-2.480000,-0.405033,-15.336251,-0.103000,-0.210375,0.036625,0.500488,-0.316833,0.091994,-3.141575,0.000032,-0.000032
17.752590,-2.480000,-0.405033,-15.336251,-0.103000,-0.210375,0.036625,0.500514,-0.316749,0.091995,-3.141575,0.000032,-0.000040
17.756588,-2.479999,-0.405028,-15.336251,-0.103000,-0.210375,0.036625,0.500542,-0.316666,0.091998,-3.141577,0.000027,-0.000048
17.760585,-2.479999,-0.405027,-15.336251,-0.103000,-0.210375,0.036625,0.500569,-0.316585,0.091999,-3.141577,0.000027,-0.000061
17.764590,-2.479999,-0.405028,-15.336251,-0.103000,-0.210375,0.036625,0.500594,-0.316503,0.092000,-3.141577,0.000027,-0.000074
17.768596,-2.479999,-0.405028,-15.336251,-0.103000,-0.210375,0.036625,0.500618,-0.316422,0.092002,-3.141577,0.000028,-0.000094
17.772590,-2.479999,-0.405021,-15.336251,-0.103000,-0.210375,0.036625,0.500645,-0.316338,0.092004,-3.141579,0.000022,-0.000102
17.776593,-2.479999,-0.405027,-15.336251,-0.103000,-0.210375,0.036625,0.500670,-0.316257,0.092002,-3.141577,0.000027,-0.000108
17.780591,-2.449999,-0.405027,-15.226251,-0.102000,-0.207375,0.035625,0.500694,-0.316175,0.092004,-3.141577,0.000027,-0.000114
17.784591,-2.299999,-0.515026,-14.786251,-0.095000,-0.197375,0.034625,0.500727,-0.316071,0.092004,-3.141577,0.000026,-0.000107
17.788590,-2.299999,-0.515026,-14.786251,-0.095000,-0.197375,0.034625,0.500745,-0.316010,0.092004,-3.141577,0.000026,-0.000102
17.792593,-2.299999,-0.515024,-14.786251,-0.095000,-0.197375,0.034625,0.500777,-0.315908,0.092004,-3.141578,0.000025,-0.000085
17.796596,-2.300000,-0.515030,-14.786251,-0.095000,-0.197375,0.034625,0.500795,-0.315846,0.092002,-3.141576,0.000029,-0.000107
17.800601,-2.299999,-0.515028,-14.786251,-0.095000,-0.197375,0.034625,0.500816,-0.315761,0.092002,-3.141577,0.000028,-0.000095
17.804588,-2.299999,-0.515026,-14.786251,-0.095000,-0.197375,0.034625,0.500852,-0.315661,0.092002,-3.141577,0.000026,-0.000045
17.808588,-2.299999,-0.515026,-14.786251,-0.095000,-0.197375,0.034625,0.500880,-0.315578,0.092002,-3.141577,0.000026,-0.000034
17.812623,-2.300000,-0.515037,-14.786251,-0.095000,-0.197375,0.034625,0.500902,-0.315496,0.091999,-3.141574,0.000035,-0.000026
17.816624,-2.300001,-0.515043,-14.786252,-0.095000,-0.197375,0.034625,0.500927,-0.315414,0.091998,-3.141573,0.000040,-0.000026
17.820618,-2.160001,-0.525043,-14.446251,-0.091000,-0.192375,0.032625,0.500951,-0.315332,0.091999,-3.141573,0.000041,-0.000018
17.824613,-2.160000,-0.525035,-14.446251,-0.091000,-0.192375,0.032625,0.500980,-0.315249,0.092001,-3.141575,0.000034,-0.000020
17.828605,-2.160001,-0.525041,-14.446251,-0.091000,-0.192375,0.032625,0.501004,-0.315168,0.091999,-3.141573,0.000039,-0.000026
17.832601,-2.160001,-0.525041,-14.446251,-0.091000,-0.192375,0.032625,0.501030,-0.315084,0.092001,-3.141573,0.000039,-0.000028
17.836532,-2.160001,-0.525040,-14.446251,-0.091000,-0.192375,0.032625,0.501058,-0.314998,0.092000,-3.141574,0.000037,-0.000038
17.840598,-2.160001,-0.525039,-14.446251,-0.091000,-0.192375,0.032625,0.501083,-0.314911,0.092000,-3.141574,0.000037,-0.000042
17.844594,-2.160001,-0.525039,-14.446251,-0.091000,-0.192375,0.032625,0.501083,-0.314911,0.092000,-3.141574,0.000037,-0.000042
17.848593,-2.159999,-0.525026,-14.446251,-0.091000,-0.192375,0.032625,0.501137,-0.314739,0.092005,-3.141578,0.000026,-0.000070
17.852594,-2.159999,-0.525019,-14.446250,-0.091000,-0.192375,0.032625,0.501167,-0.314651,0.092007,-3.141579,0.000020,-0.000076
17.856574,-2.159999,-0.525025,-14.446251,-0.091000,-0.192375,0.032625,0.501193,-0.314562,0.092007,-3.141578,0.000025,-0.000075
17.860583,-2.239998,-0.485018,-14.516251,-0.091000,-0.198375,0.031625,0.501221,-0.314476,0.092009,-3.141580,0.000019,-0.000072
17.864585,-2.239998,-0.485011,-14.516251,-0.091000,-0.198375,0.031625,0.501249,-0.314390,0.092010,-3.141581,0.000013,-0.000069
17.868589,-2.239997,-0.485006,-14.516251,-0.091000,-0.198375,0.031625,0.501280,-0.314302,0.092014,-3.141583,0.000009,-0.000062
17.872590,-2.239996,-0.484999,-14.516250,-0.091000,-0.198375,0.031625,0.501308,-0.314216,0.092016,-3.141585,0.000003,-0.000052
17.876591,-2.239997,-0.484999,-14.516250,-0.091000,-0.198375,0.031625,0.501336,-0.314128,0.092017,-3.141585,0.000003,-0.000045
17.880591,-2.239997,-0.485000,-14.516250,-0.091000,-0.198375,0.031625,0.501363,-0.314042,0.092018,-3.141585,0.000003,-0.000035
17.884590,-2.239996,-0.484998,-14.516250,-0.091000,-0.198375,0.031625,0.501391,-0.313955,0.092018,-3.141585,0.000002,-0.000032
17.888590,-2.239996,-0.484991,-14.516250,-0.091000,-0.198375,0.031625,0.501419,-0.313870,0.092020,-3.141587,-0.000004,-0.000030
17.892590,-2.239996,-0.484991,-14.516250,-0.091000,-0.198375,0.031625,0.501446,-0.313783,0.092021,-3.141587,-0.000004,-0.000027
17.896590,-2.239995,-0.484984,-14.516250,-0.091000,-0.198375,0.031625,0.501474,-0.313697,0.092023,-3.141589,-0.000010,-0.000024
17.900590,-2.399995,-0.394985,-14.596250,-0.095000,-0.205375,0.032625,0.501502,-0.313609,0.092024,-3.141588,-0.000009,-0.000023
17.904597,-2.399995,-0.394984,-14.596250,-0.095000,-0.205375,0.032625,0.501528,-0.313522,0.092024,-3.141589,-0.000010,-0.000027
17.908558,-2.399994,-0.394977,-14.596249,-0.095000,-0.205375,0.032625,0.501555,-0.313437,0.092026,-3.141591,-0.000016,-0.000024
17.912533,-2.399994,-0.394971,-14.596249,-0.095000,-0.205375,0.032625,0.501581,-0.313350,0.092029,-3.141592,-0.000021,-0.000028
17.916528,-2.399994,-0.394977,-14.596249,-0.095000,-0.205375,0.032625,0.501606,-0.313263,0.092029,-3.141590,-0.000016,-0.000039
17.920528,-2.399994,-0.394970,-14.596249,-0.095000,-0.205375,0.032625,0.501635,-0.313175,0.092031,-3.141592,-0.000022,-0.000085
17.924529,-2.399994,-0.394978,-14.596249,-0.095000,-0.205375,0.032625,0.501653,-0.313086,0.092032,-3.141590,-0.000015,-0.000089
17.928529,-2.399994,-0.394977,-14.596249,-0.095000,-0.205375,0.032625,0.501691,-0.312979,0.092032,-3.141590,-0.000015,-0.000052
17.932528,-2.399994,-0.394979,-14.596249,-0.095000,-0.205375,0.032625,0.501716,-0.312892,0.092034,-3.141590,-0.000014,-0.000049
17.936528,-2.399995,-0.394981,-14.596249,-0.095000,-0.205375,0.032625,0.501743,-0.312803,0.092036,-3.141590,-0.000013,-0.000042
17.940529,-2.389995,-0.454986,-14.346250,-0.092000,-0.199375,0.033625,0.501766,-0.312716,0.092035,-3.141588,-0.000009,-0.000046
17.944528,-2.389995,-0.454987,-14.346250,-0.092000,-0.199375,0.033625,0.501793,-0.312627,0.092037,-3.141588,-0.000007,-0.000038
17.948528,-2.389996,-0.454992,-14.346250,-0.092000,-0.199375,0.033625,0.501817,-0.312537,0.092035,-3.141586,-0.000003,-0.000038
17.952528,-2.389997,-0.454999,-14.346250,-0.092000,-0.199375,0.033625,0.501842,-0.312451,0.092035,-3.141585,0.000003,-0.000035
17.956528,-2.389997,-0.454999,-14.346250,-0.092000,-0.199375,0.033625,0.501867,-0.312361,0.092036,-3.141585,0.000003,-0.000041
17.960630,-2.389997,-0.455004,-14.346250,-0.092000,-0.199375,0.033625,0.501892,-0.312272,0.092035,-3.141583,0.000007,-0.000040
17.964559,-2.389998,-0.455010,-14.346251,-0.092000,-0.199375,0.033625,0.501918,-0.312183,0.092034,-3.141582,0.000013,-0.000033
17.968573,-2.389997,-0.455004,-14.346250,-0.092000,-0.199375,0.033625,0.501945,-0.312094,0.092037,-3.141583,0.000008,-0.000032
17.972557,-2.389998,-0.455011,-14.346251,-0.092000,-0.199375,0.033625,0.501970,-0.312007,0.092037,-3.141582,0.000013,-0.000029
17.976638,-2.389999,-0.455018,-14.346251,-0.092000,-0.199375,0.033625,0.501996,-0.311918,0.092036,-3.141580,0.000019,-0.000028
17.980631,-2.329998,-0.405011,-14.086250,-0.094000,-0.193375,0.031625,0.502024,-0.311830,0.092038,-3.141582,0.000013,-0.000028
17.984528,-2.329998,-0.405012,-14.086250,-0.094000,-0.193375,0.031625,0.502049,-0.311743,0.092040,-3.141581,0.000014,-0.000038
17.988631,-2.329997,-0.405005,-14.086250,-0.094000,-0.193375,0.031625,0.502078,-0.311655,0.092042,-3.141583,0.000008,-0.000044
17.992624,-2.329997,-0.405006,-14.086250,-0.094000,-0.193375,0.031625,0.502106,-0.311566,0.092044,-3.141583,0.000009,-0.000050
17.996622,-2.329996,-0.404999,-14.086250,-0.094000,-0.193375,0.031625,0.502135,-0.311478,0.092046,-3.141585,0.000003,-0.000050
18.000625,-2.329996,-0.404999,-14.086250,-0.094000,-0.193375,0.031625,0.502162,-0.311392,0.092047,-3.141585,0.000003,-0.000054
18.004617,-2.329997,-0.405006,-14.086250,-0.094000,-0.193375,0.031625,0.502188,-0.311303,0.092046,-3.141583,0.000009,-0.000053
18.008566,-2.329996,-0.404999,-14.086250,-0.094000,-0.193375,0.031625,0.502216,-0.311215,0.092048,-3.141585,0.000003,-0.000052
18.012591,-2.329996,-0.404999,-14.086250,-0.094000,-0.193375,0.031625,0.502245,-0.311126,0.092050,-3.141585,0.000003,-0.000045
18.016590,-2.229997,-0.355000,-14.036250,-0.097000,-0.189375,0.030625,0.502273,-0.311038,0.092051,-3.141584,0.000004,-0.000044
18.020591,-2.229996,-0.354993,-14.036250,-0.097000,-0.189375,0.030625,0.502300,-0.310952,0.092053,-3.141586,-0.000002,-0.000048
18.024594,-2.229996,-0.354993,-14.036250,-0.097000,-0.189375,0.030625,0.502328,-0.310863,0.092054,-3.141586,-0.000002,-0.000054
18.028591,-2.229996,-0.354993,-14.036250,-0.097000,-0.189375,0.030625,0.502328,-0.310863,0.092054,-3.141586,-0.000002,-0.000054
18.032556,-2.229996,-0.354998,-14.036250,-0.097000,-0.189375,0.030625,0.502381,-0.310688,0.092053,-3.141585,0.000002,-0.000064
18.036590,-2.229996,-0.354998,-14.036250,-0.097000,-0.189375,0.030625,0.502381,-0.310688,0.092053,-3.141585,0.000002,-0.000064
18.040591,-2.229997,-0.355002,-14.036250,-0.097000,-0.189375,0.030625,0.502405,-0.310602,0.092051,-3.141584,0.000006,-0.000068
18.044568,-2.229997,-0.355006,-14.036250,-0.097000,-0.189375,0.030625,0.502427,-0.310514,0.092048,-3.141583,0.000009,-0.000112
18.048555,-2.229997,-0.355001,-14.036250,-0.097000,-0.189375,0.030625,0.502466,-0.310407,0.092052,-3.141584,0.000005,-0.000075
18.052595,-2.229997,-0.355007,-14.036250,-0.097000,-0.189375,0.030625,0.502480,-0.310341,0.092051,-3.141583,0.000010,-0.000120
18.056556,-2.229998,-0.355011,-14.036250,-0.097000,-0.189375,0.030625,0.502544,-0.310148,0.092050,-3.141581,0.000013,-0.000080
18.060565,-2.229997,-0.315004,-13.886250,-0.095000,-0.193375,0.030625,0.502571,-0.310062,0.092052,-3.141583,0.000007,-0.000091
18.064590,-2.229997,-0.315003,-13.886250,-0.095000,-0.193375,0.030625,0.502596,-0.309976,0.092052,-3.141584,0.000007,-0.000088
18.068591,-2.229997,-0.315003,-13.886250,-0.095000,-0.193375,0.030625,0.502596,-0.309976,0.092052,-3.141584,0.000007,-0.000088
18.072592,-2.229998,-0.315009,-13.886251,-0.095000,-0.193375,0.030625,0.502622,-0.309889,0.092051,-3.141582,0.000011,-0.000085
18.076602,-2.229998,-0.315008,-13.886251,-0.095000,-0.193375,0.030625,0.502673,-0.309716,0.092052,-3.141582,0.000011,-0.000079
18.080592,-2.229998,-0.315008,-13.886251,-0.095000,-0.193375,0.030625,0.502673,-0.309716,0.092052,-3.141582,0.000011,-0.000079
18.084590,-2.229998,-0.315008,-13.886250,-0.095000,-0.193375,0.030625,0.502698,-0.309630,0.092053,-3.141582,0.000010,-0.000076
18.088592,-2.229998,-0.315012,-13.886251,-0.095000,-0.193375,0.030625,0.502723,-0.309543,0.092050,-3.141581,0.000014,-0.000073
18.092589,-2.229998,-0.315012,-13.886251,-0.095000,-0.193375,0.030625,0.502749,-0.309457,0.092052,-3.141581,0.000014,-0.000077
18.096592,-2.229998,-0.315011,-13.886251,-0.095000,-0.193375,0.030625,0.502774,-0.309370,0.092052,-3.141582,0.000013,-0.000081
18.100565,-2.229998,-0.315009,-13.886251,-0.095000,-0.193375,0.030625,0.502802,-0.309282,0.092051,-3.141582,0.000012,-0.000080
18.104591,-2.209997,-0.355004,-13.856250,-0.090000,-0.194375,0.030625,0.502830,-0.309196,0.092054,-3.141583,0.000007,-0.000084
18.108591,-2.209998,-0.355008,-13.856250,-0.090000,-0.194375,0.030625,0.502855,-0.309110,0.092052,-3.141582,0.000010,-0.000088
18.112596,-2.209997,-0.354999,-13.856249,-0.090000,-0.194375,0.030625,0.502908,-0.308938,0.092053,-3.141585,0.000003,-0.000103
18.116596,-2.209997,-0.354999,-13.856249,-0.090000,-0.194375,0.030625,0.502908,-0.308938,0.092053,-3.141585,0.000003,-0.000103
18.120560,-2.209997,-0.354998,-13.856249,-0.090000,-0.194375,0.030625,0.502937,-0.308852,0.092054,-3.141585,0.000002,-0.000106
18.124581,-2.209996,-0.354994,-13.856249,-0.090000,-0.194375,0.030625,0.502991,-0.308678,0.092053,-3.141586,-0.000001,-0.000103
18.128616,-2.209996,-0.354994,-13.856249,-0.090000,-0.194375,0.030625,0.502991,-0.308678,0.092053,-3.141586,-0.000001,-0.000103
18.132611,-2.209995,-0.354985,-13.856249,-0.090000,-0.194375,0.030625,0.503018,-0.308592,0.092053,-3.141588,-0.000009,-0.000107
18.136613,-2.209995,-0.354984,-13.856249,-0.090000,-0.194375,0.030625,0.503046,-0.308506,0.092053,-3.141588,-0.000009,-0.000104
18.140604,-2.209995,-0.354982,-13.856249,-0.090000,-0.194375,0.030625,0.503073,-0.308423,0.092052,-3.141589,-0.000012,-0.000099
18.144600,-2.289994,-0.384981,-13.956249,-0.090000,-0.194375,0.033625,0.503101,-0.308337,0.092052,-3.141589,-0.000012,-0.000089
18.148595,-2.289993,-0.384972,-13.956249,-0.090000,-0.194375,0.033625,0.503132,-0.308252,0.092053,-3.141592,-0.000020,-0.000079
18.152593,-2.289993,-0.384972,-13.956249,-0.090000,-0.194375,0.033625,0.503160,-0.308167,0.092053,-3.141592,-0.000020,-0.000103
18.156594,-2.289993,-0.384968,-13.956249,-0.090000,-0.194375,0.033625,0.503196,-0.308062,0.092051,3.141593,-0.000023,-0.000058
18.160594,-2.289993,-0.384968,-13.956249,-0.090000,-0.194375,0.033625,0.503224,-0.307976,0.092052,3.141592,-0.000024,-0.000055
18.164591,-2.289993,-0.384972,-13.956249,-0.090000,-0.194375,0.033625,0.503251,-0.307891,0.092050,-3.141592,-0.000020,-0.000052
18.168539,-2.289992,-0.384958,-13.956248,-0.090000,-0.194375,0.033625,0.503282,-0.307806,0.092053,3.141590,-0.000032,-0.000049
18.172591,-2.289992,-0.384958,-13.956248,-0.090000,-0.194375,0.033625,0.503309,-0.307722,0.092053,3.141590,-0.000032,-0.000057
18.176586,-2.289992,-0.384962,-13.956248,-0.090000,-0.194375,0.033625,0.503336,-0.307637,0.092051,3.141591,-0.000028,-0.000054
18.180591,-2.289992,-0.384962,-13.956248,-0.090000,-0.194375,0.033625,0.503364,-0.307551,0.092051,3.141591,-0.000029,-0.000065
18.184591,-2.259992,-0.494959,-13.996248,-0.089000,-0.192375,0.034625,0.503392,-0.307466,0.092050,3.141590,-0.000031,-0.000069
18.188591,-2.259992,-0.494958,-13.996248,-0.089000,-0.192375,0.034625,0.503420,-0.307380,0.092050,3.141590,-0.000032,-0.000073
18.192590,-2.259992,-0.494963,-13.996248,-0.089000,-0.192375,0.034625,0.503448,-0.307294,0.092048,3.141591,-0.000028,-0.000077
18.196595,-2.259992,-0.494963,-13.996248,-0.089000,-0.192375,0.034625,0.503476,-0.307209,0.092049,3.141591,-0.000028,-0.000087
18.200588,-2.259992,-0.494960,-13.996248,-0.089000,-0.192375,0.034625,0.503504,-0.307123,0.092047,3.141590,-0.000031,-0.000091
18.204592,-2.259992,-0.494959,-13.996248,-0.089000,-0.192375,0.034625,0.503532,-0.307037,0.092048,3.141590,-0.000031,-0.000088
18.208591,-2.259993,-0.494970,-13.996249,-0.089000,-0.192375,0.034625,0.503557,-0.306951,0.092044,-3.141592,-0.000022,-0.000085
18.212591,-2.259993,-0.494969,-13.996249,-0.089000,-0.192375,0.034625,0.503583,-0.306868,0.092044,-3.141592,-0.000022,-0.000087
18.216589,-2.259994,-0.494980,-13.996249,-0.089000,-0.192375,0.034625,0.503609,-0.306781,0.092041,-3.141590,-0.000013,-0.000077
18.220589,-2.199993,-0.564972,-14.126249,-0.088000,-0.188375,0.035625,0.503637,-0.306696,0.092042,-3.141592,-0.000020,-0.000068
18.224600,-2.199994,-0.564976,-14.126249,-0.088000,-0.188375,0.035625,0.503663,-0.306612,0.092040,-3.141591,-0.000016,-0.000056
18.228590,-2.199994,-0.564981,-14.126249,-0.088000,-0.188375,0.035625,0.503691,-0.306527,0.092038,-3.141589,-0.000012,-0.000039
18.232591,-2.199995,-0.564987,-14.126249,-0.088000,-0.188375,0.035625,0.503716,-0.306440,0.092036,-3.141588,-0.000008,-0.000023
18.236604,-2.199994,-0.564979,-14.126249,-0.088000,-0.188375,0.035625,0.503742,-0.306359,0.092037,-3.141590,-0.000014,-0.000016
18.240591,-2.199995,-0.564983,-14.126249,-0.088000,-0.188375,0.035625,0.503769,-0.306274,0.092035,-3.141589,-0.000011,0.000001
18.244589,-2.199995,-0.564983,-14.126249,-0.088000,-0.188375,0.035625,0.503794,-0.306193,0.092036,-3.141589,-0.000011,0.000001
18.248590,-2.199995,-0.564988,-14.126249,-0.088000,-0.188375,0.035625,0.503817,-0.306111,0.092035,-3.141587,-0.000006,-0.000005
18.252590,-2.199994,-0.564980,-14.126249,-0.088000,-0.188375,0.035625,0.503843,-0.306028,0.092036,-3.141590,-0.000013,0.000000
18.256592,-2.199995,-0.564986,-14.126249,-0.088000,-0.188375,0.035625,0.503866,-0.305946,0.092034,-3.141588,-0.000008,-0.000013
18.260592,-2.199995,-0.564985,-14.126249,-0.088000,-0.188375,0.035625,0.503892,-0.305862,0.092035,-3.141588,-0.000009,-0.000014
18.264589,-2.129995,-0.614985,-14.366249,-0.087000,-0.190375,0.035625,0.503917,-0.305781,0.092035,-3.141588,-0.000009,-0.000027
18.268589,-2.129995,-0.614984,-14.366249,-0.087000,-0.190375,0.035625,0.503942,-0.305700,0.092036,-3.141588,-0.000009,-0.000040
18.272592,-2.129995,-0.614984,-14.366249,-0.087000,-0.190375,0.035625,0.503968,-0.305617,0.092036,-3.141589,-0.000010,-0.000089
18.276592,-2.129994,-0.614976,-14.366249,-0.087000,-0.190375,0.035625,0.503994,-0.305536,0.092038,-3.141591,-0.000017,-0.000108
18.280594,-2.129995,-0.614984,-14.366249,-0.087000,-0.190375,0.035625,0.504025,-0.305433,0.092038,-3.141589,-0.000010,-0.000080
18.284589,-2.129996,-0.614991,-14.366249,-0.087000,-0.190375,0.035625,0.504050,-0.305349,0.092038,-3.141587,-0.000004,-0.000096
18.288591,-2.129996,-0.614990,-14.366249,-0.087000,-0.190375,0.035625,0.504075,-0.305268,0.092038,-3.141587,-0.000005,-0.000088
18.292591,-2.129996,-0.614990,-14.366249,-0.087000,-0.190375,0.035625,0.504101,-0.305184,0.092039,-3.141587,-0.000005,-0.000076
18.296591,-2.129995,-0.614988,-14.366249,-0.087000,-0.190375,0.035625,0.504129,-0.305102,0.092038,-3.141587,-0.000006,-0.000058
18.300591,-2.259995,-0.484988,-14.576249,-0.092000,-0.200375,0.036625,0.504154,-0.305021,0.092039,-3.141588,-0.000007,-0.000044
18.304593,-2.259995,-0.484987,-14.576249,-0.092000,-0.200375,0.036625,0.504179,-0.304939,0.092039,-3.141588,-0.000007,-0.000030
18.308592,-2.259995,-0.484987,-14.576249,-0.092000,-0.200375,0.036625,0.504205,-0.304856,0.092040,-3.141588,-0.000007,-0.000011
18.312591,-2.259997,-0.484999,-14.576250,-0.092000,-0.200375,0.036625,0.504228,-0.304775,0.092037,-3.141585,0.000003,-0.000004
18.316593,-2.259997,-0.484998,-14.576250,-0.092000,-0.200375,0.036625,0.504254,-0.304691,0.092038,-3.141585,0.000003,0.000015
18.320588,-2.259997,-0.485003,-14.576250,-0.092000,-0.200375,0.036625,0.504280,-0.304608,0.092035,-3.141584,0.000006,0.000020
18.324587,-2.259997,-0.485003,-14.576250,-0.092000,-0.200375,0.036625,0.504305,-0.304527,0.092036,-3.141584,0.000006,0.000021
18.328601,-2.259997,-0.485002,-14.576250,-0.092000,-0.200375,0.036625,0.504331,-0.304443,0.092036,-3.141584,0.000006,0.000019
18.332587,-2.259997,-0.485002,-14.576250,-0.092000,-0.200375,0.036625,0.504355,-0.304362,0.092037,-3.141584,0.000005,0.000006
18.336590,-2.259998,-0.485009,-14.576250,-0.092000,-0.200375,0.036625,0.504381,-0.304278,0.092037,-3.141582,0.000011,-0.000002
18.340590,-2.319998,-0.415013,-14.446250,-0.094000,-0.202375,0.036625,0.504406,-0.304195,0.092035,-3.141581,0.000015,-0.000017
18.344589,-2.319998,-0.415013,-14.446250,-0.094000,-0.202375,0.036625,0.504431,-0.304114,0.092035,-3.141581,0.000015,-0.000030
18.348591,-2.319999,-0.415020,-14.446250,-0.094000,-0.202375,0.036625,0.504455,-0.304033,0.092035,-3.141579,0.000021,-0.000050
18.352552,-2.319999,-0.415019,-14.446250,-0.094000,-0.202375,0.036625,0.504481,-0.303949,0.092035,-3.141580,0.000020,-0.000058
18.356591,-2.319999,-0.415019,-14.446250,-0.094000,-0.202375,0.036625,0.504505,-0.303868,0.092036,-3.141580,0.000020,-0.000078
18.360563,-2.320000,-0.415024,-14.446251,-0.094000,-0.202375,0.036625,0.504528,-0.303786,0.092035,-3.141578,0.000025,-0.000097
18.364590,-2.320000,-0.415024,-14.446251,-0.094000,-0.202375,0.036625,0.504553,-0.303703,0.092035,-3.141578,0.000024,-0.000099
18.368590,-2.320001,-0.415031,-14.446251,-0.094000,-0.202375,0.036625,0.504577,-0.303622,0.092035,-3.141577,0.000031,-0.000098
18.372595,-2.320001,-0.415037,-14.446251,-0.094000,-0.202375,0.036625,0.504600,-0.303540,0.092034,-3.141575,0.000035,-0.000091
18.376590,-2.320000,-0.415029,-14.446251,-0.094000,-0.202375,0.036625,0.504626,-0.303457,0.092035,-3.141577,0.000028,-0.000079
18.380592,-2.350001,-0.505028,-14.476251,-0.091000,-0.198375,0.037625,0.504650,-0.303375,0.092035,-3.141577,0.000028,-0.000072
18.384598,-2.350001,-0.505028,-14.476251,-0.091000,-0.198375,0.037625,0.504670,-0.303293,0.092036,-3.141577,0.000028,-0.000091
18.388591,-2.350000,-0.505028,-14.476251,-0.091000,-0.198375,0.037625,0.504706,-0.303191,0.092037,-3.141578,0.000028,-0.000043
18.392590,-2.350000,-0.505025,-14.476251,-0.091000,-0.198375,0.037625,0.504720,-0.303128,0.092035,-3.141578,0.000025,-0.000072
18.396589,-2.350000,-0.505024,-14.476251,-0.091000,-0.198375,0.037625,0.504757,-0.303027,0.092036,-3.141578,0.000025,-0.000024
18.400595,-2.350001,-0.505031,-14.476252,-0.091000,-0.198375,0.037625,0.504780,-0.302945,0.092036,-3.141577,0.000031,-0.000024
18.404592,-2.350002,-0.505036,-14.476252,-0.091000,-0.198375,0.037625,0.504806,-0.302862,0.092034,-3.141575,0.000035,-0.000025
18.408591,-2.350002,-0.505035,-14.476252,-0.091000,-0.198375,0.037625,0.504830,-0.302781,0.092034,-3.141576,0.000034,-0.000031
18.412591,-2.350001,-0.505032,-14.476252,-0.091000,-0.198375,0.037625,0.504856,-0.302697,0.092033,-3.141576,0.000032,-0.000033
18.416591,-2.350001,-0.505032,-14.476252,-0.091000,-0.198375,0.037625,0.504880,-0.302616,0.092033,-3.141576,0.000031,-0.000046
18.420592,-2.470000,-0.505025,-14.496251,-0.095000,-0.199375,0.038625,0.504908,-0.302533,0.092035,-3.141578,0.000026,-0.000054
18.424595,-2.470001,-0.505030,-14.496251,-0.095000,-0.199375,0.038625,0.504934,-0.302450,0.092033,-3.141577,0.000030,-0.000062
18.428589,-2.469999,-0.505016,-14.496250,-0.095000,-0.199375,0.038625,0.504961,-0.302370,0.092036,-3.141580,0.000018,-0.000075
18.432588,-2.469999,-0.505016,-14.496250,-0.095000,-0.199375,0.038625,0.504961,-0.302370,0.092036,-3.141580,0.000018,-0.000075
18.436589,-2.469998,-0.505008,-14.496250,-0.095000,-0.199375,0.038625,0.505014,-0.302201,0.092038,-3.141583,0.000010,-0.000101
18.440589,-2.469998,-0.505012,-14.496250,-0.095000,-0.199375,0.038625,0.505039,-0.302117,0.092036,-3.141581,0.000014,-0.000109
18.444590,-2.469998,-0.505012,-14.496250,-0.095000,-0.199375,0.038625,0.505067,-0.302029,0.092036,-3.141582,0.000014,-0.000109
18.448592,-2.469997,-0.505004,-14.496250,-0.095000,-0.199375,0.038625,0.505095,-0.301944,0.092037,-3.141584,0.000007,-0.000106
18.452589,-2.469998,-0.505009,-14.496250,-0.095000,-0.199375,0.038625,0.505120,-0.301857,0.092036,-3.141582,0.000012,-0.000103
18.456590,-2.469998,-0.505009,-14.496250,-0.095000,-0.199375,0.038625,0.505147,-0.301772,0.092037,-3.141582,0.000011,-0.000093
18.460591,-2.379997,-0.495001,-14.496250,-0.097000,-0.193375,0.036625,0.505174,-0.301686,0.092038,-3.141584,0.000005,-0.000084
18.464592,-2.379996,-0.494993,-14.496250,-0.097000,-0.193375,0.036625,0.505203,-0.301598,0.092039,-3.141586,-0.000002,-0.000063
18.468591,-2.379996,-0.494992,-14.496250,-0.097000,-0.193375,0.036625,0.505230,-0.301513,0.092039,-3.141586,-0.000003,-0.000053
18.472591,-2.379995,-0.494984,-14.496249,-0.097000,-0.193375,0.036625,0.505257,-0.301427,0.092040,-3.141588,-0.000010,-0.000043
18.476591,-2.379995,-0.494984,-14.496249,-0.097000,-0.193375,0.036625,0.505284,-0.301341,0.092041,-3.141589,-0.000010,-0.000041
18.480591,-2.379995,-0.494989,-14.496249,-0.097000,-0.193375,0.036625,0.505311,-0.301255,0.092039,-3.141587,-0.000006,-0.000038
18.484591,-2.379995,-0.494986,-14.496249,-0.097000,-0.193375,0.036625,0.505338,-0.301170,0.092037,-3.141588,-0.000009,-0.000035
18.488590,-2.379995,-0.494985,-14.496249,-0.097000,-0.193375,0.036625,0.505364,-0.301084,0.092038,-3.141588,-0.000009,-0.000039
18.492591,-2.379995,-0.494982,-14.496249,-0.097000,-0.193375,0.036625,0.505391,-0.300999,0.092036,-3.141589,-0.000011,-0.000049
18.496591,-2.379993,-0.494973,-14.496249,-0.097000,-0.193375,0.036625,0.505422,-0.300911,0.092037,-3.141591,-0.000019,-0.000055
18.500591,-2.299993,-0.544970,-14.466249,-0.095000,-0.192375,0.036625,0.505449,-0.300826,0.092035,-3.141592,-0.000022,-0.000066
18.504590,-2.299993,-0.544970,-14.466249,-0.095000,-0.192375,0.036625,0.505476,-0.300740,0.092036,-3.141592,-0.000022,-0.000076
18.508552,-2.299993,-0.544970,-14.466249,-0.095000,-0.192375,0.036625,0.505476,-0.300740,0.092036,-3.141592,-0.000022,-0.000076
18.512627,-2.299993,-0.544972,-14.466249,-0.095000,-0.192375,0.036625,0.505503,-0.300654,0.092032,-3.141592,-0.000020,-0.000087
18.516567,-2.299992,-0.544969,-14.466249,-0.095000,-0.192375,0.036625,0.505556,-0.300483,0.092031,-3.141592,-0.000023,-0.000095
18.520571,-2.299993,-0.544973,-14.466249,-0.095000,-0.192375,0.036625,0.505583,-0.300397,0.092029,-3.141591,-0.000019,-0.000092
18.524531,-2.299994,-0.544981,-14.466249,-0.095000,-0.192375,0.036625,0.505604,-0.300310,0.092023,-3.141589,-0.000013,-0.000123
18.528558,-2.299993,-0.544975,-14.466249,-0.095000,-0.192375,0.036625,0.505636,-0.300226,0.092025,-3.141591,-0.000018,-0.000079
18.532591,-2.299993,-0.544975,-14.466249,-0.095000,-0.192375,0.036625,0.505636,-0.300226,0.092025,-3.141591,-0.000018,-0.000079
18.536591,-2.299992,-0.544967,-14.466249,-0.095000,-0.192375,0.036625,0.505664,-0.300138,0.092026,3.141593,-0.000025,-0.000099
18.540592,-2.179995,-0.584983,-14.466249,-0.091000,-0.193375,0.035625,0.505714,-0.299963,0.092021,-3.141589,-0.000011,-0.000088
18.544594,-2.179994,-0.584981,-14.466249,-0.091000,-0.193375,0.035625,0.505746,-0.299854,0.092021,-3.141589,-0.000012,-0.000045
18.548602,-2.179994,-0.584981,-14.466249,-0.091000,-0.193375,0.035625,0.505746,-0.299854,0.092021,-3.141589,-0.000012,-0.000045
18.552589,-2.179995,-0.584984,-14.466249,-0.091000,-0.193375,0.035625,0.505772,-0.299766,0.092018,-3.141588,-0.000010,-0.000038
18.556589,-2.179994,-0.584982,-14.466249,-0.091000,-0.193375,0.035625,0.505799,-0.299677,0.092018,-3.141589,-0.000011,-0.000030
18.560598,-2.179994,-0.584980,-14.466249,-0.091000,-0.193375,0.035625,0.505853,-0.299501,0.092017,-3.141589,-0.000013,-0.000029
18.564589,-2.179994,-0.584980,-14.466249,-0.091000,-0.193375,0.035625,0.505853,-0.299501,0.092017,-3.141589,-0.000013,-0.000029
18.568598,-2.179994,-0.584983,-14.466249,-0.091000,-0.193375,0.035625,0.505906,-0.299324,0.092015,-3.141589,-0.000011,-0.000028
18.572600,-2.179994,-0.584983,-14.466249,-0.091000,-0.193375,0.035625,0.505906,-0.299324,0.092015,-3.141589,-0.000011,-0.000028
18.576600,-2.369994,-0.474980,-14.666249,-0.095000,-0.202375,0.036625,0.505959,-0.299150,0.092015,-3.141589,-0.000013,-0.000051
18.580596,-2.369996,-0.474991,-14.666250,-0.095000,-0.202375,0.036625,0.505984,-0.299062,0.092011,-3.141587,-0.000004,-0.000050
18.584592,-2.369996,-0.474996,-14.666250,-0.095000,-0.202375,0.036625,0.506010,-0.298973,0.092010,-3.141585,0.000001,-0.000050
18.588591,-2.369996,-0.474994,-14.666250,-0.095000,-0.202375,0.036625,0.506035,-0.298887,0.092009,-3.141586,-0.000001,-0.000053
18.592591,-2.369997,-0.474999,-14.666250,-0.095000,-0.202375,0.036625,0.506062,-0.298799,0.092007,-3.141585,0.000003,-0.000053
18.596590,-2.369997,-0.474999,-14.666250,-0.095000,-0.202375,0.036625,0.506062,-0.298799,0.092007,-3.141585,0.000003,-0.000053
18.600590,-2.369998,-0.475005,-14.666250,-0.095000,-0.202375,0.036625,0.506088,-0.298710,0.092006,-3.141583,0.000008,-0.000052
18.604593,-2.369998,-0.475009,-14.666250,-0.095000,-0.202375,0.036625,0.506115,-0.298622,0.092004,-3.141582,0.000012,-0.000045
18.608547,-2.369998,-0.475009,-14.666250,-0.095000,-0.202375,0.036625,0.506143,-0.298534,0.092004,-3.141582,0.000011,-0.000044
18.612592,-2.369998,-0.475007,-14.666250,-0.095000,-0.202375,0.036625,0.506169,-0.298445,0.092003,-3.141583,0.000010,-0.000037
18.616578,-2.369999,-0.475011,-14.666250,-0.095000,-0.202375,0.036625,0.506196,-0.298357,0.092001,-3.141582,0.000014,-0.000043
18.620591,-2.509999,-0.435017,-14.846251,-0.099000,-0.209375,0.038625,0.506220,-0.298271,0.092000,-3.141580,0.000018,-0.000040
18.624590,-2.509999,-0.435016,-14.846251,-0.099000,-0.209375,0.038625,0.506248,-0.298183,0.092001,-3.141581,0.000018,-0.000032
18.628590,-2.509999,-0.435013,-14.846251,-0.099000,-0.209375,0.038625,0.506276,-0.298095,0.091999,-3.141581,0.000015,-0.000032
18.632591,-2.510000,-0.435020,-14.846251,-0.099000,-0.209375,0.038625,0.506302,-0.298009,0.091999,-3.141580,0.000022,-0.000029
18.636594,-2.510000,-0.435020,-14.846251,-0.099000,-0.209375,0.038625,0.506328,-0.297923,0.092000,-3.141580,0.000021,-0.000026
18.640590,-2.510000,-0.435026,-14.846251,-0.099000,-0.209375,0.038625,0.506379,-0.297757,0.091999,-3.141578,0.000026,-0.000029
18.644592,-2.510000,-0.435026,-14.846251,-0.099000,-0.209375,0.038625,0.506379,-0.297757,0.091999,-3.141578,0.000026,-0.000029
18.648591,-2.510000,-0.435019,-14.846251,-0.099000,-0.209375,0.038625,0.506406,-0.297674,0.092001,-3.141580,0.000020,-0.000031
18.652591,-2.510000,-0.435025,-14.846251,-0.099000,-0.209375,0.038625,0.506432,-0.297591,0.092000,-3.141578,0.000026,-0.000039
18.656592,-2.509999,-0.435019,-14.846251,-0.099000,-0.209375,0.038625,0.506457,-0.297510,0.092002,-3.141580,0.000020,-0.000045
18.660592,-2.510000,-0.435025,-14.846251,-0.099000,-0.209375,0.038625,0.506478,-0.297425,0.092002,-3.141578,0.000026,-0.000087
18.664590,-2.519999,-0.485019,-15.156250,-0.100000,-0.206375,0.038625,0.506516,-0.297324,0.092004,-3.141580,0.000020,-0.000053
18.668589,-2.519999,-0.485017,-15.156250,-0.100000,-0.206375,0.038625,0.506542,-0.297241,0.092004,-3.141580,0.000019,-0.000048
18.672589,-2.520000,-0.485024,-15.156251,-0.100000,-0.206375,0.038625,0.506567,-0.297158,0.092004,-3.141579,0.000025,-0.000049
18.676590,-2.520000,-0.485023,-15.156251,-0.100000,-0.206375,0.038625,0.506593,-0.297075,0.092003,-3.141579,0.000024,-0.000051
18.680591,-2.520000,-0.485021,-15.156251,-0.100000,-0.206375,0.038625,0.506620,-0.296992,0.092003,-3.141579,0.000022,-0.000053
18.684592,-2.520000,-0.485022,-15.156251,-0.100000,-0.206375,0.038625,0.506646,-0.296909,0.092005,-3.141579,0.000023,-0.000047
18.688590,-2.520001,-0.485027,-15.156251,-0.100000,-0.206375,0.038625,0.506670,-0.296825,0.092002,-3.141578,0.000027,-0.000056
18.692589,-2.520000,-0.485025,-15.156251,-0.100000,-0.206375,0.038625,0.506697,-0.296742,0.092002,-3.141578,0.000026,-0.000057
18.696590,-2.520002,-0.485037,-15.156251,-0.100000,-0.206375,0.038625,0.506721,-0.296659,0.091999,-3.141576,0.000036,-0.000066
18.700589,-2.520001,-0.485031,-15.156251,-0.100000,-0.206375,0.038625,0.506747,-0.296576,0.092002,-3.141577,0.000031,-0.000067
18.704591,-2.330002,-0.545036,-15.176252,-0.098000,-0.199375,0.036625,0.506772,-0.296492,0.091999,-3.141576,0.000035,-0.000069
18.708591,-2.330003,-0.545042,-15.176252,-0.098000,-0.199375,0.036625,0.506798,-0.296409,0.091998,-3.141575,0.000040,-0.000071
18.712598,-2.330003,-0.545041,-15.176252,-0.098000,-0.199375,0.036625,0.506822,-0.296325,0.091999,-3.141575,0.000039,-0.000079
18.716591,-2.330003,-0.545040,-15.176252,-0.098000,-0.199375,0.036625,0.506849,-0.296242,0.091999,-3.141575,0.000038,-0.000081
18.720590,-2.330002,-0.545039,-15.176252,-0.098000,-0.199375,0.036625,0.506873,-0.296159,0.091999,-3.141575,0.000038,-0.000082
18.724590,-2.330002,-0.545033,-15.176251,-0.098000,-0.199375,0.036625,0.506899,-0.296078,0.092001,-3.141577,0.000032,-0.000095
18.728592,-2.330002,-0.545037,-15.176252,-0.098000,-0.199375,0.036625,0.506923,-0.295995,0.091999,-3.141576,0.000036,-0.000090
18.732589,-2.330002,-0.545037,-15.176252,-0.098000,-0.199375,0.036625,0.506946,-0.295914,0.092000,-3.141576,0.000036,-0.000096
18.736589,-2.330001,-0.545030,-15.176251,-0.098000,-0.199375,0.036625,0.506973,-0.295831,0.092002,-3.141577,0.000030,-0.000091
18.740589,-2.330002,-0.545037,-15.176252,-0.098000,-0.199375,0.036625,0.506997,-0.295747,0.092002,-3.141576,0.000036,-0.000086
18.744590,-2.250001,-0.485031,-15.026251,-0.097000,-0.198375,0.035625,0.507022,-0.295666,0.092004,-3.141577,0.000031,-0.000078
18.748591,-2.250000,-0.485024,-15.026251,-0.097000,-0.198375,0.035625,0.507047,-0.295586,0.092006,-3.141579,0.000025,-0.000078
18.752595,-2.250000,-0.485023,-15.026251,-0.097000,-0.198375,0.035625,0.507072,-0.295505,0.092006,-3.141579,0.000024,-0.000070
18.756590,-2.250001,-0.485030,-15.026251,-0.097000,-0.198375,0.035625,0.507096,-0.295421,0.092006,-3.141577,0.000030,-0.000059
18.760589,-2.250001,-0.485030,-15.026251,-0.097000,-0.198375,0.035625,0.507096,-0.295421,0.092006,-3.141577,0.000030,-0.000059
18.764591,-2.250001,-0.485028,-15.026251,-0.097000,-0.198375,0.035625,0.507144,-0.295260,0.092006,-3.141578,0.000028,-0.000064
18.768591,-2.250000,-0.485022,-15.026250,-0.097000,-0.198375,0.035625,0.507169,-0.295179,0.092008,-3.141579,0.000023,-0.000111
18.772599,-2.250000,-0.485021,-15.026250,-0.097000,-0.198375,0.035625,0.507190,-0.295095,0.092008,-3.141580,0.000022,-0.000112
18.776591,-2.250001,-0.485025,-15.026251,-0.097000,-0.198375,0.035625,0.507224,-0.294995,0.092006,-3.141579,0.000026,-0.000089
18.780591,-2.380001,-0.395026,-14.936251,-0.100000,-0.205375,0.034625,0.507250,-0.294912,0.092008,-3.141578,0.000027,-0.000091
18.784589,-2.380001,-0.395025,-14.936251,-0.100000,-0.205375,0.034625,0.507275,-0.294831,0.092007,-3.141579,0.000025,-0.000097
18.788590,-2.380000,-0.395023,-14.936251,-0.100000,-0.205375,0.034625,0.507299,-0.294750,0.092007,-3.141579,0.000024,-0.000103
18.792591,-2.379999,-0.395017,-14.936251,-0.100000,-0.205375,0.034625,0.507326,-0.294668,0.092009,-3.141581,0.000018,-0.000105
18.796591,-2.379999,-0.395015,-14.936251,-0.100000,-0.205375,0.034625,0.507351,-0.294587,0.092009,-3.141581,0.000017,-0.000104
18.800587,-2.379998,-0.395008,-14.936251,-0.100000,-0.205375,0.034625,0.507378,-0.294507,0.092010,-3.141583,0.000011,-0.000103
18.804589,-2.379998,-0.395006,-14.936251,-0.100000,-0.205375,0.034625,0.507403,-0.294426,0.092010,-3.141583,0.000009,-0.000103
18.808592,-2.379998,-0.395007,-14.936251,-0.100000,-0.205375,0.034625,0.507428,-0.294343,0.092011,-3.141583,0.000010,-0.000091
18.812591,-2.379997,-0.395000,-14.936250,-0.100000,-0.205375,0.034625,0.507455,-0.294263,0.092013,-3.141585,0.000004,-0.000083
18.816600,-2.379997,-0.394999,-14.936250,-0.100000,-0.205375,0.034625,0.507480,-0.294182,0.092012,-3.141585,0.000003,-0.000069
18.820588,-2.349997,-0.354997,-14.686250,-0.099000,-0.201375,0.033625,0.507506,-0.294099,0.092012,-3.141585,0.000001,-0.000051
18.824592,-2.349995,-0.354990,-14.686250,-0.099000,-0.201375,0.033625,0.507533,-0.294019,0.092013,-3.141587,-0.000005,-0.000043
18.828590,-2.349995,-0.354988,-14.686250,-0.099000,-0.201375,0.033625,0.507558,-0.293938,0.092013,-3.141587,-0.000006,-0.000036
18.832591,-2.349993,-0.354976,-14.686249,-0.099000,-0.201375,0.033625,0.507587,-0.293856,0.092017,-3.141590,-0.000017,-0.000031
18.836605,-2.349994,-0.354980,-14.686250,-0.099000,-0.201375,0.033625,0.507610,-0.293772,0.092015,-3.141589,-0.000013,-0.000026
18.840589,-2.349993,-0.354974,-14.686249,-0.099000,-0.201375,0.033625,0.507638,-0.293687,0.092017,-3.141591,-0.000019,-0.000030
18.844590,-2.349992,-0.354967,-14.686249,-0.099000,-0.201375,0.033625,0.507666,-0.293602,0.092019,-3.141592,-0.000025,-0.000040
18.848592,-2.349992,-0.354966,-14.686249,-0.099000,-0.201375,0.033625,0.507693,-0.293517,0.092019,3.141593,-0.000026,-0.000051
18.852592,-2.349992,-0.354965,-14.686249,-0.099000,-0.201375,0.033625,0.507720,-0.293429,0.092020,3.141592,-0.000026,-0.000050
18.856674,-2.349992,-0.354965,-14.686249,-0.099000,-0.201375,0.033625,0.507720,-0.293429,0.092020,3.141592,-0.000026,-0.000050
18.860621,-2.349992,-0.354964,-14.686249,-0.099000,-0.201375,0.033625,0.507748,-0.293341,0.092019,3.141592,-0.000027,-0.000056
18.864571,-2.369990,-0.534955,-14.566248,-0.093000,-0.199375,0.034625,0.507808,-0.293148,0.092021,3.141590,-0.000035,-0.000071
18.868555,-2.369990,-0.534954,-14.566248,-0.093000,-0.199375,0.034625,0.507835,-0.293063,0.092020,3.141590,-0.000036,-0.000081
18.872611,-2.369991,-0.534958,-14.566248,-0.093000,-0.199375,0.034625,0.507862,-0.292975,0.092018,3.141591,-0.000032,-0.000074
18.876610,-2.369991,-0.534963,-14.566248,-0.093000,-0.199375,0.034625,0.507886,-0.292891,0.092016,3.141592,-0.000029,-0.000082
18.880607,-2.369992,-0.534967,-14.566248,-0.093000,-0.199375,0.034625,0.507911,-0.292805,0.092014,-3.141592,-0.000025,-0.000079
18.884589,-2.369992,-0.534966,-14.566248,-0.093000,-0.199375,0.034625,0.507938,-0.292720,0.092014,3.141593,-0.000026,-0.000070
18.888596,-2.369991,-0.534963,-14.566248,-0.093000,-0.199375,0.034625,0.507963,-0.292634,0.092012,3.141592,-0.000028,-0.000060
18.892593,-2.369992,-0.534967,-14.566248,-0.093000,-0.199375,0.034625,0.507988,-0.292548,0.092010,-3.141592,-0.000024,-0.000044
18.896596,-2.369993,-0.534972,-14.566248,-0.093000,-0.199375,0.034625,0.508013,-0.292462,0.092008,-3.141591,-0.000021,-0.000034
18.900592,-2.259991,-0.424963,-14.326248,-0.098000,-0.190375,0.032625,0.508041,-0.292377,0.092008,3.141592,-0.000028,-0.000018
18.904593,-2.259992,-0.424968,-14.326248,-0.098000,-0.190375,0.032625,0.508066,-0.292291,0.092006,-3.141592,-0.000024,-0.000001
18.908585,-2.259993,-0.424972,-14.326249,-0.098000,-0.190375,0.032625,0.508091,-0.292205,0.092004,-3.141591,-0.000020,0.000002
18.912586,-2.259992,-0.424971,-14.326249,-0.098000,-0.190375,0.032625,0.508118,-0.292120,0.092004,-3.141592,-0.000022,0.000005
18.916586,-2.259993,-0.424975,-14.326249,-0.098000,-0.190375,0.032625,0.508143,-0.292034,0.092002,-3.141590,-0.000018,0.000001
18.920591,-2.259993,-0.424974,-14.326249,-0.098000,-0.190375,0.032625,0.508170,-0.291949,0.092001,-3.141591,-0.000019,-0.000003
18.924592,-2.259994,-0.424978,-14.326249,-0.098000,-0.190375,0.032625,0.508195,-0.291863,0.091999,-3.141590,-0.000015,-0.000014
18.928592,-2.259993,-0.424977,-14.326249,-0.098000,-0.190375,0.032625,0.508223,-0.291775,0.091999,-3.141590,-0.000016,-0.000020
18.932590,-2.259994,-0.424981,-14.326249,-0.098000,-0.190375,0.032625,0.508248,-0.291689,0.091997,-3.141589,-0.000012,-0.000030
18.936592,-2.259994,-0.424981,-14.326249,-0.098000,-0.190375,0.032625,0.508248,-0.291689,0.091997,-3.141589,-0.000012,-0.000030
18.940591,-2.239993,-0.444973,-14.456249,-0.097000,-0.191375,0.032625,0.508304,-0.291517,0.091999,-3.141591,-0.000019,-0.000060
18.944592,-2.239994,-0.444978,-14.456249,-0.097000,-0.191375,0.032625,0.508330,-0.291428,0.091997,-3.141590,-0.000015,-0.000073
18.948591,-2.239993,-0.444976,-14.456249,-0.097000,-0.191375,0.032625,0.508357,-0.291343,0.091996,-3.141590,-0.000017,-0.000090
18.952591,-2.239994,-0.444981,-14.456249,-0.097000,-0.191375,0.032625,0.508383,-0.291255,0.091994,-3.141589,-0.000013,-0.000090
18.956591,-2.239994,-0.444980,-14.456249,-0.097000,-0.191375,0.032625,0.508410,-0.291170,0.091994,-3.141589,-0.000014,-0.000073
18.960598,-2.239993,-0.444973,-14.456249,-0.097000,-0.191375,0.032625,0.508438,-0.291082,0.091996,-3.141591,-0.000019,-0.000059
18.964591,-2.239993,-0.444972,-14.456249,-0.097000,-0.191375,0.032625,0.508466,-0.290994,0.091996,-3.141591,-0.000021,-0.000045
18.968596,-2.239993,-0.444975,-14.456249,-0.097000,-0.191375,0.032625,0.508493,-0.290909,0.091993,-3.141590,-0.000018,-0.000036
18.972589,-2.239993,-0.444974,-14.456249,-0.097000,-0.191375,0.032625,0.508521,-0.290821,0.091993,-3.141591,-0.000019,-0.000008
18.976590,-2.239993,-0.444973,-14.456249,-0.097000,-0.191375,0.032625,0.508543,-0.290735,0.091993,-3.141591,-0.000020,-0.000039
18.980601,-2.299992,-0.364971,-14.856248,-0.101000,-0.200375,0.032625,0.508583,-0.290626,0.091992,-3.141591,-0.000021,0.000009
18.984591,-2.299992,-0.364970,-14.856248,-0.101000,-0.200375,0.032625,0.508611,-0.290539,0.091992,-3.141592,-0.000022,0.000017
18.988602,-2.299992,-0.364970,-14.856248,-0.101000,-0.200375,0.032625,0.508611,-0.290539,0.091992,-3.141592,-0.000022,0.000017
18.992591,-2.299993,-0.364973,-14.856248,-0.101000,-0.200375,0.032625,0.508665,-0.290365,0.091988,-3.141589,-0.000014,0.000000
18.996599,-2.299994,-0.364984,-14.856249,-0.101000,-0.200375,0.032625,0.508691,-0.290277,0.091986,-3.141588,-0.000010,-0.000006
19.000591,-2.299995,-0.364987,-14.856249,-0.101000,-0.200375,0.032625,0.508718,-0.290190,0.091983,-3.141588,-0.000007,-0.000019
19.004596,-2.299995,-0.364987,-14.856249,-0.101000,-0.200375,0.032625,0.508718,-0.290190,0.091983,-3.141588,-0.000007,-0.000019
19.008599,-2.299996,-0.364992,-14.856249,-0.101000,-0.200375,0.032625,0.508772,-0.290016,0.091982,-3.141586,-0.000003,-0.000049
19.012589,-2.299996,-0.364992,-14.856249,-0.101000,-0.200375,0.032625,0.508772,-0.290016,0.091982,-3.141586,-0.000003,-0.000049
19.016592,-2.299998,-0.365006,-14.856250,-0.101000,-0.200375,0.032625,0.508822,-0.289842,0.091975,-3.141583,0.000009,-0.000079
19.020591,-2.299998,-0.365006,-14.856250,-0.101000,-0.200375,0.032625,0.508822,-0.289842,0.091975,-3.141583,0.000009,-0.000079
19.024597,-2.339998,-0.435005,-15.066250,-0.098000,-0.203375,0.033625,0.508850,-0.289755,0.091975,-3.141584,0.000008,-0.000092
19.028591,-2.339997,-0.435002,-15.066250,-0.098000,-0.203375,0.033625,0.508877,-0.289666,0.091973,-3.141584,0.000005,-0.000098
19.032591,-2.339998,-0.435008,-15.066250,-0.098000,-0.203375,0.033625,0.508903,-0.289581,0.091972,-3.141583,0.000011,-0.000095
19.036591,-2.339999,-0.435012,-15.066250,-0.098000,-0.203375,0.033625,0.508929,-0.289493,0.091970,-3.141582,0.000015,-0.000088
19.040589,-2.340000,-0.435017,-15.066250,-0.098000,-0.203375,0.033625,0.508953,-0.289407,0.091968,-3.141581,0.000019,-0.000078
19.044590,-2.340000,-0.435021,-15.066250,-0.098000,-0.203375,0.033625,0.508977,-0.289321,0.091966,-3.141580,0.000023,-0.000068
19.048593,-2.340002,-0.435033,-15.066251,-0.098000,-0.203375,0.033625,0.509027,-0.289147,0.091964,-3.141577,0.000033,-0.000051
19.052592,-2.340002,-0.435033,-15.066251,-0.098000,-0.203375,0.033625,0.509027,-0.289147,0.091964,-3.141577,0.000033,-0.000051
19.056593,-2.340002,-0.435033,-15.066251,-0.098000,-0.203375,0.033625,0.509052,-0.289061,0.091965,-3.141577,0.000032,-0.000048
19.060562,-2.340003,-0.435037,-15.066251,-0.098000,-0.203375,0.033625,0.509076,-0.288975,0.091962,-3.141576,0.000036,-0.000046
19.064546,-2.460003,-0.515037,-15.466252,-0.099000,-0.210375,0.035625,0.509101,-0.288889,0.091963,-3.141576,0.000036,-0.000049
19.068596,-2.460005,-0.515048,-15.466252,-0.098999,-0.210375,0.035625,0.509151,-0.288715,0.091961,-3.141574,0.000046,-0.000053
19.072591,-2.460006,-0.515053,-15.466252,-0.098999,-0.210375,0.035625,0.509176,-0.288626,0.091959,-3.141573,0.000050,-0.000059
19.076591,-2.460006,-0.515053,-15.466252,-0.098999,-0.210375,0.035625,0.509176,-0.288626,0.091959,-3.141573,0.000050,-0.000059
19.080591,-2.460003,-0.515039,-15.466252,-0.099000,-0.210375,0.035625,0.509204,-0.288541,0.091962,-3.141576,0.000038,-0.000076
19.084592,-2.460006,-0.515057,-15.466252,-0.098999,-0.210375,0.035625,0.509226,-0.288452,0.091957,-3.141572,0.000053,-0.000082
19.088590,-2.460005,-0.515049,-15.466252,-0.098999,-0.210375,0.035625,0.509255,-0.288368,0.091958,-3.141573,0.000047,-0.000093
19.092591,-2.460005,-0.515049,-15.466252,-0.098999,-0.210375,0.035625,0.509281,-0.288279,0.091959,-3.141573,0.000046,-0.000099
19.096591,-2.460005,-0.515047,-15.466252,-0.098999,-0.210375,0.035625,0.509307,-0.288194,0.091959,-3.141574,0.000045,-0.000116
19.100591,-2.460007,-0.515059,-15.466253,-0.098999,-0.210375,0.035625,0.509331,-0.288108,0.091956,-3.141571,0.000056,-0.000127
19.104591,-2.590006,-0.395053,-15.916252,-0.106999,-0.215375,0.037625,0.509359,-0.288020,0.091958,-3.141573,0.000050,-0.000119
19.108589,-2.590005,-0.395051,-15.916252,-0.106999,-0.215375,0.037625,0.509385,-0.287935,0.091958,-3.141573,0.000049,-0.000123
19.112590,-2.590005,-0.395050,-15.916252,-0.106999,-0.215375,0.037625,0.509411,-0.287850,0.091957,-3.141573,0.000048,-0.000154
19.116592,-2.590006,-0.395057,-15.916252,-0.106999,-0.215375,0.037625,0.509445,-0.287740,0.091957,-3.141572,0.000053,-0.000106
19.120591,-2.590007,-0.395063,-15.916253,-0.106999,-0.215375,0.037625,0.509470,-0.287654,0.091956,-3.141570,0.000058,-0.000089
19.124589,-2.590006,-0.395056,-15.916252,-0.106999,-0.215375,0.037625,0.509497,-0.287569,0.091958,-3.141572,0.000053,-0.000080
19.128590,-2.590005,-0.395049,-15.916252,-0.106999,-0.215375,0.037625,0.509527,-0.287482,0.091960,-3.141574,0.000046,-0.000066
19.132588,-2.590005,-0.395049,-15.916252,-0.106999,-0.215375,0.037625,0.509555,-0.287397,0.091960,-3.141574,0.000046,-0.000056
19.136591,-2.590004,-0.395041,-15.916252,-0.107000,-0.215375,0.037625,0.509583,-0.287312,0.091962,-3.141575,0.000040,-0.000053
19.140592,-2.560003,-0.435036,-16.196251,-0.108000,-0.216375,0.038625,0.509610,-0.287229,0.091965,-3.141576,0.000036,-0.000048
19.144592,-2.560002,-0.435029,-16.196251,-0.108000,-0.216375,0.038625,0.509637,-0.287147,0.091966,-3.141578,0.000029,-0.000043
19.148592,-2.560000,-0.435021,-16.196251,-0.108000,-0.216375,0.038625,0.509664,-0.287064,0.091968,-3.141580,0.000023,-0.000045
19.152589,-2.560000,-0.435021,-16.196251,-0.108000,-0.216375,0.038625,0.509691,-0.286982,0.091968,-3.141580,0.000023,-0.000053
19.156593,-2.559998,-0.435008,-16.196250,-0.108000,-0.216375,0.038625,0.509720,-0.286900,0.091972,-3.141583,0.000011,-0.000061
19.160598,-2.559998,-0.435008,-16.196250,-0.108000,-0.216375,0.038625,0.509746,-0.286817,0.091972,-3.141583,0.000011,-0.000076
19.164555,-2.559998,-0.435008,-16.196250,-0.108000,-0.216375,0.038625,0.509773,-0.286734,0.091973,-3.141583,0.000011,-0.000085
19.168562,-2.559998,-0.435008,-16.196250,-0.108000,-0.216375,0.038625,0.509799,-0.286652,0.091974,-3.141583,0.000011,-0.000100
19.172565,-2.559997,-0.435002,-16.196250,-0.108000,-0.216375,0.038625,0.509828,-0.286570,0.091976,-3.141584,0.000006,-0.000101
19.176560,-2.559997,-0.435001,-16.196250,-0.108000,-0.216375,0.038625,0.509853,-0.286487,0.091976,-3.141585,0.000004,-0.000103
19.180631,-2.479997,-0.495001,-16.276250,-0.107000,-0.212375,0.038625,0.509880,-0.286402,0.091977,-3.141585,0.000004,-0.000093
19.184632,-2.449997,-0.535001,-16.226250,-0.105000,-0.211375,0.038625,0.509907,-0.286319,0.091977,-3.141585,0.000005,-0.000088
19.188622,-2.449997,-0.534999,-16.226250,-0.105000,-0.211375,0.038625,0.509931,-0.286236,0.091977,-3.141585,0.000003,-0.000083
19.192623,-2.449997,-0.534999,-16.226250,-0.105000,-0.211375,0.038625,0.509958,-0.286153,0.091978,-3.141585,0.000003,-0.000078
19.196624,-2.449997,-0.534997,-16.226250,-0.105000,-0.211375,0.038625,0.509991,-0.286048,0.091977,-3.141585,0.000002,-0.000059
19.200618,-2.449995,-0.534990,-16.226250,-0.105000,-0.211375,0.038625,0.510011,-0.285985,0.091979,-3.141587,-0.000004,-0.000090
19.204613,-2.449996,-0.534996,-16.226250,-0.105000,-0.211375,0.038625,0.510043,-0.285880,0.091977,-3.141586,0.000000,-0.000038
19.208607,-2.449997,-0.535002,-16.226250,-0.105000,-0.211375,0.038625,0.510066,-0.285799,0.091976,-3.141584,0.000006,-0.000037
19.212599,-2.449996,-0.534994,-16.226250,-0.105000,-0.211375,0.038625,0.510093,-0.285717,0.091978,-3.141586,-0.000001,-0.000032
19.216598,-2.389996,-0.594993,-15.946249,-0.099000,-0.212375,0.038625,0.510119,-0.285631,0.091977,-3.141586,-0.000002,-0.000029
19.220569,-2.389998,-0.605004,-15.866250,-0.098000,-0.211375,0.037625,0.510142,-0.285548,0.091974,-3.141584,0.000007,-0.000024
19.224595,-2.389997,-0.604998,-15.866250,-0.098000,-0.211375,0.037625,0.510167,-0.285465,0.091976,-3.141585,0.000002,-0.000026
19.228593,-2.389998,-0.605004,-15.866250,-0.098000,-0.211375,0.037625,0.510191,-0.285382,0.091975,-3.141584,0.000007,-0.000027
19.232591,-2.389999,-0.605010,-15.866250,-0.098000,-0.211375,0.037625,0.510215,-0.285298,0.091974,-3.141583,0.000012,-0.000029
19.236591,-2.389999,-0.605010,-15.866250,-0.098000,-0.211375,0.037625,0.510241,-0.285216,0.091975,-3.141583,0.000012,-0.000030
19.240583,-2.389998,-0.605008,-15.866250,-0.098000,-0.211375,0.037625,0.510265,-0.285135,0.091975,-3.141583,0.000011,-0.000043
19.244587,-2.389999,-0.605009,-15.866250,-0.098000,-0.211375,0.037625,0.510288,-0.285054,0.091976,-3.141583,0.000012,-0.000049
19.248591,-2.389998,-0.605003,-15.866250,-0.098000,-0.211375,0.037625,0.510311,-0.284973,0.091978,-3.141584,0.000006,-0.000049
19.252591,-2.389998,-0.605003,-15.866250,-0.098000,-0.211375,0.037625,0.510336,-0.284893,0.091979,-3.141584,0.000006,-0.000055
19.256591,-2.389998,-0.605004,-15.866250,-0.098000,-0.211375,0.037625,0.510360,-0.284810,0.091981,-3.141584,0.000007,-0.000050
19.260564,-2.459996,-0.494991,-15.756250,-0.100000,-0.214375,0.038625,0.510385,-0.284732,0.091984,-3.141587,-0.000004,-0.000060
19.264591,-2.459997,-0.494997,-15.756250,-0.100000,-0.214375,0.038625,0.510409,-0.284648,0.091983,-3.141585,0.000002,-0.000055
19.268596,-2.459997,-0.494997,-15.756250,-0.100000,-0.214375,0.038625,0.510409,-0.284648,0.091983,-3.141585,0.000002,-0.000055
19.272589,-2.459993,-0.494977,-15.756249,-0.100000,-0.214375,0.038625,0.510460,-0.284488,0.091989,-3.141590,-0.000016,-0.000041
19.276589,-2.459992,-0.494972,-15.756249,-0.100000,-0.214375,0.038625,0.510485,-0.284408,0.091992,-3.141591,-0.000020,-0.000040
19.280591,-2.459992,-0.494972,-15.756249,-0.100000,-0.214375,0.038625,0.510511,-0.284325,0.091993,-3.141591,-0.000020,-0.000035
19.284592,-2.459992,-0.494973,-15.756249,-0.100000,-0.214375,0.038625,0.510536,-0.284245,0.091993,-3.141591,-0.000020,-0.000034
19.288592,-2.459992,-0.494973,-15.756249,-0.100000,-0.214375,0.038625,0.510560,-0.284164,0.091994,-3.141591,-0.000020,-0.000034
19.292592,-2.459992,-0.494973,-15.756249,-0.100000,-0.214375,0.038625,0.510585,-0.284084,0.091995,-3.141591,-0.000020,-0.000033
19.296592,-2.459991,-0.494965,-15.756249,-0.100000,-0.214375,0.038625,0.510610,-0.284003,0.091996,-3.141592,-0.000027,-0.000032
19.300589,-2.459990,-0.494959,-15.756248,-0.100000,-0.214375,0.038625,0.510637,-0.283924,0.091999,3.141592,-0.000032,-0.000032
19.304592,-2.559991,-0.354964,-15.726249,-0.108000,-0.214375,0.038625,0.510663,-0.283841,0.091997,3.141593,-0.000027,-0.000033
19.308591,-2.559989,-0.354951,-15.726248,-0.108001,-0.214375,0.038625,0.510690,-0.283761,0.092000,3.141590,-0.000039,-0.000033
19.312609,-2.559989,-0.354951,-15.726248,-0.108001,-0.214375,0.038625,0.510715,-0.283681,0.092001,3.141590,-0.000039,-0.000046
19.316590,-2.559989,-0.354956,-15.726248,-0.108000,-0.214375,0.038625,0.510739,-0.283600,0.091999,3.141591,-0.000035,-0.000052
19.320590,-2.559988,-0.354948,-15.726248,-0.108001,-0.214375,0.038625,0.510766,-0.283517,0.092000,3.141589,-0.000041,-0.000053
19.324589,-2.559988,-0.354947,-15.726248,-0.108001,-0.214375,0.038625,0.510792,-0.283438,0.092000,3.141589,-0.000042,-0.000053
19.328606,-2.559988,-0.354947,-15.726248,-0.108001,-0.214375,0.038625,0.510817,-0.283357,0.092001,3.141589,-0.000042,-0.000059
19.332592,-2.559989,-0.354953,-15.726248,-0.108001,-0.214375,0.038625,0.510842,-0.283274,0.091999,3.141590,-0.000038,-0.000061
19.336591,-2.559987,-0.354945,-15.726248,-0.108001,-0.214375,0.038625,0.510870,-0.283189,0.092000,3.141588,-0.000044,-0.000058
19.340589,-2.559987,-0.354945,-15.726248,-0.108001,-0.214375,0.038625,0.510870,-0.283189,0.092000,3.141588,-0.000044,-0.000058
19.344590,-2.559987,-0.354945,-15.726248,-0.108001,-0.214375,0.038625,0.510870,-0.283189,0.092000,3.141588,-0.000044,-0.000058
19.348590,-2.529988,-0.434949,-15.376248,-0.105001,-0.208375,0.039625,0.510957,-0.282909,0.092000,3.141589,-0.000041,-0.000058
19.352590,-2.529987,-0.434942,-15.376248,-0.105001,-0.208375,0.039625,0.510986,-0.282822,0.092001,3.141588,-0.000047,-0.000057
19.356590,-2.529988,-0.434948,-15.376248,-0.105001,-0.208375,0.039625,0.511012,-0.282734,0.092000,3.141589,-0.000042,-0.000063
19.360591,-2.529988,-0.434948,-15.376248,-0.105001,-0.208375,0.039625,0.511040,-0.282647,0.092001,3.141589,-0.000042,-0.000062
19.364591,-2.529989,-0.434954,-15.376248,-0.105000,-0.208375,0.039625,0.511065,-0.282561,0.092000,3.141590,-0.000037,-0.000073
19.368590,-2.529989,-0.434954,-15.376248,-0.105000,-0.208375,0.039625,0.511065,-0.282561,0.092000,3.141590,-0.000037,-0.000073
19.372590,-2.529991,-0.434966,-15.376249,-0.105000,-0.208375,0.039625,0.511117,-0.282385,0.091998,-3.141592,-0.000026,-0.000072
19.376592,-2.529991,-0.434964,-15.376248,-0.105000,-0.208375,0.039625,0.511143,-0.282300,0.091997,-3.141593,-0.000027,-0.000076
19.380607,-2.479991,-0.524965,-15.286248,-0.103000,-0.203375,0.039625,0.511169,-0.282212,0.091999,-3.141592,-0.000026,-0.000075
19.384593,-2.479992,-0.524971,-15.286249,-0.103000,-0.203375,0.039625,0.511194,-0.282127,0.091998,-3.141591,-0.000021,-0.000085
19.388601,-2.479992,-0.524970,-15.286249,-0.103000,-0.203375,0.039625,0.511220,-0.282039,0.091998,-3.141591,-0.000022,-0.000085
19.392593,-2.479993,-0.524976,-15.286249,-0.103000,-0.203375,0.039625,0.511245,-0.281953,0.091997,-3.141590,-0.000017,-0.000089
19.396592,-2.479995,-0.524988,-15.286249,-0.103000,-0.203375,0.039625,0.511267,-0.281867,0.091994,-3.141587,-0.000007,-0.000086
19.400591,-2.479995,-0.524987,-15.286249,-0.103000,-0.203375,0.039625,0.511293,-0.281782,0.091994,-3.141588,-0.000008,-0.000090
19.404592,-2.479996,-0.524993,-15.286249,-0.103000,-0.203375,0.039625,0.511319,-0.281694,0.091993,-3.141586,-0.000003,-0.000082
19.408592,-2.479998,-0.525003,-15.286250,-0.103000,-0.203375,0.039625,0.511344,-0.281606,0.091989,-3.141584,0.000007,-0.000075
19.412592,-2.479999,-0.525009,-15.286250,-0.103000,-0.203375,0.039625,0.511369,-0.281520,0.091988,-3.141583,0.000012,-0.000072
19.416591,-2.480000,-0.525015,-15.286250,-0.103000,-0.203375,0.039625,0.511394,-0.281434,0.091987,-3.141581,0.000018,-0.000076
19.420591,-2.419999,-0.505008,-15.416250,-0.104000,-0.204375,0.039625,0.511422,-0.281347,0.091988,-3.141583,0.000011,-0.000068
19.424591,-2.420002,-0.505025,-15.416251,-0.104000,-0.204375,0.039625,0.511444,-0.281261,0.091983,-3.141579,0.000026,-0.000072
19.428590,-2.420000,-0.505017,-15.416251,-0.104000,-0.204375,0.039625,0.511473,-0.281174,0.091985,-3.141581,0.000019,-0.000072
19.432600,-2.420001,-0.505023,-15.416251,-0.104000,-0.204375,0.039625,0.511498,-0.281088,0.091984,-3.141580,0.000025,-0.000082
19.436598,-2.420002,-0.505029,-15.416251,-0.104000,-0.204375,0.039625,0.511523,-0.281000,0.091983,-3.141578,0.000030,-0.000088
19.440592,-2.420002,-0.505029,-15.416251,-0.104000,-0.204375,0.039625,0.511523,-0.281000,0.091983,-3.141578,0.000030,-0.000088
19.444590,-2.420002,-0.505027,-15.416251,-0.104000,-0.204375,0.039625,0.511580,-0.280825,0.091982,-3.141579,0.000028,-0.000100
19.448592,-2.420001,-0.505020,-15.416251,-0.104000,-0.204375,0.039625,0.511608,-0.280738,0.091983,-3.141580,0.000021,-0.000106
19.452592,-2.420001,-0.505020,-15.416251,-0.104000,-0.204375,0.039625,0.511608,-0.280738,0.091983,-3.141580,0.000021,-0.000106
19.456591,-2.420002,-0.505026,-15.416251,-0.104000,-0.204375,0.039625,0.511634,-0.280650,0.091982,-3.141579,0.000027,-0.000106
19.460563,-2.420002,-0.505026,-15.416251,-0.104000,-0.204375,0.039625,0.511663,-0.280561,0.091983,-3.141579,0.000027,-0.000141
19.464592,-2.480001,-0.425024,-15.676251,-0.106000,-0.212375,0.038625,0.511725,-0.280364,0.091983,-3.141580,0.000025,-0.000092
19.468590,-2.480001,-0.425024,-15.676251,-0.106000,-0.212375,0.038625,0.511725,-0.280364,0.091983,-3.141580,0.000025,-0.000092
19.472591,-2.480002,-0.425025,-15.676251,-0.106000,-0.212375,0.038625,0.511750,-0.280278,0.091985,-3.141579,0.000026,-0.000083
19.476598,-2.480001,-0.425023,-15.676251,-0.106000,-0.212375,0.038625,0.511804,-0.280103,0.091985,-3.141580,0.000025,-0.000061
19.480592,-2.480001,-0.425023,-15.676251,-0.106000,-0.212375,0.038625,0.511804,-0.280103,0.091985,-3.141580,0.000025,-0.000061
19.484591,-2.480001,-0.425023,-15.676251,-0.106000,-0.212375,0.038625,0.511831,-0.280018,0.091986,-3.141580,0.000025,-0.000058
19.488590,-2.480000,-0.425016,-15.676251,-0.106000,-0.212375,0.038625,0.511859,-0.279931,0.091987,-3.141581,0.000018,-0.000058
19.492600,-2.480000,-0.425016,-15.676251,-0.106000,-0.212375,0.038625,0.511915,-0.279756,0.091989,-3.141581,0.000018,-0.000049
19.496593,-2.480000,-0.425016,-15.676251,-0.106000,-0.212375,0.038625,0.511915,-0.279756,0.091989,-3.141581,0.000018,-0.000049
19.500591,-2.679999,-0.455009,-15.996250,-0.108000,-0.219375,0.040625,0.511971,-0.279581,0.091991,-3.141583,0.000012,-0.000055
19.504597,-2.679999,-0.455009,-15.996250,-0.108000,-0.219375,0.040625,0.511971,-0.279581,0.091991,-3.141583,0.000012,-0.000055
19.508592,-2.680000,-0.455015,-15.996250,-0.108000,-0.219375,0.040625,0.511997,-0.279493,0.091990,-3.141582,0.000017,-0.000061
19.512596,-2.680000,-0.455015,-15.996250,-0.108000,-0.219375,0.040625,0.512026,-0.279403,0.091991,-3.141582,0.000017,-0.000062
19.516590,-2.680000,-0.455013,-15.996250,-0.108000,-0.219375,0.040625,0.512052,-0.279316,0.091990,-3.141582,0.000016,-0.000069
19.520589,-2.680000,-0.455013,-15.996250,-0.108000,-0.219375,0.040625,0.512079,-0.279228,0.091991,-3.141582,0.000016,-0.000075
19.524594,-2.680001,-0.455019,-15.996251,-0.108000,-0.219375,0.040625,0.512131,-0.279055,0.091991,-3.141581,0.000021,-0.000085
19.528596,-2.680002,-0.455024,-15.996251,-0.108000,-0.219375,0.040625,0.512159,-0.278968,0.091989,-3.141580,0.000025,-0.000084
19.532587,-2.680000,-0.455017,-15.996251,-0.108000,-0.219375,0.040625,0.512184,-0.278885,0.091990,-3.141581,0.000019,-0.000092
19.536596,-2.680000,-0.455017,-15.996251,-0.108000,-0.219375,0.040625,0.512184,-0.278885,0.091990,-3.141581,0.000019,-0.000092
19.540590,-2.680000,-0.455017,-15.996251,-0.108000,-0.219375,0.040625,0.512211,-0.278800,0.091991,-3.141581,0.000019,-0.000083
19.544594,-2.740003,-0.475029,-15.926251,-0.107000,-0.217375,0.041625,0.512260,-0.278634,0.091989,-3.141578,0.000030,-0.000052
19.548582,-2.740003,-0.475029,-15.926251,-0.107000,-0.217375,0.041625,0.512260,-0.278634,0.091989,-3.141578,0.000030,-0.000052
19.552566,-2.740003,-0.475034,-15.926252,-0.107000,-0.217375,0.041625,0.512309,-0.278471,0.091988,-3.141577,0.000034,-0.000026
19.556596,-2.740003,-0.475034,-15.926252,-0.107000,-0.217375,0.041625,0.512309,-0.278471,0.091988,-3.141577,0.000034,-0.000026
19.560594,-2.740003,-0.475034,-15.926252,-0.107000,-0.217375,0.041625,0.512334,-0.278388,0.091989,-3.141577,0.000034,-0.000008
19.564566,-2.740003,-0.475033,-15.926252,-0.107000,-0.217375,0.041625,0.512381,-0.278224,0.091989,-3.141578,0.000033,0.000012
19.568559,-2.740003,-0.475033,-15.926252,-0.107000,-0.217375,0.041625,0.512381,-0.278224,0.091989,-3.141578,0.000033,0.000012
19.572596,-2.740003,-0.475033,-15.926252,-0.107000,-0.217375,0.041625,0.512406,-0.278141,0.091990,-3.141578,0.000033,0.000017
19.576594,-2.740003,-0.475033,-15.926252,-0.107000,-0.217375,0.041625,0.512406,-0.278141,0.091990,-3.141578,0.000033,0.000017
19.580558,-2.740005,-0.475040,-15.926252,-0.107000,-0.217375,0.041625,0.512456,-0.277973,0.091991,-3.141576,0.000040,0.000011
19.584584,-2.690005,-0.625040,-15.886252,-0.103000,-0.213375,0.041625,0.512481,-0.277890,0.091992,-3.141576,0.000040,0.000003
19.588590,-2.690005,-0.625040,-15.886252,-0.103000,-0.213375,0.041625,0.512506,-0.277808,0.091992,-3.141576,0.000040,-0.000005
19.592593,-2.690004,-0.625036,-15.886252,-0.103000,-0.213375,0.041625,0.512532,-0.277725,0.091996,-3.141577,0.000035,-0.000021
19.596591,-2.690004,-0.625036,-15.886252,-0.103000,-0.213375,0.041625,0.512556,-0.277642,0.091996,-3.141577,0.000035,-0.000069
19.600590,-2.690005,-0.625044,-15.886252,-0.103000,-0.213375,0.041625,0.512587,-0.277537,0.091997,-3.141575,0.000042,-0.000044
19.604549,-2.690004,-0.625038,-15.886252,-0.103000,-0.213375,0.041625,0.512614,-0.277455,0.091999,-3.141577,0.000037,-0.000059
19.608592,-2.690004,-0.625038,-15.886252,-0.103000,-0.213375,0.041625,0.512639,-0.277372,0.092000,-3.141577,0.000037,-0.000067
19.612592,-2.690004,-0.625038,-15.886252,-0.103000,-0.213375,0.041625,0.512663,-0.277289,0.092001,-3.141577,0.000037,-0.000076
19.616594,-2.690004,-0.625038,-15.886252,-0.103000,-0.213375,0.041625,0.512688,-0.277206,0.092002,-3.141577,0.000037,-0.000070
19.620590,-2.720006,-0.465045,-15.796252,-0.109000,-0.214375,0.040625,0.512713,-0.277123,0.092002,-3.141575,0.000044,-0.000059
19.624590,-2.720005,-0.465039,-15.796252,-0.109000,-0.214375,0.040625,0.512740,-0.277041,0.092004,-3.141576,0.000039,-0.000047
19.628590,-2.720005,-0.465039,-15.796252,-0.109000,-0.214375,0.040625,0.512764,-0.276958,0.092005,-3.141576,0.000039,-0.000028
19.632592,-2.720006,-0.465047,-15.796252,-0.108999,-0.214375,0.040625,0.512788,-0.276875,0.092005,-3.141575,0.000045,-0.000016
19.636592,-2.720005,-0.465041,-15.796252,-0.109000,-0.214375,0.040625,0.512815,-0.276793,0.092007,-3.141576,0.000040,0.000002
19.640596,-2.720005,-0.465040,-15.796252,-0.109000,-0.214375,0.040625,0.512841,-0.276713,0.092007,-3.141576,0.000039,0.000010
19.644590,-2.720004,-0.465034,-15.796251,-0.109000,-0.214375,0.040625,0.512867,-0.276633,0.092010,-3.141578,0.000034,0.000017
19.648566,-2.720002,-0.465028,-15.796251,-0.109000,-0.214375,0.040625,0.512894,-0.276550,0.092012,-3.141579,0.000029,0.000029
19.652589,-2.720004,-0.465034,-15.796251,-0.109000,-0.214375,0.040625,0.512918,-0.276470,0.092011,-3.141577,0.000034,0.000023
19.656591,-2.720003,-0.465028,-15.796251,-0.109000,-0.214375,0.040625,0.512945,-0.276388,0.092014,-3.141579,0.000029,0.000014
19.660590,-2.500001,-0.495022,-15.446251,-0.104000,-0.208375,0.038625,0.512971,-0.276308,0.092016,-3.141580,0.000024,0.000008
19.664589,-2.500002,-0.495024,-15.446251,-0.104000,-0.208375,0.038625,0.512997,-0.276225,0.092018,-3.141580,0.000025,-0.000000
19.668591,-2.500001,-0.495018,-15.446250,-0.104000,-0.208375,0.038625,0.513023,-0.276145,0.092020,-3.141581,0.000020,-0.000013
19.672589,-2.500001,-0.495020,-15.446250,-0.104000,-0.208375,0.038625,0.513049,-0.276063,0.092022,-3.141581,0.000021,-0.000021
19.676590,-2.500000,-0.495014,-15.446250,-0.104000,-0.208375,0.038625,0.513075,-0.275983,0.092025,-3.141582,0.000016,-0.000041
19.680590,-2.499999,-0.495008,-15.446250,-0.104000,-0.208375,0.038625,0.513101,-0.275900,0.092027,-3.141583,0.000011,-0.000056
19.684558,-2.499999,-0.495008,-15.446250,-0.104000,-0.208375,0.038625,0.513101,-0.275900,0.092027,-3.141583,0.000011,-0.000056
19.688587,-2.499998,-0.495003,-15.446250,-0.104000,-0.208375,0.038625,0.513153,-0.275738,0.092031,-3.141584,0.000007,-0.000084
19.692589,-2.499997,-0.494997,-15.446250,-0.104000,-0.208375,0.038625,0.513179,-0.275658,0.092034,-3.141585,0.000002,-0.000083
19.696592,-2.499997,-0.494999,-15.446250,-0.104000,-0.208375,0.038625,0.513205,-0.275575,0.092035,-3.141585,0.000003,-0.000085
19.700588,-2.469995,-0.554988,-15.216250,-0.098000,-0.205375,0.037625,0.513231,-0.275495,0.092040,-3.141587,-0.000007,-0.000084
19.704589,-2.469994,-0.554982,-15.216249,-0.098000,-0.205375,0.037625,0.513257,-0.275413,0.092043,-3.141589,-0.000012,-0.000072
19.708590,-2.469994,-0.554984,-15.216249,-0.098000,-0.205375,0.037625,0.513282,-0.275333,0.092045,-3.141588,-0.000011,-0.000058
19.712591,-2.469993,-0.554978,-15.216249,-0.098000,-0.205375,0.037625,0.513308,-0.275253,0.092047,-3.141589,-0.000016,-0.000051
19.716603,-2.469994,-0.554984,-15.216249,-0.098000,-0.205375,0.037625,0.513333,-0.275170,0.092046,-3.141588,-0.000010,-0.000039
19.720590,-2.469993,-0.554978,-15.216249,-0.098000,-0.205375,0.037625,0.513359,-0.275090,0.092049,-3.141589,-0.000015,-0.000032
19.724589,-2.469990,-0.554965,-15.216249,-0.098000,-0.205375,0.037625,0.513385,-0.275010,0.092052,-3.141592,-0.000027,-0.000065
19.728598,-2.469993,-0.554979,-15.216249,-0.098000,-0.205375,0.037625,0.513405,-0.274926,0.092051,-3.141589,-0.000014,-0.000067
19.732556,-2.469993,-0.554978,-15.216249,-0.098000,-0.205375,0.037625,0.513431,-0.274844,0.092051,-3.141589,-0.000015,-0.000061
19.736569,-2.469992,-0.554973,-15.216249,-0.098000,-0.205375,0.037625,0.513466,-0.274743,0.092054,-3.141590,-0.000020,-0.000034
19.740572,-2.459993,-0.494978,-14.526249,-0.094000,-0.198375,0.035625,0.513490,-0.274660,0.092052,-3.141589,-0.000015,-0.000042
19.744571,-2.459993,-0.494978,-14.526249,-0.094000,-0.198375,0.035625,0.513516,-0.274575,0.092053,-3.141589,-0.000015,-0.000053
19.748555,-2.459994,-0.494983,-14.526249,-0.094000,-0.198375,0.035625,0.513540,-0.274492,0.092051,-3.141588,-0.000011,-0.000068
19.752572,-2.459994,-0.494985,-14.526249,-0.094000,-0.198375,0.035625,0.513567,-0.274407,0.092053,-3.141588,-0.000009,-0.000078
19.756571,-2.459995,-0.494990,-14.526249,-0.094000,-0.198375,0.035625,0.513591,-0.274324,0.092051,-3.141587,-0.000005,-0.000093
19.760576,-2.459995,-0.494990,-14.526249,-0.094000,-0.198375,0.035625,0.513615,-0.274241,0.092052,-3.141587,-0.000005,-0.000108
19.764571,-2.459996,-0.494995,-14.526249,-0.094000,-0.198375,0.035625,0.513641,-0.274156,0.092050,-3.141586,-0.000001,-0.000112
19.768574,-2.459997,-0.495000,-14.526250,-0.094000,-0.198375,0.035625,0.513665,-0.274073,0.092048,-3.141585,0.000004,-0.000107
19.772579,-2.459997,-0.495000,-14.526250,-0.094000,-0.198375,0.035625,0.513689,-0.273990,0.092049,-3.141585,0.000004,-0.000109
19.776589,-2.459997,-0.494999,-14.526250,-0.094000,-0.198375,0.035625,0.513715,-0.273907,0.092049,-3.141585,0.000003,-0.000104
19.780587,-2.459997,-0.494999,-14.526250,-0.094000,-0.198375,0.035625,0.513741,-0.273822,0.092050,-3.141585,0.000003,-0.000087
19.784589,-2.459997,-0.494999,-14.526250,-0.094000,-0.198375,0.035625,0.513741,-0.273822,0.092050,-3.141585,0.000003,-0.000087
19.788547,-2.459998,-0.415004,-13.846250,-0.094000,-0.193375,0.033625,0.513789,-0.273656,0.092049,-3.141584,0.000007,-0.000070
19.792548,-2.459999,-0.415010,-13.846251,-0.094000,-0.193375,0.033625,0.513816,-0.273571,0.092048,-3.141583,0.000013,-0.000061
19.796590,-2.459999,-0.415010,-13.846251,-0.094000,-0.193375,0.033625,0.513840,-0.273489,0.092048,-3.141583,0.000013,-0.000056
19.800589,-2.459999,-0.415009,-13.846251,-0.094000,-0.193375,0.033625,0.513866,-0.273406,0.092048,-3.141583,0.000012,-0.000050
19.804588,-2.459999,-0.415009,-13.846251,-0.094000,-0.193375,0.033625,0.513890,-0.273323,0.092049,-3.141583,0.000012,-0.000052
19.808590,-2.459999,-0.415009,-13.846251,-0.094000,-0.193375,0.033625,0.513890,-0.273323,0.092049,-3.141583,0.000012,-0.000052
19.812592,-2.460000,-0.415016,-13.846251,-0.094000,-0.193375,0.033625,0.513921,-0.273219,0.092049,-3.141581,0.000018,-0.000047
19.816589,-2.460000,-0.415016,-13.846251,-0.094000,-0.193375,0.033625,0.513921,-0.273219,0.092049,-3.141581,0.000018,-0.000047
19.820596,-2.460000,-0.415016,-13.846251,-0.094000,-0.193375,0.033625,0.513965,-0.273073,0.092050,-3.141582,0.000018,-0.000046
19.824591,-2.470000,-0.405014,-13.876251,-0.096000,-0.192375,0.033625,0.514017,-0.272908,0.092050,-3.141582,0.000016,-0.000062
19.828590,-2.469999,-0.405008,-13.876250,-0.096000,-0.192375,0.033625,0.514045,-0.272823,0.092052,-3.141583,0.000011,-0.000066
19.832591,-2.470001,-0.405021,-13.876251,-0.096000,-0.192375,0.033625,0.514068,-0.272740,0.092050,-3.141581,0.000022,-0.000081
19.836589,-2.470000,-0.405015,-13.876251,-0.096000,-0.192375,0.033625,0.514097,-0.272653,0.092052,-3.141582,0.000017,-0.000087
19.840552,-2.470000,-0.405012,-13.876250,-0.096000,-0.192375,0.033625,0.514122,-0.272568,0.092051,-3.141582,0.000015,-0.000091
19.844592,-2.469999,-0.405011,-13.876250,-0.096000,-0.192375,0.033625,0.514150,-0.272483,0.092051,-3.141583,0.000014,-0.000102
19.848589,-2.469999,-0.405011,-13.876250,-0.096000,-0.192375,0.033625,0.514176,-0.272395,0.092051,-3.141583,0.000014,-0.000094
19.852590,-2.470000,-0.405016,-13.876251,-0.096000,-0.192375,0.033625,0.514202,-0.272308,0.092050,-3.141581,0.000018,-0.000087
19.856590,-2.310001,-0.395021,-13.996251,-0.097000,-0.188375,0.031625,0.514236,-0.272198,0.092048,-3.141581,0.000022,-0.000079
19.860591,-2.310000,-0.395015,-13.996250,-0.097000,-0.188375,0.031625,0.514265,-0.272111,0.092050,-3.141582,0.000017,-0.000065
19.864589,-2.310001,-0.395019,-13.996251,-0.097000,-0.188375,0.031625,0.514293,-0.272024,0.092047,-3.141581,0.000021,-0.000058
19.868589,-2.310001,-0.395019,-13.996251,-0.097000,-0.188375,0.031625,0.514318,-0.271939,0.092048,-3.141581,0.000021,-0.000055
19.872591,-2.310001,-0.395018,-13.996251,-0.097000,-0.188375,0.031625,0.514346,-0.271852,0.092048,-3.141581,0.000020,-0.000048
19.876591,-2.310002,-0.395023,-13.996251,-0.097000,-0.188375,0.031625,0.514371,-0.271767,0.092046,-3.141580,0.000024,-0.000038
19.880590,-2.310001,-0.395017,-13.996251,-0.097000,-0.188375,0.031625,0.514400,-0.271679,0.092049,-3.141581,0.000019,-0.000037
19.884590,-2.310002,-0.395022,-13.996251,-0.097000,-0.188375,0.031625,0.514426,-0.271592,0.092047,-3.141580,0.000023,-0.000037
19.888588,-2.310001,-0.395021,-13.996251,-0.097000,-0.188375,0.031625,0.514453,-0.271507,0.092047,-3.141581,0.000023,-0.000034
19.892558,-2.310002,-0.395026,-13.996251,-0.097000,-0.188375,0.031625,0.514479,-0.271419,0.092045,-3.141580,0.000027,-0.000033
19.896552,-2.310002,-0.395026,-13.996251,-0.097000,-0.188375,0.031625,0.514479,-0.271419,0.092045,-3.141580,0.000027,-0.000033
19.900574,-2.250000,-0.475012,-14.006251,-0.092000,-0.190375,0.031625,0.514535,-0.271248,0.092048,-3.141582,0.000014,-0.000043
19.904593,-2.250001,-0.475017,-14.006251,-0.092000,-0.190375,0.031625,0.514560,-0.271162,0.092046,-3.141581,0.000019,-0.000053
19.908590,-2.249998,-0.475003,-14.006250,-0.092000,-0.190375,0.031625,0.514589,-0.271075,0.092049,-3.141584,0.000007,-0.000053
19.912589,-2.249997,-0.474997,-14.006250,-0.092000,-0.190375,0.031625,0.514617,-0.270988,0.092052,-3.141585,0.000002,-0.000052
19.916589,-2.249998,-0.475002,-14.006250,-0.092000,-0.190375,0.031625,0.514642,-0.270903,0.092050,-3.141584,0.000006,-0.000056
19.920590,-2.249998,-0.475002,-14.006250,-0.092000,-0.190375,0.031625,0.514668,-0.270816,0.092050,-3.141584,0.000006,-0.000049
19.924591,-2.249998,-0.475001,-14.006250,-0.092000,-0.190375,0.031625,0.514696,-0.270728,0.092050,-3.141585,0.000005,-0.000048
19.928599,-2.249998,-0.475001,-14.006250,-0.092000,-0.190375,0.031625,0.514696,-0.270728,0.092050,-3.141585,0.000005,-0.000048
19.932591,-2.249998,-0.475001,-14.006250,-0.092000,-0.190375,0.031625,0.514721,-0.270643,0.092051,-3.141585,0.000005,-0.000045
19.936569,-2.249997,-0.475001,-14.006250,-0.092000,-0.190375,0.031625,0.514776,-0.270468,0.092052,-3.141585,0.000004,-0.000077
19.940600,-2.399998,-0.425005,-14.076250,-0.094000,-0.198375,0.032625,0.514797,-0.270382,0.092050,-3.141584,0.000008,-0.000081
19.944587,-2.399998,-0.425005,-14.076250,-0.094000,-0.198375,0.032625,0.514797,-0.270382,0.092050,-3.141584,0.000008,-0.000081
19.948589,-2.399997,-0.425000,-14.076250,-0.094000,-0.198375,0.032625,0.514834,-0.270274,0.092053,-3.141585,0.000004,-0.000040
19.952590,-2.399997,-0.424999,-14.076250,-0.094000,-0.198375,0.032625,0.514887,-0.270101,0.092053,-3.141585,0.000003,-0.000036
19.956591,-2.399997,-0.424999,-14.076250,-0.094000,-0.198375,0.032625,0.514887,-0.270101,0.092053,-3.141585,0.000003,-0.000036
19.960590,-2.399998,-0.425004,-14.076250,-0.094000,-0.198375,0.032625,0.514939,-0.269926,0.092052,-3.141584,0.000008,-0.000028
19.964589,-2.399998,-0.425004,-14.076250,-0.094000,-0.198375,0.032625,0.514939,-0.269926,0.092052,-3.141584,0.000008,-0.000028
19.968596,-2.399998,-0.425003,-14.076250,-0.094000,-0.198375,0.032625,0.514992,-0.269754,0.092053,-3.141584,0.000007,-0.000038
19.972591,-2.399998,-0.425003,-14.076250,-0.094000,-0.198375,0.032625,0.514992,-0.269754,0.092053,-3.141584,0.000007,-0.000038
19.976591,-2.399997,-0.425001,-14.076250,-0.094000,-0.198375,0.032625,0.515018,-0.269666,0.092052,-3.141585,0.000005,-0.000044
19.980589,-2.399997,-0.425000,-14.076250,-0.094000,-0.198375,0.032625,0.515046,-0.269579,0.092052,-3.141585,0.000004,-0.000044
19.984587,-2.399997,-0.425000,-14.076250,-0.094000,-0.198375,0.032625,0.515046,-0.269579,0.092052,-3.141585,0.000004,-0.000044
19.988591,-2.399997,-0.425000,-14.076250,-0.094000,-0.198375,0.032625,0.515046,-0.269579,0.092052,-3.141585,0.000004,-0.000044
19.992591,-2.399997,-0.424999,-14.076250,-0.094000,-0.198375,0.032625,0.515080,-0.269470,0.092052,-3.141585,0.000004,-0.000050
19.996550,-2.389998,-0.405003,-14.026250,-0.095000,-0.196375,0.032625,0.515152,-0.269232,0.092050,-3.141584,0.000007,-0.000052
20.000588,-2.389998,-0.405003,-14.026250,-0.095000,-0.196375,0.032625,0.515152,-0.269232,0.092050,-3.141584,0.000007,-0.000052
20.004572,-2.389998,-0.405003,-14.026250,-0.095000,-0.196375,0.032625,0.515152,-0.269232,0.092050,-3.141584,0.000007,-0.000052
20.008572,-2.389999,-0.405007,-14.026250,-0.095000,-0.196375,0.032625,0.515230,-0.268972,0.092049,-3.141583,0.000010,-0.000055
20.012590,-2.389999,-0.405007,-14.026250,-0.095000,-0.196375,0.032625,0.515264,-0.268862,0.092050,-3.141584,0.000010,-0.000054
20.016590,-2.390001,-0.405019,-14.026250,-0.095000,-0.196375,0.032625,0.515283,-0.268797,0.092047,-3.141581,0.000020,-0.000060
20.020600,-2.390000,-0.405011,-14.026250,-0.095000,-0.196375,0.032625,0.515310,-0.268709,0.092048,-3.141583,0.000014,-0.000059
20.024590,-2.359999,-0.505010,-13.996250,-0.092000,-0.192375,0.032625,0.515338,-0.268622,0.092048,-3.141583,0.000013,-0.000065
20.028589,-2.360001,-0.505015,-13.996250,-0.092000,-0.192375,0.032625,0.515362,-0.268537,0.092046,-3.141582,0.000017,-0.000069
20.032590,-2.360000,-0.505014,-13.996250,-0.092000,-0.192375,0.032625,0.515390,-0.268450,0.092046,-3.141582,0.000017,-0.000075
20.036590,-2.359998,-0.505001,-13.996250,-0.092000,-0.192375,0.032625,0.515417,-0.268365,0.092049,-3.141585,0.000005,-0.000120
20.040589,-2.360000,-0.505013,-13.996250,-0.092000,-0.192375,0.032625,0.515436,-0.268281,0.092046,-3.141582,0.000015,-0.000121
20.044589,-2.360001,-0.505019,-13.996251,-0.092000,-0.192375,0.032625,0.515470,-0.268180,0.092046,-3.141581,0.000021,-0.000087
20.048590,-2.360000,-0.505012,-13.996250,-0.092000,-0.192375,0.032625,0.515498,-0.268098,0.092047,-3.141582,0.000015,-0.000088
20.052591,-2.360000,-0.505011,-13.996250,-0.092000,-0.192375,0.032625,0.515523,-0.268015,0.092047,-3.141583,0.000014,-0.000090
20.056591,-2.359999,-0.505005,-13.996250,-0.092000,-0.192375,0.032625,0.515548,-0.267933,0.092050,-3.141584,0.000009,-0.000092
20.060590,-2.359998,-0.455004,-14.046250,-0.096000,-0.189375,0.032625,0.515574,-0.267850,0.092049,-3.141584,0.000008,-0.000087
20.064590,-2.360000,-0.455011,-14.046251,-0.096000,-0.189375,0.032625,0.515597,-0.267770,0.092049,-3.141583,0.000014,-0.000093
20.068588,-2.359999,-0.455010,-14.046250,-0.096000,-0.189375,0.032625,0.515623,-0.267685,0.092049,-3.141583,0.000013,-0.000076
20.072589,-2.360001,-0.455016,-14.046251,-0.096000,-0.189375,0.032625,0.515647,-0.267604,0.092048,-3.141582,0.000019,-0.000076
20.076589,-2.359999,-0.455009,-14.046250,-0.096000,-0.189375,0.032625,0.515675,-0.267520,0.092049,-3.141583,0.000012,-0.000073
20.080590,-2.360000,-0.455013,-14.046251,-0.096000,-0.189375,0.032625,0.515700,-0.267437,0.092047,-3.141582,0.000016,-0.000068
20.084591,-2.360000,-0.455013,-14.046251,-0.096000,-0.189375,0.032625,0.515725,-0.267355,0.092047,-3.141582,0.000015,-0.000076
20.088590,-2.360001,-0.455019,-14.046251,-0.096000,-0.189375,0.032625,0.515750,-0.267272,0.092046,-3.141581,0.000021,-0.000078
20.092590,-2.360001,-0.455018,-14.046251,-0.096000,-0.189375,0.032625,0.515775,-0.267190,0.092046,-3.141581,0.000020,-0.000086
20.096590,-2.360000,-0.455011,-14.046251,-0.096000,-0.189375,0.032625,0.515802,-0.267107,0.092047,-3.141583,0.000014,-0.000088
20.100557,-2.360000,-0.455010,-14.046250,-0.096000,-0.189375,0.032625,0.515827,-0.267025,0.092047,-3.141583,0.000013,-0.000096
20.104588,-2.270000,-0.435014,-14.116250,-0.096000,-0.189375,0.032625,0.515852,-0.266942,0.092045,-3.141582,0.000017,-0.000104
20.108589,-2.270000,-0.435013,-14.116250,-0.096000,-0.189375,0.032625,0.515877,-0.266860,0.092045,-3.141582,0.000016,-0.000106
20.112591,-2.269999,-0.435006,-14.116250,-0.096000,-0.189375,0.032625,0.515906,-0.266775,0.092046,-3.141584,0.000010,-0.000103
20.116589,-2.269998,-0.435005,-14.116250,-0.096000,-0.189375,0.032625,0.515931,-0.266693,0.092046,-3.141584,0.000009,-0.000105
20.120590,-2.269998,-0.435004,-14.116250,-0.096000,-0.189375,0.032625,0.515956,-0.266610,0.092046,-3.141584,0.000008,-0.000113
20.124589,-2.270001,-0.435016,-14.116250,-0.096000,-0.189375,0.032625,0.515980,-0.266527,0.092043,-3.141582,0.000018,-0.000108
20.128590,-2.269999,-0.435009,-14.116250,-0.096000,-0.189375,0.032625,0.516007,-0.266445,0.092044,-3.141583,0.000012,-0.000103
20.132589,-2.269999,-0.435008,-14.116250,-0.096000,-0.189375,0.032625,0.516031,-0.266365,0.092044,-3.141583,0.000011,-0.000095
20.136589,-2.209998,-0.535001,-14.206250,-0.090000,-0.190375,0.033625,0.516058,-0.266283,0.092046,-3.141585,0.000005,-0.000117
20.140591,-2.209998,-0.535001,-14.206250,-0.090000,-0.190375,0.033625,0.516058,-0.266283,0.092046,-3.141585,0.000005,-0.000117
20.144590,-2.209997,-0.535001,-14.206250,-0.090000,-0.190375,0.033625,0.516108,-0.266120,0.092047,-3.141585,0.000005,-0.000091
20.148592,-2.209994,-0.534986,-14.206249,-0.090000,-0.190375,0.033625,0.516136,-0.266039,0.092049,-3.141588,-0.000008,-0.000079
20.152589,-2.209997,-0.535000,-14.206250,-0.090000,-0.190375,0.033625,0.516166,-0.265936,0.092047,-3.141585,0.000004,-0.000031
20.156595,-2.209996,-0.534993,-14.206250,-0.090000,-0.190375,0.033625,0.516193,-0.265854,0.092049,-3.141586,-0.000002,-0.000026
20.160589,-2.209995,-0.534991,-14.206249,-0.090000,-0.190375,0.033625,0.516218,-0.265774,0.092048,-3.141587,-0.000004,-0.000032
20.164593,-2.209995,-0.534990,-14.206249,-0.090000,-0.190375,0.033625,0.516243,-0.265692,0.092048,-3.141587,-0.000005,-0.000034
20.168588,-2.209995,-0.534990,-14.206249,-0.090000,-0.190375,0.033625,0.516269,-0.265609,0.092049,-3.141587,-0.000004,-0.000042
20.172587,-2.209995,-0.534990,-14.206249,-0.090000,-0.190375,0.033625,0.516293,-0.265529,0.092049,-3.141587,-0.000005,-0.000049
20.176568,-2.219992,-0.554977,-14.246249,-0.089000,-0.191375,0.033625,0.516322,-0.265448,0.092052,-3.141589,-0.000017,-0.000057
20.180593,-2.249994,-0.514983,-14.266250,-0.090000,-0.192375,0.033625,0.516347,-0.265365,0.092051,-3.141588,-0.000011,-0.000065
20.184590,-2.249992,-0.514976,-14.266249,-0.090000,-0.192375,0.033625,0.516374,-0.265283,0.092053,-3.141589,-0.000017,-0.000067
20.188589,-2.249994,-0.514983,-14.266250,-0.090000,-0.192375,0.033625,0.516398,-0.265200,0.092052,-3.141588,-0.000011,-0.000075
20.192589,-2.249992,-0.514976,-14.266249,-0.090000,-0.192375,0.033625,0.516423,-0.265120,0.092054,-3.141590,-0.000018,-0.000081
20.196594,-2.249992,-0.514975,-14.266249,-0.090000,-0.192375,0.033625,0.516448,-0.265038,0.092054,-3.141590,-0.000018,-0.000083
20.200592,-2.249994,-0.514986,-14.266250,-0.090000,-0.192375,0.033625,0.516472,-0.264955,0.092050,-3.141588,-0.000008,-0.000078
20.204625,-2.249993,-0.514979,-14.266249,-0.090000,-0.192375,0.033625,0.516499,-0.264873,0.092052,-3.141589,-0.000014,-0.000073
20.208552,-2.249993,-0.514978,-14.266249,-0.090000,-0.192375,0.033625,0.516521,-0.264795,0.092052,-3.141589,-0.000015,-0.000070
20.212587,-2.249992,-0.514976,-14.266249,-0.090000,-0.192375,0.033625,0.516548,-0.264713,0.092051,-3.141589,-0.000017,-0.000058
20.216592,-2.249994,-0.514983,-14.266250,-0.090000,-0.192375,0.033625,0.516572,-0.264630,0.092050,-3.141588,-0.000011,-0.000039
20.220589,-2.279994,-0.464987,-14.086249,-0.091000,-0.193375,0.033625,0.516595,-0.264549,0.092048,-3.141587,-0.000008,-0.000025
20.224592,-2.279993,-0.464980,-14.086249,-0.091000,-0.193375,0.033625,0.516622,-0.264467,0.092049,-3.141589,-0.000014,-0.000007
20.228590,-2.279994,-0.464984,-14.086249,-0.091000,-0.193375,0.033625,0.516646,-0.264385,0.092047,-3.141588,-0.000010,0.000005
20.232589,-2.279995,-0.464988,-14.086249,-0.091000,-0.193375,0.033625,0.516671,-0.264302,0.092044,-3.141587,-0.000007,0.000010
20.236592,-2.279994,-0.464987,-14.086249,-0.091000,-0.193375,0.033625,0.516695,-0.264219,0.092044,-3.141587,-0.000008,0.000015
20.240587,-2.279994,-0.464986,-14.086249,-0.091000,-0.193375,0.033625,0.516721,-0.264134,0.092044,-3.141588,-0.000008,0.000011
20.244591,-2.279995,-0.464990,-14.086250,-0.091000,-0.193375,0.033625,0.516748,-0.264047,0.092041,-3.141587,-0.000005,0.000012
20.248591,-2.279997,-0.464999,-14.086250,-0.091000,-0.193375,0.033625,0.516768,-0.263961,0.092037,-3.141585,0.000004,-0.000039
20.252590,-2.279997,-0.464999,-14.086250,-0.091000,-0.193375,0.033625,0.516798,-0.263874,0.092037,-3.141585,0.000003,-0.000005
20.256590,-2.279997,-0.464998,-14.086250,-0.091000,-0.193375,0.033625,0.516825,-0.263787,0.092037,-3.141585,0.000002,-0.000017
20.260552,-2.289998,-0.505002,-13.986250,-0.089000,-0.190375,0.034625,0.516847,-0.263701,0.092034,-3.141585,0.000005,-0.000075
20.264590,-2.289998,-0.505002,-13.986250,-0.090000,-0.188375,0.034625,0.516883,-0.263593,0.092034,-3.141585,0.000005,-0.000041
20.268591,-2.290000,-0.505013,-13.986250,-0.090000,-0.188375,0.034625,0.516907,-0.263507,0.092031,-3.141582,0.000016,-0.000058
20.272601,-2.290000,-0.505012,-13.986250,-0.090000,-0.188375,0.034625,0.516934,-0.263420,0.092031,-3.141583,0.000015,-0.000064
20.276591,-2.290000,-0.505011,-13.986250,-0.090000,-0.188375,0.034625,0.516960,-0.263335,0.092031,-3.141583,0.000014,-0.000074
20.280591,-2.289999,-0.505010,-13.986250,-0.090000,-0.188375,0.034625,0.516985,-0.263250,0.092031,-3.141583,0.000013,-0.000072
20.284591,-2.289998,-0.505002,-13.986250,-0.090000,-0.188375,0.034625,0.517013,-0.263163,0.092031,-3.141585,0.000006,-0.000057
20.288589,-2.289998,-0.505002,-13.986250,-0.090000,-0.188375,0.034625,0.517013,-0.263163,0.092031,-3.141585,0.000006,-0.000057
20.292589,-2.289997,-0.505001,-13.986250,-0.090000,-0.188375,0.034625,0.517039,-0.263078,0.092031,-3.141585,0.000005,-0.000041
20.296588,-2.289998,-0.505005,-13.986250,-0.090000,-0.188375,0.034625,0.517089,-0.262905,0.092029,-3.141584,0.000008,-0.000011
20.300590,-2.299998,-0.455004,-14.246250,-0.095000,-0.189375,0.034625,0.517114,-0.262820,0.092029,-3.141584,0.000008,-0.000001
20.304592,-2.299998,-0.455003,-14.246250,-0.095000,-0.189375,0.034625,0.517140,-0.262735,0.092029,-3.141584,0.000007,0.000009
20.308599,-2.299998,-0.455003,-14.246250,-0.095000,-0.189375,0.034625,0.517140,-0.262735,0.092029,-3.141584,0.000007,0.000009
20.312548,-2.299999,-0.455007,-14.246250,-0.095000,-0.189375,0.034625,0.517166,-0.262648,0.092027,-3.141584,0.000010,0.000009
20.316547,-2.299997,-0.454999,-14.246250,-0.095000,-0.189375,0.034625,0.517220,-0.262478,0.092028,-3.141585,0.000003,0.000002
20.320592,-2.299997,-0.454998,-14.246250,-0.095000,-0.189375,0.034625,0.517245,-0.262393,0.092028,-3.141585,0.000002,-0.000009
20.324589,-2.299997,-0.454997,-14.246250,-0.095000,-0.189375,0.034625,0.517279,-0.262284,0.092028,-3.141586,0.000001,-0.000015
20.328596,-2.299997,-0.454997,-14.246250,-0.095000,-0.189375,0.034625,0.517279,-0.262284,0.092028,-3.141586,0.000001,-0.000015
20.332591,-2.299996,-0.454996,-14.246250,-0.095000,-0.189375,0.034625,0.517297,-0.262221,0.092028,-3.141586,0.000001,-0.000032
20.336591,-2.299993,-0.454982,-14.246249,-0.095000,-0.189375,0.034625,0.517327,-0.262134,0.092030,-3.141588,-0.000012,-0.000092
20.340590,-2.299993,-0.454982,-14.246249,-0.095000,-0.189375,0.034625,0.517327,-0.262134,0.092030,-3.141588,-0.000012,-0.000092
20.344589,-2.269996,-0.374992,-14.576249,-0.099000,-0.191375,0.034625,0.517386,-0.261938,0.092026,-3.141586,-0.000003,-0.000077
20.348596,-2.269994,-0.374985,-14.576249,-0.099000,-0.191375,0.034625,0.517415,-0.261851,0.092028,-3.141588,-0.000009,-0.000090
20.352550,-2.269995,-0.374989,-14.576249,-0.099000,-0.191375,0.034625,0.517441,-0.261764,0.092025,-3.141587,-0.000006,-0.000096
20.356590,-2.269994,-0.374987,-14.576249,-0.099000,-0.191375,0.034625,0.517470,-0.261677,0.092024,-3.141587,-0.000007,-0.000095
20.360589,-2.269992,-0.374978,-14.576249,-0.099000,-0.191375,0.034625,0.517527,-0.261503,0.092025,-3.141589,-0.000015,-0.000074
20.364587,-2.269992,-0.374976,-14.576249,-0.099000,-0.191375,0.034625,0.517555,-0.261416,0.092024,-3.141589,-0.000017,-0.000067
20.368598,-2.269991,-0.374969,-14.576248,-0.099000,-0.191375,0.034625,0.517583,-0.261331,0.092026,-3.141591,-0.000023,-0.000057
20.372591,-2.269991,-0.374969,-14.576248,-0.099000,-0.191375,0.034625,0.517583,-0.261331,0.092026,-3.141591,-0.000023,-0.000057
20.376596,-2.269990,-0.374967,-14.576248,-0.099000,-0.191375,0.034625,0.517611,-0.261245,0.092025,-3.141591,-0.000025,-0.000049
20.380601,-2.319991,-0.424971,-14.636249,-0.095000,-0.200375,0.035625,0.517667,-0.261071,0.092022,-3.141590,-0.000022,-0.000048
20.384589,-2.319991,-0.424971,-14.636249,-0.095000,-0.200375,0.035625,0.517667,-0.261071,0.092022,-3.141590,-0.000022,-0.000048
20.388599,-2.319990,-0.424968,-14.636249,-0.095000,-0.200375,0.035625,0.517722,-0.260896,0.092021,-3.141591,-0.000024,-0.000054
20.392592,-2.319990,-0.424968,-14.636249,-0.095000,-0.200375,0.035625,0.517722,-0.260896,0.092021,-3.141591,-0.000024,-0.000054
20.396597,-2.319991,-0.424972,-14.636249,-0.095000,-0.200375,0.035625,0.517748,-0.260809,0.092019,-3.141590,-0.000021,-0.000053
20.400597,-2.319990,-0.424969,-14.636249,-0.095000,-0.200375,0.035625,0.517803,-0.260635,0.092018,-3.141591,-0.000023,-0.000072
20.404593,-2.319990,-0.424969,-14.636249,-0.095000,-0.200375,0.035625,0.517803,-0.260635,0.092018,-3.141591,-0.000023,-0.000072
20.408589,-2.319989,-0.424962,-14.636249,-0.095000,-0.200375,0.035625,0.517832,-0.260548,0.092019,-3.141592,-0.000030,-0.000078
20.412591,-2.319991,-0.424974,-14.636249,-0.095000,-0.200375,0.035625,0.517857,-0.260460,0.092016,-3.141590,-0.000019,-0.000091
20.416552,-2.319990,-0.424966,-14.636249,-0.095000,-0.200375,0.035625,0.517893,-0.260351,0.092017,-3.141591,-0.000026,-0.000110
20.420598,-2.319991,-0.424971,-14.636249,-0.095000,-0.200375,0.035625,0.517910,-0.260288,0.092015,-3.141590,-0.000022,-0.000121
20.424591,-2.339990,-0.474970,-14.756249,-0.092000,-0.202375,0.036625,0.517938,-0.260198,0.092015,-3.141591,-0.000023,-0.000116
20.428589,-2.339990,-0.474968,-14.756249,-0.092000,-0.202375,0.036625,0.517965,-0.260114,0.092014,-3.141591,-0.000025,-0.000119
20.432591,-2.339992,-0.474974,-14.756249,-0.092000,-0.202375,0.036625,0.517991,-0.260026,0.092013,-3.141590,-0.000019,-0.000112
20.436591,-2.339992,-0.474978,-14.756249,-0.092000,-0.202375,0.036625,0.518015,-0.259941,0.092011,-3.141589,-0.000015,-0.000102
20.440590,-2.339992,-0.474977,-14.756249,-0.092000,-0.202375,0.036625,0.518041,-0.259856,0.092011,-3.141589,-0.000016,-0.000093
20.444589,-2.339993,-0.474983,-14.756249,-0.092000,-0.202375,0.036625,0.518066,-0.259774,0.092009,-3.141588,-0.000011,-0.000121
20.448589,-2.339993,-0.474981,-14.756249,-0.092000,-0.202375,0.036625,0.518097,-0.259669,0.092009,-3.141588,-0.000012,-0.000069
20.452591,-2.339993,-0.474981,-14.756249,-0.092000,-0.202375,0.036625,0.518120,-0.259587,0.092009,-3.141589,-0.000013,-0.000057
20.456591,-2.339994,-0.474986,-14.756249,-0.092000,-0.202375,0.036625,0.518146,-0.259504,0.092007,-3.141588,-0.000008,-0.000045
20.460591,-2.439994,-0.454985,-14.966249,-0.098000,-0.204375,0.036625,0.518169,-0.259421,0.092007,-3.141588,-0.000009,-0.000033
20.464590,-2.439995,-0.454990,-14.966250,-0.098000,-0.204375,0.036625,0.518195,-0.259339,0.092005,-3.141587,-0.000004,-0.000028
20.468588,-2.439995,-0.454990,-14.966250,-0.098000,-0.204375,0.036625,0.518218,-0.259256,0.092005,-3.141587,-0.000005,-0.000030
20.472591,-2.439998,-0.455001,-14.966250,-0.098000,-0.204375,0.036625,0.518241,-0.259173,0.092002,-3.141585,0.000005,-0.000038
20.476591,-2.439996,-0.454994,-14.966250,-0.098000,-0.204375,0.036625,0.518267,-0.259091,0.092004,-3.141586,-0.000001,-0.000040
20.480589,-2.439996,-0.454993,-14.966250,-0.098000,-0.204375,0.036625,0.518292,-0.259006,0.092003,-3.141586,-0.000002,-0.000044
20.484591,-2.439995,-0.454991,-14.966250,-0.098000,-0.204375,0.036625,0.518318,-0.258924,0.092003,-3.141587,-0.000004,-0.000059
20.488591,-2.439998,-0.455002,-14.966250,-0.098000,-0.204375,0.036625,0.518341,-0.258841,0.091999,-3.141584,0.000006,-0.000074
20.492589,-2.439998,-0.455002,-14.966250,-0.098000,-0.204375,0.036625,0.518364,-0.258758,0.091999,-3.141585,0.000005,-0.000089
20.496591,-2.439999,-0.455007,-14.966250,-0.098000,-0.204375,0.036625,0.518391,-0.258673,0.091998,-3.141584,0.000010,-0.000086
20.500591,-2.510000,-0.385011,-15.136251,-0.105000,-0.206375,0.037625,0.518414,-0.258591,0.091995,-3.141583,0.000014,-0.000088
20.504554,-2.510000,-0.385011,-15.136251,-0.105000,-0.206375,0.037625,0.518439,-0.258508,0.091996,-3.141583,0.000014,-0.000089
20.508591,-2.510001,-0.385015,-15.136251,-0.105000,-0.206375,0.037625,0.518463,-0.258425,0.091993,-3.141582,0.000018,-0.000084
20.512590,-2.510000,-0.385013,-15.136251,-0.105000,-0.206375,0.037625,0.518489,-0.258341,0.091992,-3.141582,0.000016,-0.000074
20.516590,-2.510002,-0.385019,-15.136251,-0.105000,-0.206375,0.037625,0.518514,-0.258258,0.091991,-3.141581,0.000021,-0.000069
20.520550,-2.510003,-0.385023,-15.136251,-0.105000,-0.206375,0.037625,0.518538,-0.258175,0.091988,-3.141581,0.000025,-0.000057
20.524586,-2.510004,-0.385028,-15.136251,-0.105000,-0.206375,0.037625,0.518564,-0.258091,0.091987,-3.141580,0.000029,-0.000048
20.528587,-2.510003,-0.385026,-15.136251,-0.105000,-0.206375,0.037625,0.518589,-0.258008,0.091986,-3.141580,0.000028,-0.000043
20.532594,-2.510002,-0.385020,-15.136251,-0.105000,-0.206375,0.037625,0.518615,-0.257926,0.091987,-3.141581,0.000022,-0.000031
20.536549,-2.510003,-0.385025,-15.136251,-0.105000,-0.206375,0.037625,0.518640,-0.257844,0.091986,-3.141580,0.000026,-0.000026
20.540570,-2.490001,-0.375017,-15.346251,-0.109000,-0.205375,0.037625,0.518666,-0.257764,0.091987,-3.141582,0.000019,-0.000025
20.544589,-2.490003,-0.385023,-15.376251,-0.109000,-0.205375,0.037625,0.518691,-0.257682,0.091985,-3.141581,0.000024,-0.000060
20.548589,-2.490003,-0.385022,-15.376251,-0.109000,-0.205375,0.037625,0.518718,-0.257600,0.091985,-3.141581,0.000024,-0.000022
20.552567,-2.490002,-0.385021,-15.376251,-0.109000,-0.205375,0.037625,0.518750,-0.257500,0.091985,-3.141581,0.000023,-0.000025
20.556570,-2.490002,-0.385021,-15.376251,-0.109000,-0.205375,0.037625,0.518777,-0.257418,0.091985,-3.141581,0.000023,-0.000027
20.560589,-2.490000,-0.385013,-15.376251,-0.109000,-0.205375,0.037625,0.518805,-0.257336,0.091986,-3.141583,0.000016,-0.000029
20.564588,-2.490002,-0.385018,-15.376251,-0.109000,-0.205375,0.037625,0.518828,-0.257256,0.091984,-3.141582,0.000021,-0.000041
20.568602,-2.490002,-0.385018,-15.376251,-0.109000,-0.205375,0.037625,0.518855,-0.257174,0.091984,-3.141582,0.000020,-0.000050
20.572587,-2.490001,-0.385017,-15.376251,-0.109000,-0.205375,0.037625,0.518882,-0.257092,0.091985,-3.141582,0.000020,-0.000051
20.576591,-2.490000,-0.385010,-15.376250,-0.109000,-0.205375,0.037625,0.518909,-0.257013,0.091985,-3.141583,0.000013,-0.000057
20.580588,-2.410000,-0.475009,-15.736250,-0.106000,-0.207375,0.038625,0.518936,-0.256931,0.091986,-3.141583,0.000012,-0.000052
20.584589,-2.410000,-0.475009,-15.736250,-0.106000,-0.207375,0.038625,0.518963,-0.256849,0.091986,-3.141583,0.000012,-0.000047
20.588589,-2.410000,-0.475009,-15.736250,-0.106000,-0.207375,0.038625,0.518988,-0.256766,0.091987,-3.141583,0.000012,-0.000042
20.592590,-2.409998,-0.475001,-15.736250,-0.106000,-0.207375,0.038625,0.519014,-0.256687,0.091987,-3.141585,0.000005,-0.000048
20.596589,-2.409998,-0.475001,-15.736250,-0.106000,-0.207375,0.038625,0.519041,-0.256605,0.091988,-3.141585,0.000005,-0.000043
20.600589,-2.409996,-0.474995,-15.736249,-0.106000,-0.207375,0.038625,0.519067,-0.256525,0.091990,-3.141586,-0.000000,-0.000043
20.604597,-2.409996,-0.474993,-15.736249,-0.106000,-0.207375,0.038625,0.519092,-0.256443,0.091989,-3.141586,-0.000002,-0.000044
20.608588,-2.409996,-0.474993,-15.736249,-0.106000,-0.207375,0.038625,0.519119,-0.256360,0.091989,-3.141586,-0.000002,-0.000039
20.612589,-2.409997,-0.474998,-15.736250,-0.106000,-0.207375,0.038625,0.519144,-0.256278,0.091988,-3.141585,0.000003,-0.000034
20.616590,-2.409996,-0.474993,-15.736249,-0.106000,-0.207375,0.038625,0.519176,-0.256177,0.091990,-3.141586,-0.000003,-0.000033
20.620588,-2.429997,-0.534999,-15.816249,-0.101000,-0.213375,0.039625,0.519194,-0.256116,0.091989,-3.141585,0.000003,-0.000028
20.624598,-2.429998,-0.535004,-15.816250,-0.101000,-0.213375,0.039625,0.519219,-0.256033,0.091987,-3.141584,0.000008,-0.000030
20.628594,-2.429998,-0.535004,-15.816250,-0.101000,-0.213375,0.039625,0.519245,-0.255951,0.091987,-3.141584,0.000007,-0.000031
20.632590,-2.429998,-0.535002,-15.816250,-0.101000,-0.213375,0.039625,0.519271,-0.255869,0.091987,-3.141585,0.000005,-0.000040
20.636589,-2.429998,-0.535002,-15.816250,-0.101000,-0.213375,0.039625,0.519296,-0.255786,0.091988,-3.141585,0.000006,-0.000041
20.640590,-2.429998,-0.535000,-15.816250,-0.101000,-0.213375,0.039625,0.519323,-0.255699,0.091987,-3.141585,0.000004,-0.000047
20.644592,-2.429999,-0.535007,-15.816250,-0.101000,-0.213375,0.039625,0.519347,-0.255614,0.091986,-3.141584,0.000010,-0.000051
20.648591,-2.429999,-0.535005,-15.816250,-0.101000,-0.213375,0.039625,0.519374,-0.255527,0.091985,-3.141584,0.000008,-0.000091
20.652590,-2.430001,-0.535016,-15.816250,-0.101000,-0.213375,0.039625,0.519394,-0.255441,0.091981,-3.141582,0.000018,-0.000095
20.656590,-2.430001,-0.535015,-15.816250,-0.101000,-0.213375,0.039625,0.519430,-0.255332,0.091981,-3.141582,0.000017,-0.000054
20.660596,-2.520002,-0.525021,-15.666251,-0.101000,-0.216375,0.039625,0.519454,-0.255247,0.091981,-3.141581,0.000023,-0.000057
20.664593,-2.520002,-0.525019,-15.666251,-0.101000,-0.216375,0.039625,0.519481,-0.255160,0.091980,-3.141582,0.000021,-0.000050
20.668589,-2.520002,-0.525019,-15.666251,-0.101000,-0.216375,0.039625,0.519481,-0.255160,0.091980,-3.141582,0.000021,-0.000050
20.672599,-2.520003,-0.525025,-15.666251,-0.101000,-0.216375,0.039625,0.519530,-0.254987,0.091979,-3.141581,0.000026,-0.000053
20.676557,-2.520005,-0.525030,-15.666251,-0.101000,-0.216375,0.039625,0.519556,-0.254902,0.091977,-3.141580,0.000031,-0.000057
20.680570,-2.520005,-0.525030,-15.666251,-0.101000,-0.216375,0.039625,0.519583,-0.254815,0.091978,-3.141580,0.000031,-0.000056
20.684571,-2.520004,-0.525029,-15.666251,-0.101000,-0.216375,0.039625,0.519607,-0.254730,0.091978,-3.141580,0.000031,-0.000067
20.688589,-2.520006,-0.525035,-15.666251,-0.101000,-0.216375,0.039625,0.519633,-0.254643,0.091977,-3.141579,0.000035,-0.000060
20.692587,-2.520007,-0.525041,-15.666252,-0.101000,-0.216375,0.039625,0.519657,-0.254558,0.091976,-3.141578,0.000041,-0.000070
20.696590,-2.520007,-0.525041,-15.666252,-0.101000,-0.216375,0.039625,0.519657,-0.254558,0.091976,-3.141578,0.000041,-0.000070
20.700588,-2.520008,-0.525046,-15.666252,-0.101000,-0.216375,0.039625,0.519708,-0.254385,0.091974,-3.141577,0.000045,-0.000080
20.704588,-2.620009,-0.435046,-15.676252,-0.106000,-0.216375,0.038625,0.519734,-0.254301,0.091975,-3.141577,0.000046,-0.000084
20.708586,-2.620008,-0.435045,-15.676252,-0.106000,-0.216375,0.038625,0.519759,-0.254213,0.091975,-3.141577,0.000045,-0.000083
20.712589,-2.620009,-0.435046,-15.676252,-0.106000,-0.216375,0.038625,0.519785,-0.254128,0.091976,-3.141577,0.000045,-0.000087
20.716590,-2.620008,-0.435045,-15.676252,-0.106000,-0.216375,0.038625,0.519809,-0.254043,0.091976,-3.141577,0.000044,-0.000091
20.720587,-2.620008,-0.435045,-15.676252,-0.106000,-0.216375,0.038625,0.519834,-0.253958,0.091977,-3.141577,0.000045,-0.000088
20.724587,-2.620010,-0.435052,-15.676252,-0.105999,-0.216375,0.038625,0.519859,-0.253871,0.091976,-3.141576,0.000051,-0.000081
20.728594,-2.620008,-0.435045,-15.676252,-0.106000,-0.216375,0.038625,0.519885,-0.253786,0.091978,-3.141577,0.000044,-0.000078
20.732565,-2.620009,-0.435045,-15.676252,-0.106000,-0.216375,0.038625,0.519912,-0.253699,0.091979,-3.141577,0.000045,-0.000070
20.736570,-2.620010,-0.435052,-15.676252,-0.105999,-0.216375,0.038625,0.519937,-0.253611,0.091978,-3.141576,0.000051,-0.000070
20.740560,-2.620010,-0.435052,-15.676252,-0.105999,-0.216375,0.038625,0.519937,-0.253611,0.091978,-3.141576,0.000051,-0.000070
20.744558,-2.610008,-0.415045,-15.816251,-0.109000,-0.213375,0.038625,0.519993,-0.253437,0.091980,-3.141577,0.000044,-0.000075
20.748560,-2.610008,-0.415045,-15.816252,-0.109000,-0.213375,0.038625,0.520019,-0.253350,0.091981,-3.141577,0.000045,-0.000074
20.752564,-2.610008,-0.415045,-15.816252,-0.109000,-0.213375,0.038625,0.520019,-0.253350,0.091981,-3.141577,0.000045,-0.000074
20.756603,-2.610007,-0.415040,-15.816251,-0.109000,-0.213375,0.038625,0.520048,-0.253263,0.091983,-3.141578,0.000040,-0.000087
20.760596,-2.610007,-0.415040,-15.816251,-0.109000,-0.213375,0.038625,0.520097,-0.253091,0.091985,-3.141578,0.000040,-0.000144
20.764581,-2.610005,-0.415032,-15.816251,-0.109000,-0.213375,0.038625,0.520137,-0.252983,0.091986,-3.141579,0.000033,-0.000110
20.768569,-2.610004,-0.415027,-15.816251,-0.109000,-0.213375,0.038625,0.520167,-0.252894,0.091988,-3.141580,0.000028,-0.000111
20.772594,-2.610005,-0.415032,-15.816251,-0.109000,-0.213375,0.038625,0.520193,-0.252806,0.091987,-3.141579,0.000033,-0.000111
20.776564,-2.610004,-0.415025,-15.816251,-0.109000,-0.213375,0.038625,0.520222,-0.252720,0.091988,-3.141581,0.000026,-0.000117
20.780574,-2.610004,-0.415025,-15.816251,-0.109000,-0.213375,0.038625,0.520222,-0.252720,0.091988,-3.141581,0.000026,-0.000117
20.784589,-2.530001,-0.375016,-15.736250,-0.110000,-0.208375,0.036625,0.520280,-0.252546,0.091988,-3.141582,0.000019,-0.000102
20.788595,-2.530002,-0.375017,-15.736250,-0.110000,-0.208375,0.036625,0.520306,-0.252459,0.091989,-3.141582,0.000019,-0.000088
20.792592,-2.530001,-0.375016,-15.736250,-0.110000,-0.208375,0.036625,0.520335,-0.252372,0.091990,-3.141582,0.000019,-0.000074
20.796592,-2.530000,-0.375008,-15.736250,-0.110000,-0.208375,0.036625,0.520363,-0.252288,0.091990,-3.141584,0.000012,-0.000071
20.800591,-2.529999,-0.375008,-15.736250,-0.110000,-0.208375,0.036625,0.520391,-0.252201,0.091991,-3.141584,0.000011,-0.000057
20.804597,-2.529999,-0.375007,-15.736250,-0.110000,-0.208375,0.036625,0.520420,-0.252114,0.091991,-3.141584,0.000011,-0.000049
20.808602,-2.529997,-0.375000,-15.736250,-0.110000,-0.208375,0.036625,0.520448,-0.252030,0.091991,-3.141585,0.000004,-0.000053
20.812590,-2.529997,-0.375000,-15.736250,-0.110000,-0.208375,0.036625,0.520448,-0.252030,0.091991,-3.141585,0.000004,-0.000053
20.816588,-2.529997,-0.374999,-15.736250,-0.110000,-0.208375,0.036625,0.520476,-0.251943,0.091992,-3.141585,0.000003,-0.000052
20.820589,-2.389998,-0.515003,-15.446250,-0.100000,-0.204375,0.035625,0.520501,-0.251855,0.091989,-3.141584,0.000007,-0.000099
20.824598,-2.389995,-0.514992,-15.446249,-0.100000,-0.204375,0.035625,0.520560,-0.251682,0.091993,-3.141586,-0.000004,-0.000064
20.828599,-2.389995,-0.514990,-15.446249,-0.100000,-0.204375,0.035625,0.520587,-0.251595,0.091993,-3.141587,-0.000005,-0.000070
20.832588,-2.389995,-0.514990,-15.446249,-0.100000,-0.204375,0.035625,0.520587,-0.251595,0.091993,-3.141587,-0.000005,-0.000070
20.836588,-2.389995,-0.514989,-15.446249,-0.100000,-0.204375,0.035625,0.520615,-0.251508,0.091993,-3.141587,-0.000006,-0.000076
20.840590,-2.389996,-0.514995,-15.446249,-0.100000,-0.204375,0.035625,0.520641,-0.251421,0.091991,-3.141586,-0.000001,-0.000082
20.844589,-2.389995,-0.514988,-15.446249,-0.100000,-0.204375,0.035625,0.520668,-0.251333,0.091993,-3.141587,-0.000007,-0.000081
20.848597,-2.389994,-0.514987,-15.446249,-0.100000,-0.204375,0.035625,0.520695,-0.251249,0.091993,-3.141587,-0.000007,-0.000092
20.852599,-2.389993,-0.514980,-15.446249,-0.100000,-0.204375,0.035625,0.520722,-0.251162,0.091994,-3.141588,-0.000014,-0.000091
20.856566,-2.389993,-0.514980,-15.446249,-0.100000,-0.204375,0.035625,0.520751,-0.251075,0.091995,-3.141588,-0.000014,-0.000091
20.860529,-2.389993,-0.514980,-15.446249,-0.100000,-0.204375,0.035625,0.520776,-0.250990,0.091996,-3.141588,-0.000014,-0.000088
20.864599,-2.319991,-0.564974,-15.256249,-0.096000,-0.201375,0.034625,0.520803,-0.250903,0.091997,-3.141590,-0.000020,-0.000074
20.868555,-2.319991,-0.564974,-15.256249,-0.096000,-0.201375,0.034625,0.520835,-0.250796,0.091998,-3.141590,-0.000020,-0.000064
20.872556,-2.319992,-0.564980,-15.256249,-0.096000,-0.201375,0.034625,0.520854,-0.250731,0.091996,-3.141589,-0.000014,-0.000083
20.876562,-2.319992,-0.564980,-15.256249,-0.096000,-0.201375,0.034625,0.520886,-0.250624,0.091997,-3.141589,-0.000014,-0.000033
20.880560,-2.319991,-0.564973,-15.256249,-0.096000,-0.201375,0.034625,0.520913,-0.250537,0.091999,-3.141590,-0.000020,-0.000019
20.884596,-2.319991,-0.564973,-15.256249,-0.096000,-0.201375,0.034625,0.520938,-0.250452,0.092000,-3.141590,-0.000020,-0.000009
20.888591,-2.319991,-0.564972,-15.256249,-0.096000,-0.201375,0.034625,0.520962,-0.250364,0.092000,-3.141590,-0.000021,-0.000002
20.892592,-2.319992,-0.564978,-15.256249,-0.096000,-0.201375,0.034625,0.520988,-0.250277,0.091998,-3.141589,-0.000016,-0.000001
20.896594,-2.319992,-0.564978,-15.256249,-0.096000,-0.201375,0.034625,0.521013,-0.250192,0.091999,-3.141589,-0.000016,-0.000012
20.900592,-2.319992,-0.554976,-15.206249,-0.095000,-0.200375,0.033625,0.521040,-0.250105,0.091998,-3.141589,-0.000017,-0.000018
20.904583,-2.409992,-0.474977,-15.056249,-0.097000,-0.200375,0.033625,0.521066,-0.250018,0.091999,-3.141589,-0.000017,-0.000024
20.908590,-2.409990,-0.474970,-15.056249,-0.097000,-0.200375,0.033625,0.521092,-0.249933,0.092001,-3.141590,-0.000023,-0.000035
20.912590,-2.409991,-0.474975,-15.056249,-0.097000,-0.200375,0.033625,0.521118,-0.249846,0.091999,-3.141589,-0.000018,-0.000047
20.916590,-2.409990,-0.474968,-15.056249,-0.097000,-0.200375,0.033625,0.521144,-0.249758,0.092001,-3.141590,-0.000024,-0.000054
20.920561,-2.409993,-0.474980,-15.056249,-0.097000,-0.200375,0.033625,0.521168,-0.249671,0.091997,-3.141588,-0.000014,-0.000066
20.924572,-2.409993,-0.474980,-15.056249,-0.097000,-0.200375,0.033625,0.521193,-0.249586,0.091998,-3.141588,-0.000014,-0.000084
20.928605,-2.409994,-0.474986,-15.056250,-0.097000,-0.200375,0.033625,0.521219,-0.249498,0.091997,-3.141587,-0.000009,-0.000090
20.932591,-2.409995,-0.474991,-15.056250,-0.097000,-0.200375,0.033625,0.521243,-0.249413,0.091995,-3.141587,-0.000004,-0.000094
20.936588,-2.409996,-0.474992,-15.056250,-0.097000,-0.200375,0.033625,0.521268,-0.249328,0.091996,-3.141586,-0.000003,-0.000084
20.940590,-2.439995,-0.444990,-14.966250,-0.098000,-0.200375,0.033625,0.521292,-0.249246,0.091995,-3.141587,-0.000005,-0.000065
20.944590,-2.469996,-0.384995,-14.806250,-0.102000,-0.198375,0.033625,0.521316,-0.249163,0.091994,-3.141586,-0.000000,-0.000040
20.948590,-2.469996,-0.384995,-14.806250,-0.102000,-0.198375,0.033625,0.521341,-0.249081,0.091994,-3.141586,-0.000001,-0.000021
20.952589,-2.469998,-0.385000,-14.806250,-0.102000,-0.198375,0.033625,0.521365,-0.248998,0.091992,-3.141585,0.000004,-0.000003
20.956589,-2.469999,-0.385005,-14.806251,-0.102000,-0.198375,0.033625,0.521387,-0.248918,0.091991,-3.141584,0.000009,0.000005
20.960524,-2.469997,-0.384998,-14.806250,-0.102000,-0.198375,0.033625,0.521413,-0.248836,0.091992,-3.141585,0.000002,0.000016
20.964594,-2.469998,-0.385003,-14.806250,-0.102000,-0.198375,0.033625,0.521437,-0.248753,0.091990,-3.141585,0.000007,0.000021
20.968597,-2.469998,-0.385003,-14.806250,-0.102000,-0.198375,0.033625,0.521462,-0.248671,0.091990,-3.141585,0.000007,0.000020
20.972588,-2.469998,-0.385002,-14.806250,-0.102000,-0.198375,0.033625,0.521488,-0.248589,0.091990,-3.141585,0.000006,0.000018
20.976591,-2.469999,-0.385008,-14.806251,-0.102000,-0.198375,0.033625,0.521511,-0.248506,0.091989,-3.141584,0.000011,0.000003
20.980588,-2.389999,-0.395007,-14.806251,-0.104000,-0.191375,0.032625,0.521537,-0.248424,0.091989,-3.141584,0.000011,-0.000012
20.984588,-2.389999,-0.395007,-14.806251,-0.104000,-0.191375,0.032625,0.521563,-0.248342,0.091989,-3.141584,0.000010,-0.000027
20.988588,-2.389999,-0.395006,-14.806251,-0.104000,-0.191375,0.032625,0.521589,-0.248257,0.091989,-3.141584,0.000010,-0.000038
20.992593,-2.390001,-0.395013,-14.806251,-0.104000,-0.191375,0.032625,0.521611,-0.248174,0.091988,-3.141583,0.000016,-0.000093
20.996591,-2.390001,-0.395012,-14.806251,-0.104000,-0.191375,0.032625,0.521645,-0.248073,0.091989,-3.141583,0.000015,-0.000079
21.000588,-2.389999,-0.395007,-14.806251,-0.104000,-0.191375,0.032625,0.521672,-0.247988,0.091991,-3.141584,0.000010,-0.000083
21.004595,-2.389999,-0.395006,-14.806251,-0.104000,-0.191375,0.032625,0.521698,-0.247906,0.091991,-3.141584,0.000010,-0.000091
21.008589,-2.389998,-0.395000,-14.806250,-0.104000,-0.191375,0.032625,0.521725,-0.247824,0.091993,-3.141585,0.000004,-0.000099
21.012590,-2.389999,-0.395005,-14.806251,-0.104000,-0.191375,0.032625,0.521749,-0.247742,0.091992,-3.141584,0.000009,-0.000094
21.016590,-2.389997,-0.394999,-14.806250,-0.104000,-0.191375,0.032625,0.521776,-0.247660,0.091993,-3.141585,0.000003,-0.000082
21.020590,-2.249995,-0.434991,-15.016250,-0.103000,-0.191375,0.032625,0.521802,-0.247578,0.091994,-3.141587,-0.000004,-0.000071
21.024590,-2.249994,-0.434985,-15.016250,-0.103000,-0.191375,0.032625,0.521830,-0.247496,0.091996,-3.141588,-0.000010,-0.000059
21.028590,-2.249994,-0.434984,-15.016250,-0.103000,-0.191375,0.032625,0.521855,-0.247413,0.091996,-3.141588,-0.000010,-0.000047
21.032590,-2.249993,-0.434984,-15.016250,-0.103000,-0.191375,0.032625,0.521881,-0.247331,0.091996,-3.141588,-0.000010,-0.000035
21.036590,-2.249992,-0.434978,-15.016249,-0.103000,-0.191375,0.032625,0.521907,-0.247252,0.091998,-3.141589,-0.000016,-0.000028
21.040591,-2.249992,-0.434977,-15.016249,-0.103000,-0.191375,0.032625,0.521933,-0.247169,0.091998,-3.141589,-0.000017,-0.000029
21.044591,-2.249993,-0.434983,-15.016250,-0.103000,-0.191375,0.032625,0.521959,-0.247087,0.091997,-3.141588,-0.000011,-0.000024
21.048590,-2.249992,-0.434977,-15.016249,-0.103000,-0.191375,0.032625,0.521987,-0.247005,0.091999,-3.141589,-0.000017,-0.000026
21.052591,-2.249991,-0.434976,-15.016249,-0.103000,-0.191375,0.032625,0.522011,-0.246926,0.091999,-3.141589,-0.000017,-0.000032
21.056590,-2.249991,-0.434975,-15.016249,-0.103000,-0.191375,0.032625,0.522037,-0.246846,0.091998,-3.141589,-0.000019,-0.000045
21.060605,-2.229991,-0.544976,-15.006249,-0.096000,-0.195375,0.033625,0.522064,-0.246764,0.091999,-3.141589,-0.000018,-0.000060
21.064594,-2.229991,-0.544975,-15.006249,-0.096000,-0.195375,0.033625,0.522090,-0.246682,0.092000,-3.141589,-0.000018,-0.000068
21.068589,-2.229990,-0.544969,-15.006249,-0.096000,-0.195375,0.033625,0.522117,-0.246600,0.092001,-3.141590,-0.000024,-0.000083
21.072590,-2.229993,-0.544981,-15.006249,-0.096000,-0.195375,0.033625,0.522141,-0.246517,0.091998,-3.141588,-0.000013,-0.000098
21.076588,-2.229989,-0.544967,-15.006249,-0.096000,-0.195375,0.033625,0.522170,-0.246436,0.092001,-3.141590,-0.000026,-0.000107
21.080588,-2.229991,-0.544974,-15.006249,-0.096000,-0.195375,0.033625,0.522194,-0.246353,0.092000,-3.141589,-0.000019,-0.000115
21.084593,-2.229990,-0.544972,-15.006249,-0.096000,-0.195375,0.033625,0.522221,-0.246271,0.092000,-3.141590,-0.000021,-0.000110
21.088590,-2.229989,-0.544966,-15.006249,-0.096000,-0.195375,0.033625,0.522248,-0.246192,0.092001,-3.141591,-0.000027,-0.000109
21.092587,-2.229990,-0.544971,-15.006249,-0.096000,-0.195375,0.033625,0.522273,-0.246109,0.091999,-3.141590,-0.000022,-0.000104
21.096588,-2.229990,-0.524972,-14.756249,-0.094000,-0.196375,0.034625,0.522299,-0.246027,0.092000,-3.141590,-0.000022,-0.000099
21.100589,-2.229991,-0.524976,-14.746249,-0.094000,-0.196375,0.034625,0.522323,-0.245947,0.091998,-3.141589,-0.000018,-0.000092
21.104588,-2.229990,-0.524969,-14.746248,-0.094000,-0.196375,0.034625,0.522347,-0.245865,0.091999,-3.141590,-0.000024,-0.000113
21.108588,-2.229990,-0.524969,-14.746248,-0.094000,-0.196375,0.034625,0.522376,-0.245783,0.092000,-3.141590,-0.000024,-0.000068
21.112588,-2.229993,-0.524981,-14.746249,-0.094000,-0.196375,0.034625,0.522400,-0.245701,0.091997,-3.141588,-0.000013,-0.000083
21.116588,-2.229993,-0.524982,-14.746249,-0.094000,-0.196375,0.034625,0.522432,-0.245599,0.091998,-3.141588,-0.000013,-0.000035
21.120591,-2.229994,-0.524986,-14.746249,-0.094000,-0.196375,0.034625,0.522457,-0.245517,0.091995,-3.141587,-0.000009,-0.000030
21.124590,-2.229992,-0.524980,-14.746249,-0.094000,-0.196375,0.034625,0.522483,-0.245437,0.091997,-3.141588,-0.000014,-0.000029
21.128588,-2.229992,-0.524979,-14.746249,-0.094000,-0.196375,0.034625,0.522508,-0.245355,0.091997,-3.141588,-0.000015,-0.000031
21.132590,-2.229994,-0.524986,-14.746249,-0.094000,-0.196375,0.034625,0.522534,-0.245270,0.091997,-3.141587,-0.000009,-0.000035
21.136594,-2.229995,-0.524991,-14.746249,-0.094000,-0.196375,0.034625,0.522558,-0.245185,0.091995,-3.141586,-0.000004,-0.000045
21.140588,-2.289993,-0.544984,-14.716249,-0.093000,-0.194375,0.034625,0.522584,-0.245100,0.091996,-3.141588,-0.000011,-0.000056
21.144590,-2.289993,-0.544984,-14.716249,-0.093000,-0.194375,0.034625,0.522610,-0.245013,0.091997,-3.141588,-0.000010,-0.000069
21.148555,-2.289995,-0.544989,-14.716250,-0.093000,-0.194375,0.034625,0.522636,-0.244923,0.091995,-3.141587,-0.000005,-0.000077
21.152590,-2.289995,-0.544990,-14.716250,-0.093000,-0.194375,0.034625,0.522661,-0.244836,0.091996,-3.141587,-0.000005,-0.000083
21.156591,-2.289995,-0.544990,-14.716250,-0.093000,-0.194375,0.034625,0.522688,-0.244749,0.091997,-3.141587,-0.000005,-0.000089
21.160604,-2.289994,-0.544988,-14.716250,-0.093000,-0.194375,0.034625,0.522714,-0.244661,0.091996,-3.141587,-0.000007,-0.000089
21.164553,-2.289996,-0.544995,-14.716250,-0.093000,-0.194375,0.034625,0.522739,-0.244574,0.091996,-3.141586,-0.000000,-0.000081
21.168594,-2.289999,-0.545007,-14.716250,-0.093000,-0.194375,0.034625,0.522761,-0.244486,0.091993,-3.141584,0.000010,-0.000074
21.172595,-2.289999,-0.545006,-14.716250,-0.093000,-0.194375,0.034625,0.522788,-0.244399,0.091993,-3.141584,0.000010,-0.000073
21.176591,-2.379999,-0.475007,-14.826250,-0.099000,-0.196375,0.035625,0.522815,-0.244309,0.091994,-3.141584,0.000010,-0.000061
21.180590,-2.380002,-0.475018,-14.826251,-0.099000,-0.196375,0.035625,0.522837,-0.244221,0.091990,-3.141582,0.000020,-0.000047
21.184595,-2.380002,-0.475018,-14.826251,-0.099000,-0.196375,0.035625,0.522863,-0.244137,0.091991,-3.141582,0.000020,-0.000044
21.188589,-2.380002,-0.475018,-14.826251,-0.099000,-0.196375,0.035625,0.522889,-0.244049,0.091992,-3.141582,0.000020,-0.000037
21.192570,-2.380004,-0.475023,-14.826251,-0.099000,-0.196375,0.035625,0.522913,-0.243962,0.091990,-3.141581,0.000025,-0.000029
21.196572,-2.380005,-0.475029,-14.826251,-0.099000,-0.196375,0.035625,0.522938,-0.243874,0.091988,-3.141580,0.000030,-0.000029
21.200571,-2.380002,-0.475016,-14.826250,-0.099000,-0.196375,0.035625,0.522965,-0.243790,0.091992,-3.141582,0.000019,-0.000026
21.204548,-2.380002,-0.475016,-14.826250,-0.099000,-0.196375,0.035625,0.522965,-0.243790,0.091992,-3.141582,0.000019,-0.000026
21.208589,-2.380002,-0.475016,-14.826250,-0.099000,-0.196375,0.035625,0.523017,-0.243615,0.091993,-3.141582,0.000019,-0.000024
21.212587,-2.380002,-0.475016,-14.826250,-0.099000,-0.196375,0.035625,0.523017,-0.243615,0.091993,-3.141582,0.000019,-0.000024
21.216588,-2.380003,-0.475021,-14.826251,-0.099000,-0.196375,0.035625,0.523048,-0.243506,0.091991,-3.141582,0.000023,-0.000024
21.220591,-2.410005,-0.355026,-14.946251,-0.107000,-0.195375,0.036625,0.523100,-0.243331,0.091990,-3.141581,0.000028,-0.000036
21.224590,-2.410006,-0.355032,-14.946251,-0.107000,-0.195375,0.036625,0.523118,-0.243266,0.091988,-3.141580,0.000033,-0.000042
21.228611,-2.410004,-0.355024,-14.946251,-0.107000,-0.195375,0.036625,0.523146,-0.243179,0.091989,-3.141581,0.000026,-0.000048
21.232588,-2.410004,-0.355024,-14.946251,-0.107000,-0.195375,0.036625,0.523146,-0.243179,0.091989,-3.141581,0.000026,-0.000048
21.236597,-2.410004,-0.355024,-14.946251,-0.107000,-0.195375,0.036625,0.523207,-0.242985,0.091990,-3.141581,0.000026,-0.000051
21.240597,-2.410007,-0.355037,-14.946251,-0.107000,-0.195375,0.036625,0.523221,-0.242919,0.091988,-3.141579,0.000038,-0.000084
21.244597,-2.410007,-0.355035,-14.946251,-0.107000,-0.195375,0.036625,0.523261,-0.242809,0.091987,-3.141579,0.000036,-0.000038
21.248598,-2.410007,-0.355035,-14.946251,-0.107000,-0.195375,0.036625,0.523287,-0.242722,0.091987,-3.141580,0.000036,-0.000031
21.252599,-2.410005,-0.355029,-14.946251,-0.107000,-0.195375,0.036625,0.523316,-0.242635,0.091989,-3.141581,0.000030,-0.000030
21.256588,-2.410005,-0.355029,-14.946251,-0.107000,-0.195375,0.036625,0.523316,-0.242635,0.091989,-3.141581,0.000030,-0.000030
21.260601,-2.370005,-0.395027,-15.166251,-0.107000,-0.195375,0.036625,0.523372,-0.242461,0.091989,-3.141581,0.000028,-0.000029
21.264596,-2.370006,-0.395031,-15.166251,-0.107000,-0.195375,0.036625,0.523399,-0.242374,0.091986,-3.141580,0.000032,-0.000028
21.268596,-2.370004,-0.395025,-15.166251,-0.107000,-0.195375,0.036625,0.523428,-0.242287,0.091988,-3.141581,0.000027,-0.000028
21.272590,-2.370006,-0.395029,-15.166251,-0.107000,-0.195375,0.036625,0.523454,-0.242200,0.091986,-3.141580,0.000031,-0.000027
21.276592,-2.370006,-0.395029,-15.166251,-0.107000,-0.195375,0.036625,0.523454,-0.242200,0.091986,-3.141580,0.000031,-0.000027
21.280591,-2.370004,-0.395023,-15.166251,-0.107000,-0.195375,0.036625,0.523483,-0.242113,0.091988,-3.141581,0.000025,-0.000026
21.284598,-2.370005,-0.395027,-15.166251,-0.107000,-0.195375,0.036625,0.523509,-0.242026,0.091985,-3.141581,0.000029,-0.000026
21.288593,-2.370005,-0.395027,-15.166251,-0.107000,-0.195375,0.036625,0.523536,-0.241939,0.091985,-3.141581,0.000029,-0.000032
21.292590,-2.370006,-0.395032,-15.166251,-0.107000,-0.195375,0.036625,0.523591,-0.241765,0.091984,-3.141580,0.000033,-0.000044
21.296604,-2.370005,-0.395026,-15.166251,-0.107000,-0.195375,0.036625,0.523620,-0.241678,0.091986,-3.141581,0.000028,-0.000043
21.300592,-2.350006,-0.515030,-15.446251,-0.105000,-0.200375,0.037625,0.523646,-0.241591,0.091984,-3.141580,0.000032,-0.000049
21.304589,-2.350004,-0.515024,-15.446251,-0.105000,-0.200375,0.037625,0.523675,-0.241504,0.091985,-3.141581,0.000026,-0.000049
21.308590,-2.350004,-0.515024,-15.446251,-0.105000,-0.200375,0.037625,0.523675,-0.241504,0.091985,-3.141581,0.000026,-0.000049
21.312590,-2.350004,-0.515024,-15.446251,-0.105000,-0.200375,0.037625,0.523702,-0.241417,0.091986,-3.141581,0.000026,-0.000048
21.316596,-2.350002,-0.515017,-15.446250,-0.105000,-0.200375,0.037625,0.523731,-0.241330,0.091987,-3.141582,0.000020,-0.000047
21.320589,-2.350002,-0.515015,-15.446250,-0.105000,-0.200375,0.037625,0.523787,-0.241154,0.091987,-3.141583,0.000018,-0.000048
21.324589,-2.350002,-0.515015,-15.446250,-0.105000,-0.200375,0.037625,0.523787,-0.241154,0.091987,-3.141583,0.000018,-0.000048
21.328608,-2.350002,-0.515015,-15.446250,-0.105000,-0.200375,0.037625,0.523840,-0.240980,0.091987,-3.141583,0.000017,-0.000060
21.332590,-2.350000,-0.515008,-15.446250,-0.105000,-0.200375,0.037625,0.523869,-0.240893,0.091989,-3.141584,0.000012,-0.000060
21.336588,-2.350000,-0.515008,-15.446250,-0.105000,-0.200375,0.037625,0.523869,-0.240893,0.091989,-3.141584,0.000012,-0.000060
21.340576,-2.399998,-0.535002,-15.666250,-0.104000,-0.203375,0.039625,0.523897,-0.240808,0.091991,-3.141585,0.000006,-0.000070
21.344588,-2.399998,-0.535001,-15.666250,-0.104000,-0.203375,0.039625,0.523923,-0.240721,0.091991,-3.141585,0.000005,-0.000070
21.348618,-2.399998,-0.535002,-15.666250,-0.104000,-0.203375,0.039625,0.523950,-0.240637,0.091992,-3.141585,0.000006,-0.000073
21.352606,-2.399998,-0.535002,-15.666250,-0.104000,-0.203375,0.039625,0.523977,-0.240550,0.091992,-3.141585,0.000006,-0.000073
21.356590,-2.399998,-0.535000,-15.666250,-0.104000,-0.203375,0.039625,0.524005,-0.240463,0.091992,-3.141585,0.000005,-0.000072
21.360594,-2.399996,-0.534994,-15.666250,-0.104000,-0.203375,0.039625,0.524033,-0.240378,0.091993,-3.141586,-0.000001,-0.000083
21.364621,-2.399998,-0.535001,-15.666250,-0.104000,-0.203375,0.039625,0.524058,-0.240291,0.091993,-3.141585,0.000005,-0.000089
21.368595,-2.399996,-0.534995,-15.666250,-0.104000,-0.203375,0.039625,0.524086,-0.240207,0.091995,-3.141586,-0.000001,-0.000086
21.372566,-2.399995,-0.534988,-15.666249,-0.104000,-0.203375,0.039625,0.524115,-0.240120,0.091997,-3.141587,-0.000006,-0.000085
21.376592,-2.399995,-0.534989,-15.666249,-0.104000,-0.203375,0.039625,0.524138,-0.240035,0.091997,-3.141587,-0.000006,-0.000123
21.380591,-2.479994,-0.564986,-15.706249,-0.104000,-0.208375,0.040625,0.524168,-0.239948,0.091996,-3.141587,-0.000008,-0.000122
21.384588,-2.479996,-0.564994,-15.706250,-0.104000,-0.208375,0.040625,0.524201,-0.239842,0.091996,-3.141586,-0.000001,-0.000079
21.388588,-2.479996,-0.564994,-15.706250,-0.104000,-0.208375,0.040625,0.524227,-0.239754,0.091996,-3.141586,-0.000002,-0.000071
21.392587,-2.479994,-0.564987,-15.706249,-0.104000,-0.208375,0.040625,0.524255,-0.239670,0.091998,-3.141587,-0.000007,-0.000075
21.396590,-2.479995,-0.564992,-15.706250,-0.104000,-0.208375,0.040625,0.524281,-0.239583,0.091996,-3.141586,-0.000003,-0.000068
21.400588,-2.479994,-0.564986,-15.706249,-0.104000,-0.208375,0.040625,0.524309,-0.239496,0.091998,-3.141587,-0.000009,-0.000074
21.404590,-2.479992,-0.564979,-15.706249,-0.104000,-0.208375,0.040625,0.524338,-0.239409,0.092000,-3.141588,-0.000015,-0.000073
21.408594,-2.479992,-0.564980,-15.706249,-0.104000,-0.208375,0.040625,0.524365,-0.239325,0.092001,-3.141588,-0.000014,-0.000077
21.412590,-2.479993,-0.564985,-15.706249,-0.104000,-0.208375,0.040625,0.524391,-0.239237,0.091998,-3.141587,-0.000010,-0.000083
21.416590,-2.479992,-0.564978,-15.706249,-0.104000,-0.208375,0.040625,0.524418,-0.239153,0.092000,-3.141588,-0.000016,-0.000093
21.420590,-2.479995,-0.564990,-15.706249,-0.104000,-0.208375,0.040625,0.524443,-0.239065,0.091997,-3.141587,-0.000005,-0.000100
21.424590,-2.499993,-0.514984,-15.506249,-0.104000,-0.204375,0.039625,0.524472,-0.238979,0.091999,-3.141588,-0.000011,-0.000139
21.428590,-2.499994,-0.514988,-15.506250,-0.104000,-0.204375,0.039625,0.524497,-0.238894,0.091997,-3.141587,-0.000007,-0.000103
21.432590,-2.499996,-0.514995,-15.506250,-0.104000,-0.204375,0.039625,0.524522,-0.238806,0.091996,-3.141586,-0.000000,-0.000102
21.436588,-2.499997,-0.514999,-15.506250,-0.104000,-0.204375,0.039625,0.524546,-0.238724,0.091994,-3.141585,0.000004,-0.000104
21.440589,-2.499998,-0.515000,-15.506250,-0.104000,-0.204375,0.039625,0.524573,-0.238639,0.091995,-3.141585,0.000004,-0.000094
21.444603,-2.499997,-0.514998,-15.506250,-0.104000,-0.204375,0.039625,0.524597,-0.238557,0.091993,-3.141586,0.000002,-0.000082
21.448600,-2.499999,-0.515004,-15.506250,-0.104000,-0.204375,0.039625,0.524619,-0.238477,0.091993,-3.141584,0.000008,-0.000082
21.452595,-2.499998,-0.515003,-15.506250,-0.104000,-0.204375,0.039625,0.524645,-0.238394,0.091992,-3.141585,0.000007,-0.000063
21.456589,-2.500000,-0.515010,-15.506251,-0.104000,-0.204375,0.039625,0.524669,-0.238312,0.091991,-3.141584,0.000013,-0.000051
21.460588,-2.440000,-0.515008,-15.446250,-0.104000,-0.201375,0.039625,0.524693,-0.238232,0.091991,-3.141584,0.000012,-0.000044
21.464590,-2.440000,-0.515008,-15.446250,-0.104000,-0.201375,0.039625,0.524717,-0.238150,0.091991,-3.141584,0.000011,-0.000032
21.468593,-2.440000,-0.515007,-15.446250,-0.104000,-0.201375,0.039625,0.524741,-0.238067,0.091991,-3.141584,0.000011,-0.000027
21.472611,-2.439999,-0.515006,-15.446250,-0.104000,-0.201375,0.039625,0.524767,-0.237985,0.091990,-3.141584,0.000010,-0.000028
21.476610,-2.440001,-0.515013,-15.446250,-0.104000,-0.201375,0.039625,0.524790,-0.237902,0.091990,-3.141583,0.000016,-0.000037
21.480604,-2.440001,-0.515011,-15.446250,-0.104000,-0.201375,0.039625,0.524816,-0.237820,0.091989,-3.141583,0.000014,-0.000045
21.484591,-2.440003,-0.515018,-15.446250,-0.104000,-0.201375,0.039625,0.524839,-0.237737,0.091989,-3.141582,0.000021,-0.000047
21.488587,-2.440001,-0.515012,-15.446250,-0.104000,-0.201375,0.039625,0.524866,-0.237655,0.091991,-3.141583,0.000015,-0.000095
21.492588,-2.440003,-0.515018,-15.446250,-0.104000,-0.201375,0.039625,0.524891,-0.237573,0.091989,-3.141582,0.000020,-0.000104
21.496589,-2.440003,-0.515018,-15.446250,-0.104000,-0.201375,0.039625,0.524922,-0.237469,0.091990,-3.141582,0.000021,-0.000072
21.500609,-2.400004,-0.445023,-15.656251,-0.108000,-0.202375,0.038625,0.524946,-0.237386,0.091988,-3.141582,0.000025,-0.000073
21.504610,-2.400004,-0.445024,-15.656251,-0.108000,-0.202375,0.038625,0.524971,-0.237304,0.091989,-3.141582,0.000026,-0.000082
21.508612,-2.400003,-0.445017,-15.656250,-0.108000,-0.202375,0.038625,0.524997,-0.237222,0.091991,-3.141583,0.000020,-0.000083
21.512595,-2.400001,-0.445011,-15.656250,-0.108000,-0.202375,0.038625,0.525023,-0.237140,0.091993,-3.141584,0.000014,-0.000078
21.516611,-2.399999,-0.445005,-15.656250,-0.108000,-0.202375,0.038625,0.525049,-0.237058,0.091994,-3.141584,0.000008,-0.000073
21.520557,-2.399999,-0.445006,-15.656250,-0.108000,-0.202375,0.038625,0.525075,-0.236975,0.091996,-3.141584,0.000009,-0.000061
21.524594,-2.399999,-0.445004,-15.656250,-0.108000,-0.202375,0.038625,0.525100,-0.236893,0.091995,-3.141585,0.000008,-0.000049
21.528611,-2.399997,-0.444998,-15.656250,-0.108000,-0.202375,0.038625,0.525126,-0.236811,0.091997,-3.141585,0.000002,-0.000031
21.532597,-2.399997,-0.444999,-15.656250,-0.108000,-0.202375,0.038625,0.525151,-0.236731,0.091998,-3.141585,0.000003,-0.000017
21.536591,-2.399998,-0.445000,-15.656250,-0.108000,-0.202375,0.038625,0.525176,-0.236649,0.091999,-3.141585,0.000004,-0.000005
21.540589,-2.439996,-0.404994,-15.836250,-0.109000,-0.209375,0.037625,0.525201,-0.236569,0.092001,-3.141586,-0.000002,0.000003
21.544589,-2.439996,-0.404994,-15.836250,-0.109000,-0.209375,0.037625,0.525228,-0.236487,0.092001,-3.141586,-0.000002,0.000008
21.548590,-2.439996,-0.404995,-15.836250,-0.109000,-0.209375,0.037625,0.525253,-0.236405,0.092002,-3.141586,-0.000001,0.000013
21.552590,-2.439995,-0.404990,-15.836250,-0.109000,-0.209375,0.037625,0.525280,-0.236325,0.092005,-3.141587,-0.000005,0.000007
21.556589,-2.439996,-0.404996,-15.836250,-0.109000,-0.209375,0.037625,0.525305,-0.236243,0.092004,-3.141586,0.000000,0.000005
21.560589,-2.439995,-0.404989,-15.836250,-0.109000,-0.209375,0.037625,0.525331,-0.236161,0.092006,-3.141587,-0.000006,-0.000003
21.564590,-2.439995,-0.404989,-15.836250,-0.109000,-0.209375,0.037625,0.525358,-0.236079,0.092006,-3.141587,-0.000006,-0.000012
21.568590,-2.439995,-0.404990,-15.836250,-0.109000,-0.209375,0.037625,0.525382,-0.235999,0.092007,-3.141587,-0.000005,-0.000031
21.572591,-2.439995,-0.404989,-15.836250,-0.109000,-0.209375,0.037625,0.525407,-0.235917,0.092007,-3.141587,-0.000006,-0.000039
21.576590,-2.439995,-0.404990,-15.836250,-0.109000,-0.209375,0.037625,0.525433,-0.235834,0.092008,-3.141587,-0.000005,-0.000055
21.580591,-2.449995,-0.404990,-15.746249,-0.107000,-0.207375,0.036625,0.525460,-0.235752,0.092008,-3.141587,-0.000005,-0.000063
21.584615,-2.449993,-0.404983,-15.746249,-0.107000,-0.207375,0.036625,0.525485,-0.235670,0.092010,-3.141588,-0.000011,-0.000071
21.588590,-2.449993,-0.404984,-15.746249,-0.107000,-0.207375,0.036625,0.525513,-0.235588,0.092010,-3.141588,-0.000011,-0.000080
21.592589,-2.449993,-0.404984,-15.746249,-0.107000,-0.207375,0.036625,0.525538,-0.235506,0.092012,-3.141587,-0.000010,-0.000074
21.596593,-2.449995,-0.404990,-15.746249,-0.107000,-0.207375,0.036625,0.525561,-0.235426,0.092010,-3.141587,-0.000005,-0.000074
21.600587,-2.449993,-0.404983,-15.746249,-0.107000,-0.207375,0.036625,0.525589,-0.235344,0.092011,-3.141588,-0.000011,-0.000062
21.604591,-2.449993,-0.404984,-15.746249,-0.107000,-0.207375,0.036625,0.525613,-0.235264,0.092012,-3.141588,-0.000010,-0.000048
21.608590,-2.449993,-0.404984,-15.746249,-0.107000,-0.207375,0.036625,0.525640,-0.235182,0.092013,-3.141588,-0.000010,-0.000029
21.612605,-2.449995,-0.404990,-15.746249,-0.107000,-0.207375,0.036625,0.525665,-0.235100,0.092012,-3.141587,-0.000005,-0.000004
21.616587,-2.449995,-0.404992,-15.746249,-0.107000,-0.207375,0.036625,0.525697,-0.234998,0.092014,-3.141586,-0.000003,0.000010
21.620603,-2.449995,-0.404991,-15.746249,-0.107000,-0.207375,0.036625,0.525717,-0.234935,0.092013,-3.141586,-0.000004,0.000020
21.624590,-2.489995,-0.444990,-15.466250,-0.105000,-0.205375,0.037625,0.525749,-0.234834,0.092013,-3.141587,-0.000005,0.000020
21.628606,-2.489995,-0.444990,-15.466250,-0.105000,-0.205375,0.037625,0.525749,-0.234834,0.092013,-3.141587,-0.000005,0.000020
21.632557,-2.489995,-0.444990,-15.466250,-0.105000,-0.205375,0.037625,0.525794,-0.234689,0.092014,-3.141587,-0.000005,0.000015
21.636599,-2.489993,-0.444984,-15.466249,-0.105000,-0.205375,0.037625,0.525821,-0.234604,0.092016,-3.141587,-0.000010,-0.000036
21.640606,-2.489995,-0.444990,-15.466250,-0.105000,-0.205375,0.037625,0.525853,-0.234497,0.092014,-3.141587,-0.000005,-0.000013
21.644605,-2.489995,-0.444990,-15.466250,-0.105000,-0.205375,0.037625,0.525880,-0.234410,0.092015,-3.141587,-0.000005,-0.000026
21.648605,-2.489997,-0.444997,-15.466250,-0.105000,-0.205375,0.037625,0.525906,-0.234321,0.092015,-3.141586,0.000002,-0.000034
21.652606,-2.489995,-0.444991,-15.466250,-0.105000,-0.205375,0.037625,0.525933,-0.234234,0.092017,-3.141586,-0.000004,-0.000047
21.656604,-2.489995,-0.454991,-15.446249,-0.104000,-0.205375,0.037625,0.525959,-0.234146,0.092017,-3.141587,-0.000004,-0.000066
21.660553,-2.479997,-0.464996,-15.366250,-0.105000,-0.203375,0.037625,0.525985,-0.234059,0.092015,-3.141586,0.000001,-0.000079
21.664590,-2.479997,-0.464997,-15.366250,-0.105000,-0.203375,0.037625,0.526014,-0.233970,0.092017,-3.141586,0.000002,-0.000081
21.668590,-2.479994,-0.464986,-15.366249,-0.105000,-0.203375,0.037625,0.526040,-0.233885,0.092021,-3.141587,-0.000008,-0.000078
21.672589,-2.479996,-0.464993,-15.366249,-0.105000,-0.203375,0.037625,0.526065,-0.233798,0.092020,-3.141586,-0.000002,-0.000077
21.676589,-2.479996,-0.464994,-15.366249,-0.105000,-0.203375,0.037625,0.526092,-0.233711,0.092022,-3.141586,-0.000001,-0.000063
21.680589,-2.479994,-0.464988,-15.366249,-0.105000,-0.203375,0.037625,0.526120,-0.233624,0.092023,-3.141587,-0.000007,-0.000056
21.684591,-2.479998,-0.464999,-15.366250,-0.105000,-0.203375,0.037625,0.526144,-0.233536,0.092020,-3.141585,0.000004,-0.000048
21.688590,-2.479996,-0.464993,-15.366249,-0.105000,-0.203375,0.037625,0.526172,-0.233449,0.092022,-3.141586,-0.000002,-0.000041
21.692591,-2.479993,-0.464982,-15.366249,-0.105000,-0.203375,0.037625,0.526198,-0.233364,0.092027,-3.141588,-0.000012,-0.000038
21.696589,-2.479995,-0.464989,-15.366249,-0.105000,-0.203375,0.037625,0.526223,-0.233277,0.092026,-3.141587,-0.000006,-0.000037
21.700597,-2.369995,-0.414990,-15.356249,-0.108000,-0.197375,0.035625,0.526250,-0.233190,0.092027,-3.141587,-0.000005,-0.000037
21.704554,-2.369995,-0.414989,-15.356249,-0.108000,-0.197375,0.035625,0.526275,-0.233103,0.092027,-3.141587,-0.000006,-0.000043
21.708600,-2.369993,-0.414983,-15.356249,-0.108000,-0.197375,0.035625,0.526302,-0.233018,0.092029,-3.141588,-0.000011,-0.000046
21.712595,-2.369995,-0.414990,-15.356249,-0.108000,-0.197375,0.035625,0.526326,-0.232930,0.092029,-3.141587,-0.000005,-0.000052
21.716593,-2.369995,-0.414990,-15.356249,-0.108000,-0.197375,0.035625,0.526326,-0.232930,0.092029,-3.141587,-0.000005,-0.000052
21.720590,-2.369995,-0.414991,-15.356249,-0.108000,-0.197375,0.035625,0.526353,-0.232843,0.092030,-3.141587,-0.000004,-0.000065
21.724590,-2.369995,-0.414991,-15.356249,-0.108000,-0.197375,0.035625,0.526353,-0.232843,0.092030,-3.141587,-0.000004,-0.000065
21.728591,-2.369997,-0.414997,-15.356249,-0.108000,-0.197375,0.035625,0.526428,-0.232581,0.092030,-3.141586,0.000001,-0.000144
21.732605,-2.369997,-0.414997,-15.356249,-0.108000,-0.197375,0.035625,0.526428,-0.232581,0.092030,-3.141586,0.000001,-0.000144
21.736592,-2.269998,-0.374999,-15.256250,-0.108000,-0.196375,0.033625,0.526489,-0.232385,0.092033,-3.141585,0.000004,-0.000122
21.740587,-2.269997,-0.374999,-15.256250,-0.108000,-0.196375,0.033625,0.526514,-0.232298,0.092033,-3.141585,0.000003,-0.000122
21.744554,-2.269999,-0.375005,-15.256250,-0.108000,-0.196375,0.033625,0.526540,-0.232211,0.092032,-3.141585,0.000009,-0.000114
21.748592,-2.269997,-0.374999,-15.256250,-0.108000,-0.196375,0.033625,0.526568,-0.232124,0.092033,-3.141585,0.000003,-0.000100
21.752603,-2.269998,-0.375000,-15.256250,-0.108000,-0.196375,0.033625,0.526595,-0.232034,0.092035,-3.141585,0.000004,-0.000088
21.756591,-2.269997,-0.374999,-15.256250,-0.108000,-0.196375,0.033625,0.526620,-0.231947,0.092035,-3.141585,0.000003,-0.000081
21.760604,-2.269997,-0.374999,-15.256250,-0.108000,-0.196375,0.033625,0.526620,-0.231947,0.092035,-3.141585,0.000003,-0.000081
21.764589,-2.269999,-0.375005,-15.256250,-0.108000,-0.196375,0.033625,0.526646,-0.231862,0.092033,-3.141584,0.000009,-0.000078
21.768589,-2.269999,-0.375004,-15.256250,-0.108000,-0.196375,0.033625,0.526672,-0.231772,0.092034,-3.141585,0.000008,-0.000059
21.772545,-2.269999,-0.375005,-15.256250,-0.108000,-0.196375,0.033625,0.526697,-0.231687,0.092035,-3.141584,0.000009,-0.000056
21.776590,-2.270001,-0.375011,-15.256251,-0.108000,-0.196375,0.033625,0.526749,-0.231513,0.092034,-3.141584,0.000014,-0.000048
21.780605,-2.270001,-0.375011,-15.256251,-0.108000,-0.196375,0.033625,0.526749,-0.231513,0.092034,-3.141584,0.000014,-0.000048
21.784608,-2.340003,-0.295017,-15.056251,-0.106000,-0.201375,0.033625,0.526775,-0.231425,0.092032,-3.141583,0.000019,-0.000054
21.788602,-2.340003,-0.295019,-15.056251,-0.106000,-0.201375,0.033625,0.526828,-0.231251,0.092035,-3.141583,0.000021,-0.000067
21.792590,-2.340003,-0.295017,-15.056251,-0.106000,-0.201375,0.033625,0.526856,-0.231162,0.092034,-3.141583,0.000020,-0.000068
21.796609,-2.340003,-0.295017,-15.056251,-0.106000,-0.201375,0.033625,0.526856,-0.231162,0.092034,-3.141583,0.000020,-0.000068
21.800595,-2.340005,-0.295024,-15.056251,-0.106000,-0.201375,0.033625,0.526909,-0.230987,0.092034,-3.141582,0.000026,-0.000087
21.804589,-2.340005,-0.295024,-15.056251,-0.106000,-0.201375,0.033625,0.526909,-0.230987,0.092034,-3.141582,0.000026,-0.000087
21.808598,-2.340001,-0.295013,-15.056251,-0.106000,-0.201375,0.033625,0.526966,-0.230811,0.092038,-3.141583,0.000016,-0.000095
21.812589,-2.340001,-0.295013,-15.056251,-0.106000,-0.201375,0.033625,0.526966,-0.230811,0.092038,-3.141583,0.000016,-0.000095
21.816590,-2.340003,-0.295019,-15.056251,-0.106000,-0.201375,0.033625,0.526992,-0.230724,0.092037,-3.141583,0.000021,-0.000087
21.820589,-2.420002,-0.355012,-15.136251,-0.106000,-0.204375,0.033625,0.527019,-0.230637,0.092039,-3.141583,0.000016,-0.000087
21.824589,-2.420002,-0.355013,-15.136251,-0.106000,-0.204375,0.033625,0.527045,-0.230549,0.092040,-3.141583,0.000016,-0.000079
21.828593,-2.420004,-0.355020,-15.136251,-0.106000,-0.204375,0.033625,0.527079,-0.230441,0.092040,-3.141582,0.000023,-0.000065
21.832591,-2.420002,-0.355014,-15.136251,-0.106000,-0.204375,0.033625,0.527099,-0.230378,0.092042,-3.141583,0.000017,-0.000055
21.836590,-2.420004,-0.355020,-15.136251,-0.106000,-0.204375,0.033625,0.527124,-0.230293,0.092040,-3.141582,0.000023,-0.000052
21.840591,-2.420003,-0.355019,-15.136251,-0.106000,-0.204375,0.033625,0.527150,-0.230208,0.092040,-3.141583,0.000021,-0.000043
21.844589,-2.420004,-0.355021,-15.136251,-0.106000,-0.204375,0.033625,0.527176,-0.230126,0.092042,-3.141582,0.000024,-0.000038
21.848590,-2.420004,-0.355021,-15.136251,-0.106000,-0.204375,0.033625,0.527202,-0.230044,0.092042,-3.141582,0.000024,-0.000033
21.852589,-2.420004,-0.355021,-15.136251,-0.106000,-0.204375,0.033625,0.527228,-0.229962,0.092043,-3.141582,0.000024,-0.000034
21.856593,-2.420004,-0.355021,-15.136251,-0.106000,-0.204375,0.033625,0.527253,-0.229882,0.092043,-3.141582,0.000024,-0.000034
21.860562,-2.420001,-0.485011,-15.236250,-0.103000,-0.200375,0.034625,0.527282,-0.229800,0.092048,-3.141584,0.000014,-0.000035
21.864603,-2.420002,-0.485015,-15.236250,-0.103000,-0.200375,0.034625,0.527305,-0.229715,0.092045,-3.141583,0.000018,-0.000073
21.868593,-2.420001,-0.485010,-15.236250,-0.103000,-0.200375,0.034625,0.527332,-0.229633,0.092048,-3.141584,0.000014,-0.000074
21.872601,-2.420001,-0.485010,-15.236250,-0.103000,-0.200375,0.034625,0.527366,-0.229532,0.092048,-3.141584,0.000014,-0.000047
21.876598,-2.419999,-0.485005,-15.236250,-0.103000,-0.200375,0.034625,0.527393,-0.229449,0.092051,-3.141584,0.000009,-0.000055
21.880601,-2.419999,-0.485005,-15.236250,-0.103000,-0.200375,0.034625,0.527419,-0.229367,0.092052,-3.141584,0.000009,-0.000057
21.884595,-2.420001,-0.485011,-15.236250,-0.103000,-0.200375,0.034625,0.527442,-0.229285,0.092050,-3.141584,0.000014,-0.000065
21.888588,-2.420000,-0.485006,-15.236250,-0.103000,-0.200375,0.034625,0.527470,-0.229200,0.092053,-3.141584,0.000010,-0.000055
21.892597,-2.420000,-0.485006,-15.236250,-0.103000,-0.200375,0.034625,0.527496,-0.229118,0.092054,-3.141584,0.000010,-0.000050
21.896601,-2.420000,-0.485006,-15.236250,-0.103000,-0.200375,0.034625,0.527522,-0.229036,0.092054,-3.141584,0.000010,-0.000052
21.900588,-2.420000,-0.485006,-15.236250,-0.103000,-0.200375,0.034625,0.527548,-0.228954,0.092054,-3.141584,0.000010,-0.000047
21.904590,-2.319998,-0.565001,-15.176250,-0.099000,-0.195375,0.034625,0.527574,-0.228872,0.092057,-3.141585,0.000006,-0.000042
21.908602,-2.319998,-0.565002,-15.176250,-0.099000,-0.195375,0.034625,0.527600,-0.228789,0.092057,-3.141585,0.000006,-0.000043
21.912602,-2.320002,-0.565015,-15.176251,-0.099000,-0.195375,0.034625,0.527624,-0.228707,0.092055,-3.141583,0.000018,-0.000045
21.916601,-2.320002,-0.565015,-15.176251,-0.099000,-0.195375,0.034625,0.527650,-0.228625,0.092056,-3.141583,0.000018,-0.000046
21.920601,-2.320002,-0.565015,-15.176251,-0.099000,-0.195375,0.034625,0.527677,-0.228540,0.092056,-3.141583,0.000018,-0.000037
21.924590,-2.320001,-0.565010,-15.176251,-0.099000,-0.195375,0.034625,0.527703,-0.228458,0.092059,-3.141584,0.000013,-0.000038
21.928589,-2.320001,-0.565010,-15.176251,-0.099000,-0.195375,0.034625,0.527729,-0.228376,0.092059,-3.141584,0.000013,-0.000040
21.932589,-2.320001,-0.565010,-15.176251,-0.099000,-0.195375,0.034625,0.527755,-0.228293,0.092060,-3.141584,0.000013,-0.000035
21.936590,-2.320001,-0.565010,-15.176251,-0.099000,-0.195375,0.034625,0.527781,-0.228211,0.092060,-3.141584,0.000013,-0.000037
21.940596,-2.290001,-0.525010,-15.036250,-0.099000,-0.191375,0.032625,0.527807,-0.228129,0.092061,-3.141584,0.000013,-0.000038
21.944590,-2.289999,-0.525005,-15.036250,-0.099000,-0.191375,0.032625,0.527832,-0.228049,0.092063,-3.141585,0.000009,-0.000044
21.948588,-2.289999,-0.525005,-15.036250,-0.099000,-0.191375,0.032625,0.527858,-0.227967,0.092064,-3.141585,0.000009,-0.000046
21.952589,-2.289999,-0.525005,-15.036250,-0.099000,-0.191375,0.032625,0.527882,-0.227887,0.092064,-3.141585,0.000009,-0.000052
21.956590,-2.290001,-0.525011,-15.036250,-0.099000,-0.191375,0.032625,0.527906,-0.227805,0.092063,-3.141584,0.000014,-0.000054
21.960594,-2.290001,-0.525011,-15.036250,-0.099000,-0.191375,0.032625,0.527931,-0.227725,0.092063,-3.141584,0.000014,-0.000060
21.964596,-2.290001,-0.525012,-15.036250,-0.099000,-0.191375,0.032625,0.527955,-0.227642,0.092064,-3.141584,0.000015,-0.000061
21.968591,-2.290001,-0.525012,-15.036250,-0.099000,-0.191375,0.032625,0.527981,-0.227560,0.092065,-3.141584,0.000015,-0.000056
21.972590,-2.290001,-0.525012,-15.036250,-0.099000,-0.191375,0.032625,0.528006,-0.227478,0.092065,-3.141584,0.000015,-0.000058
21.976589,-2.290001,-0.525012,-15.036250,-0.099000,-0.191375,0.032625,0.528031,-0.227398,0.092065,-3.141584,0.000015,-0.000057
21.980593,-2.250001,-0.475012,-14.926251,-0.099000,-0.194375,0.032625,0.528057,-0.227316,0.092066,-3.141584,0.000015,-0.000059
21.984590,-2.250001,-0.475012,-14.926251,-0.099000,-0.194375,0.032625,0.528082,-0.227236,0.092066,-3.141584,0.000015,-0.000065
21.988599,-2.250003,-0.475018,-14.926251,-0.099000,-0.194375,0.032625,0.528105,-0.227153,0.092065,-3.141583,0.000020,-0.000067
21.992600,-2.250003,-0.475018,-14.926251,-0.099000,-0.194375,0.032625,0.528131,-0.227071,0.092065,-3.141583,0.000021,-0.000109
21.996600,-2.250003,-0.475018,-14.926251,-0.099000,-0.194375,0.032625,0.528157,-0.226989,0.092066,-3.141583,0.000021,-0.000110
22.000594,-2.250005,-0.475024,-14.926251,-0.099000,-0.194375,0.032625,0.528186,-0.226887,0.092065,-3.141582,0.000027,-0.000076
22.004590,-2.250005,-0.475024,-14.926251,-0.099000,-0.194375,0.032625,0.528211,-0.226807,0.092065,-3.141582,0.000027,-0.000082
22.008589,-2.250005,-0.475024,-14.926251,-0.099000,-0.194375,0.032625,0.528237,-0.226725,0.092066,-3.141582,0.000027,-0.000083
22.012601,-2.250004,-0.475020,-14.926251,-0.099000,-0.194375,0.032625,0.528263,-0.226642,0.092069,-3.141583,0.000022,-0.000085
22.016601,-2.250004,-0.475020,-14.926251,-0.099000,-0.194375,0.032625,0.528288,-0.226560,0.092069,-3.141583,0.000022,-0.000087
22.020606,-2.230004,-0.455020,-14.886251,-0.098000,-0.196375,0.031625,0.528313,-0.226480,0.092069,-3.141583,0.000022,-0.000093
22.024590,-2.230004,-0.455020,-14.886251,-0.098000,-0.196375,0.031625,0.528339,-0.226398,0.092070,-3.141583,0.000022,-0.000094
22.028597,-2.230006,-0.455026,-14.886251,-0.098000,-0.196375,0.031625,0.528361,-0.226318,0.092068,-3.141582,0.000028,-0.000101
22.032597,-2.230004,-0.455021,-14.886251,-0.098000,-0.196375,0.031625,0.528387,-0.226236,0.092071,-3.141583,0.000023,-0.000095
22.036600,-2.230006,-0.455027,-14.886251,-0.098000,-0.196375,0.031625,0.528410,-0.226153,0.092070,-3.141582,0.000029,-0.000090
22.040593,-2.230006,-0.455027,-14.886251,-0.098000,-0.196375,0.031625,0.528436,-0.226071,0.092070,-3.141582,0.000029,-0.000085
22.044599,-2.230004,-0.455019,-14.886251,-0.098000,-0.196375,0.031625,0.528462,-0.225988,0.092071,-3.141583,0.000022,-0.000080
22.048599,-2.230004,-0.455020,-14.886251,-0.098000,-0.196375,0.031625,0.528486,-0.225906,0.092072,-3.141583,0.000023,-0.000075
22.052602,-2.230004,-0.455020,-14.886251,-0.098000,-0.196375,0.031625,0.528511,-0.225824,0.092073,-3.141583,0.000023,-0.000077
22.056590,-2.230004,-0.455021,-14.886251,-0.098000,-0.196375,0.031625,0.528535,-0.225741,0.092074,-3.141582,0.000024,-0.000071
22.060562,-2.300004,-0.455021,-14.886251,-0.097000,-0.197375,0.032625,0.528561,-0.225659,0.092074,-3.141582,0.000024,-0.000080
22.064590,-2.300004,-0.455021,-14.886251,-0.097000,-0.197375,0.032625,0.528586,-0.225576,0.092075,-3.141582,0.000024,-0.000081
22.068589,-2.300003,-0.455016,-14.886251,-0.097000,-0.197375,0.032625,0.528613,-0.225492,0.092078,-3.141583,0.000019,-0.000085
22.072591,-2.300005,-0.455022,-14.886251,-0.097000,-0.197375,0.032625,0.528636,-0.225409,0.092076,-3.141582,0.000025,-0.000094
22.076591,-2.300005,-0.455023,-14.886251,-0.097000,-0.197375,0.032625,0.528660,-0.225327,0.092077,-3.141582,0.000026,-0.000102
22.080589,-2.300005,-0.455023,-14.886251,-0.097000,-0.197375,0.032625,0.528685,-0.225244,0.092078,-3.141582,0.000026,-0.000110
22.084590,-2.300003,-0.455018,-14.886251,-0.097000,-0.197375,0.032625,0.528711,-0.225162,0.092081,-3.141583,0.000021,-0.000112
22.088589,-2.300005,-0.455024,-14.886251,-0.097000,-0.197375,0.032625,0.528734,-0.225079,0.092079,-3.141582,0.000027,-0.000114
22.092590,-2.300005,-0.455024,-14.886251,-0.097000,-0.197375,0.032625,0.528759,-0.224997,0.092080,-3.141582,0.000027,-0.000115
22.096590,-2.300005,-0.455024,-14.886251,-0.097000,-0.197375,0.032625,0.528781,-0.224914,0.092080,-3.141582,0.000026,-0.000150
22.100594,-2.450004,-0.375019,-14.766251,-0.101000,-0.201375,0.034625,0.528811,-0.224833,0.092083,-3.141583,0.000022,-0.000145
22.104590,-2.450004,-0.375019,-14.766251,-0.101000,-0.201375,0.034625,0.528832,-0.224750,0.092083,-3.141583,0.000022,-0.000140
22.108588,-2.450004,-0.375019,-14.766251,-0.101000,-0.201375,0.034625,0.528867,-0.224646,0.092083,-3.141583,0.000022,-0.000088
22.112568,-2.450004,-0.375019,-14.766251,-0.101000,-0.201375,0.034625,0.528892,-0.224564,0.092084,-3.141583,0.000022,-0.000076
22.116579,-2.450004,-0.375019,-14.766251,-0.101000,-0.201375,0.034625,0.528918,-0.224481,0.092084,-3.141583,0.000022,-0.000071
22.120593,-2.450004,-0.375019,-14.766251,-0.101000,-0.201375,0.034625,0.528943,-0.224399,0.092084,-3.141583,0.000022,-0.000059
22.124590,-2.450004,-0.375019,-14.766251,-0.101000,-0.201375,0.034625,0.528943,-0.224399,0.092084,-3.141583,0.000022,-0.000059
22.128597,-2.450002,-0.375012,-14.766251,-0.101000,-0.201375,0.034625,0.528969,-0.224317,0.092085,-3.141584,0.000015,-0.000047
22.132599,-2.450004,-0.375020,-14.766251,-0.101000,-0.201375,0.034625,0.529018,-0.224149,0.092086,-3.141583,0.000023,-0.000039
22.136593,-2.450002,-0.375014,-14.766251,-0.101000,-0.201375,0.034625,0.529046,-0.224065,0.092088,-3.141583,0.000017,-0.000043
22.140576,-2.340002,-0.435013,-14.656250,-0.100000,-0.192375,0.033625,0.529071,-0.223980,0.092088,-3.141584,0.000016,-0.000053
22.144550,-2.340002,-0.435013,-14.656250,-0.100000,-0.192375,0.033625,0.529099,-0.223890,0.092088,-3.141584,0.000016,-0.000062
22.148599,-2.340002,-0.435013,-14.656250,-0.100000,-0.192375,0.033625,0.529127,-0.223803,0.092088,-3.141584,0.000016,-0.000068
22.152598,-2.340002,-0.435013,-14.656250,-0.100000,-0.192375,0.033625,0.529154,-0.223716,0.092089,-3.141584,0.000016,-0.000074
22.156598,-2.340002,-0.435013,-14.656250,-0.100000,-0.192375,0.033625,0.529182,-0.223627,0.092089,-3.141584,0.000016,-0.000075
22.160589,-2.340002,-0.435013,-14.656250,-0.100000,-0.192375,0.033625,0.529209,-0.223540,0.092090,-3.141584,0.000016,-0.000082
22.164549,-2.340003,-0.435018,-14.656251,-0.100000,-0.192375,0.033625,0.529236,-0.223452,0.092087,-3.141583,0.000021,-0.000088
22.168587,-2.340003,-0.435018,-14.656251,-0.100000,-0.192375,0.033625,0.529263,-0.223365,0.092088,-3.141583,0.000021,-0.000094
22.172595,-2.340003,-0.435018,-14.656251,-0.100000,-0.192375,0.033625,0.529292,-0.223276,0.092088,-3.141583,0.000021,-0.000082
22.176599,-2.220003,-0.505018,-14.596251,-0.097000,-0.188375,0.033625,0.529319,-0.223189,0.092088,-3.141583,0.000021,-0.000074
22.180584,-2.190003,-0.505016,-14.596251,-0.097000,-0.187375,0.033625,0.529344,-0.223101,0.092088,-3.141583,0.000019,-0.000067
22.184594,-2.190005,-0.505021,-14.596251,-0.097000,-0.187375,0.033625,0.529371,-0.223014,0.092086,-3.141583,0.000024,-0.000053
22.188570,-2.190005,-0.505021,-14.596251,-0.097000,-0.187375,0.033625,0.529398,-0.222927,0.092086,-3.141583,0.000024,-0.000039
22.192599,-2.190005,-0.505021,-14.596251,-0.097000,-0.187375,0.033625,0.529398,-0.222927,0.092086,-3.141583,0.000024,-0.000039
22.196591,-2.190006,-0.505027,-14.596251,-0.097000,-0.187375,0.033625,0.529449,-0.222755,0.092085,-3.141582,0.000029,-0.000015
22.200589,-2.190004,-0.505020,-14.596251,-0.097000,-0.187375,0.033625,0.529477,-0.222668,0.092086,-3.141583,0.000023,-0.000001
22.204590,-2.190004,-0.505020,-14.596251,-0.097000,-0.187375,0.033625,0.529477,-0.222668,0.092086,-3.141583,0.000023,-0.000001
22.208596,-2.190006,-0.505026,-14.596251,-0.097000,-0.187375,0.033625,0.529537,-0.222474,0.092085,-3.141582,0.000028,-0.000004
22.212556,-2.190006,-0.505026,-14.596251,-0.097000,-0.187375,0.033625,0.529537,-0.222474,0.092085,-3.141582,0.000028,-0.000004
22.216561,-2.190004,-0.505020,-14.596251,-0.097000,-0.187375,0.033625,0.529566,-0.222387,0.092087,-3.141583,0.000023,-0.000010
22.220594,-2.230004,-0.435020,-14.616251,-0.098000,-0.191375,0.033625,0.529620,-0.222213,0.092088,-3.141583,0.000023,-0.000029
22.224585,-2.230002,-0.435013,-14.616250,-0.098000,-0.191375,0.033625,0.529648,-0.222126,0.092089,-3.141584,0.000016,-0.000042
22.228589,-2.230002,-0.435013,-14.616250,-0.098000,-0.191375,0.033625,0.529648,-0.222126,0.092089,-3.141584,0.000016,-0.000042
22.232593,-2.230004,-0.435018,-14.616251,-0.098000,-0.191375,0.033625,0.529672,-0.222038,0.092088,-3.141583,0.000021,-0.000048
22.236598,-2.230004,-0.435018,-14.616251,-0.098000,-0.191375,0.033625,0.529726,-0.221864,0.092088,-3.141583,0.000021,-0.000073
22.240593,-2.230004,-0.435018,-14.616251,-0.098000,-0.191375,0.033625,0.529753,-0.221777,0.092089,-3.141583,0.000021,-0.000086
22.244590,-2.230004,-0.435018,-14.616251,-0.098000,-0.191375,0.033625,0.529781,-0.221687,0.092089,-3.141583,0.000021,-0.000081
22.248598,-2.230004,-0.435019,-14.616251,-0.098000,-0.191375,0.033625,0.529808,-0.221600,0.092089,-3.141583,0.000021,-0.000073
22.252590,-2.230004,-0.435019,-14.616251,-0.098000,-0.191375,0.033625,0.529808,-0.221600,0.092089,-3.141583,0.000021,-0.000073
22.256592,-2.340006,-0.375024,-14.746251,-0.101000,-0.200375,0.035625,0.529859,-0.221425,0.092088,-3.141582,0.000027,-0.000052
22.260589,-2.350006,-0.375024,-14.756251,-0.101000,-0.200375,0.035625,0.529886,-0.221338,0.092089,-3.141582,0.000027,-0.000038
22.264596,-2.350006,-0.375024,-14.756251,-0.101000,-0.200375,0.035625,0.529886,-0.221338,0.092089,-3.141582,0.000027,-0.000038
22.268563,-2.350002,-0.375012,-14.756251,-0.101000,-0.200375,0.035625,0.529941,-0.221164,0.092093,-3.141584,0.000016,-0.000003
22.272595,-2.350002,-0.375012,-14.756251,-0.101000,-0.200375,0.035625,0.529941,-0.221164,0.092093,-3.141584,0.000016,-0.000003
22.276601,-2.350002,-0.375012,-14.756251,-0.101000,-0.200375,0.035625,0.529967,-0.221079,0.092093,-3.141584,0.000016,0.000000
22.280595,-2.350002,-0.375012,-14.756251,-0.101000,-0.200375,0.035625,0.529993,-0.220992,0.092093,-3.141584,0.000016,0.000001
22.284599,-2.350002,-0.375012,-14.756251,-0.101000,-0.200375,0.035625,0.530020,-0.220904,0.092094,-3.141584,0.000016,0.000002
22.288592,-2.350002,-0.375012,-14.756251,-0.101000,-0.200375,0.035625,0.530046,-0.220820,0.092094,-3.141584,0.000016,-0.000009
22.292591,-2.350000,-0.375007,-14.756250,-0.101000,-0.200375,0.035625,0.530073,-0.220732,0.092097,-3.141584,0.000011,-0.000022
22.296599,-2.349999,-0.375002,-14.756250,-0.101000,-0.200375,0.035625,0.530102,-0.220646,0.092099,-3.141585,0.000006,-0.000035
22.300594,-2.389999,-0.465002,-14.876250,-0.100000,-0.197375,0.036625,0.530129,-0.220558,0.092099,-3.141585,0.000006,-0.000047
22.304590,-2.389999,-0.465002,-14.876250,-0.100000,-0.197375,0.036625,0.530155,-0.220471,0.092100,-3.141585,0.000006,-0.000060
22.308595,-2.389999,-0.465002,-14.876250,-0.100000,-0.197375,0.036625,0.530182,-0.220384,0.092100,-3.141585,0.000006,-0.000073
22.312590,-2.389999,-0.465002,-14.876250,-0.100000,-0.197375,0.036625,0.530210,-0.220294,0.092100,-3.141585,0.000006,-0.000081
22.316587,-2.389997,-0.464996,-14.876250,-0.100000,-0.197375,0.036625,0.530238,-0.220210,0.092102,-3.141586,0.000001,-0.000099
22.320587,-2.389997,-0.464996,-14.876250,-0.100000,-0.197375,0.036625,0.530265,-0.220120,0.092103,-3.141586,0.000001,-0.000100
22.324590,-2.389995,-0.464991,-14.876250,-0.100000,-0.197375,0.036625,0.530292,-0.220033,0.092106,-3.141586,-0.000004,-0.000100
22.328590,-2.389995,-0.464991,-14.876250,-0.100000,-0.197375,0.036625,0.530319,-0.219946,0.092106,-3.141586,-0.000004,-0.000133
22.332590,-2.389996,-0.464992,-14.876250,-0.100000,-0.197375,0.036625,0.530351,-0.219839,0.092107,-3.141586,-0.000003,-0.000082
22.336590,-2.389993,-0.464985,-14.876249,-0.100000,-0.197375,0.036625,0.530378,-0.219754,0.092108,-3.141587,-0.000010,-0.000073
22.340589,-2.389991,-0.464979,-14.876249,-0.100000,-0.197375,0.036625,0.530405,-0.219670,0.092110,-3.141588,-0.000015,-0.000056
22.344589,-2.419994,-0.414986,-14.716250,-0.103000,-0.195375,0.037625,0.530429,-0.219587,0.092110,-3.141587,-0.000008,-0.000051
22.348589,-2.419994,-0.414986,-14.716250,-0.103000,-0.195375,0.037625,0.530453,-0.219507,0.092110,-3.141587,-0.000008,-0.000051
22.352591,-2.419992,-0.414981,-14.716249,-0.103000,-0.195375,0.037625,0.530480,-0.219425,0.092112,-3.141588,-0.000014,-0.000046
22.356590,-2.419993,-0.414986,-14.716249,-0.103000,-0.195375,0.037625,0.530504,-0.219342,0.092110,-3.141587,-0.000009,-0.000040
22.360589,-2.419993,-0.414986,-14.716249,-0.103000,-0.195375,0.037625,0.530529,-0.219260,0.092111,-3.141587,-0.000009,-0.000042
22.364589,-2.419991,-0.414980,-14.716249,-0.103000,-0.195375,0.037625,0.530554,-0.219180,0.092113,-3.141588,-0.000014,-0.000048
22.368599,-2.419993,-0.414985,-14.716249,-0.103000,-0.195375,0.037625,0.530580,-0.219095,0.092111,-3.141587,-0.000010,-0.000052
22.372589,-2.419993,-0.414985,-14.716249,-0.103000,-0.195375,0.037625,0.530603,-0.219015,0.092111,-3.141587,-0.000010,-0.000065
22.376594,-2.419994,-0.414986,-14.716249,-0.103000,-0.195375,0.037625,0.530629,-0.218933,0.092112,-3.141587,-0.000009,-0.000080
22.380597,-2.319993,-0.404986,-14.566249,-0.104000,-0.189375,0.035625,0.530655,-0.218848,0.092113,-3.141587,-0.000009,-0.000090
22.384593,-2.319993,-0.404986,-14.566249,-0.104000,-0.189375,0.035625,0.530679,-0.218765,0.092113,-3.141587,-0.000009,-0.000099
22.388600,-2.319993,-0.404985,-14.566249,-0.104000,-0.189375,0.035625,0.530705,-0.218683,0.092113,-3.141587,-0.000009,-0.000107
22.392593,-2.319995,-0.404992,-14.566249,-0.104000,-0.189375,0.035625,0.530729,-0.218600,0.092112,-3.141586,-0.000003,-0.000116
22.396590,-2.319994,-0.404987,-14.566249,-0.104000,-0.189375,0.035625,0.530757,-0.218516,0.092114,-3.141587,-0.000008,-0.000119
22.400588,-2.319995,-0.404991,-14.566249,-0.104000,-0.189375,0.035625,0.530781,-0.218433,0.092112,-3.141586,-0.000004,-0.000121
22.404590,-2.319993,-0.404986,-14.566249,-0.104000,-0.189375,0.035625,0.530808,-0.218351,0.092114,-3.141587,-0.000009,-0.000116
22.408590,-2.319993,-0.404986,-14.566249,-0.104000,-0.189375,0.035625,0.530832,-0.218269,0.092115,-3.141587,-0.000009,-0.000104
22.412589,-2.319991,-0.404980,-14.566249,-0.104000,-0.189375,0.035625,0.530859,-0.218186,0.092117,-3.141588,-0.000014,-0.000092
22.416590,-2.239993,-0.424986,-14.546249,-0.102000,-0.188375,0.035625,0.530889,-0.218082,0.092115,-3.141587,-0.000009,-0.000073
22.420591,-2.239993,-0.424986,-14.546249,-0.102000,-0.188375,0.035625,0.530914,-0.217999,0.092116,-3.141587,-0.000009,-0.000062
22.424590,-2.239991,-0.424980,-14.546249,-0.102000,-0.188375,0.035625,0.530940,-0.217917,0.092118,-3.141588,-0.000014,-0.000050
22.428591,-2.239993,-0.424985,-14.546249,-0.102000,-0.188375,0.035625,0.530964,-0.217835,0.092116,-3.141587,-0.000010,-0.000038
22.432590,-2.239993,-0.424985,-14.546249,-0.102000,-0.188375,0.035625,0.530964,-0.217835,0.092116,-3.141587,-0.000010,-0.000038
22.436590,-2.239993,-0.424986,-14.546249,-0.102000,-0.188375,0.035625,0.530990,-0.217752,0.092117,-3.141587,-0.000008,-0.000033
22.440590,-2.239993,-0.424985,-14.546249,-0.102000,-0.188375,0.035625,0.531041,-0.217587,0.092117,-3.141587,-0.000009,-0.000022
22.444590,-2.239991,-0.424980,-14.546249,-0.102000,-0.188375,0.035625,0.531066,-0.217508,0.092119,-3.141588,-0.000015,-0.000035
22.448589,-2.239995,-0.424992,-14.546250,-0.102000,-0.188375,0.035625,0.531090,-0.217425,0.092116,-3.141586,-0.000004,-0.000044
22.452590,-2.239993,-0.424986,-14.546249,-0.102000,-0.188375,0.035625,0.531115,-0.217345,0.092118,-3.141587,-0.000009,-0.000057
22.456590,-2.239993,-0.424986,-14.546249,-0.102000,-0.188375,0.035625,0.531139,-0.217263,0.092119,-3.141587,-0.000009,-0.000065
22.460590,-2.179992,-0.464980,-14.676249,-0.099000,-0.189375,0.035625,0.531165,-0.217183,0.092121,-3.141588,-0.000014,-0.000078
22.464588,-2.179994,-0.464987,-14.676250,-0.099000,-0.189375,0.035625,0.531188,-0.217100,0.092120,-3.141587,-0.000008,-0.000086
22.468589,-2.179994,-0.464986,-14.676250,-0.099000,-0.189375,0.035625,0.531214,-0.217018,0.092120,-3.141587,-0.000008,-0.000088
22.472589,-2.179992,-0.464981,-14.676249,-0.099000,-0.189375,0.035625,0.531240,-0.216938,0.092122,-3.141588,-0.000014,-0.000094
22.476608,-2.179993,-0.464985,-14.676250,-0.099000,-0.189375,0.035625,0.531264,-0.216855,0.092120,-3.141587,-0.000009,-0.000089
22.480596,-2.179991,-0.464980,-14.676249,-0.099000,-0.189375,0.035625,0.531289,-0.216775,0.092122,-3.141588,-0.000015,-0.000088
22.484590,-2.179989,-0.464974,-14.676249,-0.099000,-0.189375,0.035625,0.531316,-0.216693,0.092124,-3.141588,-0.000020,-0.000076
22.488590,-2.179992,-0.464981,-14.676249,-0.099000,-0.189375,0.035625,0.531339,-0.216610,0.092124,-3.141588,-0.000013,-0.000071
22.492589,-2.179992,-0.464980,-14.676249,-0.099000,-0.189375,0.035625,0.531364,-0.216531,0.092123,-3.141588,-0.000014,-0.000064
22.496589,-2.179992,-0.464980,-14.676249,-0.099000,-0.189375,0.035625,0.531388,-0.216448,0.092124,-3.141588,-0.000014,-0.000045
22.500589,-2.269990,-0.374974,-14.626249,-0.101000,-0.193375,0.034625,0.531415,-0.216366,0.092126,-3.141588,-0.000019,-0.000033
22.504589,-2.269988,-0.374969,-14.626249,-0.101000,-0.193375,0.034625,0.531440,-0.216286,0.092128,-3.141589,-0.000025,-0.000033
22.508592,-2.269992,-0.374981,-14.626249,-0.101000,-0.193375,0.034625,0.531463,-0.216203,0.092125,-3.141588,-0.000014,-0.000021
22.512589,-2.269990,-0.374975,-14.626249,-0.101000,-0.193375,0.034625,0.531489,-0.216121,0.092127,-3.141588,-0.000019,-0.000016
22.516592,-2.269990,-0.374976,-14.626249,-0.101000,-0.193375,0.034625,0.531514,-0.216041,0.092128,-3.141588,-0.000018,-0.000015
22.520597,-2.269990,-0.374976,-14.626249,-0.101000,-0.193375,0.034625,0.531538,-0.215958,0.092129,-3.141588,-0.000018,-0.000010
22.524591,-2.269988,-0.374971,-14.626249,-0.101000,-0.193375,0.034625,0.531563,-0.215878,0.092131,-3.141589,-0.000023,-0.000016
22.528590,-2.269988,-0.374970,-14.626249,-0.101000,-0.193375,0.034625,0.531589,-0.215796,0.092130,-3.141589,-0.000024,-0.000018
22.532590,-2.269988,-0.374970,-14.626249,-0.101000,-0.193375,0.034625,0.531613,-0.215713,0.092131,-3.141589,-0.000024,-0.000067
22.536590,-2.269988,-0.374971,-14.626249,-0.101000,-0.193375,0.034625,0.531644,-0.215609,0.092132,-3.141589,-0.000023,-0.000034
22.540589,-2.339990,-0.404976,-14.626249,-0.101000,-0.195375,0.035625,0.531668,-0.215524,0.092130,-3.141588,-0.000018,-0.000038
22.544590,-2.339988,-0.404970,-14.626249,-0.101000,-0.195375,0.035625,0.531697,-0.215437,0.092132,-3.141589,-0.000024,-0.000044
22.548590,-2.339988,-0.404970,-14.626249,-0.101000,-0.195375,0.035625,0.531721,-0.215352,0.092132,-3.141589,-0.000024,-0.000048
22.552590,-2.339988,-0.404969,-14.626249,-0.101000,-0.195375,0.035625,0.531749,-0.215265,0.092132,-3.141589,-0.000025,-0.000047
22.556589,-2.339990,-0.404976,-14.626249,-0.101000,-0.195375,0.035625,0.531773,-0.215180,0.092131,-3.141588,-0.000018,-0.000044
22.560592,-2.339988,-0.404970,-14.626249,-0.101000,-0.195375,0.035625,0.531802,-0.215092,0.092133,-3.141589,-0.000023,-0.000037
22.564591,-2.339988,-0.404969,-14.626249,-0.101000,-0.195375,0.035625,0.531829,-0.215005,0.092133,-3.141589,-0.000024,-0.000036
22.568589,-2.339988,-0.404969,-14.626249,-0.101000,-0.195375,0.035625,0.531854,-0.214920,0.092133,-3.141589,-0.000024,-0.000034
22.572590,-2.339988,-0.404971,-14.626249,-0.101000,-0.195375,0.035625,0.531881,-0.214835,0.092135,-3.141589,-0.000023,-0.000037
22.576590,-2.379990,-0.384976,-14.556249,-0.103000,-0.190375,0.035625,0.531906,-0.214748,0.092133,-3.141588,-0.000018,-0.000030
22.580588,-2.379988,-0.384970,-14.556249,-0.103000,-0.190375,0.035625,0.531933,-0.214663,0.092135,-3.141589,-0.000024,-0.000034
22.584589,-2.379990,-0.384975,-14.556249,-0.103000,-0.190375,0.035625,0.531958,-0.214576,0.092132,-3.141588,-0.000019,-0.000026
22.588590,-2.379990,-0.384976,-14.556249,-0.103000,-0.190375,0.035625,0.531985,-0.214491,0.092134,-3.141588,-0.000018,-0.000030
22.592590,-2.379990,-0.384975,-14.556249,-0.103000,-0.190375,0.035625,0.532012,-0.214406,0.092133,-3.141588,-0.000019,-0.000027
22.596591,-2.379990,-0.384975,-14.556249,-0.103000,-0.190375,0.035625,0.532037,-0.214319,0.092134,-3.141588,-0.000019,-0.000027
22.600590,-2.379990,-0.384974,-14.556249,-0.103000,-0.190375,0.035625,0.532064,-0.214234,0.092133,-3.141588,-0.000020,-0.000030
22.604589,-2.379992,-0.384980,-14.556249,-0.103000,-0.190375,0.035625,0.532090,-0.214149,0.092132,-3.141588,-0.000014,-0.000034
22.608590,-2.379992,-0.384980,-14.556249,-0.103000,-0.190375,0.035625,0.532116,-0.214062,0.092133,-3.141588,-0.000014,-0.000040
22.612589,-2.379991,-0.384980,-14.556249,-0.103000,-0.190375,0.035625,0.532142,-0.213977,0.092132,-3.141588,-0.000015,-0.000044
22.616591,-2.379993,-0.384984,-14.556250,-0.103000,-0.190375,0.035625,0.532166,-0.213892,0.092130,-3.141587,-0.000010,-0.000048
22.620593,-2.369993,-0.424984,-14.646249,-0.103000,-0.191375,0.035625,0.532194,-0.213805,0.092129,-3.141587,-0.000011,-0.000047
22.624590,-2.369993,-0.424985,-14.646249,-0.103000,-0.191375,0.035625,0.532220,-0.213720,0.092131,-3.141587,-0.000010,-0.000051
22.628590,-2.369995,-0.424990,-14.646249,-0.103000,-0.191375,0.035625,0.532245,-0.213635,0.092129,-3.141586,-0.000005,-0.000048
22.632589,-2.369997,-0.424996,-14.646249,-0.103000,-0.191375,0.035625,0.532270,-0.213550,0.092128,-3.141586,0.000001,-0.000052
22.636594,-2.369997,-0.424996,-14.646249,-0.103000,-0.191375,0.035625,0.532270,-0.213550,0.092128,-3.141586,0.000001,-0.000052
22.640590,-2.369995,-0.424989,-14.646249,-0.103000,-0.191375,0.035625,0.532326,-0.213375,0.092129,-3.141587,-0.000006,-0.000044
22.644588,-2.369999,-0.425001,-14.646250,-0.103000,-0.191375,0.035625,0.532350,-0.213288,0.092126,-3.141585,0.000005,-0.000050
22.648589,-2.369997,-0.424996,-14.646249,-0.103000,-0.191375,0.035625,0.532378,-0.213200,0.092129,-3.141586,0.000000,-0.000050
22.652590,-2.369996,-0.424995,-14.646249,-0.103000,-0.191375,0.035625,0.532406,-0.213113,0.092128,-3.141586,-0.000001,-0.000056
22.656590,-2.369996,-0.424994,-14.646249,-0.103000,-0.191375,0.035625,0.532433,-0.213026,0.092128,-3.141586,-0.000002,-0.000062
22.660590,-2.259996,-0.414995,-14.836250,-0.104000,-0.189375,0.034625,0.532460,-0.212939,0.092129,-3.141586,-0.000000,-0.000061
22.664590,-2.259996,-0.414994,-14.836250,-0.104000,-0.189375,0.034625,0.532487,-0.212851,0.092129,-3.141586,-0.000001,-0.000067
22.668588,-2.259996,-0.414994,-14.836250,-0.104000,-0.189375,0.034625,0.532487,-0.212851,0.092129,-3.141586,-0.000001,-0.000067
22.672589,-2.259994,-0.414988,-14.836249,-0.104000,-0.189375,0.034625,0.532515,-0.212764,0.092131,-3.141587,-0.000006,-0.000066
22.676590,-2.259996,-0.414995,-14.836250,-0.104000,-0.189375,0.034625,0.532567,-0.212589,0.092130,-3.141586,-0.000001,-0.000079
22.680605,-2.259996,-0.414994,-14.836250,-0.104000,-0.189375,0.034625,0.532595,-0.212502,0.092129,-3.141586,-0.000002,-0.000078
22.684590,-2.259996,-0.414994,-14.836250,-0.104000,-0.189375,0.034625,0.532629,-0.212393,0.092130,-3.141586,-0.000002,-0.000077
22.688596,-2.259998,-0.414999,-14.836250,-0.104000,-0.189375,0.034625,0.532648,-0.212330,0.092128,-3.141585,0.000003,-0.000121
22.692589,-2.259998,-0.414999,-14.836250,-0.104000,-0.189375,0.034625,0.532648,-0.212330,0.092128,-3.141585,0.000003,-0.000121
22.696590,-2.259996,-0.414994,-14.836250,-0.104000,-0.189375,0.034625,0.532682,-0.212221,0.092131,-3.141586,-0.000001,-0.000080
22.700596,-2.259998,-0.415001,-14.836250,-0.104000,-0.189375,0.034625,0.532709,-0.212134,0.092130,-3.141585,0.000005,-0.000073
22.704590,-2.329998,-0.455000,-15.106249,-0.103000,-0.197375,0.035625,0.532735,-0.212049,0.092129,-3.141585,0.000004,-0.000077
22.708596,-2.329996,-0.454994,-15.106249,-0.103000,-0.197375,0.035625,0.532762,-0.211961,0.092131,-3.141586,-0.000001,-0.000076
22.712591,-2.329996,-0.454994,-15.106249,-0.103000,-0.197375,0.035625,0.532791,-0.211874,0.092132,-3.141586,-0.000001,-0.000069
22.716589,-2.329998,-0.454999,-15.106249,-0.103000,-0.197375,0.035625,0.532816,-0.211787,0.092130,-3.141585,0.000003,-0.000075
22.720593,-2.329998,-0.455000,-15.106250,-0.103000,-0.197375,0.035625,0.532870,-0.211612,0.092131,-3.141585,0.000004,-0.000087
22.724588,-2.329998,-0.455000,-15.106250,-0.103000,-0.197375,0.035625,0.532870,-0.211612,0.092131,-3.141585,0.000004,-0.000087
22.728589,-2.329997,-0.454999,-15.106249,-0.103000,-0.197375,0.035625,0.532897,-0.211525,0.092130,-3.141586,0.000003,-0.000093
22.732561,-2.329998,-0.455000,-15.106250,-0.103000,-0.197375,0.035625,0.532924,-0.211438,0.092132,-3.141585,0.000004,-0.000099
22.736595,-2.329998,-0.454999,-15.106249,-0.103000,-0.197375,0.035625,0.532951,-0.211350,0.092131,-3.141585,0.000004,-0.000105
22.740587,-2.329996,-0.454993,-15.106249,-0.103000,-0.197375,0.035625,0.532978,-0.211265,0.092133,-3.141586,-0.000002,-0.000102
22.744590,-2.329996,-0.454993,-15.106249,-0.103000,-0.197375,0.035625,0.532978,-0.211265,0.092133,-3.141586,-0.000002,-0.000102
22.748590,-2.389998,-0.405000,-15.206250,-0.106000,-0.200375,0.034625,0.533057,-0.211006,0.092133,-3.141585,0.000004,-0.000105
22.752588,-2.389998,-0.405000,-15.206250,-0.106000,-0.200375,0.034625,0.533057,-0.211006,0.092133,-3.141585,0.000004,-0.000105
22.756590,-2.390000,-0.405006,-15.206250,-0.106000,-0.200375,0.034625,0.533084,-0.210918,0.092132,-3.141585,0.000010,-0.000097
22.760590,-2.390000,-0.405005,-15.206250,-0.106000,-0.200375,0.034625,0.533110,-0.210833,0.092131,-3.141585,0.000009,-0.000094
22.764590,-2.390000,-0.405007,-15.206250,-0.106000,-0.200375,0.034625,0.533137,-0.210746,0.092133,-3.141585,0.000011,-0.000087
22.768594,-2.389998,-0.405000,-15.206250,-0.106000,-0.200375,0.034625,0.533166,-0.210659,0.092134,-3.141585,0.000004,-0.000073
22.772591,-2.389999,-0.405002,-15.206250,-0.106000,-0.200375,0.034625,0.533192,-0.210574,0.092135,-3.141585,0.000006,-0.000063
22.776590,-2.389998,-0.405001,-15.206250,-0.106000,-0.200375,0.034625,0.533219,-0.210487,0.092135,-3.141585,0.000005,-0.000056
22.780591,-2.470000,-0.415007,-15.256250,-0.106000,-0.201375,0.035625,0.533244,-0.210402,0.092134,-3.141585,0.000011,-0.000093
22.784590,-2.529996,-0.474995,-15.276249,-0.106000,-0.202375,0.036625,0.533274,-0.210315,0.092138,-3.141586,0.000000,-0.000086
22.788588,-2.529999,-0.475002,-15.276250,-0.106000,-0.202375,0.036625,0.533299,-0.210230,0.092137,-3.141585,0.000006,-0.000049
22.792563,-2.529997,-0.474996,-15.276249,-0.106000,-0.202375,0.036625,0.533326,-0.210142,0.092139,-3.141586,0.000000,-0.000089
22.796592,-2.529998,-0.475001,-15.276250,-0.106000,-0.202375,0.036625,0.533351,-0.210055,0.092136,-3.141585,0.000005,-0.000095
22.800590,-2.529999,-0.475002,-15.276250,-0.106000,-0.202375,0.036625,0.533385,-0.209948,0.092138,-3.141585,0.000006,-0.000065
22.804590,-2.529999,-0.475003,-15.276250,-0.106000,-0.202375,0.036625,0.533414,-0.209861,0.092138,-3.141585,0.000007,-0.000071
22.808599,-2.529999,-0.475004,-15.276250,-0.106000,-0.202375,0.036625,0.533440,-0.209773,0.092140,-3.141585,0.000008,-0.000077
22.812592,-2.529999,-0.475003,-15.276250,-0.106000,-0.202375,0.036625,0.533466,-0.209688,0.092139,-3.141585,0.000007,-0.000081
22.816591,-2.529999,-0.475004,-15.276250,-0.106000,-0.202375,0.036625,0.533495,-0.209601,0.092140,-3.141585,0.000008,-0.000087
22.820591,-2.529999,-0.475003,-15.276250,-0.106000,-0.202375,0.036625,0.533521,-0.209514,0.092140,-3.141585,0.000007,-0.000086
22.824591,-2.479999,-0.475004,-15.306250,-0.108000,-0.198375,0.035625,0.533547,-0.209429,0.092141,-3.141585,0.000008,-0.000097
22.828591,-2.480002,-0.475010,-15.306251,-0.108000,-0.198375,0.035625,0.533573,-0.209341,0.092140,-3.141584,0.000014,-0.000090
22.832591,-2.479999,-0.475004,-15.306250,-0.108000,-0.198375,0.035625,0.533601,-0.209257,0.092141,-3.141585,0.000008,-0.000080
22.836591,-2.480002,-0.475010,-15.306251,-0.108000,-0.198375,0.035625,0.533627,-0.209172,0.092140,-3.141584,0.000014,-0.000070
22.840591,-2.480001,-0.475009,-15.306251,-0.108000,-0.198375,0.035625,0.533651,-0.209089,0.092140,-3.141584,0.000013,-0.000052
22.844597,-2.480000,-0.475005,-15.306250,-0.108000,-0.198375,0.035625,0.533678,-0.209007,0.092143,-3.141585,0.000009,-0.000033
22.848589,-2.479999,-0.475004,-15.306250,-0.108000,-0.198375,0.035625,0.533703,-0.208924,0.092142,-3.141585,0.000008,-0.000015
22.852591,-2.479997,-0.474997,-15.306250,-0.108000,-0.198375,0.035625,0.533729,-0.208844,0.092143,-3.141586,0.000002,-0.000007
22.856590,-2.479999,-0.475003,-15.306250,-0.108000,-0.198375,0.035625,0.533753,-0.208762,0.092142,-3.141585,0.000007,0.000005
22.860590,-2.479999,-0.475004,-15.306250,-0.108000,-0.198375,0.035625,0.533779,-0.208682,0.092143,-3.141585,0.000008,0.000005
22.864590,-2.339999,-0.545003,-15.336250,-0.105000,-0.194375,0.034625,0.533804,-0.208599,0.092142,-3.141585,0.000007,0.000010
22.868590,-2.339997,-0.544999,-15.336250,-0.105000,-0.194375,0.034625,0.533830,-0.208519,0.092145,-3.141586,0.000003,-0.000003
22.872593,-2.340000,-0.545005,-15.336250,-0.105000,-0.194375,0.034625,0.533854,-0.208436,0.092144,-3.141585,0.000009,-0.000004
22.876591,-2.340000,-0.545005,-15.336250,-0.105000,-0.194375,0.034625,0.533880,-0.208354,0.092145,-3.141585,0.000009,-0.000012
22.880590,-2.340002,-0.545011,-15.336251,-0.105000,-0.194375,0.034625,0.533904,-0.208271,0.092144,-3.141584,0.000015,-0.000028
22.884591,-2.340000,-0.545005,-15.336250,-0.105000,-0.194375,0.034625,0.533931,-0.208189,0.092145,-3.141585,0.000009,-0.000036
22.888590,-2.340000,-0.545005,-15.336250,-0.105000,-0.194375,0.034625,0.533958,-0.208106,0.092146,-3.141585,0.000009,-0.000051
22.892590,-2.340002,-0.545011,-15.336251,-0.105000,-0.194375,0.034625,0.533982,-0.208024,0.092145,-3.141584,0.000015,-0.000066
22.896591,-2.270002,-0.535011,-15.336251,-0.104000,-0.195375,0.033625,0.534006,-0.207941,0.092144,-3.141584,0.000014,-0.000115
22.900592,-2.270002,-0.535011,-15.336251,-0.104000,-0.195375,0.033625,0.534033,-0.207859,0.092145,-3.141584,0.000015,-0.000123
22.904591,-2.270000,-0.535005,-15.336250,-0.104000,-0.195375,0.033625,0.534058,-0.207776,0.092147,-3.141585,0.000009,-0.000125
22.908590,-2.270000,-0.535005,-15.336250,-0.104000,-0.195375,0.033625,0.534058,-0.207776,0.092147,-3.141585,0.000009,-0.000125
22.912591,-2.270000,-0.535005,-15.336250,-0.104000,-0.195375,0.033625,0.534117,-0.207589,0.092147,-3.141585,0.000009,-0.000054
22.916590,-2.269998,-0.535001,-15.336250,-0.104000,-0.195375,0.033625,0.534143,-0.207509,0.092150,-3.141585,0.000005,-0.000046
22.920591,-2.270000,-0.535007,-15.336250,-0.104000,-0.195375,0.033625,0.534167,-0.207427,0.092149,-3.141585,0.000011,-0.000028
22.924590,-2.269998,-0.535000,-15.336250,-0.104000,-0.195375,0.033625,0.534194,-0.207344,0.092150,-3.141585,0.000004,-0.000009
22.928591,-2.270003,-0.535013,-15.336251,-0.104000,-0.195375,0.033625,0.534217,-0.207261,0.092148,-3.141584,0.000017,0.000009
22.932592,-2.270000,-0.535007,-15.336250,-0.104000,-0.195375,0.033625,0.534245,-0.207177,0.092150,-3.141585,0.000011,0.000026
22.936590,-2.270001,-0.535007,-15.336250,-0.104000,-0.195375,0.033625,0.534271,-0.207094,0.092150,-3.141585,0.000011,0.000024
22.940591,-2.410000,-0.435006,-15.266251,-0.106000,-0.201375,0.033625,0.534297,-0.207009,0.092150,-3.141585,0.000010,0.000020
22.944592,-2.410001,-0.435008,-15.266251,-0.106000,-0.201375,0.033625,0.534322,-0.206924,0.092151,-3.141585,0.000012,0.000010
22.948591,-2.410003,-0.435014,-15.266251,-0.106000,-0.201375,0.033625,0.534347,-0.206837,0.092150,-3.141584,0.000017,0.000004
22.952593,-2.410003,-0.435013,-15.266251,-0.106000,-0.201375,0.033625,0.534374,-0.206749,0.092150,-3.141584,0.000016,-0.000002
22.956589,-2.410001,-0.435009,-15.266251,-0.106000,-0.201375,0.033625,0.534401,-0.206664,0.092153,-3.141585,0.000012,-0.000020
22.960589,-2.410003,-0.435015,-15.266251,-0.106000,-0.201375,0.033625,0.534427,-0.206577,0.092152,-3.141584,0.000018,-0.000033
22.964596,-2.410003,-0.435014,-15.266251,-0.106000,-0.201375,0.033625,0.534452,-0.206492,0.092151,-3.141584,0.000017,-0.000050
22.968588,-2.410004,-0.435015,-15.266251,-0.106000,-0.201375,0.033625,0.534478,-0.206404,0.092153,-3.141584,0.000019,-0.000063
22.972590,-2.410004,-0.435015,-15.266251,-0.106000,-0.201375,0.033625,0.534478,-0.206404,0.092153,-3.141584,0.000019,-0.000063
22.976563,-2.410003,-0.435014,-15.266251,-0.106000,-0.201375,0.033625,0.534504,-0.206319,0.092152,-3.141584,0.000018,-0.000080
22.980596,-2.450001,-0.455009,-15.296250,-0.106000,-0.201375,0.034625,0.534557,-0.206147,0.092155,-3.141585,0.000013,-0.000090
22.984549,-2.450004,-0.455015,-15.296251,-0.106000,-0.201375,0.034625,0.534583,-0.206059,0.092154,-3.141584,0.000019,-0.000123
22.988557,-2.450004,-0.455015,-15.296251,-0.106000,-0.201375,0.034625,0.534606,-0.205974,0.092154,-3.141584,0.000019,-0.000120
22.992597,-2.450002,-0.455011,-15.296251,-0.106000,-0.201375,0.034625,0.534635,-0.205886,0.092157,-3.141584,0.000015,-0.000106
22.996590,-2.450004,-0.455017,-15.296251,-0.106000,-0.201375,0.034625,0.534668,-0.205780,0.092156,-3.141584,0.000021,-0.000056
23.000590,-2.450005,-0.455019,-15.296251,-0.106000,-0.201375,0.034625,0.534693,-0.205694,0.092157,-3.141584,0.000022,-0.000046
23.004590,-2.450007,-0.455025,-15.296251,-0.106000,-0.201375,0.034625,0.534717,-0.205609,0.092156,-3.141583,0.000028,-0.000043
23.008590,-2.450003,-0.455014,-15.296251,-0.106000,-0.201375,0.034625,0.534745,-0.205524,0.092160,-3.141584,0.000017,-0.000040
23.012568,-2.450005,-0.455020,-15.296251,-0.106000,-0.201375,0.034625,0.534771,-0.205437,0.092159,-3.141584,0.000023,-0.000033
23.016590,-2.450005,-0.455020,-15.296251,-0.106000,-0.201375,0.034625,0.534797,-0.205352,0.092159,-3.141583,0.000023,-0.000037
23.020590,-2.510003,-0.465014,-15.286250,-0.107000,-0.198375,0.034625,0.534823,-0.205267,0.092161,-3.141584,0.000018,-0.000041
23.024590,-2.510005,-0.465021,-15.286251,-0.107000,-0.198375,0.034625,0.534848,-0.205182,0.092160,-3.141583,0.000024,-0.000051
23.028591,-2.510001,-0.465009,-15.286250,-0.107000,-0.198375,0.034625,0.534876,-0.205094,0.092164,-3.141585,0.000013,-0.000057
23.032590,-2.510004,-0.465015,-15.286251,-0.107000,-0.198375,0.034625,0.534901,-0.205009,0.092163,-3.141584,0.000019,-0.000074
23.036590,-2.510002,-0.465011,-15.286250,-0.107000,-0.198375,0.034625,0.534929,-0.204922,0.092166,-3.141584,0.000015,-0.000087
23.040590,-2.510002,-0.465010,-15.286250,-0.107000,-0.198375,0.034625,0.534954,-0.204837,0.092166,-3.141584,0.000014,-0.000098
23.044590,-2.510002,-0.465010,-15.286250,-0.107000,-0.198375,0.034625,0.534954,-0.204837,0.092166,-3.141584,0.000014,-0.000098
23.048591,-2.510002,-0.465011,-15.286250,-0.107000,-0.198375,0.034625,0.534982,-0.204749,0.092166,-3.141584,0.000014,-0.000111
23.052593,-2.510003,-0.465013,-15.286250,-0.107000,-0.198375,0.034625,0.535034,-0.204577,0.092168,-3.141584,0.000016,-0.000121
23.056590,-2.520001,-0.485008,-15.276250,-0.107000,-0.198375,0.034625,0.535061,-0.204492,0.092171,-3.141585,0.000012,-0.000118
23.060592,-2.530001,-0.445007,-15.226251,-0.110000,-0.198375,0.035625,0.535087,-0.204404,0.092171,-3.141585,0.000011,-0.000110
23.064596,-2.530001,-0.445008,-15.226251,-0.110000,-0.198375,0.035625,0.535114,-0.204319,0.092171,-3.141585,0.000012,-0.000101
23.068561,-2.530003,-0.445014,-15.226251,-0.110000,-0.198375,0.035625,0.535138,-0.204234,0.092170,-3.141584,0.000018,-0.000084
23.072586,-2.530003,-0.445015,-15.226251,-0.110000,-0.198375,0.035625,0.535166,-0.204147,0.092171,-3.141584,0.000018,-0.000077
23.076590,-2.530003,-0.445015,-15.226251,-0.110000,-0.198375,0.035625,0.535193,-0.204062,0.092172,-3.141584,0.000018,-0.000067
23.080631,-2.530003,-0.445014,-15.226251,-0.110000,-0.198375,0.035625,0.535218,-0.203976,0.092171,-3.141584,0.000018,-0.000058
23.084605,-2.530004,-0.445016,-15.226251,-0.110000,-0.198375,0.035625,0.535243,-0.203889,0.092172,-3.141584,0.000019,-0.000050
23.088571,-2.530004,-0.445016,-15.226251,-0.110000,-0.198375,0.035625,0.535270,-0.203804,0.092173,-3.141584,0.000019,-0.000054
23.092575,-2.530004,-0.445016,-15.226251,-0.110000,-0.198375,0.035625,0.535270,-0.203804,0.092173,-3.141584,0.000019,-0.000054
23.096626,-2.530001,-0.445009,-15.226251,-0.110000,-0.198375,0.035625,0.535298,-0.203717,0.092174,-3.141585,0.000013,-0.000047
23.100619,-2.460004,-0.435016,-15.066250,-0.107000,-0.195375,0.035625,0.535350,-0.203544,0.092174,-3.141584,0.000019,-0.000050
23.104614,-2.460002,-0.435009,-15.066250,-0.107000,-0.195375,0.035625,0.535377,-0.203459,0.092175,-3.141585,0.000013,-0.000060
23.108532,-2.460000,-0.435005,-15.066250,-0.107000,-0.195375,0.035625,0.535405,-0.203371,0.092178,-3.141585,0.000009,-0.000107
23.112533,-2.460002,-0.435011,-15.066250,-0.107000,-0.195375,0.035625,0.535429,-0.203286,0.092177,-3.141584,0.000015,-0.000124
23.116532,-2.460004,-0.435017,-15.066250,-0.107000,-0.195375,0.035625,0.535461,-0.203179,0.092176,-3.141584,0.000021,-0.000094
23.120569,-2.460004,-0.435017,-15.066250,-0.107000,-0.195375,0.035625,0.535461,-0.203179,0.092176,-3.141584,0.000021,-0.000094
23.124535,-2.460005,-0.435018,-15.066250,-0.107000,-0.195375,0.035625,0.535515,-0.203007,0.092177,-3.141584,0.000022,-0.000097
23.128536,-2.460004,-0.435017,-15.066250,-0.107000,-0.195375,0.035625,0.535540,-0.202922,0.092177,-3.141584,0.000021,-0.000101
23.132592,-2.460004,-0.435017,-15.066250,-0.107000,-0.195375,0.035625,0.535540,-0.202922,0.092177,-3.141584,0.000021,-0.000101
23.136542,-2.340005,-0.475018,-15.036251,-0.104000,-0.194375,0.035625,0.535595,-0.202747,0.092178,-3.141584,0.000022,-0.000080
23.140544,-2.340005,-0.475018,-15.036251,-0.104000,-0.194375,0.035625,0.535595,-0.202747,0.092178,-3.141584,0.000022,-0.000080
23.144584,-2.340002,-0.475012,-15.036250,-0.104000,-0.194375,0.035625,0.535623,-0.202659,0.092179,-3.141584,0.000015,-0.000072
23.148591,-2.340002,-0.475012,-15.036250,-0.104000,-0.194375,0.035625,0.535650,-0.202572,0.092180,-3.141584,0.000016,-0.000058
23.152600,-2.340003,-0.475013,-15.036250,-0.104000,-0.194375,0.035625,0.535704,-0.202399,0.092181,-3.141584,0.000017,-0.000048
23.156554,-2.340003,-0.475014,-15.036250,-0.104000,-0.194375,0.035625,0.535731,-0.202312,0.092181,-3.141584,0.000017,-0.000040
23.160546,-2.340003,-0.475014,-15.036250,-0.104000,-0.194375,0.035625,0.535731,-0.202312,0.092181,-3.141584,0.000017,-0.000040
23.164547,-2.340001,-0.475007,-15.036250,-0.104000,-0.194375,0.035625,0.535759,-0.202224,0.092183,-3.141585,0.000011,-0.000033
23.168553,-2.340005,-0.475018,-15.036251,-0.104000,-0.194375,0.035625,0.535810,-0.202052,0.092180,-3.141584,0.000022,-0.000023
23.172570,-2.340005,-0.475018,-15.036251,-0.104000,-0.194375,0.035625,0.535810,-0.202052,0.092180,-3.141584,0.000022,-0.000023
23.176564,-2.340005,-0.475019,-15.036251,-0.104000,-0.194375,0.035625,0.535837,-0.201964,0.092180,-3.141584,0.000022,-0.000022
23.180550,-2.270003,-0.485013,-15.026250,-0.102000,-0.192375,0.034625,0.535892,-0.201792,0.092182,-3.141584,0.000016,-0.000032
23.184578,-2.270003,-0.485013,-15.026250,-0.102000,-0.192375,0.034625,0.535919,-0.201704,0.092183,-3.141584,0.000017,-0.000038
23.188589,-2.270003,-0.485013,-15.026250,-0.102000,-0.192375,0.034625,0.535919,-0.201704,0.092183,-3.141584,0.000017,-0.000038
23.192591,-2.270003,-0.485014,-15.026250,-0.102000,-0.192375,0.034625,0.535946,-0.201617,0.092183,-3.141584,0.000017,-0.000044
23.196596,-2.270004,-0.485015,-15.026250,-0.102000,-0.192375,0.034625,0.535999,-0.201444,0.092184,-3.141584,0.000018,-0.000047
23.200595,-2.270005,-0.485020,-15.026251,-0.102000,-0.192375,0.034625,0.536026,-0.201356,0.092182,-3.141584,0.000023,-0.000047
23.204590,-2.270005,-0.485020,-15.026251,-0.102000,-0.192375,0.034625,0.536026,-0.201356,0.092182,-3.141584,0.000023,-0.000047
23.208590,-2.270006,-0.485020,-15.026251,-0.102000,-0.192375,0.034625,0.536053,-0.201269,0.092183,-3.141584,0.000024,-0.000046
23.212595,-2.270006,-0.485021,-15.026251,-0.102000,-0.192375,0.034625,0.536080,-0.201184,0.092184,-3.141584,0.000024,-0.000050
23.216597,-2.270003,-0.485014,-15.026250,-0.102000,-0.192375,0.034625,0.536107,-0.201096,0.092185,-3.141584,0.000018,-0.000042
23.220591,-2.470004,-0.425015,-14.966251,-0.105000,-0.199375,0.037625,0.536134,-0.201009,0.092185,-3.141584,0.000018,-0.000042
23.224591,-2.470006,-0.425021,-14.966251,-0.105000,-0.199375,0.037625,0.536159,-0.200921,0.092184,-3.141584,0.000024,-0.000034
23.228590,-2.470006,-0.425020,-14.966251,-0.105000,-0.199375,0.037625,0.536187,-0.200836,0.092184,-3.141584,0.000024,-0.000031
23.232597,-2.470004,-0.425015,-14.966251,-0.105000,-0.199375,0.037625,0.536213,-0.200748,0.092186,-3.141584,0.000018,-0.000071
23.236591,-2.470003,-0.425014,-14.966251,-0.105000,-0.199375,0.037625,0.536241,-0.200664,0.092186,-3.141584,0.000018,-0.000028
23.240590,-2.470006,-0.425021,-14.966251,-0.105000,-0.199375,0.037625,0.536272,-0.200559,0.092185,-3.141584,0.000024,-0.000029
23.244595,-2.470004,-0.425015,-14.966251,-0.105000,-0.199375,0.037625,0.536291,-0.200498,0.092187,-3.141584,0.000019,-0.000031
23.248590,-2.470008,-0.425028,-14.966251,-0.105000,-0.199375,0.037625,0.536316,-0.200415,0.092184,-3.141583,0.000030,-0.000026
23.252587,-2.470009,-0.425028,-14.966251,-0.105000,-0.199375,0.037625,0.536341,-0.200333,0.092185,-3.141583,0.000031,-0.000028
23.256589,-2.470008,-0.425027,-14.966251,-0.105000,-0.199375,0.037625,0.536364,-0.200250,0.092185,-3.141583,0.000030,-0.000076
23.260590,-2.470009,-0.425029,-14.966251,-0.105000,-0.199375,0.037625,0.536391,-0.200167,0.092186,-3.141583,0.000032,-0.000078
23.264596,-2.550008,-0.455027,-15.026251,-0.107000,-0.198375,0.038625,0.536417,-0.200084,0.092185,-3.141583,0.000030,-0.000086
23.268589,-2.550007,-0.455023,-15.026251,-0.107000,-0.198375,0.038625,0.536449,-0.199982,0.092188,-3.141583,0.000026,-0.000052
23.272595,-2.550007,-0.455023,-15.026251,-0.107000,-0.198375,0.038625,0.536474,-0.199900,0.092189,-3.141583,0.000026,-0.000053
23.276588,-2.550006,-0.455021,-15.026251,-0.107000,-0.198375,0.038625,0.536500,-0.199817,0.092187,-3.141584,0.000025,-0.000055
23.280588,-2.550009,-0.455029,-15.026251,-0.107000,-0.198375,0.038625,0.536524,-0.199734,0.092187,-3.141583,0.000032,-0.000057
23.284584,-2.550007,-0.455024,-15.026251,-0.107000,-0.198375,0.038625,0.536551,-0.199652,0.092190,-3.141583,0.000027,-0.000058
23.288580,-2.550004,-0.455017,-15.026250,-0.107000,-0.198375,0.038625,0.536577,-0.199569,0.092191,-3.141584,0.000021,-0.000053
23.292590,-2.550005,-0.455018,-15.026250,-0.107000,-0.198375,0.038625,0.536602,-0.199486,0.092191,-3.141584,0.000021,-0.000055
23.296591,-2.550003,-0.455012,-15.026250,-0.107000,-0.198375,0.038625,0.536630,-0.199404,0.092194,-3.141584,0.000016,-0.000056
23.300588,-2.410003,-0.555013,-15.166251,-0.103000,-0.192375,0.038625,0.536655,-0.199321,0.092194,-3.141584,0.000017,-0.000065
23.304609,-2.410005,-0.555018,-15.166251,-0.103000,-0.192375,0.038625,0.536679,-0.199238,0.092192,-3.141584,0.000021,-0.000066
23.308602,-2.410005,-0.555019,-15.166251,-0.103000,-0.192375,0.038625,0.536704,-0.199155,0.092193,-3.141584,0.000022,-0.000068
23.312595,-2.410003,-0.555013,-15.166251,-0.103000,-0.192375,0.038625,0.536731,-0.199073,0.092195,-3.141584,0.000017,-0.000076
23.316594,-2.410003,-0.555014,-15.166251,-0.103000,-0.192375,0.038625,0.536756,-0.198990,0.092196,-3.141584,0.000017,-0.000078
23.320592,-2.410004,-0.555014,-15.166251,-0.103000,-0.192375,0.038625,0.536781,-0.198907,0.092196,-3.141584,0.000018,-0.000080
23.324572,-2.410003,-0.555014,-15.166251,-0.103000,-0.192375,0.038625,0.536809,-0.198822,0.092196,-3.141584,0.000017,-0.000077
23.328588,-2.410004,-0.555014,-15.166251,-0.103000,-0.192375,0.038625,0.536834,-0.198739,0.092197,-3.141584,0.000018,-0.000085
23.332584,-2.410004,-0.555015,-15.166251,-0.103000,-0.192375,0.038625,0.536859,-0.198657,0.092197,-3.141584,0.000018,-0.000087
23.336585,-2.410002,-0.555010,-15.166250,-0.103000,-0.192375,0.038625,0.536885,-0.198577,0.092200,-3.141585,0.000013,-0.000086
23.340590,-2.400004,-0.555015,-15.166251,-0.103000,-0.192375,0.038625,0.536910,-0.198494,0.092198,-3.141584,0.000018,-0.000088
23.344590,-2.270004,-0.505015,-15.106250,-0.103000,-0.190375,0.037625,0.536934,-0.198413,0.092198,-3.141584,0.000019,-0.000094
23.348590,-2.270004,-0.505016,-15.106250,-0.103000,-0.190375,0.037625,0.536959,-0.198331,0.092199,-3.141584,0.000019,-0.000089
23.352590,-2.270002,-0.505011,-15.106250,-0.103000,-0.190375,0.037625,0.536985,-0.198250,0.092201,-3.141585,0.000014,-0.000088
23.356590,-2.270002,-0.505011,-15.106250,-0.103000,-0.190375,0.037625,0.537009,-0.198170,0.092202,-3.141585,0.000015,-0.000087
23.360590,-2.270004,-0.505016,-15.106250,-0.103000,-0.190375,0.037625,0.537033,-0.198087,0.092200,-3.141584,0.000020,-0.000076
23.364596,-2.270002,-0.505011,-15.106250,-0.103000,-0.190375,0.037625,0.537059,-0.198007,0.092202,-3.141585,0.000015,-0.000075
23.368589,-2.270003,-0.505012,-15.106250,-0.103000,-0.190375,0.037625,0.537084,-0.197924,0.092203,-3.141585,0.000015,-0.000070
23.372590,-2.270005,-0.505019,-15.106250,-0.103000,-0.190375,0.037625,0.537107,-0.197844,0.092203,-3.141584,0.000022,-0.000076
23.376594,-2.270003,-0.505014,-15.106250,-0.103000,-0.190375,0.037625,0.537134,-0.197761,0.092205,-3.141584,0.000017,-0.000078
23.380594,-2.270004,-0.505014,-15.106250,-0.103000,-0.190375,0.037625,0.537158,-0.197681,0.092205,-3.141584,0.000018,-0.000084
23.384593,-2.320002,-0.415009,-14.936251,-0.105000,-0.193375,0.035625,0.537185,-0.197598,0.092208,-3.141585,0.000013,-0.000092
23.388591,-2.320002,-0.415010,-14.936251,-0.105000,-0.193375,0.035625,0.537210,-0.197515,0.092208,-3.141585,0.000013,-0.000100
23.392595,-2.320002,-0.415010,-14.936251,-0.105000,-0.193375,0.035625,0.537234,-0.197435,0.092209,-3.141585,0.000014,-0.000100
23.396607,-2.320002,-0.415010,-14.936251,-0.105000,-0.193375,0.035625,0.537261,-0.197352,0.092209,-3.141585,0.000013,-0.000142
23.400590,-2.320002,-0.415010,-14.936251,-0.105000,-0.193375,0.035625,0.537284,-0.197272,0.092209,-3.141585,0.000014,-0.000148
23.404593,-2.320002,-0.415011,-14.936251,-0.105000,-0.193375,0.035625,0.537316,-0.197170,0.092210,-3.141585,0.000014,-0.000107
23.408590,-2.320000,-0.415005,-14.936251,-0.105000,-0.193375,0.035625,0.537343,-0.197087,0.092212,-3.141585,0.000009,-0.000108
23.412599,-2.320000,-0.415006,-14.936251,-0.105000,-0.193375,0.035625,0.537368,-0.197004,0.092213,-3.141585,0.000010,-0.000103
23.416590,-2.320001,-0.415006,-14.936251,-0.105000,-0.193375,0.035625,0.537391,-0.196924,0.092213,-3.141585,0.000010,-0.000103
23.420592,-2.409999,-0.355001,-14.766250,-0.107000,-0.195375,0.035625,0.537418,-0.196841,0.092215,-3.141585,0.000005,-0.000091
23.424590,-2.409999,-0.355001,-14.766250,-0.107000,-0.195375,0.035625,0.537444,-0.196761,0.092215,-3.141585,0.000005,-0.000083
23.428590,-2.409999,-0.355001,-14.766250,-0.107000,-0.195375,0.035625,0.537469,-0.196678,0.092216,-3.141585,0.000005,-0.000065
23.432591,-2.409999,-0.355003,-14.766250,-0.107000,-0.195375,0.035625,0.537494,-0.196598,0.092217,-3.141585,0.000007,-0.000057
23.436595,-2.409997,-0.354996,-14.766250,-0.107000,-0.195375,0.035625,0.537519,-0.196515,0.092219,-3.141586,0.000001,-0.000039
23.440590,-2.410000,-0.355004,-14.766251,-0.107000,-0.195375,0.035625,0.537543,-0.196432,0.092219,-3.141585,0.000008,-0.000034
23.444543,-2.409997,-0.354996,-14.766250,-0.107000,-0.195375,0.035625,0.537570,-0.196349,0.092219,-3.141586,0.000001,-0.000029
23.448589,-2.409997,-0.354997,-14.766250,-0.107000,-0.195375,0.035625,0.537595,-0.196266,0.092220,-3.141586,0.000001,-0.000030
23.452591,-2.409997,-0.354997,-14.766250,-0.107000,-0.195375,0.035625,0.537618,-0.196186,0.092220,-3.141586,0.000002,-0.000036
23.456590,-2.409995,-0.354992,-14.766250,-0.107000,-0.195375,0.035625,0.537645,-0.196103,0.092222,-3.141586,-0.000003,-0.000045
23.460591,-2.319995,-0.454993,-14.636250,-0.101000,-0.187375,0.035625,0.537670,-0.196020,0.092223,-3.141586,-0.000003,-0.000053
23.464597,-2.319997,-0.454998,-14.636250,-0.101000,-0.187375,0.035625,0.537694,-0.195937,0.092221,-3.141586,0.000002,-0.000055
23.468545,-2.319995,-0.454993,-14.636250,-0.101000,-0.187375,0.035625,0.537721,-0.195855,0.092223,-3.141586,-0.000003,-0.000063
23.472591,-2.319996,-0.454993,-14.636250,-0.101000,-0.187375,0.035625,0.537745,-0.195772,0.092224,-3.141586,-0.000002,-0.000071
23.476591,-2.319995,-0.454993,-14.636250,-0.101000,-0.187375,0.035625,0.537771,-0.195689,0.092224,-3.141586,-0.000003,-0.000080
23.480588,-2.319996,-0.454993,-14.636250,-0.101000,-0.187375,0.035625,0.537796,-0.195606,0.092224,-3.141586,-0.000002,-0.000081
23.484561,-2.319994,-0.454988,-14.636250,-0.101000,-0.187375,0.035625,0.537823,-0.195524,0.092227,-3.141586,-0.000007,-0.000083
23.488586,-2.319994,-0.454988,-14.636250,-0.101000,-0.187375,0.035625,0.537847,-0.195441,0.092227,-3.141586,-0.000007,-0.000085
23.492591,-2.319994,-0.454988,-14.636250,-0.101000,-0.187375,0.035625,0.537872,-0.195360,0.092227,-3.141586,-0.000007,-0.000084
23.496595,-2.319994,-0.454988,-14.636250,-0.101000,-0.187375,0.035625,0.537897,-0.195277,0.092228,-3.141586,-0.000007,-0.000072
23.500592,-2.329994,-0.424988,-14.406249,-0.103000,-0.183375,0.036625,0.537924,-0.195192,0.092227,-3.141586,-0.000007,-0.000056
23.504594,-2.329994,-0.424988,-14.406249,-0.103000,-0.183375,0.036625,0.537948,-0.195112,0.092228,-3.141586,-0.000007,-0.000042
23.508590,-2.329994,-0.424989,-14.406249,-0.103000,-0.183375,0.036625,0.537972,-0.195029,0.092229,-3.141586,-0.000006,-0.000023
23.512591,-2.329994,-0.424988,-14.406249,-0.103000,-0.183375,0.036625,0.537998,-0.194946,0.092228,-3.141586,-0.000007,-0.000011
23.516592,-2.329994,-0.424989,-14.406249,-0.103000,-0.183375,0.036625,0.538022,-0.194866,0.092229,-3.141586,-0.000006,0.000003
23.520590,-2.329994,-0.424989,-14.406249,-0.103000,-0.183375,0.036625,0.538046,-0.194783,0.092229,-3.141586,-0.000006,-0.000026
23.524556,-2.329996,-0.424995,-14.406249,-0.103000,-0.183375,0.036625,0.538070,-0.194700,0.092228,-3.141586,-0.000001,-0.000021
23.528589,-2.329996,-0.424995,-14.406249,-0.103000,-0.183375,0.036625,0.538101,-0.194597,0.092228,-3.141586,-0.000000,0.000014
23.532590,-2.329996,-0.424995,-14.406249,-0.103000,-0.183375,0.036625,0.538128,-0.194512,0.092228,-3.141586,-0.000001,0.000010
23.536588,-2.229996,-0.314995,-14.256250,-0.107000,-0.179375,0.034625,0.538153,-0.194429,0.092228,-3.141586,-0.000000,0.000002
23.540634,-2.219997,-0.324996,-14.246250,-0.107000,-0.178375,0.033625,0.538179,-0.194341,0.092229,-3.141586,0.000000,-0.000004
23.544620,-2.219996,-0.324995,-14.246250,-0.107000,-0.178375,0.033625,0.538206,-0.194254,0.092229,-3.141586,-0.000000,-0.000017
23.548623,-2.219997,-0.324996,-14.246250,-0.107000,-0.178375,0.033625,0.538232,-0.194166,0.092229,-3.141586,0.000000,-0.000030
23.552585,-2.219997,-0.324996,-14.246250,-0.107000,-0.178375,0.033625,0.538258,-0.194078,0.092230,-3.141586,0.000001,-0.000043
23.556578,-2.219999,-0.325001,-14.246250,-0.107000,-0.178375,0.033625,0.538284,-0.193990,0.092228,-3.141585,0.000006,-0.000056
23.560589,-2.219997,-0.324996,-14.246250,-0.107000,-0.178375,0.033625,0.538312,-0.193903,0.092230,-3.141586,0.000001,-0.000068
23.564600,-2.219994,-0.324990,-14.246249,-0.107000,-0.178375,0.033625,0.538339,-0.193815,0.092232,-3.141586,-0.000006,-0.000074
23.568591,-2.219997,-0.324996,-14.246250,-0.107000,-0.178375,0.033625,0.538365,-0.193730,0.092231,-3.141586,0.000001,-0.000072
23.572598,-2.219997,-0.324997,-14.246250,-0.107000,-0.178375,0.033625,0.538391,-0.193642,0.092231,-3.141586,0.000001,-0.000064
23.576550,-2.219996,-0.324995,-14.246250,-0.107000,-0.178375,0.033625,0.538417,-0.193554,0.092230,-3.141586,-0.000001,-0.000050
23.580591,-2.179996,-0.364995,-14.276249,-0.104000,-0.181375,0.033625,0.538443,-0.193466,0.092231,-3.141586,-0.000000,-0.000036
23.584559,-2.179994,-0.364990,-14.276249,-0.104000,-0.181375,0.033625,0.538470,-0.193381,0.092233,-3.141586,-0.000005,-0.000019
23.588558,-2.179999,-0.365002,-14.276250,-0.104000,-0.181375,0.033625,0.538495,-0.193293,0.092230,-3.141585,0.000007,-0.000005
23.592583,-2.179997,-0.364997,-14.276249,-0.104000,-0.181375,0.033625,0.538523,-0.193206,0.092233,-3.141586,0.000002,0.000002
23.596590,-2.179999,-0.365002,-14.276250,-0.104000,-0.181375,0.033625,0.538548,-0.193120,0.092231,-3.141585,0.000007,0.000005
23.600590,-2.179997,-0.364997,-14.276249,-0.104000,-0.181375,0.033625,0.538576,-0.193032,0.092233,-3.141586,0.000002,0.000006
23.604590,-2.179999,-0.365002,-14.276250,-0.104000,-0.181375,0.033625,0.538600,-0.192947,0.092231,-3.141585,0.000007,0.000002
23.608590,-2.180001,-0.365008,-14.276250,-0.104000,-0.181375,0.033625,0.538626,-0.192859,0.092229,-3.141585,0.000012,-0.000011
23.612593,-2.179997,-0.364995,-14.276249,-0.104000,-0.181375,0.033625,0.538654,-0.192772,0.092232,-3.141586,-0.000000,-0.000017
23.616591,-2.179999,-0.385000,-14.336250,-0.103000,-0.183375,0.033625,0.538679,-0.192686,0.092230,-3.141586,0.000005,-0.000034
23.620588,-2.179999,-0.385001,-14.376250,-0.102000,-0.184375,0.032625,0.538705,-0.192598,0.092231,-3.141585,0.000005,-0.000047
23.624596,-2.179999,-0.385000,-14.376250,-0.102000,-0.184375,0.032625,0.538731,-0.192513,0.092231,-3.141586,0.000005,-0.000064
23.628590,-2.179999,-0.385001,-14.376250,-0.102000,-0.184375,0.032625,0.538757,-0.192425,0.092231,-3.141585,0.000005,-0.000077
23.632590,-2.179999,-0.385001,-14.376250,-0.102000,-0.184375,0.032625,0.538791,-0.192315,0.092232,-3.141585,0.000006,-0.000090
23.636590,-2.179997,-0.384995,-14.376250,-0.102000,-0.184375,0.032625,0.538813,-0.192250,0.092233,-3.141586,-0.000000,-0.000096
23.640590,-2.179997,-0.384995,-14.376250,-0.102000,-0.184375,0.032625,0.538813,-0.192250,0.092233,-3.141586,-0.000000,-0.000096
23.644590,-2.179999,-0.385001,-14.376250,-0.102000,-0.184375,0.032625,0.538871,-0.192052,0.092232,-3.141585,0.000005,-0.000088
23.648589,-2.179999,-0.385001,-14.376250,-0.102000,-0.184375,0.032625,0.538871,-0.192052,0.092232,-3.141585,0.000005,-0.000088
23.652591,-2.179997,-0.384995,-14.376250,-0.102000,-0.184375,0.032625,0.538918,-0.191901,0.092234,-3.141586,-0.000000,-0.000111
23.656591,-2.179997,-0.384995,-14.376250,-0.102000,-0.184375,0.032625,0.538918,-0.191901,0.092234,-3.141586,-0.000000,-0.000111
23.660600,-2.290001,-0.365007,-14.436251,-0.104000,-0.188375,0.033625,0.538977,-0.191706,0.092231,-3.141585,0.000011,-0.000054
23.664596,-2.289999,-0.365002,-14.436250,-0.104000,-0.188375,0.033625,0.539005,-0.191618,0.092233,-3.141585,0.000006,-0.000046
23.668580,-2.289999,-0.365001,-14.436250,-0.104000,-0.188375,0.033625,0.539033,-0.191530,0.092233,-3.141585,0.000006,-0.000046
23.672589,-2.289999,-0.365001,-14.436250,-0.104000,-0.188375,0.033625,0.539033,-0.191530,0.092233,-3.141585,0.000006,-0.000046
23.676590,-2.289999,-0.365001,-14.436250,-0.104000,-0.188375,0.033625,0.539059,-0.191445,0.092233,-3.141585,0.000005,-0.000043
23.680590,-2.289999,-0.365001,-14.436250,-0.104000,-0.188375,0.033625,0.539085,-0.191357,0.092233,-3.141585,0.000006,-0.000042
23.684590,-2.289999,-0.365001,-14.436250,-0.104000,-0.188375,0.033625,0.539112,-0.191269,0.092233,-3.141585,0.000005,-0.000048
23.688608,-2.289998,-0.365001,-14.436250,-0.104000,-0.188375,0.033625,0.539139,-0.191184,0.092233,-3.141586,0.000005,-0.000059
23.692548,-2.289996,-0.364995,-14.436250,-0.104000,-0.188375,0.033625,0.539166,-0.191096,0.092235,-3.141586,0.000000,-0.000065
23.696554,-2.289998,-0.365001,-14.436250,-0.104000,-0.188375,0.033625,0.539192,-0.191008,0.092233,-3.141586,0.000005,-0.000078
23.700553,-2.289998,-0.365000,-14.436250,-0.104000,-0.188375,0.033625,0.539218,-0.190923,0.092233,-3.141586,0.000005,-0.000095
23.704555,-2.409998,-0.445000,-14.616250,-0.104000,-0.191375,0.035625,0.539271,-0.190747,0.092234,-3.141586,0.000005,-0.000114
23.708553,-2.409998,-0.445000,-14.616250,-0.104000,-0.191375,0.035625,0.539271,-0.190747,0.092234,-3.141586,0.000005,-0.000114
23.712554,-2.410001,-0.445007,-14.616250,-0.104000,-0.191375,0.035625,0.539298,-0.190659,0.092233,-3.141585,0.000011,-0.000120
23.716554,-2.410001,-0.445006,-14.616250,-0.104000,-0.191375,0.035625,0.539325,-0.190572,0.092232,-3.141585,0.000010,-0.000119
23.720553,-2.409999,-0.445001,-14.616250,-0.104000,-0.191375,0.035625,0.539353,-0.190484,0.092235,-3.141585,0.000005,-0.000112
23.724553,-2.410001,-0.445008,-14.616250,-0.104000,-0.191375,0.035625,0.539378,-0.190398,0.092234,-3.141585,0.000012,-0.000109
23.728553,-2.410001,-0.445007,-14.616250,-0.104000,-0.191375,0.035625,0.539406,-0.190311,0.092234,-3.141585,0.000011,-0.000095
23.732553,-2.410001,-0.445007,-14.616250,-0.104000,-0.191375,0.035625,0.539406,-0.190311,0.092234,-3.141585,0.000011,-0.000095
23.736553,-2.409999,-0.445002,-14.616250,-0.104000,-0.191375,0.035625,0.539459,-0.190140,0.092236,-3.141585,0.000006,-0.000076
23.740553,-2.369997,-0.484995,-14.766250,-0.103000,-0.187375,0.034625,0.539488,-0.190055,0.092237,-3.141586,0.000000,-0.000059
23.744589,-2.369996,-0.484995,-14.766250,-0.103000,-0.187375,0.034625,0.539512,-0.189974,0.092237,-3.141586,-0.000000,-0.000059
23.748595,-2.369996,-0.484995,-14.766250,-0.103000,-0.187375,0.034625,0.539512,-0.189974,0.092237,-3.141586,-0.000000,-0.000059
23.752591,-2.369999,-0.485001,-14.766250,-0.103000,-0.187375,0.034625,0.539588,-0.189725,0.092236,-3.141586,0.000005,-0.000043
23.756589,-2.369999,-0.485001,-14.766250,-0.103000,-0.187375,0.034625,0.539588,-0.189725,0.092236,-3.141586,0.000005,-0.000043
23.760589,-2.369999,-0.485000,-14.766250,-0.103000,-0.187375,0.034625,0.539613,-0.189645,0.092235,-3.141586,0.000005,-0.000043
23.764589,-2.369998,-0.485000,-14.766250,-0.103000,-0.187375,0.034625,0.539638,-0.189562,0.092235,-3.141586,0.000004,-0.000051
23.768595,-2.369999,-0.485001,-14.766250,-0.103000,-0.187375,0.034625,0.539665,-0.189479,0.092236,-3.141586,0.000005,-0.000059
23.772589,-2.369997,-0.484995,-14.766250,-0.103000,-0.187375,0.034625,0.539691,-0.189396,0.092238,-3.141586,0.000000,-0.000108
23.776589,-2.369996,-0.484995,-14.766250,-0.103000,-0.187375,0.034625,0.539716,-0.189315,0.092238,-3.141586,-0.000000,-0.000121
23.780590,-2.369997,-0.484996,-14.766250,-0.103000,-0.187375,0.034625,0.539743,-0.189233,0.092239,-3.141586,0.000001,-0.000089
23.784606,-2.259999,-0.565001,-14.936250,-0.102000,-0.185375,0.033625,0.539766,-0.189149,0.092237,-3.141585,0.000006,-0.000138
23.788590,-2.259999,-0.565002,-14.936251,-0.102000,-0.185375,0.033625,0.539800,-0.189045,0.092238,-3.141585,0.000006,-0.000099
23.792595,-2.259999,-0.565002,-14.936250,-0.102000,-0.185375,0.033625,0.539825,-0.188964,0.092237,-3.141585,0.000006,-0.000098
23.796559,-2.259999,-0.565001,-14.936250,-0.102000,-0.185375,0.033625,0.539850,-0.188881,0.092237,-3.141585,0.000006,-0.000093
23.800590,-2.260001,-0.565008,-14.936251,-0.102000,-0.185375,0.033625,0.539875,-0.188798,0.092236,-3.141585,0.000012,-0.000081
23.804589,-2.259999,-0.565002,-14.936250,-0.102000,-0.185375,0.033625,0.539903,-0.188715,0.092238,-3.141585,0.000006,-0.000076
23.808553,-2.259999,-0.565001,-14.936250,-0.102000,-0.185375,0.033625,0.539928,-0.188632,0.092238,-3.141586,0.000006,-0.000064
23.812553,-2.259999,-0.565001,-14.936250,-0.102000,-0.185375,0.033625,0.539953,-0.188549,0.092237,-3.141586,0.000005,-0.000052
23.816553,-2.259999,-0.565002,-14.936250,-0.102000,-0.185375,0.033625,0.539980,-0.188466,0.092238,-3.141585,0.000006,-0.000040
23.820554,-2.229999,-0.515001,-15.016250,-0.103000,-0.189375,0.033625,0.540005,-0.188383,0.092238,-3.141586,0.000006,-0.000035
23.824554,-2.229996,-0.514995,-15.016250,-0.103000,-0.189375,0.033625,0.540032,-0.188303,0.092239,-3.141586,-0.000000,-0.000028
23.828588,-2.229996,-0.514995,-15.016250,-0.103000,-0.189375,0.033625,0.540057,-0.188220,0.092239,-3.141586,-0.000001,-0.000030
23.832590,-2.229999,-0.515001,-15.016250,-0.103000,-0.189375,0.033625,0.540082,-0.188137,0.092238,-3.141586,0.000006,-0.000024
23.836590,-2.229995,-0.514990,-15.016250,-0.103000,-0.189375,0.033625,0.540110,-0.188054,0.092242,-3.141586,-0.000005,-0.000019
23.840591,-2.229995,-0.514990,-15.016250,-0.103000,-0.189375,0.033625,0.540110,-0.188054,0.092242,-3.141586,-0.000005,-0.000019
23.844591,-2.229997,-0.514997,-15.016250,-0.103000,-0.189375,0.033625,0.540158,-0.187893,0.092241,-3.141586,0.000001,-0.000025
23.848591,-2.229997,-0.514998,-15.016250,-0.103000,-0.189375,0.033625,0.540185,-0.187810,0.092242,-3.141586,0.000002,-0.000026
23.852590,-2.229997,-0.514997,-15.016250,-0.103000,-0.189375,0.033625,0.540209,-0.187729,0.092242,-3.141586,0.000002,-0.000033
23.856590,-2.229998,-0.514998,-15.016250,-0.103000,-0.189375,0.033625,0.540235,-0.187649,0.092243,-3.141586,0.000002,-0.000045
23.860590,-2.339997,-0.474997,-15.066249,-0.104000,-0.195375,0.033625,0.540260,-0.187566,0.092242,-3.141586,0.000002,-0.000047
23.864596,-2.339997,-0.474997,-15.066249,-0.104000,-0.195375,0.033625,0.540284,-0.187487,0.092242,-3.141586,0.000002,-0.000058
23.868590,-2.339997,-0.474997,-15.066249,-0.104000,-0.195375,0.033625,0.540309,-0.187404,0.092242,-3.141586,0.000001,-0.000053
23.872595,-2.340000,-0.475003,-15.066250,-0.104000,-0.195375,0.033625,0.540333,-0.187321,0.092241,-3.141585,0.000007,-0.000088
23.876590,-2.339997,-0.474997,-15.066249,-0.104000,-0.195375,0.033625,0.540360,-0.187241,0.092242,-3.141586,0.000002,-0.000047
23.880590,-2.339997,-0.474997,-15.066249,-0.104000,-0.195375,0.033625,0.540384,-0.187160,0.092242,-3.141586,0.000001,-0.000080
23.884591,-2.339998,-0.474998,-15.066249,-0.104000,-0.195375,0.033625,0.540415,-0.187058,0.092244,-3.141586,0.000003,-0.000039
23.888590,-2.339997,-0.474998,-15.066249,-0.104000,-0.195375,0.033625,0.540440,-0.186977,0.092244,-3.141586,0.000002,-0.000045
23.892567,-2.339998,-0.474999,-15.066250,-0.104000,-0.195375,0.033625,0.540466,-0.186894,0.092244,-3.141586,0.000003,-0.000040
23.896588,-2.339998,-0.474998,-15.066249,-0.104000,-0.195375,0.033625,0.540491,-0.186813,0.092244,-3.141586,0.000003,-0.000039
23.900594,-2.350001,-0.445005,-15.126250,-0.104000,-0.194375,0.033625,0.540514,-0.186733,0.092243,-3.141585,0.000009,-0.000039
23.904610,-2.349998,-0.444999,-15.126250,-0.104000,-0.194375,0.033625,0.540541,-0.186652,0.092245,-3.141586,0.000003,-0.000038
23.908590,-2.349998,-0.444998,-15.126250,-0.104000,-0.194375,0.033625,0.540566,-0.186569,0.092245,-3.141586,0.000003,-0.000026
23.912636,-2.349998,-0.444999,-15.126250,-0.104000,-0.194375,0.033625,0.540591,-0.186488,0.092245,-3.141586,0.000004,-0.000032
23.916590,-2.349998,-0.444999,-15.126250,-0.104000,-0.194375,0.033625,0.540616,-0.186405,0.092245,-3.141586,0.000003,-0.000034
23.920590,-2.349998,-0.445000,-15.126250,-0.104000,-0.194375,0.033625,0.540642,-0.186325,0.092246,-3.141586,0.000004,-0.000040
23.924588,-2.349998,-0.444999,-15.126250,-0.104000,-0.194375,0.033625,0.540666,-0.186244,0.092246,-3.141586,0.000004,-0.000039
23.928590,-2.349999,-0.445000,-15.126250,-0.104000,-0.194375,0.033625,0.540693,-0.186161,0.092247,-3.141586,0.000005,-0.000041
23.932590,-2.349998,-0.445000,-15.126250,-0.104000,-0.194375,0.033625,0.540718,-0.186078,0.092246,-3.141586,0.000004,-0.000043
23.936589,-2.399996,-0.474994,-15.186250,-0.104000,-0.195375,0.034625,0.540744,-0.185997,0.092248,-3.141586,-0.000002,-0.000049
23.940590,-2.439996,-0.494993,-15.216250,-0.105000,-0.196375,0.034625,0.540769,-0.185914,0.092248,-3.141586,-0.000002,-0.000050
23.944589,-2.439996,-0.494994,-15.216250,-0.105000,-0.196375,0.034625,0.540795,-0.185831,0.092248,-3.141586,-0.000001,-0.000052
23.948593,-2.439996,-0.494994,-15.216250,-0.105000,-0.196375,0.034625,0.540819,-0.185751,0.092248,-3.141586,-0.000002,-0.000051
23.952589,-2.439996,-0.494995,-15.216250,-0.105000,-0.196375,0.034625,0.540846,-0.185668,0.092249,-3.141586,-0.000001,-0.000053
23.956590,-2.439996,-0.494994,-15.216250,-0.105000,-0.196375,0.034625,0.540871,-0.185585,0.092249,-3.141586,-0.000001,-0.000054
23.960589,-2.439999,-0.495001,-15.216250,-0.105000,-0.196375,0.034625,0.540895,-0.185501,0.092248,-3.141586,0.000005,-0.000056
23.964562,-2.439999,-0.495001,-15.216250,-0.105000,-0.196375,0.034625,0.540895,-0.185501,0.092248,-3.141586,0.000005,-0.000056
23.968597,-2.439999,-0.495001,-15.216250,-0.105000,-0.196375,0.034625,0.540945,-0.185338,0.092248,-3.141586,0.000006,-0.000104
23.972552,-2.439999,-0.495001,-15.216250,-0.105000,-0.196375,0.034625,0.540977,-0.185235,0.092248,-3.141586,0.000005,-0.000070
23.976590,-2.440001,-0.495007,-15.216250,-0.105000,-0.196375,0.034625,0.540994,-0.185171,0.092247,-3.141585,0.000012,-0.000107
23.980589,-2.459999,-0.415001,-15.206250,-0.110000,-0.194375,0.034625,0.541021,-0.185088,0.092249,-3.141586,0.000006,-0.000109
23.984590,-2.459999,-0.415001,-15.206250,-0.110000,-0.194375,0.034625,0.541053,-0.184986,0.092249,-3.141586,0.000005,-0.000075
23.988589,-2.459999,-0.415002,-15.206250,-0.110000,-0.194375,0.034625,0.541079,-0.184903,0.092249,-3.141586,0.000006,-0.000083
23.992562,-2.459999,-0.415001,-15.206250,-0.110000,-0.194375,0.034625,0.541103,-0.184822,0.092249,-3.141586,0.000006,-0.000089
23.996589,-2.459999,-0.415002,-15.206250,-0.110000,-0.194375,0.034625,0.541130,-0.184739,0.092250,-3.141585,0.000007,-0.000091
24.000597,-2.459999,-0.415002,-15.206250,-0.110000,-0.194375,0.034625,0.541154,-0.184656,0.092250,-3.141586,0.000006,-0.000092
24.004565,-2.459999,-0.415001,-15.206250,-0.110000,-0.194375,0.034625,0.541179,-0.184572,0.092249,-3.141586,0.000006,-0.000087
24.008548,-2.459999,-0.415002,-15.206250,-0.110000,-0.194375,0.034625,0.541204,-0.184492,0.092250,-3.141585,0.000007,-0.000093
24.012596,-2.459997,-0.414996,-15.206250,-0.110000,-0.194375,0.034625,0.541231,-0.184409,0.092252,-3.141586,0.000001,-0.000088
24.016590,-2.420000,-0.435003,-15.256250,-0.109000,-0.193375,0.033625,0.541255,-0.184326,0.092251,-3.141585,0.000007,-0.000083
24.020594,-2.399999,-0.445002,-15.276250,-0.109000,-0.193375,0.033625,0.541280,-0.184242,0.092251,-3.141585,0.000007,-0.000078
24.024602,-2.400000,-0.445003,-15.276250,-0.109000,-0.193375,0.033625,0.541305,-0.184162,0.092251,-3.141585,0.000008,-0.000084
24.028590,-2.400002,-0.445010,-15.276250,-0.109000,-0.193375,0.033625,0.541329,-0.184078,0.092251,-3.141585,0.000014,-0.000079
24.032590,-2.400000,-0.445004,-15.276250,-0.109000,-0.193375,0.033625,0.541356,-0.183995,0.092252,-3.141585,0.000008,-0.000081
24.036592,-2.400000,-0.445003,-15.276250,-0.109000,-0.193375,0.033625,0.541389,-0.183888,0.092252,-3.141585,0.000008,-0.000078
24.040590,-2.400000,-0.445004,-15.276250,-0.109000,-0.193375,0.033625,0.541409,-0.183824,0.092253,-3.141585,0.000008,-0.000082
24.044590,-2.400000,-0.445004,-15.276250,-0.109000,-0.193375,0.033625,0.541409,-0.183824,0.092253,-3.141585,0.000008,-0.000082
24.048599,-2.400000,-0.445005,-15.276250,-0.109000,-0.193375,0.033625,0.541462,-0.183651,0.092253,-3.141585,0.000009,-0.000098
24.052589,-2.400001,-0.445006,-15.276250,-0.109000,-0.193375,0.033625,0.541489,-0.183565,0.092254,-3.141585,0.000010,-0.000102
24.056590,-2.400001,-0.445005,-15.276250,-0.109000,-0.193375,0.033625,0.541515,-0.183477,0.092254,-3.141585,0.000009,-0.000101
24.060588,-2.329998,-0.454999,-15.336250,-0.107000,-0.195375,0.033625,0.541544,-0.183389,0.092255,-3.141586,0.000004,-0.000148
24.064577,-2.330001,-0.455006,-15.336250,-0.107000,-0.195375,0.033625,0.541568,-0.183303,0.092254,-3.141585,0.000010,-0.000105
24.068597,-2.330000,-0.455005,-15.336250,-0.107000,-0.195375,0.033625,0.541594,-0.183218,0.092254,-3.141585,0.000009,-0.000149
24.072591,-2.330001,-0.455006,-15.336250,-0.107000,-0.195375,0.033625,0.541621,-0.183132,0.092255,-3.141585,0.000010,-0.000153
24.076590,-2.330001,-0.455006,-15.336250,-0.107000,-0.195375,0.033625,0.541621,-0.183132,0.092255,-3.141585,0.000010,-0.000153
24.080590,-2.329998,-0.455000,-15.336250,-0.107000,-0.195375,0.033625,0.541656,-0.183022,0.092256,-3.141586,0.000004,-0.000105
24.084591,-2.329999,-0.455001,-15.336250,-0.107000,-0.195375,0.033625,0.541683,-0.182937,0.092257,-3.141586,0.000005,-0.000102
24.088590,-2.330001,-0.455007,-15.336250,-0.107000,-0.195375,0.033625,0.541708,-0.182851,0.092256,-3.141585,0.000012,-0.000092
24.092591,-2.330002,-0.455008,-15.336250,-0.107000,-0.195375,0.033625,0.541761,-0.182677,0.092257,-3.141585,0.000012,-0.000075
24.096590,-2.330002,-0.455008,-15.336250,-0.107000,-0.195375,0.033625,0.541761,-0.182677,0.092257,-3.141585,0.000012,-0.000075
24.100592,-2.420000,-0.395003,-15.286250,-0.109000,-0.198375,0.034625,0.541815,-0.182506,0.092259,-3.141585,0.000007,-0.000063
24.104599,-2.420000,-0.395003,-15.286250,-0.109000,-0.198375,0.034625,0.541815,-0.182506,0.092259,-3.141585,0.000007,-0.000063
24.108560,-2.420000,-0.395003,-15.286250,-0.109000,-0.198375,0.034625,0.541867,-0.182335,0.092260,-3.141585,0.000008,-0.000050
24.112590,-2.420000,-0.395003,-15.286250,-0.109000,-0.198375,0.034625,0.541867,-0.182335,0.092260,-3.141585,0.000008,-0.000050
24.116589,-2.420000,-0.395004,-15.286250,-0.109000,-0.198375,0.034625,0.541919,-0.182163,0.092260,-3.141585,0.000008,-0.000058
24.120590,-2.420000,-0.395004,-15.286250,-0.109000,-0.198375,0.034625,0.541919,-0.182163,0.092260,-3.141585,0.000008,-0.000058
24.124595,-2.420000,-0.395005,-15.286250,-0.109000,-0.198375,0.034625,0.541947,-0.182075,0.092261,-3.141585,0.000009,-0.000064
24.128590,-2.420000,-0.395004,-15.286250,-0.109000,-0.198375,0.034625,0.541972,-0.181990,0.092261,-3.141585,0.000008,-0.000068
24.132589,-2.420001,-0.395005,-15.286250,-0.109000,-0.198375,0.034625,0.541998,-0.181904,0.092262,-3.141585,0.000009,-0.000071
24.136592,-2.419998,-0.394999,-15.286250,-0.109000,-0.198375,0.034625,0.542026,-0.181818,0.092263,-3.141586,0.000004,-0.000122
24.140590,-2.530001,-0.415006,-15.286250,-0.110000,-0.199375,0.036625,0.542058,-0.181708,0.092262,-3.141585,0.000010,-0.000088
24.144591,-2.530001,-0.415007,-15.286250,-0.110000,-0.199375,0.036625,0.542085,-0.181623,0.092263,-3.141585,0.000011,-0.000092
24.148590,-2.530001,-0.415006,-15.286250,-0.110000,-0.199375,0.036625,0.542111,-0.181534,0.092263,-3.141585,0.000010,-0.000091
24.152590,-2.530001,-0.415007,-15.286250,-0.110000,-0.199375,0.036625,0.542139,-0.181446,0.092264,-3.141585,0.000011,-0.000090
24.156591,-2.529999,-0.415001,-15.286250,-0.110000,-0.199375,0.036625,0.542166,-0.181361,0.092265,-3.141586,0.000005,-0.000088
24.160591,-2.529999,-0.415002,-15.286250,-0.110000,-0.199375,0.036625,0.542193,-0.181273,0.092266,-3.141586,0.000006,-0.000073
24.164555,-2.530002,-0.415008,-15.286250,-0.110000,-0.199375,0.036625,0.542218,-0.181184,0.092265,-3.141585,0.000012,-0.000059
24.168589,-2.530002,-0.415008,-15.286250,-0.110000,-0.199375,0.036625,0.542218,-0.181184,0.092265,-3.141585,0.000012,-0.000059
24.172590,-2.530002,-0.415008,-15.286250,-0.110000,-0.199375,0.036625,0.542272,-0.181013,0.092265,-3.141585,0.000012,-0.000033
24.176591,-2.529999,-0.415002,-15.286250,-0.110000,-0.199375,0.036625,0.542300,-0.180925,0.092266,-3.141586,0.000006,-0.000019
24.180590,-2.530000,-0.415003,-15.286250,-0.110000,-0.199375,0.036625,0.542327,-0.180839,0.092267,-3.141585,0.000007,-0.000016
24.184590,-2.480002,-0.445009,-15.276250,-0.108000,-0.194375,0.036625,0.542351,-0.180753,0.092266,-3.141585,0.000013,-0.000013
24.188590,-2.480000,-0.445003,-15.276250,-0.108000,-0.194375,0.036625,0.542379,-0.180665,0.092268,-3.141585,0.000008,-0.000006
24.192590,-2.480000,-0.445004,-15.276250,-0.108000,-0.194375,0.036625,0.542405,-0.180580,0.092269,-3.141585,0.000008,-0.000010
24.196594,-2.479998,-0.444998,-15.276250,-0.108000,-0.194375,0.036625,0.542433,-0.180492,0.092270,-3.141586,0.000003,-0.000009
24.200593,-2.479998,-0.444999,-15.276250,-0.108000,-0.194375,0.036625,0.542460,-0.180406,0.092271,-3.141586,0.000004,-0.000020
24.204590,-2.480001,-0.445006,-15.276250,-0.108000,-0.194375,0.036625,0.542485,-0.180318,0.092270,-3.141585,0.000010,-0.000026
24.208595,-2.480001,-0.445007,-15.276250,-0.108000,-0.194375,0.036625,0.542511,-0.180232,0.092271,-3.141585,0.000011,-0.000043
24.212534,-2.479999,-0.445000,-15.276250,-0.108000,-0.194375,0.036625,0.542539,-0.180144,0.092272,-3.141586,0.000005,-0.000049
24.216621,-2.480001,-0.445006,-15.276250,-0.108000,-0.194375,0.036625,0.542565,-0.180058,0.092270,-3.141585,0.000010,-0.000060
24.220626,-2.409999,-0.515001,-15.246250,-0.106000,-0.192375,0.037625,0.542591,-0.179970,0.092273,-3.141586,0.000005,-0.000113
24.224617,-2.409999,-0.515001,-15.246250,-0.106000,-0.192375,0.037625,0.542620,-0.179884,0.092273,-3.141586,0.000005,-0.000130
24.228610,-2.410002,-0.515008,-15.246250,-0.106000,-0.192375,0.037625,0.542645,-0.179796,0.092272,-3.141585,0.000012,-0.000130
24.232605,-2.410002,-0.515008,-15.246250,-0.106000,-0.192375,0.037625,0.542671,-0.179710,0.092273,-3.141585,0.000013,-0.000113
24.236606,-2.410000,-0.515002,-15.246250,-0.106000,-0.192375,0.037625,0.542697,-0.179627,0.092274,-3.141586,0.000007,-0.000108
24.240599,-2.410002,-0.515009,-15.246250,-0.106000,-0.192375,0.037625,0.542728,-0.179522,0.092273,-3.141585,0.000013,-0.000056
24.244596,-2.410000,-0.515004,-15.246250,-0.106000,-0.192375,0.037625,0.542755,-0.179441,0.092276,-3.141585,0.000008,-0.000035
24.248584,-2.410003,-0.515011,-15.246250,-0.106000,-0.192375,0.037625,0.542778,-0.179357,0.092275,-3.141585,0.000015,-0.000016
24.252592,-2.409998,-0.514999,-15.246250,-0.106000,-0.192375,0.037625,0.542806,-0.179277,0.092278,-3.141586,0.000004,-0.000002
24.256593,-2.410003,-0.515010,-15.246250,-0.106000,-0.192375,0.037625,0.542829,-0.179193,0.092275,-3.141585,0.000014,0.000010
24.260593,-2.350001,-0.415006,-15.106250,-0.108000,-0.191375,0.036625,0.542856,-0.179110,0.092277,-3.141585,0.000010,0.000015
24.264552,-2.350004,-0.415012,-15.106250,-0.108000,-0.191375,0.036625,0.542880,-0.179027,0.092276,-3.141585,0.000016,0.000013
24.268627,-2.350002,-0.415007,-15.106250,-0.108000,-0.191375,0.036625,0.542907,-0.178946,0.092279,-3.141585,0.000012,0.000007
24.272590,-2.350002,-0.415007,-15.106250,-0.108000,-0.191375,0.036625,0.542907,-0.178946,0.092279,-3.141585,0.000012,0.000007
24.276595,-2.350000,-0.415002,-15.106250,-0.108000,-0.191375,0.036625,0.542957,-0.178782,0.092281,-3.141586,0.000007,-0.000014
24.280590,-2.350002,-0.415008,-15.106250,-0.108000,-0.191375,0.036625,0.542982,-0.178698,0.092279,-3.141585,0.000012,-0.000029
24.284600,-2.350002,-0.415009,-15.106250,-0.108000,-0.191375,0.036625,0.543008,-0.178615,0.092280,-3.141585,0.000013,-0.000038
24.288589,-2.350003,-0.415010,-15.106250,-0.108000,-0.191375,0.036625,0.543033,-0.178532,0.092281,-3.141585,0.000014,-0.000053
24.292589,-2.350000,-0.415004,-15.106250,-0.108000,-0.191375,0.036625,0.543058,-0.178451,0.092282,-3.141585,0.000008,-0.000072
24.296590,-2.349998,-0.414999,-15.106249,-0.108000,-0.191375,0.036625,0.543087,-0.178365,0.092285,-3.141586,0.000003,-0.000083
24.300590,-2.330000,-0.415005,-15.066250,-0.106000,-0.194375,0.036625,0.543111,-0.178284,0.092283,-3.141585,0.000009,-0.000096
24.304590,-2.330001,-0.415006,-15.066250,-0.106000,-0.194375,0.036625,0.543136,-0.178201,0.092284,-3.141585,0.000010,-0.000104
24.308595,-2.329998,-0.415000,-15.066250,-0.106000,-0.194375,0.036625,0.543162,-0.178118,0.092285,-3.141586,0.000004,-0.000099
24.312589,-2.329999,-0.415000,-15.066250,-0.106000,-0.194375,0.036625,0.543188,-0.178034,0.092286,-3.141586,0.000005,-0.000127
24.316588,-2.330001,-0.415006,-15.066250,-0.106000,-0.194375,0.036625,0.543213,-0.177951,0.092285,-3.141585,0.000010,-0.000075
24.320619,-2.330001,-0.415007,-15.066250,-0.106000,-0.194375,0.036625,0.543238,-0.177868,0.092285,-3.141585,0.000011,-0.000097
24.324621,-2.330002,-0.415008,-15.066250,-0.106000,-0.194375,0.036625,0.543270,-0.177765,0.092286,-3.141585,0.000012,-0.000042
24.328615,-2.330000,-0.415003,-15.066250,-0.106000,-0.194375,0.036625,0.543297,-0.177681,0.092289,-3.141586,0.000008,-0.000030
24.332609,-2.330002,-0.415009,-15.066250,-0.106000,-0.194375,0.036625,0.543322,-0.177598,0.092287,-3.141585,0.000013,-0.000025
24.336608,-2.330000,-0.415003,-15.066250,-0.106000,-0.194375,0.036625,0.543348,-0.177515,0.092288,-3.141586,0.000007,-0.000027
24.340605,-2.309997,-0.424997,-14.966250,-0.104000,-0.191375,0.035625,0.543375,-0.177429,0.092290,-3.141586,0.000001,-0.000024
24.344598,-2.309997,-0.424998,-14.966250,-0.104000,-0.191375,0.035625,0.543400,-0.177346,0.092291,-3.141586,0.000002,-0.000032
24.348595,-2.310000,-0.425003,-14.966250,-0.104000,-0.191375,0.035625,0.543426,-0.177260,0.092289,-3.141586,0.000008,-0.000036
24.352536,-2.309998,-0.424999,-14.966250,-0.104000,-0.191375,0.035625,0.543454,-0.177174,0.092292,-3.141586,0.000003,-0.000047
24.356593,-2.309998,-0.424999,-14.966250,-0.104000,-0.191375,0.035625,0.543480,-0.177088,0.092292,-3.141586,0.000004,-0.000057
24.360537,-2.309999,-0.425000,-14.966250,-0.104000,-0.191375,0.035625,0.543505,-0.177005,0.092293,-3.141586,0.000005,-0.000073
24.364592,-2.309999,-0.425001,-14.966250,-0.104000,-0.191375,0.035625,0.543531,-0.176919,0.092294,-3.141586,0.000006,-0.000076
24.368581,-2.309996,-0.424994,-14.966250,-0.104000,-0.191375,0.035625,0.543560,-0.176833,0.092295,-3.141586,-0.000001,-0.000094
24.372590,-2.309996,-0.424994,-14.966250,-0.104000,-0.191375,0.035625,0.543560,-0.176833,0.092295,-3.141586,-0.000001,-0.000094
24.376590,-2.309997,-0.424996,-14.966250,-0.104000,-0.191375,0.035625,0.543611,-0.176661,0.092296,-3.141586,0.000001,-0.000108
24.380556,-2.409997,-0.394997,-14.856249,-0.105000,-0.191375,0.036625,0.543637,-0.176576,0.092297,-3.141586,0.000002,-0.000105
24.384592,-2.409997,-0.394997,-14.856249,-0.105000,-0.191375,0.036625,0.543637,-0.176576,0.092297,-3.141586,0.000002,-0.000105
24.388596,-2.409995,-0.394991,-14.856249,-0.105000,-0.191375,0.036625,0.543691,-0.176406,0.092299,-3.141586,-0.000004,-0.000097
24.392565,-2.409995,-0.394992,-14.856249,-0.105000,-0.191375,0.036625,0.543724,-0.176299,0.092299,-3.141586,-0.000003,-0.000087
24.396565,-2.409996,-0.394993,-14.856249,-0.105000,-0.191375,0.036625,0.543749,-0.176215,0.092300,-3.141586,-0.000002,-0.000082
24.400563,-2.409998,-0.394999,-14.856249,-0.105000,-0.191375,0.036625,0.543774,-0.176132,0.092298,-3.141586,0.000003,-0.000070
24.404562,-2.409998,-0.394999,-14.856249,-0.105000,-0.191375,0.036625,0.543774,-0.176132,0.092298,-3.141586,0.000003,-0.000070
24.408556,-2.409999,-0.395000,-14.856250,-0.105000,-0.191375,0.036625,0.543825,-0.175960,0.092300,-3.141586,0.000005,-0.000051
24.412593,-2.409999,-0.395000,-14.856250,-0.105000,-0.191375,0.036625,0.543853,-0.175874,0.092300,-3.141586,0.000005,-0.000042
24.416594,-2.479999,-0.365001,-14.786250,-0.108000,-0.191375,0.037625,0.543878,-0.175791,0.092301,-3.141586,0.000006,-0.000036
24.420594,-2.459996,-0.374995,-14.736249,-0.108000,-0.188375,0.037625,0.543904,-0.175705,0.092302,-3.141586,-0.000000,-0.000034
24.424591,-2.459996,-0.374995,-14.736249,-0.108000,-0.188375,0.037625,0.543904,-0.175705,0.092302,-3.141586,-0.000000,-0.000034
24.428593,-2.459999,-0.375001,-14.736250,-0.108000,-0.188375,0.037625,0.543929,-0.175621,0.092301,-3.141586,0.000005,-0.000042
24.432590,-2.459997,-0.374996,-14.736249,-0.108000,-0.188375,0.037625,0.543957,-0.175535,0.092303,-3.141586,0.000001,-0.000046
24.436591,-2.459997,-0.374997,-14.736250,-0.108000,-0.188375,0.037625,0.543983,-0.175450,0.092304,-3.141586,0.000002,-0.000050
24.440596,-2.459998,-0.374998,-14.736250,-0.108000,-0.188375,0.037625,0.544009,-0.175364,0.092305,-3.141586,0.000003,-0.000060
24.444590,-2.459995,-0.374991,-14.736249,-0.108000,-0.188375,0.037625,0.544037,-0.175278,0.092305,-3.141586,-0.000004,-0.000071
24.448598,-2.459995,-0.374992,-14.736249,-0.108000,-0.188375,0.037625,0.544063,-0.175192,0.092306,-3.141586,-0.000003,-0.000081
24.452595,-2.459997,-0.374998,-14.736250,-0.108000,-0.188375,0.037625,0.544088,-0.175106,0.092305,-3.141586,0.000002,-0.000092
24.456590,-2.459995,-0.374991,-14.736249,-0.108000,-0.188375,0.037625,0.544114,-0.175020,0.092306,-3.141586,-0.000004,-0.000089
24.460596,-2.459990,-0.374981,-14.736249,-0.108000,-0.188375,0.037625,0.544144,-0.174934,0.092310,-3.141587,-0.000014,-0.000093
24.464610,-2.319995,-0.434992,-14.766250,-0.106000,-0.183375,0.036625,0.544167,-0.174848,0.092307,-3.141586,-0.000003,-0.000083
24.468546,-2.319993,-0.434988,-14.766250,-0.106000,-0.183375,0.036625,0.544195,-0.174762,0.092309,-3.141586,-0.000007,-0.000074
24.472589,-2.319993,-0.434988,-14.766250,-0.106000,-0.183375,0.036625,0.544223,-0.174677,0.092309,-3.141586,-0.000007,-0.000071
24.476590,-2.319996,-0.434994,-14.766250,-0.106000,-0.183375,0.036625,0.544246,-0.174591,0.092308,-3.141586,-0.000001,-0.000061
24.480589,-2.319996,-0.434994,-14.766250,-0.106000,-0.183375,0.036625,0.544274,-0.174505,0.092308,-3.141586,-0.000001,-0.000092
24.484593,-2.319996,-0.434995,-14.766250,-0.106000,-0.183375,0.036625,0.544306,-0.174399,0.092309,-3.141586,-0.000000,-0.000046
24.488591,-2.319996,-0.434995,-14.766250,-0.106000,-0.183375,0.036625,0.544333,-0.174313,0.092309,-3.141586,-0.000000,-0.000036
24.492569,-2.319997,-0.434996,-14.766250,-0.106000,-0.183375,0.036625,0.544359,-0.174227,0.092310,-3.141586,0.000001,-0.000034
24.496590,-2.319997,-0.434996,-14.766250,-0.106000,-0.183375,0.036625,0.544386,-0.174141,0.092310,-3.141586,0.000001,-0.000031
24.500589,-2.239994,-0.484990,-14.796250,-0.104000,-0.184375,0.035625,0.544412,-0.174055,0.092311,-3.141586,-0.000005,-0.000028
24.504589,-2.239994,-0.484990,-14.796250,-0.104000,-0.184375,0.035625,0.544440,-0.173970,0.092311,-3.141586,-0.000005,-0.000032
24.508589,-2.239995,-0.484991,-14.796250,-0.104000,-0.184375,0.035625,0.544465,-0.173884,0.092312,-3.141586,-0.000004,-0.000029
24.512590,-2.239997,-0.484997,-14.796250,-0.104000,-0.184375,0.035625,0.544490,-0.173798,0.092311,-3.141586,0.000001,-0.000033
24.516589,-2.239995,-0.484992,-14.796250,-0.104000,-0.184375,0.035625,0.544518,-0.173712,0.092313,-3.141586,-0.000003,-0.000036
24.520587,-2.239997,-0.484998,-14.796250,-0.104000,-0.184375,0.035625,0.544543,-0.173626,0.092311,-3.141586,0.000002,-0.000040
24.524594,-2.239995,-0.484993,-14.796250,-0.104000,-0.184375,0.035625,0.544570,-0.173542,0.092314,-3.141586,-0.000002,-0.000055
24.528589,-2.239995,-0.484991,-14.796250,-0.104000,-0.184375,0.035625,0.544596,-0.173456,0.092313,-3.141586,-0.000004,-0.000052
24.532589,-2.239995,-0.484992,-14.796250,-0.104000,-0.184375,0.035625,0.544621,-0.173370,0.092314,-3.141586,-0.000003,-0.000090
24.536605,-2.239995,-0.484992,-14.796250,-0.104000,-0.184375,0.035625,0.544648,-0.173287,0.092314,-3.141586,-0.000003,-0.000092
24.540600,-2.289993,-0.414988,-14.766250,-0.105000,-0.189375,0.035625,0.544675,-0.173203,0.092316,-3.141586,-0.000007,-0.000093
24.544588,-2.289996,-0.414993,-14.766250,-0.105000,-0.189375,0.035625,0.544705,-0.173100,0.092314,-3.141586,-0.000002,-0.000052
24.548625,-2.289994,-0.414989,-14.766250,-0.105000,-0.189375,0.035625,0.544731,-0.173019,0.092317,-3.141586,-0.000006,-0.000045
24.552627,-2.289996,-0.414994,-14.766250,-0.105000,-0.189375,0.035625,0.544755,-0.172935,0.092315,-3.141586,-0.000001,-0.000040
24.556625,-2.289994,-0.414990,-14.766250,-0.105000,-0.189375,0.035625,0.544781,-0.172854,0.092318,-3.141586,-0.000006,-0.000032
24.560617,-2.289996,-0.414995,-14.766250,-0.105000,-0.189375,0.035625,0.544806,-0.172771,0.092316,-3.141586,-0.000000,-0.000027
24.564611,-2.289994,-0.414989,-14.766250,-0.105000,-0.189375,0.035625,0.544830,-0.172690,0.092318,-3.141586,-0.000006,-0.000033
24.568606,-2.289994,-0.414989,-14.766250,-0.105000,-0.189375,0.035625,0.544856,-0.172606,0.092318,-3.141586,-0.000006,-0.000035
24.572599,-2.289994,-0.414989,-14.766250,-0.105000,-0.189375,0.035625,0.544883,-0.172523,0.092318,-3.141586,-0.000006,-0.000030
24.576599,-2.289994,-0.414990,-14.766250,-0.105000,-0.189375,0.035625,0.544907,-0.172442,0.092318,-3.141586,-0.000005,-0.000036
24.580595,-2.289994,-0.414990,-14.766250,-0.105000,-0.189375,0.035625,0.544907,-0.172442,0.092318,-3.141586,-0.000005,-0.000036
24.584556,-2.369995,-0.394991,-14.806250,-0.107000,-0.190375,0.035625,0.544957,-0.172277,0.092319,-3.141586,-0.000004,-0.000037
24.588594,-2.369995,-0.394991,-14.806250,-0.107000,-0.190375,0.035625,0.544983,-0.172193,0.092319,-3.141586,-0.000004,-0.000045
24.592594,-2.369997,-0.394997,-14.806250,-0.107000,-0.190375,0.035625,0.545007,-0.172110,0.092317,-3.141586,0.000001,-0.000047
24.596592,-2.369995,-0.394992,-14.806250,-0.107000,-0.190375,0.035625,0.545033,-0.172029,0.092320,-3.141586,-0.000003,-0.000053
24.600584,-2.369998,-0.394998,-14.806250,-0.107000,-0.190375,0.035625,0.545057,-0.171945,0.092318,-3.141586,0.000002,-0.000054
24.604600,-2.369996,-0.394993,-14.806250,-0.107000,-0.190375,0.035625,0.545084,-0.171862,0.092321,-3.141586,-0.000002,-0.000056
24.608589,-2.369992,-0.394986,-14.806250,-0.107000,-0.190375,0.035625,0.545111,-0.171778,0.092321,-3.141586,-0.000009,-0.000058
24.612595,-2.369993,-0.394987,-14.806250,-0.107000,-0.190375,0.035625,0.545134,-0.171697,0.092322,-3.141586,-0.000008,-0.000057
24.616586,-2.329993,-0.444987,-14.876249,-0.105000,-0.188375,0.035625,0.545161,-0.171613,0.092322,-3.141586,-0.000008,-0.000059
24.620590,-2.329993,-0.444987,-14.876249,-0.105000,-0.188375,0.035625,0.545186,-0.171532,0.092322,-3.141586,-0.000008,-0.000058
24.624597,-2.299993,-0.474988,-14.906249,-0.104000,-0.186375,0.035625,0.545210,-0.171449,0.092323,-3.141586,-0.000007,-0.000060
24.628594,-2.299993,-0.474988,-14.906249,-0.104000,-0.186375,0.035625,0.545237,-0.171365,0.092323,-3.141586,-0.000007,-0.000061
24.632591,-2.299993,-0.474988,-14.906249,-0.104000,-0.186375,0.035625,0.545237,-0.171365,0.092323,-3.141586,-0.000007,-0.000061
24.636590,-2.299992,-0.474986,-14.906249,-0.104000,-0.186375,0.035625,0.545288,-0.171198,0.092322,-3.141586,-0.000009,-0.000071
24.640590,-2.299992,-0.474986,-14.906249,-0.104000,-0.186375,0.035625,0.545315,-0.171112,0.092322,-3.141586,-0.000009,-0.000109
24.644598,-2.299990,-0.474982,-14.906249,-0.104000,-0.186375,0.035625,0.545348,-0.171006,0.092324,-3.141586,-0.000013,-0.000070
24.648592,-2.299990,-0.474982,-14.906249,-0.104000,-0.186375,0.035625,0.545375,-0.170920,0.092324,-3.141586,-0.000013,-0.000074
24.652589,-2.299991,-0.474983,-14.906249,-0.104000,-0.186375,0.035625,0.545400,-0.170834,0.092325,-3.141586,-0.000012,-0.000078
24.656594,-2.299991,-0.474983,-14.906249,-0.104000,-0.186375,0.035625,0.545427,-0.170748,0.092325,-3.141586,-0.000012,-0.000075
24.660588,-2.369991,-0.504983,-14.916249,-0.105000,-0.188375,0.036625,0.545454,-0.170662,0.092325,-3.141586,-0.000012,-0.000078
24.664589,-2.369991,-0.504983,-14.916249,-0.105000,-0.188375,0.036625,0.545481,-0.170576,0.092325,-3.141586,-0.000012,-0.000082
24.668577,-2.369991,-0.504984,-14.916249,-0.105000,-0.188375,0.036625,0.545506,-0.170490,0.092326,-3.141586,-0.000011,-0.000079
24.672619,-2.369991,-0.504984,-14.916249,-0.105000,-0.188375,0.036625,0.545532,-0.170406,0.092326,-3.141586,-0.000011,-0.000088
24.676619,-2.369991,-0.504984,-14.916249,-0.105000,-0.188375,0.036625,0.545559,-0.170320,0.092326,-3.141586,-0.000011,-0.000085
24.680623,-2.369991,-0.504984,-14.916249,-0.105000,-0.188375,0.036625,0.545585,-0.170236,0.092326,-3.141586,-0.000011,-0.000080
24.684618,-2.369989,-0.504979,-14.916249,-0.105000,-0.188375,0.036625,0.545612,-0.170150,0.092329,-3.141587,-0.000016,-0.000077
24.688609,-2.369989,-0.504979,-14.916249,-0.105000,-0.188375,0.036625,0.545639,-0.170064,0.092329,-3.141587,-0.000016,-0.000067
24.692602,-2.369992,-0.504984,-14.916249,-0.105000,-0.188375,0.036625,0.545663,-0.169981,0.092327,-3.141586,-0.000011,-0.000069
24.696604,-2.359989,-0.454979,-14.926249,-0.108000,-0.186375,0.035625,0.545692,-0.169895,0.092329,-3.141587,-0.000016,-0.000066
24.700598,-2.359992,-0.454985,-14.926249,-0.108000,-0.186375,0.035625,0.545715,-0.169811,0.092327,-3.141586,-0.000011,-0.000068
24.704595,-2.359993,-0.454987,-14.926250,-0.108000,-0.186375,0.035625,0.545742,-0.169725,0.092329,-3.141586,-0.000008,-0.000071
24.708593,-2.359993,-0.454987,-14.926250,-0.108000,-0.186375,0.035625,0.545769,-0.169639,0.092329,-3.141586,-0.000008,-0.000082
24.712592,-2.359990,-0.454980,-14.926249,-0.108000,-0.186375,0.035625,0.545796,-0.169553,0.092329,-3.141586,-0.000015,-0.000086
24.716593,-2.359992,-0.454985,-14.926249,-0.108000,-0.186375,0.035625,0.545820,-0.169469,0.092328,-3.141586,-0.000010,-0.000094
24.720592,-2.359991,-0.454982,-14.926249,-0.108000,-0.186375,0.035625,0.545848,-0.169383,0.092331,-3.141586,-0.000013,-0.000105
24.724589,-2.359993,-0.454988,-14.926250,-0.108000,-0.186375,0.035625,0.545873,-0.169297,0.092330,-3.141586,-0.000007,-0.000109
24.728599,-2.359993,-0.454988,-14.926250,-0.108000,-0.186375,0.035625,0.545873,-0.169297,0.092330,-3.141586,-0.000007,-0.000109
24.732588,-2.359993,-0.454988,-14.926250,-0.108000,-0.186375,0.035625,0.545926,-0.169127,0.092330,-3.141586,-0.000007,-0.000114
24.736564,-2.359993,-0.454988,-14.926250,-0.108000,-0.186375,0.035625,0.545952,-0.169041,0.092330,-3.141586,-0.000007,-0.000111
24.740563,-2.289991,-0.614983,-15.056249,-0.101000,-0.188375,0.036625,0.545980,-0.168952,0.092332,-3.141586,-0.000012,-0.000104
24.744592,-2.289991,-0.614983,-15.056249,-0.101000,-0.188375,0.036625,0.545980,-0.168952,0.092332,-3.141586,-0.000012,-0.000104
24.748593,-2.289991,-0.614983,-15.056249,-0.101000,-0.188375,0.036625,0.546033,-0.168780,0.092332,-3.141586,-0.000012,-0.000125
24.752557,-2.289989,-0.614978,-15.056249,-0.101000,-0.188375,0.036625,0.546061,-0.168691,0.092334,-3.141586,-0.000016,-0.000117
24.756562,-2.289989,-0.614978,-15.056249,-0.101000,-0.188375,0.036625,0.546094,-0.168583,0.092334,-3.141586,-0.000016,-0.000067
24.760589,-2.289989,-0.614978,-15.056249,-0.101000,-0.188375,0.036625,0.546121,-0.168497,0.092334,-3.141586,-0.000016,-0.000064
24.764576,-2.289989,-0.614978,-15.056249,-0.101000,-0.188375,0.036625,0.546121,-0.168497,0.092334,-3.141586,-0.000016,-0.000064
24.768566,-2.289991,-0.614984,-15.056250,-0.101000,-0.188375,0.036625,0.546173,-0.168322,0.092333,-3.141586,-0.000011,-0.000047
24.772589,-2.289991,-0.614984,-15.056250,-0.101000,-0.188375,0.036625,0.546173,-0.168322,0.092333,-3.141586,-0.000011,-0.000047
24.776562,-2.289989,-0.614978,-15.056249,-0.101000,-0.188375,0.036625,0.546201,-0.168236,0.092334,-3.141586,-0.000016,-0.000051
24.780590,-2.289989,-0.604978,-15.076249,-0.101000,-0.189375,0.036625,0.546228,-0.168150,0.092334,-3.141586,-0.000016,-0.000055
24.784597,-2.299989,-0.544979,-15.046249,-0.102000,-0.190375,0.035625,0.546254,-0.168063,0.092334,-3.141586,-0.000016,-0.000059
24.788589,-2.299989,-0.544979,-15.046249,-0.102000,-0.190375,0.035625,0.546254,-0.168063,0.092334,-3.141586,-0.000016,-0.000059
24.792595,-2.299991,-0.544984,-15.046249,-0.102000,-0.190375,0.035625,0.546305,-0.167891,0.092333,-3.141586,-0.000011,-0.000073
24.796590,-2.299989,-0.544979,-15.046249,-0.102000,-0.190375,0.035625,0.546335,-0.167802,0.092334,-3.141586,-0.000016,-0.000073
24.800565,-2.299990,-0.544981,-15.046249,-0.102000,-0.190375,0.035625,0.546387,-0.167630,0.092336,-3.141586,-0.000014,-0.000087
24.804590,-2.299990,-0.544981,-15.046249,-0.102000,-0.190375,0.035625,0.546387,-0.167630,0.092336,-3.141586,-0.000014,-0.000087
24.808589,-2.299990,-0.544981,-15.046249,-0.102000,-0.190375,0.035625,0.546414,-0.167544,0.092336,-3.141586,-0.000014,-0.000091
24.812565,-2.299990,-0.544981,-15.046249,-0.102000,-0.190375,0.035625,0.546467,-0.167369,0.092336,-3.141586,-0.000014,-0.000094
24.816594,-2.359988,-0.494975,-14.986248,-0.104000,-0.189375,0.034625,0.546496,-0.167283,0.092338,-3.141587,-0.000020,-0.000091
24.820590,-2.359988,-0.494975,-14.986248,-0.104000,-0.189375,0.034625,0.546496,-0.167283,0.092338,-3.141587,-0.000020,-0.000091
24.824596,-2.359991,-0.494983,-14.986249,-0.104000,-0.189375,0.034625,0.546547,-0.167108,0.092338,-3.141586,-0.000012,-0.000067
24.828596,-2.359991,-0.494983,-14.986249,-0.104000,-0.189375,0.034625,0.546547,-0.167108,0.092338,-3.141586,-0.000012,-0.000067
24.832600,-2.359991,-0.494983,-14.986249,-0.104000,-0.189375,0.034625,0.546573,-0.167022,0.092338,-3.141586,-0.000012,-0.000051
24.836589,-2.359991,-0.494983,-14.986249,-0.104000,-0.189375,0.034625,0.546599,-0.166938,0.092338,-3.141586,-0.000012,-0.000039
24.840591,-2.359991,-0.494983,-14.986249,-0.104000,-0.189375,0.034625,0.546650,-0.166770,0.092338,-3.141586,-0.000012,-0.000002
24.844589,-2.359991,-0.494983,-14.986249,-0.104000,-0.189375,0.034625,0.546650,-0.166770,0.092338,-3.141586,-0.000012,-0.000002
24.848553,-2.359991,-0.494983,-14.986249,-0.104000,-0.189375,0.034625,0.546675,-0.166689,0.092338,-3.141586,-0.000012,0.000005
24.852589,-2.359986,-0.494973,-14.986248,-0.104000,-0.189375,0.034625,0.546702,-0.166608,0.092342,-3.141587,-0.000022,0.000006
24.856590,-2.359986,-0.494973,-14.986248,-0.104000,-0.189375,0.034625,0.546734,-0.166504,0.092342,-3.141587,-0.000022,0.000007
24.860588,-2.359986,-0.494973,-14.986248,-0.104000,-0.189375,0.034625,0.546752,-0.166443,0.092342,-3.141587,-0.000022,0.000005
24.864590,-2.429986,-0.474973,-14.986248,-0.106000,-0.191375,0.035625,0.546777,-0.166361,0.092342,-3.141587,-0.000022,-0.000008
24.868587,-2.449990,-0.474980,-14.996249,-0.107000,-0.190375,0.035625,0.546802,-0.166277,0.092342,-3.141586,-0.000015,-0.000016
24.872589,-2.449992,-0.474985,-14.996249,-0.107000,-0.190375,0.035625,0.546824,-0.166196,0.092340,-3.141586,-0.000010,-0.000076
24.876594,-2.449990,-0.474980,-14.996249,-0.107000,-0.190375,0.035625,0.546852,-0.166112,0.092342,-3.141586,-0.000015,-0.000085
24.880590,-2.449990,-0.474980,-14.996249,-0.107000,-0.190375,0.035625,0.546884,-0.166009,0.092342,-3.141586,-0.000015,-0.000057
24.884589,-2.449991,-0.474982,-14.996249,-0.107000,-0.190375,0.035625,0.546909,-0.165925,0.092344,-3.141586,-0.000013,-0.000065
24.888589,-2.449991,-0.474982,-14.996249,-0.107000,-0.190375,0.035625,0.546934,-0.165841,0.092344,-3.141586,-0.000013,-0.000080
24.892590,-2.449990,-0.474981,-14.996249,-0.107000,-0.190375,0.035625,0.546961,-0.165760,0.092343,-3.141586,-0.000014,-0.000086
24.896589,-2.449988,-0.474977,-14.996249,-0.107000,-0.190375,0.035625,0.546986,-0.165676,0.092345,-3.141586,-0.000018,-0.000081
24.900591,-2.449988,-0.474977,-14.996249,-0.107000,-0.190375,0.035625,0.547012,-0.165592,0.092345,-3.141586,-0.000018,-0.000069
24.904590,-2.389991,-0.484983,-14.986249,-0.106000,-0.186375,0.034625,0.547036,-0.165511,0.092345,-3.141586,-0.000012,-0.000062
24.908589,-2.389991,-0.484983,-14.986249,-0.106000,-0.186375,0.034625,0.547061,-0.165427,0.092345,-3.141586,-0.000012,-0.000044
24.912589,-2.389989,-0.484978,-14.986249,-0.106000,-0.186375,0.034625,0.547088,-0.165346,0.092346,-3.141586,-0.000017,-0.000029
24.916589,-2.389989,-0.484978,-14.986249,-0.106000,-0.186375,0.034625,0.547113,-0.165262,0.092346,-3.141586,-0.000017,-0.000004
24.920590,-2.389989,-0.484978,-14.986249,-0.106000,-0.186375,0.034625,0.547139,-0.165178,0.092346,-3.141586,-0.000017,0.000014
24.924590,-2.389992,-0.484985,-14.986249,-0.106000,-0.186375,0.034625,0.547163,-0.165097,0.092346,-3.141586,-0.000010,0.000015
24.928589,-2.389989,-0.484979,-14.986249,-0.106000,-0.186375,0.034625,0.547190,-0.165013,0.092347,-3.141586,-0.000016,0.000027
24.932590,-2.389992,-0.484985,-14.986249,-0.106000,-0.186375,0.034625,0.547213,-0.164931,0.092346,-3.141586,-0.000010,0.000021
24.936589,-2.389989,-0.484979,-14.986249,-0.106000,-0.186375,0.034625,0.547240,-0.164847,0.092347,-3.141586,-0.000016,0.000019
24.940595,-2.309992,-0.484986,-14.996249,-0.107000,-0.185375,0.033625,0.547264,-0.164766,0.092347,-3.141586,-0.000009,0.000006
24.944588,-2.309990,-0.484981,-14.996249,-0.107000,-0.185375,0.033625,0.547291,-0.164685,0.092348,-3.141586,-0.000014,-0.000007
24.948590,-2.309990,-0.484981,-14.996249,-0.107000,-0.185375,0.033625,0.547315,-0.164603,0.092348,-3.141586,-0.000014,-0.000019
24.952590,-2.309993,-0.484988,-14.996249,-0.107000,-0.185375,0.033625,0.547339,-0.164522,0.092348,-3.141586,-0.000008,-0.000032
24.956590,-2.309990,-0.484982,-14.996249,-0.107000,-0.185375,0.033625,0.547366,-0.164440,0.092349,-3.141586,-0.000013,-0.000052
24.960592,-2.309994,-0.484989,-14.996249,-0.107000,-0.185375,0.033625,0.547390,-0.164359,0.092349,-3.141586,-0.000006,-0.000065
24.964590,-2.309994,-0.484989,-14.996249,-0.107000,-0.185375,0.033625,0.547414,-0.164278,0.092349,-3.141586,-0.000006,-0.000078
24.968588,-2.309994,-0.484989,-14.996249,-0.107000,-0.185375,0.033625,0.547439,-0.164194,0.092349,-3.141586,-0.000006,-0.000086
24.972589,-2.309994,-0.484990,-14.996249,-0.107000,-0.185375,0.033625,0.547465,-0.164112,0.092350,-3.141586,-0.000005,-0.000099
24.976589,-2.309992,-0.484985,-14.996249,-0.107000,-0.185375,0.033625,0.547492,-0.164031,0.092351,-3.141586,-0.000010,-0.000098
24.980589,-2.259992,-0.454985,-14.986249,-0.107000,-0.186375,0.032625,0.547516,-0.163950,0.092351,-3.141586,-0.000010,-0.000091
24.984591,-2.259995,-0.454992,-14.986249,-0.107000,-0.186375,0.032625,0.547540,-0.163868,0.092351,-3.141586,-0.000003,-0.000083
24.988590,-2.259995,-0.454992,-14.986249,-0.107000,-0.186375,0.032625,0.547565,-0.163784,0.092351,-3.141586,-0.000003,-0.000065
24.992590,-2.259992,-0.454986,-14.986249,-0.107000,-0.186375,0.032625,0.547592,-0.163703,0.092352,-3.141586,-0.000009,-0.000051
24.996589,-2.259992,-0.454986,-14.986249,-0.107000,-0.186375,0.032625,0.547616,-0.163621,0.092352,-3.141586,-0.000009,-0.000037
25.000590,-2.259993,-0.454988,-14.986249,-0.107000,-0.186375,0.032625,0.547642,-0.163540,0.092353,-3.141586,-0.000008,-0.000023
25.004590,-2.259993,-0.454988,-14.986249,-0.107000,-0.186375,0.032625,0.547666,-0.163458,0.092353,-3.141586,-0.000008,-0.000015
25.008590,-2.259994,-0.454989,-14.986249,-0.107000,-0.186375,0.032625,0.547692,-0.163377,0.092354,-3.141586,-0.000006,-0.000048
25.012590,-2.259994,-0.454989,-14.986249,-0.107000,-0.186375,0.032625,0.547723,-0.163276,0.092354,-3.141586,-0.000006,-0.000012
25.016591,-2.259994,-0.454990,-14.986249,-0.107000,-0.186375,0.032625,0.547748,-0.163194,0.092356,-3.141586,-0.000005,-0.000018
25.020589,-2.329994,-0.374990,-14.946249,-0.109000,-0.192375,0.032625,0.547773,-0.163113,0.092356,-3.141586,-0.000005,-0.000031
25.024589,-2.329992,-0.374985,-14.946249,-0.109000,-0.192375,0.032625,0.547799,-0.163031,0.092357,-3.141586,-0.000010,-0.000037
25.028589,-2.329995,-0.374992,-14.946249,-0.109000,-0.192375,0.032625,0.547823,-0.162950,0.092357,-3.141586,-0.000004,-0.000050
25.032589,-2.329992,-0.374986,-14.946249,-0.109000,-0.192375,0.032625,0.547850,-0.162866,0.092358,-3.141586,-0.000009,-0.000058
25.036591,-2.329992,-0.374986,-14.946249,-0.109000,-0.192375,0.032625,0.547874,-0.162785,0.092358,-3.141586,-0.000009,-0.000078
25.040589,-2.329993,-0.374988,-14.946249,-0.109000,-0.192375,0.032625,0.547900,-0.162703,0.092359,-3.141586,-0.000008,-0.000097
25.044558,-2.329993,-0.374988,-14.946249,-0.109000,-0.192375,0.032625,0.547925,-0.162619,0.092359,-3.141586,-0.000008,-0.000105
25.048547,-2.329993,-0.374989,-14.946249,-0.109000,-0.192375,0.032625,0.547952,-0.162535,0.092360,-3.141586,-0.000006,-0.000114
25.052589,-2.329993,-0.374988,-14.946249,-0.109000,-0.192375,0.032625,0.547979,-0.162451,0.092359,-3.141586,-0.000007,-0.000115
25.056598,-2.339994,-0.364989,-14.946249,-0.109000,-0.192375,0.032625,0.548011,-0.162348,0.092361,-3.141586,-0.000006,-0.000115
25.060589,-2.339994,-0.364989,-14.946249,-0.109000,-0.192375,0.032625,0.548011,-0.162348,0.092361,-3.141586,-0.000006,-0.000115
25.064591,-2.399995,-0.364992,-14.916250,-0.108000,-0.193375,0.033625,0.548054,-0.162202,0.092362,-3.141586,-0.000004,-0.000098
25.068587,-2.399998,-0.364998,-14.916250,-0.108000,-0.193375,0.033625,0.548080,-0.162118,0.092361,-3.141586,0.000002,-0.000079
25.072588,-2.399995,-0.364992,-14.916250,-0.108000,-0.193375,0.033625,0.548107,-0.162034,0.092363,-3.141586,-0.000003,-0.000067
25.076589,-2.399998,-0.364999,-14.916250,-0.108000,-0.193375,0.033625,0.548130,-0.161952,0.092362,-3.141586,0.000004,-0.000060
25.080590,-2.399999,-0.365000,-14.916250,-0.108000,-0.193375,0.033625,0.548157,-0.161868,0.092363,-3.141586,0.000005,-0.000041
25.084589,-2.399996,-0.364995,-14.916250,-0.108000,-0.193375,0.033625,0.548183,-0.161787,0.092365,-3.141586,-0.000001,-0.000034
25.088590,-2.399997,-0.364996,-14.916250,-0.108000,-0.193375,0.033625,0.548210,-0.161703,0.092366,-3.141586,0.000001,-0.000022
25.092589,-2.399997,-0.364996,-14.916250,-0.108000,-0.193375,0.033625,0.548210,-0.161703,0.092366,-3.141586,0.000001,-0.000022
25.096589,-2.399998,-0.364998,-14.916250,-0.108000,-0.193375,0.033625,0.548260,-0.161537,0.092367,-3.141586,0.000002,-0.000023
25.100589,-2.469998,-0.404998,-14.866250,-0.107000,-0.190375,0.034625,0.548285,-0.161453,0.092367,-3.141586,0.000002,-0.000025
25.104589,-2.469995,-0.404992,-14.866249,-0.107000,-0.190375,0.034625,0.548312,-0.161369,0.092368,-3.141586,-0.000003,-0.000033
25.108590,-2.469996,-0.404993,-14.866249,-0.107000,-0.190375,0.034625,0.548338,-0.161285,0.092369,-3.141586,-0.000002,-0.000035
25.112589,-2.469993,-0.404988,-14.866249,-0.107000,-0.190375,0.034625,0.548365,-0.161204,0.092371,-3.141586,-0.000007,-0.000054
25.116595,-2.469998,-0.404999,-14.866250,-0.107000,-0.190375,0.034625,0.548388,-0.161120,0.092368,-3.141586,0.000004,-0.000063
25.120589,-2.469994,-0.404989,-14.866249,-0.107000,-0.190375,0.034625,0.548416,-0.161036,0.092372,-3.141586,-0.000006,-0.000078
25.124587,-2.469994,-0.404991,-14.866249,-0.107000,-0.190375,0.034625,0.548442,-0.160952,0.092373,-3.141586,-0.000005,-0.000079
25.128589,-2.469995,-0.404992,-14.866249,-0.107000,-0.190375,0.034625,0.548467,-0.160870,0.092374,-3.141586,-0.000003,-0.000086
25.132590,-2.469997,-0.404997,-14.866250,-0.107000,-0.190375,0.034625,0.548493,-0.160784,0.092372,-3.141586,0.000001,-0.000116
25.136592,-2.489998,-0.414998,-14.836250,-0.108000,-0.190375,0.035625,0.548525,-0.160680,0.092373,-3.141586,0.000003,-0.000075
25.140589,-2.459993,-0.394988,-14.806250,-0.110000,-0.188375,0.035625,0.548553,-0.160591,0.092377,-3.141586,-0.000007,-0.000068
25.144572,-2.459994,-0.394989,-14.806250,-0.110000,-0.188375,0.035625,0.548580,-0.160504,0.092378,-3.141586,-0.000006,-0.000058
25.148558,-2.459996,-0.394994,-14.806250,-0.110000,-0.188375,0.035625,0.548605,-0.160418,0.092375,-3.141586,-0.000002,-0.000049
25.152548,-2.459993,-0.394988,-14.806250,-0.110000,-0.188375,0.035625,0.548633,-0.160331,0.092377,-3.141586,-0.000007,-0.000046
25.156569,-2.459994,-0.394990,-14.806250,-0.110000,-0.188375,0.035625,0.548660,-0.160245,0.092378,-3.141586,-0.000006,-0.000036
25.160577,-2.459991,-0.394984,-14.806250,-0.110000,-0.188375,0.035625,0.548687,-0.160158,0.092380,-3.141586,-0.000011,-0.000033
25.164576,-2.459995,-0.394991,-14.806250,-0.110000,-0.188375,0.035625,0.548713,-0.160069,0.092379,-3.141586,-0.000004,-0.000026
25.168567,-2.459989,-0.394980,-14.806249,-0.110000,-0.188375,0.035625,0.548742,-0.159985,0.092383,-3.141586,-0.000015,-0.000027
25.172589,-2.459989,-0.394980,-14.806249,-0.110000,-0.188375,0.035625,0.548768,-0.159896,0.092383,-3.141586,-0.000015,-0.000020
25.176589,-2.319990,-0.464981,-14.736249,-0.107000,-0.184375,0.035625,0.548794,-0.159810,0.092384,-3.141586,-0.000014,-0.000017
25.180570,-2.319987,-0.464976,-14.736248,-0.107000,-0.184375,0.035625,0.548822,-0.159723,0.092385,-3.141586,-0.000019,-0.000021
25.184598,-2.319987,-0.464976,-14.736248,-0.107000,-0.184375,0.035625,0.548846,-0.159639,0.092385,-3.141586,-0.000019,-0.000029
25.188590,-2.319987,-0.464976,-14.736248,-0.107000,-0.184375,0.035625,0.548846,-0.159639,0.092385,-3.141586,-0.000019,-0.000029
25.192590,-2.319990,-0.464982,-14.736249,-0.107000,-0.184375,0.035625,0.548873,-0.159552,0.092384,-3.141586,-0.000013,-0.000033
25.196588,-2.319988,-0.464978,-14.736249,-0.107000,-0.184375,0.035625,0.548927,-0.159379,0.092387,-3.141586,-0.000017,-0.000047
25.200591,-2.319985,-0.464972,-14.736248,-0.107000,-0.184375,0.035625,0.548955,-0.159293,0.092388,-3.141586,-0.000023,-0.000051
25.204592,-2.319988,-0.464978,-14.736249,-0.107000,-0.184375,0.035625,0.548981,-0.159206,0.092387,-3.141586,-0.000017,-0.000048
25.208589,-2.319984,-0.464968,-14.736248,-0.107000,-0.184375,0.035625,0.549009,-0.159120,0.092391,-3.141586,-0.000027,-0.000052
25.212589,-2.319986,-0.464974,-14.736248,-0.107000,-0.184375,0.035625,0.549035,-0.159033,0.092389,-3.141586,-0.000021,-0.000049
25.216595,-2.239984,-0.454968,-14.636249,-0.105000,-0.184375,0.035625,0.549063,-0.158946,0.092391,-3.141586,-0.000026,-0.000046
25.220589,-2.239984,-0.444970,-14.616248,-0.105000,-0.184375,0.035625,0.549089,-0.158860,0.092392,-3.141586,-0.000025,-0.000037
25.224589,-2.239987,-0.444974,-14.616249,-0.105000,-0.184375,0.035625,0.549114,-0.158773,0.092390,-3.141586,-0.000020,-0.000034
25.228590,-2.239984,-0.444969,-14.616248,-0.105000,-0.184375,0.035625,0.549141,-0.158687,0.092391,-3.141586,-0.000026,-0.000031
25.232597,-2.239987,-0.444975,-14.616249,-0.105000,-0.184375,0.035625,0.549168,-0.158600,0.092390,-3.141586,-0.000020,-0.000035
25.236561,-2.239982,-0.444965,-14.616248,-0.105000,-0.184375,0.035625,0.549195,-0.158513,0.092394,-3.141586,-0.000030,-0.000032
25.240560,-2.239982,-0.444965,-14.616248,-0.105000,-0.184375,0.035625,0.549195,-0.158513,0.092394,-3.141586,-0.000030,-0.000032
25.244556,-2.239982,-0.444965,-14.616248,-0.105000,-0.184375,0.035625,0.549249,-0.158340,0.092394,-3.141586,-0.000030,-0.000026
25.248555,-2.239982,-0.444965,-14.616248,-0.105000,-0.184375,0.035625,0.549249,-0.158340,0.092394,-3.141586,-0.000030,-0.000026
25.252550,-2.239983,-0.444967,-14.616248,-0.105000,-0.184375,0.035625,0.549282,-0.158231,0.092395,-3.141586,-0.000028,-0.000030
25.256552,-2.239983,-0.444967,-14.616248,-0.105000,-0.184375,0.035625,0.549282,-0.158231,0.092395,-3.141586,-0.000028,-0.000030
25.260558,-2.239980,-0.374961,-14.436249,-0.105000,-0.183375,0.034625,0.549356,-0.157994,0.092397,-3.141586,-0.000033,-0.000035
25.264552,-2.239983,-0.374967,-14.436249,-0.105000,-0.183375,0.034625,0.549382,-0.157907,0.092396,-3.141586,-0.000027,-0.000045
25.268578,-2.239983,-0.374967,-14.436249,-0.105000,-0.183375,0.034625,0.549382,-0.157907,0.092396,-3.141586,-0.000027,-0.000045
25.272572,-2.239981,-0.374963,-14.436249,-0.105000,-0.183375,0.034625,0.549437,-0.157731,0.092398,-3.141586,-0.000031,-0.000082
25.276590,-2.239981,-0.374962,-14.436249,-0.105000,-0.183375,0.034625,0.549469,-0.157625,0.092398,-3.141586,-0.000032,-0.000057
25.280597,-2.239981,-0.374962,-14.436249,-0.105000,-0.183375,0.034625,0.549494,-0.157538,0.092398,-3.141586,-0.000032,-0.000054
25.284589,-2.239984,-0.374968,-14.436249,-0.105000,-0.183375,0.034625,0.549521,-0.157449,0.092396,-3.141586,-0.000026,-0.000046
25.288592,-2.239981,-0.374963,-14.436249,-0.105000,-0.183375,0.034625,0.549548,-0.157362,0.092398,-3.141586,-0.000032,-0.000050
25.292590,-2.239981,-0.374963,-14.436249,-0.105000,-0.183375,0.034625,0.549548,-0.157362,0.092398,-3.141586,-0.000032,-0.000050
25.296595,-2.239981,-0.374963,-14.436249,-0.105000,-0.183375,0.034625,0.549601,-0.157189,0.092398,-3.141586,-0.000031,-0.000051
25.300589,-2.319984,-0.364969,-14.356248,-0.105000,-0.182375,0.034625,0.549628,-0.157102,0.092397,-3.141586,-0.000026,-0.000055
25.304587,-2.319981,-0.364964,-14.356248,-0.105000,-0.182375,0.034625,0.549655,-0.157016,0.092398,-3.141586,-0.000031,-0.000059
25.308599,-2.319981,-0.364963,-14.356248,-0.105000,-0.182375,0.034625,0.549681,-0.156929,0.092398,-3.141586,-0.000032,-0.000063
25.312595,-2.319981,-0.364963,-14.356248,-0.105000,-0.182375,0.034625,0.549681,-0.156929,0.092398,-3.141586,-0.000032,-0.000063
25.316596,-2.319982,-0.364964,-14.356248,-0.105000,-0.182375,0.034625,0.549708,-0.156842,0.092399,-3.141586,-0.000030,-0.000067
25.320589,-2.319982,-0.364965,-14.356248,-0.105000,-0.182375,0.034625,0.549761,-0.156669,0.092399,-3.141586,-0.000030,-0.000074
25.324590,-2.319982,-0.364965,-14.356248,-0.105000,-0.182375,0.034625,0.549761,-0.156669,0.092399,-3.141586,-0.000030,-0.000074
25.328590,-2.319979,-0.364960,-14.356248,-0.105000,-0.182375,0.034625,0.549816,-0.156495,0.092401,-3.141586,-0.000035,-0.000082
25.332591,-2.319979,-0.364960,-14.356248,-0.105000,-0.182375,0.034625,0.549841,-0.156409,0.092398,-3.141586,-0.000030,-0.000086
25.336589,-2.319980,-0.364960,-14.356248,-0.105000,-0.182375,0.034625,0.549869,-0.156322,0.092401,-3.141586,-0.000035,-0.000090
25.340596,-2.319980,-0.364960,-14.356248,-0.105000,-0.182375,0.034625,0.549869,-0.156322,0.092401,-3.141586,-0.000035,-0.000090
25.344594,-2.299979,-0.394959,-14.366248,-0.104000,-0.180375,0.035625,0.549896,-0.156235,0.092400,-3.141586,-0.000035,-0.000087
25.348623,-2.299979,-0.394960,-14.366248,-0.104000,-0.180375,0.035625,0.549948,-0.156064,0.092400,-3.141586,-0.000035,-0.000085
25.352589,-2.299979,-0.394960,-14.366248,-0.104000,-0.180375,0.035625,0.549948,-0.156064,0.092400,-3.141586,-0.000035,-0.000085
25.356558,-2.299979,-0.394959,-14.366248,-0.104000,-0.180375,0.035625,0.549974,-0.155977,0.092400,-3.141586,-0.000036,-0.000076
25.360548,-2.299982,-0.394965,-14.366248,-0.104000,-0.180375,0.035625,0.550000,-0.155893,0.092398,-3.141586,-0.000030,-0.000077
25.364576,-2.299979,-0.394959,-14.366248,-0.104000,-0.180375,0.035625,0.550027,-0.155806,0.092400,-3.141586,-0.000035,-0.000068
25.368569,-2.299982,-0.394965,-14.366248,-0.104000,-0.180375,0.035625,0.550052,-0.155720,0.092398,-3.141586,-0.000030,-0.000065
25.372566,-2.299979,-0.394959,-14.366248,-0.104000,-0.180375,0.035625,0.550081,-0.155635,0.092399,-3.141586,-0.000036,-0.000067
25.376546,-2.299982,-0.394965,-14.366248,-0.104000,-0.180375,0.035625,0.550106,-0.155549,0.092398,-3.141586,-0.000030,-0.000070
25.380571,-2.299985,-0.394971,-14.366248,-0.104000,-0.180375,0.035625,0.550132,-0.155462,0.092396,-3.141586,-0.000024,-0.000081
25.384571,-2.279984,-0.464970,-14.496248,-0.104000,-0.181375,0.036625,0.550159,-0.155375,0.092395,-3.141586,-0.000025,-0.000085
25.388570,-2.279981,-0.464963,-14.496248,-0.104000,-0.181375,0.036625,0.550188,-0.155288,0.092396,-3.141586,-0.000031,-0.000129
25.392589,-2.279984,-0.464969,-14.496248,-0.104000,-0.181375,0.036625,0.550213,-0.155204,0.092395,-3.141586,-0.000026,-0.000144
25.396590,-2.279984,-0.464969,-14.496248,-0.104000,-0.181375,0.036625,0.550213,-0.155204,0.092395,-3.141586,-0.000026,-0.000144
25.400589,-2.279984,-0.464970,-14.496248,-0.104000,-0.181375,0.036625,0.550271,-0.155011,0.092395,-3.141586,-0.000025,-0.000109
25.404589,-2.279984,-0.464969,-14.496248,-0.104000,-0.181375,0.036625,0.550297,-0.154924,0.092394,-3.141586,-0.000026,-0.000106
25.408592,-2.279987,-0.464975,-14.496249,-0.104000,-0.181375,0.036625,0.550323,-0.154837,0.092393,-3.141586,-0.000020,-0.000103
25.412589,-2.279983,-0.464968,-14.496248,-0.104000,-0.181375,0.036625,0.550352,-0.154750,0.092394,-3.141586,-0.000026,-0.000100
25.416589,-2.279989,-0.464980,-14.496249,-0.104000,-0.181375,0.036625,0.550374,-0.154666,0.092391,-3.141586,-0.000015,-0.000095
25.420587,-2.249986,-0.464973,-14.656248,-0.105000,-0.181375,0.036625,0.550403,-0.154579,0.092391,-3.141586,-0.000022,-0.000086
25.424587,-2.249989,-0.464979,-14.656249,-0.105000,-0.181375,0.036625,0.550429,-0.154492,0.092390,-3.141586,-0.000016,-0.000076
25.428589,-2.249986,-0.464974,-14.656248,-0.105000,-0.181375,0.036625,0.550455,-0.154405,0.092392,-3.141586,-0.000021,-0.000060
25.432592,-2.249983,-0.464967,-14.656248,-0.105000,-0.181375,0.036625,0.550483,-0.154321,0.092393,-3.141586,-0.000027,-0.000054
25.436590,-2.249986,-0.464973,-14.656248,-0.105000,-0.181375,0.036625,0.550508,-0.154237,0.092391,-3.141586,-0.000022,-0.000049
25.440590,-2.249985,-0.464973,-14.656248,-0.105000,-0.181375,0.036625,0.550533,-0.154155,0.092390,-3.141586,-0.000022,-0.000042
25.444590,-2.249988,-0.464978,-14.656249,-0.105000,-0.181375,0.036625,0.550557,-0.154073,0.092389,-3.141586,-0.000017,-0.000041
25.448589,-2.249991,-0.464984,-14.656249,-0.105000,-0.181375,0.036625,0.550582,-0.153991,0.092387,-3.141586,-0.000011,-0.000041
25.452589,-2.249991,-0.464984,-14.656249,-0.105000,-0.181375,0.036625,0.550607,-0.153909,0.092387,-3.141586,-0.000012,-0.000047
25.456589,-2.249991,-0.464984,-14.656249,-0.105000,-0.181375,0.036625,0.550633,-0.153827,0.092387,-3.141586,-0.000011,-0.000053
25.460559,-2.269988,-0.514979,-14.926249,-0.104000,-0.188375,0.036625,0.550658,-0.153745,0.092388,-3.141586,-0.000017,-0.000100
25.464548,-2.269989,-0.514979,-14.926249,-0.104000,-0.188375,0.036625,0.550685,-0.153664,0.092389,-3.141586,-0.000016,-0.000072
25.468593,-2.269988,-0.514978,-14.926249,-0.104000,-0.188375,0.036625,0.550710,-0.153582,0.092388,-3.141586,-0.000017,-0.000071
25.472557,-2.269991,-0.514984,-14.926249,-0.104000,-0.188375,0.036625,0.550734,-0.153497,0.092386,-3.141586,-0.000011,-0.000080
25.476589,-2.269991,-0.514983,-14.926249,-0.104000,-0.188375,0.036625,0.550758,-0.153418,0.092386,-3.141586,-0.000012,-0.000090
25.480589,-2.269993,-0.514989,-14.926250,-0.104000,-0.188375,0.036625,0.550783,-0.153333,0.092384,-3.141586,-0.000006,-0.000085
25.484590,-2.269990,-0.514983,-14.926249,-0.104000,-0.188375,0.036625,0.550810,-0.153252,0.092385,-3.141586,-0.000013,-0.000091
25.488593,-2.269991,-0.514984,-14.926249,-0.104000,-0.188375,0.036625,0.550835,-0.153170,0.092386,-3.141586,-0.000011,-0.000091
25.492590,-2.269991,-0.514983,-14.926249,-0.104000,-0.188375,0.036625,0.550860,-0.153085,0.092385,-3.141586,-0.000012,-0.000086
25.496588,-2.269993,-0.514989,-14.926250,-0.104000,-0.188375,0.036625,0.550884,-0.153003,0.092384,-3.141586,-0.000006,-0.000078
25.500589,-2.269994,-0.484989,-15.146249,-0.105000,-0.189375,0.036625,0.550911,-0.152921,0.092384,-3.141586,-0.000006,-0.000064
25.504589,-2.269993,-0.484989,-15.146249,-0.105000,-0.189375,0.036625,0.550935,-0.152839,0.092383,-3.141586,-0.000007,-0.000050
25.508590,-2.269994,-0.484990,-15.146249,-0.105000,-0.189375,0.036625,0.550960,-0.152755,0.092384,-3.141586,-0.000005,-0.000025
25.512589,-2.269997,-0.484996,-15.146249,-0.105000,-0.189375,0.036625,0.550984,-0.152673,0.092383,-3.141586,0.000000,-0.000011
25.516589,-2.269994,-0.484989,-15.146249,-0.105000,-0.189375,0.036625,0.551011,-0.152591,0.092384,-3.141586,-0.000006,0.000003
25.520592,-2.269994,-0.484990,-15.146249,-0.105000,-0.189375,0.036625,0.551038,-0.152507,0.092384,-3.141586,-0.000005,-0.000025
25.524589,-2.269994,-0.484991,-15.146249,-0.105000,-0.189375,0.036625,0.551062,-0.152427,0.092385,-3.141586,-0.000004,-0.000022
25.528589,-2.269994,-0.484990,-15.146249,-0.105000,-0.189375,0.036625,0.551093,-0.152323,0.092384,-3.141586,-0.000005,0.000012
25.532589,-2.269994,-0.484991,-15.146249,-0.105000,-0.189375,0.036625,0.551119,-0.152241,0.092384,-3.141586,-0.000004,0.000006
25.536589,-2.269994,-0.484990,-15.146249,-0.105000,-0.189375,0.036625,0.551144,-0.152159,0.092384,-3.141586,-0.000005,-0.000000
25.540589,-2.439997,-0.444996,-15.296250,-0.108000,-0.194375,0.037625,0.551168,-0.152077,0.092382,-3.141586,0.000000,-0.000006
25.544589,-2.439991,-0.444985,-15.296249,-0.108000,-0.194375,0.037625,0.551195,-0.151995,0.092385,-3.141586,-0.000010,-0.000019
25.548589,-2.439994,-0.444991,-15.296250,-0.108000,-0.194375,0.037625,0.551219,-0.151913,0.092384,-3.141586,-0.000004,-0.000032
25.552590,-2.439995,-0.444991,-15.296250,-0.108000,-0.194375,0.037625,0.551246,-0.151829,0.092384,-3.141586,-0.000004,-0.000040
25.556588,-2.439989,-0.444980,-15.296249,-0.108000,-0.194375,0.037625,0.551273,-0.151747,0.092388,-3.141586,-0.000015,-0.000053
25.560589,-2.439992,-0.444986,-15.296249,-0.108000,-0.194375,0.037625,0.551297,-0.151662,0.092386,-3.141586,-0.000009,-0.000068
25.564559,-2.439995,-0.444992,-15.296250,-0.108000,-0.194375,0.037625,0.551321,-0.151580,0.092385,-3.141586,-0.000003,-0.000081
25.568549,-2.439995,-0.444993,-15.296250,-0.108000,-0.194375,0.037625,0.551348,-0.151496,0.092385,-3.141586,-0.000003,-0.000076
25.572589,-2.439993,-0.444988,-15.296250,-0.108000,-0.194375,0.037625,0.551375,-0.151414,0.092388,-3.141586,-0.000007,-0.000069
25.576590,-2.439996,-0.444994,-15.296250,-0.108000,-0.194375,0.037625,0.551398,-0.151332,0.092386,-3.141586,-0.000001,-0.000055
25.580604,-2.539999,-0.415000,-15.416250,-0.113000,-0.198375,0.038625,0.551422,-0.151250,0.092385,-3.141586,0.000005,-0.000041
25.584592,-2.539996,-0.414994,-15.416250,-0.113000,-0.198375,0.038625,0.551450,-0.151165,0.092386,-3.141586,-0.000001,-0.000022
25.588589,-2.539994,-0.414990,-15.416249,-0.113000,-0.198375,0.038625,0.551476,-0.151083,0.092388,-3.141586,-0.000005,-0.000008
25.592590,-2.539993,-0.414989,-15.416249,-0.113000,-0.198375,0.038625,0.551500,-0.151001,0.092388,-3.141586,-0.000006,0.000006
25.596590,-2.539994,-0.414989,-15.416249,-0.113000,-0.198375,0.038625,0.551527,-0.150919,0.092388,-3.141586,-0.000006,0.000014
25.600589,-2.539996,-0.414995,-15.416250,-0.113000,-0.198375,0.038625,0.551550,-0.150837,0.092386,-3.141586,-0.000000,0.000021
25.604589,-2.539997,-0.414996,-15.416250,-0.113000,-0.198375,0.038625,0.551577,-0.150753,0.092387,-3.141586,0.000000,0.000026
25.608589,-2.539994,-0.414990,-15.416249,-0.113000,-0.198375,0.038625,0.551602,-0.150670,0.092388,-3.141586,-0.000005,0.000020
25.612589,-2.539994,-0.414991,-15.416249,-0.113000,-0.198375,0.038625,0.551628,-0.150588,0.092388,-3.141586,-0.000005,0.000014
25.616591,-2.539994,-0.414991,-15.416250,-0.113000,-0.198375,0.038625,0.551654,-0.150506,0.092389,-3.141586,-0.000004,0.000001
25.620590,-2.459995,-0.494992,-15.496249,-0.110000,-0.196375,0.037625,0.551680,-0.150422,0.092389,-3.141586,-0.000004,-0.000007
25.624589,-2.459998,-0.494998,-15.496250,-0.110000,-0.196375,0.037625,0.551704,-0.150340,0.092387,-3.141586,0.000002,-0.000027
25.628589,-2.459994,-0.494991,-15.496249,-0.110000,-0.196375,0.037625,0.551731,-0.150258,0.092388,-3.141586,-0.000004,-0.000040
25.632594,-2.459995,-0.494992,-15.496250,-0.110000,-0.196375,0.037625,0.551755,-0.150173,0.092389,-3.141586,-0.000003,-0.000055
25.636589,-2.459995,-0.494993,-15.496250,-0.110000,-0.196375,0.037625,0.551782,-0.150089,0.092390,-3.141586,-0.000002,-0.000070
25.640589,-2.459996,-0.494993,-15.496250,-0.110000,-0.196375,0.037625,0.551809,-0.150004,0.092390,-3.141586,-0.000002,-0.000078
25.644589,-2.459996,-0.494994,-15.496250,-0.110000,-0.196375,0.037625,0.551836,-0.149917,0.092390,-3.141586,-0.000001,-0.000089
25.648589,-2.459999,-0.495000,-15.496250,-0.110000,-0.196375,0.037625,0.551861,-0.149830,0.092389,-3.141586,0.000004,-0.000126
25.652589,-2.459999,-0.495000,-15.496250,-0.110000,-0.196375,0.037625,0.551894,-0.149721,0.092389,-3.141586,0.000005,-0.000083
25.656593,-2.459999,-0.495001,-15.496250,-0.110000,-0.196375,0.037625,0.551921,-0.149636,0.092389,-3.141586,0.000005,-0.000078
25.660591,-2.339994,-0.554990,-15.536249,-0.107000,-0.193375,0.037625,0.551949,-0.149549,0.092392,-3.141586,-0.000006,-0.000061
25.664595,-2.339997,-0.554996,-15.536250,-0.107000,-0.193375,0.037625,0.551974,-0.149462,0.092391,-3.141586,0.000000,-0.000052
25.668553,-2.339997,-0.554996,-15.536250,-0.107000,-0.193375,0.037625,0.552000,-0.149377,0.092391,-3.141586,0.000001,-0.000047
25.672552,-2.339997,-0.554997,-15.536250,-0.107000,-0.193375,0.037625,0.552027,-0.149290,0.092391,-3.141586,0.000001,-0.000037
25.676568,-2.339997,-0.554997,-15.536250,-0.107000,-0.193375,0.037625,0.552055,-0.149203,0.092392,-3.141586,0.000002,-0.000034
25.680591,-2.339994,-0.554991,-15.536249,-0.107000,-0.193375,0.037625,0.552082,-0.149116,0.092392,-3.141586,-0.000005,-0.000031
25.684590,-2.339994,-0.554991,-15.536249,-0.107000,-0.193375,0.037625,0.552109,-0.149031,0.092393,-3.141586,-0.000004,-0.000033
25.688595,-2.339998,-0.554999,-15.536250,-0.107000,-0.193375,0.037625,0.552133,-0.148947,0.092393,-3.141586,0.000004,-0.000041
25.692589,-2.339996,-0.554994,-15.536250,-0.107000,-0.193375,0.037625,0.552162,-0.148860,0.092395,-3.141586,-0.000001,-0.000045
25.696590,-2.359996,-0.474995,-15.526249,-0.109000,-0.196375,0.036625,0.552188,-0.148775,0.092395,-3.141586,-0.000001,-0.000060
25.700590,-2.359996,-0.474995,-15.526249,-0.109000,-0.196375,0.036625,0.552188,-0.148775,0.092395,-3.141586,-0.000001,-0.000060
25.704590,-2.359997,-0.474995,-15.526249,-0.109000,-0.196375,0.036625,0.552215,-0.148688,0.092395,-3.141586,-0.000000,-0.000071
25.708593,-2.359994,-0.474990,-15.526249,-0.109000,-0.196375,0.036625,0.552268,-0.148516,0.092397,-3.141586,-0.000005,-0.000096
25.712589,-2.359994,-0.474991,-15.526249,-0.109000,-0.196375,0.036625,0.552294,-0.148431,0.092398,-3.141586,-0.000005,-0.000112
25.716590,-2.359994,-0.474991,-15.526249,-0.109000,-0.196375,0.036625,0.552321,-0.148344,0.092398,-3.141586,-0.000004,-0.000115
25.720590,-2.359997,-0.474997,-15.526249,-0.109000,-0.196375,0.036625,0.552346,-0.148257,0.092396,-3.141586,0.000002,-0.000119
25.724590,-2.359998,-0.474997,-15.526249,-0.109000,-0.196375,0.036625,0.552372,-0.148172,0.092397,-3.141586,0.000002,-0.000121
25.728591,-2.359996,-0.474993,-15.526249,-0.109000,-0.196375,0.036625,0.552399,-0.148085,0.092399,-3.141586,-0.000002,-0.000118
25.732589,-2.359996,-0.474994,-15.526249,-0.109000,-0.196375,0.036625,0.552426,-0.147998,0.092399,-3.141586,-0.000002,-0.000102
25.736591,-2.359996,-0.474994,-15.526249,-0.109000,-0.196375,0.036625,0.552453,-0.147911,0.092400,-3.141586,-0.000001,-0.000092
25.740590,-2.469996,-0.404995,-15.496250,-0.112000,-0.199375,0.036625,0.552480,-0.147824,0.092400,-3.141586,-0.000001,-0.000082
25.744592,-2.469996,-0.404995,-15.496250,-0.112000,-0.199375,0.036625,0.552506,-0.147739,0.092400,-3.141586,-0.000000,-0.000077
25.748596,-2.469994,-0.404991,-15.496249,-0.112000,-0.199375,0.036625,0.552534,-0.147652,0.092403,-3.141586,-0.000004,-0.000068
25.752590,-2.469995,-0.404991,-15.496249,-0.112000,-0.199375,0.036625,0.552560,-0.147565,0.092403,-3.141586,-0.000004,-0.000058
25.756590,-2.469998,-0.404997,-15.496250,-0.112000,-0.199375,0.036625,0.552585,-0.147478,0.092402,-3.141586,0.000002,-0.000055
25.760589,-2.469998,-0.404998,-15.496250,-0.112000,-0.199375,0.036625,0.552612,-0.147390,0.092402,-3.141586,0.000002,-0.000052
25.764596,-2.469998,-0.404998,-15.496250,-0.112000,-0.199375,0.036625,0.552639,-0.147303,0.092402,-3.141586,0.000003,-0.000049
25.768594,-2.469996,-0.404994,-15.496250,-0.112000,-0.199375,0.036625,0.552666,-0.147216,0.092405,-3.141586,-0.000001,-0.000053
25.772558,-2.469996,-0.404994,-15.496250,-0.112000,-0.199375,0.036625,0.552666,-0.147216,0.092405,-3.141586,-0.000001,-0.000053
25.776600,-2.469996,-0.404995,-15.496250,-0.112000,-0.199375,0.036625,0.552693,-0.147129,0.092405,-3.141586,-0.000001,-0.000097
25.780593,-2.489996,-0.394995,-15.446249,-0.112000,-0.197375,0.036625,0.552725,-0.147022,0.092405,-3.141586,-0.000000,-0.000072
25.784592,-2.479997,-0.414996,-15.436250,-0.111000,-0.196375,0.036625,0.552778,-0.146847,0.092406,-3.141586,0.000000,-0.000086
25.788590,-2.479997,-0.414996,-15.436250,-0.111000,-0.196375,0.036625,0.552778,-0.146847,0.092406,-3.141586,0.000000,-0.000086
25.792590,-2.479997,-0.414997,-15.436250,-0.111000,-0.196375,0.036625,0.552832,-0.146673,0.092406,-3.141586,0.000001,-0.000101
25.796591,-2.479997,-0.414997,-15.436250,-0.111000,-0.196375,0.036625,0.552832,-0.146673,0.092406,-3.141586,0.000001,-0.000101
25.800589,-2.479994,-0.414990,-15.436250,-0.111000,-0.196375,0.036625,0.552859,-0.146586,0.092407,-3.141586,-0.000005,-0.000098
25.804590,-2.479994,-0.414991,-15.436250,-0.111000,-0.196375,0.036625,0.552886,-0.146498,0.092407,-3.141586,-0.000004,-0.000088
25.808590,-2.479994,-0.414991,-15.436250,-0.111000,-0.196375,0.036625,0.552886,-0.146498,0.092407,-3.141586,-0.000004,-0.000088
25.812590,-2.479996,-0.414994,-15.436250,-0.111000,-0.196375,0.036625,0.552939,-0.146324,0.092410,-3.141586,-0.000001,-0.000076
25.816589,-2.479996,-0.414995,-15.436250,-0.111000,-0.196375,0.036625,0.552992,-0.146149,0.092410,-3.141586,-0.000001,-0.000056
25.820587,-2.479996,-0.414995,-15.436250,-0.111000,-0.196375,0.036625,0.552992,-0.146149,0.092410,-3.141586,-0.000001,-0.000056
25.824562,-2.480000,-0.485003,-15.436251,-0.109000,-0.196375,0.036625,0.553044,-0.145977,0.092410,-3.141586,0.000007,-0.000048
25.828590,-2.480000,-0.485003,-15.436251,-0.109000,-0.196375,0.036625,0.553044,-0.145977,0.092410,-3.141586,0.000007,-0.000048
25.832594,-2.480001,-0.485003,-15.436251,-0.109000,-0.196375,0.036625,0.553097,-0.145805,0.092410,-3.141586,0.000008,-0.000040
25.836596,-2.479995,-0.484993,-15.436250,-0.109000,-0.196375,0.036625,0.553123,-0.145723,0.092414,-3.141586,-0.000003,-0.000040
25.840589,-2.479995,-0.484993,-15.436250,-0.109000,-0.196375,0.036625,0.553149,-0.145638,0.092414,-3.141586,-0.000002,-0.000035
25.844589,-2.479995,-0.484993,-15.436250,-0.109000,-0.196375,0.036625,0.553149,-0.145638,0.092414,-3.141586,-0.000002,-0.000035
25.848590,-2.479996,-0.484993,-15.436250,-0.109000,-0.196375,0.036625,0.553174,-0.145558,0.092414,-3.141586,-0.000002,-0.000039
25.852589,-2.479996,-0.484994,-15.436250,-0.109000,-0.196375,0.036625,0.553199,-0.145476,0.092414,-3.141586,-0.000001,-0.000038
25.856597,-2.409996,-0.434995,-15.386250,-0.112000,-0.193375,0.034625,0.553250,-0.145311,0.092415,-3.141586,-0.000001,-0.000050
25.860609,-2.409996,-0.434995,-15.386250,-0.112000,-0.193375,0.034625,0.553250,-0.145311,0.092415,-3.141586,-0.000001,-0.000050
25.864589,-2.390000,-0.435002,-15.376250,-0.111000,-0.193375,0.034625,0.553274,-0.145229,0.092414,-3.141586,0.000007,-0.000090
25.868554,-2.390000,-0.435003,-15.376250,-0.111000,-0.193375,0.034625,0.553324,-0.145064,0.092415,-3.141586,0.000007,-0.000062
25.872593,-2.390000,-0.435003,-15.376250,-0.111000,-0.193375,0.034625,0.553324,-0.145064,0.092415,-3.141586,0.000007,-0.000062
25.876590,-2.390001,-0.435003,-15.376250,-0.111000,-0.193375,0.034625,0.553350,-0.144980,0.092415,-3.141586,0.000008,-0.000057
25.880595,-2.390001,-0.435004,-15.376250,-0.111000,-0.193375,0.034625,0.553375,-0.144897,0.092415,-3.141586,0.000008,-0.000056
25.884589,-2.390001,-0.435004,-15.376250,-0.111000,-0.193375,0.034625,0.553401,-0.144815,0.092415,-3.141586,0.000009,-0.000055
25.888595,-2.390001,-0.435005,-15.376250,-0.111000,-0.193375,0.034625,0.553426,-0.144732,0.092416,-3.141586,0.000009,-0.000055
25.892595,-2.389997,-0.434996,-15.376250,-0.111000,-0.193375,0.034625,0.553479,-0.144568,0.092420,-3.141586,0.000000,-0.000047
25.896589,-2.389997,-0.434996,-15.376250,-0.111000,-0.193375,0.034625,0.553479,-0.144568,0.092420,-3.141586,0.000000,-0.000047
25.900589,-2.389997,-0.434996,-15.376250,-0.111000,-0.193375,0.034625,0.553504,-0.144483,0.092421,-3.141586,0.000001,-0.000042
25.904589,-2.360001,-0.485003,-15.356250,-0.108000,-0.195375,0.034625,0.553529,-0.144401,0.092420,-3.141586,0.000008,-0.000041
25.908589,-2.359998,-0.484998,-15.356249,-0.108000,-0.195375,0.034625,0.553556,-0.144318,0.092422,-3.141586,0.000003,-0.000034
25.912590,-2.359995,-0.484992,-15.356249,-0.108000,-0.195375,0.034625,0.553582,-0.144236,0.092423,-3.141586,-0.000003,-0.000033
25.916590,-2.359995,-0.484992,-15.356249,-0.108000,-0.195375,0.034625,0.553607,-0.144153,0.092423,-3.141586,-0.000003,-0.000039
25.920593,-2.359996,-0.484994,-15.356249,-0.108000,-0.195375,0.034625,0.553639,-0.144049,0.092424,-3.141586,-0.000001,-0.000032
25.924589,-2.359996,-0.484995,-15.356249,-0.108000,-0.195375,0.034625,0.553659,-0.143989,0.092425,-3.141586,-0.000001,-0.000072
25.928589,-2.359996,-0.484995,-15.356249,-0.108000,-0.195375,0.034625,0.553684,-0.143904,0.092425,-3.141586,-0.000000,-0.000073
25.932589,-2.359997,-0.484995,-15.356249,-0.108000,-0.195375,0.034625,0.553714,-0.143801,0.092425,-3.141586,0.000000,-0.000037
25.936589,-2.359997,-0.484996,-15.356249,-0.108000,-0.195375,0.034625,0.553739,-0.143719,0.092425,-3.141586,0.000001,-0.000043
25.940589,-2.299998,-0.484998,-15.286250,-0.106000,-0.194375,0.033625,0.553766,-0.143637,0.092427,-3.141586,0.000002,-0.000049
25.944589,-2.299998,-0.484998,-15.286250,-0.106000,-0.194375,0.033625,0.553791,-0.143554,0.092427,-3.141586,0.000003,-0.000055
25.948589,-2.299998,-0.484999,-15.286250,-0.106000,-0.194375,0.033625,0.553816,-0.143472,0.092427,-3.141586,0.000003,-0.000054
25.952588,-2.299998,-0.484999,-15.286250,-0.106000,-0.194375,0.033625,0.553841,-0.143389,0.092427,-3.141586,0.000004,-0.000061
25.956592,-2.299996,-0.484994,-15.286250,-0.106000,-0.194375,0.033625,0.553868,-0.143307,0.092429,-3.141586,-0.000001,-0.000060
25.960590,-2.299996,-0.484994,-15.286250,-0.106000,-0.194375,0.033625,0.553893,-0.143224,0.092429,-3.141586,-0.000001,-0.000059
25.964589,-2.299996,-0.484995,-15.286250,-0.106000,-0.194375,0.033625,0.553918,-0.143142,0.092430,-3.141586,-0.000000,-0.000059
25.968552,-2.299996,-0.484995,-15.286250,-0.106000,-0.194375,0.033625,0.553943,-0.143060,0.092430,-3.141586,0.000000,-0.000058
25.972589,-2.299997,-0.484996,-15.286250,-0.106000,-0.194375,0.033625,0.553968,-0.142977,0.092430,-3.141586,0.000000,-0.000057
25.976562,-2.300000,-0.485003,-15.286250,-0.106000,-0.194375,0.033625,0.553992,-0.142895,0.092430,-3.141586,0.000008,-0.000064
25.980592,-2.299998,-0.484998,-15.286250,-0.106000,-0.194375,0.033625,0.554019,-0.142812,0.092432,-3.141586,0.000003,-0.000070
25.984643,-2.279998,-0.484999,-15.116250,-0.103000,-0.192375,0.032625,0.554044,-0.142730,0.092432,-3.141586,0.000003,-0.000069
25.988587,-2.279996,-0.484993,-15.116249,-0.103000,-0.192375,0.032625,0.554071,-0.142647,0.092434,-3.141586,-0.000002,-0.000075
25.992559,-2.279996,-0.484994,-15.116249,-0.103000,-0.192375,0.032625,0.554096,-0.142565,0.092434,-3.141586,-0.000001,-0.000081
25.996590,-2.279999,-0.485001,-15.116250,-0.103000,-0.192375,0.032625,0.554120,-0.142482,0.092433,-3.141586,0.000006,-0.000081
26.000591,-2.280000,-0.485002,-15.116250,-0.103000,-0.192375,0.032625,0.554145,-0.142400,0.092434,-3.141586,0.000006,-0.000087
26.004591,-2.280000,-0.485002,-15.116250,-0.103000,-0.192375,0.032625,0.554170,-0.142317,0.092434,-3.141586,0.000007,-0.000086
26.008590,-2.280000,-0.485003,-15.116250,-0.103000,-0.192375,0.032625,0.554194,-0.142235,0.092434,-3.141586,0.000007,-0.000092
26.012591,-2.280003,-0.485009,-15.116250,-0.103000,-0.192375,0.032625,0.554220,-0.142152,0.092433,-3.141586,0.000013,-0.000092
26.016590,-2.280001,-0.485004,-15.116250,-0.103000,-0.192375,0.032625,0.554247,-0.142070,0.092435,-3.141586,0.000008,-0.000098
26.020590,-2.390001,-0.425004,-14.956250,-0.105000,-0.194375,0.034625,0.554272,-0.141987,0.092435,-3.141586,0.000009,-0.000097
26.024590,-2.390001,-0.425005,-14.956250,-0.105000,-0.194375,0.034625,0.554297,-0.141905,0.092435,-3.141586,0.000009,-0.000130
26.028590,-2.390005,-0.425012,-14.956251,-0.105000,-0.194375,0.034625,0.554321,-0.141822,0.092435,-3.141586,0.000016,-0.000123
26.032590,-2.390003,-0.425007,-14.956250,-0.105000,-0.194375,0.034625,0.554353,-0.141720,0.092437,-3.141586,0.000012,-0.000080
26.036595,-2.389999,-0.425001,-14.956250,-0.105000,-0.194375,0.034625,0.554378,-0.141637,0.092438,-3.141586,0.000005,-0.000072
26.040589,-2.390000,-0.425002,-14.956250,-0.105000,-0.194375,0.034625,0.554405,-0.141552,0.092439,-3.141586,0.000007,-0.000060
26.044590,-2.389998,-0.424997,-14.956250,-0.105000,-0.194375,0.034625,0.554432,-0.141472,0.092441,-3.141586,0.000002,-0.000064
26.048591,-2.389998,-0.424998,-14.956250,-0.105000,-0.194375,0.034625,0.554456,-0.141390,0.092441,-3.141586,0.000003,-0.000064
26.052590,-2.390001,-0.425003,-14.956250,-0.105000,-0.194375,0.034625,0.554481,-0.141307,0.092439,-3.141586,0.000007,-0.000063
26.056590,-2.390001,-0.425005,-14.956250,-0.105000,-0.194375,0.034625,0.554507,-0.141225,0.092440,-3.141586,0.000009,-0.000069
26.060590,-2.370002,-0.425005,-14.856250,-0.104000,-0.190375,0.032625,0.554531,-0.141142,0.092440,-3.141586,0.000010,-0.000075
26.064589,-2.369999,-0.425000,-14.856250,-0.104000,-0.190375,0.032625,0.554559,-0.141057,0.092442,-3.141586,0.000005,-0.000077
26.068598,-2.369999,-0.425001,-14.856250,-0.104000,-0.190375,0.032625,0.554583,-0.140977,0.092442,-3.141586,0.000005,-0.000088
26.072589,-2.370003,-0.425008,-14.856250,-0.104000,-0.190375,0.032625,0.554607,-0.140892,0.092442,-3.141586,0.000012,-0.000089
26.076594,-2.370003,-0.425007,-14.856250,-0.104000,-0.190375,0.032625,0.554634,-0.140809,0.092441,-3.141586,0.000012,-0.000095
26.080561,-2.370003,-0.425008,-14.856250,-0.104000,-0.190375,0.032625,0.554658,-0.140727,0.092442,-3.141586,0.000012,-0.000095
26.084590,-2.370000,-0.425003,-14.856250,-0.104000,-0.190375,0.032625,0.554685,-0.140644,0.092444,-3.141586,0.000007,-0.000101
26.088588,-2.370001,-0.425003,-14.856250,-0.104000,-0.190375,0.032625,0.554710,-0.140562,0.092444,-3.141586,0.000008,-0.000100
26.092587,-2.370000,-0.425003,-14.856250,-0.104000,-0.190375,0.032625,0.554736,-0.140479,0.092443,-3.141586,0.000007,-0.000100
26.096589,-2.370004,-0.425010,-14.856250,-0.104000,-0.190375,0.032625,0.554760,-0.140397,0.092443,-3.141586,0.000015,-0.000092
26.100589,-2.240002,-0.485005,-14.766251,-0.101000,-0.186375,0.033625,0.554787,-0.140314,0.092445,-3.141586,0.000010,-0.000085
26.104590,-2.240002,-0.485005,-14.766251,-0.101000,-0.186375,0.033625,0.554811,-0.140231,0.092445,-3.141586,0.000010,-0.000071
26.108589,-2.240008,-0.485017,-14.766251,-0.101000,-0.186375,0.033625,0.554835,-0.140149,0.092442,-3.141586,0.000022,-0.000063
26.112590,-2.240008,-0.485017,-14.766251,-0.101000,-0.186375,0.033625,0.554835,-0.140149,0.092442,-3.141586,0.000022,-0.000063
26.116590,-2.240003,-0.485007,-14.766251,-0.101000,-0.186375,0.033625,0.554888,-0.139983,0.092446,-3.141586,0.000012,-0.000042
26.120589,-2.240003,-0.485008,-14.766251,-0.101000,-0.186375,0.033625,0.554913,-0.139901,0.092446,-3.141586,0.000012,-0.000035
26.124589,-2.240009,-0.485019,-14.766251,-0.101000,-0.186375,0.033625,0.554936,-0.139818,0.092443,-3.141586,0.000024,-0.000027
26.128589,-2.240006,-0.485014,-14.766251,-0.101000,-0.186375,0.033625,0.554963,-0.139733,0.092445,-3.141586,0.000019,-0.000022
26.132589,-2.240004,-0.485009,-14.766251,-0.101000,-0.186375,0.033625,0.554989,-0.139653,0.092447,-3.141586,0.000014,-0.000033
26.136589,-2.240006,-0.485014,-14.766251,-0.101000,-0.186375,0.033625,0.555014,-0.139568,0.092445,-3.141586,0.000019,-0.000034
26.140589,-2.160007,-0.475015,-14.686251,-0.101000,-0.184375,0.033625,0.555039,-0.139483,0.092445,-3.141586,0.000019,-0.000043
26.144589,-2.160005,-0.475011,-14.686251,-0.101000,-0.184375,0.033625,0.555074,-0.139375,0.092448,-3.141586,0.000016,-0.000051
26.148589,-2.160007,-0.475016,-14.686251,-0.101000,-0.184375,0.033625,0.555099,-0.139287,0.092446,-3.141586,0.000021,-0.000055
26.152595,-2.160005,-0.475011,-14.686251,-0.101000,-0.184375,0.033625,0.555126,-0.139202,0.092447,-3.141586,0.000016,-0.000070
26.156589,-2.160006,-0.475013,-14.686251,-0.101000,-0.184375,0.033625,0.555153,-0.139115,0.092449,-3.141586,0.000018,-0.000074
26.160600,-2.160006,-0.475013,-14.686251,-0.101000,-0.184375,0.033625,0.555178,-0.139029,0.092449,-3.141586,0.000018,-0.000082
26.164590,-2.160006,-0.475013,-14.686251,-0.101000,-0.184375,0.033625,0.555206,-0.138942,0.092448,-3.141586,0.000018,-0.000079
26.168551,-2.160007,-0.475015,-14.686251,-0.101000,-0.184375,0.033625,0.555232,-0.138857,0.092450,-3.141586,0.000019,-0.000081
26.172589,-2.160004,-0.475010,-14.686251,-0.101000,-0.184375,0.033625,0.555260,-0.138769,0.092452,-3.141586,0.000014,-0.000078
26.176589,-2.160007,-0.475015,-14.686251,-0.101000,-0.184375,0.033625,0.555285,-0.138684,0.092449,-3.141586,0.000019,-0.000066
26.180589,-2.260008,-0.425017,-14.616251,-0.102000,-0.189375,0.033625,0.555312,-0.138596,0.092451,-3.141586,0.000021,-0.000050
26.184589,-2.260005,-0.425012,-14.616250,-0.102000,-0.189375,0.033625,0.555339,-0.138511,0.092452,-3.141586,0.000016,-0.000038
26.188589,-2.260005,-0.425011,-14.616250,-0.102000,-0.189375,0.033625,0.555366,-0.138426,0.092452,-3.141586,0.000016,-0.000026
26.192588,-2.260009,-0.425018,-14.616251,-0.102000,-0.189375,0.033625,0.555390,-0.138338,0.092451,-3.141586,0.000023,-0.000003
26.196588,-2.260006,-0.425013,-14.616250,-0.102000,-0.189375,0.033625,0.555418,-0.138253,0.092453,-3.141586,0.000018,0.000009
26.200590,-2.260006,-0.425013,-14.616250,-0.102000,-0.189375,0.033625,0.555444,-0.138167,0.092453,-3.141586,0.000017,0.000014
26.204589,-2.260003,-0.425008,-14.616250,-0.102000,-0.189375,0.033625,0.555471,-0.138082,0.092455,-3.141586,0.000012,0.000019
26.208589,-2.260009,-0.425020,-14.616251,-0.102000,-0.189375,0.033625,0.555495,-0.137997,0.092452,-3.141586,0.000024,0.000011
26.212588,-2.260007,-0.425015,-14.616251,-0.102000,-0.189375,0.033625,0.555523,-0.137909,0.092454,-3.141586,0.000019,0.000014
26.216591,-2.260006,-0.425014,-14.616250,-0.102000,-0.189375,0.033625,0.555549,-0.137824,0.092453,-3.141586,0.000019,0.000005
26.220589,-2.320004,-0.435009,-14.536250,-0.101000,-0.187375,0.034625,0.555576,-0.137739,0.092455,-3.141586,0.000014,-0.000010
26.224590,-2.320005,-0.435011,-14.536250,-0.101000,-0.187375,0.034625,0.555603,-0.137653,0.092456,-3.141586,0.000016,-0.000025
26.228589,-2.320004,-0.435011,-14.536250,-0.101000,-0.187375,0.034625,0.555630,-0.137566,0.092456,-3.141586,0.000015,-0.000029
26.232589,-2.320002,-0.435006,-14.536250,-0.101000,-0.187375,0.034625,0.555657,-0.137480,0.092458,-3.141586,0.000010,-0.000044
26.236589,-2.320002,-0.435005,-14.536250,-0.101000,-0.187375,0.034625,0.555684,-0.137393,0.092457,-3.141586,0.000010,-0.000054
26.240590,-2.320003,-0.435007,-14.536250,-0.101000,-0.187375,0.034625,0.555711,-0.137307,0.092458,-3.141586,0.000011,-0.000069
26.244595,-2.320002,-0.435006,-14.536250,-0.101000,-0.187375,0.034625,0.555738,-0.137219,0.092458,-3.141586,0.000011,-0.000080
26.248590,-2.320000,-0.435001,-14.536250,-0.101000,-0.187375,0.034625,0.555765,-0.137132,0.092460,-3.141586,0.000006,-0.000070
26.252552,-2.320003,-0.435008,-14.536250,-0.101000,-0.187375,0.034625,0.555792,-0.137044,0.092458,-3.141586,0.000012,-0.000101
26.256588,-2.320003,-0.435008,-14.536250,-0.101000,-0.187375,0.034625,0.555792,-0.137044,0.092458,-3.141586,0.000012,-0.000101
26.260589,-2.320001,-0.475004,-14.436251,-0.100000,-0.183375,0.035625,0.555853,-0.136848,0.092461,-3.141586,0.000008,-0.000026
26.264595,-2.319998,-0.474999,-14.436250,-0.100000,-0.183375,0.035625,0.555880,-0.136763,0.092463,-3.141586,0.000003,-0.000014
26.268551,-2.319998,-0.474999,-14.436250,-0.100000,-0.183375,0.035625,0.555880,-0.136763,0.092463,-3.141586,0.000003,-0.000014
26.272589,-2.320002,-0.475005,-14.436251,-0.100000,-0.183375,0.035625,0.555906,-0.136675,0.092461,-3.141586,0.000010,0.000003
26.276587,-2.319999,-0.475001,-14.436250,-0.100000,-0.183375,0.035625,0.555962,-0.136502,0.092464,-3.141586,0.000006,0.000017
26.280590,-2.319997,-0.474996,-14.436250,-0.100000,-0.183375,0.035625,0.555989,-0.136417,0.092466,-3.141586,0.000001,0.000009
26.284589,-2.319997,-0.474996,-14.436250,-0.100000,-0.183375,0.035625,0.555989,-0.136417,0.092466,-3.141586,0.000001,0.000009
26.288589,-2.319997,-0.474997,-14.436250,-0.100000,-0.183375,0.035625,0.556043,-0.136241,0.092466,-3.141586,0.000002,0.000001
26.292588,-2.319997,-0.474997,-14.436250,-0.100000,-0.183375,0.035625,0.556043,-0.136241,0.092466,-3.141586,0.000002,0.000001
26.296595,-2.319995,-0.474992,-14.436250,-0.100000,-0.183375,0.035625,0.556096,-0.136068,0.092468,-3.141586,-0.000004,-0.000024
26.300588,-2.319995,-0.474992,-14.436250,-0.100000,-0.183375,0.035625,0.556096,-0.136068,0.092468,-3.141586,-0.000004,-0.000024
26.304593,-2.289994,-0.464991,-14.296250,-0.101000,-0.179375,0.034625,0.556150,-0.135894,0.092467,-3.141586,-0.000004,-0.000050
26.308590,-2.289995,-0.464993,-14.296250,-0.101000,-0.179375,0.034625,0.556177,-0.135807,0.092468,-3.141586,-0.000003,-0.000060
26.312589,-2.289995,-0.464993,-14.296250,-0.101000,-0.179375,0.034625,0.556177,-0.135807,0.092468,-3.141586,-0.000003,-0.000060
26.316597,-2.289989,-0.464982,-14.296249,-0.101000,-0.179375,0.034625,0.556233,-0.135633,0.092471,-3.141586,-0.000013,-0.000093
26.320589,-2.289989,-0.464982,-14.296249,-0.101000,-0.179375,0.034625,0.556233,-0.135633,0.092471,-3.141586,-0.000013,-0.000093
26.324565,-2.289993,-0.464988,-14.296249,-0.101000,-0.179375,0.034625,0.556259,-0.135545,0.092470,-3.141586,-0.000007,-0.000097
26.328596,-2.289992,-0.464988,-14.296249,-0.101000,-0.179375,0.034625,0.556285,-0.135460,0.092469,-3.141586,-0.000008,-0.000098
26.332594,-2.289993,-0.464989,-14.296250,-0.101000,-0.179375,0.034625,0.556338,-0.135287,0.092470,-3.141586,-0.000006,-0.000077
26.336592,-2.189991,-0.474984,-14.166249,-0.100000,-0.176375,0.035625,0.556365,-0.135199,0.092472,-3.141586,-0.000011,-0.000060
26.340556,-2.189994,-0.474990,-14.166249,-0.100000,-0.176375,0.035625,0.556392,-0.135111,0.092470,-3.141586,-0.000005,-0.000051
26.344589,-2.189994,-0.474990,-14.166249,-0.100000,-0.176375,0.035625,0.556392,-0.135111,0.092470,-3.141586,-0.000005,-0.000051
26.348595,-2.189991,-0.474985,-14.166249,-0.100000,-0.176375,0.035625,0.556418,-0.135025,0.092472,-3.141586,-0.000010,-0.000039
26.352589,-2.189991,-0.474985,-14.166249,-0.100000,-0.176375,0.035625,0.556444,-0.134940,0.092472,-3.141586,-0.000010,-0.000034
26.356590,-2.189988,-0.474980,-14.166249,-0.100000,-0.176375,0.035625,0.556471,-0.134855,0.092474,-3.141586,-0.000015,-0.000036
26.360593,-2.189988,-0.474980,-14.166249,-0.100000,-0.176375,0.035625,0.556497,-0.134769,0.092473,-3.141586,-0.000016,-0.000030
26.364588,-2.189985,-0.474975,-14.166249,-0.100000,-0.176375,0.035625,0.556524,-0.134681,0.092475,-3.141585,-0.000021,-0.000034
26.368552,-2.189985,-0.474974,-14.166249,-0.100000,-0.176375,0.035625,0.556550,-0.134596,0.092474,-3.141585,-0.000021,-0.000043
26.372588,-2.189986,-0.474976,-14.166249,-0.100000,-0.176375,0.035625,0.556576,-0.134510,0.092476,-3.141585,-0.000019,-0.000044
26.376590,-2.189986,-0.474975,-14.166249,-0.100000,-0.176375,0.035625,0.556603,-0.134425,0.092475,-3.141585,-0.000020,-0.000059
26.380589,-2.119983,-0.454970,-14.106248,-0.099000,-0.178375,0.034625,0.556630,-0.134337,0.092477,-3.141585,-0.000025,-0.000070
26.384564,-2.119987,-0.454977,-14.106248,-0.099000,-0.178375,0.034625,0.556655,-0.134251,0.092476,-3.141585,-0.000019,-0.000085
26.388595,-2.119986,-0.454976,-14.106248,-0.099000,-0.178375,0.034625,0.556681,-0.134166,0.092475,-3.141585,-0.000019,-0.000100
26.392589,-2.119983,-0.454970,-14.106248,-0.099000,-0.178375,0.034625,0.556710,-0.134080,0.092476,-3.141585,-0.000025,-0.000149
26.396589,-2.119984,-0.454972,-14.106248,-0.099000,-0.178375,0.034625,0.556736,-0.133992,0.092477,-3.141585,-0.000023,-0.000153
26.400589,-2.119984,-0.454972,-14.106248,-0.099000,-0.178375,0.034625,0.556767,-0.133887,0.092477,-3.141585,-0.000024,-0.000118
26.404587,-2.119984,-0.454971,-14.106248,-0.099000,-0.178375,0.034625,0.556794,-0.133799,0.092476,-3.141585,-0.000024,-0.000109
26.408595,-2.119988,-0.454979,-14.106248,-0.099000,-0.178375,0.034625,0.556817,-0.133713,0.092476,-3.141585,-0.000017,-0.000103
26.412595,-2.119984,-0.454973,-14.106248,-0.099000,-0.178375,0.034625,0.556846,-0.133625,0.092477,-3.141585,-0.000023,-0.000094
26.416594,-2.119984,-0.454972,-14.106248,-0.099000,-0.178375,0.034625,0.556872,-0.133540,0.092476,-3.141585,-0.000023,-0.000082
26.420592,-2.149981,-0.394967,-14.026248,-0.099000,-0.179375,0.034625,0.556898,-0.133454,0.092478,-3.141585,-0.000028,-0.000077
26.424590,-2.179981,-0.374967,-13.986248,-0.100000,-0.181375,0.034625,0.556925,-0.133366,0.092478,-3.141585,-0.000029,-0.000060
26.428589,-2.179981,-0.374966,-13.986248,-0.100000,-0.181375,0.034625,0.556950,-0.133283,0.092477,-3.141585,-0.000029,-0.000053
26.432590,-2.179981,-0.374966,-13.986248,-0.100000,-0.181375,0.034625,0.556976,-0.133198,0.092477,-3.141585,-0.000029,-0.000041
26.436589,-2.179982,-0.374968,-13.986248,-0.100000,-0.181375,0.034625,0.557002,-0.133112,0.092478,-3.141585,-0.000028,-0.000036
26.440589,-2.179981,-0.374967,-13.986248,-0.100000,-0.181375,0.034625,0.557027,-0.133029,0.092477,-3.141585,-0.000028,-0.000036
26.444589,-2.179981,-0.374967,-13.986248,-0.100000,-0.181375,0.034625,0.557053,-0.132946,0.092477,-3.141585,-0.000029,-0.000035
26.448590,-2.179985,-0.374973,-13.986248,-0.100000,-0.181375,0.034625,0.557077,-0.132866,0.092475,-3.141585,-0.000022,-0.000039
26.452552,-2.179984,-0.374973,-13.986248,-0.100000,-0.181375,0.034625,0.557102,-0.132783,0.092475,-3.141585,-0.000023,-0.000045
26.456589,-2.179985,-0.374974,-13.986248,-0.100000,-0.181375,0.034625,0.557127,-0.132700,0.092476,-3.141585,-0.000021,-0.000051
26.460595,-2.259988,-0.364979,-13.976249,-0.102000,-0.183375,0.034625,0.557150,-0.132619,0.092474,-3.141585,-0.000016,-0.000068
26.464589,-2.289985,-0.364974,-14.016249,-0.103000,-0.184375,0.035625,0.557177,-0.132536,0.092475,-3.141585,-0.000022,-0.000075
26.468551,-2.289984,-0.364973,-14.016249,-0.103000,-0.184375,0.035625,0.557202,-0.132453,0.092474,-3.141585,-0.000022,-0.000081
26.472589,-2.289985,-0.364975,-14.016249,-0.103000,-0.184375,0.035625,0.557227,-0.132373,0.092476,-3.141585,-0.000021,-0.000091
26.476589,-2.289985,-0.364974,-14.016249,-0.103000,-0.184375,0.035625,0.557252,-0.132290,0.092475,-3.141585,-0.000021,-0.000097
26.480590,-2.289985,-0.364974,-14.016249,-0.103000,-0.184375,0.035625,0.557277,-0.132206,0.092474,-3.141585,-0.000021,-0.000090
26.484589,-2.289985,-0.364973,-14.016249,-0.103000,-0.184375,0.035625,0.557302,-0.132123,0.092474,-3.141585,-0.000022,-0.000083
26.488589,-2.289987,-0.364978,-14.016249,-0.103000,-0.184375,0.035625,0.557325,-0.132043,0.092472,-3.141585,-0.000017,-0.000080
26.492589,-2.289988,-0.364980,-14.016249,-0.103000,-0.184375,0.035625,0.557350,-0.131960,0.092473,-3.141585,-0.000015,-0.000066
26.496589,-2.289985,-0.364974,-14.016249,-0.103000,-0.184375,0.035625,0.557377,-0.131877,0.092474,-3.141585,-0.000021,-0.000052
26.500589,-2.289985,-0.364974,-14.016249,-0.103000,-0.184375,0.035625,0.557402,-0.131794,0.092473,-3.141585,-0.000021,-0.000038
26.504589,-2.279985,-0.404974,-14.176249,-0.103000,-0.180375,0.035625,0.557428,-0.131711,0.092473,-3.141585,-0.000022,-0.000030
26.508589,-2.279984,-0.404973,-14.176249,-0.103000,-0.180375,0.035625,0.557452,-0.131630,0.092472,-3.141585,-0.000022,-0.000021
26.512589,-2.279984,-0.404973,-14.176249,-0.103000,-0.180375,0.035625,0.557477,-0.131547,0.092472,-3.141585,-0.000023,-0.000013
26.516589,-2.279988,-0.404979,-14.176249,-0.103000,-0.180375,0.035625,0.557502,-0.131464,0.092470,-3.141585,-0.000017,-0.000006
26.520589,-2.279987,-0.404978,-14.176249,-0.103000,-0.180375,0.035625,0.557526,-0.131383,0.092470,-3.141585,-0.000017,-0.000044
26.524590,-2.279991,-0.404985,-14.176249,-0.103000,-0.180375,0.035625,0.557551,-0.131300,0.092469,-3.141586,-0.000011,-0.000003
26.528614,-2.279985,-0.404974,-14.176249,-0.103000,-0.180375,0.035625,0.557580,-0.131217,0.092471,-3.141585,-0.000022,-0.000036
26.532589,-2.279984,-0.404973,-14.176249,-0.103000,-0.180375,0.035625,0.557610,-0.131114,0.092471,-3.141585,-0.000022,0.000001
26.536592,-2.279984,-0.404973,-14.176249,-0.103000,-0.180375,0.035625,0.557635,-0.131030,0.092470,-3.141585,-0.000023,-0.000005
26.540590,-2.269987,-0.424979,-14.226249,-0.103000,-0.180375,0.035625,0.557659,-0.130950,0.092469,-3.141585,-0.000017,-0.000016
26.544590,-2.229984,-0.494973,-14.456249,-0.103000,-0.181375,0.037625,0.557686,-0.130867,0.092470,-3.141585,-0.000022,-0.000029
26.548589,-2.229984,-0.494973,-14.456249,-0.103000,-0.181375,0.037625,0.557711,-0.130784,0.092470,-3.141585,-0.000023,-0.000028
26.552589,-2.229984,-0.494972,-14.456249,-0.103000,-0.181375,0.037625,0.557736,-0.130700,0.092469,-3.141585,-0.000023,-0.000034
26.556589,-2.229987,-0.494978,-14.456249,-0.103000,-0.181375,0.037625,0.557760,-0.130620,0.092468,-3.141585,-0.000017,-0.000038
26.560589,-2.229984,-0.494973,-14.456249,-0.103000,-0.181375,0.037625,0.557787,-0.130537,0.092469,-3.141585,-0.000023,-0.000037
26.564589,-2.229984,-0.494972,-14.456249,-0.103000,-0.181375,0.037625,0.557812,-0.130453,0.092468,-3.141585,-0.000023,-0.000043
26.568551,-2.229987,-0.494978,-14.456249,-0.103000,-0.181375,0.037625,0.557836,-0.130373,0.092467,-3.141585,-0.000017,-0.000041
26.572589,-2.229987,-0.494978,-14.456249,-0.103000,-0.181375,0.037625,0.557861,-0.130290,0.092466,-3.141585,-0.000017,-0.000033
26.576571,-2.219990,-0.464983,-14.626249,-0.104000,-0.181375,0.036625,0.557887,-0.130206,0.092464,-3.141586,-0.000012,-0.000026
26.580561,-2.219990,-0.464983,-14.626249,-0.104000,-0.181375,0.036625,0.557912,-0.130123,0.092464,-3.141585,-0.000013,-0.000019
26.584562,-2.239993,-0.454989,-14.656249,-0.104000,-0.182375,0.036625,0.557936,-0.130043,0.092463,-3.141586,-0.000006,-0.000016
26.588590,-2.239990,-0.454983,-14.656249,-0.104000,-0.182375,0.036625,0.557963,-0.129959,0.092464,-3.141585,-0.000012,-0.000015
26.592593,-2.239993,-0.454990,-14.656249,-0.104000,-0.182375,0.036625,0.557987,-0.129876,0.092462,-3.141586,-0.000006,-0.000015
26.596594,-2.239993,-0.454989,-14.656249,-0.104000,-0.182375,0.036625,0.558012,-0.129793,0.092462,-3.141586,-0.000006,-0.000014
26.600592,-2.239990,-0.454983,-14.656249,-0.104000,-0.182375,0.036625,0.558039,-0.129710,0.092463,-3.141585,-0.000012,-0.000013
26.604596,-2.239990,-0.454983,-14.656249,-0.104000,-0.182375,0.036625,0.558064,-0.129629,0.092462,-3.141585,-0.000013,-0.000017
26.608589,-2.239991,-0.454985,-14.656249,-0.104000,-0.182375,0.036625,0.558088,-0.129546,0.092464,-3.141586,-0.000011,-0.000017
26.612595,-2.239987,-0.454979,-14.656249,-0.104000,-0.182375,0.036625,0.558115,-0.129465,0.092465,-3.141585,-0.000017,-0.000020
26.616587,-2.239991,-0.454985,-14.656249,-0.104000,-0.182375,0.036625,0.558139,-0.129382,0.092464,-3.141586,-0.000010,-0.000027
26.620590,-2.319988,-0.454979,-14.916249,-0.106000,-0.189375,0.036625,0.558166,-0.129298,0.092465,-3.141585,-0.000016,-0.000033
26.624590,-2.319991,-0.454985,-14.916249,-0.106000,-0.189375,0.036625,0.558190,-0.129215,0.092463,-3.141586,-0.000010,-0.000032
26.628590,-2.319991,-0.454985,-14.916249,-0.106000,-0.189375,0.036625,0.558214,-0.129135,0.092463,-3.141586,-0.000010,-0.000049
26.632591,-2.319990,-0.454985,-14.916249,-0.106000,-0.189375,0.036625,0.558240,-0.129049,0.092462,-3.141586,-0.000011,-0.000044
26.636590,-2.319993,-0.454990,-14.916249,-0.106000,-0.189375,0.036625,0.558266,-0.128966,0.092460,-3.141586,-0.000005,-0.000050
26.640590,-2.319997,-0.454996,-14.916250,-0.106000,-0.189375,0.036625,0.558290,-0.128880,0.092459,-3.141586,0.000001,-0.000045
26.644589,-2.319994,-0.454990,-14.916249,-0.106000,-0.189375,0.036625,0.558461,-0.129055,0.098000,-3.141592,0.000001,0.000000
26.648561,-2.319997,-0.454997,-14.916250,-0.106000,-0.189375,0.036625,0.558343,-0.128706,0.092459,-3.141586,0.000001,-0.000044
26.652593,-2.319994,-0.454991,-14.916249,-0.106000,-0.189375,0.036625,0.558371,-0.128620,0.092460,-3.141586,-0.000005,-0.000046
26.656596,-2.319994,-0.454992,-14.916250,-0.106000,-0.189375,0.036625,0.558398,-0.128534,0.092460,-3.141586,-0.000004,-0.000047
26.660590,-2.299997,-0.444997,-15.176250,-0.107000,-0.189375,0.036625,0.558429,-0.128425,0.092458,-3.141586,0.000002,-0.000055
26.664590,-2.299995,-0.444992,-15.176250,-0.107000,-0.189375,0.036625,0.558450,-0.128362,0.092460,-3.141586,-0.000003,-0.000064
26.668551,-2.299995,-0.444992,-15.176250,-0.107000,-0.189375,0.036625,0.558484,-0.128254,0.092460,-3.141586,-0.000003,-0.000065
26.672589,-2.299994,-0.444992,-15.176250,-0.107000,-0.189375,0.036625,0.558504,-0.128188,0.092459,-3.141586,-0.000004,-0.000103
26.676590,-2.299995,-0.444993,-15.176250,-0.107000,-0.189375,0.036625,0.558536,-0.128082,0.092460,-3.141586,-0.000003,-0.000069
26.680589,-2.299992,-0.444987,-15.176250,-0.107000,-0.189375,0.036625,0.558563,-0.127996,0.092461,-3.141586,-0.000009,-0.000070
26.684589,-2.299995,-0.444993,-15.176250,-0.107000,-0.189375,0.036625,0.558588,-0.127908,0.092460,-3.141586,-0.000002,-0.000074
26.688589,-2.299996,-0.444994,-15.176250,-0.107000,-0.189375,0.036625,0.558615,-0.127822,0.092460,-3.141586,-0.000002,-0.000076
26.692594,-2.299996,-0.444995,-15.176250,-0.107000,-0.189375,0.036625,0.558642,-0.127736,0.092461,-3.141586,-0.000001,-0.000084
26.696590,-2.299996,-0.444994,-15.176250,-0.107000,-0.189375,0.036625,0.558667,-0.127650,0.092460,-3.141586,-0.000001,-0.000086
26.700590,-2.439999,-0.435000,-15.316250,-0.109000,-0.193375,0.037625,0.558694,-0.127564,0.092458,-3.141586,0.000004,-0.000087
26.704589,-2.439996,-0.434994,-15.316249,-0.109000,-0.193375,0.037625,0.558721,-0.127478,0.092459,-3.141586,-0.000002,-0.000082
26.708593,-2.439996,-0.434995,-15.316249,-0.109000,-0.193375,0.037625,0.558748,-0.127392,0.092460,-3.141586,-0.000001,-0.000077
26.712593,-2.440000,-0.435001,-15.316250,-0.109000,-0.193375,0.037625,0.558772,-0.127307,0.092458,-3.141586,0.000006,-0.000072
26.716590,-2.440000,-0.435002,-15.316250,-0.109000,-0.193375,0.037625,0.558799,-0.127221,0.092459,-3.141586,0.000006,-0.000067
26.720639,-2.440002,-0.435006,-15.316250,-0.109000,-0.193375,0.037625,0.558824,-0.127135,0.092456,-3.141586,0.000011,-0.000062
26.724571,-2.440003,-0.435007,-15.316250,-0.109000,-0.193375,0.037625,0.558850,-0.127049,0.092456,-3.141586,0.000011,-0.000057
26.728618,-2.440000,-0.435002,-15.316250,-0.109000,-0.193375,0.037625,0.558879,-0.126963,0.092458,-3.141586,0.000007,-0.000058
26.732611,-2.440000,-0.435002,-15.316250,-0.109000,-0.193375,0.037625,0.558904,-0.126880,0.092458,-3.141586,0.000006,-0.000071
26.736611,-2.540001,-0.365003,-15.396250,-0.114000,-0.196375,0.037625,0.558931,-0.126791,0.092458,-3.141586,0.000007,-0.000075
26.740611,-2.540003,-0.365008,-15.396250,-0.114000,-0.196375,0.037625,0.558957,-0.126705,0.092456,-3.141586,0.000013,-0.000083
26.744609,-2.540004,-0.365009,-15.396250,-0.114000,-0.196375,0.037625,0.558984,-0.126619,0.092457,-3.141586,0.000014,-0.000092
26.748597,-2.540001,-0.365003,-15.396250,-0.114000,-0.196375,0.037625,0.559012,-0.126531,0.092458,-3.141586,0.000008,-0.000095
26.752596,-2.540004,-0.365008,-15.396250,-0.114000,-0.196375,0.037625,0.559038,-0.126442,0.092456,-3.141586,0.000013,-0.000099
26.756595,-2.540004,-0.365009,-15.396250,-0.114000,-0.196375,0.037625,0.559065,-0.126356,0.092456,-3.141586,0.000014,-0.000108
26.760595,-2.540005,-0.365010,-15.396250,-0.114000,-0.196375,0.037625,0.559092,-0.126268,0.092457,-3.141587,0.000015,-0.000098
26.764592,-2.540005,-0.365011,-15.396250,-0.114000,-0.196375,0.037625,0.559119,-0.126182,0.092457,-3.141587,0.000016,-0.000106
26.768587,-2.540008,-0.365016,-15.396250,-0.114000,-0.196375,0.037625,0.559145,-0.126096,0.092455,-3.141587,0.000021,-0.000101
26.772584,-2.540002,-0.365005,-15.396250,-0.114000,-0.196375,0.037625,0.559174,-0.126010,0.092458,-3.141586,0.000010,-0.000103
26.776592,-2.540008,-0.365016,-15.396250,-0.114000,-0.196375,0.037625,0.559199,-0.125921,0.092454,-3.141587,0.000021,-0.000093
26.780589,-2.460006,-0.465011,-15.606250,-0.111000,-0.196375,0.037625,0.559228,-0.125835,0.092456,-3.141587,0.000016,-0.000081
26.784590,-2.460009,-0.465017,-15.606250,-0.111000,-0.196375,0.037625,0.559254,-0.125747,0.092454,-3.141587,0.000022,-0.000072
26.788589,-2.460006,-0.465012,-15.606250,-0.111000,-0.196375,0.037625,0.559283,-0.125661,0.092456,-3.141587,0.000017,-0.000060
26.792589,-2.460009,-0.465018,-15.606250,-0.111000,-0.196375,0.037625,0.559309,-0.125575,0.092454,-3.141587,0.000022,-0.000055
26.796590,-2.460009,-0.465018,-15.606250,-0.111000,-0.196375,0.037625,0.559309,-0.125575,0.092454,-3.141587,0.000022,-0.000055
26.800590,-2.460006,-0.465013,-15.606250,-0.111000,-0.196375,0.037625,0.559338,-0.125486,0.092456,-3.141587,0.000018,-0.000079
26.804590,-2.460009,-0.465019,-15.606250,-0.111000,-0.196375,0.037625,0.559365,-0.125400,0.092454,-3.141587,0.000023,-0.000074
26.808590,-2.460006,-0.465013,-15.606250,-0.111000,-0.196375,0.037625,0.559425,-0.125205,0.092455,-3.141587,0.000017,-0.000043
26.812588,-2.460007,-0.465014,-15.606250,-0.111000,-0.196375,0.037625,0.559451,-0.125119,0.092456,-3.141587,0.000018,-0.000051
26.816589,-2.460010,-0.465019,-15.606251,-0.111000,-0.196375,0.037625,0.559477,-0.125033,0.092454,-3.141587,0.000024,-0.000060
26.820564,-2.390010,-0.565020,-15.796251,-0.108000,-0.197375,0.037625,0.559504,-0.124944,0.092454,-3.141587,0.000025,-0.000064
26.824592,-2.390010,-0.565020,-15.796251,-0.108000,-0.197375,0.037625,0.559504,-0.124944,0.092454,-3.141587,0.000025,-0.000064
26.828594,-2.390013,-0.565025,-15.796251,-0.108000,-0.197375,0.037625,0.559530,-0.124861,0.092452,-3.141587,0.000030,-0.000076
26.832590,-2.390013,-0.565025,-15.796251,-0.108000,-0.197375,0.037625,0.559559,-0.124772,0.092452,-3.141587,0.000030,-0.000080
26.836590,-2.390010,-0.565019,-15.796251,-0.108000,-0.197375,0.037625,0.559586,-0.124686,0.092453,-3.141587,0.000024,-0.000089
26.840589,-2.390014,-0.565026,-15.796251,-0.108000,-0.197375,0.037625,0.559638,-0.124511,0.092451,-3.141587,0.000030,-0.000094
26.844602,-2.390014,-0.565026,-15.796251,-0.108000,-0.197375,0.037625,0.559638,-0.124511,0.092451,-3.141587,0.000030,-0.000094
26.848593,-2.390014,-0.565026,-15.796251,-0.108000,-0.197375,0.037625,0.559694,-0.124337,0.092451,-3.141587,0.000031,-0.000086
26.852606,-2.390014,-0.565026,-15.796251,-0.108000,-0.197375,0.037625,0.559694,-0.124337,0.092451,-3.141587,0.000031,-0.000086
26.856599,-2.390011,-0.565021,-15.796251,-0.108000,-0.197375,0.037625,0.559721,-0.124248,0.092452,-3.141587,0.000025,-0.000070
26.860589,-2.390008,-0.565016,-15.796251,-0.108000,-0.197375,0.037625,0.559750,-0.124159,0.092454,-3.141587,0.000021,-0.000053
26.864588,-2.490011,-0.495021,-15.856251,-0.110000,-0.204375,0.037625,0.559776,-0.124073,0.092452,-3.141587,0.000026,-0.000042
26.868587,-2.490009,-0.495017,-15.856250,-0.110000,-0.204375,0.037625,0.559804,-0.123987,0.092455,-3.141587,0.000022,-0.000030
26.872555,-2.490012,-0.495024,-15.856251,-0.110000,-0.204375,0.037625,0.559837,-0.123878,0.092454,-3.141587,0.000028,-0.000011
26.876589,-2.490010,-0.495019,-15.856251,-0.110000,-0.204375,0.037625,0.559857,-0.123812,0.092455,-3.141587,0.000024,-0.000001
26.880590,-2.490013,-0.495025,-15.856251,-0.110000,-0.204375,0.037625,0.559910,-0.123637,0.092454,-3.141587,0.000030,0.000013
26.884589,-2.490013,-0.495025,-15.856251,-0.110000,-0.204375,0.037625,0.559910,-0.123637,0.092454,-3.141587,0.000030,0.000013
26.888589,-2.490011,-0.495020,-15.856251,-0.110000,-0.204375,0.037625,0.559938,-0.123551,0.092456,-3.141587,0.000025,0.000012
26.892590,-2.490014,-0.495026,-15.856251,-0.110000,-0.204375,0.037625,0.559964,-0.123465,0.092454,-3.141587,0.000031,0.000003
26.896589,-2.490014,-0.495027,-15.856251,-0.110000,-0.204375,0.037625,0.559991,-0.123376,0.092454,-3.141587,0.000032,-0.000001
26.900589,-2.490015,-0.495027,-15.856251,-0.110000,-0.204375,0.037625,0.560017,-0.123290,0.092455,-3.141587,0.000032,-0.000016
26.904589,-2.540012,-0.475023,-16.006251,-0.113000,-0.203375,0.037625,0.560045,-0.123204,0.092457,-3.141587,0.000028,-0.000031
26.908590,-2.540015,-0.475028,-16.006252,-0.113000,-0.203375,0.037625,0.560071,-0.123118,0.092455,-3.141587,0.000033,-0.000086
26.912590,-2.540019,-0.475036,-16.006252,-0.113000,-0.203375,0.037625,0.560097,-0.123029,0.092455,-3.141588,0.000041,-0.000097
26.916589,-2.540010,-0.475019,-16.006251,-0.113000,-0.203375,0.037625,0.560128,-0.122943,0.092459,-3.141587,0.000024,-0.000105
26.920556,-2.540013,-0.475025,-16.006251,-0.113000,-0.203375,0.037625,0.560159,-0.122834,0.092457,-3.141587,0.000030,-0.000080
26.924559,-2.540014,-0.475026,-16.006251,-0.113000,-0.203375,0.037625,0.560185,-0.122745,0.092458,-3.141587,0.000031,-0.000083
26.928584,-2.540011,-0.475021,-16.006251,-0.113000,-0.203375,0.037625,0.560214,-0.122659,0.092460,-3.141587,0.000026,-0.000078
26.932595,-2.540012,-0.475022,-16.006251,-0.113000,-0.203375,0.037625,0.560240,-0.122572,0.092460,-3.141587,0.000027,-0.000066
26.936589,-2.540012,-0.475023,-16.006251,-0.113000,-0.203375,0.037625,0.560265,-0.122489,0.092461,-3.141587,0.000028,-0.000052
26.940588,-2.540013,-0.565024,-16.026251,-0.110000,-0.200375,0.037625,0.560290,-0.122405,0.092461,-3.141587,0.000029,-0.000038
26.944597,-2.540013,-0.565025,-16.026251,-0.110000,-0.200375,0.037625,0.560316,-0.122321,0.092462,-3.141587,0.000030,-0.000017
26.948595,-2.540011,-0.565021,-16.026251,-0.110000,-0.200375,0.037625,0.560342,-0.122238,0.092465,-3.141587,0.000026,0.000003
26.952590,-2.540012,-0.565023,-16.026251,-0.110000,-0.200375,0.037625,0.560368,-0.122156,0.092466,-3.141587,0.000028,0.000013
26.956589,-2.540013,-0.565024,-16.026251,-0.110000,-0.200375,0.037625,0.560393,-0.122075,0.092467,-3.141587,0.000029,0.000022
26.960593,-2.540010,-0.565018,-16.026251,-0.110000,-0.200375,0.037625,0.560419,-0.121992,0.092468,-3.141587,0.000023,0.000030
26.964589,-2.540010,-0.565019,-16.026251,-0.110000,-0.200375,0.037625,0.560444,-0.121910,0.092468,-3.141587,0.000024,0.000026
26.968587,-2.540008,-0.565016,-16.026250,-0.110000,-0.200375,0.037625,0.560469,-0.121827,0.092471,-3.141587,0.000020,0.000027
26.972589,-2.540008,-0.565017,-16.026250,-0.110000,-0.200375,0.037625,0.560494,-0.121745,0.092471,-3.141587,0.000021,0.000009
26.976590,-2.540006,-0.565012,-16.026250,-0.110000,-0.200375,0.037625,0.560522,-0.121662,0.092474,-3.141587,0.000017,-0.000004
26.980589,-2.560009,-0.485018,-15.886251,-0.115000,-0.200375,0.037625,0.560545,-0.121578,0.092472,-3.141587,0.000023,-0.000017
26.984589,-2.560010,-0.485019,-15.886251,-0.115000,-0.200375,0.037625,0.560569,-0.121497,0.092473,-3.141587,0.000024,-0.000034
26.988590,-2.560010,-0.485020,-15.886251,-0.115000,-0.200375,0.037625,0.560594,-0.121413,0.092473,-3.141587,0.000025,-0.000047
26.992589,-2.560011,-0.485021,-15.886251,-0.115000,-0.200375,0.037625,0.560619,-0.121332,0.092474,-3.141587,0.000026,-0.000064
26.996596,-2.560011,-0.485022,-15.886251,-0.115000,-0.200375,0.037625,0.560644,-0.121248,0.092474,-3.141587,0.000027,-0.000077
27.000589,-2.560006,-0.485013,-15.886251,-0.115000,-0.200375,0.037625,0.560672,-0.121167,0.092479,-3.141587,0.000018,-0.000088
27.004590,-2.560009,-0.485018,-15.886251,-0.115000,-0.200375,0.037625,0.560697,-0.121083,0.092477,-3.141587,0.000023,-0.000094
27.008553,-2.560010,-0.485019,-15.886251,-0.115000,-0.200375,0.037625,0.560722,-0.120999,0.092477,-3.141587,0.000024,-0.000093
27.012588,-2.560008,-0.485015,-15.886251,-0.115000,-0.200375,0.037625,0.560747,-0.120915,0.092480,-3.141587,0.000020,-0.000079
27.016589,-2.560011,-0.485021,-15.886251,-0.115000,-0.200375,0.037625,0.560772,-0.120834,0.092478,-3.141587,0.000026,-0.000076
27.020589,-2.440009,-0.435017,-15.636251,-0.115000,-0.194375,0.035625,0.560797,-0.120750,0.092481,-3.141587,0.000022,-0.000055
27.024556,-2.420012,-0.445022,-15.576251,-0.114000,-0.194375,0.035625,0.560821,-0.120669,0.092479,-3.141587,0.000027,-0.000046
27.028548,-2.420010,-0.445019,-15.576251,-0.114000,-0.194375,0.035625,0.560847,-0.120585,0.092482,-3.141587,0.000024,-0.000032
27.032587,-2.420011,-0.445020,-15.576251,-0.114000,-0.194375,0.035625,0.560872,-0.120501,0.092483,-3.141587,0.000025,-0.000018
27.036589,-2.420008,-0.445015,-15.576251,-0.114000,-0.194375,0.035625,0.560898,-0.120423,0.092485,-3.141587,0.000020,-0.000019
27.040589,-2.420008,-0.445016,-15.576251,-0.114000,-0.194375,0.035625,0.560923,-0.120339,0.092485,-3.141587,0.000021,-0.000005
27.044590,-2.420008,-0.445015,-15.576251,-0.114000,-0.194375,0.035625,0.560948,-0.120257,0.092484,-3.141587,0.000020,-0.000009
27.048589,-2.420008,-0.445016,-15.576251,-0.114000,-0.194375,0.035625,0.560973,-0.120176,0.092484,-3.141587,0.000021,0.000000
27.052589,-2.420009,-0.445017,-15.576251,-0.114000,-0.194375,0.035625,0.560997,-0.120095,0.092485,-3.141587,0.000021,-0.000044
27.056553,-2.420010,-0.445019,-15.576251,-0.114000,-0.194375,0.035625,0.561023,-0.120014,0.092486,-3.141587,0.000024,-0.000054
27.060589,-2.350008,-0.505014,-15.416251,-0.109000,-0.193375,0.035625,0.561050,-0.119932,0.092488,-3.141587,0.000019,-0.000065
27.064590,-2.350008,-0.505015,-15.416251,-0.109000,-0.193375,0.035625,0.561079,-0.119831,0.092489,-3.141587,0.000020,-0.000040
27.068589,-2.350009,-0.505016,-15.416251,-0.109000,-0.193375,0.035625,0.561103,-0.119749,0.092489,-3.141587,0.000021,-0.000050
27.072588,-2.350012,-0.505021,-15.416251,-0.109000,-0.193375,0.035625,0.561127,-0.119668,0.092487,-3.141587,0.000026,-0.000068
27.076589,-2.350009,-0.505017,-15.416251,-0.109000,-0.193375,0.035625,0.561154,-0.119587,0.092489,-3.141587,0.000022,-0.000085
27.080590,-2.350010,-0.505018,-15.416251,-0.109000,-0.193375,0.035625,0.561179,-0.119505,0.092490,-3.141587,0.000023,-0.000096
27.084594,-2.350010,-0.505019,-15.416251,-0.109000,-0.193375,0.035625,0.561203,-0.119424,0.092490,-3.141587,0.000024,-0.000106
27.088594,-2.350011,-0.505019,-15.416251,-0.109000,-0.193375,0.035625,0.561228,-0.119340,0.092491,-3.141587,0.000024,-0.000099
27.092589,-2.350008,-0.505015,-15.416251,-0.109000,-0.193375,0.035625,0.561255,-0.119259,0.092493,-3.141587,0.000020,-0.000096
27.096588,-2.330011,-0.415020,-15.206251,-0.108000,-0.192375,0.034625,0.561279,-0.119177,0.092491,-3.141587,0.000025,-0.000087
27.100590,-2.330008,-0.415015,-15.206251,-0.108000,-0.192375,0.034625,0.561304,-0.119096,0.092492,-3.141587,0.000019,-0.000070
27.104594,-2.330008,-0.415015,-15.206251,-0.108000,-0.192375,0.034625,0.561328,-0.119014,0.092492,-3.141587,0.000020,-0.000054
27.108592,-2.330009,-0.415016,-15.206251,-0.108000,-0.192375,0.034625,0.561353,-0.118931,0.092493,-3.141587,0.000021,-0.000040
27.112609,-2.330006,-0.415012,-15.206251,-0.108000,-0.192375,0.034625,0.561379,-0.118852,0.092495,-3.141587,0.000017,-0.000035
27.116595,-2.330009,-0.415017,-15.206251,-0.108000,-0.192375,0.034625,0.561403,-0.118770,0.092493,-3.141587,0.000022,-0.000025
27.120589,-2.330010,-0.415018,-15.206251,-0.108000,-0.192375,0.034625,0.561427,-0.118689,0.092493,-3.141587,0.000023,-0.000016
27.124590,-2.330010,-0.415019,-15.206251,-0.108000,-0.192375,0.034625,0.561452,-0.118608,0.092494,-3.141587,0.000024,-0.000013
27.128564,-2.330011,-0.415020,-15.206251,-0.108000,-0.192375,0.034625,0.561476,-0.118526,0.092494,-3.141587,0.000025,-0.000010
27.132587,-2.330011,-0.415020,-15.206251,-0.108000,-0.192375,0.034625,0.561502,-0.118445,0.092494,-3.141587,0.000025,-0.000007
27.136589,-2.330011,-0.415021,-15.206251,-0.108000,-0.192375,0.034625,0.561526,-0.118363,0.092494,-3.141587,0.000026,-0.000004
27.140589,-2.380009,-0.445016,-15.096251,-0.107000,-0.193375,0.035625,0.561553,-0.118282,0.092497,-3.141587,0.000021,-0.000008
27.144590,-2.380009,-0.445017,-15.096251,-0.107000,-0.193375,0.035625,0.561578,-0.118198,0.092497,-3.141587,0.000022,-0.000014
27.148589,-2.380012,-0.445022,-15.096251,-0.107000,-0.193375,0.035625,0.561602,-0.118116,0.092495,-3.141587,0.000027,-0.000032
27.152589,-2.380010,-0.445018,-15.096251,-0.107000,-0.193375,0.035625,0.561628,-0.118035,0.092497,-3.141587,0.000023,-0.000049
27.156590,-2.380013,-0.445023,-15.096251,-0.107000,-0.193375,0.035625,0.561653,-0.117951,0.092495,-3.141587,0.000028,-0.000055
27.160589,-2.380010,-0.445019,-15.096251,-0.107000,-0.193375,0.035625,0.561679,-0.117869,0.092497,-3.141587,0.000024,-0.000066
27.164588,-2.380011,-0.445020,-15.096251,-0.107000,-0.193375,0.035625,0.561703,-0.117788,0.092498,-3.141587,0.000025,-0.000070
27.168588,-2.380011,-0.445020,-15.096251,-0.107000,-0.193375,0.035625,0.561730,-0.117704,0.092497,-3.141587,0.000025,-0.000069
27.172590,-2.380011,-0.445020,-15.096251,-0.107000,-0.193375,0.035625,0.561755,-0.117620,0.092498,-3.141587,0.000025,-0.000062
27.176589,-2.380011,-0.445020,-15.096251,-0.107000,-0.193375,0.035625,0.561780,-0.117541,0.092497,-3.141587,0.000025,-0.000104
27.180589,-2.460015,-0.455028,-15.096252,-0.108000,-0.193375,0.036625,0.561804,-0.117457,0.092497,-3.141588,0.000033,-0.000090
27.184589,-2.460012,-0.455023,-15.096251,-0.108000,-0.193375,0.036625,0.561837,-0.117353,0.092499,-3.141587,0.000028,-0.000040
27.188589,-2.460010,-0.455018,-15.096251,-0.108000,-0.193375,0.036625,0.561864,-0.117271,0.092501,-3.141587,0.000023,-0.000030
27.192589,-2.460013,-0.455023,-15.096251,-0.108000,-0.193375,0.036625,0.561887,-0.117190,0.092499,-3.141588,0.000029,-0.000020
27.196593,-2.460010,-0.455019,-15.096251,-0.108000,-0.193375,0.036625,0.561914,-0.117108,0.092501,-3.141587,0.000024,-0.000011
27.200589,-2.460011,-0.455020,-15.096251,-0.108000,-0.193375,0.036625,0.561938,-0.117024,0.092501,-3.141587,0.000025,-0.000004
27.204589,-2.460011,-0.455020,-15.096251,-0.108000,-0.193375,0.036625,0.561964,-0.116942,0.092501,-3.141587,0.000025,0.000006
27.208591,-2.460011,-0.455021,-15.096251,-0.108000,-0.193375,0.036625,0.561988,-0.116861,0.092501,-3.141587,0.000026,0.000009
27.212590,-2.460009,-0.455016,-15.096251,-0.108000,-0.193375,0.036625,0.562015,-0.116777,0.092503,-3.141587,0.000021,0.000016
27.216590,-2.470006,-0.445012,-15.096251,-0.108000,-0.193375,0.036625,0.562042,-0.116695,0.092506,-3.141587,0.000017,0.000019
27.220569,-2.460009,-0.505017,-15.106250,-0.106000,-0.191375,0.037625,0.562066,-0.116611,0.092504,-3.141587,0.000022,0.000026
27.224589,-2.460007,-0.505013,-15.106250,-0.106000,-0.191375,0.037625,0.562092,-0.116529,0.092506,-3.141587,0.000018,0.000023
27.228597,-2.460007,-0.505013,-15.106250,-0.106000,-0.191375,0.037625,0.562092,-0.116529,0.092506,-3.141587,0.000018,0.000023
27.232554,-2.460007,-0.505014,-15.106250,-0.106000,-0.191375,0.037625,0.562116,-0.116448,0.092506,-3.141587,0.000018,0.000019
27.236599,-2.460008,-0.505016,-15.106250,-0.106000,-0.191375,0.037625,0.562169,-0.116280,0.092507,-3.141587,0.000021,-0.000000
27.240592,-2.460006,-0.505011,-15.106250,-0.106000,-0.191375,0.037625,0.562196,-0.116193,0.092509,-3.141587,0.000016,-0.000009
27.244593,-2.460009,-0.505017,-15.106250,-0.106000,-0.191375,0.037625,0.562221,-0.116106,0.092507,-3.141587,0.000022,-0.000017
27.248589,-2.460006,-0.505012,-15.106250,-0.106000,-0.191375,0.037625,0.562247,-0.116022,0.092510,-3.141587,0.000017,-0.000023
27.252591,-2.460010,-0.505019,-15.106251,-0.106000,-0.191375,0.037625,0.562274,-0.115936,0.092509,-3.141587,0.000024,-0.000018
27.256589,-2.460008,-0.505014,-15.106250,-0.106000,-0.191375,0.037625,0.562301,-0.115846,0.092511,-3.141587,0.000019,-0.000015
27.260589,-2.360005,-0.545010,-15.086251,-0.104000,-0.189375,0.037625,0.562328,-0.115762,0.092513,-3.141587,0.000015,-0.000015
27.264554,-2.360005,-0.545010,-15.086251,-0.104000,-0.189375,0.037625,0.562355,-0.115675,0.092513,-3.141587,0.000015,-0.000016
27.268589,-2.360003,-0.545005,-15.086250,-0.104000,-0.189375,0.037625,0.562382,-0.115589,0.092515,-3.141587,0.000010,-0.000011
27.272589,-2.360003,-0.545005,-15.086250,-0.104000,-0.189375,0.037625,0.562382,-0.115589,0.092515,-3.141587,0.000010,-0.000011
27.276589,-2.360004,-0.545008,-15.086250,-0.104000,-0.189375,0.037625,0.562435,-0.115415,0.092516,-3.141587,0.000012,-0.000014
27.280589,-2.360004,-0.545008,-15.086250,-0.104000,-0.189375,0.037625,0.562462,-0.115331,0.092515,-3.141587,0.000012,-0.000020
27.284589,-2.360001,-0.545003,-15.086250,-0.104000,-0.189375,0.037625,0.562489,-0.115244,0.092518,-3.141586,0.000008,-0.000022
27.288588,-2.360001,-0.545003,-15.086250,-0.104000,-0.189375,0.037625,0.562516,-0.115157,0.092517,-3.141586,0.000008,-0.000017
27.292589,-2.359999,-0.544999,-15.086250,-0.104000,-0.189375,0.037625,0.562543,-0.115071,0.092519,-3.141586,0.000003,-0.000018
27.296589,-2.310002,-0.535005,-15.036250,-0.104000,-0.188375,0.035625,0.562569,-0.114984,0.092518,-3.141587,0.000010,-0.000013
27.300590,-2.280000,-0.505001,-14.866250,-0.104000,-0.187375,0.035625,0.562596,-0.114897,0.092521,-3.141586,0.000006,-0.000015
27.304592,-2.280000,-0.505001,-14.866250,-0.104000,-0.187375,0.035625,0.562622,-0.114813,0.092520,-3.141586,0.000006,-0.000021
27.308589,-2.280000,-0.505001,-14.866250,-0.104000,-0.187375,0.035625,0.562622,-0.114813,0.092520,-3.141586,0.000006,-0.000021
27.312589,-2.280001,-0.505003,-14.866250,-0.104000,-0.187375,0.035625,0.562675,-0.114642,0.092521,-3.141586,0.000008,-0.000036
27.316596,-2.280001,-0.505003,-14.866250,-0.104000,-0.187375,0.035625,0.562675,-0.114642,0.092521,-3.141586,0.000008,-0.000036
27.320593,-2.280002,-0.505005,-14.866250,-0.104000,-0.187375,0.035625,0.562728,-0.114468,0.092522,-3.141587,0.000010,-0.000086
27.324591,-2.279999,-0.505000,-14.866250,-0.104000,-0.187375,0.035625,0.562761,-0.114361,0.092524,-3.141586,0.000005,-0.000045
27.328590,-2.279999,-0.505000,-14.866250,-0.104000,-0.187375,0.035625,0.562787,-0.114274,0.092523,-3.141586,0.000005,-0.000046
27.332596,-2.279997,-0.504995,-14.866250,-0.104000,-0.187375,0.035625,0.562814,-0.114187,0.092526,-3.141586,0.000000,-0.000048
27.336555,-2.279997,-0.504995,-14.866250,-0.104000,-0.187375,0.035625,0.562814,-0.114187,0.092526,-3.141586,0.000000,-0.000048
27.340556,-2.339997,-0.404997,-14.576250,-0.105000,-0.189375,0.035625,0.562870,-0.114011,0.092526,-3.141586,0.000001,-0.000047
27.344590,-2.339995,-0.404992,-14.576249,-0.105000,-0.189375,0.035625,0.562897,-0.113924,0.092528,-3.141586,-0.000003,-0.000055
27.348587,-2.339998,-0.404999,-14.576250,-0.105000,-0.189375,0.035625,0.562923,-0.113837,0.092527,-3.141586,0.000004,-0.000057
27.352589,-2.339998,-0.404999,-14.576250,-0.105000,-0.189375,0.035625,0.562923,-0.113837,0.092527,-3.141586,0.000004,-0.000057
27.356597,-2.339999,-0.405000,-14.576250,-0.105000,-0.189375,0.035625,0.562978,-0.113661,0.092527,-3.141586,0.000005,-0.000069
27.360588,-2.339999,-0.405000,-14.576250,-0.105000,-0.189375,0.035625,0.562978,-0.113661,0.092527,-3.141586,0.000005,-0.000069
27.364551,-2.339999,-0.405000,-14.576250,-0.105000,-0.189375,0.035625,0.563005,-0.113572,0.092527,-3.141586,0.000005,-0.000066
27.368594,-2.339993,-0.404990,-14.576249,-0.105000,-0.189375,0.035625,0.563034,-0.113484,0.092531,-3.141586,-0.000005,-0.000068
27.372601,-2.339997,-0.404997,-14.576250,-0.105000,-0.189375,0.035625,0.563061,-0.113395,0.092530,-3.141586,0.000002,-0.000071
27.376596,-2.339997,-0.334997,-14.326250,-0.105000,-0.185375,0.035625,0.563114,-0.113219,0.092529,-3.141586,0.000002,-0.000077
27.380589,-2.339997,-0.334997,-14.326250,-0.105000,-0.185375,0.035625,0.563114,-0.113219,0.092529,-3.141586,0.000002,-0.000077
27.384589,-2.339994,-0.334992,-14.326249,-0.105000,-0.185375,0.035625,0.563143,-0.113132,0.092531,-3.141586,-0.000004,-0.000085
27.388605,-2.339998,-0.334998,-14.326250,-0.105000,-0.185375,0.035625,0.563169,-0.113045,0.092530,-3.141586,0.000003,-0.000087
27.392589,-2.339998,-0.334998,-14.326250,-0.105000,-0.185375,0.035625,0.563196,-0.112955,0.092529,-3.141586,0.000003,-0.000084
27.396595,-2.339992,-0.334989,-14.326249,-0.105000,-0.185375,0.035625,0.563225,-0.112868,0.092533,-3.141585,-0.000007,-0.000079
27.400590,-2.339996,-0.334995,-14.326250,-0.105000,-0.185375,0.035625,0.563277,-0.112692,0.092532,-3.141586,-0.000000,-0.000071
27.404592,-2.339996,-0.334995,-14.326250,-0.105000,-0.185375,0.035625,0.563277,-0.112692,0.092532,-3.141586,-0.000000,-0.000071
27.408588,-2.339996,-0.334995,-14.326250,-0.105000,-0.185375,0.035625,0.563304,-0.112605,0.092531,-3.141586,-0.000000,-0.000072
27.412589,-2.339997,-0.334996,-14.326250,-0.105000,-0.185375,0.035625,0.563332,-0.112518,0.092532,-3.141586,0.000001,-0.000067
27.416589,-2.339997,-0.334996,-14.326250,-0.105000,-0.185375,0.035625,0.563358,-0.112431,0.092532,-3.141586,0.000001,-0.000069
27.420595,-2.339997,-0.334996,-14.326250,-0.105000,-0.185375,0.035625,0.563385,-0.112342,0.092531,-3.141586,0.000001,-0.000066
27.424590,-2.329998,-0.464998,-14.226250,-0.101000,-0.182375,0.037625,0.563412,-0.112257,0.092532,-3.141586,0.000002,-0.000119
27.428590,-2.329999,-0.464999,-14.226250,-0.101000,-0.182375,0.037625,0.563441,-0.112168,0.092533,-3.141586,0.000004,-0.000123
27.432590,-2.330001,-0.465003,-14.226251,-0.101000,-0.182375,0.037625,0.563471,-0.112060,0.092530,-3.141586,0.000008,-0.000095
27.436589,-2.329999,-0.464999,-14.226250,-0.101000,-0.182375,0.037625,0.563498,-0.111973,0.092532,-3.141586,0.000004,-0.000097
27.440553,-2.330003,-0.465006,-14.226251,-0.101000,-0.182375,0.037625,0.563522,-0.111891,0.092531,-3.141587,0.000010,-0.000108
27.444587,-2.330003,-0.465006,-14.226251,-0.101000,-0.182375,0.037625,0.563522,-0.111891,0.092531,-3.141587,0.000010,-0.000108
27.448598,-2.330002,-0.465006,-14.226251,-0.101000,-0.182375,0.037625,0.563573,-0.111725,0.092530,-3.141587,0.000010,-0.000111
27.452594,-2.330000,-0.465001,-14.226250,-0.101000,-0.182375,0.037625,0.563599,-0.111641,0.092532,-3.141586,0.000006,-0.000110
27.456589,-2.330000,-0.465001,-14.226250,-0.101000,-0.182375,0.037625,0.563625,-0.111559,0.092532,-3.141586,0.000006,-0.000107
27.460589,-2.350001,-0.445003,-14.126250,-0.103000,-0.181375,0.036625,0.563649,-0.111477,0.092534,-3.141586,0.000008,-0.000098
27.464595,-2.350001,-0.445003,-14.126250,-0.103000,-0.181375,0.036625,0.563675,-0.111395,0.092533,-3.141586,0.000008,-0.000088
27.468595,-2.349999,-0.444999,-14.126250,-0.103000,-0.181375,0.036625,0.563700,-0.111313,0.092535,-3.141586,0.000004,-0.000079
27.472590,-2.349999,-0.444999,-14.126250,-0.103000,-0.181375,0.036625,0.563726,-0.111229,0.092535,-3.141586,0.000004,-0.000058
27.476590,-2.349999,-0.445000,-14.126250,-0.103000,-0.181375,0.036625,0.563757,-0.111126,0.092536,-3.141586,0.000005,-0.000053
27.480588,-2.350000,-0.445001,-14.126250,-0.103000,-0.181375,0.036625,0.563776,-0.111062,0.092536,-3.141586,0.000006,-0.000041
27.484589,-2.350003,-0.445006,-14.126250,-0.103000,-0.181375,0.036625,0.563799,-0.110980,0.092534,-3.141587,0.000011,-0.000031
27.488590,-2.350001,-0.445002,-14.126250,-0.103000,-0.181375,0.036625,0.563825,-0.110896,0.092536,-3.141586,0.000007,-0.000017
27.492590,-2.350001,-0.445002,-14.126250,-0.103000,-0.181375,0.036625,0.563851,-0.110811,0.092536,-3.141586,0.000007,-0.000017
27.496589,-2.349998,-0.444997,-14.126250,-0.103000,-0.181375,0.036625,0.563876,-0.110732,0.092538,-3.141586,0.000002,-0.000018
27.500558,-2.240002,-0.485004,-14.176250,-0.101000,-0.179375,0.035625,0.563901,-0.110647,0.092537,-3.141587,0.000009,-0.000011
27.504589,-2.240002,-0.485004,-14.176250,-0.101000,-0.179375,0.035625,0.563926,-0.110565,0.092537,-3.141587,0.000009,-0.000022
27.508589,-2.240002,-0.485004,-14.176250,-0.101000,-0.179375,0.035625,0.563951,-0.110481,0.092536,-3.141587,0.000009,-0.000028
27.512589,-2.239999,-0.485000,-14.176250,-0.101000,-0.179375,0.035625,0.563977,-0.110399,0.092538,-3.141586,0.000004,-0.000038
27.516589,-2.240000,-0.485001,-14.176250,-0.101000,-0.179375,0.035625,0.564004,-0.110314,0.092539,-3.141586,0.000006,-0.000038
27.520553,-2.239997,-0.484996,-14.176250,-0.101000,-0.179375,0.035625,0.564029,-0.110232,0.092541,-3.141586,0.000001,-0.000089
27.524593,-2.239997,-0.484996,-14.176250,-0.101000,-0.179375,0.035625,0.564054,-0.110150,0.092541,-3.141586,0.000001,-0.000100
27.528589,-2.240001,-0.485002,-14.176250,-0.101000,-0.179375,0.035625,0.564085,-0.110045,0.092539,-3.141586,0.000007,-0.000063
27.532595,-2.240001,-0.485002,-14.176250,-0.101000,-0.179375,0.035625,0.564110,-0.109963,0.092539,-3.141586,0.000007,-0.000073
27.536589,-2.239999,-0.484999,-14.176250,-0.101000,-0.179375,0.035625,0.564137,-0.109881,0.092542,-3.141586,0.000004,-0.000071
27.540589,-2.239999,-0.484999,-14.176250,-0.101000,-0.179375,0.035625,0.564162,-0.109799,0.092542,-3.141586,0.000004,-0.000075
27.544560,-2.189999,-0.444999,-14.026250,-0.099000,-0.178375,0.034625,0.564187,-0.109717,0.092541,-3.141586,0.000004,-0.000065
27.548551,-2.190000,-0.445000,-14.026250,-0.099000,-0.178375,0.034625,0.564213,-0.109638,0.092542,-3.141586,0.000005,-0.000060
27.552591,-2.189999,-0.445000,-14.026250,-0.099000,-0.178375,0.034625,0.564238,-0.109556,0.092542,-3.141586,0.000005,-0.000044
27.556589,-2.189999,-0.445000,-14.026250,-0.099000,-0.178375,0.034625,0.564263,-0.109473,0.092541,-3.141586,0.000005,-0.000027
27.560589,-2.189999,-0.445000,-14.026250,-0.099000,-0.178375,0.034625,0.564288,-0.109391,0.092541,-3.141586,0.000005,-0.000011
27.564593,-2.189999,-0.445000,-14.026250,-0.099000,-0.178375,0.034625,0.564313,-0.109309,0.092541,-3.141586,0.000005,0.000005
27.568587,-2.189994,-0.444991,-14.026249,-0.099000,-0.178375,0.034625,0.564340,-0.109230,0.092544,-3.141586,-0.000005,0.000010
27.572590,-2.189998,-0.444997,-14.026249,-0.099000,-0.178375,0.034625,0.564364,-0.109148,0.092543,-3.141586,0.000002,0.000020
27.576589,-2.189994,-0.444992,-14.026249,-0.099000,-0.178375,0.034625,0.564391,-0.109065,0.092545,-3.141586,-0.000004,0.000030
27.580590,-2.249998,-0.384997,-13.876250,-0.100000,-0.180375,0.034625,0.564414,-0.108984,0.092543,-3.141586,0.000002,0.000032
27.584589,-2.249998,-0.384998,-13.876250,-0.100000,-0.180375,0.034625,0.564440,-0.108901,0.092543,-3.141586,0.000003,0.000035
27.588589,-2.249998,-0.384998,-13.876250,-0.100000,-0.180375,0.034625,0.564464,-0.108822,0.092543,-3.141586,0.000003,0.000027
27.592589,-2.249998,-0.384998,-13.876250,-0.100000,-0.180375,0.034625,0.564489,-0.108740,0.092543,-3.141586,0.000003,0.000016
27.596590,-2.249995,-0.384993,-13.876250,-0.100000,-0.180375,0.034625,0.564516,-0.108658,0.092544,-3.141586,-0.000002,0.000012
27.600589,-2.250002,-0.385004,-13.876250,-0.100000,-0.180375,0.034625,0.564540,-0.108578,0.092541,-3.141587,0.000009,-0.000003
27.604589,-2.249999,-0.384999,-13.876250,-0.100000,-0.180375,0.034625,0.564566,-0.108498,0.092542,-3.141586,0.000003,-0.000018
27.608590,-2.249999,-0.384999,-13.876250,-0.100000,-0.180375,0.034625,0.564591,-0.108414,0.092542,-3.141586,0.000003,-0.000031
27.612589,-2.250003,-0.385005,-13.876250,-0.100000,-0.180375,0.034625,0.564616,-0.108332,0.092541,-3.141587,0.000010,-0.000041
27.616596,-2.259999,-0.365000,-13.846250,-0.101000,-0.180375,0.034625,0.564642,-0.108252,0.092542,-3.141586,0.000005,-0.000057
27.620555,-2.259999,-0.395000,-13.856250,-0.102000,-0.178375,0.034625,0.564666,-0.108172,0.092541,-3.141586,0.000005,-0.000072
27.624590,-2.260002,-0.395004,-13.856250,-0.102000,-0.178375,0.034625,0.564691,-0.108088,0.092539,-3.141587,0.000009,-0.000071
27.628593,-2.259999,-0.394999,-13.856250,-0.102000,-0.178375,0.034625,0.564718,-0.108005,0.092540,-3.141586,0.000004,-0.000062
27.632595,-2.259999,-0.394999,-13.856250,-0.102000,-0.178375,0.034625,0.564743,-0.107923,0.092540,-3.141586,0.000004,-0.000052
27.636589,-2.260003,-0.395006,-13.856250,-0.102000,-0.178375,0.034625,0.564767,-0.107841,0.092539,-3.141587,0.000011,-0.000029
27.640589,-2.260003,-0.395006,-13.856250,-0.102000,-0.178375,0.034625,0.564792,-0.107759,0.092538,-3.141587,0.000011,-0.000013
27.644594,-2.260003,-0.395006,-13.856250,-0.102000,-0.178375,0.034625,0.564817,-0.107674,0.092538,-3.141587,0.000011,0.000008
27.648557,-2.260003,-0.395006,-13.856250,-0.102000,-0.178375,0.034625,0.564841,-0.107595,0.092538,-3.141587,0.000011,-0.000014
27.652547,-2.260000,-0.395000,-13.856250,-0.102000,-0.178375,0.034625,0.564868,-0.107510,0.092539,-3.141586,0.000005,0.000000
27.656588,-2.260003,-0.395006,-13.856250,-0.102000,-0.178375,0.034625,0.564898,-0.107410,0.092537,-3.141587,0.000011,0.000035
27.660562,-2.260003,-0.515006,-14.036250,-0.098000,-0.178375,0.035625,0.564918,-0.107348,0.092537,-3.141587,0.000011,0.000002
27.664566,-2.260000,-0.515001,-14.036250,-0.098000,-0.178375,0.035625,0.564950,-0.107243,0.092538,-3.141586,0.000006,0.000031
27.668596,-2.260000,-0.515001,-14.036250,-0.098000,-0.178375,0.035625,0.564974,-0.107161,0.092538,-3.141586,0.000006,0.000028
27.672589,-2.260002,-0.515005,-14.036250,-0.098000,-0.178375,0.035625,0.564999,-0.107078,0.092535,-3.141587,0.000010,0.000017
27.676592,-2.259999,-0.515000,-14.036250,-0.098000,-0.178375,0.035625,0.565025,-0.106996,0.092536,-3.141586,0.000005,0.000006
27.680589,-2.260003,-0.515006,-14.036250,-0.098000,-0.178375,0.035625,0.565049,-0.106914,0.092535,-3.141587,0.000011,-0.000004
27.684589,-2.260003,-0.515006,-14.036250,-0.098000,-0.178375,0.035625,0.565074,-0.106832,0.092535,-3.141587,0.000011,-0.000022
27.688589,-2.260000,-0.515001,-14.036250,-0.098000,-0.178375,0.035625,0.565101,-0.106749,0.092536,-3.141586,0.000006,-0.000039
27.692590,-2.260000,-0.515001,-14.036250,-0.098000,-0.178375,0.035625,0.565125,-0.106667,0.092536,-3.141586,0.000006,-0.000050
27.696589,-2.290000,-0.505001,-14.256250,-0.102000,-0.182375,0.036625,0.565150,-0.106585,0.092535,-3.141586,0.000006,-0.000067
27.700590,-2.290001,-0.505002,-14.256250,-0.102000,-0.182375,0.036625,0.565176,-0.106503,0.092536,-3.141586,0.000007,-0.000078
27.704590,-2.290001,-0.505002,-14.256250,-0.102000,-0.182375,0.036625,0.565200,-0.106420,0.092536,-3.141586,0.000007,-0.000082
27.708588,-2.290001,-0.505002,-14.256250,-0.102000,-0.182375,0.036625,0.565225,-0.106338,0.092535,-3.141586,0.000007,-0.000085
27.712604,-2.290001,-0.505002,-14.256250,-0.102000,-0.182375,0.036625,0.565249,-0.106256,0.092535,-3.141586,0.000007,-0.000076
27.716589,-2.290002,-0.505004,-14.256250,-0.102000,-0.182375,0.036625,0.565276,-0.106171,0.092536,-3.141587,0.000008,-0.000062
27.720589,-2.290002,-0.505004,-14.256250,-0.102000,-0.182375,0.036625,0.565300,-0.106091,0.092535,-3.141587,0.000008,-0.000057
27.724590,-2.289998,-0.504998,-14.256250,-0.102000,-0.182375,0.036625,0.565326,-0.106009,0.092537,-3.141586,0.000003,-0.000047
27.728589,-2.289998,-0.504998,-14.256250,-0.102000,-0.182375,0.036625,0.565351,-0.105924,0.092536,-3.141586,0.000003,-0.000033
27.732589,-2.289999,-0.505000,-14.256250,-0.102000,-0.182375,0.036625,0.565377,-0.105842,0.092537,-3.141586,0.000004,-0.000023
27.736589,-2.289999,-0.505000,-14.256250,-0.102000,-0.182375,0.036625,0.565403,-0.105754,0.092537,-3.141586,0.000004,-0.000012
27.740589,-2.259996,-0.474994,-14.376250,-0.103000,-0.182375,0.034625,0.565429,-0.105672,0.092538,-3.141586,-0.000001,-0.000009
27.744589,-2.259996,-0.474994,-14.376250,-0.103000,-0.182375,0.034625,0.565429,-0.105672,0.092538,-3.141586,-0.000001,-0.000009
27.748590,-2.259993,-0.474989,-14.376249,-0.103000,-0.182375,0.034625,0.565457,-0.105584,0.092539,-3.141585,-0.000006,-0.000010
27.752595,-2.259996,-0.474995,-14.376250,-0.103000,-0.182375,0.034625,0.565508,-0.105412,0.092537,-3.141586,-0.000001,-0.000018
27.756557,-2.259996,-0.474995,-14.376250,-0.103000,-0.182375,0.034625,0.565508,-0.105412,0.092537,-3.141586,-0.000001,-0.000018
27.760589,-2.259996,-0.474995,-14.376250,-0.103000,-0.182375,0.034625,0.565562,-0.105240,0.092537,-3.141586,-0.000000,-0.000039
27.764589,-2.259993,-0.474990,-14.376249,-0.103000,-0.182375,0.034625,0.565589,-0.105152,0.092538,-3.141585,-0.000006,-0.000048
27.768596,-2.259993,-0.474990,-14.376250,-0.103000,-0.182375,0.034625,0.565618,-0.105067,0.092538,-3.141585,-0.000005,-0.000108
27.772592,-2.259993,-0.474990,-14.376250,-0.103000,-0.182375,0.034625,0.565618,-0.105067,0.092538,-3.141585,-0.000005,-0.000108
27.776590,-2.259993,-0.474989,-14.376249,-0.103000,-0.182375,0.034625,0.565649,-0.104959,0.092537,-3.141585,-0.000006,-0.000080
27.780597,-2.249996,-0.494995,-14.426250,-0.102000,-0.183375,0.036625,0.565675,-0.104874,0.092535,-3.141586,-0.000000,-0.000093
27.784595,-2.270000,-0.525001,-14.486250,-0.100000,-0.187375,0.035625,0.565701,-0.104789,0.092533,-3.141586,0.000006,-0.000099
27.788591,-2.269997,-0.524996,-14.486249,-0.100000,-0.187375,0.035625,0.565755,-0.104614,0.092533,-3.141586,-0.000001,-0.000095
27.792592,-2.270003,-0.525006,-14.486250,-0.100000,-0.187375,0.035625,0.565779,-0.104529,0.092530,-3.141587,0.000010,-0.000095
27.796590,-2.270003,-0.525006,-14.486250,-0.100000,-0.187375,0.035625,0.565779,-0.104529,0.092530,-3.141587,0.000010,-0.000095
27.800589,-2.270000,-0.525000,-14.486250,-0.100000,-0.187375,0.035625,0.565806,-0.104444,0.092531,-3.141586,0.000005,-0.000087
27.804589,-2.269998,-0.524999,-14.486250,-0.100000,-0.187375,0.035625,0.565860,-0.104271,0.092529,-3.141586,0.000003,-0.000068
27.808592,-2.270002,-0.525004,-14.486250,-0.100000,-0.187375,0.035625,0.565886,-0.104184,0.092527,-3.141587,0.000009,-0.000050
27.812589,-2.270002,-0.525004,-14.486250,-0.100000,-0.187375,0.035625,0.565886,-0.104184,0.092527,-3.141587,0.000009,-0.000050
27.816592,-2.270001,-0.525003,-14.486250,-0.100000,-0.187375,0.035625,0.565913,-0.104099,0.092526,-3.141587,0.000008,-0.000036
27.820594,-2.260004,-0.505008,-14.586250,-0.100000,-0.187375,0.034625,0.565965,-0.103929,0.092523,-3.141587,0.000013,-0.000028
27.824591,-2.259998,-0.504998,-14.586250,-0.100000,-0.187375,0.034625,0.565995,-0.103841,0.092526,-3.141586,0.000002,-0.000023
27.828593,-2.260001,-0.505003,-14.586250,-0.100000,-0.187375,0.034625,0.566020,-0.103756,0.092524,-3.141587,0.000008,-0.000022
27.832589,-2.260001,-0.505003,-14.586250,-0.100000,-0.187375,0.034625,0.566020,-0.103756,0.092524,-3.141587,0.000008,-0.000022
27.836591,-2.260001,-0.505002,-14.586250,-0.100000,-0.187375,0.034625,0.566047,-0.103671,0.092523,-3.141586,0.000007,-0.000028
27.840591,-2.260001,-0.505003,-14.586250,-0.100000,-0.187375,0.034625,0.566099,-0.103503,0.092523,-3.141587,0.000008,-0.000045
27.844589,-2.260001,-0.505003,-14.586250,-0.100000,-0.187375,0.034625,0.566099,-0.103503,0.092523,-3.141587,0.000008,-0.000045
27.848589,-2.260001,-0.505002,-14.586250,-0.100000,-0.187375,0.034625,0.566126,-0.103418,0.092521,-3.141586,0.000007,-0.000051
27.852589,-2.260001,-0.505002,-14.586250,-0.100000,-0.187375,0.034625,0.566153,-0.103335,0.092521,-3.141586,0.000007,-0.000062
27.856590,-2.260001,-0.505002,-14.586250,-0.100000,-0.187375,0.034625,0.566153,-0.103335,0.092521,-3.141586,0.000007,-0.000062
27.860555,-2.260001,-0.505002,-14.586250,-0.100000,-0.187375,0.034625,0.566153,-0.103335,0.092521,-3.141586,0.000007,-0.000062
27.864588,-2.400000,-0.485001,-14.956250,-0.104000,-0.193375,0.036625,0.566237,-0.103064,0.092519,-3.141586,0.000006,-0.000087
27.868588,-2.400001,-0.485002,-14.956250,-0.104000,-0.193375,0.036625,0.566262,-0.102982,0.092520,-3.141586,0.000007,-0.000084
27.872589,-2.400000,-0.485001,-14.956250,-0.104000,-0.193375,0.036625,0.566289,-0.102897,0.092518,-3.141586,0.000006,-0.000070
27.876551,-2.400000,-0.485001,-14.956250,-0.104000,-0.193375,0.036625,0.566315,-0.102814,0.092517,-3.141586,0.000005,-0.000067
27.880595,-2.399997,-0.484996,-14.956250,-0.104000,-0.193375,0.036625,0.566349,-0.102708,0.092519,-3.141586,0.000000,-0.000057
27.884597,-2.399997,-0.484996,-14.956250,-0.104000,-0.193375,0.036625,0.566349,-0.102708,0.092519,-3.141586,0.000000,-0.000057
27.888595,-2.399998,-0.484997,-14.956250,-0.104000,-0.193375,0.036625,0.566394,-0.102563,0.092519,-3.141586,0.000002,-0.000034
27.892592,-2.399998,-0.484997,-14.956250,-0.104000,-0.193375,0.036625,0.566419,-0.102478,0.092519,-3.141586,0.000002,-0.000026
27.896589,-2.399997,-0.484996,-14.956250,-0.104000,-0.193375,0.036625,0.566445,-0.102396,0.092518,-3.141586,0.000001,-0.000017
27.900592,-2.399994,-0.484991,-14.956249,-0.104000,-0.193375,0.036625,0.566471,-0.102313,0.092519,-3.141586,-0.000005,-0.000014
27.904589,-2.559997,-0.484997,-15.326250,-0.109000,-0.199375,0.038625,0.566496,-0.102228,0.092517,-3.141586,0.000001,0.000000
27.908554,-2.559994,-0.484991,-15.326249,-0.109000,-0.199375,0.038625,0.566523,-0.102145,0.092518,-3.141586,-0.000004,0.000003
27.912589,-2.559998,-0.484998,-15.326250,-0.109000,-0.199375,0.038625,0.566546,-0.102060,0.092517,-3.141586,0.000003,0.000004
27.916589,-2.559997,-0.484997,-15.326250,-0.109000,-0.199375,0.038625,0.566572,-0.101978,0.092516,-3.141586,0.000002,0.000007
27.920589,-2.559998,-0.484998,-15.326250,-0.109000,-0.199375,0.038625,0.566598,-0.101893,0.092517,-3.141586,0.000003,0.000014
27.924589,-2.559998,-0.484997,-15.326250,-0.109000,-0.199375,0.038625,0.566624,-0.101810,0.092516,-3.141586,0.000002,0.000010
27.928589,-2.559994,-0.484992,-15.326249,-0.109000,-0.199375,0.038625,0.566650,-0.101727,0.092517,-3.141586,-0.000003,-0.000001
27.932588,-2.559995,-0.484993,-15.326249,-0.109000,-0.199375,0.038625,0.566676,-0.101642,0.092518,-3.141586,-0.000002,-0.000007
27.936589,-2.559998,-0.484998,-15.326250,-0.109000,-0.199375,0.038625,0.566699,-0.101559,0.092515,-3.141586,0.000002,-0.000017
27.940589,-2.549995,-0.504992,-15.546250,-0.110000,-0.199375,0.037625,0.566725,-0.101477,0.092516,-3.141586,-0.000003,-0.000021
27.944590,-2.549995,-0.504992,-15.546250,-0.110000,-0.199375,0.037625,0.566748,-0.101399,0.092516,-3.141586,-0.000003,-0.000034
27.948591,-2.549998,-0.504998,-15.546250,-0.110000,-0.199375,0.037625,0.566773,-0.101314,0.092514,-3.141586,0.000003,-0.000027
27.952592,-2.549995,-0.504993,-15.546250,-0.110000,-0.199375,0.037625,0.566799,-0.101231,0.092515,-3.141586,-0.000003,-0.000024
27.956589,-2.549995,-0.504993,-15.546250,-0.110000,-0.199375,0.037625,0.566823,-0.101151,0.092515,-3.141586,-0.000003,-0.000019
27.960590,-2.549994,-0.504992,-15.546250,-0.110000,-0.199375,0.037625,0.566848,-0.101069,0.092514,-3.141586,-0.000003,-0.000050
27.964553,-2.549998,-0.504999,-15.546250,-0.110000,-0.199375,0.037625,0.566871,-0.100986,0.092513,-3.141586,0.000003,-0.000040
27.968595,-2.549999,-0.504999,-15.546250,-0.110000,-0.199375,0.037625,0.566902,-0.100886,0.092513,-3.141586,0.000004,-0.000006
27.972590,-2.549998,-0.504998,-15.546250,-0.110000,-0.199375,0.037625,0.566927,-0.100803,0.092512,-3.141586,0.000003,-0.000003
27.976592,-2.550002,-0.505005,-15.546250,-0.110000,-0.199375,0.037625,0.566950,-0.100723,0.092511,-3.141587,0.000009,-0.000005
27.980594,-2.549999,-0.504999,-15.546250,-0.110000,-0.199375,0.037625,0.566976,-0.100640,0.092512,-3.141586,0.000004,-0.000002
27.984546,-2.469998,-0.534999,-15.746250,-0.110000,-0.199375,0.037625,0.567001,-0.100557,0.092511,-3.141586,0.000003,0.000001
27.988551,-2.469998,-0.534999,-15.746250,-0.110000,-0.199375,0.037625,0.567025,-0.100475,0.092510,-3.141586,0.000003,0.000011
27.992594,-2.469998,-0.534998,-15.746250,-0.110000,-0.199375,0.037625,0.567051,-0.100392,0.092509,-3.141586,0.000002,0.000007
27.996589,-2.469999,-0.534999,-15.746250,-0.110000,-0.199375,0.037625,0.567076,-0.100309,0.092510,-3.141586,0.000004,0.000010
28.000589,-2.469998,-0.534998,-15.746250,-0.110000,-0.199375,0.037625,0.567101,-0.100229,0.092509,-3.141586,0.000003,0.000008
28.004592,-2.469999,-0.534999,-15.746250,-0.110000,-0.199375,0.037625,0.567126,-0.100146,0.092510,-3.141586,0.000004,0.000004
28.008590,-2.469999,-0.534999,-15.746250,-0.110000,-0.199375,0.037625,0.567150,-0.100064,0.092509,-3.141586,0.000004,0.000000
28.012551,-2.470003,-0.535005,-15.746250,-0.110000,-0.199375,0.037625,0.567174,-0.099981,0.092507,-3.141587,0.000010,-0.000004
28.016551,-2.519999,-0.415000,-15.906250,-0.115000,-0.205375,0.036625,0.567200,-0.099901,0.092509,-3.141586,0.000004,-0.000012
28.020550,-2.519999,-0.414999,-15.906250,-0.115000,-0.205375,0.036625,0.567225,-0.099818,0.092508,-3.141586,0.000004,-0.000016
28.024551,-2.519999,-0.414999,-15.906250,-0.115000,-0.205375,0.036625,0.567256,-0.099715,0.092507,-3.141586,0.000004,-0.000018
28.028588,-2.519999,-0.414999,-15.906250,-0.115000,-0.205375,0.036625,0.567256,-0.099715,0.092507,-3.141586,0.000004,-0.000018
28.032552,-2.520000,-0.415001,-15.906250,-0.115000,-0.205375,0.036625,0.567301,-0.099570,0.092508,-3.141586,0.000005,-0.000021
28.036589,-2.519999,-0.415000,-15.906250,-0.115000,-0.205375,0.036625,0.567327,-0.099484,0.092507,-3.141586,0.000004,-0.000020
28.040589,-2.520000,-0.415001,-15.906250,-0.115000,-0.205375,0.036625,0.567352,-0.099401,0.092507,-3.141586,0.000006,-0.000024
28.044589,-2.520004,-0.415007,-15.906250,-0.115000,-0.205375,0.036625,0.567377,-0.099316,0.092505,-3.141587,0.000012,-0.000030
28.048589,-2.520001,-0.415003,-15.906250,-0.115000,-0.205375,0.036625,0.567405,-0.099228,0.092508,-3.141587,0.000007,-0.000025
28.052592,-2.520000,-0.415002,-15.906250,-0.115000,-0.205375,0.036625,0.567431,-0.099143,0.092507,-3.141586,0.000007,-0.000038
28.056589,-2.520001,-0.415002,-15.906250,-0.115000,-0.205375,0.036625,0.567458,-0.099057,0.092507,-3.141587,0.000007,-0.000044
28.060589,-2.520001,-0.415002,-15.906250,-0.115000,-0.205375,0.036625,0.567458,-0.099057,0.092507,-3.141587,0.000007,-0.000044
28.064589,-2.519998,-0.414997,-15.906250,-0.115000,-0.205375,0.036625,0.567492,-0.098951,0.092508,-3.141586,0.000002,-0.000048
28.068553,-2.619995,-0.354993,-16.176250,-0.119000,-0.210375,0.037625,0.567546,-0.098777,0.092509,-3.141586,-0.000003,-0.000056
28.072552,-2.619996,-0.354994,-16.176250,-0.119000,-0.210375,0.037625,0.567571,-0.098692,0.092510,-3.141586,-0.000002,-0.000062
28.076588,-2.619996,-0.354994,-16.176250,-0.119000,-0.210375,0.037625,0.567598,-0.098606,0.092510,-3.141586,-0.000001,-0.000061
28.080592,-2.619993,-0.354989,-16.176250,-0.119000,-0.210375,0.037625,0.567632,-0.098498,0.092512,-3.141585,-0.000006,-0.000067
28.084554,-2.619997,-0.354996,-16.176250,-0.119000,-0.210375,0.037625,0.567651,-0.098435,0.092510,-3.141586,0.000001,-0.000074
28.088588,-2.619994,-0.354991,-16.176250,-0.119000,-0.210375,0.037625,0.567677,-0.098350,0.092512,-3.141585,-0.000005,-0.000073
28.092589,-2.619991,-0.354987,-16.176249,-0.119000,-0.210375,0.037625,0.567705,-0.098264,0.092514,-3.141585,-0.000009,-0.000079
28.096550,-2.609995,-0.454992,-16.366249,-0.116000,-0.209375,0.037625,0.567730,-0.098176,0.092512,-3.141586,-0.000003,-0.000074
28.100551,-2.609992,-0.454988,-16.366249,-0.116000,-0.209375,0.037625,0.567757,-0.098093,0.092515,-3.141585,-0.000007,-0.000078
28.104550,-2.609988,-0.454982,-16.366249,-0.116000,-0.209375,0.037625,0.567786,-0.098005,0.092515,-3.141585,-0.000013,-0.000073
28.108589,-2.609986,-0.454978,-16.366249,-0.116000,-0.209375,0.037625,0.567813,-0.097922,0.092518,-3.141584,-0.000017,-0.000070
28.112589,-2.609989,-0.454984,-16.366249,-0.116000,-0.209375,0.037625,0.567838,-0.097837,0.092516,-3.141585,-0.000012,-0.000076
28.116595,-2.609989,-0.454984,-16.366249,-0.116000,-0.209375,0.037625,0.567838,-0.097837,0.092516,-3.141585,-0.000012,-0.000076
28.120551,-2.609987,-0.454981,-16.366249,-0.116000,-0.209375,0.037625,0.567892,-0.097665,0.092518,-3.141584,-0.000015,-0.000061
28.124594,-2.609985,-0.454977,-16.366249,-0.116000,-0.209375,0.037625,0.567920,-0.097580,0.092521,-3.141584,-0.000019,-0.000061
28.128588,-2.609982,-0.454973,-16.366248,-0.116000,-0.209375,0.037625,0.567947,-0.097494,0.092523,-3.141584,-0.000023,-0.000067
28.132595,-2.609986,-0.454978,-16.366249,-0.116000,-0.209375,0.037625,0.567972,-0.097409,0.092521,-3.141584,-0.000018,-0.000073
28.136595,-2.609983,-0.454974,-16.366248,-0.116000,-0.209375,0.037625,0.568000,-0.097323,0.092524,-3.141584,-0.000022,-0.000086
28.140590,-2.629984,-0.534975,-16.346249,-0.116000,-0.206375,0.038625,0.568027,-0.097235,0.092523,-3.141584,-0.000021,-0.000087
28.144603,-2.629984,-0.534975,-16.346249,-0.116000,-0.206375,0.038625,0.568055,-0.097146,0.092523,-3.141584,-0.000021,-0.000096
28.148596,-2.629981,-0.534971,-16.346249,-0.116000,-0.206375,0.038625,0.568082,-0.097061,0.092526,-3.141584,-0.000025,-0.000109
28.152595,-2.629981,-0.534971,-16.346249,-0.116000,-0.206375,0.038625,0.568082,-0.097061,0.092526,-3.141584,-0.000025,-0.000109
28.156589,-2.629982,-0.534972,-16.346249,-0.116000,-0.206375,0.038625,0.568110,-0.096972,0.092526,-3.141584,-0.000024,-0.000144
28.160589,-2.629979,-0.534968,-16.346249,-0.116000,-0.206375,0.038625,0.568141,-0.096884,0.092528,-3.141583,-0.000028,-0.000145
28.164589,-2.629979,-0.534968,-16.346249,-0.116000,-0.206375,0.038625,0.568141,-0.096884,0.092528,-3.141583,-0.000028,-0.000145
28.168608,-2.629980,-0.534969,-16.346249,-0.116000,-0.206375,0.038625,0.568172,-0.096775,0.092528,-3.141583,-0.000028,-0.000104
28.172555,-2.629980,-0.534970,-16.346249,-0.116000,-0.206375,0.038625,0.568226,-0.096604,0.092528,-3.141583,-0.000027,-0.000096
28.176550,-2.629978,-0.534966,-16.346248,-0.116000,-0.206375,0.038625,0.568254,-0.096515,0.092530,-3.141583,-0.000031,-0.000091
28.180591,-2.629978,-0.534966,-16.346248,-0.116000,-0.206375,0.038625,0.568282,-0.096427,0.092530,-3.141583,-0.000030,-0.000073
28.184589,-2.509978,-0.524966,-16.116248,-0.115000,-0.200375,0.037625,0.568309,-0.096341,0.092530,-3.141583,-0.000030,-0.000065
28.188590,-2.509976,-0.524963,-16.116248,-0.115000,-0.200375,0.037625,0.568363,-0.096167,0.092532,-3.141583,-0.000034,-0.000039
28.192590,-2.509976,-0.524963,-16.116248,-0.115000,-0.200375,0.037625,0.568363,-0.096167,0.092532,-3.141583,-0.000034,-0.000039
28.196589,-2.509979,-0.524969,-16.116248,-0.115000,-0.200375,0.037625,0.568389,-0.096079,0.092530,-3.141583,-0.000028,-0.000034
28.200591,-2.509981,-0.524972,-16.116248,-0.115000,-0.200375,0.037625,0.568443,-0.095905,0.092532,-3.141584,-0.000025,-0.000028
28.204589,-2.509981,-0.524972,-16.116248,-0.115000,-0.200375,0.037625,0.568443,-0.095905,0.092532,-3.141584,-0.000025,-0.000028
28.208589,-2.509981,-0.524972,-16.116248,-0.115000,-0.200375,0.037625,0.568470,-0.095819,0.092532,-3.141584,-0.000024,-0.000035
28.212589,-2.509989,-0.524984,-16.116249,-0.115000,-0.200375,0.037625,0.568494,-0.095734,0.092529,-3.141585,-0.000012,-0.000047
28.216590,-2.509987,-0.524980,-16.116249,-0.115000,-0.200375,0.037625,0.568521,-0.095646,0.092532,-3.141584,-0.000016,-0.000049
28.220587,-2.509987,-0.524980,-16.116249,-0.115000,-0.200375,0.037625,0.568521,-0.095646,0.092532,-3.141584,-0.000016,-0.000049
28.224559,-2.499988,-0.584982,-15.916249,-0.110000,-0.200375,0.037625,0.568573,-0.095472,0.092532,-3.141585,-0.000014,-0.000064
28.228593,-2.499992,-0.584989,-15.916249,-0.110000,-0.200375,0.037625,0.568600,-0.095386,0.092532,-3.141585,-0.000007,-0.000070
28.232589,-2.499993,-0.584990,-15.916249,-0.110000,-0.200375,0.037625,0.568625,-0.095300,0.092532,-3.141585,-0.000006,-0.000076
28.236589,-2.499997,-0.584996,-15.916250,-0.110000,-0.200375,0.037625,0.568649,-0.095215,0.092530,-3.141586,0.000000,-0.000075
28.240589,-2.499994,-0.584992,-15.916250,-0.110000,-0.200375,0.037625,0.568675,-0.095134,0.092533,-3.141586,-0.000004,-0.000084
28.244589,-2.499995,-0.584993,-15.916250,-0.110000,-0.200375,0.037625,0.568701,-0.095046,0.092534,-3.141586,-0.000003,-0.000078
28.248589,-2.499996,-0.584994,-15.916250,-0.110000,-0.200375,0.037625,0.568725,-0.094965,0.092534,-3.141586,-0.000001,-0.000087
28.252590,-2.499997,-0.584995,-15.916250,-0.110000,-0.200375,0.037625,0.568749,-0.094885,0.092535,-3.141586,0.000000,-0.000109
28.256589,-2.499997,-0.584997,-15.916250,-0.110000,-0.200375,0.037625,0.568773,-0.094802,0.092536,-3.141586,0.000001,-0.000065
28.260590,-2.489998,-0.544998,-15.876250,-0.111000,-0.200375,0.037625,0.568798,-0.094716,0.092536,-3.141586,0.000003,-0.000045
28.264589,-2.489999,-0.545000,-15.876250,-0.111000,-0.200375,0.037625,0.568829,-0.094615,0.092537,-3.141586,0.000004,-0.000024
28.268599,-2.500000,-0.495001,-15.856250,-0.112000,-0.200375,0.038625,0.568853,-0.094532,0.092538,-3.141586,0.000006,-0.000007
28.272589,-2.500001,-0.495002,-15.856250,-0.112000,-0.200375,0.038625,0.568877,-0.094449,0.092539,-3.141587,0.000007,0.000009
28.276555,-2.500002,-0.495004,-15.856250,-0.112000,-0.200375,0.038625,0.568909,-0.094345,0.092540,-3.141587,0.000009,0.000021
28.280595,-2.500002,-0.495004,-15.856250,-0.112000,-0.200375,0.038625,0.568909,-0.094345,0.092540,-3.141587,0.000009,0.000021
28.284587,-2.500003,-0.495006,-15.856250,-0.112000,-0.200375,0.038625,0.568950,-0.094202,0.092541,-3.141587,0.000011,0.000026
28.288590,-2.500001,-0.495002,-15.856250,-0.112000,-0.200375,0.038625,0.568976,-0.094121,0.092543,-3.141587,0.000007,0.000025
28.292589,-2.500006,-0.495010,-15.856250,-0.112000,-0.200375,0.038625,0.569000,-0.094035,0.092543,-3.141587,0.000015,0.000025
28.296590,-2.500007,-0.495011,-15.856250,-0.112000,-0.200375,0.038625,0.569024,-0.093952,0.092544,-3.141587,0.000016,0.000021
28.300589,-2.560007,-0.465012,-15.836251,-0.113000,-0.202375,0.038625,0.569051,-0.093869,0.092544,-3.141588,0.000017,0.000011
28.304589,-2.560008,-0.465013,-15.836251,-0.113000,-0.202375,0.038625,0.569075,-0.093786,0.092544,-3.141588,0.000018,0.000000
28.308588,-2.560008,-0.465014,-15.836251,-0.113000,-0.202375,0.038625,0.569099,-0.093705,0.092545,-3.141588,0.000019,-0.000015
28.312589,-2.560009,-0.465015,-15.836251,-0.113000,-0.202375,0.038625,0.569122,-0.093625,0.092546,-3.141588,0.000021,-0.000030
28.316590,-2.560010,-0.465017,-15.836251,-0.113000,-0.202375,0.038625,0.569147,-0.093541,0.092547,-3.141588,0.000022,-0.000041
28.320589,-2.560014,-0.465022,-15.836251,-0.113000,-0.202375,0.038625,0.569171,-0.093458,0.092545,-3.141589,0.000028,-0.000058
28.324590,-2.560011,-0.465018,-15.836251,-0.113000,-0.202375,0.038625,0.569197,-0.093375,0.092547,-3.141588,0.000024,-0.000069
28.328589,-2.560012,-0.465020,-15.836251,-0.113000,-0.202375,0.038625,0.569221,-0.093292,0.092548,-3.141588,0.000025,-0.000073
28.332590,-2.560017,-0.465026,-15.836251,-0.113000,-0.202375,0.038625,0.569246,-0.093211,0.092547,-3.141589,0.000032,-0.000068
28.336590,-2.560014,-0.465023,-15.836251,-0.113000,-0.202375,0.038625,0.569273,-0.093128,0.092549,-3.141589,0.000028,-0.000051
28.340592,-2.560018,-0.465028,-15.836252,-0.113000,-0.202375,0.038625,0.569296,-0.093045,0.092548,-3.141589,0.000034,-0.000035
28.344589,-2.650015,-0.445024,-15.646251,-0.115000,-0.202375,0.039625,0.569322,-0.092964,0.092550,-3.141589,0.000030,-0.000030
28.348589,-2.650016,-0.445025,-15.646251,-0.115000,-0.202375,0.039625,0.569348,-0.092883,0.092550,-3.141589,0.000030,-0.000011
28.352589,-2.650017,-0.445027,-15.646251,-0.115000,-0.202375,0.039625,0.569374,-0.092799,0.092552,-3.141589,0.000033,0.000005
28.356589,-2.650017,-0.445028,-15.646251,-0.115000,-0.202375,0.039625,0.569399,-0.092719,0.092552,-3.141589,0.000033,0.000017
28.360590,-2.650018,-0.445028,-15.646251,-0.115000,-0.202375,0.039625,0.569425,-0.092635,0.092551,-3.141589,0.000034,0.000033
28.364592,-2.650018,-0.445028,-15.646251,-0.115000,-0.202375,0.039625,0.569425,-0.092635,0.092551,-3.141589,0.000034,0.000033
28.368588,-2.650020,-0.445031,-15.646251,-0.115000,-0.202375,0.039625,0.569476,-0.092474,0.092553,-3.141590,0.000037,0.000036
28.372594,-2.650017,-0.445027,-15.646251,-0.115000,-0.202375,0.039625,0.569506,-0.092392,0.092556,-3.141589,0.000033,-0.000006
28.376589,-2.650014,-0.445022,-15.646251,-0.115000,-0.202375,0.039625,0.569530,-0.092309,0.092557,-3.141589,0.000028,0.000031
28.380558,-2.650014,-0.445022,-15.646251,-0.115000,-0.202375,0.039625,0.569530,-0.092309,0.092557,-3.141589,0.000028,0.000031
28.384587,-2.540012,-0.525019,-15.586251,-0.111000,-0.197375,0.040625,0.569563,-0.092227,0.092560,-3.141588,0.000025,-0.000058
28.388594,-2.540016,-0.525026,-15.586251,-0.111000,-0.197375,0.040625,0.569614,-0.092043,0.092559,-3.141589,0.000032,-0.000008
28.392590,-2.540021,-0.525033,-15.586252,-0.111000,-0.197375,0.040625,0.569639,-0.091962,0.092558,-3.141590,0.000039,-0.000023
28.396598,-2.540018,-0.525028,-15.586252,-0.111000,-0.197375,0.040625,0.569666,-0.091881,0.092560,-3.141589,0.000034,-0.000038
28.400598,-2.540015,-0.525024,-15.586251,-0.111000,-0.197375,0.040625,0.569692,-0.091800,0.092562,-3.141589,0.000030,-0.000060
28.404595,-2.540020,-0.525031,-15.586252,-0.111000,-0.197375,0.040625,0.569717,-0.091719,0.092561,-3.141590,0.000037,-0.000068
28.408590,-2.540017,-0.525027,-15.586252,-0.111000,-0.197375,0.040625,0.569743,-0.091636,0.092564,-3.141589,0.000033,-0.000079
28.412591,-2.540014,-0.525022,-15.586251,-0.111000,-0.197375,0.040625,0.569771,-0.091555,0.092565,-3.141589,0.000028,-0.000081
28.416590,-2.540014,-0.525023,-15.586251,-0.111000,-0.197375,0.040625,0.569797,-0.091471,0.092565,-3.141589,0.000028,-0.000078
28.420568,-2.420016,-0.625025,-15.566251,-0.108000,-0.194375,0.040625,0.569822,-0.091390,0.092567,-3.141589,0.000031,-0.000073
28.424589,-2.420013,-0.625021,-15.566251,-0.108000,-0.194375,0.040625,0.569850,-0.091307,0.092568,-3.141589,0.000026,-0.000056
28.428589,-2.420010,-0.625017,-15.566250,-0.108000,-0.194375,0.040625,0.569876,-0.091226,0.092571,-3.141588,0.000022,-0.000051
28.432587,-2.420007,-0.625012,-15.566250,-0.108000,-0.194375,0.040625,0.569904,-0.091142,0.092572,-3.141588,0.000017,-0.000035
28.436590,-2.420009,-0.625014,-15.566250,-0.108000,-0.194375,0.040625,0.569929,-0.091058,0.092574,-3.141588,0.000020,-0.000025
28.440595,-2.420009,-0.625015,-15.566250,-0.108000,-0.194375,0.040625,0.569955,-0.090972,0.092574,-3.141588,0.000020,-0.000011
28.444589,-2.420008,-0.625012,-15.566250,-0.108000,-0.194375,0.040625,0.569984,-0.090886,0.092577,-3.141588,0.000018,-0.000004
28.448590,-2.420008,-0.625013,-15.566250,-0.108000,-0.194375,0.040625,0.570010,-0.090800,0.092577,-3.141588,0.000018,-0.000003
28.452591,-2.420002,-0.625004,-15.566250,-0.108000,-0.194375,0.040625,0.570038,-0.090714,0.092581,-3.141587,0.000009,-0.000003
28.456589,-2.420006,-0.625010,-15.566250,-0.108000,-0.194375,0.040625,0.570064,-0.090628,0.092581,-3.141588,0.000016,-0.000009
28.460589,-2.320004,-0.575007,-15.336250,-0.106000,-0.190375,0.038625,0.570090,-0.090541,0.092583,-3.141587,0.000012,-0.000015
28.464592,-2.320008,-0.575013,-15.336251,-0.106000,-0.190375,0.038625,0.570116,-0.090455,0.092582,-3.141588,0.000019,-0.000028
28.468587,-2.320006,-0.575010,-15.336251,-0.106000,-0.190375,0.038625,0.570142,-0.090369,0.092585,-3.141587,0.000015,-0.000034
28.472587,-2.320006,-0.575010,-15.336251,-0.106000,-0.190375,0.038625,0.570168,-0.090286,0.092584,-3.141587,0.000015,-0.000051
28.476589,-2.320004,-0.575006,-15.336250,-0.106000,-0.190375,0.038625,0.570198,-0.090199,0.092587,-3.141587,0.000011,-0.000105
28.480590,-2.320004,-0.575006,-15.336250,-0.106000,-0.190375,0.038625,0.570198,-0.090199,0.092587,-3.141587,0.000011,-0.000105
28.484554,-2.320005,-0.575009,-15.336251,-0.106000,-0.190375,0.038625,0.570255,-0.090006,0.092588,-3.141587,0.000014,-0.000087
28.488587,-2.320002,-0.575004,-15.336250,-0.106000,-0.190375,0.038625,0.570274,-0.089943,0.092590,-3.141587,0.000009,-0.000094
28.492589,-2.320007,-0.575011,-15.336251,-0.106000,-0.190375,0.038625,0.570299,-0.089857,0.092589,-3.141588,0.000016,-0.000100
28.496588,-2.320007,-0.575011,-15.336251,-0.106000,-0.190375,0.038625,0.570325,-0.089771,0.092589,-3.141588,0.000017,-0.000099
28.500592,-2.390009,-0.465014,-14.896250,-0.105000,-0.191375,0.038625,0.570351,-0.089685,0.092591,-3.141588,0.000019,-0.000132
28.504593,-2.390005,-0.465008,-14.896250,-0.105000,-0.191375,0.038625,0.570381,-0.089598,0.092592,-3.141587,0.000014,-0.000125
28.508589,-2.390007,-0.465011,-14.896250,-0.105000,-0.191375,0.038625,0.570410,-0.089492,0.092593,-3.141588,0.000016,-0.000075
28.512595,-2.390007,-0.465011,-14.896250,-0.105000,-0.191375,0.038625,0.570436,-0.089408,0.092593,-3.141588,0.000017,-0.000065
28.516589,-2.390012,-0.465018,-14.896250,-0.105000,-0.191375,0.038625,0.570461,-0.089322,0.092593,-3.141588,0.000024,-0.000051
28.520589,-2.390012,-0.465019,-14.896251,-0.105000,-0.191375,0.038625,0.570487,-0.089236,0.092592,-3.141588,0.000024,-0.000037
28.524590,-2.390012,-0.465019,-14.896251,-0.105000,-0.191375,0.038625,0.570513,-0.089149,0.092592,-3.141589,0.000025,-0.000030
28.528589,-2.390012,-0.465019,-14.896251,-0.105000,-0.191375,0.038625,0.570538,-0.089066,0.092592,-3.141589,0.000025,-0.000027
28.532590,-2.390010,-0.465016,-14.896250,-0.105000,-0.191375,0.038625,0.570564,-0.088980,0.092595,-3.141588,0.000021,-0.000020
28.536591,-2.430014,-0.375022,-14.666251,-0.106000,-0.190375,0.037625,0.570590,-0.088891,0.092594,-3.141589,0.000028,-0.000014
28.540590,-2.440015,-0.355023,-14.626251,-0.107000,-0.189375,0.037625,0.570616,-0.088805,0.092594,-3.141589,0.000029,-0.000014
28.544556,-2.440015,-0.355023,-14.626251,-0.107000,-0.189375,0.037625,0.570642,-0.088716,0.092594,-3.141589,0.000029,-0.000022
28.548590,-2.440015,-0.355024,-14.626251,-0.107000,-0.189375,0.037625,0.570668,-0.088627,0.092593,-3.141589,0.000029,-0.000031
28.552589,-2.440020,-0.355030,-14.626252,-0.107000,-0.189375,0.037625,0.570694,-0.088538,0.092593,-3.141590,0.000036,-0.000039
28.556590,-2.440017,-0.355026,-14.626251,-0.107000,-0.189375,0.037625,0.570722,-0.088452,0.092594,-3.141589,0.000032,-0.000052
28.560595,-2.440017,-0.355026,-14.626251,-0.107000,-0.189375,0.037625,0.570748,-0.088363,0.092594,-3.141589,0.000032,-0.000060
28.564594,-2.440020,-0.355031,-14.626252,-0.107000,-0.189375,0.037625,0.570774,-0.088277,0.092592,-3.141590,0.000037,-0.000073
28.568586,-2.440020,-0.355031,-14.626252,-0.107000,-0.189375,0.037625,0.570800,-0.088188,0.092591,-3.141590,0.000037,-0.000081
28.572589,-2.440021,-0.355032,-14.626252,-0.107000,-0.189375,0.037625,0.570825,-0.088102,0.092591,-3.141590,0.000038,-0.000081
28.576590,-2.440017,-0.355027,-14.626251,-0.107000,-0.189375,0.037625,0.570854,-0.088012,0.092593,-3.141589,0.000033,-0.000076
28.580589,-2.480022,-0.395034,-14.746252,-0.107000,-0.191375,0.038625,0.570879,-0.087924,0.092592,-3.141590,0.000040,-0.000070
28.584589,-2.480019,-0.395029,-14.746251,-0.107000,-0.191375,0.038625,0.570907,-0.087837,0.092594,-3.141590,0.000035,-0.000063
28.588551,-2.480019,-0.395029,-14.746251,-0.107000,-0.191375,0.038625,0.570933,-0.087748,0.092594,-3.141590,0.000035,-0.000058
28.592588,-2.480016,-0.395025,-14.746251,-0.107000,-0.191375,0.038625,0.570961,-0.087662,0.092595,-3.141589,0.000030,-0.000051
28.596587,-2.480016,-0.395025,-14.746251,-0.107000,-0.191375,0.038625,0.570987,-0.087573,0.092595,-3.141589,0.000031,-0.000039
28.600595,-2.480017,-0.395027,-14.746251,-0.107000,-0.191375,0.038625,0.571015,-0.087484,0.092596,-3.141589,0.000033,-0.000027
28.604589,-2.480018,-0.395027,-14.746251,-0.107000,-0.191375,0.038625,0.571041,-0.087397,0.092596,-3.141590,0.000033,-0.000026
28.608589,-2.480012,-0.395018,-14.746251,-0.107000,-0.191375,0.038625,0.571069,-0.087308,0.092600,-3.141588,0.000024,-0.000048
28.612589,-2.480012,-0.395018,-14.746251,-0.107000,-0.191375,0.038625,0.571069,-0.087308,0.092600,-3.141588,0.000024,-0.000048
28.616589,-2.480013,-0.395020,-14.746251,-0.107000,-0.191375,0.038625,0.571096,-0.087222,0.092601,-3.141589,0.000025,-0.000014
28.620587,-2.480013,-0.395021,-14.746251,-0.107000,-0.191375,0.038625,0.571129,-0.087112,0.092601,-3.141589,0.000026,-0.000006
28.624562,-2.500007,-0.385011,-15.046251,-0.112000,-0.193375,0.039625,0.571160,-0.087022,0.092604,-3.141588,0.000016,-0.000008
28.628534,-2.500005,-0.385008,-15.046251,-0.112000,-0.193375,0.039625,0.571215,-0.086849,0.092607,-3.141587,0.000013,-0.000020
28.632530,-2.500004,-0.385007,-15.046250,-0.112000,-0.193375,0.039625,0.571243,-0.086760,0.092606,-3.141587,0.000012,-0.000029
28.636531,-2.500004,-0.385007,-15.046250,-0.112000,-0.193375,0.039625,0.571243,-0.086760,0.092606,-3.141587,0.000012,-0.000029
28.640531,-2.499999,-0.385000,-15.046250,-0.112000,-0.193375,0.039625,0.571298,-0.086587,0.092611,-3.141586,0.000005,-0.000041
28.644531,-2.499999,-0.385000,-15.046250,-0.112000,-0.193375,0.039625,0.571298,-0.086587,0.092611,-3.141586,0.000005,-0.000041
28.648530,-2.499996,-0.384995,-15.046250,-0.112000,-0.193375,0.039625,0.571326,-0.086500,0.092612,-3.141586,-0.000000,-0.000040
28.652530,-2.499990,-0.384985,-15.046249,-0.112000,-0.193375,0.039625,0.571356,-0.086413,0.092616,-3.141585,-0.000011,-0.000046
28.656531,-2.499995,-0.384993,-15.046250,-0.112000,-0.193375,0.039625,0.571409,-0.086240,0.092615,-3.141586,-0.000003,-0.000045
28.660532,-2.499995,-0.384993,-15.046250,-0.112000,-0.193375,0.039625,0.571409,-0.086240,0.092615,-3.141586,-0.000003,-0.000045
28.664532,-2.389992,-0.444988,-15.176250,-0.110000,-0.193375,0.038625,0.571437,-0.086154,0.092617,-3.141585,-0.000008,-0.000038
28.668531,-2.389986,-0.444980,-15.176249,-0.110000,-0.193375,0.038625,0.571494,-0.085980,0.092621,-3.141584,-0.000016,-0.000030
28.672569,-2.389984,-0.444977,-15.176249,-0.110000,-0.193375,0.038625,0.571523,-0.085893,0.092624,-3.141584,-0.000020,-0.000022
28.676531,-2.389984,-0.444977,-15.176249,-0.110000,-0.193375,0.038625,0.571523,-0.085893,0.092624,-3.141584,-0.000020,-0.000022
28.680529,-2.389985,-0.444978,-15.176249,-0.110000,-0.193375,0.038625,0.571578,-0.085720,0.092624,-3.141584,-0.000018,-0.000014
28.684556,-2.389985,-0.444978,-15.176249,-0.110000,-0.193375,0.038625,0.571578,-0.085720,0.092624,-3.141584,-0.000018,-0.000014
28.688558,-2.389989,-0.444984,-15.176249,-0.110000,-0.193375,0.038625,0.571630,-0.085547,0.092622,-3.141585,-0.000012,-0.000020
28.692528,-2.389989,-0.444984,-15.176249,-0.110000,-0.193375,0.038625,0.571630,-0.085547,0.092622,-3.141585,-0.000012,-0.000020
28.696528,-2.389986,-0.444979,-15.176249,-0.110000,-0.193375,0.038625,0.571657,-0.085460,0.092623,-3.141584,-0.000017,-0.000019
28.700631,-2.239990,-0.524985,-14.906249,-0.103000,-0.188375,0.037625,0.571684,-0.085373,0.092622,-3.141585,-0.000010,-0.000019
28.704627,-2.239987,-0.524981,-14.906249,-0.103000,-0.188375,0.037625,0.571711,-0.085287,0.092623,-3.141584,-0.000015,-0.000025
28.708622,-2.239988,-0.524982,-14.906249,-0.103000,-0.188375,0.037625,0.571738,-0.085200,0.092624,-3.141584,-0.000014,-0.000024
28.712623,-2.239987,-0.524982,-14.906249,-0.103000,-0.188375,0.037625,0.571766,-0.085113,0.092623,-3.141584,-0.000014,-0.000030
28.716625,-2.239989,-0.524984,-14.906249,-0.103000,-0.188375,0.037625,0.571799,-0.085006,0.092625,-3.141585,-0.000012,-0.000034
28.720623,-2.239985,-0.524979,-14.906249,-0.103000,-0.188375,0.037625,0.571820,-0.084940,0.092626,-3.141584,-0.000017,-0.000076
28.724620,-2.239990,-0.524985,-14.906249,-0.103000,-0.188375,0.037625,0.571850,-0.084853,0.092625,-3.141585,-0.000011,-0.000082
28.728613,-2.239990,-0.524986,-14.906249,-0.103000,-0.188375,0.037625,0.571878,-0.084746,0.092624,-3.141585,-0.000010,-0.000046
28.732609,-2.239994,-0.524992,-14.906249,-0.103000,-0.188375,0.037625,0.571905,-0.084662,0.092623,-3.141585,-0.000004,-0.000050
28.736607,-2.239995,-0.524993,-14.906249,-0.103000,-0.188375,0.037625,0.571931,-0.084575,0.092624,-3.141586,-0.000002,-0.000042
28.740601,-2.279992,-0.464989,-14.666249,-0.103000,-0.187375,0.036625,0.571956,-0.084494,0.092626,-3.141585,-0.000006,-0.000044
28.744596,-2.279997,-0.464996,-14.666250,-0.103000,-0.187375,0.036625,0.571980,-0.084412,0.092625,-3.141586,0.000001,-0.000046
28.748594,-2.279997,-0.464997,-14.666250,-0.103000,-0.187375,0.036625,0.572004,-0.084331,0.092625,-3.141586,0.000001,-0.000047
28.752589,-2.279998,-0.464997,-14.666250,-0.103000,-0.187375,0.036625,0.572029,-0.084247,0.092625,-3.141586,0.000002,-0.000038
28.756591,-2.279998,-0.464998,-14.666250,-0.103000,-0.187375,0.036625,0.572052,-0.084166,0.092626,-3.141586,0.000003,-0.000039
28.760590,-2.280003,-0.465005,-14.666250,-0.103000,-0.187375,0.036625,0.572075,-0.084084,0.092625,-3.141587,0.000010,-0.000041
28.764583,-2.280000,-0.465001,-14.666250,-0.103000,-0.187375,0.036625,0.572100,-0.084000,0.092628,-3.141587,0.000006,-0.000038
28.768594,-2.280001,-0.465002,-14.666250,-0.103000,-0.187375,0.036625,0.572125,-0.083919,0.092627,-3.141587,0.000007,-0.000040
28.772589,-2.280002,-0.465004,-14.666250,-0.103000,-0.187375,0.036625,0.572149,-0.083838,0.092629,-3.141587,0.000009,-0.000042
28.776589,-2.280003,-0.465005,-14.666250,-0.103000,-0.187375,0.036625,0.572173,-0.083756,0.092629,-3.141587,0.000010,-0.000043
28.780594,-2.400003,-0.375005,-14.756250,-0.109000,-0.189375,0.036625,0.572198,-0.083672,0.092629,-3.141587,0.000010,-0.000047
28.784589,-2.400005,-0.375007,-14.756251,-0.109000,-0.189375,0.036625,0.572222,-0.083591,0.092631,-3.141587,0.000013,-0.000049
28.788589,-2.400005,-0.375008,-14.756251,-0.109000,-0.189375,0.036625,0.572246,-0.083507,0.092631,-3.141587,0.000013,-0.000046
28.792593,-2.400002,-0.375004,-14.756250,-0.109000,-0.189375,0.036625,0.572271,-0.083425,0.092633,-3.141587,0.000009,-0.000048
28.796553,-2.400007,-0.375011,-14.756251,-0.109000,-0.189375,0.036625,0.572295,-0.083344,0.092632,-3.141588,0.000016,-0.000049
28.800589,-2.400001,-0.375002,-14.756250,-0.109000,-0.189375,0.036625,0.572321,-0.083262,0.092636,-3.141587,0.000007,-0.000051
28.804589,-2.400005,-0.375007,-14.756251,-0.109000,-0.189375,0.036625,0.572343,-0.083181,0.092635,-3.141587,0.000013,-0.000046
28.808589,-2.400009,-0.375014,-14.756251,-0.109000,-0.189375,0.036625,0.572367,-0.083097,0.092634,-3.141588,0.000020,-0.000036
28.812589,-2.400010,-0.375015,-14.756251,-0.109000,-0.189375,0.036625,0.572392,-0.083016,0.092634,-3.141588,0.000020,-0.000038
28.816589,-2.400010,-0.375015,-14.756251,-0.109000,-0.189375,0.036625,0.572416,-0.082932,0.092634,-3.141588,0.000021,-0.000028
28.820587,-2.400007,-0.375010,-14.756251,-0.109000,-0.189375,0.036625,0.572443,-0.082850,0.092635,-3.141588,0.000016,-0.000023
28.824593,-2.380011,-0.365017,-14.816251,-0.110000,-0.186375,0.036625,0.572466,-0.082766,0.092634,-3.141589,0.000023,-0.000014
28.828589,-2.380009,-0.365013,-14.816250,-0.110000,-0.186375,0.036625,0.572491,-0.082687,0.092637,-3.141588,0.000019,-0.000020
28.832589,-2.380005,-0.365008,-14.816250,-0.110000,-0.186375,0.036625,0.572517,-0.082603,0.092638,-3.141587,0.000014,-0.000010
28.836589,-2.380002,-0.365004,-14.816250,-0.110000,-0.186375,0.036625,0.572544,-0.082521,0.092640,-3.141587,0.000009,-0.000012
28.840589,-2.380007,-0.365011,-14.816250,-0.110000,-0.186375,0.036625,0.572567,-0.082442,0.092639,-3.141588,0.000016,-0.000059
28.844589,-2.380004,-0.365006,-14.816250,-0.110000,-0.186375,0.036625,0.572597,-0.082357,0.092641,-3.141587,0.000011,-0.000063
28.848591,-2.380008,-0.365012,-14.816250,-0.110000,-0.186375,0.036625,0.572625,-0.082258,0.092639,-3.141588,0.000018,-0.000039
28.852590,-2.380008,-0.365012,-14.816250,-0.110000,-0.186375,0.036625,0.572651,-0.082176,0.092638,-3.141588,0.000017,-0.000041
28.856589,-2.380009,-0.365013,-14.816250,-0.110000,-0.186375,0.036625,0.572677,-0.082094,0.092639,-3.141588,0.000019,-0.000049
28.860589,-2.330008,-0.465013,-14.786251,-0.108000,-0.183375,0.036625,0.572703,-0.082012,0.092638,-3.141588,0.000018,-0.000051
28.864600,-2.330009,-0.465015,-14.786251,-0.108000,-0.183375,0.036625,0.572729,-0.081931,0.092639,-3.141588,0.000020,-0.000060
28.868552,-2.330006,-0.465010,-14.786250,-0.108000,-0.183375,0.036625,0.572755,-0.081846,0.092641,-3.141588,0.000015,-0.000050
28.872592,-2.330010,-0.465016,-14.786251,-0.108000,-0.183375,0.036625,0.572780,-0.081767,0.092639,-3.141588,0.000021,-0.000056
28.876589,-2.330007,-0.465011,-14.786250,-0.108000,-0.183375,0.036625,0.572807,-0.081685,0.092641,-3.141588,0.000017,-0.000051
28.880589,-2.330008,-0.465013,-14.786251,-0.108000,-0.183375,0.036625,0.572832,-0.081604,0.092642,-3.141588,0.000018,-0.000046
28.884591,-2.330005,-0.465008,-14.786250,-0.108000,-0.183375,0.036625,0.572858,-0.081522,0.092644,-3.141587,0.000013,-0.000041
28.888589,-2.330009,-0.465014,-14.786251,-0.108000,-0.183375,0.036625,0.572884,-0.081440,0.092642,-3.141588,0.000020,-0.000029
28.892590,-2.330002,-0.465004,-14.786250,-0.108000,-0.183375,0.036625,0.572912,-0.081358,0.092645,-3.141587,0.000009,-0.000017
28.896590,-2.330006,-0.465010,-14.786250,-0.108000,-0.183375,0.036625,0.572937,-0.081276,0.092644,-3.141588,0.000016,-0.000006
28.900590,-2.260003,-0.465006,-14.826250,-0.106000,-0.184375,0.035625,0.572964,-0.081194,0.092645,-3.141587,0.000011,-0.000001
28.904553,-2.260004,-0.465007,-14.826250,-0.106000,-0.184375,0.035625,0.572989,-0.081113,0.092646,-3.141587,0.000012,0.000011
28.908590,-2.260001,-0.465002,-14.826250,-0.106000,-0.184375,0.035625,0.573015,-0.081031,0.092648,-3.141587,0.000007,0.000016
28.912585,-2.260002,-0.465004,-14.826250,-0.106000,-0.184375,0.035625,0.573041,-0.080949,0.092649,-3.141587,0.000009,0.000021
28.916605,-2.260004,-0.465006,-14.826250,-0.106000,-0.184375,0.035625,0.573066,-0.080867,0.092650,-3.141587,0.000011,0.000020
28.920596,-2.260005,-0.465007,-14.826250,-0.106000,-0.184375,0.035625,0.573092,-0.080785,0.092651,-3.141587,0.000013,0.000018
28.924589,-2.260009,-0.465014,-14.826251,-0.106000,-0.184375,0.035625,0.573115,-0.080704,0.092650,-3.141588,0.000020,0.000010
28.928590,-2.260007,-0.465011,-14.826250,-0.106000,-0.184375,0.035625,0.573143,-0.080622,0.092652,-3.141588,0.000016,0.000001
28.932554,-2.260007,-0.465011,-14.826250,-0.106000,-0.184375,0.035625,0.573167,-0.080540,0.092652,-3.141588,0.000017,-0.000014
28.936589,-2.210011,-0.555017,-14.916251,-0.102000,-0.187375,0.035625,0.573192,-0.080456,0.092651,-3.141589,0.000023,-0.000018
28.940587,-2.210008,-0.555012,-14.916251,-0.102000,-0.187375,0.035625,0.573219,-0.080371,0.092652,-3.141588,0.000018,-0.000028
28.944589,-2.210006,-0.555009,-14.916250,-0.102000,-0.187375,0.035625,0.573247,-0.080284,0.092655,-3.141588,0.000014,-0.000035
28.948594,-2.210003,-0.555004,-14.916250,-0.102000,-0.187375,0.035625,0.573274,-0.080199,0.092657,-3.141587,0.000009,-0.000045
28.952589,-2.210004,-0.555006,-14.916250,-0.102000,-0.187375,0.035625,0.573300,-0.080112,0.092658,-3.141587,0.000011,-0.000092
28.956595,-2.210005,-0.555008,-14.916250,-0.102000,-0.187375,0.035625,0.573325,-0.080028,0.092658,-3.141587,0.000013,-0.000096
28.960589,-2.210002,-0.555003,-14.916250,-0.102000,-0.187375,0.035625,0.573352,-0.079941,0.092660,-3.141587,0.000008,-0.000095
28.964589,-2.210003,-0.555005,-14.916250,-0.102000,-0.187375,0.035625,0.573378,-0.079854,0.092661,-3.141587,0.000010,-0.000088
28.968600,-2.210000,-0.555000,-14.916250,-0.102000,-0.187375,0.035625,0.573411,-0.079748,0.092663,-3.141587,0.000005,-0.000042
28.972589,-2.210009,-0.555013,-14.916251,-0.102000,-0.187375,0.035625,0.573434,-0.079662,0.092661,-3.141588,0.000019,-0.000028
28.976589,-2.210006,-0.555009,-14.916250,-0.102000,-0.187375,0.035625,0.573461,-0.079574,0.092663,-3.141588,0.000014,-0.000007
28.980558,-2.220010,-0.515015,-14.746251,-0.100000,-0.186375,0.034625,0.573486,-0.079490,0.092661,-3.141588,0.000020,0.000009
28.984589,-2.220011,-0.515016,-14.746251,-0.100000,-0.186375,0.034625,0.573512,-0.079403,0.092662,-3.141589,0.000022,0.000023
28.988553,-2.220008,-0.515012,-14.746251,-0.100000,-0.186375,0.034625,0.573539,-0.079318,0.092664,-3.141588,0.000017,0.000033
28.992590,-2.220009,-0.515013,-14.746251,-0.100000,-0.186375,0.034625,0.573565,-0.079231,0.092665,-3.141588,0.000019,0.000040
28.996589,-2.220013,-0.515019,-14.746251,-0.100000,-0.186375,0.034625,0.573590,-0.079147,0.092663,-3.141589,0.000025,0.000036
29.000553,-2.220010,-0.515015,-14.746251,-0.100000,-0.186375,0.034625,0.573616,-0.079062,0.092665,-3.141588,0.000020,0.000032
29.004590,-2.220017,-0.515026,-14.746251,-0.100000,-0.186375,0.034625,0.573639,-0.078978,0.092662,-3.141590,0.000032,0.000022
29.008558,-2.220014,-0.515021,-14.746251,-0.100000,-0.186375,0.034625,0.573665,-0.078893,0.092663,-3.141589,0.000027,0.000011
29.012588,-2.220015,-0.515023,-14.746251,-0.100000,-0.186375,0.034625,0.573691,-0.078806,0.092664,-3.141589,0.000029,0.000005
29.016622,-2.220018,-0.515027,-14.746251,-0.100000,-0.186375,0.034625,0.573715,-0.078722,0.092661,-3.141590,0.000033,-0.000012
29.020554,-2.370015,-0.435023,-14.516252,-0.102000,-0.188375,0.033625,0.573741,-0.078637,0.092663,-3.141589,0.000028,-0.000023
29.024615,-2.370019,-0.435028,-14.516252,-0.102000,-0.188375,0.033625,0.573767,-0.078550,0.092661,-3.141590,0.000035,-0.000036
29.028608,-2.370020,-0.435029,-14.516252,-0.102000,-0.188375,0.033625,0.573791,-0.078466,0.092661,-3.141590,0.000035,-0.000046
29.032605,-2.370021,-0.435031,-14.516252,-0.102000,-0.188375,0.033625,0.573817,-0.078379,0.092662,-3.141590,0.000037,-0.000059
29.036603,-2.370025,-0.435036,-14.516252,-0.102000,-0.188375,0.033625,0.573842,-0.078292,0.092661,-3.141591,0.000043,-0.000065
29.040597,-2.370026,-0.435038,-14.516252,-0.102000,-0.188375,0.033625,0.573868,-0.078205,0.092662,-3.141592,0.000045,-0.000065
29.044592,-2.370027,-0.435039,-14.516252,-0.102000,-0.188375,0.033625,0.573896,-0.078117,0.092662,-3.141592,0.000046,-0.000057
29.048557,-2.370028,-0.435041,-14.516253,-0.102000,-0.188375,0.033625,0.573922,-0.078030,0.092663,-3.141592,0.000047,-0.000050
29.052591,-2.370027,-0.435040,-14.516253,-0.102000,-0.188375,0.033625,0.573948,-0.077943,0.092662,-3.141592,0.000047,-0.000036
29.056537,-2.370021,-0.435030,-14.516252,-0.102000,-0.188375,0.033625,0.573976,-0.077855,0.092665,-3.141591,0.000037,-0.000015
29.060591,-2.480025,-0.385036,-14.646251,-0.107000,-0.190375,0.034625,0.574002,-0.077768,0.092664,-3.141591,0.000043,-0.000001
29.064589,-2.480022,-0.385033,-14.646251,-0.107000,-0.190375,0.034625,0.574030,-0.077681,0.092666,-3.141591,0.000039,0.000013
29.068586,-2.480019,-0.385028,-14.646251,-0.107000,-0.190375,0.034625,0.574056,-0.077594,0.092668,-3.141590,0.000034,0.000020
29.072590,-2.480015,-0.385023,-14.646251,-0.107000,-0.190375,0.034625,0.574084,-0.077509,0.092669,-3.141589,0.000029,0.000030
29.076589,-2.480015,-0.385023,-14.646251,-0.107000,-0.190375,0.034625,0.574084,-0.077509,0.092669,-3.141589,0.000029,0.000030
29.080590,-2.480014,-0.385020,-14.646251,-0.107000,-0.190375,0.034625,0.574146,-0.077313,0.092672,-3.141589,0.000026,0.000027
29.084589,-2.480010,-0.385015,-14.646250,-0.107000,-0.190375,0.034625,0.574166,-0.077246,0.092673,-3.141589,0.000021,0.000025
29.088590,-2.480011,-0.385016,-14.646250,-0.107000,-0.190375,0.034625,0.574200,-0.077138,0.092673,-3.141589,0.000022,0.000008
29.092589,-2.480011,-0.385016,-14.646250,-0.107000,-0.190375,0.034625,0.574200,-0.077138,0.092673,-3.141589,0.000022,0.000008
29.096590,-2.480006,-0.385009,-14.646250,-0.107000,-0.190375,0.034625,0.574250,-0.076984,0.092678,-3.141588,0.000015,-0.000054
29.100589,-2.400003,-0.485004,-14.956250,-0.106000,-0.188375,0.034625,0.574284,-0.076875,0.092679,-3.141587,0.000009,-0.000031
29.104564,-2.399996,-0.484994,-14.956250,-0.106000,-0.188375,0.034625,0.574313,-0.076788,0.092683,-3.141586,-0.000001,-0.000044
29.108547,-2.399996,-0.484995,-14.956250,-0.106000,-0.188375,0.034625,0.574340,-0.076703,0.092683,-3.141586,-0.000000,-0.000068
29.112594,-2.399994,-0.484992,-14.956249,-0.106000,-0.188375,0.034625,0.574368,-0.076613,0.092685,-3.141585,-0.000004,-0.000076
29.116555,-2.399995,-0.484993,-14.956250,-0.106000,-0.188375,0.034625,0.574395,-0.076528,0.092685,-3.141585,-0.000003,-0.000087
29.120555,-2.399995,-0.484993,-14.956250,-0.106000,-0.188375,0.034625,0.574395,-0.076528,0.092685,-3.141585,-0.000003,-0.000087
29.124592,-2.399988,-0.484983,-14.956249,-0.106000,-0.188375,0.034625,0.574424,-0.076440,0.092689,-3.141584,-0.000013,-0.000093
29.128589,-2.399992,-0.484990,-14.956249,-0.106000,-0.188375,0.034625,0.574476,-0.076265,0.092687,-3.141585,-0.000006,-0.000078
29.132592,-2.399989,-0.484984,-14.956249,-0.106000,-0.188375,0.034625,0.574504,-0.076180,0.092688,-3.141584,-0.000012,-0.000069
29.136591,-2.399985,-0.484978,-14.956249,-0.106000,-0.188375,0.034625,0.574531,-0.076098,0.092689,-3.141584,-0.000018,-0.000057
29.140590,-2.249984,-0.544978,-14.866249,-0.101000,-0.186375,0.033625,0.574557,-0.076013,0.092688,-3.141584,-0.000018,-0.000040
29.144591,-2.249986,-0.544980,-14.866249,-0.101000,-0.186375,0.033625,0.574582,-0.075931,0.092689,-3.141584,-0.000017,-0.000029
29.148589,-2.249986,-0.544980,-14.866249,-0.101000,-0.186375,0.033625,0.574582,-0.075931,0.092689,-3.141584,-0.000017,-0.000029
29.152591,-2.249990,-0.544986,-14.866249,-0.101000,-0.186375,0.033625,0.574633,-0.075764,0.092687,-3.141585,-0.000009,-0.000014
29.156591,-2.249990,-0.544986,-14.866249,-0.101000,-0.186375,0.033625,0.574633,-0.075764,0.092687,-3.141585,-0.000009,-0.000014
29.160591,-2.249988,-0.544983,-14.866249,-0.101000,-0.186375,0.033625,0.574685,-0.075599,0.092689,-3.141584,-0.000013,-0.000011
29.164590,-2.249988,-0.544983,-14.866249,-0.101000,-0.186375,0.033625,0.574712,-0.075517,0.092689,-3.141584,-0.000013,-0.000012
29.168611,-2.249988,-0.544983,-14.866249,-0.101000,-0.186375,0.033625,0.574712,-0.075517,0.092689,-3.141584,-0.000013,-0.000012
29.172589,-2.249992,-0.544989,-14.866249,-0.101000,-0.186375,0.033625,0.574737,-0.075432,0.092688,-3.141585,-0.000006,-0.000009
29.176574,-2.249989,-0.544985,-14.866249,-0.101000,-0.186375,0.033625,0.574762,-0.075352,0.092689,-3.141584,-0.000011,-0.000022
29.180587,-2.249990,-0.544986,-14.866249,-0.101000,-0.186375,0.033625,0.574789,-0.075267,0.092689,-3.141584,-0.000010,-0.000033
29.184589,-2.249994,-0.494991,-14.586250,-0.100000,-0.187375,0.033625,0.574813,-0.075185,0.092688,-3.141585,-0.000004,-0.000041
29.188547,-2.249990,-0.494987,-14.586249,-0.100000,-0.187375,0.033625,0.574839,-0.075100,0.092689,-3.141585,-0.000009,-0.000052
29.192589,-2.249994,-0.494993,-14.586250,-0.100000,-0.187375,0.033625,0.574863,-0.075018,0.092688,-3.141585,-0.000003,-0.000067
29.196578,-2.249991,-0.494987,-14.586249,-0.100000,-0.187375,0.033625,0.574891,-0.074936,0.092689,-3.141585,-0.000009,-0.000082
29.200553,-2.249992,-0.494989,-14.586249,-0.100000,-0.187375,0.033625,0.574915,-0.074854,0.092690,-3.141585,-0.000007,-0.000097
29.204590,-2.249996,-0.494995,-14.586250,-0.100000,-0.187375,0.033625,0.574940,-0.074769,0.092688,-3.141586,-0.000001,-0.000095
29.208565,-2.249993,-0.494990,-14.586250,-0.100000,-0.187375,0.033625,0.574965,-0.074689,0.092690,-3.141585,-0.000006,-0.000101
29.212589,-2.249989,-0.494984,-14.586249,-0.100000,-0.187375,0.033625,0.574992,-0.074604,0.092690,-3.141584,-0.000012,-0.000098
29.216594,-2.249994,-0.494992,-14.586250,-0.100000,-0.187375,0.033625,0.575018,-0.074522,0.092690,-3.141585,-0.000004,-0.000120
29.220565,-2.339994,-0.414992,-14.726250,-0.105000,-0.189375,0.033625,0.575045,-0.074436,0.092690,-3.141585,-0.000003,-0.000104
29.224588,-2.349996,-0.404994,-14.756250,-0.105000,-0.190375,0.033625,0.575072,-0.074333,0.092691,-3.141586,-0.000001,-0.000056
29.228589,-2.349997,-0.404996,-14.756250,-0.105000,-0.190375,0.033625,0.575097,-0.074251,0.092692,-3.141586,0.000000,-0.000044
29.232589,-2.350002,-0.405003,-14.756250,-0.105000,-0.190375,0.033625,0.575119,-0.074169,0.092691,-3.141587,0.000007,-0.000032
29.236590,-2.350001,-0.405002,-14.756250,-0.105000,-0.190375,0.033625,0.575144,-0.074084,0.092690,-3.141587,0.000007,-0.000016
29.240589,-2.350002,-0.405004,-14.756250,-0.105000,-0.190375,0.033625,0.575168,-0.074005,0.092691,-3.141587,0.000009,-0.000015
29.244589,-2.350004,-0.405005,-14.756250,-0.105000,-0.190375,0.033625,0.575193,-0.073923,0.092692,-3.141587,0.000011,-0.000003
29.248594,-2.350000,-0.405001,-14.756250,-0.105000,-0.190375,0.033625,0.575218,-0.073840,0.092694,-3.141587,0.000006,0.000002
29.252589,-2.350004,-0.405007,-14.756250,-0.105000,-0.190375,0.033625,0.575242,-0.073758,0.092692,-3.141587,0.000012,-0.000000
29.256593,-2.350001,-0.405002,-14.756250,-0.105000,-0.190375,0.033625,0.575267,-0.073676,0.092694,-3.141587,0.000007,0.000005
29.260589,-2.350002,-0.405004,-14.756250,-0.105000,-0.190375,0.033625,0.575292,-0.073593,0.092695,-3.141587,0.000009,0.000003
29.264589,-2.369998,-0.384998,-14.986250,-0.106000,-0.190375,0.033625,0.575319,-0.073511,0.092695,-3.141586,0.000003,-0.000005
29.268595,-2.370003,-0.385005,-14.986250,-0.106000,-0.190375,0.033625,0.575341,-0.073426,0.092695,-3.141587,0.000010,-0.000009
29.272593,-2.369996,-0.384995,-14.986249,-0.106000,-0.190375,0.033625,0.575368,-0.073346,0.092698,-3.141586,-0.000000,-0.000029
29.276589,-2.369997,-0.384997,-14.986249,-0.106000,-0.190375,0.033625,0.575393,-0.073261,0.092699,-3.141586,0.000001,-0.000039
29.280590,-2.369997,-0.384996,-14.986249,-0.106000,-0.190375,0.033625,0.575418,-0.073181,0.092698,-3.141586,0.000001,-0.000052
29.284589,-2.369995,-0.384993,-14.986249,-0.106000,-0.190375,0.033625,0.575444,-0.073099,0.092701,-3.141585,-0.000003,-0.000060
29.288589,-2.369999,-0.384999,-14.986250,-0.106000,-0.190375,0.033625,0.575468,-0.073019,0.092699,-3.141586,0.000004,-0.000067
29.292589,-2.369997,-0.384995,-14.986249,-0.106000,-0.190375,0.033625,0.575495,-0.072934,0.092702,-3.141586,-0.000000,-0.000057
29.296594,-2.369997,-0.384996,-14.986249,-0.106000,-0.190375,0.033625,0.575521,-0.072851,0.092702,-3.141586,0.000001,-0.000052
29.300589,-2.409998,-0.374998,-15.046250,-0.110000,-0.191375,0.034625,0.575546,-0.072769,0.092703,-3.141586,0.000003,-0.000047
29.304589,-2.409994,-0.374992,-15.046250,-0.110000,-0.191375,0.034625,0.575572,-0.072686,0.092703,-3.141585,-0.000003,-0.000035
29.308591,-2.409998,-0.374998,-15.046250,-0.110000,-0.191375,0.034625,0.575596,-0.072604,0.092702,-3.141586,0.000003,-0.000023
29.312589,-2.409992,-0.374988,-15.046249,-0.110000,-0.191375,0.034625,0.575624,-0.072521,0.092705,-3.141585,-0.000007,-0.000012
29.316590,-2.409992,-0.374989,-15.046250,-0.110000,-0.191375,0.034625,0.575650,-0.072439,0.092705,-3.141585,-0.000006,-0.000007
29.320589,-2.409992,-0.374989,-15.046249,-0.110000,-0.191375,0.034625,0.575674,-0.072356,0.092704,-3.141585,-0.000007,-0.000001
29.324566,-2.409989,-0.374985,-15.046249,-0.110000,-0.191375,0.034625,0.575701,-0.072273,0.092707,-3.141584,-0.000011,0.000010
29.328567,-2.409989,-0.374985,-15.046249,-0.110000,-0.191375,0.034625,0.575726,-0.072191,0.092706,-3.141584,-0.000011,0.000015
29.332595,-2.409990,-0.374986,-15.046249,-0.110000,-0.191375,0.034625,0.575752,-0.072108,0.092706,-3.141584,-0.000010,0.000020
29.336589,-2.409987,-0.374982,-15.046249,-0.110000,-0.191375,0.034625,0.575778,-0.072026,0.092709,-3.141584,-0.000014,0.000026
29.340593,-2.399988,-0.364983,-15.046249,-0.111000,-0.190375,0.034625,0.575804,-0.071943,0.092709,-3.141584,-0.000013,0.000031
29.344592,-2.399992,-0.364989,-15.046249,-0.111000,-0.190375,0.034625,0.575829,-0.071858,0.092707,-3.141585,-0.000007,0.000033
29.348595,-2.399985,-0.364979,-15.046249,-0.111000,-0.190375,0.034625,0.575855,-0.071778,0.092711,-3.141584,-0.000017,0.000034
29.352590,-2.399986,-0.364980,-15.046249,-0.111000,-0.190375,0.034625,0.575881,-0.071695,0.092711,-3.141584,-0.000016,0.000032
29.356590,-2.399987,-0.364981,-15.046249,-0.111000,-0.190375,0.034625,0.575911,-0.071612,0.092711,-3.141584,-0.000015,-0.000010
29.360589,-2.399989,-0.364984,-15.046249,-0.111000,-0.190375,0.034625,0.575939,-0.071509,0.092713,-3.141584,-0.000012,0.000018
29.364553,-2.399993,-0.364990,-15.046250,-0.111000,-0.190375,0.034625,0.575963,-0.071426,0.092712,-3.141585,-0.000005,0.000010
29.368601,-2.399986,-0.364980,-15.046249,-0.111000,-0.190375,0.034625,0.575990,-0.071343,0.092715,-3.141584,-0.000016,0.000001
29.372590,-2.399987,-0.364981,-15.046249,-0.111000,-0.190375,0.034625,0.576016,-0.071263,0.092715,-3.141584,-0.000015,-0.000005
29.376589,-2.359984,-0.444978,-15.076249,-0.107000,-0.191375,0.036625,0.576043,-0.071178,0.092718,-3.141583,-0.000018,-0.000002
29.380589,-2.359988,-0.444984,-15.076249,-0.107000,-0.191375,0.036625,0.576066,-0.071098,0.092716,-3.141584,-0.000012,-0.000002
29.384589,-2.329986,-0.484980,-15.086249,-0.105000,-0.192375,0.036625,0.576093,-0.071013,0.092719,-3.141584,-0.000016,0.000001
29.388557,-2.329982,-0.484975,-15.086249,-0.105000,-0.192375,0.036625,0.576119,-0.070933,0.092720,-3.141583,-0.000022,0.000002
29.392589,-2.329983,-0.484977,-15.086249,-0.105000,-0.192375,0.036625,0.576143,-0.070850,0.092720,-3.141583,-0.000020,0.000007
29.396564,-2.329984,-0.484977,-15.086249,-0.105000,-0.192375,0.036625,0.576170,-0.070765,0.092721,-3.141583,-0.000019,0.000010
29.400552,-2.329981,-0.484974,-15.086249,-0.105000,-0.192375,0.036625,0.576195,-0.070685,0.092723,-3.141583,-0.000023,0.000010
29.404590,-2.329985,-0.484980,-15.086249,-0.105000,-0.192375,0.036625,0.576220,-0.070600,0.092722,-3.141584,-0.000016,0.000020
29.408591,-2.329987,-0.484983,-15.086249,-0.105000,-0.192375,0.036625,0.576245,-0.070520,0.092724,-3.141584,-0.000013,0.000020
29.412590,-2.329992,-0.484989,-15.086249,-0.105000,-0.192375,0.036625,0.576269,-0.070437,0.092722,-3.141585,-0.000007,0.000025
29.416590,-2.329992,-0.484989,-15.086249,-0.105000,-0.192375,0.036625,0.576294,-0.070354,0.092722,-3.141585,-0.000006,0.000030
29.420590,-2.239993,-0.484991,-15.046250,-0.103000,-0.190375,0.035625,0.576318,-0.070272,0.092723,-3.141585,-0.000005,0.000029
29.424589,-2.239994,-0.484992,-15.046250,-0.103000,-0.190375,0.035625,0.576344,-0.070189,0.092723,-3.141585,-0.000004,0.000034
29.428552,-2.239998,-0.484998,-15.046250,-0.103000,-0.190375,0.035625,0.576368,-0.070104,0.092722,-3.141586,0.000003,0.000037
29.432599,-2.239999,-0.484999,-15.046250,-0.103000,-0.190375,0.035625,0.576394,-0.070024,0.092722,-3.141586,0.000003,0.000030
29.436595,-2.239999,-0.484999,-15.046250,-0.103000,-0.190375,0.035625,0.576420,-0.069941,0.092722,-3.141586,0.000004,0.000022
29.440589,-2.240000,-0.485000,-15.046250,-0.103000,-0.190375,0.035625,0.576445,-0.069861,0.092722,-3.141587,0.000005,0.000016
29.444554,-2.240000,-0.485000,-15.046250,-0.103000,-0.190375,0.035625,0.576470,-0.069776,0.092721,-3.141587,0.000005,0.000012
29.448591,-2.240000,-0.485001,-15.046250,-0.103000,-0.190375,0.035625,0.576495,-0.069695,0.092721,-3.141587,0.000006,0.000006
29.452590,-2.240001,-0.485001,-15.046250,-0.103000,-0.190375,0.035625,0.576521,-0.069613,0.092721,-3.141587,0.000006,-0.000003
29.456557,-2.240005,-0.485007,-15.046250,-0.103000,-0.190375,0.035625,0.576545,-0.069527,0.092720,-3.141588,0.000013,0.000000
29.460590,-2.250002,-0.465003,-14.946250,-0.103000,-0.188375,0.034625,0.576573,-0.069447,0.092722,-3.141587,0.000008,-0.000006
29.464590,-2.250006,-0.465009,-14.946250,-0.103000,-0.188375,0.034625,0.576596,-0.069364,0.092720,-3.141588,0.000014,-0.000008
29.468596,-2.250011,-0.465016,-14.946251,-0.103000,-0.188375,0.034625,0.576622,-0.069279,0.092720,-3.141589,0.000022,-0.000005
29.472589,-2.250012,-0.465017,-14.946251,-0.103000,-0.188375,0.034625,0.576647,-0.069199,0.092720,-3.141589,0.000023,-0.000004
29.476590,-2.250012,-0.465018,-14.946251,-0.103000,-0.188375,0.034625,0.576673,-0.069116,0.092720,-3.141589,0.000024,0.000001
29.480588,-2.250009,-0.465013,-14.946250,-0.103000,-0.188375,0.034625,0.576701,-0.069033,0.092722,-3.141589,0.000019,-0.000001
29.484591,-2.250009,-0.465013,-14.946250,-0.103000,-0.188375,0.034625,0.576701,-0.069033,0.092722,-3.141589,0.000019,-0.000001
29.488589,-2.250013,-0.465019,-14.946251,-0.103000,-0.188375,0.034625,0.576732,-0.068929,0.092719,-3.141589,0.000025,-0.000007
29.492590,-2.250010,-0.465015,-14.946251,-0.103000,-0.188375,0.034625,0.576752,-0.068867,0.092722,-3.141589,0.000021,-0.000004
29.496589,-2.250012,-0.465017,-14.946251,-0.103000,-0.188375,0.034625,0.576804,-0.068701,0.092722,-3.141589,0.000023,-0.000014
29.500590,-2.250012,-0.465017,-14.946251,-0.103000,-0.188375,0.034625,0.576804,-0.068701,0.092722,-3.141589,0.000023,-0.000014
29.504590,-2.440014,-0.405020,-15.136251,-0.107000,-0.195375,0.037625,0.576857,-0.068535,0.092723,-3.141589,0.000026,-0.000058
29.508589,-2.440011,-0.405016,-15.136251,-0.107000,-0.195375,0.037625,0.576882,-0.068452,0.092726,-3.141589,0.000022,-0.000060
29.512589,-2.440008,-0.405011,-15.136251,-0.107000,-0.195375,0.037625,0.576914,-0.068351,0.092727,-3.141588,0.000017,-0.000030
29.516593,-2.440008,-0.405012,-15.136251,-0.107000,-0.195375,0.037625,0.576940,-0.068265,0.092727,-3.141588,0.000017,-0.000027
29.520592,-2.440001,-0.405001,-15.136250,-0.107000,-0.195375,0.037625,0.576969,-0.068184,0.092730,-3.141587,0.000006,-0.000033
29.524589,-2.440001,-0.405002,-15.136250,-0.107000,-0.195375,0.037625,0.576994,-0.068099,0.092730,-3.141587,0.000007,-0.000037
29.528593,-2.440002,-0.405003,-15.136250,-0.107000,-0.195375,0.037625,0.577020,-0.068016,0.092730,-3.141587,0.000008,-0.000032
29.532555,-2.440003,-0.405004,-15.136250,-0.107000,-0.195375,0.037625,0.577046,-0.067930,0.092730,-3.141587,0.000009,-0.000029
29.536590,-2.439999,-0.405000,-15.136250,-0.107000,-0.195375,0.037625,0.577074,-0.067847,0.092732,-3.141586,0.000004,-0.000031
29.540589,-2.429999,-0.455000,-15.356250,-0.107000,-0.194375,0.038625,0.577101,-0.067761,0.092731,-3.141586,0.000004,-0.000028
29.544589,-2.430005,-0.455007,-15.356250,-0.107000,-0.194375,0.038625,0.577127,-0.067673,0.092731,-3.141588,0.000012,-0.000021
29.548589,-2.430002,-0.455002,-15.356250,-0.107000,-0.194375,0.038625,0.577155,-0.067585,0.092733,-3.141587,0.000007,-0.000013
29.552589,-2.430002,-0.455002,-15.356250,-0.107000,-0.194375,0.038625,0.577183,-0.067496,0.092732,-3.141587,0.000007,-0.000006
29.556589,-2.429998,-0.454998,-15.356249,-0.107000,-0.194375,0.038625,0.577211,-0.067410,0.092734,-3.141586,0.000003,-0.000010
29.560589,-2.429998,-0.454998,-15.356249,-0.107000,-0.194375,0.038625,0.577239,-0.067325,0.092733,-3.141586,0.000003,-0.000014
29.564590,-2.429999,-0.454999,-15.356250,-0.107000,-0.194375,0.038625,0.577265,-0.067236,0.092733,-3.141586,0.000004,-0.000020
29.568577,-2.429999,-0.454999,-15.356250,-0.107000,-0.194375,0.038625,0.577293,-0.067151,0.092732,-3.141586,0.000004,-0.000030
29.572589,-2.429996,-0.454995,-15.356249,-0.107000,-0.194375,0.038625,0.577321,-0.067062,0.092734,-3.141586,-0.000001,-0.000043
29.576588,-2.399996,-0.504995,-15.356249,-0.105000,-0.192375,0.038625,0.577349,-0.066976,0.092734,-3.141586,-0.000001,-0.000054
29.580553,-2.339997,-0.584997,-15.306250,-0.103000,-0.190375,0.038625,0.577376,-0.066888,0.092735,-3.141586,0.000001,-0.000060
29.584593,-2.340001,-0.585002,-15.306250,-0.103000,-0.190375,0.038625,0.577402,-0.066802,0.092732,-3.141587,0.000007,-0.000064
29.588551,-2.340001,-0.585002,-15.306250,-0.103000,-0.190375,0.038625,0.577402,-0.066802,0.092732,-3.141587,0.000007,-0.000064
29.592589,-2.340002,-0.585004,-15.306251,-0.103000,-0.190375,0.038625,0.577457,-0.066628,0.092733,-3.141587,0.000009,-0.000074
29.596589,-2.340002,-0.585004,-15.306251,-0.103000,-0.190375,0.038625,0.577485,-0.066542,0.092732,-3.141587,0.000009,-0.000078
29.600590,-2.340008,-0.585011,-15.306251,-0.103000,-0.190375,0.038625,0.577510,-0.066454,0.092732,-3.141588,0.000016,-0.000070
29.604589,-2.340004,-0.585007,-15.306251,-0.103000,-0.190375,0.038625,0.577538,-0.066368,0.092734,-3.141588,0.000012,-0.000068
29.608589,-2.340004,-0.585007,-15.306251,-0.103000,-0.190375,0.038625,0.577566,-0.066279,0.092733,-3.141588,0.000012,-0.000060
29.612590,-2.340010,-0.585014,-15.306251,-0.103000,-0.190375,0.038625,0.577591,-0.066194,0.092732,-3.141589,0.000019,-0.000051
29.616598,-2.340007,-0.585009,-15.306251,-0.103000,-0.190375,0.038625,0.577619,-0.066108,0.092734,-3.141588,0.000015,-0.000041
29.620547,-2.280012,-0.525017,-15.296251,-0.104000,-0.191375,0.037625,0.577644,-0.066019,0.092734,-3.141589,0.000022,-0.000027
29.624588,-2.280012,-0.525017,-15.296251,-0.104000,-0.191375,0.037625,0.577671,-0.065933,0.092733,-3.141589,0.000022,-0.000017
29.628589,-2.280012,-0.525017,-15.296251,-0.104000,-0.191375,0.037625,0.577671,-0.065933,0.092733,-3.141589,0.000022,-0.000017
29.632594,-2.280007,-0.525011,-15.296251,-0.104000,-0.191375,0.037625,0.577703,-0.065847,0.092739,-3.141588,0.000016,-0.000048
29.636556,-2.280008,-0.525011,-15.296251,-0.104000,-0.191375,0.037625,0.577756,-0.065675,0.092739,-3.141588,0.000017,-0.000036
29.640548,-2.280012,-0.525017,-15.296251,-0.104000,-0.191375,0.037625,0.577781,-0.065569,0.092737,-3.141589,0.000023,0.000003
29.644600,-2.280010,-0.525014,-15.296251,-0.104000,-0.191375,0.037625,0.577806,-0.065489,0.092740,-3.141589,0.000020,-0.000003
29.648589,-2.280007,-0.525010,-15.296251,-0.104000,-0.191375,0.037625,0.577834,-0.065405,0.092742,-3.141588,0.000015,-0.000012
29.652591,-2.280012,-0.525017,-15.296251,-0.104000,-0.191375,0.037625,0.577858,-0.065322,0.092741,-3.141589,0.000023,-0.000020
29.656596,-2.280012,-0.525018,-15.296251,-0.104000,-0.191375,0.037625,0.577884,-0.065239,0.092741,-3.141589,0.000024,-0.000022
29.660597,-2.410013,-0.375018,-15.436251,-0.111000,-0.199375,0.038625,0.577909,-0.065156,0.092741,-3.141589,0.000024,-0.000037
29.664599,-2.410015,-0.375021,-15.436252,-0.111000,-0.199375,0.038625,0.577934,-0.065073,0.092744,-3.141590,0.000027,-0.000045
29.668635,-2.410012,-0.375017,-15.436251,-0.111000,-0.199375,0.038625,0.577961,-0.064989,0.092745,-3.141589,0.000023,-0.000054
29.672573,-2.410013,-0.375018,-15.436251,-0.111000,-0.199375,0.038625,0.577986,-0.064904,0.092745,-3.141589,0.000024,-0.000057
29.676591,-2.410013,-0.375019,-15.436251,-0.111000,-0.199375,0.038625,0.578011,-0.064820,0.092746,-3.141590,0.000025,-0.000066
29.680590,-2.410010,-0.375014,-15.436251,-0.111000,-0.199375,0.038625,0.578039,-0.064737,0.092747,-3.141589,0.000020,-0.000068
29.684600,-2.410011,-0.375015,-15.436251,-0.111000,-0.199375,0.038625,0.578064,-0.064654,0.092748,-3.141589,0.000021,-0.000062
29.688596,-2.410011,-0.375015,-15.436251,-0.111000,-0.199375,0.038625,0.578064,-0.064654,0.092748,-3.141589,0.000021,-0.000062
29.692595,-2.410019,-0.375026,-15.436252,-0.111000,-0.199375,0.038625,0.578088,-0.064571,0.092745,-3.141591,0.000033,-0.000057
29.696592,-2.400017,-0.405023,-15.376251,-0.110000,-0.195375,0.038625,0.578141,-0.064401,0.092746,-3.141590,0.000029,-0.000023
29.700592,-2.400017,-0.405023,-15.376251,-0.110000,-0.195375,0.038625,0.578141,-0.064401,0.092746,-3.141590,0.000029,-0.000023
29.704589,-2.400014,-0.405020,-15.376251,-0.110000,-0.195375,0.038625,0.578193,-0.064232,0.092748,-3.141590,0.000026,0.000006
29.708548,-2.400018,-0.405025,-15.376251,-0.110000,-0.195375,0.038625,0.578218,-0.064149,0.092746,-3.141591,0.000031,0.000024
29.712588,-2.400018,-0.405026,-15.376251,-0.110000,-0.195375,0.038625,0.578243,-0.064066,0.092746,-3.141591,0.000032,0.000029
29.716588,-2.400015,-0.405021,-15.376251,-0.110000,-0.195375,0.038625,0.578270,-0.063982,0.092748,-3.141590,0.000028,0.000034
29.720588,-2.400016,-0.405022,-15.376251,-0.110000,-0.195375,0.038625,0.578295,-0.063896,0.092748,-3.141590,0.000028,0.000044
29.724592,-2.400016,-0.405022,-15.376251,-0.110000,-0.195375,0.038625,0.578295,-0.063896,0.092748,-3.141590,0.000028,0.000044
29.728589,-2.400017,-0.405023,-15.376251,-0.110000,-0.195375,0.038625,0.578320,-0.063813,0.092748,-3.141590,0.000029,0.000042
29.732589,-2.400017,-0.405024,-15.376251,-0.110000,-0.195375,0.038625,0.578345,-0.063730,0.092748,-3.141590,0.000030,0.000040
29.736589,-2.400014,-0.405020,-15.376251,-0.110000,-0.195375,0.038625,0.578372,-0.063649,0.092750,-3.141590,0.000026,0.000034
29.740554,-2.390015,-0.425020,-15.346251,-0.108000,-0.194375,0.038625,0.578397,-0.063566,0.092750,-3.141590,0.000026,0.000033
29.744548,-2.420017,-0.505023,-15.296251,-0.106000,-0.192375,0.039625,0.578421,-0.063485,0.092752,-3.141590,0.000030,0.000020
29.748589,-2.420017,-0.505024,-15.296251,-0.106000,-0.192375,0.039625,0.578446,-0.063402,0.092753,-3.141590,0.000030,0.000011
29.752589,-2.420018,-0.505025,-15.296251,-0.106000,-0.192375,0.039625,0.578471,-0.063321,0.092753,-3.141591,0.000031,-0.000002
29.756590,-2.420016,-0.505021,-15.296251,-0.106000,-0.192375,0.039625,0.578496,-0.063241,0.092755,-3.141590,0.000028,-0.000015
29.760593,-2.420016,-0.505022,-15.296251,-0.106000,-0.192375,0.039625,0.578521,-0.063157,0.092755,-3.141590,0.000029,-0.000030
29.764594,-2.420014,-0.505019,-15.296251,-0.106000,-0.192375,0.039625,0.578546,-0.063077,0.092758,-3.141590,0.000025,-0.000043
29.768597,-2.420011,-0.505015,-15.296251,-0.106000,-0.192375,0.039625,0.578572,-0.062996,0.092760,-3.141589,0.000020,-0.000056
29.772589,-2.420013,-0.505017,-15.296251,-0.106000,-0.192375,0.039625,0.578597,-0.062912,0.092762,-3.141589,0.000024,-0.000091
29.776589,-2.420013,-0.505018,-15.296251,-0.106000,-0.192375,0.039625,0.578621,-0.062832,0.092762,-3.141590,0.000024,-0.000057
29.780589,-2.480011,-0.375015,-15.266251,-0.113000,-0.193375,0.039625,0.578647,-0.062748,0.092765,-3.141589,0.000021,-0.000072
29.784589,-2.480012,-0.375016,-15.266251,-0.113000,-0.193375,0.039625,0.578675,-0.062667,0.092765,-3.141589,0.000022,-0.000064
29.788589,-2.480009,-0.375012,-15.266251,-0.113000,-0.193375,0.039625,0.578704,-0.062565,0.092767,-3.141589,0.000018,-0.000014
29.792593,-2.480006,-0.375009,-15.266251,-0.113000,-0.193375,0.039625,0.578729,-0.062482,0.092770,-3.141588,0.000014,0.000004
29.796578,-2.480007,-0.375009,-15.266251,-0.113000,-0.193375,0.039625,0.578753,-0.062401,0.092770,-3.141588,0.000015,0.000018
29.800563,-2.480009,-0.375012,-15.266251,-0.113000,-0.193375,0.039625,0.578778,-0.062318,0.092772,-3.141589,0.000018,0.000030
29.804589,-2.480009,-0.375013,-15.266251,-0.113000,-0.193375,0.039625,0.578802,-0.062237,0.092772,-3.141589,0.000019,0.000037
29.808592,-2.480006,-0.375009,-15.266251,-0.113000,-0.193375,0.039625,0.578829,-0.062153,0.092774,-3.141588,0.000014,0.000049
29.812589,-2.480012,-0.375016,-15.266251,-0.113000,-0.193375,0.039625,0.578853,-0.062073,0.092773,-3.141589,0.000022,0.000050
29.816589,-2.480009,-0.375012,-15.266251,-0.113000,-0.193375,0.039625,0.578877,-0.061992,0.092776,-3.141589,0.000018,0.000043
29.820545,-2.480006,-0.375008,-15.266251,-0.113000,-0.193375,0.039625,0.578904,-0.061908,0.092778,-3.141588,0.000014,0.000042
29.824589,-2.370007,-0.425009,-15.016251,-0.109000,-0.189375,0.037625,0.578929,-0.061828,0.092778,-3.141588,0.000015,0.000036
29.828589,-2.370004,-0.425005,-15.016251,-0.109000,-0.189375,0.037625,0.578955,-0.061746,0.092780,-3.141587,0.000010,0.000023
29.832592,-2.370004,-0.425006,-15.016251,-0.109000,-0.189375,0.037625,0.578980,-0.061663,0.092780,-3.141588,0.000011,0.000014
29.836589,-2.370001,-0.425002,-15.016250,-0.109000,-0.189375,0.037625,0.579007,-0.061582,0.092782,-3.141587,0.000007,-0.000005
29.840589,-2.370002,-0.425002,-15.016250,-0.109000,-0.189375,0.037625,0.579031,-0.061499,0.092782,-3.141587,0.000007,-0.000021
29.844555,-2.370003,-0.425004,-15.016251,-0.109000,-0.189375,0.037625,0.579057,-0.061418,0.092783,-3.141587,0.000010,-0.000040
29.848547,-2.370000,-0.425000,-15.016250,-0.109000,-0.189375,0.037625,0.579084,-0.061334,0.092785,-3.141587,0.000005,-0.000049
29.852589,-2.369997,-0.424996,-15.016250,-0.109000,-0.189375,0.037625,0.579111,-0.061253,0.092787,-3.141586,0.000001,-0.000068
29.856591,-2.370002,-0.425003,-15.016251,-0.109000,-0.189375,0.037625,0.579134,-0.061172,0.092786,-3.141587,0.000008,-0.000081
29.860589,-2.249999,-0.494999,-14.776250,-0.103000,-0.186375,0.036625,0.579161,-0.061088,0.092788,-3.141586,0.000004,-0.000076
29.864589,-2.249996,-0.494995,-14.776249,-0.103000,-0.186375,0.036625,0.579188,-0.061004,0.092790,-3.141586,-0.000001,-0.000064
29.868587,-2.249996,-0.494995,-14.776249,-0.103000,-0.186375,0.036625,0.579212,-0.060924,0.092790,-3.141586,0.000000,-0.000057
29.872589,-2.249993,-0.494991,-14.776249,-0.103000,-0.186375,0.036625,0.579239,-0.060840,0.092792,-3.141585,-0.000004,-0.000045
29.876589,-2.249999,-0.494998,-14.776250,-0.103000,-0.186375,0.036625,0.579262,-0.060759,0.092791,-3.141586,0.000003,-0.000031
29.880589,-2.250000,-0.495000,-14.776250,-0.103000,-0.186375,0.036625,0.579288,-0.060675,0.092793,-3.141587,0.000005,-0.000019
29.884589,-2.250001,-0.495001,-14.776250,-0.103000,-0.186375,0.036625,0.579313,-0.060595,0.092793,-3.141587,0.000006,-0.000012
29.888589,-2.249998,-0.494997,-14.776249,-0.103000,-0.186375,0.036625,0.579343,-0.060510,0.092795,-3.141586,0.000002,-0.000034
29.892590,-2.249998,-0.494998,-14.776250,-0.103000,-0.186375,0.036625,0.579364,-0.060430,0.092795,-3.141586,0.000003,0.000000
29.896589,-2.249999,-0.494999,-14.776250,-0.103000,-0.186375,0.036625,0.579394,-0.060325,0.092795,-3.141586,0.000004,0.000008
29.900589,-2.249999,-0.494999,-14.776250,-0.103000,-0.186375,0.036625,0.579412,-0.060266,0.092795,-3.141587,0.000004,0.000006
29.904590,-2.299997,-0.424996,-14.486249,-0.103000,-0.185375,0.036625,0.579437,-0.060182,0.092798,-3.141586,0.000001,0.000011
29.908589,-2.299994,-0.424992,-14.486249,-0.103000,-0.185375,0.036625,0.579463,-0.060101,0.092799,-3.141585,-0.000004,0.000005
29.912589,-2.299992,-0.424989,-14.486249,-0.103000,-0.185375,0.036625,0.579492,-0.060017,0.092802,-3.141585,-0.000007,-0.000037
29.916589,-2.300000,-0.425000,-14.486250,-0.103000,-0.185375,0.036625,0.579515,-0.059936,0.092799,-3.141587,0.000005,-0.000043
29.920589,-2.299997,-0.424996,-14.486249,-0.103000,-0.185375,0.036625,0.579541,-0.059852,0.092801,-3.141586,0.000001,-0.000059
29.924592,-2.299997,-0.424997,-14.486249,-0.103000,-0.185375,0.036625,0.579565,-0.059771,0.092801,-3.141586,0.000001,-0.000072
29.928589,-2.300003,-0.425004,-14.486250,-0.103000,-0.185375,0.036625,0.579591,-0.059670,0.092801,-3.141587,0.000009,-0.000048
29.932595,-2.299996,-0.424995,-14.486249,-0.103000,-0.185375,0.036625,0.579618,-0.059588,0.092805,-3.141586,-0.000000,-0.000068
29.936589,-2.299996,-0.424995,-14.486249,-0.103000,-0.185375,0.036625,0.579644,-0.059505,0.092804,-3.141586,-0.000000,-0.000076
29.940597,-2.399997,-0.384996,-14.366250,-0.105000,-0.184375,0.036625,0.579668,-0.059421,0.092805,-3.141586,0.000001,-0.000078
29.944589,-2.399999,-0.384998,-14.366250,-0.105000,-0.184375,0.036625,0.579694,-0.059340,0.092806,-3.141586,0.000003,-0.000084
29.948571,-2.399999,-0.384999,-14.366250,-0.105000,-0.184375,0.036625,0.579718,-0.059256,0.092806,-3.141586,0.000004,-0.000079
29.952596,-2.399996,-0.384995,-14.366250,-0.105000,-0.184375,0.036625,0.579745,-0.059172,0.092808,-3.141586,-0.000001,-0.000067
29.956553,-2.399996,-0.384995,-14.366250,-0.105000,-0.184375,0.036625,0.579771,-0.059089,0.092807,-3.141586,-0.000001,-0.000062
29.960589,-2.399997,-0.384996,-14.366250,-0.105000,-0.184375,0.036625,0.579795,-0.059005,0.092807,-3.141586,0.000000,-0.000044
29.964589,-2.399994,-0.384991,-14.366249,-0.105000,-0.184375,0.036625,0.579822,-0.058921,0.092809,-3.141585,-0.000004,-0.000032
29.968588,-2.399998,-0.384998,-14.366250,-0.105000,-0.184375,0.036625,0.579847,-0.058840,0.092808,-3.141586,0.000002,-0.000018
29.972595,-2.399991,-0.384988,-14.366249,-0.105000,-0.184375,0.036625,0.579871,-0.058761,0.092811,-3.141585,-0.000008,-0.000008
29.976590,-2.399992,-0.384989,-14.366249,-0.105000,-0.184375,0.036625,0.579895,-0.058686,0.092811,-3.141585,-0.000007,0.000003
29.980589,-2.399996,-0.474995,-14.346250,-0.103000,-0.181375,0.035625,0.579915,-0.058616,0.092810,-3.141586,-0.000001,0.000013
29.984591,-2.399996,-0.474995,-14.346250,-0.103000,-0.181375,0.035625,0.579934,-0.058553,0.092810,-3.141586,-0.000000,0.000015
29.988589,-2.399997,-0.474995,-14.346250,-0.103000,-0.181375,0.035625,0.579952,-0.058497,0.092809,-3.141586,0.000000,0.000016
29.992589,-2.399997,-0.474997,-14.346250,-0.103000,-0.181375,0.035625,0.579967,-0.058448,0.092810,-3.141586,0.000001,0.000016
29.996590,-2.399997,-0.474997,-14.346250,-0.103000,-0.181375,0.035625,0.579980,-0.058407,0.092810,-3.141586,0.000001,0.000016
30.000570,-2.399998,-0.474997,-14.346250,-0.103000,-0.181375,0.035625,0.579990,-0.058377,0.092810,-3.141586,0.000002,0.000012
30.004589,-2.400002,-0.475003,-14.346250,-0.103000,-0.181375,0.035625,0.579998,-0.058350,0.092809,-3.141587,0.000008,0.000017
30.008589,-2.399999,-0.474999,-14.346250,-0.103000,-0.181375,0.035625,0.580005,-0.058334,0.092811,-3.141586,0.000003,0.000017
30.012590,-2.399995,-0.474993,-14.346250,-0.103000,-0.181375,0.035625,0.580010,-0.058323,0.092812,-3.141585,-0.000003,0.000015
30.016593,-2.399996,-0.474994,-14.346250,-0.103000,-0.181375,0.035625,0.580012,-0.058317,0.092813,-3.141586,-0.000001,0.000010
30.020589,-2.390000,-0.515000,-14.406250,-0.103000,-0.181375,0.036625,0.580011,-0.058320,0.092812,-3.141587,0.000005,0.000006
30.024546,-2.390000,-0.515000,-14.406250,-0.103000,-0.181375,0.036625,0.580011,-0.058320,0.092812,-3.141587,0.000005,0.000006
30.028590,-2.389996,-0.514994,-14.406249,-0.103000,-0.181375,0.036625,0.580012,-0.058322,0.092813,-3.141586,-0.000001,0.000008
30.032590,-2.390000,-0.515000,-14.406250,-0.103000,-0.181375,0.036625,0.580011,-0.058325,0.092812,-3.141587,0.000005,0.000004
30.036590,-2.390000,-0.515000,-14.406250,-0.103000,-0.181375,0.036625,0.580010,-0.058330,0.092812,-3.141587,0.000005,0.000001
30.040589,-2.390004,-0.515005,-14.406250,-0.103000,-0.181375,0.036625,0.580008,-0.058333,0.092811,-3.141588,0.000011,-0.000003
30.044589,-2.390000,-0.515000,-14.406250,-0.103000,-0.181375,0.036625,0.580010,-0.058336,0.092812,-3.141587,0.000005,-0.000001
30.048589,-2.390000,-0.515000,-14.406250,-0.103000,-0.181375,0.036625,0.580010,-0.058338,0.092812,-3.141587,0.000005,-0.000012
