timestamp_s,Fx_N,Fy_N,Fz_N,Mx_Nm,My_Nm,Mz_Nm,TCP_x_m,TCP_y_m,TCP_z_m,TCP_rx_rad,TCP_ry_rad,TCP_rz_rad
0.000394,0.000000,-0.005000,-0.005000,0.000000,-0.000125,0.000375,0.386000,-0.690000,0.098002,3.141591,-0.000001,-0.000004
0.004512,0.000000,-0.005000,-0.005000,0.000000,-0.000125,0.000375,0.386000,-0.690000,0.098002,3.141591,-0.000001,-0.000004
0.008518,0.000000,-0.005000,-0.005000,0.000000,-0.000125,0.000375,0.386000,-0.690000,0.098002,3.141591,-0.000001,-0.000004
0.012477,0.000000,-0.005000,-0.005000,0.000000,-0.000125,0.000375,0.386000,-0.690000,0.098002,3.141591,-0.000001,-0.000004
0.016451,0.000000,-0.005000,-0.005000,0.000000,-0.000125,0.000375,0.386000,-0.690000,0.098002,3.141591,-0.000001,-0.000004
0.020550,0.000000,-0.005000,-0.005000,0.000000,-0.000125,0.000375,0.386000,-0.690000,0.098002,3.141591,-0.000001,-0.000004
0.024480,0.000000,-0.005000,-0.005000,0.000000,-0.000125,0.000375,0.386000,-0.690000,0.098002,3.141591,-0.000001,-0.000004
0.028476,0.000000,-0.005000,-0.005000,0.000000,-0.000125,0.000375,0.386000,-0.690000,0.098002,3.141591,-0.000001,-0.000004
0.032478,0.000000,-0.005000,-0.005000,0.000000,-0.000125,0.000375,0.386000,-0.690000,0.098002,3.141591,-0.000001,-0.000004
0.036504,0.000000,-0.005000,-0.005000,0.000000,-0.000125,0.000375,0.386000,-0.690000,0.098002,3.141591,-0.000001,-0.000004
0.040545,0.000003,-0.005006,-0.005000,0.000000,-0.000125,0.000375,0.385999,-0.689999,0.098000,-3.141590,0.000002,-0.000004
0.044537,0.000009,-0.005015,-0.005000,0.000000,-0.000125,0.000375,0.385999,-0.689994,0.097993,-3.141583,0.000008,0.000000
0.048494,0.000010,-0.005017,-0.005001,0.000000,-0.000125,0.000375,0.386003,-0.689987,0.097986,-3.141582,0.000009,0.000009
0.052531,-0.009987,-0.005022,0.005000,0.000000,-0.000125,0.000375,0.386006,-0.689974,0.097975,-3.141578,0.000012,0.000016
0.056527,-0.009979,-0.005036,0.004999,0.000000,-0.000125,0.000375,0.386012,-0.689954,0.097955,-3.141568,0.000021,0.000018
0.060525,-0.009976,-0.005042,0.004999,0.000001,-0.000125,0.000375,0.386021,-0.689927,0.097935,-3.141564,0.000024,0.000030
0.064517,-0.009973,-0.005046,0.004999,0.000001,-0.000125,0.000375,0.386030,-0.689895,0.097915,-3.141560,0.000027,0.000032
0.068488,-0.009974,-0.005046,0.004999,0.000001,-0.000125,0.000375,0.386046,-0.689854,0.097897,-3.141561,0.000027,0.000035
0.072507,-0.009969,-0.005054,0.004999,0.000001,-0.000125,0.000375,0.386062,-0.689803,0.097872,-3.141555,0.000032,0.000039
0.076457,-0.009967,-0.005056,0.004999,0.000001,-0.000125,0.000375,0.386079,-0.689746,0.097849,-3.141553,0.000034,0.000035
0.080464,-0.009964,-0.005063,0.004999,0.000001,-0.000125,0.000375,0.386101,-0.689680,0.097822,-3.141548,0.000038,0.000044
0.084519,-0.009960,-0.005069,0.004999,0.000001,-0.000125,0.000375,0.386123,-0.689608,0.097796,-3.141543,0.000041,0.000045
0.088517,-0.009963,-0.005063,0.004999,0.000001,-0.000125,0.000375,0.386147,-0.689533,0.097773,-3.141548,0.000038,0.000049
0.092520,-0.039965,-0.005061,-0.015001,0.000001,-0.000125,-0.000625,0.386173,-0.689451,0.097745,-3.141549,0.000037,0.000050
0.096515,-0.039962,-0.005067,-0.015001,0.000001,-0.000125,-0.000625,0.386200,-0.689363,0.097718,-3.141545,0.000040,0.000055
0.100502,-0.039958,-0.005073,-0.015002,0.000001,-0.000125,-0.000625,0.386229,-0.689273,0.097692,-3.141541,0.000044,0.000071
0.104504,-0.039959,-0.005071,-0.015002,0.000001,-0.000125,-0.000625,0.386258,-0.689182,0.097675,-3.141542,0.000043,0.000074
0.108504,-0.039954,-0.005081,-0.015002,0.000001,-0.000124,-0.000625,0.386286,-0.689091,0.097653,-3.141535,0.000049,0.000076
0.112479,-0.039950,-0.005087,-0.015002,0.000001,-0.000124,-0.000625,0.386311,-0.689002,0.097636,-3.141530,0.000053,0.000074
0.116500,-0.039940,-0.005105,-0.015002,0.000001,-0.000124,-0.000625,0.386339,-0.688910,0.097615,-3.141517,0.000064,0.000077
0.120512,-0.039935,-0.005112,-0.015002,0.000001,-0.000124,-0.000625,0.386369,-0.688820,0.097600,-3.141511,0.000069,0.000080
0.124504,-0.039935,-0.005112,-0.015002,0.000001,-0.000124,-0.000625,0.386369,-0.688820,0.097600,-3.141511,0.000069,0.000080
0.128518,-0.039934,-0.005115,-0.015003,0.000001,-0.000124,-0.000625,0.386430,-0.688622,0.097565,-3.141509,0.000070,0.000076
0.132476,-0.039932,-0.005118,-0.015003,0.000001,-0.000124,-0.000625,0.386455,-0.688548,0.097553,-3.141507,0.000072,0.000081
0.136513,-0.069933,-0.025117,-0.025003,0.001001,-0.001124,-0.000625,0.386481,-0.688450,0.097537,-3.141508,0.000071,0.000075
0.140511,-0.069941,-0.025103,-0.025002,0.001001,-0.001124,-0.000625,0.386516,-0.688344,0.097522,-3.141519,0.000062,0.000035
0.144522,-0.069948,-0.025090,-0.025002,0.001001,-0.001124,-0.000625,0.386537,-0.688218,0.097503,-3.141528,0.000055,0.000033
0.148513,-0.069964,-0.025063,-0.025002,0.001001,-0.001125,-0.000625,0.386572,-0.688108,0.097492,-3.141548,0.000038,0.000025
0.152510,-0.069973,-0.025048,-0.025001,0.001001,-0.001125,-0.000625,0.386628,-0.687984,0.097478,-3.141559,0.000028,0.000054
0.156513,-0.069985,-0.025026,-0.025001,0.001000,-0.001125,-0.000625,0.386663,-0.687874,0.097465,-3.141575,0.000015,0.000053
0.160530,-0.069994,-0.025011,-0.025000,0.001000,-0.001125,-0.000625,0.386697,-0.687763,0.097450,-3.141586,0.000005,0.000051
0.164512,-0.070003,-0.024994,-0.025000,0.001000,-0.001125,-0.000625,0.386732,-0.687653,0.097434,3.141587,-0.000005,0.000056
0.168515,-0.070001,-0.024999,-0.025000,0.001000,-0.001125,-0.000625,0.386762,-0.687543,0.097416,3.141590,-0.000002,0.000050
0.172512,-0.069997,-0.025005,-0.025000,0.001000,-0.001125,-0.000625,0.386797,-0.687433,0.097399,-3.141591,0.000002,0.000055
0.176517,-0.009992,-0.005014,0.025000,0.000000,-0.000125,-0.000625,0.386830,-0.687321,0.097378,-3.141584,0.000007,0.000053
0.180513,-0.009985,-0.005025,0.025000,0.000000,-0.000125,-0.000625,0.386863,-0.687209,0.097359,-3.141576,0.000014,0.000051
0.184517,-0.009983,-0.005029,0.024999,0.000000,-0.000125,-0.000625,0.386898,-0.687098,0.097340,-3.141573,0.000017,0.000050
0.188512,-0.009986,-0.005025,0.025000,0.000000,-0.000125,-0.000625,0.386930,-0.686991,0.097320,-3.141576,0.000014,0.000043
0.192516,-0.009982,-0.005031,0.024999,0.000000,-0.000125,-0.000625,0.386965,-0.686880,0.097294,-3.141572,0.000018,0.000042
0.196513,-0.009991,-0.005016,0.025000,0.000000,-0.000125,-0.000625,0.386998,-0.686774,0.097280,-3.141583,0.000008,0.000035
0.200510,-0.009999,-0.005002,0.025000,0.000000,-0.000125,-0.000625,0.387034,-0.686666,0.097258,3.141593,-0.000000,0.000034
0.204476,-0.010012,-0.004978,0.025001,-0.000000,-0.000125,-0.000625,0.387072,-0.686559,0.097242,3.141575,-0.000015,0.000039
0.208515,-0.010014,-0.004976,0.025001,-0.000000,-0.000125,-0.000625,0.387103,-0.686450,0.097215,3.141573,-0.000016,0.000032
0.212510,-0.030025,-0.024956,-0.014999,-0.000001,-0.000125,-0.000625,0.387138,-0.686341,0.097195,3.141559,-0.000029,0.000031
0.216510,-0.030033,-0.024942,-0.014999,-0.000001,-0.000125,-0.000625,0.387171,-0.686235,0.097173,3.141549,-0.000037,0.000025
0.220476,-0.030041,-0.024929,-0.014998,-0.000001,-0.000125,-0.000625,0.387204,-0.686128,0.097151,3.141539,-0.000046,0.000025
0.224529,-0.030041,-0.024929,-0.014998,-0.000001,-0.000125,-0.000625,0.387204,-0.686128,0.097151,3.141539,-0.000046,0.000025
0.228510,-0.030038,-0.024934,-0.014998,-0.000001,-0.000125,-0.000625,0.387236,-0.686020,0.097125,3.141542,-0.000043,0.000019
0.232479,-0.030031,-0.024946,-0.014999,-0.000001,-0.000125,-0.000625,0.387268,-0.685912,0.097097,3.141551,-0.000035,0.000019
0.236516,-0.030021,-0.024964,-0.014999,-0.000000,-0.000125,-0.000625,0.387298,-0.685807,0.097068,3.141565,-0.000024,0.000015
0.240516,-0.030007,-0.024988,-0.015000,-0.000000,-0.000125,-0.000625,0.387324,-0.685708,0.097036,3.141582,-0.000009,0.000016
0.244522,-0.030000,-0.024999,-0.015000,-0.000000,-0.000125,-0.000625,0.387349,-0.685614,0.097008,3.141591,-0.000002,0.000012
0.248479,-0.029997,-0.025006,-0.015000,0.000000,-0.000125,-0.000625,0.387377,-0.685524,0.096982,-3.141590,0.000002,0.000021
0.252516,-0.030024,-0.024958,-0.014999,-0.000001,-0.000125,-0.000625,0.387406,-0.685440,0.096963,3.141560,-0.000028,-0.000001
0.256491,0.000004,0.014994,-0.005000,0.000000,-0.000125,-0.000625,0.387418,-0.685336,0.096926,-3.141590,0.000003,0.000004
0.260511,-0.000001,0.015001,-0.005000,-0.000000,-0.000125,-0.000625,0.387466,-0.685235,0.096902,3.141590,-0.000002,0.000040
0.264516,-0.000004,0.015008,-0.005000,-0.000000,-0.000125,-0.000625,0.387518,-0.685055,0.096845,3.141586,-0.000006,0.000041
0.268517,-0.000004,0.015008,-0.005000,-0.000000,-0.000125,-0.000625,0.387518,-0.685055,0.096845,3.141586,-0.000006,0.000041
0.272476,-0.000013,0.015024,-0.005000,-0.000000,-0.000125,-0.000625,0.387547,-0.684965,0.096820,3.141574,-0.000016,0.000044
0.276523,-0.000019,0.015033,-0.004999,-0.000000,-0.000125,-0.000625,0.387572,-0.684876,0.096794,3.141567,-0.000022,0.000035
0.280512,-0.000026,0.015046,-0.004999,-0.000001,-0.000125,-0.000625,0.387600,-0.684786,0.096771,3.141557,-0.000030,0.000045
0.284516,-0.000028,0.015049,-0.004999,-0.000001,-0.000125,-0.000625,0.387629,-0.684696,0.096743,3.141555,-0.000032,0.000041
0.288510,-0.000035,0.015062,-0.004999,-0.000001,-0.000125,-0.000625,0.387661,-0.684605,0.096723,3.141546,-0.000040,0.000041
0.292495,-0.000037,0.015065,-0.004999,-0.000001,-0.000125,-0.000625,0.387689,-0.684515,0.096695,3.141544,-0.000042,0.000030
0.296472,0.009963,-0.004935,0.005002,-0.000001,-0.000125,-0.001625,0.387717,-0.684424,0.096670,3.141543,-0.000042,0.000026
0.300464,0.009965,-0.004938,0.005002,-0.000001,-0.000125,-0.001625,0.387744,-0.684332,0.096641,3.141546,-0.000040,0.000022
0.304473,0.009963,-0.004934,0.005002,-0.000001,-0.000125,-0.001625,0.387771,-0.684241,0.096611,3.141543,-0.000042,0.000018
0.308472,0.009961,-0.004932,0.005002,-0.000001,-0.000125,-0.001625,0.387799,-0.684150,0.096585,3.141541,-0.000044,0.000014
0.312472,0.009956,-0.004922,0.005002,-0.000001,-0.000125,-0.001625,0.387828,-0.684060,0.096557,3.141534,-0.000050,0.000010
0.316470,0.009957,-0.004924,0.005002,-0.000001,-0.000125,-0.001625,0.387856,-0.683970,0.096526,3.141535,-0.000049,0.000006
0.320469,0.009955,-0.004921,0.005002,-0.000001,-0.000125,-0.001625,0.387884,-0.683880,0.096498,3.141533,-0.000051,0.000002
0.324471,0.009949,-0.004910,0.005002,-0.000001,-0.000126,-0.001625,0.387914,-0.683791,0.096470,3.141525,-0.000058,0.000005
0.328464,0.009953,-0.004916,0.005002,-0.000001,-0.000126,-0.001625,0.387941,-0.683701,0.096435,3.141530,-0.000053,0.000007
0.332463,-0.010047,-0.014916,0.015002,-0.000001,-0.000126,-0.001625,0.387975,-0.683590,0.096393,3.141530,-0.000054,0.000006
0.336459,-0.010042,-0.014926,0.015002,-0.000001,-0.000125,-0.001625,0.387995,-0.683523,0.096362,3.141537,-0.000047,0.000015
0.340457,-0.010039,-0.014931,0.015001,-0.000001,-0.000125,-0.001625,0.388019,-0.683438,0.096324,3.141540,-0.000045,0.000015
0.344456,-0.010036,-0.014936,0.015001,-0.000001,-0.000125,-0.001625,0.388044,-0.683354,0.096288,3.141544,-0.000042,0.000016
0.348455,-0.010034,-0.014940,0.015001,-0.000001,-0.000125,-0.001625,0.388066,-0.683274,0.096250,3.141547,-0.000039,0.000018
0.352452,-0.010028,-0.014951,0.015001,-0.000001,-0.000125,-0.001625,0.388089,-0.683193,0.096211,3.141555,-0.000032,0.000021
0.356451,-0.010029,-0.014949,0.015001,-0.000001,-0.000125,-0.001625,0.388116,-0.683112,0.096176,3.141554,-0.000033,0.000028
0.360478,-0.010030,-0.014947,0.015001,-0.000001,-0.000125,-0.001625,0.388139,-0.683032,0.096139,3.141552,-0.000035,0.000031
0.364478,-0.010032,-0.014944,0.015001,-0.000001,-0.000125,-0.001625,0.388162,-0.682952,0.096101,3.141550,-0.000037,0.000033
0.368484,-0.010027,-0.014952,0.015001,-0.000001,-0.000125,-0.001625,0.388183,-0.682870,0.096060,3.141556,-0.000031,0.000036
0.372450,-0.010026,-0.014955,0.015001,-0.000001,-0.000125,-0.001625,0.388205,-0.682789,0.096020,3.141558,-0.000030,0.000038
0.376452,-0.010013,-0.014977,-0.014999,-0.000000,-0.000125,-0.001625,0.388225,-0.682705,0.095977,3.141574,-0.000016,0.000041
0.380486,-0.010035,-0.014938,-0.014998,-0.000001,-0.000125,-0.001625,0.388252,-0.682625,0.095941,3.141546,-0.000040,0.000021
0.384548,-0.009994,-0.015010,-0.015000,0.000000,-0.000125,-0.001625,0.388261,-0.682528,0.095877,-3.141587,0.000005,0.000024
0.388546,-0.010026,-0.014954,-0.014999,-0.000001,-0.000125,-0.001625,0.388296,-0.682463,0.095866,3.141557,-0.000030,0.000020
0.392480,-0.010003,-0.014995,-0.015000,-0.000000,-0.000125,-0.001625,0.388326,-0.682358,0.095819,3.141587,-0.000005,0.000043
0.396475,-0.010000,-0.015000,-0.015000,0.000000,-0.000125,-0.001625,0.388347,-0.682276,0.095783,3.141591,-0.000001,0.000045
0.400478,-0.009997,-0.015005,-0.015000,0.000000,-0.000125,-0.001625,0.388372,-0.682193,0.095746,-3.141591,0.000002,0.000039
0.404505,-0.009988,-0.015022,-0.015000,0.000000,-0.000125,-0.001625,0.388396,-0.682109,0.095705,-3.141578,0.000012,0.000039
0.408511,-0.009985,-0.015027,-0.015000,0.000000,-0.000125,-0.001625,0.388417,-0.682028,0.095669,-3.141575,0.000015,0.000028
0.412549,0.000011,0.004980,0.005000,0.000000,-0.000125,-0.002625,0.388443,-0.681945,0.095636,-3.141580,0.000011,0.000029
0.416449,0.000009,0.004984,0.005000,0.000000,-0.000125,-0.002625,0.388468,-0.681862,0.095597,-3.141583,0.000009,0.000022
0.420494,0.000005,0.004991,0.005000,0.000000,-0.000125,-0.002625,0.388490,-0.681781,0.095565,-3.141588,0.000004,0.000018
0.424495,-0.000006,0.005011,0.005000,-0.000000,-0.000125,-0.002625,0.388516,-0.681700,0.095534,3.141583,-0.000009,0.000012
0.428511,-0.000015,0.005026,0.005001,-0.000000,-0.000125,-0.002625,0.388543,-0.681619,0.095501,3.141572,-0.000018,0.000012
0.432516,-0.000020,0.005036,0.005001,-0.000000,-0.000125,-0.002625,0.388566,-0.681539,0.095464,3.141565,-0.000024,0.000002
0.436511,-0.000021,0.005037,0.005001,-0.000000,-0.000125,-0.002625,0.388591,-0.681457,0.095430,3.141564,-0.000024,0.000002
0.440514,-0.000024,0.005042,0.005001,-0.000001,-0.000125,-0.002625,0.388617,-0.681375,0.095390,3.141561,-0.000028,-0.000004
0.444511,-0.000024,0.005043,0.005001,-0.000001,-0.000125,-0.002625,0.388644,-0.681294,0.095355,3.141560,-0.000028,-0.000004
0.448515,-0.000026,0.005046,0.005001,-0.000001,-0.000125,-0.002625,0.388668,-0.681216,0.095318,3.141558,-0.000030,-0.000008
0.452484,-0.010024,-0.004957,0.015001,-0.000001,-0.000125,-0.002625,0.388694,-0.681135,0.095279,3.141560,-0.000028,-0.000014
0.456474,-0.010019,-0.014966,0.015001,-0.000000,-0.000125,-0.002625,0.388716,-0.681054,0.095238,3.141566,-0.000023,-0.000019
0.460477,-0.010017,-0.014969,0.015001,-0.000000,-0.000125,-0.002625,0.388743,-0.680973,0.095199,3.141569,-0.000021,-0.000011
0.464514,-0.010012,-0.014979,0.015000,-0.000000,-0.000125,-0.002625,0.388766,-0.680894,0.095158,3.141576,-0.000015,-0.000036
0.468509,-0.010008,-0.014987,0.015000,-0.000000,-0.000125,-0.002625,0.388792,-0.680812,0.095116,3.141581,-0.000010,-0.000015
0.472519,-0.010006,-0.014990,0.015000,-0.000000,-0.000125,-0.002625,0.388818,-0.680731,0.095077,3.141584,-0.000008,-0.000028
0.476511,-0.010007,-0.014988,0.015000,-0.000000,-0.000125,-0.002625,0.388832,-0.680641,0.095024,3.141582,-0.000009,-0.000026
0.480515,-0.010007,-0.014988,0.015000,-0.000000,-0.000125,-0.002625,0.388832,-0.680641,0.095024,3.141582,-0.000009,-0.000026
0.484511,-0.010021,-0.014963,0.015001,-0.000000,-0.000125,-0.002625,0.388900,-0.680474,0.094945,3.141564,-0.000025,0.000013
0.488510,-0.010026,-0.014954,0.015001,-0.000001,-0.000125,-0.002625,0.388926,-0.680394,0.094901,3.141558,-0.000030,0.000020
0.492509,-0.010026,-0.014954,0.015001,-0.000001,-0.000125,-0.002625,0.388926,-0.680394,0.094901,3.141558,-0.000030,0.000020
0.496511,-0.010033,-0.014941,0.015001,-0.000001,-0.000125,-0.002625,0.388950,-0.680315,0.094860,3.141548,-0.000038,0.000023
0.500516,-0.010051,0.005091,-0.004998,-0.000001,-0.000126,-0.002625,0.389006,-0.680156,0.094782,3.141525,-0.000058,0.000037
0.504511,-0.010047,0.005083,-0.004998,-0.000001,-0.000126,-0.002625,0.389028,-0.680076,0.094740,3.141531,-0.000053,0.000047
0.508510,-0.010044,0.005078,-0.004998,-0.000001,-0.000125,-0.002625,0.389055,-0.679996,0.094702,3.141534,-0.000050,0.000047
0.512512,-0.010044,0.005078,-0.004998,-0.000001,-0.000125,-0.002625,0.389055,-0.679996,0.094702,3.141534,-0.000050,0.000047
0.516510,-0.010051,0.005091,-0.004998,-0.000001,-0.000126,-0.002625,0.389107,-0.679838,0.094638,3.141525,-0.000058,0.000057
0.520471,-0.010055,0.005098,-0.004998,-0.000001,-0.000126,-0.002625,0.389134,-0.679758,0.094605,3.141520,-0.000063,0.000057
0.524500,-0.010052,0.005093,-0.004998,-0.000001,-0.000126,-0.002625,0.389160,-0.679677,0.094569,3.141524,-0.000059,0.000058
0.528511,-0.010060,0.005107,-0.004998,-0.000001,-0.000126,-0.002625,0.389187,-0.679597,0.094537,3.141513,-0.000068,0.000051
0.532516,-0.010060,0.005107,-0.004998,-0.000001,-0.000126,-0.002625,0.389187,-0.679597,0.094537,3.141513,-0.000068,0.000051
0.536511,-0.010060,0.005107,-0.004998,-0.000001,-0.000126,-0.002625,0.389187,-0.679597,0.094537,3.141513,-0.000068,0.000051
0.540510,-0.010060,0.005107,-0.004998,-0.000001,-0.000126,-0.002625,0.389187,-0.679597,0.094537,3.141513,-0.000068,0.000051
0.544511,-0.010060,0.005107,-0.004998,-0.000001,-0.000126,-0.002625,0.389187,-0.679597,0.094537,3.141513,-0.000068,0.000051
0.548517,-0.280128,-0.134772,-1.754994,-0.002003,-0.030126,0.001375,0.389335,-0.679158,0.094371,3.141426,-0.000144,0.000038
0.552515,-0.280128,-0.134772,-1.754994,-0.002003,-0.030126,0.001375,0.389335,-0.679158,0.094371,3.141426,-0.000144,0.000038
0.556524,-0.280128,-0.134772,-1.754994,-0.002003,-0.030126,0.001375,0.389335,-0.679158,0.094371,3.141426,-0.000144,0.000038
0.560510,-0.280136,-0.134757,-1.754994,-0.002003,-0.030126,0.001375,0.389365,-0.679072,0.094338,3.141415,-0.000154,0.000034
0.564521,-0.280182,-0.134693,-1.754993,-0.002004,-0.030127,0.001375,0.389455,-0.678816,0.094248,3.141362,-0.000191,0.000024
0.568510,-0.280182,-0.134693,-1.754993,-0.002004,-0.030127,0.001375,0.389455,-0.678816,0.094248,3.141362,-0.000191,0.000024
0.572511,-0.280186,-0.134685,-1.754993,-0.002004,-0.030127,0.001375,0.389481,-0.678730,0.094214,3.141356,-0.000196,0.000015
0.576474,-0.280186,-0.134685,-1.754993,-0.002004,-0.030127,0.001375,0.389481,-0.678730,0.094214,3.141356,-0.000196,0.000015
0.580512,-0.280190,-0.134679,-1.754992,-0.002004,-0.030127,0.001375,0.389511,-0.678643,0.094183,3.141352,-0.000199,0.000011
0.584516,-1.240170,-0.354713,-8.294993,-0.018004,-0.137127,0.015375,0.389561,-0.678467,0.094103,3.141376,-0.000178,-0.000006
0.588510,-1.240168,-0.354717,-8.294993,-0.018004,-0.137127,0.015375,0.389617,-0.678294,0.094032,3.141379,-0.000176,-0.000012
0.592520,-1.240168,-0.354717,-8.294993,-0.018004,-0.137127,0.015375,0.389617,-0.678294,0.094032,3.141379,-0.000176,-0.000012
0.596480,-1.240174,-0.354705,-8.294993,-0.018004,-0.137127,0.015375,0.389648,-0.678208,0.093995,3.141371,-0.000183,-0.000003
0.600516,-1.240187,-0.354682,-8.294992,-0.018004,-0.137127,0.015375,0.389676,-0.678124,0.093961,3.141354,-0.000197,0.000002
0.604489,-1.240194,-0.354670,-8.294992,-0.018004,-0.137127,0.015375,0.389703,-0.678039,0.093922,3.141345,-0.000205,0.000007
0.608529,-1.240208,-0.354645,-8.294992,-0.018004,-0.137127,0.015375,0.389731,-0.677955,0.093886,3.141328,-0.000221,0.000012
0.612516,-1.240214,-0.354635,-8.294991,-0.018005,-0.137127,0.015375,0.389761,-0.677868,0.093850,3.141320,-0.000227,0.000028
0.616524,-1.240214,-0.354635,-8.294991,-0.018005,-0.137127,0.015375,0.389761,-0.677868,0.093850,3.141320,-0.000227,0.000028
0.620502,-2.410220,-0.654623,-15.754991,-0.034005,-0.254127,0.034375,0.389814,-0.677697,0.093770,3.141312,-0.000234,0.000058
0.624460,-2.410253,-0.654564,-15.754990,-0.034006,-0.254128,0.034375,0.389843,-0.677615,0.093738,3.141269,-0.000272,0.000043
0.628485,-2.410228,-0.654610,-15.754991,-0.034005,-0.254127,0.034375,0.389868,-0.677527,0.093696,3.141302,-0.000243,0.000048
0.632496,-2.410225,-0.654615,-15.754991,-0.034005,-0.254127,0.034375,0.389903,-0.677420,0.093651,3.141306,-0.000240,0.000080
0.636482,-2.410225,-0.654615,-15.754991,-0.034005,-0.254127,0.034375,0.389930,-0.677335,0.093619,3.141306,-0.000240,0.000085
0.640480,-2.410225,-0.654615,-15.754991,-0.034005,-0.254127,0.034375,0.389930,-0.677335,0.093619,3.141306,-0.000240,0.000085
0.644477,-2.410214,-0.654634,-15.754992,-0.034005,-0.254127,0.034375,0.389957,-0.677244,0.093581,3.141319,-0.000228,0.000087
0.648453,-2.410214,-0.654634,-15.754992,-0.034005,-0.254127,0.034375,0.389957,-0.677244,0.093581,3.141319,-0.000228,0.000087
0.652477,-2.410182,-0.654691,-15.754993,-0.034004,-0.254127,0.034375,0.390028,-0.676973,0.093478,3.141361,-0.000192,0.000080
0.656476,-3.570180,-1.094694,-23.024993,-0.049004,-0.364127,0.052375,0.390052,-0.676884,0.093449,3.141363,-0.000190,0.000071
0.660450,-3.570183,-1.094689,-23.024992,-0.049004,-0.364127,0.052375,0.390077,-0.676797,0.093419,3.141360,-0.000193,0.000062
0.664482,-3.570183,-1.094689,-23.024992,-0.049004,-0.364127,0.052375,0.390077,-0.676797,0.093419,3.141360,-0.000193,0.000062
0.668485,-3.570198,-1.094662,-23.024992,-0.049004,-0.364127,0.052375,0.390132,-0.676623,0.093366,3.141340,-0.000210,0.000057
0.672505,-3.570204,-1.094651,-23.024991,-0.049004,-0.364127,0.052375,0.390157,-0.676536,0.093338,3.141332,-0.000217,0.000048
0.676509,-3.570216,-1.094630,-23.024991,-0.049005,-0.364127,0.052375,0.390183,-0.676450,0.093316,3.141317,-0.000231,0.000039
0.680486,-3.570219,-1.094624,-23.024991,-0.049005,-0.364127,0.052375,0.390210,-0.676360,0.093294,3.141313,-0.000234,0.000029
0.684515,-3.570212,-1.094637,-23.024991,-0.049005,-0.364127,0.052375,0.390232,-0.676269,0.093268,3.141322,-0.000226,0.000020
0.688515,-3.570209,-1.094642,-23.024991,-0.049005,-0.364127,0.052375,0.390259,-0.676179,0.093250,3.141326,-0.000223,0.000016
0.692517,-3.570206,-1.094646,-23.024991,-0.049004,-0.364127,0.052375,0.390283,-0.676091,0.093231,3.141329,-0.000221,0.000007
0.696514,-3.570200,-1.094658,-23.024992,-0.049004,-0.364127,0.052375,0.390307,-0.676002,0.093212,3.141337,-0.000213,-0.000001
0.700479,-4.640201,-1.154656,-30.834991,-0.074004,-0.475127,0.068375,0.390335,-0.675914,0.093196,3.141336,-0.000214,-0.000005
0.704519,-4.640194,-1.154668,-30.834991,-0.074004,-0.475127,0.068375,0.390358,-0.675825,0.093177,3.141345,-0.000207,-0.000014
0.708490,-4.640189,-1.154677,-30.834992,-0.074004,-0.475127,0.068375,0.390385,-0.675735,0.093164,3.141351,-0.000201,-0.000004
0.712462,-4.640181,-1.154691,-30.834992,-0.074004,-0.475127,0.068375,0.390408,-0.675646,0.093148,3.141361,-0.000192,0.000001
0.716483,-4.640179,-1.154695,-30.834992,-0.074004,-0.475127,0.068375,0.390432,-0.675557,0.093139,3.141365,-0.000190,-0.000028
0.720517,-4.640178,-1.154698,-30.834992,-0.074004,-0.475127,0.068375,0.390463,-0.675446,0.093128,3.141366,-0.000188,0.000004
0.724517,-4.640171,-1.154709,-30.834992,-0.074004,-0.475127,0.068375,0.390486,-0.675357,0.093118,3.141375,-0.000181,0.000009
0.728528,-4.640165,-1.154721,-30.834993,-0.074004,-0.475127,0.068375,0.390512,-0.675266,0.093108,3.141383,-0.000174,0.000018
0.732479,-4.640165,-1.154719,-30.834993,-0.074004,-0.475127,0.068375,0.390537,-0.675179,0.093101,3.141382,-0.000175,0.000023
0.736512,-5.650169,-1.074713,-36.794993,-0.094004,-0.572127,0.080375,0.390560,-0.675095,0.093096,3.141377,-0.000179,0.000030
0.740510,-5.650175,-1.074701,-36.794993,-0.094004,-0.572127,0.080375,0.390587,-0.675011,0.093095,3.141369,-0.000186,0.000035
0.744521,-5.650176,-1.074700,-36.794993,-0.094004,-0.572127,0.080375,0.390611,-0.674928,0.093097,3.141368,-0.000187,0.000042
0.748518,-5.650176,-1.074699,-36.794993,-0.094004,-0.572127,0.080375,0.390633,-0.674848,0.093099,3.141368,-0.000187,0.000045
0.752512,-5.650174,-1.074704,-36.794993,-0.094004,-0.572127,0.080375,0.390657,-0.674765,0.093099,3.141371,-0.000185,0.000045
0.756510,-5.650167,-1.074716,-36.794993,-0.094004,-0.572127,0.080375,0.390680,-0.674681,0.093099,3.141380,-0.000177,0.000052
0.760514,-5.650157,-1.074733,-36.794994,-0.094003,-0.572127,0.080375,0.390703,-0.674597,0.093095,3.141392,-0.000166,0.000053
0.764510,-5.650152,-1.074743,-36.794994,-0.094003,-0.572127,0.080375,0.390726,-0.674514,0.093092,3.141399,-0.000160,0.000053
0.768498,-5.650148,-1.074750,-36.794994,-0.094003,-0.572127,0.080375,0.390750,-0.674431,0.093094,3.141404,-0.000156,0.000053
0.772489,-6.100134,-1.004774,-39.194996,-0.107003,-0.610126,0.084375,0.390772,-0.674346,0.093091,3.141422,-0.000140,0.000054
0.776493,-6.100129,-1.004783,-39.194997,-0.107003,-0.610126,0.084375,0.390792,-0.674264,0.093096,3.141429,-0.000134,0.000043
0.780504,-6.190123,-1.004795,-39.644994,-0.107003,-0.617126,0.085375,0.390816,-0.674181,0.093104,3.141437,-0.000127,0.000037
0.784519,-6.190118,-1.004803,-39.644994,-0.107002,-0.617126,0.085375,0.390840,-0.674099,0.093117,3.141443,-0.000122,0.000030
0.788514,-6.190104,-1.004828,-39.644995,-0.107002,-0.617126,0.085375,0.390866,-0.674013,0.093123,3.141461,-0.000106,0.000028
0.792496,-6.190090,-1.004854,-39.644995,-0.107002,-0.617126,0.085375,0.390886,-0.673931,0.093130,3.141479,-0.000090,0.000017
0.796514,-6.190085,-1.004863,-39.644995,-0.107002,-0.617126,0.085375,0.390912,-0.673846,0.093144,3.141486,-0.000085,0.000016
0.800485,-6.190065,-1.004899,-39.644996,-0.107001,-0.617126,0.085375,0.390941,-0.673737,0.093146,3.141512,-0.000062,0.000009
0.804487,-6.190065,-1.004899,-39.644996,-0.107001,-0.617126,0.085375,0.390941,-0.673737,0.093146,3.141512,-0.000062,0.000009
0.808517,-6.190055,-1.004918,-39.644997,-0.107001,-0.617126,0.085375,0.390987,-0.673570,0.093166,3.141525,-0.000050,-0.000003
0.812530,-6.190047,-1.004932,-39.644997,-0.107001,-0.617125,0.085375,0.391009,-0.673486,0.093178,3.141536,-0.000041,-0.000010
0.816497,-6.190042,-0.814942,-40.155000,-0.107001,-0.616125,0.083375,0.391032,-0.673403,0.093192,3.141542,-0.000035,-0.000023
0.820506,-6.190040,-0.814945,-40.155000,-0.107001,-0.616125,0.083375,0.391057,-0.673321,0.093208,3.141545,-0.000033,-0.000029
0.824521,-6.190034,-0.814956,-40.155000,-0.107001,-0.616125,0.083375,0.391080,-0.673237,0.093225,3.141553,-0.000026,-0.000029
0.828511,-6.190028,-0.814966,-40.155000,-0.107000,-0.616125,0.083375,0.391104,-0.673155,0.093240,3.141560,-0.000019,-0.000028
0.832514,-6.190018,-0.814984,-40.155001,-0.107000,-0.616125,0.083375,0.391127,-0.673072,0.093255,3.141573,-0.000008,-0.000035
0.836469,-6.190013,-0.814994,-40.155001,-0.107000,-0.616125,0.083375,0.391151,-0.672989,0.093271,3.141580,-0.000002,-0.000034
0.840515,-6.190013,-0.814994,-40.155001,-0.107000,-0.616125,0.083375,0.391151,-0.672989,0.093271,3.141580,-0.000002,-0.000034
0.844515,-6.189995,-0.815026,-40.155002,-0.107000,-0.616125,0.083375,0.391200,-0.672825,0.093297,-3.141582,0.000018,-0.000027
0.848486,-6.189987,-0.815040,-40.155002,-0.107000,-0.616125,0.083375,0.391224,-0.672743,0.093308,-3.141572,0.000027,-0.000013
0.852489,-6.189985,-0.815044,-40.155002,-0.106999,-0.616125,0.083375,0.391250,-0.672663,0.093324,-3.141569,0.000029,-0.000006
0.856530,-6.159989,-0.555037,-38.785003,-0.120000,-0.600125,0.079375,0.391277,-0.672585,0.093347,-3.141574,0.000025,0.000001
0.860478,-6.159990,-0.555035,-38.785003,-0.120000,-0.600125,0.079375,0.391304,-0.672506,0.093365,-3.141576,0.000024,0.000015
0.864514,-6.159987,-0.555040,-38.785003,-0.120000,-0.600125,0.079375,0.391328,-0.672428,0.093384,-3.141572,0.000027,0.000011
0.868510,-6.159985,-0.555044,-38.785003,-0.119999,-0.600125,0.079375,0.391354,-0.672348,0.093400,-3.141569,0.000030,0.000018
0.872510,-6.159989,-0.555037,-38.785003,-0.120000,-0.600125,0.079375,0.391381,-0.672270,0.093423,-3.141574,0.000025,0.000019
0.876473,-6.159981,-0.555052,-38.785003,-0.119999,-0.600125,0.079375,0.391406,-0.672188,0.093434,-3.141564,0.000034,0.000026
0.880510,-6.159976,-0.555061,-38.785003,-0.119999,-0.600125,0.079375,0.391430,-0.672107,0.093448,-3.141557,0.000040,0.000033
0.884516,-6.159971,-0.555070,-38.785004,-0.119999,-0.600125,0.079375,0.391455,-0.672025,0.093462,-3.141550,0.000046,0.000027
0.888513,-6.159966,-0.555079,-38.785004,-0.119999,-0.600125,0.079375,0.391481,-0.671945,0.093475,-3.141544,0.000052,0.000027
0.892516,-6.159966,-0.555079,-38.785004,-0.119999,-0.600125,0.079375,0.391481,-0.671945,0.093475,-3.141544,0.000052,0.000027
0.896510,-5.659946,-0.435116,-35.615003,-0.116999,-0.554124,0.072375,0.391530,-0.671782,0.093498,-3.141518,0.000075,0.000034
0.900510,-5.659944,-0.435118,-35.615003,-0.116999,-0.554124,0.072375,0.391556,-0.671703,0.093514,-3.141516,0.000077,0.000015
0.904490,-5.659944,-0.435118,-35.615003,-0.116999,-0.554124,0.072375,0.391556,-0.671703,0.093514,-3.141516,0.000077,0.000015
0.908511,-5.659934,-0.435137,-35.615003,-0.116998,-0.554124,0.072375,0.391615,-0.671524,0.093542,-3.141503,0.000088,0.000038
0.912487,-5.659938,-0.435130,-35.615003,-0.116998,-0.554124,0.072375,0.391642,-0.671446,0.093555,-3.141507,0.000084,0.000032
0.916489,-5.659933,-0.435139,-35.615003,-0.116998,-0.554124,0.072375,0.391667,-0.671365,0.093569,-3.141501,0.000089,0.000025
0.920523,-5.659932,-0.435140,-35.615003,-0.116998,-0.554124,0.072375,0.391693,-0.671286,0.093582,-3.141500,0.000090,0.000019
0.924489,-5.659926,-0.435152,-35.615004,-0.116998,-0.554124,0.072375,0.391721,-0.671202,0.093590,-3.141492,0.000098,0.000017
0.928479,-5.659926,-0.435152,-35.615004,-0.116998,-0.554124,0.072375,0.391721,-0.671202,0.093590,-3.141492,0.000098,0.000017
0.932487,-5.659918,-0.435166,-35.615004,-0.116998,-0.554124,0.072375,0.391745,-0.671121,0.093601,-3.141482,0.000107,0.000011
0.936518,-5.659909,-0.435184,-35.615004,-0.116998,-0.554124,0.072375,0.391768,-0.671038,0.093607,-3.141469,0.000118,-0.000002
0.940456,-5.059913,-0.615176,-32.065005,-0.098998,-0.504124,0.067375,0.391805,-0.670934,0.093620,-3.141474,0.000113,-0.000011
0.944454,-5.059917,-0.615168,-32.065005,-0.098998,-0.504124,0.067375,0.391828,-0.670871,0.093631,-3.141480,0.000108,-0.000015
0.948517,-5.059917,-0.615168,-32.065005,-0.098998,-0.504124,0.067375,0.391828,-0.670871,0.093631,-3.141480,0.000108,-0.000015
0.952481,-5.059928,-0.615149,-32.065004,-0.098998,-0.504124,0.067375,0.391890,-0.670702,0.093651,-3.141494,0.000096,-0.000016
0.956485,-5.059936,-0.615134,-32.065004,-0.098998,-0.504124,0.067375,0.391921,-0.670618,0.093663,-3.141505,0.000086,-0.000007
0.960484,-5.059930,-0.615146,-32.065004,-0.098998,-0.504124,0.067375,0.391978,-0.670444,0.093674,-3.141496,0.000094,-0.000002
0.964483,-5.059930,-0.615146,-32.065004,-0.098998,-0.504124,0.067375,0.391978,-0.670444,0.093674,-3.141496,0.000094,-0.000002
0.968509,-5.059934,-0.615137,-32.065004,-0.098998,-0.504124,0.067375,0.392009,-0.670359,0.093686,-3.141502,0.000089,0.000001
0.972518,-5.059933,-0.615140,-32.065004,-0.098998,-0.504124,0.067375,0.392034,-0.670274,0.093692,-3.141500,0.000090,0.000006
0.976494,-5.059934,-0.615138,-32.065004,-0.098998,-0.504124,0.067375,0.392064,-0.670188,0.093701,-3.141502,0.000089,0.000015
0.980517,-4.509932,-0.795142,-29.365003,-0.081998,-0.464124,0.063375,0.392093,-0.670101,0.093710,-3.141499,0.000091,0.000025
0.984489,-4.509938,-0.795131,-29.365003,-0.081998,-0.464124,0.063375,0.392124,-0.670017,0.093718,-3.141507,0.000085,0.000027
0.988515,-4.509939,-0.795129,-29.365003,-0.081998,-0.464124,0.063375,0.392144,-0.669920,0.093729,-3.141508,0.000083,0.000017
0.992496,-4.509941,-0.795125,-29.365003,-0.081998,-0.464124,0.063375,0.392189,-0.669826,0.093737,-3.141511,0.000081,0.000042
0.996514,-4.509940,-0.795127,-29.365003,-0.081998,-0.464124,0.063375,0.392219,-0.669741,0.093741,-3.141510,0.000082,0.000051
1.000493,-4.509951,-0.795106,-29.365003,-0.081999,-0.464124,0.063375,0.392249,-0.669656,0.093747,-3.141525,0.000069,0.000027
1.004504,-4.509951,-0.795106,-29.365003,-0.081999,-0.464124,0.063375,0.392249,-0.669656,0.093747,-3.141525,0.000069,0.000027
1.008517,-4.509930,-0.795145,-29.365003,-0.081998,-0.464124,0.063375,0.392302,-0.669482,0.093755,-3.141497,0.000094,0.000061
1.012506,-4.509932,-0.795142,-29.365003,-0.081998,-0.464124,0.063375,0.392333,-0.669397,0.093762,-3.141499,0.000091,0.000064
1.016511,-4.209934,-0.905139,-27.445003,-0.071998,-0.436124,0.061375,0.392359,-0.669313,0.093771,-3.141501,0.000090,0.000062
1.020507,-4.209935,-0.905136,-27.445003,-0.071998,-0.436124,0.061375,0.392388,-0.669227,0.093780,-3.141503,0.000088,0.000065
1.024522,-4.209935,-0.905136,-27.445003,-0.071998,-0.436124,0.061375,0.392388,-0.669227,0.093780,-3.141503,0.000088,0.000065
1.028490,-4.209945,-0.905119,-27.445003,-0.071999,-0.436124,0.061375,0.392449,-0.669058,0.093803,-3.141515,0.000077,0.000064
1.032510,-4.209949,-0.905112,-27.445003,-0.071999,-0.436124,0.061375,0.392478,-0.668972,0.093815,-3.141521,0.000073,0.000066
1.036512,-4.209950,-0.905109,-27.445003,-0.071999,-0.436124,0.061375,0.392505,-0.668887,0.093824,-3.141523,0.000071,0.000064
1.040488,-4.209955,-0.905101,-27.445002,-0.071999,-0.436125,0.061375,0.392532,-0.668800,0.093836,-3.141528,0.000066,0.000060
1.044491,-4.209952,-0.905105,-27.445002,-0.071999,-0.436124,0.061375,0.392559,-0.668711,0.093844,-3.141526,0.000068,0.000063
1.048469,-4.209953,-0.905104,-27.445002,-0.071999,-0.436124,0.061375,0.392587,-0.668623,0.093855,-3.141526,0.000068,0.000059
1.052518,-4.209953,-0.905103,-27.445002,-0.071999,-0.436125,0.061375,0.392611,-0.668536,0.093867,-3.141527,0.000067,0.000050
1.056479,-3.929951,-0.785107,-25.935002,-0.072999,-0.407124,0.057375,0.392638,-0.668448,0.093874,-3.141524,0.000070,0.000046
1.060490,-3.929950,-0.785108,-25.935002,-0.072999,-0.407124,0.057375,0.392665,-0.668359,0.093888,-3.141523,0.000070,0.000042
1.064553,-3.929942,-0.785106,-25.935002,-0.072999,-0.407124,0.057375,0.392690,-0.668273,0.093901,-3.141518,0.000066,0.000034
1.068510,-3.929939,-0.785112,-25.935002,-0.072999,-0.407124,0.057375,0.392717,-0.668185,0.093912,-3.141514,0.000070,0.000043
1.072511,-3.929941,-0.785108,-25.935002,-0.072999,-0.407124,0.057375,0.392750,-0.668077,0.093929,-3.141517,0.000067,0.000041
1.076488,-3.929952,-0.785088,-25.935002,-0.072999,-0.407124,0.057375,0.392770,-0.668012,0.093935,-3.141531,0.000055,0.000017
1.080513,-3.929915,-0.785157,-25.935003,-0.072998,-0.407124,0.057375,0.392784,-0.667909,0.093921,-3.141482,0.000098,0.000026
1.084519,-3.929927,-0.785135,-25.935003,-0.072998,-0.407124,0.057375,0.392827,-0.667813,0.093952,-3.141498,0.000084,0.000052
1.088512,-3.929925,-0.785139,-25.935003,-0.072998,-0.407124,0.057375,0.392854,-0.667724,0.093960,-3.141495,0.000086,0.000054
1.092490,-3.929921,-0.785145,-25.935003,-0.072998,-0.407124,0.057375,0.392880,-0.667636,0.093971,-3.141491,0.000090,0.000057
1.096517,-3.839918,-0.505150,-23.675003,-0.078998,-0.379124,0.051375,0.392905,-0.667550,0.093980,-3.141487,0.000094,0.000055
1.100518,-3.839922,-0.505144,-23.675003,-0.078998,-0.379124,0.051375,0.392933,-0.667463,0.093994,-3.141492,0.000089,0.000058
1.104511,-3.839916,-0.505154,-23.675003,-0.078998,-0.379124,0.051375,0.392960,-0.667375,0.094000,-3.141485,0.000096,0.000060
1.108486,-3.839916,-0.505154,-23.675003,-0.078998,-0.379124,0.051375,0.392985,-0.667289,0.094013,-3.141484,0.000096,0.000059
1.112478,-3.839913,-0.505160,-23.675003,-0.078998,-0.379124,0.051375,0.393011,-0.667200,0.094023,-3.141480,0.000100,0.000068
1.116469,-3.839919,-0.505148,-23.675003,-0.078998,-0.379124,0.051375,0.393041,-0.667114,0.094039,-3.141489,0.000092,0.000064
1.120512,-3.839923,-0.505142,-23.675003,-0.078998,-0.379124,0.051375,0.393066,-0.667029,0.094053,-3.141493,0.000088,0.000055
1.124491,-3.839930,-0.505129,-23.675002,-0.078998,-0.379124,0.051375,0.393095,-0.666943,0.094068,-3.141502,0.000080,0.000065
1.128517,-3.839929,-0.505130,-23.675002,-0.078998,-0.379124,0.051375,0.393122,-0.666855,0.094081,-3.141502,0.000081,0.000068
1.132519,-3.839929,-0.505130,-23.675002,-0.078998,-0.379124,0.051375,0.393147,-0.666770,0.094094,-3.141501,0.000081,0.000066
1.136514,-3.249932,-0.455125,-20.585002,-0.067998,-0.326124,0.044375,0.393172,-0.666685,0.094109,-3.141505,0.000078,0.000064
1.140490,-3.249936,-0.455119,-20.585002,-0.067999,-0.326124,0.044375,0.393203,-0.666581,0.094132,-3.141510,0.000074,0.000071
1.144487,-3.249931,-0.455127,-20.585002,-0.067998,-0.326124,0.044375,0.393220,-0.666517,0.094135,-3.141504,0.000079,0.000069
1.148512,-3.249930,-0.455130,-20.585002,-0.067998,-0.326124,0.044375,0.393246,-0.666433,0.094151,-3.141502,0.000081,0.000074
1.152517,-3.249925,-0.455138,-20.585002,-0.067998,-0.326124,0.044375,0.393269,-0.666350,0.094164,-3.141496,0.000086,0.000068
1.156483,-3.249932,-0.455126,-20.585002,-0.067998,-0.326124,0.044375,0.393293,-0.666270,0.094180,-3.141504,0.000079,0.000061
1.160486,-3.249928,-0.455134,-20.585002,-0.067998,-0.326124,0.044375,0.393317,-0.666188,0.094192,-3.141499,0.000083,0.000035
1.164474,-3.249925,-0.455139,-20.585002,-0.067998,-0.326124,0.044375,0.393340,-0.666106,0.094201,-3.141495,0.000087,0.000055
1.168464,-3.249918,-0.455152,-20.585003,-0.067998,-0.326124,0.044375,0.393362,-0.666023,0.094211,-3.141486,0.000095,0.000029
1.172466,-3.249906,-0.455174,-20.585003,-0.067998,-0.326124,0.044375,0.393388,-0.665919,0.094222,-3.141471,0.000109,0.000038
1.176480,-2.739900,-0.415185,-17.095005,-0.050998,-0.276124,0.036375,0.393410,-0.665835,0.094230,-3.141462,0.000116,0.000032
1.180482,-2.739893,-0.415198,-17.095005,-0.050998,-0.276124,0.036375,0.393435,-0.665750,0.094239,-3.141453,0.000124,0.000037
1.184479,-2.739883,-0.415216,-17.095005,-0.050997,-0.276124,0.036375,0.393456,-0.665666,0.094246,-3.141440,0.000136,0.000031
1.188474,-2.739883,-0.415217,-17.095005,-0.050997,-0.276124,0.036375,0.393480,-0.665585,0.094258,-3.141440,0.000136,0.000031
1.192478,-2.739879,-0.415225,-17.095006,-0.050997,-0.276124,0.036375,0.393503,-0.665502,0.094271,-3.141435,0.000141,0.000031
1.196542,-2.739875,-0.415232,-17.095006,-0.050997,-0.276124,0.036375,0.393526,-0.665420,0.094282,-3.141430,0.000145,0.000032
1.200540,-2.739874,-0.415233,-17.095006,-0.050997,-0.276124,0.036375,0.393549,-0.665338,0.094295,-3.141429,0.000146,0.000032
1.204487,-2.739874,-0.415233,-17.095006,-0.050997,-0.276124,0.036375,0.393549,-0.665338,0.094295,-3.141429,0.000146,0.000032
1.208541,-2.739876,-0.415230,-17.095006,-0.050997,-0.276124,0.036375,0.393598,-0.665172,0.094325,-3.141431,0.000144,0.000031
1.212542,-2.739875,-0.415231,-17.095006,-0.050997,-0.276124,0.036375,0.393624,-0.665088,0.094338,-3.141430,0.000145,0.000036
1.216534,-2.129871,-0.325239,-13.215006,-0.037997,-0.218124,0.028375,0.393644,-0.665003,0.094350,-3.141425,0.000150,0.000036
1.220539,-2.129868,-0.325244,-13.215006,-0.037997,-0.218124,0.028375,0.393670,-0.664919,0.094360,-3.141421,0.000153,0.000034
1.224477,-2.129874,-0.325233,-13.215006,-0.037997,-0.218124,0.028375,0.393696,-0.664836,0.094378,-3.141428,0.000147,0.000032
1.228512,-2.129881,-0.325222,-13.215005,-0.037997,-0.218124,0.028375,0.393723,-0.664753,0.094394,-3.141437,0.000139,0.000030
1.232477,-2.129888,-0.325208,-13.215005,-0.037997,-0.218124,0.028375,0.393748,-0.664673,0.094407,-3.141447,0.000130,0.000024
1.236521,-2.129896,-0.325193,-13.215005,-0.037998,-0.218124,0.028375,0.393775,-0.664591,0.094420,-3.141457,0.000121,0.000022
1.240459,-2.129903,-0.325180,-13.215004,-0.037998,-0.218124,0.028375,0.393802,-0.664513,0.094434,-3.141467,0.000113,0.000023
1.244519,-2.129903,-0.325162,-13.215004,-0.037998,-0.218124,0.028375,0.393830,-0.664431,0.094446,-3.141473,0.000098,-0.000006
1.248489,-2.129905,-0.325160,-13.215004,-0.037998,-0.218124,0.028375,0.393854,-0.664350,0.094456,-3.141474,0.000097,0.000014
1.252516,-2.129905,-0.325160,-13.215004,-0.037998,-0.218124,0.028375,0.393854,-0.664350,0.094456,-3.141474,0.000097,0.000014
1.256463,-1.709907,-0.235155,-10.695003,-0.030998,-0.177124,0.023375,0.393908,-0.664185,0.094474,-3.141478,0.000094,0.000017
1.260467,-1.539902,-0.245165,-9.585004,-0.025998,-0.159124,0.020375,0.393931,-0.664103,0.094479,-3.141471,0.000100,0.000018
1.264507,-1.539898,-0.245172,-9.585004,-0.025998,-0.159124,0.020375,0.393957,-0.664020,0.094482,-3.141466,0.000104,0.000016
1.268511,-1.539886,-0.245195,-9.585004,-0.025998,-0.159124,0.020375,0.393975,-0.663927,0.094467,-3.141450,0.000119,-0.000006
1.272513,-1.539900,-0.245168,-9.585004,-0.025998,-0.159124,0.020375,0.394016,-0.663839,0.094492,-3.141469,0.000102,0.000010
1.276482,-1.539902,-0.245164,-9.585004,-0.025998,-0.159124,0.020375,0.394044,-0.663759,0.094499,-3.141472,0.000099,0.000008
1.280507,-1.539898,-0.245172,-9.585004,-0.025998,-0.159124,0.020375,0.394068,-0.663678,0.094503,-3.141466,0.000105,0.000009
1.284469,-1.539900,-0.245168,-9.585004,-0.025998,-0.159124,0.020375,0.394094,-0.663599,0.094510,-3.141469,0.000102,0.000002
1.288507,-1.539900,-0.245168,-9.585004,-0.025998,-0.159124,0.020375,0.394094,-0.663599,0.094510,-3.141469,0.000102,0.000002
1.292482,-1.539896,-0.245177,-9.585004,-0.025998,-0.159124,0.020375,0.394121,-0.663517,0.094514,-3.141462,0.000108,0.000007
1.296514,-0.939888,-0.175191,-6.005004,-0.014998,-0.099124,0.012375,0.394170,-0.663352,0.094519,-3.141452,0.000117,0.000006
1.300520,-0.939888,-0.175191,-6.005004,-0.014998,-0.099124,0.012375,0.394170,-0.663352,0.094519,-3.141452,0.000117,0.000006
1.304471,-0.939887,-0.175194,-6.005004,-0.014998,-0.099124,0.012375,0.394197,-0.663269,0.094525,-3.141451,0.000118,0.000011
1.308506,-0.939883,-0.175201,-6.005004,-0.014997,-0.099124,0.012375,0.394220,-0.663187,0.094527,-3.141446,0.000123,0.000011
1.312517,-0.939889,-0.175190,-6.005004,-0.014998,-0.099124,0.012375,0.394272,-0.663026,0.094538,-3.141453,0.000116,0.000016
1.316515,-0.939896,-0.175177,-6.005004,-0.014998,-0.099124,0.012375,0.394300,-0.662945,0.094544,-3.141462,0.000108,0.000021
1.320507,-0.939896,-0.175177,-6.005004,-0.014998,-0.099124,0.012375,0.394300,-0.662945,0.094544,-3.141462,0.000108,0.000021
1.324512,-0.939905,-0.175159,-6.005003,-0.014998,-0.099124,0.012375,0.394327,-0.662867,0.094552,-3.141475,0.000096,0.000022
1.328472,-0.939905,-0.175159,-6.005003,-0.014998,-0.099124,0.012375,0.394327,-0.662867,0.094552,-3.141475,0.000096,0.000022
1.332561,-0.939920,-0.175132,-6.005003,-0.014998,-0.099124,0.012375,0.394382,-0.662704,0.094562,-3.141494,0.000079,0.000032
1.336506,-0.689932,-0.075109,-3.965002,-0.010999,-0.068124,0.007375,0.394434,-0.662537,0.094568,-3.141511,0.000065,0.000021
1.340505,-0.689932,-0.075109,-3.965002,-0.010999,-0.068124,0.007375,0.394434,-0.662537,0.094568,-3.141511,0.000065,0.000021
1.344472,-0.689935,-0.075104,-3.965002,-0.010999,-0.068124,0.007375,0.394468,-0.662428,0.094567,-3.141514,0.000062,0.000024
1.348817,-0.689940,-0.075095,-3.965002,-0.010999,-0.068124,0.007375,0.394489,-0.662364,0.094567,-3.141520,0.000056,0.000020
1.352508,-0.689950,-0.075076,-3.965002,-0.010999,-0.068124,0.007375,0.394543,-0.662194,0.094568,-3.141534,0.000043,0.000007
1.356515,-0.689950,-0.075076,-3.965002,-0.010999,-0.068124,0.007375,0.394543,-0.662194,0.094568,-3.141534,0.000043,0.000007
1.360482,-0.689958,-0.075060,-3.965001,-0.010999,-0.068125,0.007375,0.394600,-0.662023,0.094565,-3.141545,0.000033,-0.000001
1.364471,-0.689959,-0.075060,-3.965001,-0.010999,-0.068125,0.007375,0.394628,-0.661937,0.094559,-3.141546,0.000033,0.000002
1.368514,-0.689959,-0.075060,-3.965001,-0.010999,-0.068125,0.007375,0.394628,-0.661937,0.094559,-3.141546,0.000033,0.000002
1.372489,-0.619951,-0.075074,-3.455001,-0.009999,-0.060124,0.006375,0.394679,-0.661764,0.094546,-3.141535,0.000042,0.000002
1.376487,-0.469950,-0.095076,-2.735002,-0.005999,-0.046124,0.005375,0.394706,-0.661677,0.094543,-3.141534,0.000044,-0.000002
1.380512,-0.469950,-0.095076,-2.735002,-0.005999,-0.046124,0.005375,0.394706,-0.661677,0.094543,-3.141534,0.000044,-0.000002
1.384514,-0.469941,-0.095092,-2.735002,-0.005999,-0.046124,0.005375,0.394761,-0.661504,0.094531,-3.141523,0.000054,-0.000030
1.388506,-0.469941,-0.095092,-2.735002,-0.005999,-0.046124,0.005375,0.394761,-0.661504,0.094531,-3.141523,0.000054,-0.000030
1.392485,-0.469940,-0.095095,-2.735002,-0.005999,-0.046124,0.005375,0.394796,-0.661396,0.094530,-3.141521,0.000056,0.000007
1.396534,-0.469932,-0.095109,-2.735002,-0.005999,-0.046124,0.005375,0.394820,-0.661310,0.094522,-3.141511,0.000065,0.000005
1.400515,-0.469934,-0.095105,-2.735002,-0.005999,-0.046124,0.005375,0.394849,-0.661225,0.094521,-3.141513,0.000062,0.000007
1.404512,-0.469930,-0.095113,-2.735002,-0.005999,-0.046124,0.005375,0.394875,-0.661137,0.094515,-3.141508,0.000067,0.000010
1.408490,-0.469936,-0.095102,-2.735002,-0.005999,-0.046124,0.005375,0.394901,-0.661054,0.094515,-3.141516,0.000060,0.000008
1.412516,-0.469939,-0.095097,-2.735002,-0.005999,-0.046124,0.005375,0.394929,-0.660968,0.094512,-3.141519,0.000057,0.000018
1.416510,-0.399945,-0.115085,-2.295002,-0.002999,-0.039124,0.004375,0.394957,-0.660882,0.094510,-3.141528,0.000050,0.000027
1.420517,-0.399966,-0.115063,-2.295001,-0.002999,-0.039125,0.004375,0.394983,-0.660800,0.094510,-3.141550,0.000039,0.000032
1.424492,-0.399980,-0.115037,-2.295001,-0.003000,-0.039125,0.004375,0.395012,-0.660715,0.094509,-3.141568,0.000022,0.000041
1.428488,-0.399994,-0.115010,-2.295000,-0.003000,-0.039125,0.004375,0.395038,-0.660632,0.094508,-3.141587,0.000005,0.000046
1.432527,-0.400008,-0.114984,-2.294999,-0.003000,-0.039125,0.004375,0.395067,-0.660548,0.094508,3.141580,-0.000012,0.000049
1.436514,-0.400035,-0.114934,-2.294998,-0.003001,-0.039125,0.004375,0.395121,-0.660384,0.094500,3.141545,-0.000043,0.000059
1.440484,-0.400035,-0.114934,-2.294998,-0.003001,-0.039125,0.004375,0.395121,-0.660384,0.094500,3.141545,-0.000043,0.000059
1.444485,-0.400043,-0.114919,-2.294998,-0.003001,-0.039125,0.004375,0.395147,-0.660301,0.094494,3.141534,-0.000053,0.000057
1.448513,-0.400047,-0.114911,-2.294998,-0.003001,-0.039126,0.004375,0.395173,-0.660218,0.094487,3.141528,-0.000058,0.000062
1.452510,-0.400059,-0.114890,-2.294997,-0.003001,-0.039126,0.004375,0.395200,-0.660137,0.094483,3.141513,-0.000072,0.000060
1.456489,-0.400063,-0.114881,-2.294997,-0.003001,-0.039126,0.004375,0.395223,-0.660055,0.094476,3.141507,-0.000077,0.000054
1.460483,-0.470060,-0.134886,-2.804997,-0.005001,-0.048126,0.005375,0.395249,-0.659972,0.094467,3.141511,-0.000074,0.000052
1.464512,-0.470056,-0.134895,-2.804997,-0.005001,-0.048126,0.005375,0.395273,-0.659887,0.094454,3.141517,-0.000068,0.000050
1.468475,-0.470046,-0.134913,-2.804998,-0.005001,-0.048125,0.005375,0.395297,-0.659803,0.094442,3.141530,-0.000057,0.000041
1.472516,-0.470043,-0.134919,-2.804998,-0.005001,-0.048125,0.005375,0.395322,-0.659718,0.094434,3.141534,-0.000053,0.000039
1.476485,-0.470035,-0.134934,-2.804998,-0.005001,-0.048125,0.005375,0.395347,-0.659634,0.094419,3.141545,-0.000043,0.000031
1.480513,-0.470026,-0.134950,-2.804999,-0.005001,-0.048125,0.005375,0.395370,-0.659548,0.094405,3.141556,-0.000033,0.000029
1.484516,-0.470024,-0.134954,-2.804999,-0.005001,-0.048125,0.005375,0.395395,-0.659464,0.094395,3.141559,-0.000031,0.000027
1.488511,-0.470022,-0.134957,-2.804999,-0.005001,-0.048125,0.005375,0.395420,-0.659381,0.094384,3.141561,-0.000029,0.000025
1.492486,-0.470024,-0.134954,-2.804999,-0.005001,-0.048125,0.005375,0.395446,-0.659297,0.094374,3.141559,-0.000031,0.000017
1.496513,-0.530029,-0.154945,-3.144999,-0.005001,-0.055125,0.006375,0.395472,-0.659215,0.094366,3.141552,-0.000037,0.000015
1.500510,-0.530061,-0.154884,-3.144997,-0.005001,-0.055126,0.006375,0.395501,-0.659136,0.094361,3.141510,-0.000075,-0.000007
1.504512,-0.530046,-0.154913,-3.144998,-0.005001,-0.055125,0.006375,0.395532,-0.659028,0.094345,3.141530,-0.000057,0.000018
1.508517,-0.530052,-0.154901,-3.144998,-0.005001,-0.055126,0.006375,0.395557,-0.658944,0.094334,3.141522,-0.000064,0.000016
1.512484,-0.530064,-0.154879,-3.144997,-0.005002,-0.055126,0.006375,0.395583,-0.658862,0.094328,3.141506,-0.000079,0.000014
1.516475,-0.530068,-0.154872,-3.144997,-0.005002,-0.055126,0.006375,0.395607,-0.658777,0.094315,3.141501,-0.000083,0.000013
1.520469,-0.530081,-0.154847,-3.144996,-0.005002,-0.055126,0.006375,0.395633,-0.658695,0.094307,3.141484,-0.000099,0.000018
1.524468,-0.530086,-0.154837,-3.144996,-0.005002,-0.055126,0.006375,0.395662,-0.658610,0.094297,3.141476,-0.000105,0.000027
1.528485,-0.530092,-0.154826,-3.144996,-0.005002,-0.055126,0.006375,0.395685,-0.658529,0.094288,3.141469,-0.000112,0.000027
1.532519,-0.530103,-0.154805,-3.204995,-0.006002,-0.056126,0.006375,0.395712,-0.658447,0.094284,3.141454,-0.000126,0.000039
1.536511,-0.890105,-0.174800,-4.974995,-0.012002,-0.087126,0.010375,0.395738,-0.658365,0.094273,3.141451,-0.000129,0.000044
1.540485,-0.890106,-0.174799,-4.974995,-0.012003,-0.087126,0.010375,0.395763,-0.658281,0.094265,3.141450,-0.000129,0.000055
1.544488,-0.890102,-0.174807,-4.974995,-0.012002,-0.087126,0.010375,0.395785,-0.658199,0.094251,3.141456,-0.000124,0.000063
1.548513,-0.890096,-0.174818,-4.974995,-0.012002,-0.087126,0.010375,0.395809,-0.658114,0.094240,3.141463,-0.000117,0.000074
1.552511,-0.890091,-0.174829,-4.974996,-0.012002,-0.087126,0.010375,0.395833,-0.658030,0.094228,3.141471,-0.000111,0.000079
1.556485,-0.890079,-0.174850,-4.974996,-0.012002,-0.087126,0.010375,0.395853,-0.657946,0.094211,3.141485,-0.000097,0.000086
1.560503,-0.890075,-0.174858,-4.974996,-0.012002,-0.087126,0.010375,0.395877,-0.657861,0.094197,3.141491,-0.000092,0.000084
1.564512,-0.890074,-0.174859,-4.974996,-0.012002,-0.087126,0.010375,0.395899,-0.657780,0.094184,3.141492,-0.000091,0.000085
1.568516,-0.890079,-0.174850,-4.974996,-0.012002,-0.087126,0.010375,0.395926,-0.657697,0.094176,3.141486,-0.000097,0.000090
1.572512,-0.890082,-0.174845,-4.974996,-0.012002,-0.087126,0.010375,0.395952,-0.657615,0.094165,3.141482,-0.000100,0.000088
1.576470,-1.230088,-0.244834,-7.094996,-0.017002,-0.121126,0.015375,0.395978,-0.657533,0.094154,3.141474,-0.000108,0.000093
1.580512,-1.230091,-0.244827,-7.094996,-0.017002,-0.121126,0.015375,0.396001,-0.657453,0.094140,3.141469,-0.000112,0.000086
1.584512,-1.230094,-0.244821,-7.094996,-0.017002,-0.121126,0.015375,0.396026,-0.657369,0.094127,3.141465,-0.000116,0.000085
1.588512,-1.230092,-0.244825,-7.094996,-0.017002,-0.121126,0.015375,0.396050,-0.657284,0.094109,3.141468,-0.000113,0.000083
1.592510,-1.230096,-0.244817,-7.094996,-0.017002,-0.121126,0.015375,0.396073,-0.657203,0.094093,3.141463,-0.000118,0.000070
1.596512,-1.230103,-0.244805,-7.094995,-0.017002,-0.121126,0.015375,0.396097,-0.657119,0.094082,3.141454,-0.000126,0.000061
1.600511,-1.230106,-0.244798,-7.094995,-0.017003,-0.121126,0.015375,0.396123,-0.657037,0.094068,3.141449,-0.000130,0.000059
1.604511,-1.230112,-0.244786,-7.094995,-0.017003,-0.121126,0.015375,0.396150,-0.656955,0.094057,3.141441,-0.000138,0.000051
1.608516,-1.230116,-0.244779,-7.094995,-0.017003,-0.121126,0.015375,0.396176,-0.656873,0.094043,3.141436,-0.000142,0.000015
1.612518,-1.230138,-0.244737,-7.094994,-0.017003,-0.121126,0.015375,0.396204,-0.656793,0.094033,3.141407,-0.000169,0.000007
1.616517,-1.680120,-0.304771,-9.154994,-0.022003,-0.160126,0.021375,0.396215,-0.656699,0.094014,3.141431,-0.000147,-0.000006
1.620509,-1.680123,-0.304767,-9.154994,-0.022003,-0.160126,0.021375,0.396258,-0.656606,0.094003,3.141428,-0.000150,0.000012
1.624510,-1.680120,-0.304772,-9.154994,-0.022003,-0.160126,0.021375,0.396283,-0.656523,0.093994,3.141431,-0.000147,0.000010
1.628479,-1.680114,-0.304782,-9.154994,-0.022003,-0.160126,0.021375,0.396307,-0.656438,0.093982,3.141439,-0.000140,0.000008
1.632511,-1.680104,-0.304801,-9.154995,-0.022002,-0.160126,0.021375,0.396330,-0.656352,0.093971,3.141452,-0.000128,0.000007
1.636512,-1.680103,-0.304804,-9.154995,-0.022002,-0.160126,0.021375,0.396357,-0.656266,0.093969,3.141454,-0.000126,0.000009
1.640517,-1.680095,-0.304818,-9.154995,-0.022002,-0.160126,0.021375,0.396382,-0.656178,0.093962,3.141464,-0.000117,0.000012
1.644484,-1.680089,-0.304830,-9.154996,-0.022002,-0.160126,0.021375,0.396408,-0.656090,0.093961,3.141472,-0.000110,0.000021
1.648511,-1.680087,-0.304833,-9.154996,-0.022002,-0.160126,0.021375,0.396435,-0.656004,0.093959,3.141474,-0.000108,0.000024
1.652512,-1.680078,-0.304850,-9.154996,-0.022002,-0.160126,0.021375,0.396462,-0.655913,0.093955,3.141486,-0.000097,0.000038
1.656517,-2.100077,-0.564854,-11.844996,-0.020002,-0.206126,0.028375,0.396489,-0.655827,0.093953,3.141489,-0.000095,0.000047
1.660489,-2.100075,-0.564857,-11.844996,-0.020002,-0.206126,0.028375,0.396514,-0.655739,0.093951,3.141491,-0.000093,0.000063
1.664512,-2.100074,-0.564859,-11.844996,-0.020002,-0.206126,0.028375,0.396540,-0.655652,0.093948,3.141492,-0.000092,0.000073
1.668513,-2.100077,-0.564854,-11.844996,-0.020002,-0.206126,0.028375,0.396566,-0.655566,0.093945,3.141489,-0.000095,0.000075
1.672510,-2.100073,-0.564862,-11.844996,-0.020002,-0.206126,0.028375,0.396594,-0.655475,0.093939,3.141494,-0.000090,0.000089
1.676510,-2.100075,-0.564857,-11.844996,-0.020002,-0.206126,0.028375,0.396621,-0.655389,0.093937,3.141491,-0.000093,0.000092
1.680471,-2.100072,-0.564862,-11.844996,-0.020002,-0.206126,0.028375,0.396646,-0.655301,0.093928,3.141495,-0.000090,0.000095
1.684485,-2.100078,-0.564851,-11.844996,-0.020002,-0.206126,0.028375,0.396673,-0.655215,0.093928,3.141487,-0.000097,0.000091
1.688511,-2.100081,-0.564846,-11.844996,-0.020002,-0.206126,0.028375,0.396700,-0.655129,0.093925,3.141483,-0.000100,0.000087
1.692517,-2.100079,-0.564848,-11.844996,-0.020002,-0.206126,0.028375,0.396726,-0.655042,0.093921,3.141485,-0.000098,0.000089
1.696513,-2.440078,-0.494850,-13.904996,-0.029002,-0.241126,0.032375,0.396751,-0.654955,0.093918,3.141486,-0.000097,0.000085
1.700509,-2.440080,-0.494847,-13.904996,-0.029002,-0.241126,0.032375,0.396779,-0.654869,0.093917,3.141484,-0.000100,0.000081
1.704517,-2.440072,-0.494861,-13.904996,-0.029002,-0.241126,0.032375,0.396803,-0.654780,0.093911,3.141494,-0.000090,0.000070
1.708497,-2.440071,-0.494863,-13.904996,-0.029002,-0.241126,0.032375,0.396829,-0.654693,0.093907,3.141496,-0.000089,0.000066
1.712517,-2.440067,-0.494873,-13.904997,-0.029002,-0.241126,0.032375,0.396857,-0.654604,0.093903,3.141502,-0.000083,0.000060
1.716473,-2.440062,-0.494882,-13.904997,-0.029001,-0.241126,0.032375,0.396882,-0.654516,0.093899,3.141508,-0.000077,0.000056
1.720466,-2.440057,-0.494891,-13.904997,-0.029001,-0.241126,0.032375,0.396908,-0.654428,0.093895,3.141515,-0.000071,0.000038
1.724492,-2.440055,-0.494895,-13.904997,-0.029001,-0.241126,0.032375,0.396933,-0.654341,0.093894,3.141518,-0.000068,0.000034
1.728515,-2.440056,-0.494892,-13.904997,-0.029001,-0.241126,0.032375,0.396963,-0.654253,0.093893,3.141515,-0.000071,0.000001
1.732490,-2.430052,-0.544901,-14.544998,-0.032001,-0.246126,0.033375,0.396988,-0.654166,0.093889,3.141522,-0.000065,-0.000010
1.736520,-2.430052,-0.544900,-14.544998,-0.032001,-0.246126,0.033375,0.397023,-0.654058,0.093884,3.141522,-0.000065,0.000007
1.740520,-2.430051,-0.544903,-14.544998,-0.032001,-0.246126,0.033375,0.397049,-0.653971,0.093880,3.141523,-0.000064,0.000003
1.744518,-2.430050,-0.544904,-14.544998,-0.032001,-0.246126,0.033375,0.397078,-0.653883,0.093876,3.141524,-0.000063,-0.000004
1.748483,-2.430050,-0.544904,-14.544998,-0.032001,-0.246126,0.033375,0.397078,-0.653883,0.093876,3.141524,-0.000063,-0.000004
1.752520,-2.430049,-0.544907,-14.544998,-0.032001,-0.246126,0.033375,0.397130,-0.653710,0.093868,3.141526,-0.000061,0.000002
1.756484,-2.430047,-0.544909,-14.544998,-0.032001,-0.246125,0.033375,0.397156,-0.653623,0.093864,3.141527,-0.000060,0.000004
1.760454,-2.430047,-0.544910,-14.544998,-0.032001,-0.246125,0.033375,0.397186,-0.653535,0.093860,3.141528,-0.000059,0.000011
1.764519,-2.430049,-0.544906,-14.544998,-0.032001,-0.246126,0.033375,0.397212,-0.653449,0.093858,3.141526,-0.000061,0.000021
1.768484,-2.430047,-0.544910,-14.544998,-0.032001,-0.246125,0.033375,0.397239,-0.653363,0.093857,3.141528,-0.000059,0.000023
1.772515,-2.430049,-0.544906,-14.544998,-0.032001,-0.246126,0.033375,0.397265,-0.653277,0.093855,3.141526,-0.000062,0.000033
1.776695,-2.660047,-0.444909,-15.484997,-0.041001,-0.260125,0.034375,0.397292,-0.653191,0.093854,3.141528,-0.000059,0.000042
1.780514,-2.660049,-0.444906,-15.484997,-0.041001,-0.260126,0.034375,0.397321,-0.653103,0.093852,3.141525,-0.000062,0.000049
1.784465,-2.660054,-0.444896,-15.484997,-0.041001,-0.260126,0.034375,0.397349,-0.653018,0.093853,3.141519,-0.000068,0.000052
1.788462,-2.660051,-0.444902,-15.484997,-0.041001,-0.260126,0.034375,0.397375,-0.652932,0.093854,3.141523,-0.000064,0.000055
1.792478,-2.660049,-0.444906,-15.484997,-0.041001,-0.260126,0.034375,0.397401,-0.652845,0.093853,3.141525,-0.000062,0.000057
1.796513,-2.660049,-0.444906,-15.484997,-0.041001,-0.260126,0.034375,0.397401,-0.652845,0.093853,3.141525,-0.000062,0.000057
1.800523,-2.660041,-0.444921,-15.484998,-0.041001,-0.260125,0.034375,0.397455,-0.652669,0.093849,3.141536,-0.000052,0.000061
1.804512,-2.660039,-0.444925,-15.484998,-0.041001,-0.260125,0.034375,0.397483,-0.652580,0.093849,3.141539,-0.000049,0.000068
1.808522,-2.660037,-0.444929,-15.484998,-0.041001,-0.260125,0.034375,0.397508,-0.652492,0.093848,3.141542,-0.000047,0.000064
1.812518,-2.660035,-0.444932,-15.484998,-0.041001,-0.260125,0.034375,0.397533,-0.652405,0.093845,3.141543,-0.000045,0.000060
1.816472,-2.660035,-0.444932,-15.484998,-0.041001,-0.260125,0.034375,0.397533,-0.652405,0.093845,3.141543,-0.000045,0.000060
1.820513,-3.030039,-0.354924,-16.414998,-0.052001,-0.281125,0.036375,0.397561,-0.652320,0.093848,3.141539,-0.000050,0.000049
1.824477,-3.030043,-0.354917,-16.414998,-0.052001,-0.281125,0.036375,0.397591,-0.652234,0.093852,3.141534,-0.000054,0.000049
1.828523,-3.030043,-0.354916,-16.414998,-0.052001,-0.281125,0.036375,0.397617,-0.652147,0.093854,3.141533,-0.000055,0.000039
1.832516,-3.030038,-0.354925,-16.414998,-0.052001,-0.281125,0.036375,0.397669,-0.651974,0.093853,3.141539,-0.000049,0.000024
1.836514,-3.030035,-0.354931,-16.414998,-0.052001,-0.281125,0.036375,0.397698,-0.651886,0.093854,3.141543,-0.000045,0.000024
1.840516,-3.030035,-0.354931,-16.414998,-0.052001,-0.281125,0.036375,0.397698,-0.651886,0.093854,3.141543,-0.000045,0.000024
1.844479,-3.030026,-0.354948,-16.414999,-0.052001,-0.281125,0.036375,0.397712,-0.651787,0.093851,3.141555,-0.000034,-0.000014
1.848513,-3.030020,-0.354960,-16.414999,-0.052000,-0.281125,0.036375,0.397744,-0.651712,0.093849,3.141564,-0.000027,-0.000022
1.852513,-3.030014,-0.354972,-16.414999,-0.052000,-0.281125,0.036375,0.397777,-0.651603,0.093849,3.141572,-0.000019,0.000001
1.856524,-3.030001,-0.434997,-17.045000,-0.047000,-0.287125,0.037375,0.397831,-0.651428,0.093848,3.141589,-0.000003,-0.000010
1.860495,-3.030001,-0.434997,-17.045000,-0.047000,-0.287125,0.037375,0.397831,-0.651428,0.093848,3.141589,-0.000003,-0.000010
1.864512,-3.030004,-0.434992,-17.045000,-0.047000,-0.287125,0.037375,0.397855,-0.651345,0.093854,3.141586,-0.000006,-0.000011
1.868529,-3.029996,-0.435007,-17.045000,-0.047000,-0.287125,0.037375,0.397911,-0.651171,0.093859,-3.141589,0.000003,-0.000002
1.872510,-3.029996,-0.435007,-17.045000,-0.047000,-0.287125,0.037375,0.397911,-0.651171,0.093859,-3.141589,0.000003,-0.000002
1.876518,-3.029992,-0.435015,-17.045000,-0.047000,-0.287125,0.037375,0.397936,-0.651084,0.093863,-3.141584,0.000008,0.000008
1.880518,-3.029985,-0.435028,-17.045001,-0.047000,-0.287125,0.037375,0.397961,-0.650997,0.093863,-3.141575,0.000016,0.000011
1.884509,-3.029978,-0.435043,-17.045001,-0.046999,-0.287125,0.037375,0.397986,-0.650909,0.093866,-3.141564,0.000026,0.000027
1.888474,-3.029973,-0.435051,-17.045001,-0.046999,-0.287125,0.037375,0.398011,-0.650822,0.093870,-3.141559,0.000032,0.000029
1.892542,-3.029972,-0.435055,-17.045001,-0.046999,-0.287125,0.037375,0.398037,-0.650736,0.093877,-3.141556,0.000034,0.000039
1.896544,-3.039973,-0.545052,-17.445001,-0.040999,-0.295125,0.038375,0.398063,-0.650650,0.093886,-3.141558,0.000032,0.000041
1.900540,-3.039972,-0.545055,-17.445001,-0.040999,-0.295125,0.038375,0.398090,-0.650564,0.093892,-3.141556,0.000034,0.000051
1.904535,-3.039976,-0.545047,-17.445001,-0.040999,-0.295125,0.038375,0.398117,-0.650480,0.093903,-3.141562,0.000029,0.000053
1.908478,-3.039977,-0.545045,-17.445001,-0.040999,-0.295125,0.038375,0.398144,-0.650395,0.093912,-3.141563,0.000027,0.000063
1.912543,-3.039982,-0.545035,-17.445001,-0.041000,-0.295125,0.038375,0.398171,-0.650310,0.093922,-3.141570,0.000021,0.000066
1.916505,-3.039983,-0.545033,-17.445001,-0.041000,-0.295125,0.038375,0.398200,-0.650222,0.093931,-3.141571,0.000020,0.000073
1.920520,-3.039981,-0.545036,-17.445001,-0.041000,-0.295125,0.038375,0.398226,-0.650135,0.093938,-3.141569,0.000022,0.000075
1.924517,-3.039983,-0.545032,-17.445000,-0.041000,-0.295125,0.038375,0.398251,-0.650049,0.093946,-3.141572,0.000019,0.000078
1.928515,-3.039979,-0.545042,-17.445001,-0.040999,-0.295125,0.038375,0.398272,-0.649963,0.093951,-3.141565,0.000025,0.000070
1.932487,-3.039976,-0.545046,-17.445001,-0.040999,-0.295125,0.038375,0.398298,-0.649877,0.093959,-3.141562,0.000028,0.000065
1.936462,-2.839981,-0.465037,-17.085001,-0.045000,-0.286125,0.037375,0.398327,-0.649793,0.093970,-3.141568,0.000023,0.000068
1.940493,-2.839982,-0.465036,-17.085001,-0.045000,-0.286125,0.037375,0.398352,-0.649712,0.093979,-3.141569,0.000021,0.000066
1.944507,-2.839986,-0.465028,-17.085001,-0.045000,-0.286125,0.037375,0.398381,-0.649629,0.093991,-3.141575,0.000017,0.000062
1.948473,-2.839982,-0.465035,-17.085001,-0.045000,-0.286125,0.037375,0.398413,-0.649529,0.094002,-3.141570,0.000021,0.000056
1.952492,-2.839977,-0.465044,-17.085001,-0.044999,-0.286125,0.037375,0.398432,-0.649466,0.094006,-3.141564,0.000027,0.000052
1.956517,-2.839978,-0.465042,-17.085001,-0.044999,-0.286125,0.037375,0.398456,-0.649388,0.094016,-3.141565,0.000026,0.000039
1.960475,-2.839976,-0.465047,-17.085001,-0.044999,-0.286125,0.037375,0.398482,-0.649307,0.094024,-3.141562,0.000029,0.000030
1.964517,-2.839973,-0.465052,-17.085001,-0.044999,-0.286125,0.037375,0.398507,-0.649224,0.094033,-3.141558,0.000032,0.000022
1.968516,-2.839967,-0.465064,-17.085002,-0.044999,-0.286125,0.037375,0.398532,-0.649143,0.094040,-3.141550,0.000039,0.000013
1.972516,-2.839962,-0.465075,-17.085002,-0.044999,-0.286125,0.037375,0.398555,-0.649059,0.094046,-3.141542,0.000047,-0.000016
1.976510,-2.489970,-0.345058,-15.085001,-0.040999,-0.253125,0.032375,0.398581,-0.648978,0.094057,-3.141554,0.000036,-0.000018
1.980511,-2.489951,-0.345095,-15.085002,-0.040999,-0.253124,0.032375,0.398612,-0.648873,0.094067,-3.141529,0.000059,0.000014
1.984510,-2.489948,-0.345101,-15.085003,-0.040999,-0.253124,0.032375,0.398638,-0.648791,0.094078,-3.141524,0.000064,0.000019
1.988487,-2.489947,-0.345103,-15.085003,-0.040999,-0.253124,0.032375,0.398663,-0.648710,0.094091,-3.141523,0.000065,0.000017
1.992532,-2.489946,-0.345104,-15.085003,-0.040999,-0.253124,0.032375,0.398690,-0.648630,0.094104,-3.141522,0.000066,0.000022
1.996506,-2.489942,-0.345112,-15.085003,-0.040999,-0.253124,0.032375,0.398714,-0.648547,0.094116,-3.141517,0.000071,0.000027
2.000501,-2.489941,-0.345114,-15.085003,-0.040999,-0.253124,0.032375,0.398740,-0.648466,0.094130,-3.141515,0.000072,0.000032
2.004506,-2.489936,-0.345124,-15.085003,-0.040998,-0.253124,0.032375,0.398766,-0.648381,0.094144,-3.141508,0.000078,0.000042
2.008502,-2.489939,-0.345119,-15.085003,-0.040999,-0.253124,0.032375,0.398792,-0.648300,0.094158,-3.141512,0.000075,0.000046
2.012506,-2.489932,-0.345132,-15.085003,-0.040998,-0.253124,0.032375,0.398815,-0.648216,0.094168,-3.141503,0.000083,0.000051
2.016503,-2.119932,-0.305132,-12.785003,-0.036998,-0.213124,0.027375,0.398840,-0.648134,0.094180,-3.141502,0.000084,0.000056
2.020507,-2.119932,-0.305133,-12.785003,-0.036998,-0.213124,0.027375,0.398865,-0.648051,0.094192,-3.141502,0.000084,0.000061
2.024507,-2.119932,-0.305133,-12.785003,-0.036998,-0.213124,0.027375,0.398890,-0.647970,0.094203,-3.141502,0.000084,0.000066
2.028507,-2.119935,-0.305127,-12.785003,-0.036998,-0.213124,0.027375,0.398916,-0.647889,0.094218,-3.141506,0.000081,0.000064
2.032512,-2.119936,-0.305126,-12.785003,-0.036998,-0.213124,0.027375,0.398944,-0.647806,0.094228,-3.141507,0.000079,0.000074
2.036512,-2.119937,-0.305123,-12.785003,-0.036998,-0.213124,0.027375,0.398969,-0.647725,0.094236,-3.141509,0.000078,0.000078
2.040514,-2.119941,-0.305115,-12.785003,-0.036999,-0.213124,0.027375,0.398995,-0.647644,0.094248,-3.141515,0.000073,0.000077
2.044512,-2.119942,-0.305112,-12.785003,-0.036999,-0.213124,0.027375,0.399021,-0.647563,0.094256,-3.141516,0.000071,0.000075
2.048513,-2.119947,-0.305103,-12.785002,-0.036999,-0.213124,0.027375,0.399046,-0.647482,0.094266,-3.141523,0.000065,0.000080
2.052512,-2.119948,-0.305101,-12.785002,-0.036999,-0.213124,0.027375,0.399072,-0.647401,0.094275,-3.141525,0.000063,0.000078
2.056512,-1.829943,-0.235111,-10.325003,-0.027999,-0.175124,0.020375,0.399093,-0.647320,0.094280,-3.141518,0.000070,0.000072
2.060513,-1.829942,-0.235113,-10.325003,-0.027999,-0.175124,0.020375,0.399121,-0.647237,0.094285,-3.141516,0.000071,0.000074
2.064513,-1.829940,-0.235118,-10.325003,-0.027999,-0.175124,0.020375,0.399146,-0.647155,0.094285,-3.141513,0.000075,0.000072
2.068512,-1.829942,-0.235113,-10.325003,-0.027999,-0.175124,0.020375,0.399172,-0.647074,0.094291,-3.141516,0.000071,0.000071
2.072510,-1.829943,-0.235113,-10.325003,-0.027999,-0.175124,0.020375,0.399197,-0.646993,0.094293,-3.141516,0.000071,0.000062
2.076512,-1.829946,-0.235105,-10.325002,-0.027999,-0.175124,0.020375,0.399224,-0.646913,0.094296,-3.141522,0.000066,0.000060
2.080520,-1.829942,-0.235113,-10.325003,-0.027999,-0.175124,0.020375,0.399256,-0.646809,0.094300,-3.141516,0.000071,0.000052
2.084509,-1.829945,-0.235108,-10.325002,-0.027999,-0.175124,0.020375,0.399273,-0.646749,0.094305,-3.141520,0.000068,0.000043
2.088515,-1.829944,-0.235110,-10.325003,-0.027999,-0.175124,0.020375,0.399302,-0.646666,0.094310,-3.141518,0.000069,0.000052
2.092496,-1.829943,-0.235112,-10.325003,-0.027999,-0.175124,0.020375,0.399324,-0.646587,0.094315,-3.141517,0.000070,0.000046
2.096476,-1.319942,-0.265114,-7.545003,-0.015999,-0.129124,0.014375,0.399352,-0.646504,0.094320,-3.141516,0.000072,0.000055
2.100516,-1.319941,-0.265116,-7.545003,-0.015999,-0.129124,0.014375,0.399375,-0.646425,0.094325,-3.141514,0.000073,0.000022
2.104509,-1.319942,-0.265113,-7.545003,-0.015999,-0.129124,0.014375,0.399403,-0.646342,0.094333,-3.141516,0.000071,0.000032
2.108524,-1.319941,-0.265115,-7.545003,-0.015999,-0.129124,0.014375,0.399434,-0.646242,0.094339,-3.141515,0.000073,0.000052
2.112521,-1.319937,-0.265123,-7.545003,-0.015998,-0.129124,0.014375,0.399458,-0.646159,0.094342,-3.141510,0.000078,0.000057
2.116494,-1.319940,-0.265117,-7.545003,-0.015999,-0.129124,0.014375,0.399483,-0.646079,0.094347,-3.141513,0.000074,0.000055
2.120490,-1.319946,-0.265107,-7.545002,-0.015999,-0.129124,0.014375,0.399510,-0.645999,0.094355,-3.141521,0.000067,0.000060
2.124516,-1.319952,-0.265094,-7.545002,-0.015999,-0.129124,0.014375,0.399536,-0.645919,0.094362,-3.141529,0.000059,0.000065
2.128487,-1.319956,-0.265085,-7.545002,-0.015999,-0.129125,0.014375,0.399561,-0.645837,0.094363,-3.141535,0.000054,0.000063
2.132518,-1.319966,-0.265067,-7.545002,-0.015999,-0.129125,0.014375,0.399592,-0.645757,0.094372,-3.141548,0.000042,0.000066
2.136515,-0.959969,-0.265060,-5.815001,-0.008999,-0.099125,0.009375,0.399617,-0.645676,0.094374,-3.141553,0.000037,0.000064
2.140515,-0.959977,-0.265045,-5.815001,-0.008999,-0.099125,0.009375,0.399646,-0.645594,0.094378,-3.141563,0.000028,0.000067
2.144508,-0.959981,-0.265036,-5.815001,-0.009000,-0.099125,0.009375,0.399674,-0.645511,0.094379,-3.141569,0.000022,0.000069
2.148518,-0.959987,-0.265026,-5.815001,-0.009000,-0.099125,0.009375,0.399699,-0.645429,0.094379,-3.141576,0.000015,0.000068
2.152485,-0.959991,-0.265017,-5.815000,-0.009000,-0.099125,0.009375,0.399726,-0.645346,0.094381,-3.141582,0.000010,0.000077
2.156517,-0.959993,-0.265014,-5.815000,-0.009000,-0.099125,0.009375,0.399750,-0.645263,0.094380,-3.141585,0.000007,0.000075
2.160515,-0.959992,-0.265015,-5.815000,-0.009000,-0.099125,0.009375,0.399776,-0.645178,0.094376,-3.141584,0.000008,0.000071
2.164515,-0.959991,-0.265018,-5.815000,-0.009000,-0.099125,0.009375,0.399802,-0.645093,0.094373,-3.141582,0.000010,0.000074
2.168509,-0.959991,-0.265018,-5.815000,-0.009000,-0.099125,0.009375,0.399802,-0.645093,0.094373,-3.141582,0.000010,0.000074
2.172511,-0.959992,-0.265016,-5.815000,-0.009000,-0.099125,0.009375,0.399826,-0.645011,0.094374,-3.141583,0.000009,0.000072
2.176511,-0.749993,-0.205013,-4.375000,-0.007000,-0.075125,0.006375,0.399880,-0.644842,0.094376,-3.141585,0.000007,0.000077
2.180518,-0.699989,-0.195021,-4.035000,-0.006000,-0.069125,0.005375,0.399904,-0.644760,0.094379,-3.141580,0.000012,0.000069
2.184511,-0.699989,-0.195022,-4.035000,-0.006000,-0.069125,0.005375,0.399931,-0.644676,0.094382,-3.141579,0.000013,0.000065
2.188512,-0.699986,-0.195027,-4.035001,-0.006000,-0.069125,0.005375,0.399954,-0.644593,0.094383,-3.141576,0.000016,0.000056
2.192512,-0.699979,-0.195041,-4.035001,-0.005999,-0.069125,0.005375,0.399980,-0.644508,0.094383,-3.141566,0.000025,0.000059
2.196511,-0.699976,-0.195047,-4.035001,-0.005999,-0.069125,0.005375,0.400003,-0.644424,0.094384,-3.141562,0.000029,0.000050
2.200511,-0.699973,-0.195053,-4.035001,-0.005999,-0.069125,0.005375,0.400028,-0.644339,0.094386,-3.141558,0.000033,0.000046
2.204519,-0.699970,-0.195059,-4.035001,-0.005999,-0.069125,0.005375,0.400054,-0.644254,0.094387,-3.141553,0.000037,0.000042
2.208485,-0.699963,-0.195073,-4.035002,-0.005999,-0.069125,0.005375,0.400076,-0.644170,0.094387,-3.141544,0.000046,0.000040
2.212510,-0.699960,-0.195078,-4.035002,-0.005999,-0.069125,0.005375,0.400103,-0.644085,0.094388,-3.141540,0.000049,0.000043
2.216512,-0.489958,-0.115084,-2.945002,-0.004999,-0.049125,0.002375,0.400127,-0.644003,0.094388,-3.141537,0.000053,0.000041
2.220517,-0.489955,-0.115089,-2.945002,-0.004999,-0.049125,0.002375,0.400153,-0.643919,0.094388,-3.141533,0.000056,0.000050
2.224513,-0.489956,-0.115086,-2.945002,-0.004999,-0.049125,0.002375,0.400177,-0.643836,0.094387,-3.141535,0.000054,0.000049
2.228511,-0.489944,-0.115111,-2.945003,-0.004999,-0.049124,0.002375,0.400193,-0.643740,0.094367,-3.141518,0.000070,0.000024
2.232512,-0.489963,-0.115072,-2.945002,-0.004999,-0.049125,0.002375,0.400238,-0.643647,0.094387,-3.141545,0.000045,0.000047
2.236512,-0.489963,-0.115073,-2.945002,-0.004999,-0.049125,0.002375,0.400262,-0.643560,0.094382,-3.141544,0.000046,0.000050
2.240512,-0.489969,-0.115060,-2.945001,-0.004999,-0.049125,0.002375,0.400290,-0.643472,0.094379,-3.141553,0.000037,0.000050
2.244509,-0.489970,-0.115059,-2.945001,-0.004999,-0.049125,0.002375,0.400315,-0.643386,0.094372,-3.141554,0.000037,0.000046
2.248481,-0.489980,-0.115039,-2.945001,-0.005000,-0.049125,0.002375,0.400343,-0.643299,0.094369,-3.141568,0.000024,0.000047
2.252512,-0.489980,-0.115039,-2.945001,-0.005000,-0.049125,0.002375,0.400343,-0.643299,0.094369,-3.141568,0.000024,0.000047
2.256512,-0.389998,-0.075003,-2.125000,-0.005000,-0.036125,0.001375,0.400398,-0.643128,0.094361,-3.141592,0.000001,0.000037
2.260512,-0.390005,-0.074990,-2.125000,-0.005000,-0.036125,0.001375,0.400428,-0.643042,0.094358,3.141585,-0.000008,0.000037
2.264527,-0.390017,-0.074966,-2.124999,-0.005000,-0.036125,0.001375,0.400455,-0.642959,0.094359,3.141568,-0.000023,0.000033
2.268511,-0.390015,-0.074971,-2.124999,-0.005000,-0.036125,0.001375,0.400483,-0.642871,0.094350,3.141571,-0.000020,0.000033
2.272511,-0.390015,-0.074971,-2.124999,-0.005000,-0.036125,0.001375,0.400483,-0.642871,0.094350,3.141571,-0.000020,0.000033
2.276468,-0.390012,-0.074977,-2.124999,-0.005000,-0.036125,0.001375,0.400535,-0.642697,0.094337,3.141575,-0.000016,0.000030
2.280512,-0.390009,-0.074983,-2.125000,-0.005000,-0.036125,0.001375,0.400559,-0.642610,0.094329,3.141579,-0.000013,0.000026
2.284511,-0.390001,-0.074997,-2.125000,-0.005000,-0.036125,0.001375,0.400586,-0.642521,0.094322,3.141589,-0.000003,0.000019
2.288476,-0.389998,-0.075004,-2.125000,-0.005000,-0.036125,0.001375,0.400613,-0.642433,0.094315,-3.141591,0.000002,0.000027
2.292441,-0.339997,-0.085006,-1.895000,-0.004000,-0.032125,-0.000625,0.400639,-0.642348,0.094311,-3.141590,0.000003,0.000022
2.296511,-0.339992,-0.075016,-1.955000,-0.004000,-0.033125,0.000375,0.400663,-0.642262,0.094308,-3.141583,0.000009,0.000018
2.300513,-0.339994,-0.075012,-1.955000,-0.004000,-0.033125,0.000375,0.400693,-0.642177,0.094306,-3.141586,0.000006,0.000019
2.304512,-0.339993,-0.075013,-1.955000,-0.004000,-0.033125,0.000375,0.400719,-0.642092,0.094302,-3.141585,0.000007,0.000022
2.308476,-0.339996,-0.075009,-1.955000,-0.004000,-0.033125,0.000375,0.400747,-0.642004,0.094299,-3.141588,0.000004,0.000022
2.312513,-0.339995,-0.075009,-1.955000,-0.004000,-0.033125,0.000375,0.400771,-0.641919,0.094294,-3.141588,0.000004,0.000018
2.316514,-0.339996,-0.075007,-1.955000,-0.004000,-0.033125,0.000375,0.400795,-0.641832,0.094286,-3.141589,0.000003,0.000021
2.320518,-0.340003,-0.074993,-1.955000,-0.004000,-0.033125,0.000375,0.400824,-0.641745,0.094282,3.141587,-0.000006,0.000028
2.324518,-0.340005,-0.074990,-1.955000,-0.004000,-0.033125,0.000375,0.400848,-0.641659,0.094272,3.141584,-0.000008,0.000024
2.328510,-0.340012,-0.074977,-1.954999,-0.004000,-0.033125,0.000375,0.400876,-0.641571,0.094269,3.141575,-0.000017,0.000031
2.332513,-0.340025,-0.074950,-1.954999,-0.004001,-0.033125,0.000375,0.400906,-0.641487,0.094267,3.141557,-0.000034,0.000031
2.336485,-0.520037,-0.104926,-2.794998,-0.005001,-0.049125,0.003375,0.400932,-0.641402,0.094261,3.141540,-0.000049,0.000041
2.340515,-0.520048,-0.104905,-2.794998,-0.005001,-0.049126,0.003375,0.400961,-0.641316,0.094257,3.141526,-0.000063,0.000048
2.344511,-0.520056,-0.104888,-2.794997,-0.005001,-0.049126,0.003375,0.400987,-0.641232,0.094250,3.141515,-0.000074,0.000044
2.348513,-0.520056,-0.104888,-2.794997,-0.005001,-0.049126,0.003375,0.400987,-0.641232,0.094250,3.141515,-0.000074,0.000044
2.352511,-0.520066,-0.104868,-2.794997,-0.005002,-0.049126,0.003375,0.401023,-0.641124,0.094239,3.141501,-0.000087,0.000038
2.356512,-0.520070,-0.104860,-2.794996,-0.005002,-0.049126,0.003375,0.401044,-0.641059,0.094233,3.141495,-0.000092,0.000038
2.360518,-0.520068,-0.104865,-2.794997,-0.005002,-0.049126,0.003375,0.401094,-0.640883,0.094209,3.141499,-0.000089,0.000021
2.364512,-0.520064,-0.104873,-2.794997,-0.005002,-0.049126,0.003375,0.401121,-0.640794,0.094195,3.141504,-0.000084,0.000021
2.368514,-0.520058,-0.104884,-2.794997,-0.005001,-0.049126,0.003375,0.401144,-0.640707,0.094184,3.141512,-0.000077,0.000017
2.372512,-0.520058,-0.104884,-2.794997,-0.005001,-0.049126,0.003375,0.401144,-0.640707,0.094184,3.141512,-0.000077,0.000017
2.376511,-0.550053,-0.114893,-2.904997,-0.005001,-0.051126,0.003375,0.401171,-0.640619,0.094171,3.141518,-0.000070,0.000011
2.380513,-0.670046,-0.144907,-3.614998,-0.007001,-0.065125,0.004375,0.401223,-0.640446,0.094149,3.141528,-0.000062,-0.000020
2.384512,-0.670046,-0.144907,-3.614998,-0.007001,-0.065125,0.004375,0.401223,-0.640446,0.094149,3.141528,-0.000062,-0.000020
2.388512,-0.670040,-0.144920,-3.614998,-0.007001,-0.065125,0.004375,0.401257,-0.640336,0.094132,3.141537,-0.000053,0.000008
2.392514,-0.670037,-0.144926,-3.614998,-0.007001,-0.065125,0.004375,0.401311,-0.640160,0.094110,3.141541,-0.000049,0.000009
2.396511,-0.670037,-0.144926,-3.614998,-0.007001,-0.065125,0.004375,0.401311,-0.640160,0.094110,3.141541,-0.000049,0.000009
2.400512,-0.670033,-0.144935,-3.614998,-0.007001,-0.065125,0.004375,0.401334,-0.640073,0.094096,3.141547,-0.000044,0.000005
2.404512,-0.670034,-0.144932,-3.614998,-0.007001,-0.065125,0.004375,0.401361,-0.639985,0.094088,3.141545,-0.000045,0.000005
2.408513,-0.670037,-0.144926,-3.614998,-0.007001,-0.065125,0.004375,0.401388,-0.639897,0.094075,3.141541,-0.000049,0.000006
2.412476,-0.670039,-0.144922,-3.614998,-0.007001,-0.065125,0.004375,0.401413,-0.639812,0.094064,3.141538,-0.000052,0.000002
2.416469,-0.670047,-0.144905,-3.614998,-0.007001,-0.065125,0.004375,0.401442,-0.639725,0.094057,3.141527,-0.000063,0.000009
2.420510,-0.990050,-0.224899,-5.284997,-0.008001,-0.095126,0.008375,0.401468,-0.639637,0.094045,3.141522,-0.000067,0.000023
2.424509,-0.990058,-0.224883,-5.284997,-0.008001,-0.095126,0.008375,0.401497,-0.639551,0.094038,3.141511,-0.000077,0.000030
2.428475,-0.990073,-0.224853,-5.284996,-0.008002,-0.095126,0.008375,0.401524,-0.639468,0.094034,3.141491,-0.000096,0.000033
2.432511,-0.990079,-0.224842,-5.284996,-0.008002,-0.095126,0.008375,0.401552,-0.639381,0.094023,3.141483,-0.000104,0.000040
2.436510,-0.990087,-0.224825,-5.284995,-0.008002,-0.095126,0.008375,0.401580,-0.639295,0.094016,3.141472,-0.000115,0.000047
2.440511,-0.990089,-0.224821,-5.284995,-0.008002,-0.095126,0.008375,0.401605,-0.639209,0.094005,3.141469,-0.000118,0.000056
2.444512,-0.990097,-0.224805,-5.284995,-0.008002,-0.095126,0.008375,0.401631,-0.639125,0.094000,3.141459,-0.000127,0.000059
2.448517,-0.990099,-0.224801,-5.284995,-0.008002,-0.095126,0.008375,0.401658,-0.639038,0.093989,3.141455,-0.000130,0.000059
2.452512,-0.990100,-0.224798,-5.284995,-0.008003,-0.095126,0.008375,0.401684,-0.638953,0.093979,3.141453,-0.000132,0.000062
2.456512,-1.370096,-0.274808,-7.534995,-0.016002,-0.133126,0.013375,0.401711,-0.638865,0.093967,3.141460,-0.000126,0.000069
2.460512,-1.370094,-0.274812,-7.534995,-0.016002,-0.133126,0.013375,0.401735,-0.638780,0.093957,3.141463,-0.000124,0.000065
2.464520,-1.370092,-0.274816,-7.534995,-0.016002,-0.133126,0.013375,0.401763,-0.638693,0.093947,3.141465,-0.000121,0.000066
2.468511,-1.370090,-0.274818,-7.534995,-0.016002,-0.133126,0.013375,0.401787,-0.638607,0.093935,3.141467,-0.000119,0.000062
2.472512,-1.370086,-0.274827,-7.534995,-0.016002,-0.133126,0.013375,0.401815,-0.638520,0.093922,3.141473,-0.000114,0.000055
2.476511,-1.370084,-0.274831,-7.534996,-0.016002,-0.133126,0.013375,0.401840,-0.638435,0.093912,3.141476,-0.000111,0.000051
2.480472,-1.370080,-0.274840,-7.534996,-0.016002,-0.133126,0.013375,0.401867,-0.638348,0.093898,3.141482,-0.000105,0.000045
2.484513,-1.370084,-0.274831,-7.534996,-0.016002,-0.133126,0.013375,0.401894,-0.638265,0.093891,3.141476,-0.000111,0.000034
2.488511,-1.370080,-0.274840,-7.534996,-0.016002,-0.133126,0.013375,0.401921,-0.638178,0.093878,3.141482,-0.000105,0.000028
2.492519,-1.370079,-0.274841,-7.534996,-0.016002,-0.133126,0.013375,0.401949,-0.638091,0.093865,3.141483,-0.000104,0.000028
2.496517,-1.780077,-0.294844,-9.474996,-0.025002,-0.167126,0.019375,0.401973,-0.638005,0.093853,3.141485,-0.000103,0.000024
2.500511,-1.780082,-0.294834,-9.474996,-0.025002,-0.167126,0.019375,0.402001,-0.637918,0.093846,3.141478,-0.000109,0.000025
2.504511,-1.780083,-0.294831,-9.474996,-0.025002,-0.167126,0.019375,0.402026,-0.637833,0.093836,3.141476,-0.000111,0.000014
2.508535,-1.780070,-0.294858,-9.474996,-0.025002,-0.167126,0.019375,0.402042,-0.637734,0.093809,3.141494,-0.000094,-0.000013
2.512518,-1.780084,-0.294831,-9.474996,-0.025002,-0.167126,0.019375,0.402080,-0.637659,0.093824,3.141476,-0.000111,-0.000012
2.516512,-1.780072,-0.294855,-9.474996,-0.025002,-0.167126,0.019375,0.402096,-0.637560,0.093802,3.141492,-0.000096,-0.000012
2.520478,-1.780085,-0.294828,-9.474996,-0.025002,-0.167126,0.019375,0.402140,-0.637465,0.093818,3.141474,-0.000113,0.000011
2.524512,-1.780083,-0.294832,-9.474996,-0.025002,-0.167126,0.019375,0.402164,-0.637380,0.093817,3.141477,-0.000111,0.000014
2.528512,-1.780082,-0.294835,-9.474996,-0.025002,-0.167126,0.019375,0.402192,-0.637294,0.093814,3.141479,-0.000109,0.000028
2.532513,-2.200077,-0.444843,-11.764996,-0.029002,-0.204126,0.027375,0.402219,-0.637206,0.093809,3.141485,-0.000103,0.000035
2.536512,-2.200073,-0.444852,-11.764996,-0.029002,-0.204126,0.027375,0.402240,-0.637122,0.093805,3.141491,-0.000097,0.000040
2.540513,-2.200065,-0.444868,-11.764997,-0.029002,-0.204126,0.027375,0.402267,-0.637034,0.093799,3.141501,-0.000087,0.000054
2.544514,-2.200061,-0.444876,-11.764997,-0.029002,-0.204126,0.027375,0.402292,-0.636950,0.093794,3.141507,-0.000082,0.000063
2.548512,-2.200057,-0.444884,-11.764997,-0.029001,-0.204126,0.027375,0.402313,-0.636866,0.093789,3.141513,-0.000076,0.000068
2.552513,-2.200055,-0.444887,-11.764997,-0.029001,-0.204126,0.027375,0.402338,-0.636781,0.093786,3.141515,-0.000074,0.000078
2.556514,-2.200054,-0.444890,-11.764997,-0.029001,-0.204126,0.027375,0.402364,-0.636697,0.093784,3.141517,-0.000073,0.000087
2.560512,-2.200058,-0.444883,-11.764997,-0.029001,-0.204126,0.027375,0.402390,-0.636614,0.093787,3.141512,-0.000077,0.000090
2.564513,-2.200053,-0.444893,-11.764997,-0.029001,-0.204126,0.027375,0.402415,-0.636529,0.093784,3.141519,-0.000071,0.000099
2.568512,-2.200054,-0.444889,-11.764997,-0.029001,-0.204126,0.027375,0.402442,-0.636447,0.093782,3.141516,-0.000073,0.000095
2.572511,-2.200053,-0.444892,-11.764997,-0.029001,-0.204126,0.027375,0.402465,-0.636365,0.093780,3.141518,-0.000071,0.000093
2.576511,-2.610052,-0.474895,-13.654997,-0.032001,-0.243126,0.032375,0.402493,-0.636279,0.093777,3.141520,-0.000069,0.000094
2.580512,-2.610053,-0.474893,-13.654997,-0.032001,-0.243126,0.032375,0.402516,-0.636197,0.093777,3.141518,-0.000071,0.000092
2.584512,-2.610049,-0.474901,-13.654997,-0.032001,-0.243126,0.032375,0.402540,-0.636112,0.093772,3.141524,-0.000065,0.000088
2.588512,-2.610045,-0.474909,-13.654997,-0.032001,-0.243125,0.032375,0.402565,-0.636027,0.093766,3.141530,-0.000060,0.000077
2.592511,-2.610041,-0.474917,-13.654998,-0.032001,-0.243125,0.032375,0.402590,-0.635942,0.093761,3.141535,-0.000055,0.000073
2.596517,-2.610037,-0.474926,-13.654998,-0.032001,-0.243125,0.032375,0.402614,-0.635857,0.093756,3.141541,-0.000050,0.000062
2.600486,-2.610038,-0.474923,-13.654998,-0.032001,-0.243125,0.032375,0.402640,-0.635774,0.093755,3.141539,-0.000051,0.000058
2.604514,-2.610042,-0.474914,-13.654998,-0.032001,-0.243125,0.032375,0.402667,-0.635692,0.093757,3.141533,-0.000057,0.000054
2.608512,-2.610043,-0.474912,-13.654997,-0.032001,-0.243125,0.032375,0.402694,-0.635609,0.093757,3.141531,-0.000059,0.000050
2.612511,-2.610048,-0.474903,-13.654997,-0.032001,-0.243125,0.032375,0.402721,-0.635527,0.093759,3.141526,-0.000064,0.000046
2.616512,-2.760049,-0.484900,-14.354997,-0.035001,-0.256126,0.033375,0.402747,-0.635444,0.093759,3.141524,-0.000066,0.000035
2.620515,-2.760045,-0.484908,-14.354997,-0.035001,-0.256125,0.033375,0.402772,-0.635359,0.093753,3.141529,-0.000061,0.000024
2.624476,-2.760050,-0.484898,-14.354997,-0.035001,-0.256126,0.033375,0.402799,-0.635276,0.093753,3.141522,-0.000068,0.000013
2.628514,-2.760048,-0.484901,-14.354997,-0.035001,-0.256126,0.033375,0.402824,-0.635192,0.093751,3.141524,-0.000066,0.000009
2.632512,-2.760044,-0.484909,-14.354997,-0.035001,-0.256125,0.033375,0.402848,-0.635107,0.093745,3.141530,-0.000060,0.000005
2.636512,-2.760039,-0.484919,-14.354997,-0.035001,-0.256125,0.033375,0.402873,-0.635022,0.093742,3.141537,-0.000054,0.000008
2.640512,-2.760040,-0.484918,-14.354997,-0.035001,-0.256125,0.033375,0.402897,-0.634942,0.093743,3.141536,-0.000055,0.000013
2.644512,-2.760056,-0.484886,-14.354997,-0.035001,-0.256126,0.033375,0.402926,-0.634862,0.093744,3.141514,-0.000076,0.000002
2.648512,-2.760043,-0.484912,-14.354997,-0.035001,-0.256125,0.033375,0.402952,-0.634778,0.093741,3.141532,-0.000059,0.000032
2.652512,-2.760049,-0.484899,-14.354997,-0.035001,-0.256126,0.033375,0.402978,-0.634701,0.093747,3.141523,-0.000067,0.000043
2.656519,-2.530036,-0.614926,-14.874998,-0.031001,-0.253125,0.033375,0.402992,-0.634610,0.093728,3.141541,-0.000050,0.000028
2.660512,-2.530051,-0.614895,-14.874997,-0.031001,-0.253126,0.033375,0.403036,-0.634521,0.093748,3.141520,-0.000070,0.000060
2.664514,-2.530050,-0.614898,-14.874997,-0.031001,-0.253126,0.033375,0.403062,-0.634438,0.093746,3.141522,-0.000068,0.000076
2.668512,-2.530050,-0.614897,-14.874997,-0.031001,-0.253126,0.033375,0.403086,-0.634358,0.093747,3.141521,-0.000069,0.000088
2.672474,-2.530049,-0.614900,-14.874997,-0.031001,-0.253126,0.033375,0.403113,-0.634275,0.093745,3.141524,-0.000066,0.000097
2.676467,-2.530043,-0.614911,-14.874998,-0.031001,-0.253125,0.033375,0.403139,-0.634192,0.093742,3.141531,-0.000059,0.000100
2.680509,-2.530043,-0.614911,-14.874998,-0.031001,-0.253125,0.033375,0.403139,-0.634192,0.093742,3.141531,-0.000059,0.000100
2.684514,-2.530033,-0.614932,-14.874998,-0.031001,-0.253125,0.033375,0.403188,-0.634028,0.093737,3.141545,-0.000046,0.000114
2.688514,-2.530030,-0.614938,-14.874998,-0.031001,-0.253125,0.033375,0.403212,-0.633947,0.093737,3.141549,-0.000042,0.000106
2.692476,-2.530030,-0.614938,-14.874998,-0.031001,-0.253125,0.033375,0.403239,-0.633865,0.093740,3.141549,-0.000042,0.000101
2.696482,-2.680028,-0.484943,-15.024998,-0.041001,-0.257125,0.034375,0.403264,-0.633785,0.093739,3.141553,-0.000039,0.000093
2.700511,-2.680028,-0.484943,-15.024998,-0.041001,-0.257125,0.034375,0.403291,-0.633704,0.093742,3.141553,-0.000038,0.000089
2.704516,-2.680025,-0.484949,-15.024998,-0.041001,-0.257125,0.034375,0.403314,-0.633623,0.093743,3.141557,-0.000035,0.000080
2.708483,-2.680022,-0.484955,-15.024998,-0.041001,-0.257125,0.034375,0.403340,-0.633540,0.093743,3.141561,-0.000031,0.000076
2.712474,-2.680019,-0.484961,-15.024999,-0.041000,-0.257125,0.034375,0.403364,-0.633459,0.093744,3.141565,-0.000027,0.000061
2.716487,-2.680016,-0.484967,-15.024999,-0.041000,-0.257125,0.034375,0.403389,-0.633375,0.093745,3.141569,-0.000023,0.000057
2.720510,-2.680015,-0.484968,-15.024999,-0.041000,-0.257125,0.034375,0.403412,-0.633294,0.093749,3.141570,-0.000022,0.000048
2.724518,-2.680010,-0.484980,-15.024999,-0.041000,-0.257125,0.034375,0.403437,-0.633210,0.093748,3.141578,-0.000014,0.000037
2.728497,-2.680006,-0.484988,-15.024999,-0.041000,-0.257125,0.034375,0.403463,-0.633127,0.093751,3.141583,-0.000009,0.000027
2.732510,-2.620005,-0.394989,-14.925000,-0.044000,-0.251125,0.033375,0.403489,-0.633044,0.093755,3.141584,-0.000008,0.000023
2.736511,-2.620005,-0.394990,-14.925000,-0.044000,-0.251125,0.033375,0.403512,-0.632963,0.093759,3.141585,-0.000008,0.000014
2.740512,-2.619998,-0.395004,-14.925000,-0.044000,-0.251125,0.033375,0.403537,-0.632879,0.093760,-3.141591,0.000001,0.000010
2.744517,-2.620004,-0.394993,-14.925000,-0.044000,-0.251125,0.033375,0.403565,-0.632798,0.093766,3.141586,-0.000006,-0.000001
2.748511,-2.620003,-0.394995,-14.925000,-0.044000,-0.251125,0.033375,0.403587,-0.632716,0.093772,3.141587,-0.000005,-0.000009
2.752511,-2.620003,-0.394994,-14.925000,-0.044000,-0.251125,0.033375,0.403620,-0.632612,0.093775,3.141587,-0.000005,0.000000
2.756510,-2.620003,-0.394994,-14.925000,-0.044000,-0.251125,0.033375,0.403620,-0.632612,0.093775,3.141587,-0.000005,0.000000
2.760477,-2.620000,-0.395001,-14.925000,-0.044000,-0.251125,0.033375,0.403663,-0.632465,0.093778,3.141592,-0.000001,0.000005
2.764545,-2.619999,-0.395002,-14.925000,-0.044000,-0.251125,0.033375,0.403689,-0.632382,0.093782,3.141592,-0.000000,-0.000012
2.768545,-2.619996,-0.395008,-14.925000,-0.044000,-0.251125,0.033375,0.403714,-0.632298,0.093783,-3.141588,0.000004,0.000024
2.772559,-2.619996,-0.395008,-14.925000,-0.044000,-0.251125,0.033375,0.403739,-0.632215,0.093786,-3.141589,0.000004,0.000034
2.776451,-2.599995,-0.415009,-14.395000,-0.040000,-0.246125,0.032375,0.403770,-0.632113,0.093790,-3.141588,0.000005,0.000039
2.780532,-2.599995,-0.415009,-14.395000,-0.040000,-0.246125,0.032375,0.403770,-0.632113,0.093790,-3.141588,0.000005,0.000039
2.784526,-2.599992,-0.415016,-14.395000,-0.040000,-0.246125,0.032375,0.403794,-0.632029,0.093792,-3.141583,0.000009,0.000048
2.788520,-2.599987,-0.415027,-14.395000,-0.040000,-0.246125,0.032375,0.403844,-0.631866,0.093801,-3.141576,0.000016,0.000056
2.792536,-2.599986,-0.415028,-14.395000,-0.040000,-0.246125,0.032375,0.403870,-0.631783,0.093805,-3.141576,0.000017,0.000065
2.796518,-2.599985,-0.415031,-14.395000,-0.040000,-0.246125,0.032375,0.403895,-0.631700,0.093811,-3.141573,0.000019,0.000068
2.800516,-2.599987,-0.415026,-14.395000,-0.040000,-0.246125,0.032375,0.403920,-0.631620,0.093817,-3.141576,0.000016,0.000066
2.804514,-2.599983,-0.415035,-14.395000,-0.040000,-0.246125,0.032375,0.403945,-0.631537,0.093820,-3.141571,0.000021,0.000068
2.808513,-2.599979,-0.415043,-14.395001,-0.039999,-0.246125,0.032375,0.403971,-0.631454,0.093824,-3.141565,0.000026,0.000064
2.812539,-2.319977,-0.475046,-13.655001,-0.034999,-0.230125,0.031375,0.403996,-0.631371,0.093830,-3.141563,0.000029,0.000067
2.816510,-2.319972,-0.475057,-13.655001,-0.034999,-0.230125,0.031375,0.404022,-0.631288,0.093836,-3.141556,0.000036,0.000063
2.820518,-2.319973,-0.475055,-13.655001,-0.034999,-0.230125,0.031375,0.404045,-0.631207,0.093846,-3.141557,0.000035,0.000054
2.824519,-2.319973,-0.475055,-13.655001,-0.034999,-0.230125,0.031375,0.404045,-0.631207,0.093846,-3.141557,0.000035,0.000054
2.828522,-2.319971,-0.475059,-13.655001,-0.034999,-0.230125,0.031375,0.404070,-0.631124,0.093852,-3.141554,0.000037,0.000050
2.832516,-2.319967,-0.475068,-13.655001,-0.034999,-0.230125,0.031375,0.404094,-0.631039,0.093857,-3.141548,0.000043,0.000040
2.836510,-2.319962,-0.475077,-13.655002,-0.034999,-0.230125,0.031375,0.404148,-0.630871,0.093872,-3.141542,0.000049,0.000022
2.840511,-2.319966,-0.475070,-13.655002,-0.034999,-0.230125,0.031375,0.404176,-0.630786,0.093884,-3.141547,0.000044,0.000016
2.844483,-2.319966,-0.475069,-13.655001,-0.034999,-0.230125,0.031375,0.404204,-0.630700,0.093895,-3.141548,0.000044,0.000010
2.848516,-2.319971,-0.475059,-13.655001,-0.034999,-0.230125,0.031375,0.404232,-0.630615,0.093904,-3.141554,0.000037,0.000004
2.852512,-2.319969,-0.475064,-13.655001,-0.034999,-0.230125,0.031375,0.404259,-0.630529,0.093912,-3.141551,0.000040,-0.000003
2.856517,-2.319969,-0.475064,-13.655001,-0.034999,-0.230125,0.031375,0.404259,-0.630529,0.093912,-3.141551,0.000040,-0.000003
2.860520,-2.089974,-0.315055,-12.255002,-0.032999,-0.208125,0.027375,0.404283,-0.630445,0.093922,-3.141557,0.000034,-0.000013
2.864519,-2.089972,-0.315058,-12.255002,-0.032999,-0.208125,0.027375,0.404339,-0.630270,0.093931,-3.141555,0.000037,-0.000015
2.868511,-2.089974,-0.315054,-12.255001,-0.032999,-0.208125,0.027375,0.404366,-0.630183,0.093938,-3.141558,0.000034,-0.000014
2.872520,-2.089974,-0.315054,-12.255002,-0.032999,-0.208125,0.027375,0.404389,-0.630099,0.093941,-3.141558,0.000034,-0.000018
2.876520,-2.089974,-0.315054,-12.255002,-0.032999,-0.208125,0.027375,0.404389,-0.630099,0.093941,-3.141558,0.000034,-0.000018
2.880523,-2.089982,-0.315038,-12.255001,-0.033000,-0.208125,0.027375,0.404444,-0.629928,0.093955,-3.141569,0.000023,0.000009
2.884512,-2.089982,-0.315038,-12.255001,-0.033000,-0.208125,0.027375,0.404444,-0.629928,0.093955,-3.141569,0.000023,0.000009
2.888512,-2.089981,-0.315038,-12.255001,-0.033000,-0.208125,0.027375,0.404471,-0.629841,0.093958,-3.141568,0.000024,-0.000010
2.892511,-2.089984,-0.315033,-12.255001,-0.033000,-0.208125,0.027375,0.404499,-0.629756,0.093964,-3.141572,0.000020,0.000024
2.896517,-1.769983,-0.315034,-10.545001,-0.028000,-0.179125,0.025375,0.404525,-0.629669,0.093967,-3.141571,0.000021,0.000038
2.900512,-1.769984,-0.315033,-10.545001,-0.028000,-0.179125,0.025375,0.404553,-0.629584,0.093969,-3.141572,0.000020,0.000018
2.904524,-1.769983,-0.315034,-10.545001,-0.028000,-0.179125,0.025375,0.404584,-0.629478,0.093974,-3.141571,0.000021,0.000041
2.908513,-1.769999,-0.315002,-10.545000,-0.028000,-0.179125,0.025375,0.404606,-0.629415,0.093975,-3.141592,0.000000,0.000028
2.912517,-1.769979,-0.315043,-10.545001,-0.027999,-0.179125,0.025375,0.404635,-0.629303,0.093972,-3.141565,0.000027,0.000062
2.916511,-1.769976,-0.315049,-10.545001,-0.027999,-0.179125,0.025375,0.404661,-0.629217,0.093972,-3.141561,0.000030,0.000062
2.920510,-1.769979,-0.315044,-10.545001,-0.027999,-0.179125,0.025375,0.404689,-0.629131,0.093978,-3.141565,0.000027,0.000063
2.924516,-1.769975,-0.315051,-10.545001,-0.027999,-0.179125,0.025375,0.404715,-0.629044,0.093981,-3.141560,0.000032,0.000063
2.928518,-1.769975,-0.315051,-10.545001,-0.027999,-0.179125,0.025375,0.404742,-0.628959,0.093983,-3.141560,0.000032,0.000064
2.932512,-1.769974,-0.315053,-10.545001,-0.027999,-0.179125,0.025375,0.404766,-0.628875,0.093988,-3.141559,0.000033,0.000066
2.936509,-1.769974,-0.315054,-10.545001,-0.027999,-0.179125,0.025375,0.404794,-0.628790,0.093992,-3.141558,0.000034,0.000067
2.940512,-1.409969,-0.315063,-8.575001,-0.020999,-0.144125,0.020375,0.404818,-0.628705,0.093996,-3.141552,0.000040,0.000063
2.944498,-1.409969,-0.315064,-8.575001,-0.020999,-0.144125,0.020375,0.404843,-0.628623,0.094000,-3.141551,0.000041,0.000052
2.948512,-1.409971,-0.315061,-8.575001,-0.020999,-0.144125,0.020375,0.404869,-0.628540,0.094007,-3.141554,0.000038,0.000048
2.952512,-1.409967,-0.315067,-8.575002,-0.020999,-0.144125,0.020375,0.404896,-0.628454,0.094009,-3.141549,0.000043,0.000042
2.956512,-1.409962,-0.315079,-8.575002,-0.020999,-0.144125,0.020375,0.404919,-0.628369,0.094007,-3.141541,0.000050,0.000031
2.960512,-1.409962,-0.315079,-8.575002,-0.020999,-0.144125,0.020375,0.404944,-0.628286,0.094010,-3.141541,0.000050,0.000027
2.964517,-1.409966,-0.315070,-8.575002,-0.020999,-0.144125,0.020375,0.404970,-0.628204,0.094012,-3.141547,0.000044,0.000016
2.968512,-1.409973,-0.315057,-8.575001,-0.020999,-0.144125,0.020375,0.404996,-0.628122,0.094017,-3.141556,0.000036,0.000012
2.972517,-1.409977,-0.315048,-8.575001,-0.020999,-0.144125,0.020375,0.405024,-0.628038,0.094019,-3.141562,0.000030,0.000012
2.976522,-1.389981,-0.195040,-7.785001,-0.025000,-0.133125,0.018375,0.405050,-0.627955,0.094020,-3.141568,0.000025,0.000015
2.980511,-1.389988,-0.195025,-7.785000,-0.025000,-0.133125,0.018375,0.405077,-0.627874,0.094024,-3.141577,0.000015,0.000018
2.984511,-1.389998,-0.195004,-7.785000,-0.025000,-0.133125,0.018375,0.405108,-0.627792,0.094029,-3.141591,0.000001,0.000025
2.988518,-1.390003,-0.194994,-7.785000,-0.025000,-0.133125,0.018375,0.405135,-0.627711,0.094030,3.141587,-0.000005,0.000028
2.992512,-1.390004,-0.194992,-7.785000,-0.025000,-0.133125,0.018375,0.405159,-0.627628,0.094029,3.141586,-0.000007,0.000024
2.996518,-1.390006,-0.194988,-7.785000,-0.025000,-0.133125,0.018375,0.405185,-0.627545,0.094028,3.141583,-0.000009,0.000033
3.000512,-1.390005,-0.194990,-7.785000,-0.025000,-0.133125,0.018375,0.405212,-0.627459,0.094024,3.141585,-0.000008,0.000013
3.004511,-1.390005,-0.194989,-7.785000,-0.025000,-0.133125,0.018375,0.405237,-0.627377,0.094026,3.141584,-0.000009,0.000043
3.008516,-1.390005,-0.194990,-7.785000,-0.025000,-0.133125,0.018375,0.405262,-0.627294,0.094021,3.141584,-0.000008,0.000052
3.012512,-1.390003,-0.194993,-7.785000,-0.025000,-0.133125,0.018375,0.405280,-0.627199,0.094019,3.141587,-0.000006,0.000032
3.016517,-1.160004,-0.214992,-7.035000,-0.017000,-0.118125,0.015375,0.405322,-0.627106,0.094021,3.141586,-0.000007,0.000062
3.020511,-1.160007,-0.214985,-7.034999,-0.017000,-0.118125,0.015375,0.405349,-0.627024,0.094024,3.141581,-0.000011,0.000065
3.024514,-1.160007,-0.214985,-7.034999,-0.017000,-0.118125,0.015375,0.405375,-0.626942,0.094027,3.141581,-0.000011,0.000074
3.028511,-1.160013,-0.214973,-7.034999,-0.017000,-0.118125,0.015375,0.405404,-0.626859,0.094033,3.141573,-0.000019,0.000075
3.032512,-1.160010,-0.214979,-7.034999,-0.017000,-0.118125,0.015375,0.405429,-0.626776,0.094034,3.141577,-0.000015,0.000077
3.036511,-1.160009,-0.214980,-7.034999,-0.017000,-0.118125,0.015375,0.405454,-0.626693,0.094038,3.141578,-0.000015,0.000080
3.040512,-1.160007,-0.214986,-7.034999,-0.017000,-0.118125,0.015375,0.405478,-0.626610,0.094038,3.141582,-0.000011,0.000083
3.044512,-1.160004,-0.214992,-7.035000,-0.017000,-0.118125,0.015375,0.405503,-0.626527,0.094039,3.141586,-0.000007,0.000085
3.048510,-1.159997,-0.215006,-7.035000,-0.017000,-0.118125,0.015375,0.405526,-0.626442,0.094040,-3.141590,0.000002,0.000081
3.052513,-1.160000,-0.215000,-7.035000,-0.017000,-0.118125,0.015375,0.405554,-0.626358,0.094044,3.141591,-0.000002,0.000082
3.056512,-1.149994,-0.295013,-6.815000,-0.013000,-0.116125,0.016375,0.405578,-0.626274,0.094044,-3.141586,0.000007,0.000078
3.060516,-1.149994,-0.295013,-6.815000,-0.013000,-0.116125,0.016375,0.405604,-0.626192,0.094047,-3.141586,0.000007,0.000074
3.064511,-1.149997,-0.295007,-6.815000,-0.013000,-0.116125,0.016375,0.405629,-0.626110,0.094051,-3.141590,0.000003,0.000070
3.068511,-1.150000,-0.294999,-6.815000,-0.013000,-0.116125,0.016375,0.405655,-0.626028,0.094055,3.141591,-0.000002,0.000065
3.072518,-1.150004,-0.294991,-6.815000,-0.013000,-0.116125,0.016375,0.405681,-0.625946,0.094057,3.141585,-0.000007,0.000061
3.076516,-1.150011,-0.294977,-6.814999,-0.013000,-0.116125,0.016375,0.405707,-0.625865,0.094061,3.141576,-0.000017,0.000057
3.080511,-1.150012,-0.294974,-6.814999,-0.013000,-0.116125,0.016375,0.405731,-0.625781,0.094060,3.141574,-0.000019,0.000053
3.084511,-1.150016,-0.294965,-6.814999,-0.013000,-0.116125,0.016375,0.405757,-0.625699,0.094062,3.141568,-0.000024,0.000049
3.088514,-1.150019,-0.294960,-6.814999,-0.013000,-0.116125,0.016375,0.405784,-0.625614,0.094059,3.141565,-0.000028,0.000050
3.092512,-1.150019,-0.294960,-6.814999,-0.013000,-0.116125,0.016375,0.405784,-0.625614,0.094059,3.141565,-0.000028,0.000050
3.096512,-1.080033,-0.214931,-6.374998,-0.013001,-0.111125,0.014375,0.405835,-0.625450,0.094058,3.141545,-0.000047,0.000048
3.100512,-1.080033,-0.214931,-6.334998,-0.013001,-0.110125,0.014375,0.405859,-0.625366,0.094052,3.141545,-0.000047,0.000051
3.104512,-1.080037,-0.214921,-6.334998,-0.013001,-0.110125,0.014375,0.405886,-0.625285,0.094053,3.141539,-0.000053,0.000054
3.108509,-1.080040,-0.214915,-6.334998,-0.013001,-0.110125,0.014375,0.405911,-0.625203,0.094049,3.141535,-0.000057,0.000056
3.112517,-1.080042,-0.214911,-6.334998,-0.013001,-0.110125,0.014375,0.405937,-0.625121,0.094046,3.141532,-0.000060,0.000052
3.116511,-1.080042,-0.214912,-6.334998,-0.013001,-0.110125,0.014375,0.405964,-0.625037,0.094041,3.141532,-0.000059,0.000066
3.120516,-1.080041,-0.214913,-6.334998,-0.013001,-0.110125,0.014375,0.405989,-0.624954,0.094036,3.141533,-0.000059,0.000042
3.124517,-1.080037,-0.214921,-6.334998,-0.013001,-0.110125,0.014375,0.406013,-0.624871,0.094031,3.141539,-0.000053,0.000065
3.128510,-1.080031,-0.214935,-6.334998,-0.013001,-0.110125,0.014375,0.406027,-0.624776,0.094024,3.141548,-0.000044,0.000041
3.132509,-1.070023,-0.194951,-6.254999,-0.013001,-0.109125,0.013375,0.406067,-0.624681,0.094018,3.141558,-0.000034,0.000063
3.136510,-1.050024,-0.214948,-5.894999,-0.012001,-0.104125,0.012375,0.406093,-0.624600,0.094018,3.141557,-0.000035,0.000066
3.140513,-1.050019,-0.214959,-5.894999,-0.012001,-0.104125,0.012375,0.406120,-0.624514,0.094015,3.141564,-0.000028,0.000073
3.144512,-1.050012,-0.214975,-5.894999,-0.012000,-0.104125,0.012375,0.406143,-0.624431,0.094009,3.141574,-0.000018,0.000076
3.148511,-1.050007,-0.214985,-5.895000,-0.012000,-0.104125,0.012375,0.406167,-0.624347,0.094007,3.141581,-0.000011,0.000072
3.152511,-1.050008,-0.214983,-5.895000,-0.012000,-0.104125,0.012375,0.406193,-0.624265,0.094007,3.141580,-0.000013,0.000068
3.156512,-1.050003,-0.214994,-5.895000,-0.012000,-0.104125,0.012375,0.406217,-0.624182,0.094004,3.141587,-0.000006,0.000064
3.160512,-1.050001,-0.214997,-5.895000,-0.012000,-0.104125,0.012375,0.406241,-0.624099,0.094002,3.141589,-0.000003,0.000067
3.164511,-1.049996,-0.215008,-5.895000,-0.012000,-0.104125,0.012375,0.406265,-0.624015,0.093999,-3.141589,0.000004,0.000062
3.168517,-1.049998,-0.215004,-5.895000,-0.012000,-0.104125,0.012375,0.406290,-0.623933,0.093998,-3.141591,0.000001,0.000058
3.172511,-1.050000,-0.215000,-5.895000,-0.012000,-0.104125,0.012375,0.406318,-0.623849,0.093995,3.141591,-0.000002,0.000059
3.176510,-1.130005,-0.224989,-6.405000,-0.014000,-0.112125,0.013375,0.406343,-0.623767,0.093994,3.141584,-0.000009,0.000068
3.180512,-1.130010,-0.224979,-6.404999,-0.014000,-0.112125,0.013375,0.406369,-0.623686,0.093995,3.141577,-0.000015,0.000057
3.184512,-1.130013,-0.224973,-6.404999,-0.014000,-0.112125,0.013375,0.406394,-0.623603,0.093991,3.141573,-0.000019,0.000053
3.188512,-1.130015,-0.224967,-6.404999,-0.014000,-0.112125,0.013375,0.406419,-0.623521,0.093987,3.141569,-0.000023,0.000049
3.192511,-1.130018,-0.224961,-6.404999,-0.014000,-0.112125,0.013375,0.406444,-0.623439,0.093983,3.141565,-0.000027,0.000045
3.196514,-1.130021,-0.224955,-6.404999,-0.014001,-0.112125,0.013375,0.406469,-0.623356,0.093979,3.141561,-0.000031,0.000048
3.200514,-1.130030,-0.224936,-6.404998,-0.014001,-0.112125,0.013375,0.406495,-0.623276,0.093978,3.141548,-0.000044,0.000044
3.204511,-1.130031,-0.224934,-6.404998,-0.014001,-0.112125,0.013375,0.406520,-0.623193,0.093970,3.141548,-0.000045,0.000040
3.208512,-1.130034,-0.224928,-6.404998,-0.014001,-0.112125,0.013375,0.406545,-0.623111,0.093966,3.141544,-0.000049,0.000042
3.212511,-1.180037,-0.204921,-6.604998,-0.016001,-0.117125,0.014375,0.406571,-0.623029,0.093961,3.141539,-0.000053,0.000045
3.216517,-1.260043,-0.204908,-6.784997,-0.017001,-0.120125,0.014375,0.406598,-0.622949,0.093958,3.141530,-0.000062,0.000041
3.220511,-1.260041,-0.204913,-6.784998,-0.017001,-0.120125,0.014375,0.406626,-0.622865,0.093949,3.141534,-0.000058,0.000048
3.224512,-1.260038,-0.204919,-6.784998,-0.017001,-0.120125,0.014375,0.406650,-0.622782,0.093941,3.141538,-0.000054,0.000044
3.228517,-1.260038,-0.204919,-6.784998,-0.017001,-0.120125,0.014375,0.406675,-0.622700,0.093935,3.141538,-0.000054,0.000047
3.232515,-1.260032,-0.204932,-6.784998,-0.017001,-0.120125,0.014375,0.406700,-0.622618,0.093925,3.141546,-0.000046,0.000043
3.236511,-1.260026,-0.204945,-6.784998,-0.017001,-0.120125,0.014375,0.406726,-0.622533,0.093917,3.141555,-0.000038,0.000043
3.240511,-1.260017,-0.204964,-6.784999,-0.017000,-0.120125,0.014375,0.406750,-0.622450,0.093906,3.141567,-0.000025,0.000039
3.244512,-1.260014,-0.204970,-6.784999,-0.017000,-0.120125,0.014375,0.406774,-0.622367,0.093898,3.141571,-0.000021,0.000035
3.248512,-1.260008,-0.204983,-6.784999,-0.017000,-0.120125,0.014375,0.406800,-0.622281,0.093889,3.141580,-0.000012,0.000036
3.252511,-1.260004,-0.204991,-6.785000,-0.017000,-0.120125,0.014375,0.406825,-0.622199,0.093883,3.141585,-0.000008,0.000038
3.256510,-1.260004,-0.324991,-7.105000,-0.014000,-0.123125,0.016375,0.406850,-0.622117,0.093877,3.141585,-0.000007,0.000034
3.260510,-1.259990,-0.325020,-7.105001,-0.014000,-0.123125,0.016375,0.406864,-0.622024,0.093852,-3.141581,0.000012,0.000003
3.264511,-1.260004,-0.324991,-7.105000,-0.014000,-0.123125,0.016375,0.406894,-0.621942,0.093866,3.141585,-0.000007,0.000010
3.268520,-1.260004,-0.324991,-7.105000,-0.014000,-0.123125,0.016375,0.406933,-0.621850,0.093860,3.141585,-0.000007,0.000029
3.272512,-1.260006,-0.324987,-7.105000,-0.014000,-0.123125,0.016375,0.406961,-0.621767,0.093858,3.141582,-0.000010,0.000029
3.276513,-1.260005,-0.324988,-7.105000,-0.014000,-0.123125,0.016375,0.406985,-0.621684,0.093853,3.141583,-0.000010,0.000025
3.280518,-1.260008,-0.324982,-7.105000,-0.014000,-0.123125,0.016375,0.407009,-0.621602,0.093849,3.141579,-0.000014,0.000021
3.284512,-1.260011,-0.324975,-7.104999,-0.014000,-0.123125,0.016375,0.407037,-0.621517,0.093845,3.141575,-0.000018,0.000028
3.288509,-1.260011,-0.324977,-7.104999,-0.014000,-0.123125,0.016375,0.407061,-0.621434,0.093840,3.141576,-0.000017,0.000018
3.292528,-1.260011,-0.324976,-7.104999,-0.014000,-0.123125,0.016375,0.407084,-0.621351,0.093834,3.141576,-0.000017,0.000020
3.296480,-1.460013,-0.354973,-8.344999,-0.015000,-0.145125,0.018375,0.407108,-0.621268,0.093833,3.141573,-0.000019,0.000023
3.300517,-1.460020,-0.354956,-8.344999,-0.015001,-0.145125,0.018375,0.407136,-0.621185,0.093834,3.141562,-0.000030,0.000030
3.304509,-1.460024,-0.354949,-8.344999,-0.015001,-0.145125,0.018375,0.407162,-0.621103,0.093837,3.141557,-0.000035,0.000026
3.308523,-1.460028,-0.354939,-8.344998,-0.015001,-0.145125,0.018375,0.407187,-0.621022,0.093838,3.141551,-0.000041,0.000029
3.312512,-1.460034,-0.354926,-8.344998,-0.015001,-0.145125,0.018375,0.407213,-0.620941,0.093844,3.141542,-0.000050,0.000031
3.316511,-1.460033,-0.354930,-8.344998,-0.015001,-0.145125,0.018375,0.407237,-0.620858,0.093842,3.141545,-0.000048,0.000027
3.320512,-1.460029,-0.354938,-8.344998,-0.015001,-0.145125,0.018375,0.407263,-0.620773,0.093836,3.141550,-0.000042,0.000041
3.324471,-1.460027,-0.354942,-8.344999,-0.015001,-0.145125,0.018375,0.407287,-0.620690,0.093834,3.141553,-0.000040,0.000037
3.328511,-1.460022,-0.354952,-8.344999,-0.015001,-0.145125,0.018375,0.407310,-0.620606,0.093832,3.141560,-0.000033,0.000033
3.332512,-1.600021,-0.354956,-9.104999,-0.019001,-0.159125,0.020375,0.407336,-0.620521,0.093829,3.141562,-0.000031,0.000034
3.336514,-1.600016,-0.354965,-9.104999,-0.019000,-0.159125,0.020375,0.407361,-0.620435,0.093825,3.141568,-0.000024,0.000034
3.340517,-1.600016,-0.354965,-9.104999,-0.019000,-0.159125,0.020375,0.407361,-0.620435,0.093825,3.141568,-0.000024,0.000034
3.344511,-1.600011,-0.354976,-9.104999,-0.019000,-0.159125,0.020375,0.407411,-0.620262,0.093817,3.141576,-0.000017,0.000028
3.348512,-1.600011,-0.354976,-9.104999,-0.019000,-0.159125,0.020375,0.407411,-0.620262,0.093817,3.141576,-0.000017,0.000028
3.352521,-1.600009,-0.354980,-9.104999,-0.019000,-0.159125,0.020375,0.407447,-0.620154,0.093816,3.141578,-0.000015,0.000033
3.356516,-1.600003,-0.354993,-9.105000,-0.019000,-0.159125,0.020375,0.407498,-0.619983,0.093810,3.141586,-0.000006,0.000034
3.360510,-1.600003,-0.354993,-9.105000,-0.019000,-0.159125,0.020375,0.407498,-0.619983,0.093810,3.141586,-0.000006,0.000034
3.364511,-1.600002,-0.354996,-9.105000,-0.019000,-0.159125,0.020375,0.407518,-0.619919,0.093807,3.141589,-0.000004,0.000021
3.368511,-1.600000,-0.355000,-9.105000,-0.019000,-0.159125,0.020375,0.407547,-0.619832,0.093805,3.141591,-0.000002,-0.000008
3.372513,-1.600000,-0.354999,-9.105000,-0.019000,-0.159125,0.020375,0.407604,-0.619639,0.093802,3.141591,-0.000002,0.000013
3.376511,-1.600000,-0.354999,-9.105000,-0.019000,-0.159125,0.020375,0.407604,-0.619639,0.093802,3.141591,-0.000002,0.000013
3.380511,-1.479997,-0.315007,-8.735000,-0.019000,-0.150125,0.019375,0.407631,-0.619550,0.093796,-3.141590,0.000003,0.000012
3.384511,-1.479998,-0.315004,-8.735000,-0.019000,-0.150125,0.019375,0.407654,-0.619466,0.093796,-3.141591,0.000001,0.000001
3.388512,-1.479999,-0.315001,-8.735000,-0.019000,-0.150125,0.019375,0.407682,-0.619378,0.093796,3.141592,-0.000001,0.000006
3.392512,-1.480004,-0.314992,-8.735000,-0.019000,-0.150125,0.019375,0.407712,-0.619293,0.093796,3.141586,-0.000007,0.000011
3.396512,-1.480011,-0.314976,-8.735000,-0.019000,-0.150125,0.019375,0.407740,-0.619209,0.093799,3.141575,-0.000017,0.000011
3.400512,-1.480011,-0.314976,-8.735000,-0.019000,-0.150125,0.019375,0.407740,-0.619209,0.093799,3.141575,-0.000017,0.000011
3.404511,-1.480024,-0.314948,-8.734999,-0.019001,-0.150125,0.019375,0.407794,-0.619042,0.093808,3.141557,-0.000035,0.000019
3.408512,-1.480031,-0.314933,-8.734998,-0.019001,-0.150125,0.019375,0.407822,-0.618958,0.093810,3.141547,-0.000046,0.000026
3.412512,-1.480033,-0.314929,-8.734998,-0.019001,-0.150125,0.019375,0.407851,-0.618871,0.093809,3.141544,-0.000048,0.000044
3.416512,-1.500036,-0.314921,-8.644998,-0.019001,-0.150125,0.019375,0.407876,-0.618786,0.093812,3.141539,-0.000053,0.000045
3.420511,-1.650034,-0.304926,-8.654998,-0.023001,-0.153125,0.019375,0.407904,-0.618698,0.093811,3.141542,-0.000050,0.000050
3.424513,-1.650036,-0.304923,-8.654998,-0.023001,-0.153125,0.019375,0.407926,-0.618614,0.093811,3.141540,-0.000052,0.000059
3.428512,-1.650034,-0.304926,-8.654998,-0.023001,-0.153125,0.019375,0.407952,-0.618529,0.093809,3.141543,-0.000050,0.000060
3.432512,-1.650035,-0.304925,-8.654998,-0.023001,-0.153125,0.019375,0.407978,-0.618444,0.093810,3.141542,-0.000051,0.000060
3.436511,-1.650030,-0.304936,-8.654998,-0.023001,-0.153125,0.019375,0.408004,-0.618358,0.093807,3.141549,-0.000044,0.000067
3.440512,-1.650028,-0.304939,-8.654998,-0.023001,-0.153125,0.019375,0.408029,-0.618273,0.093805,3.141551,-0.000041,0.000068
3.444511,-1.650032,-0.304931,-8.654998,-0.023001,-0.153125,0.019375,0.408058,-0.618190,0.093807,3.141546,-0.000047,0.000068
3.448511,-1.650033,-0.304929,-8.654998,-0.023001,-0.153125,0.019375,0.408082,-0.618108,0.093808,3.141544,-0.000048,0.000064
3.452518,-1.650034,-0.304927,-8.654998,-0.023001,-0.153125,0.019375,0.408109,-0.618024,0.093808,3.141543,-0.000050,0.000065
3.456511,-1.550032,-0.234929,-8.274998,-0.023001,-0.144125,0.017375,0.408133,-0.617942,0.093804,3.141545,-0.000048,0.000054
3.460511,-1.550029,-0.234937,-8.274998,-0.023001,-0.144125,0.017375,0.408159,-0.617857,0.093799,3.141550,-0.000043,0.000054
3.464511,-1.550027,-0.234941,-8.274998,-0.023001,-0.144125,0.017375,0.408182,-0.617773,0.093797,3.141552,-0.000040,0.000050
3.468517,-1.550023,-0.234949,-8.274999,-0.023001,-0.144125,0.017375,0.408207,-0.617688,0.093792,3.141558,-0.000035,0.000044
3.472516,-1.550028,-0.234940,-8.274998,-0.023001,-0.144125,0.017375,0.408234,-0.617604,0.093793,3.141552,-0.000041,0.000038
3.476509,-1.550029,-0.234937,-8.274998,-0.023001,-0.144125,0.017375,0.408259,-0.617522,0.093793,3.141550,-0.000043,0.000034
3.480511,-1.550027,-0.234940,-8.274998,-0.023001,-0.144125,0.017375,0.408285,-0.617438,0.093789,3.141552,-0.000041,0.000027
3.484511,-1.550026,-0.234943,-8.274998,-0.023001,-0.144125,0.017375,0.408312,-0.617354,0.093786,3.141553,-0.000039,0.000028
3.488512,-1.550027,-0.234940,-8.274998,-0.023001,-0.144125,0.017375,0.408336,-0.617272,0.093786,3.141552,-0.000041,0.000024
3.492512,-1.550026,-0.234943,-8.274998,-0.023001,-0.144125,0.017375,0.408363,-0.617188,0.093783,3.141554,-0.000039,-0.000003
3.496511,-1.470033,-0.264928,-7.824998,-0.018001,-0.138125,0.016375,0.408392,-0.617106,0.093786,3.141544,-0.000049,0.000024
3.500511,-1.470016,-0.264965,-7.824999,-0.018000,-0.138125,0.016375,0.408403,-0.617011,0.093762,3.141568,-0.000025,-0.000013
3.504512,-1.470030,-0.264934,-7.824998,-0.018001,-0.138125,0.016375,0.408431,-0.616928,0.093782,3.141548,-0.000045,-0.000013
3.508511,-1.470030,-0.264935,-7.824998,-0.018001,-0.138125,0.016375,0.408473,-0.616832,0.093777,3.141548,-0.000045,0.000015
3.512513,-1.470028,-0.264940,-7.824998,-0.018001,-0.138125,0.016375,0.408500,-0.616748,0.093776,3.141552,-0.000041,0.000029
3.516511,-1.470027,-0.264941,-7.824998,-0.018001,-0.138125,0.016375,0.408522,-0.616665,0.093772,3.141552,-0.000041,0.000031
3.520511,-1.470028,-0.264938,-7.824998,-0.018001,-0.138125,0.016375,0.408549,-0.616581,0.093772,3.141551,-0.000042,0.000038
3.524511,-1.470029,-0.264936,-7.824998,-0.018001,-0.138125,0.016375,0.408576,-0.616497,0.093772,3.141549,-0.000044,0.000052
3.528512,-1.470030,-0.264934,-7.824998,-0.018001,-0.138125,0.016375,0.408603,-0.616413,0.093772,3.141548,-0.000045,0.000060
3.532528,-1.490034,-0.304926,-8.204998,-0.018001,-0.144125,0.017375,0.408628,-0.616332,0.093774,3.141542,-0.000050,0.000069
3.536518,-1.490035,-0.304923,-8.204998,-0.018001,-0.144125,0.017375,0.408652,-0.616250,0.093774,3.141541,-0.000052,0.000072
3.540513,-1.500033,-0.294928,-8.324998,-0.019001,-0.145125,0.016375,0.408678,-0.616166,0.093774,3.141544,-0.000049,0.000086
3.544520,-1.500037,-0.294919,-8.324998,-0.019001,-0.145125,0.016375,0.408707,-0.616084,0.093775,3.141538,-0.000055,0.000093
3.548511,-1.500041,-0.294911,-8.324997,-0.019001,-0.145125,0.016375,0.408732,-0.616003,0.093777,3.141533,-0.000060,0.000089
3.552514,-1.500039,-0.294915,-8.324998,-0.019001,-0.145125,0.016375,0.408759,-0.615920,0.093776,3.141536,-0.000057,0.000096
3.556511,-1.500038,-0.294918,-8.324998,-0.019001,-0.145125,0.016375,0.408783,-0.615837,0.093772,3.141537,-0.000056,0.000099
3.560511,-1.500039,-0.294914,-8.324998,-0.019001,-0.145125,0.016375,0.408811,-0.615755,0.093771,3.141535,-0.000058,0.000099
3.564512,-1.500041,-0.294911,-8.324997,-0.019001,-0.145125,0.016375,0.408836,-0.615674,0.093770,3.141533,-0.000060,0.000095
3.568511,-1.500042,-0.294908,-8.324997,-0.019001,-0.145125,0.016375,0.408863,-0.615591,0.093769,3.141531,-0.000062,0.000095
3.572516,-1.500044,-0.294903,-8.324997,-0.019001,-0.145125,0.016375,0.408890,-0.615507,0.093767,3.141528,-0.000065,0.000096
3.576565,-1.530046,-0.224900,-8.774997,-0.022001,-0.153125,0.017375,0.408915,-0.615426,0.093766,3.141526,-0.000068,0.000085
3.580541,-1.530042,-0.224909,-8.774998,-0.022001,-0.153125,0.017375,0.408942,-0.615342,0.093761,3.141531,-0.000062,0.000079
3.584540,-1.530043,-0.224906,-8.774998,-0.022001,-0.153125,0.017375,0.408966,-0.615261,0.093760,3.141529,-0.000064,0.000068
3.588537,-1.530044,-0.224904,-8.774998,-0.022001,-0.153125,0.017375,0.408995,-0.615179,0.093761,3.141528,-0.000065,0.000062
3.592552,-1.530045,-0.224900,-8.774997,-0.022001,-0.153125,0.017375,0.409020,-0.615098,0.093760,3.141526,-0.000067,0.000051
3.596531,-1.530041,-0.224909,-8.774998,-0.022001,-0.153125,0.017375,0.409046,-0.615015,0.093755,3.141532,-0.000061,0.000045
3.600524,-1.530059,-0.224871,-8.774997,-0.022002,-0.153126,0.017375,0.409077,-0.614935,0.093758,3.141507,-0.000087,0.000011
3.604520,-1.530059,-0.224871,-8.774997,-0.022002,-0.153126,0.017375,0.409077,-0.614935,0.093758,3.141507,-0.000087,0.000011
3.608522,-1.530044,-0.224904,-8.774998,-0.022001,-0.153125,0.017375,0.409099,-0.614851,0.093754,3.141529,-0.000065,0.000027
3.612529,-1.530056,-0.224876,-8.774997,-0.022002,-0.153126,0.017375,0.409156,-0.614687,0.093754,3.141510,-0.000083,-0.000005
3.616519,-1.530039,-0.304914,-9.084998,-0.023001,-0.155125,0.018375,0.409184,-0.614582,0.093747,3.141535,-0.000058,0.000011
3.620513,-1.530041,-0.304911,-9.084998,-0.023001,-0.155125,0.018375,0.409212,-0.614499,0.093746,3.141533,-0.000061,0.000011
3.624497,-1.530036,-0.304920,-9.084998,-0.023001,-0.155125,0.018375,0.409235,-0.614417,0.093742,3.141539,-0.000054,0.000014
3.628502,-1.530038,-0.304917,-9.084998,-0.023001,-0.155125,0.018375,0.409262,-0.614334,0.093741,3.141537,-0.000056,0.000028
3.632524,-1.530036,-0.304921,-9.084998,-0.023001,-0.155125,0.018375,0.409289,-0.614250,0.093740,3.141540,-0.000054,0.000042
3.636511,-1.530035,-0.304924,-9.084998,-0.023001,-0.155125,0.018375,0.409312,-0.614168,0.093737,3.141541,-0.000052,0.000051
3.640517,-1.530033,-0.304926,-9.084998,-0.023001,-0.155125,0.018375,0.409338,-0.614084,0.093734,3.141543,-0.000050,0.000065
3.644511,-1.530035,-0.304923,-9.084998,-0.023001,-0.155125,0.018375,0.409363,-0.614002,0.093733,3.141541,-0.000053,0.000075
3.648513,-1.530036,-0.304920,-9.084998,-0.023001,-0.155125,0.018375,0.409390,-0.613919,0.093732,3.141539,-0.000055,0.000082
3.652514,-1.650039,-0.324915,-9.734998,-0.024001,-0.165125,0.019375,0.409413,-0.613837,0.093729,3.141536,-0.000058,0.000084
3.656512,-1.650041,-0.324910,-9.734998,-0.024001,-0.165125,0.019375,0.409437,-0.613755,0.093727,3.141533,-0.000061,0.000087
3.660510,-1.650043,-0.324905,-9.734998,-0.024001,-0.165125,0.019375,0.409463,-0.613672,0.093724,3.141529,-0.000064,0.000094
3.664511,-1.650039,-0.324914,-9.734998,-0.024001,-0.165125,0.019375,0.409485,-0.613588,0.093719,3.141535,-0.000058,0.000090
3.668511,-1.650041,-0.324909,-9.734998,-0.024001,-0.165125,0.019375,0.409511,-0.613504,0.093716,3.141532,-0.000062,0.000091
3.672512,-1.650040,-0.324912,-9.734998,-0.024001,-0.165125,0.019375,0.409535,-0.613422,0.093713,3.141534,-0.000060,0.000093
3.676516,-1.650042,-0.324907,-9.734998,-0.024001,-0.165125,0.019375,0.409561,-0.613338,0.093711,3.141530,-0.000063,0.000087
3.680509,-1.650046,-0.324919,-9.734998,-0.024001,-0.165125,0.019375,0.409583,-0.613255,0.093707,3.141532,-0.000052,0.000083
3.684511,-1.650045,-0.324922,-9.734998,-0.024001,-0.165125,0.019375,0.409609,-0.613171,0.093704,3.141534,-0.000050,0.000070
3.688511,-1.650046,-0.324918,-9.734998,-0.024001,-0.165126,0.019375,0.409633,-0.613090,0.093703,3.141532,-0.000052,0.000066
3.692512,-1.650044,-0.324922,-9.734998,-0.024001,-0.165125,0.019375,0.409660,-0.613006,0.093701,3.141534,-0.000050,0.000060
3.696511,-1.990046,-0.214919,-10.584998,-0.034001,-0.184125,0.020375,0.409684,-0.612925,0.093700,3.141532,-0.000052,0.000049
3.700512,-1.990041,-0.214929,-10.584998,-0.034001,-0.184125,0.020375,0.409709,-0.612841,0.093696,3.141539,-0.000045,0.000036
3.704511,-1.990039,-0.214934,-10.584999,-0.034001,-0.184125,0.020375,0.409732,-0.612758,0.093696,3.141542,-0.000042,0.000032
3.708512,-1.990038,-0.214936,-10.584999,-0.034001,-0.184125,0.020375,0.409758,-0.612674,0.093693,3.141543,-0.000040,0.000025
3.712511,-1.990031,-0.214952,-10.584999,-0.034001,-0.184125,0.020375,0.409781,-0.612587,0.093687,3.141554,-0.000030,0.000019
3.716512,-1.990032,-0.214950,-10.584999,-0.034001,-0.184125,0.020375,0.409804,-0.612505,0.093687,3.141552,-0.000032,0.000002
3.720511,-1.990025,-0.214965,-10.584999,-0.034000,-0.184125,0.020375,0.409828,-0.612419,0.093681,3.141562,-0.000021,0.000002
3.724510,-1.990019,-0.214977,-10.585000,-0.034000,-0.184125,0.020375,0.409850,-0.612336,0.093680,3.141570,-0.000013,-0.000002
3.728511,-1.990020,-0.214977,-10.585000,-0.034000,-0.184125,0.020375,0.409877,-0.612253,0.093681,3.141570,-0.000014,-0.000002
3.732512,-1.990023,-0.214968,-10.584999,-0.034000,-0.184125,0.020375,0.409904,-0.612170,0.093684,3.141564,-0.000019,-0.000001
3.736511,-2.120019,-0.244978,-11.554999,-0.035000,-0.201125,0.022375,0.409929,-0.612085,0.093680,3.141571,-0.000013,-0.000001
3.740512,-2.120020,-0.244976,-11.554999,-0.035000,-0.201125,0.022375,0.409958,-0.611999,0.093680,3.141569,-0.000014,0.000011
3.744511,-2.120018,-0.244981,-11.555000,-0.035000,-0.201125,0.022375,0.409983,-0.611914,0.093679,3.141572,-0.000011,0.000011
3.748517,-2.120019,-0.244977,-11.554999,-0.035000,-0.201125,0.022375,0.410011,-0.611828,0.093678,3.141570,-0.000013,-0.000004
3.752511,-2.120022,-0.244971,-11.554999,-0.035000,-0.201125,0.022375,0.410045,-0.611720,0.093675,3.141566,-0.000017,0.000035
3.756511,-2.120021,-0.244973,-11.554999,-0.035000,-0.201125,0.022375,0.410068,-0.611634,0.093671,3.141567,-0.000016,0.000042
3.760513,-2.120024,-0.244968,-11.554999,-0.035000,-0.201125,0.022375,0.410095,-0.611546,0.093668,3.141564,-0.000020,0.000047
3.764510,-2.120024,-0.244968,-11.554999,-0.035000,-0.201125,0.022375,0.410095,-0.611546,0.093668,3.141564,-0.000020,0.000047
3.768544,-2.120025,-0.244964,-11.554999,-0.035000,-0.201125,0.022375,0.410146,-0.611373,0.093661,3.141561,-0.000022,0.000052
3.772549,-2.120031,-0.244952,-11.554999,-0.035001,-0.201125,0.022375,0.410175,-0.611288,0.093659,3.141554,-0.000030,0.000057
3.776506,-2.110035,-0.424942,-12.264999,-0.029001,-0.210125,0.025375,0.410201,-0.611204,0.093660,3.141547,-0.000036,0.000058
3.780506,-2.110037,-0.424938,-12.264998,-0.029001,-0.210125,0.025375,0.410230,-0.611118,0.093657,3.141544,-0.000040,0.000056
3.784509,-2.110041,-0.424930,-12.264998,-0.029001,-0.210125,0.025375,0.410256,-0.611035,0.093660,3.141539,-0.000045,0.000057
3.788512,-2.110045,-0.424920,-12.264998,-0.029001,-0.210125,0.025375,0.410285,-0.610950,0.093660,3.141533,-0.000051,0.000055
3.792509,-2.110041,-0.424928,-12.264998,-0.029001,-0.210125,0.025375,0.410309,-0.610864,0.093655,3.141538,-0.000046,0.000055
3.796519,-2.110040,-0.424932,-12.264998,-0.029001,-0.210125,0.025375,0.410336,-0.610777,0.093653,3.141541,-0.000043,0.000053
3.800511,-2.110040,-0.424932,-12.264998,-0.029001,-0.210125,0.025375,0.410336,-0.610777,0.093653,3.141541,-0.000043,0.000053
3.804515,-2.110038,-0.424935,-12.264998,-0.029001,-0.210125,0.025375,0.410360,-0.610691,0.093651,3.141543,-0.000041,0.000040
3.808519,-2.110037,-0.424938,-12.264998,-0.029001,-0.210125,0.025375,0.410411,-0.610518,0.093650,3.141544,-0.000040,0.000026
3.812517,-2.110032,-0.424948,-12.264999,-0.029001,-0.210125,0.025375,0.410437,-0.610431,0.093648,3.141551,-0.000033,0.000017
3.816516,-2.020032,-0.504949,-12.524998,-0.026001,-0.210125,0.025375,0.410465,-0.610344,0.093650,3.141551,-0.000033,0.000009
3.820511,-2.020032,-0.504949,-12.524998,-0.026001,-0.210125,0.025375,0.410465,-0.610344,0.093650,3.141551,-0.000033,0.000009
3.824518,-2.020021,-0.504974,-12.524999,-0.026000,-0.210125,0.025375,0.410516,-0.610171,0.093649,3.141568,-0.000016,-0.000013
3.828512,-2.020021,-0.504974,-12.524999,-0.026000,-0.210125,0.025375,0.410516,-0.610171,0.093649,3.141568,-0.000016,-0.000013
3.832512,-2.020017,-0.504981,-12.524999,-0.026000,-0.210125,0.025375,0.410540,-0.610086,0.093651,3.141573,-0.000011,-0.000013
3.836511,-2.020018,-0.504980,-12.524999,-0.026000,-0.210125,0.025375,0.410567,-0.609999,0.093652,3.141572,-0.000012,-0.000014
3.840517,-2.020015,-0.504987,-12.525000,-0.026000,-0.210125,0.025375,0.410595,-0.609912,0.093655,3.141577,-0.000007,-0.000009
3.844511,-2.020013,-0.504992,-12.525000,-0.026000,-0.210125,0.025375,0.410626,-0.609803,0.093654,3.141579,-0.000004,-0.000011
3.848511,-2.020012,-0.504993,-12.525000,-0.026000,-0.210125,0.025375,0.410647,-0.609736,0.093657,3.141580,-0.000003,-0.000033
3.852519,-2.020013,-0.504990,-12.525000,-0.026000,-0.210125,0.025375,0.410663,-0.609638,0.093658,3.141578,-0.000005,-0.000021
3.856516,-2.120015,-0.354987,-12.485000,-0.033000,-0.212125,0.024375,0.410705,-0.609539,0.093658,3.141577,-0.000007,0.000011
3.860494,-2.120017,-0.354983,-12.484999,-0.033000,-0.212125,0.024375,0.410732,-0.609452,0.093656,3.141574,-0.000009,0.000016
3.864543,-2.120018,-0.354981,-12.484999,-0.033000,-0.212125,0.024375,0.410758,-0.609364,0.093656,3.141572,-0.000011,0.000027
3.868545,-2.120022,-0.354971,-12.484999,-0.033000,-0.212125,0.024375,0.410786,-0.609279,0.093657,3.141566,-0.000018,0.000039
3.872514,-2.120026,-0.354962,-12.484999,-0.033000,-0.212125,0.024375,0.410813,-0.609192,0.093659,3.141561,-0.000023,0.000044
3.876539,-2.120031,-0.354951,-12.484999,-0.033001,-0.212125,0.024375,0.410841,-0.609105,0.093658,3.141553,-0.000031,0.000049
3.880533,-2.120035,-0.354942,-12.484998,-0.033001,-0.212125,0.024375,0.410866,-0.609022,0.093659,3.141547,-0.000037,0.000049
3.884527,-2.120037,-0.354938,-12.484998,-0.033001,-0.212125,0.024375,0.410893,-0.608935,0.093657,3.141545,-0.000039,0.000054
3.888507,-2.120035,-0.354942,-12.484998,-0.033001,-0.212125,0.024375,0.410920,-0.608847,0.093655,3.141547,-0.000037,0.000059
3.892535,-2.120031,-0.354951,-12.484999,-0.033001,-0.212125,0.024375,0.410945,-0.608758,0.093651,3.141553,-0.000031,0.000057
3.896456,-2.120033,-0.354947,-12.484998,-0.033001,-0.212125,0.024375,0.410972,-0.608671,0.093650,3.141551,-0.000033,0.000062
3.900515,-2.060031,-0.374951,-11.934999,-0.034001,-0.200125,0.024375,0.410998,-0.608584,0.093648,3.141553,-0.000031,0.000061
3.904515,-2.060032,-0.374950,-11.934999,-0.034001,-0.200125,0.024375,0.411025,-0.608497,0.093649,3.141552,-0.000032,0.000059
3.908513,-2.060029,-0.374954,-11.934999,-0.034001,-0.200125,0.024375,0.411052,-0.608410,0.093649,3.141555,-0.000029,0.000050
3.912505,-2.060024,-0.374965,-11.934999,-0.034000,-0.200125,0.024375,0.411075,-0.608324,0.093646,3.141562,-0.000021,0.000037
3.916506,-2.060025,-0.374964,-11.934999,-0.034000,-0.200125,0.024375,0.411101,-0.608237,0.093647,3.141562,-0.000022,0.000035
3.920506,-2.060020,-0.374975,-11.934999,-0.034000,-0.200125,0.024375,0.411127,-0.608149,0.093645,3.141568,-0.000015,0.000034
3.924510,-2.060020,-0.374975,-11.934999,-0.034000,-0.200125,0.024375,0.411155,-0.608063,0.093647,3.141569,-0.000015,0.000025
3.928515,-2.060017,-0.374982,-11.935000,-0.034000,-0.200125,0.024375,0.411182,-0.607976,0.093649,3.141573,-0.000010,0.000023
3.932512,-2.060017,-0.374982,-11.935000,-0.034000,-0.200125,0.024375,0.411209,-0.607889,0.093652,3.141573,-0.000010,0.000008
3.936512,-2.150009,-0.465000,-11.405000,-0.027000,-0.199125,0.025375,0.411234,-0.607801,0.093649,3.141585,0.000002,0.000006
3.940511,-2.150003,-0.465013,-11.405000,-0.027000,-0.199125,0.025375,0.411260,-0.607713,0.093649,-3.141592,0.000011,0.000011
3.944512,-2.150003,-0.465013,-11.405000,-0.027000,-0.199125,0.025375,0.411287,-0.607626,0.093651,-3.141592,0.000011,0.000010
3.948512,-2.150003,-0.465014,-11.405000,-0.027000,-0.199125,0.025375,0.411314,-0.607540,0.093654,-3.141592,0.000011,0.000014
3.952512,-2.150001,-0.465018,-11.405000,-0.027000,-0.199125,0.025375,0.411341,-0.607453,0.093654,-3.141588,0.000014,0.000019
3.956513,-2.150004,-0.465011,-11.405000,-0.027000,-0.199125,0.025375,0.411375,-0.607346,0.093658,3.141592,0.000009,0.000024
3.960512,-2.150005,-0.465010,-11.405000,-0.027000,-0.199125,0.025375,0.411392,-0.607282,0.093658,3.141591,0.000008,0.000025
3.964511,-2.150006,-0.465008,-11.405000,-0.027000,-0.199125,0.025375,0.411426,-0.607175,0.093659,3.141590,0.000007,0.000030
3.968511,-2.150012,-0.464993,-11.405000,-0.027000,-0.199125,0.025375,0.411448,-0.607110,0.093662,3.141581,-0.000003,0.000035
3.972512,-2.150016,-0.464985,-11.405000,-0.027000,-0.199125,0.025375,0.411477,-0.607025,0.093665,3.141575,-0.000008,0.000019
3.976512,-2.240023,-0.424968,-11.094999,-0.027000,-0.200125,0.025375,0.411492,-0.606932,0.093667,3.141564,-0.000019,0.000020
3.980512,-2.240027,-0.424959,-11.094999,-0.027001,-0.200125,0.025375,0.411536,-0.606835,0.093668,3.141558,-0.000026,0.000052
3.984512,-2.240032,-0.424949,-11.094999,-0.027001,-0.200125,0.025375,0.411564,-0.606749,0.093668,3.141552,-0.000032,0.000057
3.988512,-2.240036,-0.424939,-11.094998,-0.027001,-0.200125,0.025375,0.411593,-0.606665,0.093668,3.141545,-0.000039,0.000062
3.992486,-2.240040,-0.424929,-11.094998,-0.027001,-0.200125,0.025375,0.411620,-0.606579,0.093669,3.141539,-0.000046,0.000067
3.996512,-2.240043,-0.424924,-11.094998,-0.027001,-0.200125,0.025375,0.411648,-0.606493,0.093666,3.141536,-0.000049,0.000065
4.000511,-2.240041,-0.424928,-11.094998,-0.027001,-0.200125,0.025375,0.411674,-0.606405,0.093664,3.141538,-0.000046,0.000070
4.004515,-2.240037,-0.424936,-11.094998,-0.027001,-0.200125,0.025375,0.411699,-0.606318,0.093659,3.141544,-0.000041,0.000075
4.008512,-2.240038,-0.424934,-11.094998,-0.027001,-0.200125,0.025375,0.411724,-0.606233,0.093659,3.141542,-0.000042,0.000069
4.012513,-2.240037,-0.424937,-11.094998,-0.027001,-0.200125,0.025375,0.411750,-0.606146,0.093657,3.141545,-0.000040,0.000067
4.016512,-2.190032,-0.414947,-10.914999,-0.025001,-0.197125,0.025375,0.411776,-0.606059,0.093654,3.141551,-0.000033,0.000065
4.020516,-2.070030,-0.464952,-10.414999,-0.019001,-0.189125,0.024375,0.411803,-0.605972,0.093653,3.141554,-0.000030,0.000063
4.024512,-2.070026,-0.464962,-10.414999,-0.019000,-0.189125,0.024375,0.411829,-0.605885,0.093649,3.141560,-0.000024,0.000061
4.028512,-2.070026,-0.464961,-10.414999,-0.019000,-0.189125,0.024375,0.411857,-0.605800,0.093651,3.141560,-0.000024,0.000053
4.032512,-2.070023,-0.464969,-10.414999,-0.019000,-0.189125,0.024375,0.411884,-0.605713,0.093653,3.141565,-0.000019,0.000058
4.036511,-2.070017,-0.464982,-10.415000,-0.019000,-0.189125,0.024375,0.411908,-0.605629,0.093653,3.141573,-0.000010,0.000058
4.040511,-2.070014,-0.464989,-10.415000,-0.019000,-0.189125,0.024375,0.411933,-0.605545,0.093654,3.141578,-0.000006,0.000045
4.044512,-2.070011,-0.464995,-10.415000,-0.019000,-0.189125,0.024375,0.411957,-0.605461,0.093655,3.141582,-0.000002,0.000039
4.048512,-2.070008,-0.465001,-10.415000,-0.019000,-0.189125,0.024375,0.411979,-0.605379,0.093656,3.141586,0.000003,0.000035
4.052512,-2.070005,-0.465008,-10.415000,-0.019000,-0.189125,0.024375,0.412004,-0.605295,0.093657,3.141590,0.000007,0.000035
4.056511,-1.970005,-0.515009,-10.085001,-0.017000,-0.182125,0.023375,0.412029,-0.605211,0.093661,3.141591,0.000008,0.000043
4.060512,-1.970005,-0.515010,-10.085001,-0.017000,-0.182125,0.023375,0.412055,-0.605128,0.093664,3.141591,0.000008,0.000043
4.064471,-1.970008,-0.515003,-10.085000,-0.017000,-0.182125,0.023375,0.412079,-0.605048,0.093668,3.141587,0.000004,0.000039
4.068523,-1.970010,-0.514997,-10.085000,-0.017000,-0.182125,0.023375,0.412105,-0.604965,0.093672,3.141583,-0.000001,0.000053
4.072475,-1.970011,-0.514995,-10.085000,-0.017000,-0.182125,0.023375,0.412131,-0.604883,0.093672,3.141581,-0.000002,0.000053
4.076482,-1.970014,-0.514988,-10.085000,-0.017000,-0.182125,0.023375,0.412158,-0.604801,0.093676,3.141577,-0.000006,0.000061
4.080512,-1.970018,-0.514979,-10.085000,-0.017000,-0.182125,0.023375,0.412181,-0.604721,0.093677,3.141571,-0.000012,0.000056
4.084511,-1.970024,-0.514965,-10.084999,-0.017000,-0.182125,0.023375,0.412208,-0.604639,0.093682,3.141562,-0.000022,0.000057
4.088512,-1.970026,-0.514962,-10.084999,-0.017000,-0.182125,0.023375,0.412234,-0.604555,0.093681,3.141560,-0.000024,0.000057
4.092513,-1.970025,-0.514964,-10.084999,-0.017000,-0.182125,0.023375,0.412257,-0.604471,0.093678,3.141562,-0.000022,0.000065
4.096509,-1.890029,-0.314954,-9.944999,-0.026001,-0.177125,0.021375,0.412283,-0.604388,0.093677,3.141555,-0.000029,0.000065
4.100511,-1.890031,-0.314950,-9.944999,-0.026001,-0.177125,0.021375,0.412308,-0.604305,0.093676,3.141553,-0.000031,0.000065
4.104512,-1.890032,-0.314947,-9.944999,-0.026001,-0.177125,0.021375,0.412333,-0.604221,0.093675,3.141551,-0.000034,0.000066
4.108512,-1.890049,-0.314909,-9.944997,-0.026001,-0.177126,0.021375,0.412362,-0.604141,0.093679,3.141526,-0.000059,0.000046
4.112512,-1.890049,-0.314909,-9.944997,-0.026001,-0.177126,0.021375,0.412362,-0.604141,0.093679,3.141526,-0.000059,0.000046
4.116512,-1.890039,-0.314931,-9.944998,-0.026001,-0.177125,0.021375,0.412416,-0.603956,0.093675,3.141541,-0.000044,0.000063
4.120529,-1.890043,-0.314923,-9.944998,-0.026001,-0.177125,0.021375,0.412444,-0.603875,0.093677,3.141536,-0.000049,0.000063
4.124514,-1.890041,-0.314926,-9.944998,-0.026001,-0.177125,0.021375,0.412470,-0.603792,0.093675,3.141538,-0.000047,0.000057
4.128513,-1.890039,-0.314931,-9.944998,-0.026001,-0.177125,0.021375,0.412496,-0.603710,0.093673,3.141541,-0.000044,0.000051
4.132512,-1.900032,-0.254947,-9.614999,-0.030001,-0.172125,0.021375,0.412520,-0.603626,0.093668,3.141551,-0.000034,0.000051
4.136513,-1.850025,-0.274964,-9.354999,-0.030000,-0.166125,0.021375,0.412543,-0.603540,0.093663,3.141562,-0.000022,0.000052
4.140512,-1.850020,-0.274975,-9.355000,-0.030000,-0.166125,0.021375,0.412564,-0.603458,0.093661,3.141569,-0.000015,0.000048
4.144517,-1.850016,-0.274985,-9.355000,-0.030000,-0.166125,0.021375,0.412587,-0.603373,0.093657,3.141575,-0.000008,0.000041
4.148513,-1.850008,-0.275002,-9.355000,-0.030000,-0.166125,0.021375,0.412610,-0.603287,0.093653,3.141586,0.000003,0.000042
4.152517,-1.850003,-0.275015,-9.355001,-0.030000,-0.166125,0.021375,0.412633,-0.603202,0.093652,-3.141591,0.000011,0.000042
4.156513,-1.850006,-0.275008,-9.355000,-0.030000,-0.166125,0.021375,0.412659,-0.603120,0.093656,3.141590,0.000007,0.000043
4.160512,-1.850004,-0.275012,-9.355001,-0.030000,-0.166125,0.021375,0.412683,-0.603036,0.093654,3.141592,0.000010,0.000043
4.164513,-1.850006,-0.275006,-9.355000,-0.030000,-0.166125,0.021375,0.412708,-0.602952,0.093659,3.141589,0.000006,0.000043
4.168482,-1.850006,-0.275006,-9.355000,-0.030000,-0.166125,0.021375,0.412708,-0.602952,0.093659,3.141589,0.000006,0.000043
4.172512,-1.750010,-0.374999,-9.475000,-0.022000,-0.164125,0.021375,0.412759,-0.602786,0.093664,3.141584,0.000001,0.000044
4.176514,-1.750010,-0.374998,-9.475000,-0.022000,-0.164125,0.021375,0.412783,-0.602703,0.093666,3.141583,0.000000,0.000045
4.180514,-1.750010,-0.374998,-9.475000,-0.022000,-0.164125,0.021375,0.412804,-0.602620,0.093669,3.141583,0.000000,0.000041
4.184512,-1.750013,-0.374990,-9.475000,-0.022000,-0.164125,0.021375,0.412829,-0.602537,0.093671,3.141578,-0.000005,0.000041
4.188513,-1.750014,-0.374987,-9.475000,-0.022000,-0.164125,0.021375,0.412853,-0.602452,0.093671,3.141577,-0.000007,0.000035
4.192517,-1.750015,-0.374985,-9.475000,-0.022000,-0.164125,0.021375,0.412876,-0.602368,0.093671,3.141575,-0.000008,0.000035
4.196513,-1.750019,-0.374977,-9.475000,-0.022000,-0.164125,0.021375,0.412901,-0.602284,0.093673,3.141570,-0.000014,0.000036
4.200515,-1.750020,-0.374975,-9.474999,-0.022000,-0.164125,0.021375,0.412925,-0.602200,0.093674,3.141569,-0.000015,0.000029
4.204512,-1.750027,-0.374959,-9.474999,-0.022001,-0.164125,0.021375,0.412950,-0.602117,0.093676,3.141559,-0.000026,0.000030
4.208466,-1.750027,-0.374959,-9.474999,-0.022001,-0.164125,0.021375,0.412950,-0.602117,0.093676,3.141559,-0.000026,0.000030
4.212515,-1.750030,-0.374951,-9.474999,-0.022001,-0.164125,0.021375,0.412978,-0.602032,0.093679,3.141554,-0.000031,0.000035
4.216520,-1.890036,-0.304937,-9.574998,-0.025001,-0.173125,0.022375,0.413025,-0.601868,0.093677,3.141545,-0.000040,0.000025
4.220512,-1.890038,-0.304934,-9.574998,-0.025001,-0.173125,0.022375,0.413049,-0.601784,0.093677,3.141543,-0.000043,0.000025
4.224512,-1.890037,-0.304936,-9.574998,-0.025001,-0.173125,0.022375,0.413073,-0.601699,0.093673,3.141544,-0.000041,0.000025
4.228522,-1.890036,-0.304939,-9.574998,-0.025001,-0.173125,0.022375,0.413096,-0.601615,0.093670,3.141546,-0.000039,-0.000008
4.232512,-1.890027,-0.304959,-9.574999,-0.025001,-0.173125,0.022375,0.413108,-0.601519,0.093653,3.141558,-0.000026,-0.000007
4.236512,-1.890031,-0.304950,-9.574999,-0.025001,-0.173125,0.022375,0.413149,-0.601421,0.093663,3.141553,-0.000032,0.000018
4.240513,-1.890030,-0.304952,-9.574999,-0.025001,-0.173125,0.022375,0.413175,-0.601334,0.093660,3.141555,-0.000030,0.000016
4.244512,-1.890025,-0.304962,-9.574999,-0.025000,-0.173125,0.022375,0.413201,-0.601247,0.093656,3.141561,-0.000024,0.000014
4.248513,-1.890019,-0.304978,-9.574999,-0.025000,-0.173125,0.022375,0.413225,-0.601159,0.093650,3.141571,-0.000013,0.000019
4.252512,-1.890017,-0.304982,-9.575000,-0.025000,-0.173125,0.022375,0.413251,-0.601073,0.093649,3.141573,-0.000010,0.000018
4.256512,-1.750012,-0.314992,-9.155000,-0.022000,-0.165125,0.021375,0.413277,-0.600986,0.093645,3.141580,-0.000004,0.000022
4.260513,-1.750008,-0.315002,-9.155000,-0.022000,-0.165125,0.021375,0.413305,-0.600897,0.093641,3.141586,0.000003,0.000032
4.264519,-1.750009,-0.315001,-9.155000,-0.022000,-0.165125,0.021375,0.413332,-0.600811,0.093643,3.141585,0.000002,0.000037
4.268483,-1.750009,-0.315001,-9.155000,-0.022000,-0.165125,0.021375,0.413332,-0.600811,0.093643,3.141585,0.000002,0.000037
4.272513,-1.749999,-0.315023,-9.155001,-0.022000,-0.165125,0.021375,0.413382,-0.600637,0.093638,-3.141586,0.000017,0.000033
4.276485,-1.749997,-0.315026,-9.155001,-0.022000,-0.165125,0.021375,0.413406,-0.600549,0.093636,-3.141584,0.000019,0.000038
4.280513,-1.749997,-0.315026,-9.155001,-0.022000,-0.165125,0.021375,0.413432,-0.600462,0.093639,-3.141583,0.000019,0.000037
4.284512,-1.749995,-0.315031,-9.155001,-0.022000,-0.165125,0.021375,0.413457,-0.600376,0.093638,-3.141580,0.000023,0.000041
4.288512,-1.749996,-0.315030,-9.155001,-0.022000,-0.165125,0.021375,0.413482,-0.600288,0.093639,-3.141581,0.000022,0.000033
4.292475,-1.779996,-0.335029,-9.355001,-0.023000,-0.167125,0.022375,0.413509,-0.600202,0.093641,-3.141582,0.000021,0.000031
4.296512,-1.779999,-0.335022,-9.355001,-0.023000,-0.167125,0.022375,0.413535,-0.600116,0.093644,-3.141586,0.000016,0.000029
4.300518,-1.780000,-0.335020,-9.355001,-0.023000,-0.167125,0.022375,0.413561,-0.600030,0.093644,-3.141588,0.000015,0.000028
4.304512,-1.780009,-0.334999,-9.355000,-0.023000,-0.167125,0.022375,0.413589,-0.599945,0.093651,3.141585,0.000001,0.000026
4.308513,-1.780011,-0.334996,-9.355000,-0.023000,-0.167125,0.022375,0.413613,-0.599858,0.093649,3.141582,-0.000001,0.000017
4.312528,-1.780014,-0.334987,-9.355000,-0.023000,-0.167125,0.022375,0.413640,-0.599773,0.093651,3.141577,-0.000007,0.000016
4.316515,-1.780018,-0.334979,-9.355000,-0.023000,-0.167125,0.022375,0.413666,-0.599686,0.093653,3.141571,-0.000012,0.000007
4.320517,-1.780022,-0.334971,-9.354999,-0.023000,-0.167125,0.022375,0.413693,-0.599600,0.093656,3.141566,-0.000018,0.000005
4.324518,-1.780025,-0.334963,-9.354999,-0.023000,-0.167125,0.022375,0.413720,-0.599515,0.093658,3.141561,-0.000023,0.000003
4.328481,-1.780026,-0.334960,-9.354999,-0.023001,-0.167125,0.022375,0.413745,-0.599429,0.093658,3.141560,-0.000025,0.000002
4.332513,-1.780026,-0.334960,-9.354999,-0.023001,-0.167125,0.022375,0.413745,-0.599429,0.093658,3.141560,-0.000025,0.000002
4.336511,-1.790025,-0.314962,-9.524999,-0.028000,-0.167125,0.024375,0.413800,-0.599255,0.093657,3.141561,-0.000024,0.000003
4.340534,-1.790029,-0.314954,-9.524999,-0.028001,-0.167125,0.024375,0.413827,-0.599169,0.093659,3.141556,-0.000029,0.000008
4.344515,-1.790025,-0.314964,-9.524999,-0.028000,-0.167125,0.024375,0.413855,-0.599080,0.093655,3.141562,-0.000023,0.000010
4.348485,-1.790025,-0.314963,-9.524999,-0.028000,-0.167125,0.024375,0.413881,-0.598995,0.093657,3.141561,-0.000023,0.000015
4.352475,-1.790023,-0.314968,-9.524999,-0.028000,-0.167125,0.024375,0.413908,-0.598910,0.093657,3.141565,-0.000020,0.000013
4.356511,-1.790023,-0.314968,-9.524999,-0.028000,-0.167125,0.024375,0.413908,-0.598910,0.093657,3.141565,-0.000020,0.000013
4.360513,-1.790021,-0.314972,-9.525000,-0.028000,-0.167125,0.024375,0.413943,-0.598801,0.093656,3.141567,-0.000017,0.000023
4.364513,-1.790019,-0.314976,-9.525000,-0.028000,-0.167125,0.024375,0.413963,-0.598736,0.093653,3.141570,-0.000014,0.000001
4.368512,-1.790020,-0.314974,-9.525000,-0.028000,-0.167125,0.024375,0.413999,-0.598629,0.093655,3.141569,-0.000015,0.000044
4.372513,-1.790021,-0.314971,-9.525000,-0.028000,-0.167125,0.024375,0.414026,-0.598543,0.093654,3.141567,-0.000018,0.000049
4.376512,-1.710020,-0.274974,-8.674999,-0.025000,-0.154125,0.021375,0.414056,-0.598457,0.093651,3.141569,-0.000016,0.000052
4.380480,-1.710018,-0.274978,-8.674999,-0.025000,-0.154125,0.021375,0.414082,-0.598371,0.093649,3.141571,-0.000013,0.000057
4.384516,-1.710020,-0.274975,-8.674999,-0.025000,-0.154125,0.021375,0.414108,-0.598285,0.093649,3.141569,-0.000015,0.000062
4.388513,-1.710021,-0.274973,-8.674999,-0.025000,-0.154125,0.021375,0.414136,-0.598201,0.093649,3.141568,-0.000016,0.000060
4.392512,-1.710019,-0.274976,-8.674999,-0.025000,-0.154125,0.021375,0.414161,-0.598114,0.093646,3.141569,-0.000015,0.000058
4.396512,-1.710018,-0.274980,-8.674999,-0.025000,-0.154125,0.021375,0.414190,-0.598026,0.093644,3.141572,-0.000012,0.000054
4.400512,-1.710016,-0.274985,-8.675000,-0.025000,-0.154125,0.021375,0.414215,-0.597939,0.093644,3.141575,-0.000009,0.000052
4.404512,-1.710011,-0.274994,-8.675000,-0.025000,-0.154125,0.021375,0.414239,-0.597852,0.093640,3.141581,-0.000002,0.000044
4.408478,-1.710015,-0.274986,-8.675000,-0.025000,-0.154125,0.021375,0.414269,-0.597765,0.093642,3.141576,-0.000008,0.000040
4.412513,-1.710013,-0.274990,-8.675000,-0.025000,-0.154125,0.021375,0.414295,-0.597679,0.093641,3.141579,-0.000005,0.000031
4.416512,-1.710013,-0.274989,-8.675000,-0.025000,-0.154125,0.021375,0.414321,-0.597593,0.093642,3.141578,-0.000005,0.000030
4.420513,-1.710013,-0.274989,-8.675000,-0.025000,-0.154125,0.021375,0.414321,-0.597593,0.093642,3.141578,-0.000005,0.000030
4.424512,-1.530020,-0.384975,-7.944999,-0.017000,-0.140125,0.020375,0.414378,-0.597422,0.093648,3.141569,-0.000015,0.000017
4.428512,-1.530026,-0.384961,-7.944999,-0.017001,-0.140125,0.020375,0.414408,-0.597336,0.093653,3.141560,-0.000025,0.000020
4.432465,-1.530022,-0.384970,-7.944999,-0.017000,-0.140125,0.020375,0.414433,-0.597249,0.093649,3.141566,-0.000018,0.000011
4.436510,-1.530023,-0.384968,-7.944999,-0.017000,-0.140125,0.020375,0.414461,-0.597161,0.093649,3.141565,-0.000020,0.000014
4.440513,-1.530023,-0.384967,-7.944999,-0.017000,-0.140125,0.020375,0.414487,-0.597075,0.093651,3.141564,-0.000020,0.000012
4.444512,-1.530022,-0.384970,-7.944999,-0.017000,-0.140125,0.020375,0.414511,-0.596988,0.093648,3.141566,-0.000019,0.000010
4.448512,-1.530020,-0.384975,-7.944999,-0.017000,-0.140125,0.020375,0.414539,-0.596899,0.093647,3.141569,-0.000015,0.000013
4.452513,-1.530019,-0.384977,-7.945000,-0.017000,-0.140125,0.020375,0.414564,-0.596812,0.093644,3.141571,-0.000014,0.000018
4.456513,-1.530017,-0.384981,-7.945000,-0.017000,-0.140125,0.020375,0.414589,-0.596726,0.093643,3.141573,-0.000011,0.000023
4.460513,-1.370020,-0.284975,-7.464999,-0.015000,-0.132125,0.018375,0.414617,-0.596642,0.093646,3.141569,-0.000015,0.000028
4.464513,-1.370021,-0.284971,-7.464999,-0.015000,-0.132125,0.018375,0.414643,-0.596557,0.093646,3.141567,-0.000018,0.000013
4.468512,-1.370035,-0.284940,-7.464999,-0.015001,-0.132125,0.018375,0.414675,-0.596472,0.093649,3.141547,-0.000038,0.000029
4.472512,-1.370021,-0.284971,-7.464999,-0.015000,-0.132125,0.018375,0.414707,-0.596361,0.093643,3.141567,-0.000018,0.000065
4.476486,-1.370023,-0.284968,-7.464999,-0.015000,-0.132125,0.018375,0.414733,-0.596276,0.093642,3.141565,-0.000020,0.000070
4.480519,-1.370021,-0.284972,-7.464999,-0.015000,-0.132125,0.018375,0.414759,-0.596190,0.093640,3.141567,-0.000017,0.000075
4.484513,-1.370020,-0.284974,-7.464999,-0.015000,-0.132125,0.018375,0.414783,-0.596103,0.093637,3.141569,-0.000016,0.000087
4.488512,-1.370019,-0.284977,-7.465000,-0.015000,-0.132125,0.018375,0.414811,-0.596014,0.093634,3.141570,-0.000014,0.000097
4.492514,-1.370016,-0.284984,-7.465000,-0.015000,-0.132125,0.018375,0.414835,-0.595927,0.093628,3.141575,-0.000009,0.000095
4.496525,-1.180014,-0.254988,-6.505000,-0.013000,-0.115125,0.015375,0.414861,-0.595841,0.093626,3.141578,-0.000006,0.000093
4.500519,-1.180015,-0.254985,-6.505000,-0.013000,-0.115125,0.015375,0.414889,-0.595754,0.093625,3.141576,-0.000008,0.000096
4.504512,-1.180011,-0.254994,-6.505000,-0.013000,-0.115125,0.015375,0.414915,-0.595668,0.093620,3.141581,-0.000002,0.000087
4.508512,-1.180015,-0.254985,-6.505000,-0.013000,-0.115125,0.015375,0.414942,-0.595584,0.093622,3.141575,-0.000009,0.000079
4.512514,-1.180016,-0.254983,-6.505000,-0.013000,-0.115125,0.015375,0.414971,-0.595497,0.093622,3.141574,-0.000010,0.000075
4.516475,-1.180019,-0.254975,-6.504999,-0.013000,-0.115125,0.015375,0.415000,-0.595414,0.093625,3.141569,-0.000015,0.000066
4.520512,-1.180019,-0.254975,-6.504999,-0.013000,-0.115125,0.015375,0.415000,-0.595414,0.093625,3.141569,-0.000015,0.000066
4.524511,-1.180022,-0.254970,-6.504999,-0.013000,-0.115125,0.015375,0.415055,-0.595242,0.093624,3.141566,-0.000018,0.000054
4.528510,-1.180020,-0.254974,-6.504999,-0.013000,-0.115125,0.015375,0.415081,-0.595156,0.093623,3.141569,-0.000016,0.000045
4.532513,-1.180019,-0.254976,-6.504999,-0.013000,-0.115125,0.015375,0.415106,-0.595070,0.093619,3.141570,-0.000015,0.000037
4.536512,-1.050015,-0.184985,-5.985000,-0.015000,-0.104125,0.012375,0.415131,-0.594984,0.093614,3.141575,-0.000009,0.000028
4.540512,-1.050014,-0.184987,-5.985000,-0.015000,-0.104125,0.012375,0.415156,-0.594902,0.093610,3.141577,-0.000007,0.000015
4.544465,-1.050011,-0.184995,-5.985000,-0.015000,-0.104125,0.012375,0.415183,-0.594817,0.093604,3.141582,-0.000002,0.000013
4.548511,-1.050014,-0.184989,-5.985000,-0.015000,-0.104125,0.012375,0.415206,-0.594738,0.093600,3.141578,-0.000006,0.000003
4.552512,-1.050014,-0.184989,-5.985000,-0.015000,-0.104125,0.012375,0.415206,-0.594738,0.093600,3.141578,-0.000006,0.000003
4.556476,-1.050015,-0.184986,-5.985000,-0.015000,-0.104125,0.012375,0.415262,-0.594575,0.093594,3.141576,-0.000008,0.000021
4.560512,-1.050015,-0.184986,-5.985000,-0.015000,-0.104125,0.012375,0.415262,-0.594575,0.093594,3.141576,-0.000008,0.000021
4.564478,-1.050022,-0.184969,-5.984999,-0.015000,-0.104125,0.012375,0.415318,-0.594412,0.093588,3.141565,-0.000019,0.000027
4.568512,-1.050026,-0.184959,-5.984999,-0.015001,-0.104125,0.012375,0.415351,-0.594312,0.093581,3.141559,-0.000026,0.000041
4.572513,-1.050026,-0.184959,-5.984999,-0.015001,-0.104125,0.012375,0.415351,-0.594312,0.093581,3.141559,-0.000026,0.000041
4.576512,-1.050026,-0.184959,-5.984999,-0.015001,-0.104125,0.012375,0.415351,-0.594312,0.093581,3.141559,-0.000026,0.000041
4.580512,-1.050026,-0.184959,-5.984999,-0.015001,-0.104125,0.012375,0.415376,-0.594230,0.093575,3.141559,-0.000026,0.000055
4.584512,-1.210032,-0.214947,-6.094999,-0.017001,-0.109125,0.014375,0.415451,-0.593985,0.093553,3.141551,-0.000034,0.000083
4.588517,-1.210035,-0.214937,-6.094998,-0.017001,-0.109125,0.014375,0.415478,-0.593901,0.093546,3.141546,-0.000040,0.000095
4.592512,-1.210037,-0.214935,-6.094998,-0.017001,-0.109125,0.014375,0.415501,-0.593821,0.093537,3.141544,-0.000042,0.000091
4.596513,-1.210038,-0.214932,-6.094998,-0.017001,-0.109125,0.014375,0.415529,-0.593738,0.093528,3.141542,-0.000044,0.000096
4.600520,-1.210039,-0.214929,-6.094998,-0.017001,-0.109125,0.014375,0.415554,-0.593657,0.093519,3.141540,-0.000046,0.000096
4.604511,-1.210040,-0.214926,-6.094998,-0.017001,-0.109125,0.014375,0.415579,-0.593575,0.093510,3.141539,-0.000048,0.000090
4.608518,-1.210043,-0.214919,-6.094998,-0.017001,-0.109125,0.014375,0.415605,-0.593494,0.093505,3.141534,-0.000053,0.000090
4.612512,-1.210044,-0.214918,-6.094998,-0.017001,-0.109125,0.014375,0.415633,-0.593411,0.093497,3.141533,-0.000054,0.000088
4.616512,-1.320047,-0.264910,-6.904998,-0.017001,-0.121126,0.015375,0.415659,-0.593330,0.093492,3.141528,-0.000059,0.000075
4.620512,-1.320047,-0.264910,-6.904998,-0.017001,-0.121126,0.015375,0.415659,-0.593330,0.093492,3.141528,-0.000059,0.000075
4.624474,-1.320047,-0.264910,-6.904998,-0.017001,-0.121126,0.015375,0.415659,-0.593330,0.093492,3.141528,-0.000059,0.000075
4.628512,-1.320046,-0.264912,-6.904998,-0.017001,-0.121125,0.015375,0.415735,-0.593082,0.093468,3.141530,-0.000057,0.000048
4.632511,-1.320041,-0.264923,-6.904998,-0.017001,-0.121125,0.015375,0.415758,-0.592999,0.093457,3.141536,-0.000050,0.000041
4.636488,-1.320039,-0.264928,-6.904998,-0.017001,-0.121125,0.015375,0.415782,-0.592916,0.093448,3.141540,-0.000047,0.000021
4.640511,-1.320037,-0.264933,-6.904998,-0.017001,-0.121125,0.015375,0.415803,-0.592835,0.093439,3.141543,-0.000044,-0.000016
4.644511,-1.320036,-0.264935,-6.904998,-0.017001,-0.121125,0.015375,0.415836,-0.592731,0.093427,3.141544,-0.000042,0.000002
4.648509,-1.320036,-0.264935,-6.904998,-0.017001,-0.121125,0.015375,0.415861,-0.592649,0.093421,3.141544,-0.000042,-0.000004
4.652511,-1.320036,-0.264934,-6.904998,-0.017001,-0.121125,0.015375,0.415888,-0.592565,0.093415,3.141544,-0.000043,-0.000006
4.656512,-1.730037,-0.384934,-8.644998,-0.018001,-0.157125,0.020375,0.415913,-0.592483,0.093409,3.141543,-0.000043,-0.000005
4.660513,-1.730037,-0.384934,-8.644998,-0.018001,-0.157125,0.020375,0.415913,-0.592483,0.093409,3.141543,-0.000043,-0.000005
4.664512,-1.730038,-0.384931,-8.644998,-0.018001,-0.157125,0.020375,0.415963,-0.592320,0.093394,3.141541,-0.000045,-0.000004
4.668515,-1.730037,-0.384934,-8.644998,-0.018001,-0.157125,0.020375,0.415986,-0.592237,0.093383,3.141543,-0.000043,0.000003
4.672473,-1.730040,-0.384926,-8.644998,-0.018001,-0.157125,0.020375,0.416012,-0.592156,0.093377,3.141539,-0.000048,0.000010
4.676510,-1.730042,-0.384922,-8.644998,-0.018001,-0.157125,0.020375,0.416035,-0.592074,0.093367,3.141536,-0.000051,0.000017
4.680512,-1.730042,-0.384920,-8.644998,-0.018001,-0.157125,0.020375,0.416059,-0.591991,0.093359,3.141535,-0.000052,0.000024
4.684516,-1.730049,-0.384905,-8.644998,-0.018001,-0.157126,0.020375,0.416085,-0.591910,0.093354,3.141526,-0.000062,0.000038
4.688512,-1.730049,-0.384904,-8.644998,-0.018001,-0.157126,0.020375,0.416108,-0.591827,0.093346,3.141524,-0.000063,0.000045
4.692512,-1.730052,-0.384898,-8.644997,-0.018001,-0.157126,0.020375,0.416133,-0.591746,0.093343,3.141521,-0.000067,0.000046
4.696511,-1.730052,-0.384898,-8.644997,-0.018001,-0.157126,0.020375,0.416133,-0.591746,0.093343,3.141521,-0.000067,0.000046
4.700519,-2.080054,-0.434893,-10.944997,-0.026001,-0.194126,0.026375,0.416158,-0.591664,0.093340,3.141518,-0.000070,0.000053
4.704515,-2.080055,-0.434890,-10.944997,-0.026001,-0.194126,0.026375,0.416207,-0.591501,0.093334,3.141516,-0.000073,0.000054
4.708512,-2.080055,-0.434890,-10.944997,-0.026001,-0.194126,0.026375,0.416207,-0.591501,0.093334,3.141516,-0.000073,0.000054
4.712520,-2.080060,-0.434879,-10.944997,-0.026002,-0.194126,0.026375,0.416233,-0.591420,0.093333,3.141509,-0.000080,0.000054
4.716513,-2.080055,-0.434890,-10.944997,-0.026001,-0.194126,0.026375,0.416284,-0.591254,0.093325,3.141516,-0.000072,0.000060
4.720514,-2.080055,-0.434890,-10.944997,-0.026001,-0.194126,0.026375,0.416284,-0.591254,0.093325,3.141516,-0.000072,0.000060
4.724512,-2.080071,-0.434851,-10.944996,-0.026002,-0.194126,0.026375,0.416311,-0.591174,0.093327,3.141491,-0.000099,0.000033
4.728512,-2.080071,-0.434851,-10.944996,-0.026002,-0.194126,0.026375,0.416311,-0.591174,0.093327,3.141491,-0.000099,0.000033
4.732513,-2.080059,-0.434881,-10.944997,-0.026001,-0.194126,0.026375,0.416339,-0.591070,0.093321,3.141511,-0.000078,0.000047
4.736485,-2.080047,-0.434908,-10.944997,-0.026001,-0.194126,0.026375,0.416388,-0.590902,0.093312,3.141528,-0.000060,0.000032
4.740511,-2.370043,-0.504919,-13.294998,-0.031001,-0.231125,0.031375,0.416413,-0.590816,0.093309,3.141534,-0.000053,0.000024
4.744512,-2.410036,-0.514935,-13.524998,-0.032001,-0.235125,0.031375,0.416437,-0.590730,0.093304,3.141544,-0.000042,0.000015
4.748513,-2.410034,-0.514939,-13.524998,-0.032001,-0.235125,0.031375,0.416464,-0.590642,0.093302,3.141547,-0.000040,0.000011
4.752513,-2.410030,-0.514950,-13.524998,-0.032001,-0.235125,0.031375,0.416487,-0.590555,0.093300,3.141554,-0.000032,0.000003
4.756513,-2.410024,-0.514963,-13.524999,-0.032000,-0.235125,0.031375,0.416515,-0.590468,0.093299,3.141562,-0.000023,-0.000001
4.760513,-2.410024,-0.514965,-13.524999,-0.032000,-0.235125,0.031375,0.416540,-0.590382,0.093295,3.141563,-0.000022,-0.000010
4.764517,-2.410021,-0.514970,-13.524999,-0.032000,-0.235125,0.031375,0.416567,-0.590294,0.093295,3.141566,-0.000018,-0.000007
4.768489,-2.410019,-0.514976,-13.524999,-0.032000,-0.235125,0.031375,0.416593,-0.590209,0.093295,3.141570,-0.000015,-0.000009
4.772511,-2.410020,-0.514974,-13.524999,-0.032000,-0.235125,0.031375,0.416618,-0.590124,0.093296,3.141569,-0.000016,-0.000044
4.776512,-2.600024,-0.504965,-14.684999,-0.041000,-0.251125,0.034375,0.416647,-0.590038,0.093297,3.141563,-0.000022,-0.000008
4.780512,-2.600025,-0.504960,-14.684999,-0.041001,-0.251125,0.034375,0.416673,-0.589953,0.093295,3.141560,-0.000025,-0.000003
4.784512,-2.600029,-0.504951,-14.684998,-0.041001,-0.251125,0.034375,0.416702,-0.589867,0.093296,3.141554,-0.000031,-0.000000
4.788519,-2.600033,-0.504942,-14.684998,-0.041001,-0.251125,0.034375,0.416728,-0.589783,0.093297,3.141549,-0.000037,0.000005
4.792512,-2.600037,-0.504932,-14.684998,-0.041001,-0.251125,0.034375,0.416756,-0.589696,0.093297,3.141542,-0.000045,0.000021
4.796514,-2.600042,-0.504920,-14.684998,-0.041001,-0.251125,0.034375,0.416782,-0.589611,0.093296,3.141535,-0.000052,0.000026
4.800519,-2.600047,-0.504909,-14.684997,-0.041001,-0.251125,0.034375,0.416807,-0.589526,0.093295,3.141528,-0.000060,0.000038
4.804513,-2.600046,-0.504911,-14.684997,-0.041001,-0.251125,0.034375,0.416834,-0.589438,0.093291,3.141529,-0.000059,0.000047
4.808478,-2.600046,-0.504910,-14.684997,-0.041001,-0.251125,0.034375,0.416859,-0.589352,0.093293,3.141529,-0.000059,0.000025
4.812514,-2.740048,-0.444906,-15.524997,-0.050001,-0.262126,0.035375,0.416873,-0.589258,0.093292,3.141526,-0.000062,0.000030
4.816513,-2.740047,-0.444909,-15.524997,-0.050001,-0.262125,0.035375,0.416917,-0.589160,0.093289,3.141528,-0.000060,0.000067
4.820512,-2.740047,-0.444907,-15.524997,-0.050001,-0.262125,0.035375,0.416943,-0.589075,0.093290,3.141527,-0.000061,0.000065
4.824513,-2.740048,-0.444905,-15.524997,-0.050001,-0.262126,0.035375,0.416971,-0.588988,0.093290,3.141526,-0.000062,0.000068
4.828512,-2.740049,-0.444903,-15.524997,-0.050001,-0.262126,0.035375,0.416996,-0.588903,0.093291,3.141525,-0.000064,0.000066
4.832512,-2.740047,-0.444909,-15.524997,-0.050001,-0.262125,0.035375,0.417021,-0.588818,0.093291,3.141528,-0.000060,0.000064
4.836515,-2.740044,-0.444914,-15.524997,-0.050001,-0.262125,0.035375,0.417046,-0.588732,0.093291,3.141531,-0.000056,0.000062
4.840513,-2.740039,-0.444927,-15.524998,-0.050001,-0.262125,0.035375,0.417070,-0.588647,0.093290,3.141539,-0.000048,0.000054
4.844512,-2.740038,-0.444929,-15.524998,-0.050001,-0.262125,0.035375,0.417097,-0.588562,0.093295,3.141541,-0.000046,0.000045
4.848514,-2.740030,-0.444949,-15.524998,-0.050001,-0.262125,0.035375,0.417120,-0.588476,0.093293,3.141553,-0.000033,0.000037
4.852517,-2.740024,-0.444964,-15.524999,-0.050000,-0.262125,0.035375,0.417142,-0.588392,0.093295,3.141563,-0.000022,0.000030
4.856512,-2.910023,-0.464966,-15.924999,-0.054000,-0.272125,0.036375,0.417168,-0.588308,0.093300,3.141564,-0.000021,0.000022
4.860515,-2.910019,-0.464976,-15.925000,-0.054000,-0.272125,0.036375,0.417193,-0.588223,0.093303,3.141570,-0.000015,0.000013
4.864528,-2.910018,-0.464979,-15.925000,-0.054000,-0.272125,0.036375,0.417220,-0.588140,0.093309,3.141572,-0.000012,0.000012
4.868512,-2.910018,-0.464978,-15.925000,-0.054000,-0.272125,0.036375,0.417245,-0.588058,0.093319,3.141571,-0.000013,0.000012
4.872511,-2.910014,-0.464987,-15.925000,-0.054000,-0.272125,0.036375,0.417270,-0.587974,0.093323,3.141577,-0.000007,0.000017
4.876518,-2.910015,-0.464986,-15.925000,-0.054000,-0.272125,0.036375,0.417297,-0.587891,0.093332,3.141576,-0.000008,0.000015
4.880512,-2.910011,-0.464995,-15.925000,-0.054000,-0.272125,0.036375,0.417322,-0.587806,0.093336,3.141582,-0.000002,0.000020
4.884512,-2.910007,-0.465005,-15.925001,-0.054000,-0.272125,0.036375,0.417347,-0.587720,0.093341,3.141588,0.000005,0.000025
4.888512,-2.910008,-0.465002,-15.925000,-0.054000,-0.272125,0.036375,0.417370,-0.587638,0.093348,3.141586,0.000003,0.000005
4.892512,-2.879994,-0.455036,-16.235001,-0.054000,-0.274125,0.036375,0.417383,-0.587542,0.093337,-3.141578,0.000026,0.000010
4.896515,-2.860005,-0.455010,-16.205000,-0.053000,-0.274125,0.036375,0.417420,-0.587468,0.093361,3.141591,0.000008,0.000015
4.900518,-2.860006,-0.455007,-16.205000,-0.053000,-0.274125,0.036375,0.417435,-0.587374,0.093369,3.141589,0.000006,0.000020
4.904511,-2.860005,-0.455009,-16.205000,-0.053000,-0.274125,0.036375,0.417477,-0.587278,0.093374,3.141591,0.000008,0.000052
4.908478,-2.860005,-0.455009,-16.205000,-0.053000,-0.274125,0.036375,0.417477,-0.587278,0.093374,3.141591,0.000008,0.000052
4.912512,-2.860008,-0.455003,-16.205000,-0.053000,-0.274125,0.036375,0.417529,-0.587110,0.093389,3.141587,0.000004,0.000069
4.916512,-2.860009,-0.454999,-16.205000,-0.053000,-0.274125,0.036375,0.417556,-0.587027,0.093396,3.141585,0.000001,0.000074
4.920512,-2.860013,-0.454991,-16.205000,-0.053000,-0.274125,0.036375,0.417581,-0.586946,0.093406,3.141579,-0.000005,0.000068
4.924512,-2.860014,-0.454987,-16.205000,-0.053000,-0.274125,0.036375,0.417608,-0.586863,0.093412,3.141577,-0.000007,0.000073
4.928524,-2.860018,-0.454978,-16.205000,-0.053000,-0.274125,0.036375,0.417635,-0.586780,0.093422,3.141571,-0.000013,0.000077
4.932514,-2.860020,-0.454974,-16.204999,-0.053000,-0.274125,0.036375,0.417662,-0.586697,0.093429,3.141569,-0.000016,0.000076
4.936512,-2.740019,-0.464976,-15.104999,-0.045000,-0.261125,0.034375,0.417688,-0.586613,0.093433,3.141570,-0.000014,0.000074
4.940512,-2.740018,-0.464978,-15.104999,-0.045000,-0.261125,0.034375,0.417716,-0.586527,0.093438,3.141571,-0.000013,0.000077
4.944511,-2.740017,-0.464980,-15.104999,-0.045000,-0.261125,0.034375,0.417741,-0.586443,0.093443,3.141573,-0.000012,0.000075
4.948512,-2.740013,-0.464991,-15.105000,-0.045000,-0.261125,0.034375,0.417765,-0.586357,0.093447,3.141579,-0.000005,0.000066
4.952511,-2.740012,-0.464993,-15.105000,-0.045000,-0.261125,0.034375,0.417794,-0.586270,0.093452,3.141580,-0.000003,0.000062
4.956512,-2.740009,-0.464998,-15.105000,-0.045000,-0.261125,0.034375,0.417822,-0.586185,0.093461,3.141584,0.000001,0.000058
4.960511,-2.740013,-0.464990,-15.104999,-0.045000,-0.261125,0.034375,0.417850,-0.586102,0.093470,3.141579,-0.000005,0.000050
4.964512,-2.740012,-0.464991,-15.105000,-0.045000,-0.261125,0.034375,0.417886,-0.585997,0.093483,3.141580,-0.000004,0.000046
4.968512,-2.740011,-0.464996,-15.105000,-0.045000,-0.261125,0.034375,0.417906,-0.585934,0.093489,3.141582,-0.000001,0.000044
4.972513,-2.290010,-0.504997,-13.095000,-0.034000,-0.225125,0.030375,0.417942,-0.585829,0.093502,3.141583,-0.000000,0.000047
4.976513,-2.290010,-0.504997,-13.095000,-0.034000,-0.225125,0.030375,0.417942,-0.585829,0.093502,3.141583,-0.000000,0.000047
4.980514,-2.290005,-0.505010,-13.095001,-0.034000,-0.225125,0.030375,0.417991,-0.585680,0.093520,3.141591,0.000008,0.000054
4.984513,-2.290004,-0.505011,-13.095001,-0.034000,-0.225125,0.030375,0.418017,-0.585597,0.093531,3.141592,0.000009,0.000046
4.988517,-2.290004,-0.505011,-13.095001,-0.034000,-0.225125,0.030375,0.418017,-0.585597,0.093531,3.141592,0.000009,0.000046
4.992513,-2.289993,-0.505038,-13.095002,-0.034000,-0.225125,0.030375,0.418070,-0.585425,0.093548,-3.141576,0.000028,0.000027
4.996542,-2.289976,-0.505081,-13.095003,-0.033999,-0.225125,0.030375,0.418085,-0.585328,0.093537,-3.141550,0.000057,0.000029
5.000512,-2.289982,-0.505066,-13.095002,-0.033999,-0.225125,0.030375,0.418127,-0.585233,0.093565,-3.141559,0.000046,0.000061
5.004512,-2.289979,-0.505073,-13.095002,-0.033999,-0.225125,0.030375,0.418154,-0.585146,0.093575,-3.141555,0.000051,0.000064
5.008517,-2.289979,-0.505073,-13.095002,-0.033999,-0.225125,0.030375,0.418154,-0.585146,0.093575,-3.141555,0.000051,0.000064
5.012526,-2.289979,-0.505073,-13.095002,-0.033999,-0.225125,0.030375,0.418154,-0.585146,0.093575,-3.141555,0.000051,0.000064
5.016513,-2.039972,-0.425089,-11.255003,-0.029999,-0.194125,0.026375,0.418234,-0.584892,0.093599,-3.141545,0.000062,0.000063
5.020512,-1.979975,-0.395082,-10.765002,-0.030999,-0.186125,0.025375,0.418264,-0.584808,0.093610,-3.141550,0.000057,0.000059
5.024516,-1.979973,-0.395089,-10.765003,-0.030999,-0.186125,0.025375,0.418289,-0.584724,0.093612,-3.141545,0.000062,0.000064
5.028513,-1.979974,-0.395085,-10.765002,-0.030999,-0.186125,0.025375,0.418319,-0.584639,0.093618,-3.141548,0.000059,0.000067
5.032511,-1.979974,-0.395085,-10.765002,-0.030999,-0.186125,0.025375,0.418319,-0.584639,0.093618,-3.141548,0.000059,0.000067
5.036512,-1.979976,-0.395081,-10.765002,-0.030999,-0.186125,0.025375,0.418345,-0.584556,0.093625,-3.141550,0.000056,0.000065
5.040514,-1.979975,-0.395082,-10.765002,-0.030999,-0.186125,0.025375,0.418372,-0.584472,0.093628,-3.141550,0.000057,0.000070
5.044514,-1.979975,-0.395083,-10.765002,-0.030999,-0.186125,0.025375,0.418420,-0.584307,0.093633,-3.141545,0.000063,0.000062
5.048513,-1.979972,-0.395091,-10.765003,-0.030999,-0.186125,0.025375,0.418446,-0.584223,0.093636,-3.141544,0.000063,0.000067
5.052516,-1.979972,-0.395091,-10.765003,-0.030999,-0.186125,0.025375,0.418446,-0.584223,0.093636,-3.141544,0.000063,0.000067
5.056516,-1.409976,-0.265082,-7.915002,-0.023999,-0.134125,0.016375,0.418496,-0.584058,0.093640,-3.141550,0.000057,0.000059
5.060513,-1.409976,-0.265082,-7.915002,-0.023999,-0.134125,0.016375,0.418496,-0.584058,0.093640,-3.141550,0.000057,0.000059
5.064512,-1.409976,-0.265080,-7.915002,-0.023999,-0.134125,0.016375,0.418520,-0.583977,0.093641,-3.141550,0.000056,0.000053
5.068513,-1.409993,-0.265040,-7.915001,-0.024000,-0.134125,0.016375,0.418549,-0.583897,0.093642,-3.141575,0.000029,0.000024
5.072512,-1.409985,-0.265059,-7.915002,-0.023999,-0.134125,0.016375,0.418579,-0.583795,0.093640,-3.141564,0.000041,0.000038
5.076510,-1.409985,-0.265059,-7.915002,-0.023999,-0.134125,0.016375,0.418579,-0.583795,0.093640,-3.141564,0.000041,0.000038
5.080512,-1.409990,-0.265045,-7.915001,-0.023999,-0.134125,0.016375,0.418631,-0.583632,0.093639,-3.141572,0.000032,0.000037
5.084512,-1.409994,-0.265037,-7.915001,-0.024000,-0.134125,0.016375,0.418658,-0.583550,0.093640,-3.141578,0.000026,0.000042
5.088512,-1.409995,-0.265035,-7.915001,-0.024000,-0.134125,0.016375,0.418684,-0.583467,0.093641,-3.141578,0.000026,0.000047
5.092511,-1.409993,-0.265040,-7.915001,-0.024000,-0.134125,0.016375,0.418706,-0.583384,0.093640,-3.141576,0.000029,0.000040
5.096517,-1.079988,-0.225052,-5.895002,-0.014999,-0.102125,0.010375,0.418731,-0.583299,0.093638,-3.141568,0.000037,0.000045
5.100519,-1.079991,-0.225045,-5.895001,-0.014999,-0.102125,0.010375,0.418755,-0.583218,0.093642,-3.141572,0.000032,0.000039
5.104513,-1.079990,-0.225046,-5.895001,-0.014999,-0.102125,0.010375,0.418781,-0.583135,0.093646,-3.141572,0.000033,0.000044
5.108518,-1.079990,-0.225047,-5.895002,-0.014999,-0.102125,0.010375,0.418807,-0.583052,0.093649,-3.141571,0.000034,0.000049
5.112512,-1.079989,-0.225048,-5.895002,-0.014999,-0.102125,0.010375,0.418830,-0.582970,0.093653,-3.141570,0.000035,0.000036
5.116485,-1.079988,-0.225052,-5.895002,-0.014999,-0.102125,0.010375,0.418856,-0.582887,0.093659,-3.141568,0.000037,0.000041
5.120515,-1.079985,-0.225058,-5.895002,-0.014999,-0.102125,0.010375,0.418882,-0.582803,0.093659,-3.141564,0.000041,0.000039
5.124524,-1.079984,-0.225061,-5.895002,-0.014999,-0.102125,0.010375,0.418905,-0.582722,0.093665,-3.141562,0.000043,0.000033
5.128509,-1.079984,-0.225062,-5.895002,-0.014999,-0.102125,0.010375,0.418931,-0.582638,0.093668,-3.141562,0.000044,0.000031
5.132512,-1.079983,-0.225063,-5.895002,-0.014999,-0.102125,0.010375,0.418957,-0.582555,0.093672,-3.141561,0.000045,0.000036
5.136512,-1.079983,-0.225063,-5.895002,-0.014999,-0.102125,0.010375,0.418957,-0.582555,0.093672,-3.141561,0.000045,0.000036
5.140513,-1.079980,-0.225071,-5.895002,-0.014999,-0.102125,0.010375,0.419007,-0.582387,0.093676,-3.141556,0.000050,0.000026
5.144512,-0.909980,-0.165071,-4.945002,-0.011999,-0.087125,0.006375,0.419035,-0.582301,0.093678,-3.141556,0.000050,0.000028
5.148512,-0.909985,-0.165058,-4.945002,-0.011999,-0.087125,0.006375,0.419060,-0.582217,0.093684,-3.141564,0.000041,0.000020
5.152512,-0.909986,-0.165057,-4.945002,-0.011999,-0.087125,0.006375,0.419087,-0.582130,0.093685,-3.141565,0.000040,0.000022
5.156511,-0.909989,-0.165049,-4.945001,-0.011999,-0.087125,0.006375,0.419115,-0.582045,0.093687,-3.141570,0.000035,0.000018
5.160511,-0.910000,-0.165023,-4.945001,-0.012000,-0.087125,0.006375,0.419143,-0.581959,0.093687,-3.141586,0.000017,-0.000012
5.164512,-0.909992,-0.165042,-4.945001,-0.012000,-0.087125,0.006375,0.419167,-0.581874,0.093685,-3.141574,0.000030,-0.000014
5.168511,-0.909994,-0.165037,-4.945001,-0.012000,-0.087125,0.006375,0.419199,-0.581767,0.093683,-3.141578,0.000026,0.000016
5.172512,-0.909993,-0.165039,-4.945001,-0.012000,-0.087125,0.006375,0.419227,-0.581681,0.093679,-3.141576,0.000028,0.000018
5.176512,-0.749997,-0.125029,-4.155001,-0.010000,-0.073125,0.005375,0.419252,-0.581597,0.093679,-3.141583,0.000021,0.000023
5.180512,-0.750000,-0.125022,-4.155001,-0.010000,-0.073125,0.005375,0.419281,-0.581513,0.093675,-3.141587,0.000017,0.000026
5.184512,-0.750002,-0.125017,-4.155001,-0.010000,-0.073125,0.005375,0.419307,-0.581429,0.093672,-3.141590,0.000013,0.000024
5.188512,-0.750007,-0.125005,-4.155000,-0.010000,-0.073125,0.005375,0.419335,-0.581344,0.093669,3.141588,0.000005,0.000034
5.192512,-0.750007,-0.125004,-4.155000,-0.010000,-0.073125,0.005375,0.419360,-0.581260,0.093663,3.141588,0.000004,0.000025
5.196512,-0.750007,-0.125004,-4.155000,-0.010000,-0.073125,0.005375,0.419388,-0.581174,0.093657,3.141587,0.000004,0.000035
5.200512,-0.750015,-0.124985,-4.155000,-0.010000,-0.073125,0.005375,0.419417,-0.581090,0.093657,3.141576,-0.000008,0.000037
5.204512,-0.750018,-0.124978,-4.155000,-0.010000,-0.073125,0.005375,0.419443,-0.581006,0.093651,3.141571,-0.000014,0.000036
5.208510,-0.750020,-0.124972,-4.154999,-0.010000,-0.073125,0.005375,0.419468,-0.580923,0.093648,3.141568,-0.000017,0.000034
5.212515,-0.590017,-0.154980,-3.285000,-0.006000,-0.058125,0.003375,0.419494,-0.580835,0.093642,3.141573,-0.000012,0.000030
5.216512,-0.590020,-0.154973,-3.284999,-0.006000,-0.058125,0.003375,0.419519,-0.580752,0.093637,3.141568,-0.000017,0.000028
5.220512,-0.590017,-0.154981,-3.285000,-0.006000,-0.058125,0.003375,0.419545,-0.580664,0.093631,3.141573,-0.000012,0.000024
5.224512,-0.590016,-0.154981,-3.285000,-0.006000,-0.058125,0.003375,0.419569,-0.580579,0.093626,3.141574,-0.000011,0.000015
5.228513,-0.590013,-0.154988,-3.285000,-0.006000,-0.058125,0.003375,0.419595,-0.580493,0.093619,3.141578,-0.000006,0.000011
5.232512,-0.590013,-0.154990,-3.285000,-0.006000,-0.058125,0.003375,0.419620,-0.580409,0.093616,3.141579,-0.000005,0.000003
5.236525,-0.590015,-0.154985,-3.285000,-0.006000,-0.058125,0.003375,0.419648,-0.580323,0.093613,3.141576,-0.000008,-0.000001
5.240512,-0.590014,-0.154986,-3.285000,-0.006000,-0.058125,0.003375,0.419673,-0.580240,0.093608,3.141577,-0.000008,-0.000003
5.244509,-0.590016,-0.154981,-3.285000,-0.006000,-0.058125,0.003375,0.419698,-0.580156,0.093605,3.141573,-0.000011,-0.000005
5.248512,-0.590018,-0.154976,-3.285000,-0.006000,-0.058125,0.003375,0.419726,-0.580074,0.093602,3.141570,-0.000015,0.000000
5.252515,-0.590015,-0.154983,-3.285000,-0.006000,-0.058125,0.003375,0.419750,-0.579990,0.093595,3.141575,-0.000010,-0.000002
5.256517,-0.690016,-0.114983,-3.755000,-0.009000,-0.067125,0.004375,0.419774,-0.579906,0.093589,3.141575,-0.000010,0.000003
5.260512,-0.690027,-0.114953,-3.754999,-0.009001,-0.067125,0.004375,0.419801,-0.579823,0.093586,3.141556,-0.000030,-0.000052
5.264519,-0.690027,-0.114953,-3.754999,-0.009001,-0.067125,0.004375,0.419801,-0.579823,0.093586,3.141556,-0.000030,-0.000052
5.268522,-0.690010,-0.114998,-3.755000,-0.009000,-0.067125,0.004375,0.419854,-0.579629,0.093563,3.141584,0.000000,0.000016
5.272509,-0.690013,-0.114990,-3.755000,-0.009000,-0.067125,0.004375,0.419879,-0.579545,0.093557,3.141579,-0.000005,0.000021
5.276519,-0.690011,-0.114995,-3.755000,-0.009000,-0.067125,0.004375,0.419903,-0.579461,0.093548,3.141582,-0.000002,0.000026
5.280515,-0.690017,-0.114979,-3.755000,-0.009000,-0.067125,0.004375,0.419930,-0.579379,0.093542,3.141572,-0.000013,0.000031
5.284511,-0.690022,-0.114968,-3.754999,-0.009000,-0.067125,0.004375,0.419957,-0.579297,0.093533,3.141565,-0.000021,0.000043
5.288515,-0.690026,-0.114957,-3.754999,-0.009001,-0.067125,0.004375,0.419982,-0.579213,0.093525,3.141559,-0.000027,0.000048
5.292511,-0.920030,-0.144946,-4.744999,-0.015001,-0.085125,0.006375,0.420008,-0.579131,0.093516,3.141552,-0.000035,0.000053
5.296512,-0.920035,-0.144935,-4.744998,-0.015001,-0.085125,0.006375,0.420035,-0.579049,0.093507,3.141545,-0.000043,0.000058
5.300512,-0.920037,-0.144930,-4.744998,-0.015001,-0.085125,0.006375,0.420060,-0.578965,0.093496,3.141542,-0.000046,0.000056
5.304511,-0.920040,-0.144921,-4.744998,-0.015001,-0.085125,0.006375,0.420086,-0.578883,0.093489,3.141537,-0.000052,0.000061
5.308511,-0.920037,-0.144929,-4.744998,-0.015001,-0.085125,0.006375,0.420109,-0.578797,0.093475,3.141542,-0.000047,0.000052
5.312512,-0.920036,-0.144932,-4.744998,-0.015001,-0.085125,0.006375,0.420133,-0.578713,0.093463,3.141543,-0.000045,0.000057
5.316511,-0.920030,-0.144947,-4.744999,-0.015001,-0.085125,0.006375,0.420156,-0.578628,0.093449,3.141552,-0.000035,0.000049
5.320512,-0.920029,-0.144949,-4.744999,-0.015001,-0.085125,0.006375,0.420180,-0.578544,0.093437,3.141554,-0.000033,0.000040
5.324512,-0.920028,-0.144953,-4.744999,-0.015001,-0.085125,0.006375,0.420206,-0.578460,0.093427,3.141556,-0.000031,0.000038
5.328510,-0.920024,-0.144962,-4.744999,-0.015000,-0.085125,0.006375,0.420230,-0.578376,0.093414,3.141562,-0.000024,0.000037
5.332511,-0.920022,-0.144966,-4.744999,-0.015000,-0.085125,0.006375,0.420255,-0.578293,0.093404,3.141564,-0.000022,0.000035
5.336513,-1.140024,-0.314962,-6.384999,-0.013000,-0.110125,0.012375,0.420281,-0.578210,0.093394,3.141562,-0.000024,0.000026
5.340517,-1.140027,-0.314953,-6.384999,-0.013001,-0.110125,0.012375,0.420309,-0.578126,0.093388,3.141556,-0.000030,0.000022
5.344512,-1.140028,-0.314951,-6.384999,-0.013001,-0.110125,0.012375,0.420337,-0.578040,0.093379,3.141555,-0.000032,0.000018
5.348512,-1.140030,-0.314947,-6.384999,-0.013001,-0.110125,0.012375,0.420365,-0.577955,0.093369,3.141553,-0.000035,0.000014
5.352522,-1.140033,-0.314939,-6.384998,-0.013001,-0.110125,0.012375,0.420392,-0.577870,0.093364,3.141548,-0.000040,0.000010
5.356536,-1.140032,-0.314942,-6.384998,-0.013001,-0.110125,0.012375,0.420418,-0.577783,0.093353,3.141550,-0.000038,0.000013
5.360521,-1.140032,-0.314942,-6.384998,-0.013001,-0.110125,0.012375,0.420434,-0.577687,0.093339,3.141550,-0.000038,-0.000018
5.364519,-1.140044,-0.314912,-6.384998,-0.013001,-0.110125,0.012375,0.420472,-0.577611,0.093335,3.141531,-0.000059,-0.000015
5.368518,-1.140044,-0.314912,-6.384998,-0.013001,-0.110125,0.012375,0.420472,-0.577611,0.093335,3.141531,-0.000059,-0.000015
5.372519,-1.360029,-0.364948,-7.554999,-0.015001,-0.131125,0.016375,0.420528,-0.577415,0.093312,3.141553,-0.000034,0.000024
5.376524,-1.610032,-0.384940,-8.844998,-0.021001,-0.154125,0.019375,0.420555,-0.577330,0.093306,3.141549,-0.000039,0.000034
5.380488,-1.610032,-0.384940,-8.844998,-0.021001,-0.154125,0.019375,0.420555,-0.577330,0.093306,3.141549,-0.000039,0.000034
5.384521,-1.610039,-0.384924,-8.844998,-0.021001,-0.154125,0.019375,0.420608,-0.577162,0.093294,3.141539,-0.000050,0.000048
5.388503,-1.610047,-0.384903,-8.844997,-0.021001,-0.154125,0.019375,0.420637,-0.577078,0.093292,3.141526,-0.000065,0.000064
5.392527,-1.610048,-0.384902,-8.844997,-0.021001,-0.154125,0.019375,0.420665,-0.576993,0.093284,3.141525,-0.000065,0.000074
5.396520,-1.610048,-0.384901,-8.844997,-0.021001,-0.154125,0.019375,0.420689,-0.576909,0.093278,3.141525,-0.000066,0.000079
5.400519,-1.610053,-0.384888,-8.844997,-0.021001,-0.154126,0.019375,0.420720,-0.576823,0.093275,3.141516,-0.000075,0.000086
5.404526,-1.610054,-0.384886,-8.844997,-0.021001,-0.154126,0.019375,0.420743,-0.576738,0.093267,3.141515,-0.000076,0.000091
5.408519,-1.610054,-0.384886,-8.844997,-0.021001,-0.154126,0.019375,0.420770,-0.576652,0.093261,3.141515,-0.000076,0.000093
5.412528,-1.610054,-0.384886,-8.844997,-0.021001,-0.154126,0.019375,0.420770,-0.576652,0.093261,3.141515,-0.000076,0.000093
5.416523,-1.930053,-0.404888,-11.254997,-0.030001,-0.190126,0.025375,0.420821,-0.576479,0.093253,3.141517,-0.000075,0.000092
5.420510,-1.930052,-0.404890,-11.254997,-0.030001,-0.190126,0.025375,0.420845,-0.576394,0.093249,3.141518,-0.000073,0.000077
5.424519,-1.930053,-0.404888,-11.254997,-0.030001,-0.190126,0.025375,0.420871,-0.576308,0.093249,3.141516,-0.000075,0.000080
5.428512,-1.930049,-0.404897,-11.254997,-0.030001,-0.190126,0.025375,0.420897,-0.576222,0.093244,3.141522,-0.000069,0.000069
5.432512,-1.930048,-0.404902,-11.254998,-0.030001,-0.190125,0.025375,0.420923,-0.576135,0.093243,3.141525,-0.000066,0.000065
5.436514,-1.930047,-0.404904,-11.254998,-0.030001,-0.190125,0.025375,0.420949,-0.576049,0.093240,3.141526,-0.000064,0.000054
5.440512,-1.930048,-0.404901,-11.254998,-0.030001,-0.190125,0.025375,0.420976,-0.575963,0.093239,3.141525,-0.000066,0.000050
5.444512,-1.930050,-0.404896,-11.254997,-0.030001,-0.190126,0.025375,0.421003,-0.575877,0.093236,3.141521,-0.000070,0.000039
5.448511,-1.930048,-0.404900,-11.254998,-0.030001,-0.190125,0.025375,0.421031,-0.575789,0.093235,3.141524,-0.000067,0.000033
5.452513,-2.100047,-0.504903,-12.684997,-0.034001,-0.210125,0.029375,0.421056,-0.575701,0.093232,3.141526,-0.000065,0.000022
5.456522,-2.100047,-0.504904,-12.684997,-0.034001,-0.210125,0.029375,0.421081,-0.575614,0.093227,3.141526,-0.000064,0.000005
5.460514,-2.100047,-0.504904,-12.684997,-0.034001,-0.210125,0.029375,0.421081,-0.575614,0.093227,3.141526,-0.000064,0.000005
5.464541,-2.100042,-0.504915,-12.684997,-0.034001,-0.210125,0.029375,0.421133,-0.575437,0.093219,3.141533,-0.000057,-0.000005
5.468511,-2.100042,-0.504915,-12.684997,-0.034001,-0.210125,0.029375,0.421133,-0.575437,0.093219,3.141533,-0.000057,-0.000005
5.472513,-2.100033,-0.504940,-12.684998,-0.034001,-0.210125,0.029375,0.421183,-0.575263,0.093209,3.141548,-0.000040,0.000007
5.476522,-2.100026,-0.504955,-12.684998,-0.034001,-0.210125,0.029375,0.421210,-0.575173,0.093202,3.141558,-0.000029,0.000021
5.480524,-2.100026,-0.504955,-12.684998,-0.034001,-0.210125,0.029375,0.421210,-0.575173,0.093202,3.141558,-0.000029,0.000021
5.484518,-2.100028,-0.504952,-12.684998,-0.034001,-0.210125,0.029375,0.421236,-0.575087,0.093202,3.141556,-0.000031,0.000037
5.488530,-2.100023,-0.504964,-12.684999,-0.034000,-0.210125,0.029375,0.421261,-0.575000,0.093200,3.141563,-0.000023,0.000053
5.492539,-2.320022,-0.464965,-13.314999,-0.044000,-0.220125,0.030375,0.421317,-0.574826,0.093197,3.141564,-0.000023,0.000070
5.496498,-2.320022,-0.464965,-13.314999,-0.044000,-0.220125,0.030375,0.421317,-0.574826,0.093197,3.141564,-0.000023,0.000070
5.500534,-2.320016,-0.464980,-13.314999,-0.044000,-0.220125,0.030375,0.421341,-0.574738,0.093191,3.141573,-0.000012,0.000052
5.504535,-2.320015,-0.464983,-13.314999,-0.044000,-0.220125,0.030375,0.421391,-0.574565,0.093191,3.141575,-0.000010,0.000058
5.508534,-2.320015,-0.464983,-13.314999,-0.044000,-0.220125,0.030375,0.421391,-0.574565,0.093191,3.141575,-0.000010,0.000058
5.512534,-2.320012,-0.464992,-13.315000,-0.044000,-0.220125,0.030375,0.421405,-0.574468,0.093187,3.141580,-0.000004,0.000061
5.516533,-2.320015,-0.464984,-13.314999,-0.044000,-0.220125,0.030375,0.421450,-0.574369,0.093190,3.141576,-0.000009,0.000088
5.520533,-2.320010,-0.464996,-13.315000,-0.044000,-0.220125,0.030375,0.421475,-0.574282,0.093188,3.141583,-0.000001,0.000091
5.524533,-2.320008,-0.465002,-13.315000,-0.044000,-0.220125,0.030375,0.421499,-0.574194,0.093188,3.141586,0.000003,0.000080
5.528540,-2.320011,-0.464993,-13.315000,-0.044000,-0.220125,0.030375,0.421555,-0.574021,0.093191,3.141581,-0.000003,0.000063
5.532534,-2.430009,-0.404999,-13.555000,-0.048000,-0.226125,0.030375,0.421581,-0.573936,0.093192,3.141584,0.000001,0.000052
5.536533,-2.430009,-0.404999,-13.555000,-0.048000,-0.226125,0.030375,0.421581,-0.573936,0.093192,3.141584,0.000001,0.000052
5.540539,-2.520012,-0.354991,-13.745000,-0.052000,-0.231125,0.031375,0.421610,-0.573852,0.093195,3.141580,-0.000004,0.000042
5.544533,-2.520012,-0.354991,-13.745000,-0.052000,-0.231125,0.031375,0.421638,-0.573767,0.093197,3.141580,-0.000004,0.000031
5.548512,-2.520012,-0.354992,-13.745000,-0.052000,-0.231125,0.031375,0.421668,-0.573681,0.093200,3.141580,-0.000004,0.000018
5.552511,-2.520015,-0.354983,-13.745000,-0.052000,-0.231125,0.031375,0.421698,-0.573598,0.093202,3.141575,-0.000010,0.000007
5.556512,-2.520013,-0.354988,-13.745000,-0.052000,-0.231125,0.031375,0.421728,-0.573512,0.093201,3.141578,-0.000006,0.000001
5.560511,-2.520016,-0.354980,-13.745000,-0.052000,-0.231125,0.031375,0.421757,-0.573429,0.093203,3.141573,-0.000012,-0.000010
5.564514,-2.520017,-0.354979,-13.745000,-0.052000,-0.231125,0.031375,0.421789,-0.573344,0.093204,3.141572,-0.000013,-0.000016
5.568511,-2.520020,-0.354971,-13.744999,-0.052000,-0.231125,0.031375,0.421819,-0.573261,0.093206,3.141567,-0.000018,-0.000020
5.572511,-2.520018,-0.354976,-13.744999,-0.052000,-0.231125,0.031375,0.421849,-0.573174,0.093205,3.141570,-0.000015,-0.000013
5.576515,-2.460018,-0.374975,-13.765000,-0.052000,-0.229125,0.031375,0.421878,-0.573091,0.093207,3.141570,-0.000015,-0.000010
5.580472,-2.460015,-0.374985,-13.765000,-0.052000,-0.229125,0.031375,0.421907,-0.573004,0.093203,3.141576,-0.000009,-0.000023
5.584509,-2.460015,-0.374984,-13.765000,-0.052000,-0.229125,0.031375,0.421939,-0.572919,0.093204,3.141575,-0.000009,0.000011
5.588509,-2.460013,-0.374989,-13.765000,-0.052000,-0.229125,0.031375,0.421966,-0.572835,0.093203,3.141578,-0.000006,0.000021
5.592511,-2.460010,-0.374996,-13.765000,-0.052000,-0.229125,0.031375,0.421995,-0.572751,0.093204,3.141582,-0.000001,0.000030
5.596478,-2.460011,-0.374995,-13.765000,-0.052000,-0.229125,0.031375,0.422026,-0.572666,0.093205,3.141582,-0.000002,0.000037
5.600512,-2.460008,-0.375001,-13.765001,-0.052000,-0.229125,0.031375,0.422055,-0.572582,0.093206,3.141586,0.000002,0.000040
5.604511,-2.460009,-0.375000,-13.765001,-0.052000,-0.229125,0.031375,0.422086,-0.572497,0.093207,3.141585,0.000002,0.000047
5.608531,-2.460006,-0.375007,-13.765001,-0.052000,-0.229125,0.031375,0.422114,-0.572413,0.093208,3.141589,0.000006,0.000050
5.612531,-2.460004,-0.375013,-13.765001,-0.052000,-0.229125,0.031375,0.422145,-0.572327,0.093209,-3.141592,0.000011,0.000057
5.616531,-2.130003,-0.715015,-13.105000,-0.028000,-0.215125,0.032375,0.422174,-0.572244,0.093213,-3.141591,0.000012,0.000053
5.620531,-2.130001,-0.715021,-13.105000,-0.028000,-0.215125,0.032375,0.422205,-0.572158,0.093213,-3.141587,0.000016,0.000054
5.624531,-2.129998,-0.715028,-13.105001,-0.028000,-0.215125,0.032375,0.422233,-0.572074,0.093214,-3.141583,0.000021,0.000050
5.628531,-2.129997,-0.715029,-13.105001,-0.028000,-0.215125,0.032375,0.422261,-0.571991,0.093218,-3.141583,0.000022,0.000039
5.632534,-2.129994,-0.715037,-13.105001,-0.028000,-0.215125,0.032375,0.422282,-0.571896,0.093220,-3.141578,0.000027,0.000006
5.636530,-2.129994,-0.715038,-13.105001,-0.028000,-0.215125,0.032375,0.422320,-0.571821,0.093223,-3.141577,0.000028,-0.000005
5.640548,-2.129991,-0.715047,-13.105001,-0.027999,-0.215125,0.032375,0.422349,-0.571717,0.093227,-3.141572,0.000034,0.000014
5.644514,-2.129988,-0.715055,-13.105001,-0.027999,-0.215125,0.032375,0.422376,-0.571632,0.093229,-3.141567,0.000039,0.000010
5.648514,-2.129985,-0.715062,-13.105001,-0.027999,-0.215125,0.032375,0.422400,-0.571549,0.093231,-3.141563,0.000044,0.000001
5.652522,-2.129982,-0.715069,-13.105002,-0.027999,-0.215125,0.032375,0.422425,-0.571466,0.093232,-3.141558,0.000049,-0.000007
5.656516,-2.079978,-0.625079,-12.435002,-0.025999,-0.208125,0.030375,0.422449,-0.571383,0.093236,-3.141552,0.000056,-0.000016
5.660514,-2.079980,-0.625074,-12.435002,-0.025999,-0.208125,0.030375,0.422475,-0.571302,0.093241,-3.141556,0.000052,-0.000018
5.664515,-2.079982,-0.625070,-12.435002,-0.025999,-0.208125,0.030375,0.422501,-0.571220,0.093248,-3.141558,0.000050,-0.000026
5.668511,-2.079986,-0.625059,-12.435002,-0.025999,-0.208125,0.030375,0.422527,-0.571139,0.093255,-3.141564,0.000042,-0.000028
5.672513,-2.079987,-0.625056,-12.435002,-0.025999,-0.208125,0.030375,0.422556,-0.571056,0.093262,-3.141566,0.000040,-0.000018
5.676511,-2.079989,-0.625051,-12.435002,-0.025999,-0.208125,0.030375,0.422581,-0.570974,0.093268,-3.141569,0.000037,-0.000014
5.680516,-2.079993,-0.625040,-12.435001,-0.026000,-0.208125,0.030375,0.422607,-0.570893,0.093275,-3.141576,0.000029,-0.000009
5.684516,-2.079996,-0.625034,-12.435001,-0.026000,-0.208125,0.030375,0.422631,-0.570809,0.093280,-3.141580,0.000025,-0.000004
5.688511,-2.079996,-0.625034,-12.435001,-0.026000,-0.208125,0.030375,0.422658,-0.570725,0.093282,-3.141580,0.000025,0.000006
5.692511,-2.079998,-0.625029,-12.435001,-0.026000,-0.208125,0.030375,0.422683,-0.570643,0.093287,-3.141582,0.000022,0.000011
5.696517,-1.890000,-0.375022,-11.435001,-0.033000,-0.191125,0.026375,0.422708,-0.570561,0.093290,-3.141587,0.000017,0.000022
5.700515,-1.889999,-0.375026,-11.435001,-0.033000,-0.191125,0.026375,0.422732,-0.570477,0.093288,-3.141585,0.000019,0.000027
5.704512,-1.890000,-0.375023,-11.435001,-0.033000,-0.191125,0.026375,0.422759,-0.570393,0.093288,-3.141586,0.000018,0.000037
5.708498,-1.890003,-0.375015,-11.435001,-0.033000,-0.191125,0.026375,0.422785,-0.570312,0.093290,-3.141591,0.000012,0.000042
5.712511,-1.890008,-0.375002,-11.435000,-0.033000,-0.191125,0.026375,0.422812,-0.570231,0.093295,3.141586,0.000003,0.000047
5.716511,-1.890009,-0.374999,-11.435000,-0.033000,-0.191125,0.026375,0.422841,-0.570148,0.093294,3.141584,0.000001,0.000056
5.720517,-1.890013,-0.374990,-11.435000,-0.033000,-0.191125,0.026375,0.422867,-0.570067,0.093296,3.141579,-0.000005,0.000061
5.724511,-1.890013,-0.374989,-11.435000,-0.033000,-0.191125,0.026375,0.422893,-0.569985,0.093297,3.141579,-0.000006,0.000059
5.728512,-1.890016,-0.374981,-11.435000,-0.033000,-0.191125,0.026375,0.422919,-0.569904,0.093299,3.141574,-0.000011,0.000064
5.732511,-1.800014,-0.334986,-9.925000,-0.032000,-0.168125,0.024375,0.422943,-0.569821,0.093299,3.141577,-0.000008,0.000063
5.736511,-1.800012,-0.334991,-9.925000,-0.032000,-0.168125,0.024375,0.422970,-0.569737,0.093298,3.141580,-0.000005,0.000059
5.740516,-1.800007,-0.335003,-9.925000,-0.032000,-0.168125,0.024375,0.422991,-0.569655,0.093296,3.141587,0.000004,0.000046
5.744516,-1.800003,-0.335016,-9.925000,-0.032000,-0.168125,0.024375,0.423015,-0.569572,0.093295,-3.141591,0.000013,0.000037
5.748514,-1.799998,-0.335028,-9.925001,-0.032000,-0.168125,0.024375,0.423038,-0.569489,0.093294,-3.141583,0.000021,0.000035
5.752513,-1.799991,-0.335047,-9.925001,-0.031999,-0.168125,0.024375,0.423061,-0.569405,0.093290,-3.141572,0.000034,0.000027
5.756512,-1.799991,-0.335046,-9.925001,-0.031999,-0.168125,0.024375,0.423086,-0.569323,0.093292,-3.141573,0.000033,0.000018
5.760511,-1.799988,-0.335053,-9.925001,-0.031999,-0.168125,0.024375,0.423108,-0.569242,0.093293,-3.141568,0.000038,0.000005
5.764512,-1.799991,-0.335046,-9.925001,-0.031999,-0.168125,0.024375,0.423135,-0.569162,0.093297,-3.141572,0.000033,0.000003
5.768485,-1.799988,-0.335053,-9.925001,-0.031999,-0.168125,0.024375,0.423160,-0.569080,0.093297,-3.141568,0.000038,0.000002
5.772512,-1.799986,-0.335060,-9.925002,-0.031999,-0.168125,0.024375,0.423191,-0.568978,0.093299,-3.141564,0.000043,0.000007
5.776513,-1.599986,-0.375061,-9.005002,-0.024999,-0.151125,0.022375,0.423210,-0.568916,0.093302,-3.141564,0.000043,0.000005
5.780513,-1.599986,-0.375060,-9.005002,-0.024999,-0.151125,0.022375,0.423242,-0.568815,0.093304,-3.141564,0.000043,0.000010
5.784511,-1.599986,-0.375060,-9.005002,-0.024999,-0.151125,0.022375,0.423267,-0.568734,0.093305,-3.141564,0.000043,0.000022
5.788474,-1.599987,-0.375057,-9.005002,-0.024999,-0.151125,0.022375,0.423274,-0.568665,0.093305,-3.141566,0.000041,-0.000005
5.792513,-1.599988,-0.375055,-9.005002,-0.024999,-0.151125,0.022375,0.423314,-0.568571,0.093305,-3.141567,0.000039,0.000027
5.796516,-1.599989,-0.375053,-9.005002,-0.024999,-0.151125,0.022375,0.423341,-0.568487,0.093305,-3.141569,0.000038,0.000036
5.800511,-1.599987,-0.375056,-9.005002,-0.024999,-0.151125,0.022375,0.423361,-0.568405,0.093303,-3.141566,0.000040,0.000044
5.804511,-1.599992,-0.375045,-9.005002,-0.024999,-0.151125,0.022375,0.423387,-0.568324,0.093303,-3.141573,0.000033,0.000049
5.808514,-1.599992,-0.375043,-9.005002,-0.024999,-0.151125,0.022375,0.423412,-0.568242,0.093302,-3.141574,0.000031,0.000054
5.812512,-1.599996,-0.375035,-9.005001,-0.025000,-0.151125,0.022375,0.423437,-0.568161,0.093304,-3.141579,0.000025,0.000058
5.816512,-1.590001,-0.235021,-8.695000,-0.028000,-0.148125,0.020375,0.423465,-0.568081,0.093308,-3.141588,0.000016,0.000063
5.820512,-1.590012,-0.234992,-8.695000,-0.028000,-0.148125,0.020375,0.423493,-0.568002,0.093314,3.141580,-0.000004,0.000062
5.824512,-1.590012,-0.234991,-8.695000,-0.028000,-0.148125,0.020375,0.423518,-0.567920,0.093315,3.141580,-0.000005,0.000067
5.828513,-1.590014,-0.234987,-8.695000,-0.028000,-0.148125,0.020375,0.423544,-0.567839,0.093314,3.141578,-0.000007,0.000072
5.832512,-1.590017,-0.234978,-8.694999,-0.028000,-0.148125,0.020375,0.423571,-0.567759,0.093315,3.141572,-0.000013,0.000077
5.836512,-1.590018,-0.234976,-8.694999,-0.028000,-0.148125,0.020375,0.423595,-0.567677,0.093315,3.141571,-0.000015,0.000075
5.840512,-1.590019,-0.234972,-8.694999,-0.028000,-0.148125,0.020375,0.423618,-0.567593,0.093313,3.141568,-0.000018,0.000073
5.844512,-1.590018,-0.234976,-8.694999,-0.028000,-0.148125,0.020375,0.423640,-0.567509,0.093312,3.141571,-0.000015,0.000071
5.848511,-1.590019,-0.234973,-8.694999,-0.028000,-0.148125,0.020375,0.423663,-0.567425,0.093311,3.141569,-0.000017,0.000069
5.852512,-1.480018,-0.334975,-8.605000,-0.022000,-0.145125,0.020375,0.423688,-0.567339,0.093307,3.141570,-0.000016,0.000065
5.856521,-1.480016,-0.334979,-8.605000,-0.022000,-0.145125,0.020375,0.423709,-0.567254,0.093306,3.141573,-0.000013,0.000057
5.860513,-1.480014,-0.334985,-8.605000,-0.022000,-0.145125,0.020375,0.423731,-0.567170,0.093306,3.141576,-0.000008,0.000048
5.864480,-1.480015,-0.334983,-8.605000,-0.022000,-0.145125,0.020375,0.423758,-0.567086,0.093306,3.141575,-0.000010,0.000051
5.868476,-1.480013,-0.334989,-8.605000,-0.022000,-0.145125,0.020375,0.423781,-0.567002,0.093306,3.141579,-0.000006,0.000043
5.872512,-1.480011,-0.334994,-8.605000,-0.022000,-0.145125,0.020375,0.423804,-0.566919,0.093306,3.141582,-0.000003,0.000041
5.876512,-1.480018,-0.334975,-8.605000,-0.022000,-0.145125,0.020375,0.423828,-0.566837,0.093306,3.141570,-0.000015,0.000012
5.880471,-1.480018,-0.334975,-8.605000,-0.022000,-0.145125,0.020375,0.423828,-0.566837,0.093306,3.141570,-0.000015,0.000012
5.884512,-1.480009,-0.334999,-8.605000,-0.022000,-0.145125,0.020375,0.423858,-0.566731,0.093308,3.141585,0.000001,0.000049
5.888511,-1.480003,-0.335016,-8.605001,-0.022000,-0.145125,0.020375,0.423905,-0.566561,0.093306,-3.141591,0.000013,0.000050
5.892519,-1.480002,-0.335017,-8.605001,-0.022000,-0.145125,0.020375,0.423928,-0.566477,0.093309,-3.141590,0.000013,0.000048
5.896510,-1.459996,-0.335034,-8.495001,-0.019000,-0.145125,0.020375,0.423948,-0.566391,0.093304,-3.141580,0.000025,0.000046
5.900512,-1.459992,-0.335045,-8.495001,-0.018999,-0.145125,0.020375,0.423973,-0.566305,0.093301,-3.141573,0.000033,0.000055
5.904541,-1.459987,-0.335057,-8.495002,-0.018999,-0.145125,0.020375,0.423993,-0.566220,0.093300,-3.141566,0.000041,0.000060
5.908510,-1.459986,-0.335060,-8.495002,-0.018999,-0.145125,0.020375,0.424016,-0.566137,0.093297,-3.141564,0.000043,0.000059
5.912511,-1.459985,-0.335064,-8.495002,-0.018999,-0.145125,0.020375,0.424041,-0.566051,0.093295,-3.141562,0.000046,0.000061
5.916522,-1.459988,-0.335055,-8.495002,-0.018999,-0.145125,0.020375,0.424064,-0.565968,0.093297,-3.141567,0.000040,0.000060
5.920516,-1.459989,-0.335053,-8.495002,-0.018999,-0.145125,0.020375,0.424088,-0.565885,0.093297,-3.141569,0.000038,0.000058
5.924511,-1.459990,-0.335049,-8.495001,-0.018999,-0.145125,0.020375,0.424114,-0.565800,0.093295,-3.141571,0.000035,0.000060
5.928512,-1.459990,-0.335049,-8.495001,-0.018999,-0.145125,0.020375,0.424114,-0.565800,0.093295,-3.141571,0.000035,0.000060
5.932518,-1.460000,-0.335023,-8.495001,-0.019000,-0.145125,0.020375,0.424164,-0.565634,0.093298,-3.141586,0.000018,0.000061
5.936511,-1.570001,-0.245019,-8.665001,-0.028000,-0.149125,0.019375,0.424189,-0.565548,0.093297,-3.141589,0.000015,0.000064
5.940511,-1.570005,-0.245009,-8.665000,-0.028000,-0.149125,0.019375,0.424214,-0.565463,0.093297,3.141591,0.000008,0.000067
5.944511,-1.570006,-0.245006,-8.665000,-0.028000,-0.149125,0.019375,0.424241,-0.565374,0.093296,3.141589,0.000006,0.000067
5.948511,-1.570006,-0.245006,-8.665000,-0.028000,-0.149125,0.019375,0.424241,-0.565374,0.093296,3.141589,0.000006,0.000067
5.952509,-1.570010,-0.244995,-8.665000,-0.028000,-0.149125,0.019375,0.424267,-0.565290,0.093295,3.141582,-0.000002,0.000063
5.956512,-1.570013,-0.244989,-8.665000,-0.028000,-0.149125,0.019375,0.424318,-0.565116,0.093294,3.141578,-0.000006,0.000053
5.960513,-1.570014,-0.244986,-8.665000,-0.028000,-0.149125,0.019375,0.424345,-0.565028,0.093293,3.141577,-0.000008,0.000054
5.964515,-1.570014,-0.244984,-8.665000,-0.028000,-0.149125,0.019375,0.424370,-0.564943,0.093294,3.141576,-0.000009,0.000043
5.968512,-1.570014,-0.244984,-8.665000,-0.028000,-0.149125,0.019375,0.424370,-0.564943,0.093294,3.141576,-0.000009,0.000043
5.972511,-1.570020,-0.244968,-8.664999,-0.028000,-0.149125,0.019375,0.424399,-0.564856,0.093296,3.141566,-0.000020,0.000010
5.976513,-1.670019,-0.234973,-9.074999,-0.032000,-0.155125,0.021375,0.424451,-0.564683,0.093298,3.141569,-0.000017,0.000040
5.980511,-1.670019,-0.234973,-9.074999,-0.032000,-0.155125,0.021375,0.424451,-0.564683,0.093298,3.141569,-0.000017,0.000040
5.984513,-1.670022,-0.234965,-9.074999,-0.032000,-0.155125,0.021375,0.424483,-0.564575,0.093301,3.141564,-0.000022,0.000041
5.988511,-1.670019,-0.234972,-9.074999,-0.032000,-0.155125,0.021375,0.424503,-0.564510,0.093302,3.141569,-0.000017,0.000009
5.992516,-1.670019,-0.234972,-9.074999,-0.032000,-0.155125,0.021375,0.424535,-0.564402,0.093305,3.141569,-0.000017,0.000037
5.996512,-1.670015,-0.234984,-9.075000,-0.032000,-0.155125,0.021375,0.424558,-0.564315,0.093303,3.141576,-0.000009,0.000040
6.000509,-1.670012,-0.234990,-9.075000,-0.032000,-0.155125,0.021375,0.424585,-0.564227,0.093304,3.141579,-0.000005,0.000047
6.004517,-1.670014,-0.234986,-9.075000,-0.032000,-0.155125,0.021375,0.424611,-0.564143,0.093309,3.141577,-0.000008,0.000043
6.008512,-1.670012,-0.234992,-9.075000,-0.032000,-0.155125,0.021375,0.424638,-0.564055,0.093309,3.141580,-0.000004,0.000037
6.012511,-1.670007,-0.235003,-9.075000,-0.032000,-0.155125,0.021375,0.424660,-0.563968,0.093308,3.141587,0.000004,0.000033
6.016513,-1.790007,-0.365005,-9.485000,-0.030000,-0.162125,0.023375,0.424687,-0.563880,0.093311,3.141588,0.000005,0.000033
6.020512,-1.790005,-0.365011,-9.485001,-0.030000,-0.162125,0.023375,0.424712,-0.563794,0.093311,3.141591,0.000009,0.000029
6.024515,-1.790005,-0.365009,-9.485001,-0.030000,-0.162125,0.023375,0.424739,-0.563707,0.093312,3.141591,0.000008,0.000030
6.028512,-1.790003,-0.365015,-9.485001,-0.030000,-0.162125,0.023375,0.424763,-0.563621,0.093313,-3.141591,0.000012,0.000026
6.032512,-1.790004,-0.365013,-9.485001,-0.030000,-0.162125,0.023375,0.424792,-0.563535,0.093313,-3.141593,0.000010,0.000019
6.036512,-1.790005,-0.365011,-9.485001,-0.030000,-0.162125,0.023375,0.424820,-0.563448,0.093312,3.141591,0.000009,0.000020
6.040512,-1.790003,-0.365016,-9.485001,-0.030000,-0.162125,0.023375,0.424848,-0.563362,0.093312,-3.141591,0.000012,0.000020
6.044511,-1.790006,-0.365006,-9.485001,-0.030000,-0.162125,0.023375,0.424877,-0.563280,0.093313,3.141589,0.000006,0.000016
6.048513,-1.790007,-0.365003,-9.485000,-0.030000,-0.162125,0.023375,0.424907,-0.563194,0.093312,3.141587,0.000004,0.000010
6.052512,-1.790009,-0.365000,-9.485000,-0.030000,-0.162125,0.023375,0.424936,-0.563109,0.093310,3.141585,0.000001,0.000011
6.056512,-1.790013,-0.364989,-9.485000,-0.030000,-0.162125,0.023375,0.424966,-0.563024,0.093310,3.141579,-0.000006,0.000011
6.060512,-1.780012,-0.384991,-9.485000,-0.030000,-0.161125,0.023375,0.424996,-0.562939,0.093306,3.141579,-0.000005,0.000012
6.064510,-1.700013,-0.334987,-9.375000,-0.028000,-0.160125,0.022375,0.425025,-0.562854,0.093305,3.141577,-0.000007,0.000012
6.068474,-1.700017,-0.334976,-9.375000,-0.028000,-0.160125,0.022375,0.425053,-0.562771,0.093304,3.141571,-0.000015,0.000008
6.072512,-1.700016,-0.334980,-9.375000,-0.028000,-0.160125,0.022375,0.425085,-0.562683,0.093302,3.141574,-0.000012,0.000020
6.076512,-1.700020,-0.334970,-9.374999,-0.028000,-0.160125,0.022375,0.425112,-0.562600,0.093302,3.141567,-0.000019,0.000016
6.080510,-1.700019,-0.334972,-9.374999,-0.028000,-0.160125,0.022375,0.425140,-0.562514,0.093299,3.141569,-0.000018,0.000016
6.084512,-1.700017,-0.334976,-9.375000,-0.028000,-0.160125,0.022375,0.425169,-0.562428,0.093297,3.141571,-0.000015,0.000017
6.088512,-1.700018,-0.334974,-9.374999,-0.028000,-0.160125,0.022375,0.425197,-0.562342,0.093297,3.141570,-0.000016,0.000024
6.092513,-1.700017,-0.334978,-9.375000,-0.028000,-0.160125,0.022375,0.425226,-0.562256,0.093295,3.141572,-0.000014,0.000031
6.096512,-1.710018,-0.444976,-9.235000,-0.022000,-0.160125,0.023375,0.425255,-0.562170,0.093295,3.141571,-0.000015,0.000032
6.100513,-1.710018,-0.444974,-9.235000,-0.022000,-0.160125,0.023375,0.425282,-0.562087,0.093295,3.141570,-0.000017,0.000028
6.104509,-1.710019,-0.444973,-9.235000,-0.022000,-0.160125,0.023375,0.425312,-0.562002,0.093296,3.141569,-0.000017,0.000028
6.108512,-1.710016,-0.444979,-9.235000,-0.022000,-0.160125,0.023375,0.425340,-0.561916,0.093297,3.141573,-0.000013,0.000022
6.112512,-1.710018,-0.444974,-9.235000,-0.022000,-0.160125,0.023375,0.425370,-0.561831,0.093302,3.141569,-0.000017,0.000023
6.116513,-1.710014,-0.444985,-9.235000,-0.022000,-0.160125,0.023375,0.425398,-0.561745,0.093299,3.141576,-0.000009,-0.000010
6.120512,-1.710009,-0.444998,-9.235000,-0.022000,-0.160125,0.023375,0.425431,-0.561638,0.093299,3.141584,0.000000,0.000004
6.124512,-1.710008,-0.445003,-9.235000,-0.022000,-0.160125,0.023375,0.425459,-0.561551,0.093298,3.141587,0.000004,0.000004
6.128512,-1.710003,-0.445015,-9.235001,-0.022000,-0.160125,0.023375,0.425486,-0.561464,0.093297,-3.141591,0.000012,-0.000002
6.132517,-1.710001,-0.445020,-9.235001,-0.022000,-0.160125,0.023375,0.425513,-0.561377,0.093296,-3.141588,0.000016,-0.000008
6.136512,-1.709997,-0.445033,-9.235001,-0.022000,-0.160125,0.023375,0.425538,-0.561292,0.093295,-3.141581,0.000024,-0.000006
6.140513,-1.649997,-0.455032,-9.465001,-0.022000,-0.161125,0.022375,0.425564,-0.561208,0.093296,-3.141581,0.000024,-0.000010
6.144512,-1.649997,-0.455031,-9.465001,-0.022000,-0.161125,0.022375,0.425591,-0.561125,0.093297,-3.141582,0.000023,-0.000007
6.148531,-1.649998,-0.455030,-9.465001,-0.022000,-0.161125,0.022375,0.425617,-0.561041,0.093299,-3.141582,0.000022,0.000003
6.152512,-1.649998,-0.455028,-9.465001,-0.022000,-0.161125,0.022375,0.425645,-0.560959,0.093299,-3.141583,0.000021,0.000005
6.156512,-1.649999,-0.455027,-9.465001,-0.022000,-0.161125,0.022375,0.425671,-0.560875,0.093300,-3.141584,0.000021,0.000015
6.160513,-1.649999,-0.455025,-9.465001,-0.022000,-0.161125,0.022375,0.425699,-0.560793,0.093300,-3.141585,0.000019,0.000017
6.164513,-1.650001,-0.455022,-9.465001,-0.022000,-0.161125,0.022375,0.425723,-0.560711,0.093299,-3.141587,0.000017,0.000016
6.168517,-1.650002,-0.455019,-9.465001,-0.022000,-0.161125,0.022375,0.425752,-0.560626,0.093298,-3.141589,0.000015,0.000030
6.172513,-1.650003,-0.455015,-9.465001,-0.022000,-0.161125,0.022375,0.425776,-0.560544,0.093297,-3.141591,0.000012,0.000035
6.176513,-1.640000,-0.365023,-9.555001,-0.030000,-0.159125,0.022375,0.425801,-0.560460,0.093291,-3.141587,0.000018,0.000044
6.180477,-1.640001,-0.365020,-9.555001,-0.030000,-0.159125,0.022375,0.425828,-0.560376,0.093290,-3.141589,0.000015,0.000047
6.184511,-1.640001,-0.365022,-9.555001,-0.030000,-0.159125,0.022375,0.425853,-0.560292,0.093286,-3.141587,0.000017,0.000056
6.188513,-1.639997,-0.365031,-9.555001,-0.030000,-0.159125,0.022375,0.425878,-0.560208,0.093282,-3.141582,0.000023,0.000059
6.192513,-1.639998,-0.365028,-9.555001,-0.030000,-0.159125,0.022375,0.425905,-0.560124,0.093280,-3.141584,0.000021,0.000062
6.196513,-1.640001,-0.365022,-9.555001,-0.030000,-0.159125,0.022375,0.425929,-0.560043,0.093277,-3.141587,0.000017,0.000053
6.200516,-1.640004,-0.365013,-9.555000,-0.030000,-0.159125,0.022375,0.425957,-0.559961,0.093278,-3.141593,0.000011,0.000056
6.204552,-1.640007,-0.365004,-9.555000,-0.030000,-0.159125,0.022375,0.425985,-0.559879,0.093279,3.141587,0.000004,0.000052
6.208519,-1.640009,-0.364999,-9.555000,-0.030000,-0.159125,0.022375,0.426013,-0.559797,0.093277,3.141585,0.000001,0.000048
6.212511,-1.640012,-0.364990,-9.555000,-0.030000,-0.159125,0.022375,0.426041,-0.559714,0.093277,3.141579,-0.000005,0.000044
6.216519,-1.610013,-0.324988,-9.555000,-0.031000,-0.156125,0.022375,0.426068,-0.559632,0.093278,3.141578,-0.000007,0.000040
6.220512,-1.610012,-0.324992,-9.555000,-0.031000,-0.156125,0.022375,0.426094,-0.559548,0.093276,3.141581,-0.000004,0.000036
6.224513,-1.610015,-0.324983,-9.555000,-0.031000,-0.156125,0.022375,0.426122,-0.559466,0.093277,3.141575,-0.000010,0.000032
6.228513,-1.610012,-0.324992,-9.555000,-0.031000,-0.156125,0.022375,0.426147,-0.559382,0.093272,3.141580,-0.000004,0.000028
6.232512,-1.609998,-0.325028,-9.555001,-0.031000,-0.156125,0.022375,0.426157,-0.559289,0.093255,-3.141584,0.000021,-0.000008
6.236513,-1.610006,-0.325008,-9.555000,-0.031000,-0.156125,0.022375,0.426195,-0.559215,0.093269,3.141590,0.000007,0.000015
6.240509,-1.609995,-0.325036,-9.555001,-0.031000,-0.156125,0.022375,0.426207,-0.559123,0.093251,-3.141579,0.000027,-0.000020
6.244510,-1.610004,-0.325013,-9.555000,-0.031000,-0.156125,0.022375,0.426233,-0.559040,0.093271,-3.141592,0.000011,-0.000017
6.248512,-1.610000,-0.325024,-9.555001,-0.031000,-0.156125,0.022375,0.426274,-0.558944,0.093268,-3.141586,0.000019,0.000012
6.252513,-1.749999,-0.295025,-9.885001,-0.033000,-0.165125,0.020375,0.426298,-0.558864,0.093271,-3.141585,0.000019,0.000017
6.256511,-1.750001,-0.295020,-9.885001,-0.033000,-0.165125,0.020375,0.426327,-0.558782,0.093276,-3.141589,0.000015,0.000020
6.260512,-1.750004,-0.295013,-9.885000,-0.033000,-0.165125,0.020375,0.426352,-0.558702,0.093279,-3.141593,0.000011,0.000025
6.264512,-1.750006,-0.295008,-9.885000,-0.033000,-0.165125,0.020375,0.426378,-0.558622,0.093284,3.141590,0.000007,0.000037
6.268480,-1.750006,-0.295008,-9.885000,-0.033000,-0.165125,0.020375,0.426405,-0.558539,0.093286,3.141590,0.000007,0.000046
6.272512,-1.750004,-0.295014,-9.885000,-0.033000,-0.165125,0.020375,0.426429,-0.558458,0.093286,-3.141592,0.000011,0.000051
6.276512,-1.750006,-0.295007,-9.885000,-0.033000,-0.165125,0.020375,0.426456,-0.558376,0.093289,3.141589,0.000006,0.000067
6.280512,-1.750006,-0.295006,-9.885000,-0.033000,-0.165125,0.020375,0.426479,-0.558294,0.093291,3.141589,0.000006,0.000072
6.284512,-1.750008,-0.295003,-9.885000,-0.033000,-0.165125,0.020375,0.426503,-0.558213,0.093290,3.141587,0.000003,0.000077
6.288512,-1.750008,-0.295002,-9.885000,-0.033000,-0.165125,0.020375,0.426529,-0.558129,0.093291,3.141586,0.000003,0.000093
6.292512,-1.750007,-0.295006,-9.885000,-0.033000,-0.165125,0.020375,0.426552,-0.558047,0.093289,3.141589,0.000006,0.000092
6.296482,-1.670005,-0.305010,-9.835001,-0.030000,-0.163125,0.020375,0.426575,-0.557965,0.093287,3.141591,0.000008,0.000090
6.300479,-1.670004,-0.305014,-9.835001,-0.030000,-0.163125,0.020375,0.426600,-0.557882,0.093286,-3.141592,0.000011,0.000099
6.304513,-1.670004,-0.305012,-9.835001,-0.030000,-0.163125,0.020375,0.426625,-0.557801,0.093286,3.141592,0.000010,0.000091
6.308546,-1.670003,-0.305016,-9.835001,-0.030000,-0.163125,0.020375,0.426648,-0.557719,0.093284,-3.141591,0.000013,0.000082
6.312545,-1.670008,-0.305002,-9.835000,-0.030000,-0.163125,0.020375,0.426676,-0.557637,0.093288,3.141586,0.000003,0.000078
6.316506,-1.670012,-0.304992,-9.835000,-0.030000,-0.163125,0.020375,0.426702,-0.557558,0.093288,3.141580,-0.000004,0.000070
6.320539,-1.670013,-0.304988,-9.835000,-0.030000,-0.163125,0.020375,0.426728,-0.557474,0.093287,3.141578,-0.000007,0.000066
6.324532,-1.670016,-0.304979,-9.835000,-0.030000,-0.163125,0.020375,0.426753,-0.557394,0.093288,3.141573,-0.000013,0.000057
6.328527,-1.670018,-0.304975,-9.835000,-0.030000,-0.163125,0.020375,0.426780,-0.557312,0.093286,3.141570,-0.000016,0.000053
6.332486,-1.530019,-0.304971,-9.524999,-0.026000,-0.156125,0.019375,0.426806,-0.557228,0.093285,3.141568,-0.000018,0.000049
6.336525,-1.410020,-0.334968,-9.034999,-0.020000,-0.148125,0.018375,0.426832,-0.557145,0.093284,3.141566,-0.000021,0.000039
6.340517,-1.410017,-0.334978,-9.034999,-0.020000,-0.148125,0.018375,0.426856,-0.557060,0.093280,3.141572,-0.000014,0.000028
6.344517,-1.410016,-0.334979,-9.034999,-0.020000,-0.148125,0.018375,0.426881,-0.556972,0.093275,3.141573,-0.000013,0.000022
6.348514,-1.410015,-0.334983,-9.035000,-0.020000,-0.148125,0.018375,0.426907,-0.556885,0.093273,3.141575,-0.000011,0.000015
6.352515,-1.410011,-0.334993,-9.035000,-0.020000,-0.148125,0.018375,0.426933,-0.556798,0.093269,3.141581,-0.000004,0.000009
6.356505,-1.410011,-0.334993,-9.035000,-0.020000,-0.148125,0.018375,0.426933,-0.556798,0.093269,3.141581,-0.000004,0.000009
6.360464,-1.410017,-0.334978,-9.034999,-0.020000,-0.148125,0.018375,0.426986,-0.556627,0.093267,3.141572,-0.000014,-0.000015
6.364472,-1.410004,-0.335012,-9.035000,-0.020000,-0.148125,0.018375,0.427015,-0.556518,0.093264,3.141592,0.000010,0.000026
6.368512,-1.410005,-0.335011,-9.035000,-0.020000,-0.148125,0.018375,0.427043,-0.556433,0.093265,3.141591,0.000009,0.000040
6.372512,-1.410006,-0.335008,-9.035000,-0.020000,-0.148125,0.018375,0.427070,-0.556346,0.093265,3.141590,0.000007,0.000048
6.376495,-1.380006,-0.325008,-8.525001,-0.022000,-0.141125,0.016375,0.427095,-0.556263,0.093266,3.141590,0.000007,0.000057
6.380474,-1.380004,-0.325013,-8.525001,-0.022000,-0.141125,0.016375,0.427122,-0.556176,0.093266,3.141593,0.000010,0.000071
6.384512,-1.380005,-0.325010,-8.525001,-0.022000,-0.141125,0.016375,0.427146,-0.556091,0.093265,3.141591,0.000009,0.000074
6.388542,-1.380005,-0.325010,-8.525001,-0.022000,-0.141125,0.016375,0.427146,-0.556091,0.093265,3.141591,0.000009,0.000074
6.392513,-1.380002,-0.325019,-8.525001,-0.022000,-0.141125,0.016375,0.427195,-0.555919,0.093263,-3.141589,0.000015,0.000090
6.396512,-1.380003,-0.325016,-8.525001,-0.022000,-0.141125,0.016375,0.427222,-0.555832,0.093263,-3.141590,0.000013,0.000091
6.400513,-1.380005,-0.325009,-8.525001,-0.022000,-0.141125,0.016375,0.427249,-0.555746,0.093266,3.141591,0.000008,0.000091
6.404512,-1.380004,-0.325014,-8.525001,-0.022000,-0.141125,0.016375,0.427273,-0.555661,0.093265,-3.141592,0.000011,0.000081
6.408512,-1.380006,-0.325007,-8.525001,-0.022000,-0.141125,0.016375,0.427300,-0.555575,0.093268,3.141589,0.000006,0.000081
6.412495,-1.380004,-0.295012,-8.515000,-0.023000,-0.141125,0.016375,0.427324,-0.555490,0.093267,3.141592,0.000010,0.000070
6.416484,-1.430005,-0.175010,-8.585001,-0.032000,-0.141125,0.015375,0.427350,-0.555403,0.093267,3.141591,0.000008,0.000064
6.420497,-1.430008,-0.175001,-8.585000,-0.032000,-0.141125,0.015375,0.427376,-0.555320,0.093269,3.141586,0.000002,0.000053
6.424513,-1.430006,-0.175006,-8.585000,-0.032000,-0.141125,0.015375,0.427402,-0.555233,0.093268,3.141589,0.000006,0.000047
6.428513,-1.430007,-0.175004,-8.585000,-0.032000,-0.141125,0.015375,0.427429,-0.555147,0.093268,3.141587,0.000004,0.000034
6.432517,-1.430008,-0.175003,-8.585000,-0.032000,-0.141125,0.015375,0.427454,-0.555063,0.093270,3.141587,0.000004,0.000017
6.436471,-1.430008,-0.175003,-8.585000,-0.032000,-0.141125,0.015375,0.427483,-0.554974,0.093266,3.141588,0.000005,0.000008
6.440473,-1.430010,-0.174996,-8.585000,-0.032000,-0.141125,0.015375,0.427508,-0.554890,0.093267,3.141583,-0.000001,-0.000002
6.444477,-1.430011,-0.174993,-8.585000,-0.032000,-0.141125,0.015375,0.427534,-0.554804,0.093267,3.141581,-0.000003,-0.000009
6.448495,-1.430010,-0.174996,-8.585000,-0.032000,-0.141125,0.015375,0.427563,-0.554715,0.093264,3.141583,-0.000001,-0.000010
6.452471,-1.420009,-0.264999,-8.295000,-0.031000,-0.135125,0.016375,0.427589,-0.554628,0.093261,3.141584,0.000001,-0.000010
6.456471,-1.420010,-0.264996,-8.295000,-0.031000,-0.135125,0.016375,0.427616,-0.554542,0.093261,3.141583,-0.000001,-0.000009
6.460535,-1.420010,-0.264996,-8.295000,-0.031000,-0.135125,0.016375,0.427616,-0.554542,0.093261,3.141583,-0.000001,-0.000009
6.464473,-1.420008,-0.265002,-8.295000,-0.031000,-0.135125,0.016375,0.427671,-0.554367,0.093254,3.141586,0.000003,0.000003
6.468476,-1.420008,-0.265002,-8.295000,-0.031000,-0.135125,0.016375,0.427671,-0.554367,0.093254,3.141586,0.000003,0.000003
6.472517,-1.420009,-0.264998,-8.295000,-0.031000,-0.135125,0.016375,0.427699,-0.554281,0.093253,3.141584,0.000000,0.000017
6.476472,-1.420015,-0.264981,-8.295000,-0.031000,-0.135125,0.016375,0.427753,-0.554109,0.093249,3.141574,-0.000012,0.000004
6.480529,-1.420015,-0.264981,-8.295000,-0.031000,-0.135125,0.016375,0.427753,-0.554109,0.093249,3.141574,-0.000012,0.000004
6.484470,-1.419995,-0.265039,-8.295001,-0.031000,-0.135125,0.016375,0.427766,-0.554012,0.093229,-3.141578,0.000028,0.000012
6.488463,-1.420003,-0.265016,-8.295001,-0.031000,-0.135125,0.016375,0.427811,-0.553913,0.093241,-3.141591,0.000013,0.000044
6.492510,-1.420003,-0.265016,-8.295000,-0.031000,-0.135125,0.016375,0.427839,-0.553827,0.093242,-3.141591,0.000012,0.000044
6.496512,-1.400004,-0.285012,-8.175001,-0.029000,-0.132125,0.016375,0.427866,-0.553742,0.093241,3.141592,0.000010,0.000045
6.500512,-1.290008,-0.305001,-8.005000,-0.023000,-0.129125,0.015375,0.427894,-0.553657,0.093241,3.141586,0.000003,0.000045
6.504473,-1.290009,-0.304998,-8.005000,-0.023000,-0.129125,0.015375,0.427922,-0.553571,0.093240,3.141584,0.000000,0.000039
6.508513,-1.290010,-0.304996,-8.005000,-0.023000,-0.129125,0.015375,0.427951,-0.553483,0.093240,3.141583,-0.000001,0.000044
6.512488,-1.290011,-0.304993,-8.005000,-0.023000,-0.129125,0.015375,0.427977,-0.553396,0.093240,3.141581,-0.000003,0.000038
6.516511,-1.290010,-0.304996,-8.005000,-0.023000,-0.129125,0.015375,0.428003,-0.553310,0.093236,3.141583,-0.000001,0.000031
6.520510,-1.290011,-0.304994,-8.005000,-0.023000,-0.129125,0.015375,0.428029,-0.553223,0.093236,3.141581,-0.000003,0.000025
6.524511,-1.290009,-0.304999,-8.005000,-0.023000,-0.129125,0.015375,0.428055,-0.553136,0.093236,3.141584,0.000001,0.000019
6.528512,-1.290008,-0.305002,-8.005000,-0.023000,-0.129125,0.015375,0.428080,-0.553048,0.093234,3.141586,0.000003,0.000006
6.532512,-1.290008,-0.305001,-8.005000,-0.023000,-0.129125,0.015375,0.428107,-0.552963,0.093235,3.141586,0.000002,-0.000007
6.536512,-1.390006,-0.255006,-8.335000,-0.024000,-0.138125,0.014375,0.428133,-0.552876,0.093234,3.141589,0.000006,-0.000013
6.540513,-1.390005,-0.255010,-8.335001,-0.024000,-0.138125,0.014375,0.428157,-0.552792,0.093233,3.141591,0.000009,-0.000024
6.544516,-1.390005,-0.255010,-8.335001,-0.024000,-0.138125,0.014375,0.428185,-0.552706,0.093234,3.141591,0.000008,-0.000030
6.548513,-1.390008,-0.255002,-8.335000,-0.024000,-0.138125,0.014375,0.428212,-0.552625,0.093236,3.141586,0.000003,-0.000027
6.552513,-1.390009,-0.255000,-8.335000,-0.024000,-0.138125,0.014375,0.428238,-0.552542,0.093236,3.141585,0.000001,-0.000025
6.556513,-1.390009,-0.254998,-8.335000,-0.024000,-0.138125,0.014375,0.428261,-0.552461,0.093237,3.141584,0.000000,-0.000020
6.560495,-1.390008,-0.255002,-8.335000,-0.024000,-0.138125,0.014375,0.428288,-0.552376,0.093235,3.141586,0.000003,-0.000012
6.564512,-1.390006,-0.255008,-8.335000,-0.024000,-0.138125,0.014375,0.428314,-0.552292,0.093235,3.141590,0.000007,-0.000010
6.568512,-1.390009,-0.254999,-8.335000,-0.024000,-0.138125,0.014375,0.428339,-0.552209,0.093237,3.141585,0.000001,-0.000000
6.572513,-1.390007,-0.255003,-8.335000,-0.024000,-0.138125,0.014375,0.428363,-0.552125,0.093235,3.141587,0.000004,0.000002
6.576512,-1.390004,-0.255012,-8.335001,-0.024000,-0.138125,0.014375,0.428387,-0.552041,0.093230,3.141592,0.000010,0.000019
6.580512,-1.350001,-0.275023,-8.285001,-0.022000,-0.138125,0.014375,0.428415,-0.551936,0.093227,-3.141587,0.000017,0.000021
6.584512,-1.350001,-0.275020,-8.285001,-0.022000,-0.138125,0.014375,0.428436,-0.551873,0.093227,-3.141588,0.000016,0.000031
6.588519,-1.349996,-0.275036,-8.285001,-0.022000,-0.138125,0.014375,0.428464,-0.551768,0.093221,-3.141579,0.000027,0.000040
6.592532,-1.349988,-0.275059,-8.285002,-0.021999,-0.138125,0.014375,0.428473,-0.551696,0.093206,-3.141566,0.000043,0.000016
6.596513,-1.349996,-0.275037,-8.285001,-0.022000,-0.138125,0.014375,0.428510,-0.551622,0.093217,-3.141579,0.000027,0.000046
6.600513,-1.349996,-0.275035,-8.285001,-0.022000,-0.138125,0.014375,0.428535,-0.551540,0.093218,-3.141580,0.000026,0.000022
6.604512,-1.350008,-0.275002,-8.285000,-0.022000,-0.138125,0.014375,0.428567,-0.551458,0.093219,3.141586,0.000003,0.000022
6.608513,-1.350003,-0.275016,-8.285001,-0.022000,-0.138125,0.014375,0.428582,-0.551366,0.093219,-3.141591,0.000012,0.000025
6.612512,-1.350000,-0.275025,-8.285001,-0.022000,-0.138125,0.014375,0.428621,-0.551271,0.093215,-3.141586,0.000019,0.000055
6.616513,-1.300003,-0.295015,-8.085001,-0.021000,-0.134125,0.014375,0.428647,-0.551188,0.093216,-3.141591,0.000012,0.000051
6.620512,-1.300003,-0.295017,-8.085001,-0.021000,-0.134125,0.014375,0.428671,-0.551105,0.093211,-3.141590,0.000013,0.000040
6.624512,-1.300004,-0.295013,-8.085001,-0.021000,-0.134125,0.014375,0.428700,-0.551020,0.093209,3.141593,0.000010,0.000040
6.628512,-1.300003,-0.295015,-8.085001,-0.021000,-0.134125,0.014375,0.428723,-0.550935,0.093206,-3.141591,0.000012,0.000030
6.632512,-1.300005,-0.295011,-8.085001,-0.021000,-0.134125,0.014375,0.428749,-0.550853,0.093204,3.141592,0.000009,0.000026
6.636513,-1.300006,-0.295007,-8.085000,-0.021000,-0.134125,0.014375,0.428774,-0.550770,0.093202,3.141589,0.000006,0.000015
6.640512,-1.300006,-0.295008,-8.085000,-0.021000,-0.134125,0.014375,0.428799,-0.550687,0.093198,3.141590,0.000007,0.000011
6.644512,-1.300002,-0.295017,-8.085001,-0.021000,-0.134125,0.014375,0.428820,-0.550604,0.093193,-3.141590,0.000014,0.000002
6.648530,-1.300003,-0.295014,-8.085001,-0.021000,-0.134125,0.014375,0.428847,-0.550523,0.093192,-3.141592,0.000012,0.000005
6.652480,-1.350006,-0.275007,-8.105000,-0.024000,-0.135125,0.014375,0.428874,-0.550441,0.093195,3.141589,0.000006,0.000001
6.656480,-1.350007,-0.275004,-8.105000,-0.024000,-0.135125,0.014375,0.428898,-0.550362,0.093194,3.141587,0.000004,0.000006
6.660509,-1.400004,-0.245014,-8.205001,-0.028000,-0.136125,0.014375,0.428925,-0.550277,0.093190,-3.141592,0.000011,0.000013
6.664515,-1.400008,-0.245000,-8.205000,-0.028000,-0.136125,0.014375,0.428951,-0.550198,0.093195,3.141585,0.000002,0.000018
6.668511,-1.400008,-0.245000,-8.205000,-0.028000,-0.136125,0.014375,0.428951,-0.550198,0.093195,3.141585,0.000002,0.000018
6.672513,-1.400010,-0.244997,-8.205000,-0.028000,-0.136125,0.014375,0.429005,-0.550035,0.093196,3.141584,-0.000000,0.000030
6.676512,-1.400010,-0.244995,-8.205000,-0.028000,-0.136125,0.014375,0.429030,-0.549952,0.093196,3.141582,-0.000002,0.000033
6.680512,-1.400011,-0.244993,-8.205000,-0.028000,-0.136125,0.014375,0.429055,-0.549869,0.093196,3.141581,-0.000003,0.000043
6.684476,-1.400005,-0.245010,-8.205000,-0.028000,-0.136125,0.014375,0.429079,-0.549785,0.093191,3.141591,0.000008,0.000052
6.688512,-1.400006,-0.245008,-8.205000,-0.028000,-0.136125,0.014375,0.429104,-0.549702,0.093191,3.141590,0.000007,0.000055
6.692510,-1.400002,-0.245018,-8.205001,-0.028000,-0.136125,0.014375,0.429128,-0.549619,0.093188,-3.141589,0.000014,0.000057
6.696517,-1.550003,-0.195017,-8.435001,-0.030000,-0.143125,0.016375,0.429154,-0.549536,0.093188,-3.141591,0.000013,0.000060
6.700512,-1.550001,-0.195022,-8.435001,-0.030000,-0.143125,0.016375,0.429179,-0.549453,0.093188,-3.141587,0.000017,0.000063
6.704512,-1.550002,-0.195019,-8.435001,-0.030000,-0.143125,0.016375,0.429203,-0.549373,0.093187,-3.141589,0.000015,0.000061
6.708517,-1.550002,-0.195019,-8.435001,-0.030000,-0.143125,0.016375,0.429229,-0.549291,0.093189,-3.141589,0.000015,0.000064
6.712512,-1.550003,-0.195016,-8.435001,-0.030000,-0.143125,0.016375,0.429263,-0.549188,0.093189,-3.141591,0.000013,0.000071
6.716512,-1.550001,-0.195020,-8.435001,-0.030000,-0.143125,0.016375,0.429282,-0.549128,0.093187,-3.141588,0.000016,0.000042
6.720512,-1.550004,-0.195012,-8.435001,-0.030000,-0.143125,0.016375,0.429317,-0.549026,0.093189,3.141592,0.000010,0.000070
6.724512,-1.550005,-0.195009,-8.435000,-0.030000,-0.143125,0.016375,0.429344,-0.548944,0.093188,3.141591,0.000008,0.000066
6.728512,-1.550004,-0.195012,-8.435001,-0.030000,-0.143125,0.016375,0.429369,-0.548861,0.093185,3.141592,0.000010,0.000062
6.732518,-1.550005,-0.195010,-8.435000,-0.030000,-0.143125,0.016375,0.429395,-0.548780,0.093185,3.141591,0.000008,0.000058
6.736512,-1.570005,-0.295011,-8.495000,-0.026000,-0.144125,0.017375,0.429419,-0.548696,0.093180,3.141592,0.000009,0.000047
6.740516,-1.570006,-0.295008,-8.495000,-0.026000,-0.144125,0.017375,0.429446,-0.548614,0.093180,3.141590,0.000007,0.000043
6.744512,-1.570003,-0.295015,-8.495001,-0.026000,-0.144125,0.017375,0.429469,-0.548530,0.093173,-3.141592,0.000012,0.000039
6.748515,-1.570005,-0.295011,-8.495000,-0.026000,-0.144125,0.017375,0.429495,-0.548448,0.093170,3.141591,0.000009,0.000035
6.752504,-1.570008,-0.295000,-8.495000,-0.026000,-0.144125,0.017375,0.429521,-0.548367,0.093170,3.141585,0.000002,0.000038
6.756506,-1.570006,-0.295007,-8.495000,-0.026000,-0.144125,0.017375,0.429545,-0.548283,0.093163,3.141589,0.000006,0.000041
6.760558,-1.570012,-0.294989,-8.495000,-0.026000,-0.144125,0.017375,0.429572,-0.548202,0.093164,3.141579,-0.000006,0.000043
6.764497,-1.570014,-0.294984,-8.495000,-0.026000,-0.144125,0.017375,0.429599,-0.548120,0.093161,3.141576,-0.000010,0.000046
6.768537,-1.570016,-0.294979,-8.495000,-0.026000,-0.144125,0.017375,0.429624,-0.548038,0.093158,3.141573,-0.000013,0.000049
6.772533,-1.570019,-0.294969,-8.494999,-0.026000,-0.144125,0.017375,0.429651,-0.547957,0.093158,3.141567,-0.000020,0.000051
6.776530,-1.500020,-0.364966,-8.444999,-0.019000,-0.144125,0.016375,0.429677,-0.547875,0.093158,3.141566,-0.000022,0.000054
6.780524,-1.500026,-0.364950,-8.444999,-0.019001,-0.144125,0.016375,0.429706,-0.547795,0.093160,3.141556,-0.000033,0.000057
6.784517,-1.500021,-0.364964,-8.444999,-0.019000,-0.144125,0.016375,0.429729,-0.547711,0.093152,3.141564,-0.000024,0.000060
6.788517,-1.500022,-0.364961,-8.444999,-0.019000,-0.144125,0.016375,0.429755,-0.547629,0.093151,3.141563,-0.000026,0.000062
6.792515,-1.500021,-0.364964,-8.444999,-0.019000,-0.144125,0.016375,0.429779,-0.547546,0.093148,3.141565,-0.000023,0.000058
6.796515,-1.500015,-0.364981,-8.445000,-0.019000,-0.144125,0.016375,0.429802,-0.547461,0.093143,3.141574,-0.000012,0.000054
6.800514,-1.500016,-0.364978,-8.445000,-0.019000,-0.144125,0.016375,0.429828,-0.547380,0.093142,3.141572,-0.000014,0.000057
6.804514,-1.500013,-0.364988,-8.445000,-0.019000,-0.144125,0.016375,0.429852,-0.547296,0.093139,3.141578,-0.000007,0.000060
6.808511,-1.500009,-0.364999,-8.445000,-0.019000,-0.144125,0.016375,0.429879,-0.547211,0.093135,3.141585,0.000001,0.000060
6.812511,-1.590007,-0.315004,-8.495000,-0.021000,-0.149125,0.017375,0.429903,-0.547128,0.093135,3.141588,0.000005,0.000056
6.816512,-1.590004,-0.315015,-8.495001,-0.021000,-0.149125,0.017375,0.429927,-0.547045,0.093132,-3.141592,0.000012,0.000052
6.820513,-1.590004,-0.315014,-8.495000,-0.021000,-0.149125,0.017375,0.429954,-0.546964,0.093132,-3.141592,0.000011,0.000055
6.824512,-1.590000,-0.315024,-8.495001,-0.021000,-0.149125,0.017375,0.429979,-0.546880,0.093129,-3.141586,0.000018,0.000051
6.828512,-1.590003,-0.315016,-8.495001,-0.021000,-0.149125,0.017375,0.430005,-0.546799,0.093131,-3.141591,0.000013,0.000047
6.832511,-1.589999,-0.315027,-8.495001,-0.021000,-0.149125,0.017375,0.430031,-0.546714,0.093128,-3.141585,0.000020,0.000048
6.836511,-1.589996,-0.315038,-8.495001,-0.021000,-0.149125,0.017375,0.430056,-0.546627,0.093125,-3.141578,0.000028,0.000048
6.840513,-1.589994,-0.315042,-8.495001,-0.021000,-0.149125,0.017375,0.430082,-0.546541,0.093124,-3.141576,0.000031,0.000042
6.844512,-1.589995,-0.315039,-8.495001,-0.021000,-0.149125,0.017375,0.430108,-0.546456,0.093123,-3.141578,0.000029,0.000042
6.848512,-1.589996,-0.315037,-8.495001,-0.021000,-0.149125,0.017375,0.430133,-0.546369,0.093123,-3.141579,0.000027,0.000036
6.852544,-1.589996,-0.315037,-8.495001,-0.021000,-0.149125,0.017375,0.430133,-0.546369,0.093123,-3.141579,0.000027,0.000036
6.856538,-1.590001,-0.265023,-9.035001,-0.025000,-0.154125,0.018375,0.430184,-0.546197,0.093122,-3.141587,0.000018,0.000037
6.860482,-1.589994,-0.265044,-9.035001,-0.024999,-0.154125,0.018375,0.430201,-0.546100,0.093105,-3.141575,0.000032,0.000008
6.864508,-1.590001,-0.265022,-9.035001,-0.025000,-0.154125,0.018375,0.430227,-0.546014,0.093118,-3.141588,0.000017,0.000009
6.868513,-1.590001,-0.265022,-9.035001,-0.025000,-0.154125,0.018375,0.430227,-0.546014,0.093118,-3.141588,0.000017,0.000009
6.872476,-1.590010,-0.264995,-9.035000,-0.025000,-0.154125,0.018375,0.430297,-0.545831,0.093120,3.141582,-0.000002,0.000035
6.876512,-1.590014,-0.264984,-9.035000,-0.025000,-0.154125,0.018375,0.430323,-0.545745,0.093119,3.141576,-0.000009,0.000035
6.880512,-1.590018,-0.264974,-9.034999,-0.025000,-0.154125,0.018375,0.430350,-0.545660,0.093119,3.141570,-0.000017,0.000029
6.884510,-1.590021,-0.264963,-9.034999,-0.025000,-0.154125,0.018375,0.430379,-0.545573,0.093119,3.141564,-0.000025,0.000027
6.888512,-1.590021,-0.264964,-9.034999,-0.025000,-0.154125,0.018375,0.430404,-0.545487,0.093115,3.141565,-0.000023,0.000028
6.892513,-1.710024,-0.324954,-9.434999,-0.031001,-0.159125,0.022375,0.430431,-0.545402,0.093114,3.141559,-0.000031,0.000022
6.896482,-1.710026,-0.324949,-9.434999,-0.031001,-0.159125,0.022375,0.430458,-0.545318,0.093112,3.141556,-0.000034,0.000022
6.900512,-1.710027,-0.324946,-9.434999,-0.031001,-0.159125,0.022375,0.430486,-0.545230,0.093111,3.141554,-0.000036,0.000027
6.904511,-1.710026,-0.324948,-9.434999,-0.031001,-0.159125,0.022375,0.430512,-0.545145,0.093107,3.141555,-0.000035,0.000021
6.908515,-1.710026,-0.324948,-9.434999,-0.031001,-0.159125,0.022375,0.430512,-0.545145,0.093107,3.141555,-0.000035,0.000021
6.912511,-1.710031,-0.324935,-9.434998,-0.031001,-0.159125,0.022375,0.430565,-0.544975,0.093107,3.141548,-0.000044,0.000015
6.916512,-1.710030,-0.324936,-9.434998,-0.031001,-0.159125,0.022375,0.430593,-0.544887,0.093103,3.141549,-0.000043,0.000020
6.920513,-1.710029,-0.324941,-9.434998,-0.031001,-0.159125,0.022375,0.430618,-0.544801,0.093101,3.141551,-0.000040,0.000014
6.924512,-1.710025,-0.324952,-9.434999,-0.031001,-0.159125,0.022375,0.430643,-0.544715,0.093099,3.141558,-0.000032,0.000008
6.928516,-1.710022,-0.324961,-9.434999,-0.031000,-0.159125,0.022375,0.430671,-0.544626,0.093094,3.141563,-0.000026,0.000013
6.932510,-1.710020,-0.304965,-9.554999,-0.032000,-0.159125,0.021375,0.430696,-0.544540,0.093092,3.141565,-0.000023,0.000006
6.936514,-1.710021,-0.304963,-9.554999,-0.032000,-0.159125,0.021375,0.430725,-0.544454,0.093092,3.141564,-0.000024,0.000011
6.940512,-1.710015,-0.304981,-9.554999,-0.032000,-0.159125,0.021375,0.430748,-0.544366,0.093088,3.141574,-0.000012,0.000012
6.944510,-1.710016,-0.304979,-9.554999,-0.032000,-0.159125,0.021375,0.430775,-0.544281,0.093088,3.141573,-0.000013,0.000012
6.948512,-1.710014,-0.304983,-9.555000,-0.032000,-0.159125,0.021375,0.430802,-0.544193,0.093087,3.141575,-0.000010,0.000017
6.952512,-1.710013,-0.304987,-9.555000,-0.032000,-0.159125,0.021375,0.430830,-0.544106,0.093085,3.141578,-0.000008,0.000022
6.956518,-1.710009,-0.304999,-9.555000,-0.032000,-0.159125,0.021375,0.430854,-0.544019,0.093083,3.141584,0.000000,0.000023
6.960509,-1.710010,-0.304997,-9.555000,-0.032000,-0.159125,0.021375,0.430884,-0.543932,0.093083,3.141583,-0.000001,0.000028
6.964517,-1.710008,-0.305001,-9.555000,-0.032000,-0.159125,0.021375,0.430909,-0.543846,0.093081,3.141586,0.000002,0.000022
6.968517,-1.710005,-0.305010,-9.555000,-0.032000,-0.159125,0.021375,0.430933,-0.543760,0.093076,3.141591,0.000008,0.000015
6.972519,-1.710006,-0.305006,-9.555000,-0.032000,-0.159125,0.021375,0.430961,-0.543673,0.093075,3.141589,0.000006,0.000014
6.976476,-1.770007,-0.245003,-9.865000,-0.032000,-0.166125,0.021375,0.430989,-0.543585,0.093074,3.141587,0.000004,0.000012
6.980512,-1.770007,-0.245003,-9.865000,-0.032000,-0.166125,0.021375,0.430989,-0.543585,0.093074,3.141587,0.000004,0.000012
6.984521,-1.770008,-0.245002,-9.865000,-0.032000,-0.166125,0.021375,0.431041,-0.543411,0.093070,3.141587,0.000003,0.000004
6.988512,-1.770008,-0.245002,-9.865000,-0.032000,-0.166125,0.021375,0.431041,-0.543411,0.093070,3.141587,0.000003,0.000004
6.992519,-1.770010,-0.244996,-9.865000,-0.032000,-0.166125,0.021375,0.431073,-0.543303,0.093066,3.141583,-0.000002,0.000002
6.996514,-1.770012,-0.244991,-9.865000,-0.032000,-0.166125,0.021375,0.431083,-0.543228,0.093064,3.141580,-0.000005,-0.000031
7.000514,-1.770013,-0.244986,-9.865000,-0.032000,-0.166125,0.021375,0.431124,-0.543128,0.093062,3.141577,-0.000008,-0.000006
7.004518,-1.770017,-0.244974,-9.864999,-0.032000,-0.166125,0.021375,0.431154,-0.543042,0.093060,3.141570,-0.000017,-0.000007
7.008512,-1.770021,-0.244963,-9.864999,-0.032000,-0.166125,0.021375,0.431182,-0.542955,0.093060,3.141564,-0.000024,-0.000009
7.012512,-1.770023,-0.244958,-9.864999,-0.032001,-0.166125,0.021375,0.431208,-0.542870,0.093056,3.141561,-0.000028,-0.000015
7.016514,-1.770027,-0.384945,-10.174998,-0.027001,-0.171125,0.023375,0.431263,-0.542698,0.093056,3.141554,-0.000037,-0.000010
7.020514,-1.770027,-0.384945,-10.174998,-0.027001,-0.171125,0.023375,0.431263,-0.542698,0.093056,3.141554,-0.000037,-0.000010
7.024512,-1.770029,-0.384939,-10.174998,-0.027001,-0.171125,0.023375,0.431291,-0.542610,0.093053,3.141550,-0.000041,-0.000005
7.028516,-1.770030,-0.384936,-10.174998,-0.027001,-0.171125,0.023375,0.431318,-0.542523,0.093052,3.141548,-0.000044,0.000000
7.032511,-1.770028,-0.384943,-10.174998,-0.027001,-0.171125,0.023375,0.431342,-0.542436,0.093046,3.141553,-0.000038,0.000008
7.036512,-1.770029,-0.384940,-10.174998,-0.027001,-0.171125,0.023375,0.431369,-0.542348,0.093045,3.141551,-0.000041,0.000019
7.040511,-1.770027,-0.384944,-10.174998,-0.027001,-0.171125,0.023375,0.431394,-0.542262,0.093043,3.141553,-0.000038,0.000027
7.044514,-1.770024,-0.384954,-10.174999,-0.027001,-0.171125,0.023375,0.431420,-0.542173,0.093039,3.141559,-0.000031,0.000032
7.048510,-1.770023,-0.384956,-10.174999,-0.027001,-0.171125,0.023375,0.431445,-0.542087,0.093035,3.141560,-0.000030,0.000032
7.052512,-1.770022,-0.384960,-10.174999,-0.027001,-0.171125,0.023375,0.431472,-0.541999,0.093033,3.141562,-0.000027,0.000044
7.056511,-1.770018,-0.384971,-10.174999,-0.027000,-0.171125,0.023375,0.431496,-0.541913,0.093031,3.141569,-0.000019,0.000044
7.060512,-1.760017,-0.384974,-10.514999,-0.026000,-0.175125,0.025375,0.431524,-0.541826,0.093028,3.141571,-0.000017,0.000049
7.064511,-1.760015,-0.384980,-10.514999,-0.026000,-0.175125,0.025375,0.431550,-0.541741,0.093028,3.141574,-0.000013,0.000043
7.068511,-1.760013,-0.384985,-10.515000,-0.026000,-0.175125,0.025375,0.431576,-0.541656,0.093028,3.141577,-0.000009,0.000044
7.072512,-1.760010,-0.384996,-10.515000,-0.026000,-0.175125,0.025375,0.431603,-0.541568,0.093024,3.141583,-0.000001,0.000042
7.076512,-1.760010,-0.384996,-10.515000,-0.026000,-0.175125,0.025375,0.431603,-0.541568,0.093024,3.141583,-0.000001,0.000042
7.080511,-1.760002,-0.385019,-10.515001,-0.026000,-0.175125,0.025375,0.431654,-0.541393,0.093020,-3.141589,0.000015,0.000034
7.084510,-1.760000,-0.385024,-10.515001,-0.026000,-0.175125,0.025375,0.431680,-0.541308,0.093019,-3.141586,0.000019,0.000028
7.088512,-1.759997,-0.385034,-10.515001,-0.026000,-0.175125,0.025375,0.431704,-0.541222,0.093015,-3.141581,0.000025,0.000015
7.092515,-1.759994,-0.385044,-10.515001,-0.025999,-0.175125,0.025375,0.431729,-0.541133,0.093011,-3.141575,0.000032,0.000013
7.096511,-1.829993,-0.305048,-10.885001,-0.034999,-0.179125,0.025375,0.431754,-0.541047,0.093009,-3.141573,0.000035,0.000007
7.100512,-1.829990,-0.305057,-10.885002,-0.034999,-0.179125,0.025375,0.431780,-0.540959,0.093005,-3.141568,0.000041,0.000005
7.104511,-1.829989,-0.305059,-10.885002,-0.034999,-0.179125,0.025375,0.431804,-0.540872,0.093001,-3.141566,0.000043,-0.000001
7.108516,-1.829988,-0.305062,-10.885002,-0.034999,-0.179125,0.025375,0.431832,-0.540785,0.092999,-3.141565,0.000045,-0.000003
7.112509,-1.829991,-0.305053,-10.885002,-0.034999,-0.179125,0.025375,0.431858,-0.540700,0.093000,-3.141570,0.000039,-0.000009
7.116512,-1.829995,-0.305041,-10.885001,-0.035000,-0.179125,0.025375,0.431887,-0.540614,0.092998,-3.141577,0.000031,-0.000004
7.120512,-1.830008,-0.305002,-10.885000,-0.035000,-0.179125,0.025375,0.431918,-0.540530,0.093002,3.141586,0.000003,-0.000019
7.124516,-1.830001,-0.305022,-10.885001,-0.035000,-0.179125,0.025375,0.431944,-0.540445,0.092999,-3.141588,0.000017,-0.000012
7.128511,-1.830004,-0.305015,-10.885000,-0.035000,-0.179125,0.025375,0.431980,-0.540337,0.092996,-3.141591,0.000012,0.000031
7.132511,-1.830005,-0.305011,-10.885000,-0.035000,-0.179125,0.025375,0.432006,-0.540252,0.092994,3.141591,0.000009,0.000038
7.136512,-1.940009,-0.294999,-11.205000,-0.040000,-0.185125,0.026375,0.432033,-0.540168,0.092992,3.141585,0.000001,0.000052
7.140512,-1.940008,-0.295001,-11.205000,-0.040000,-0.185125,0.026375,0.432060,-0.540084,0.092989,3.141586,0.000002,0.000060
7.144516,-1.940010,-0.294996,-11.205000,-0.040000,-0.185125,0.026375,0.432085,-0.540003,0.092986,3.141583,-0.000001,0.000069
7.148512,-1.940007,-0.295005,-11.205000,-0.040000,-0.185125,0.026375,0.432109,-0.539916,0.092981,3.141588,0.000005,0.000076
7.152511,-1.940006,-0.295007,-11.205000,-0.040000,-0.185125,0.026375,0.432133,-0.539834,0.092977,3.141589,0.000007,0.000079
7.156518,-1.940007,-0.295004,-11.205000,-0.040000,-0.185125,0.026375,0.432160,-0.539751,0.092976,3.141588,0.000005,0.000086
7.160512,-1.940008,-0.295001,-11.205000,-0.040000,-0.185125,0.026375,0.432185,-0.539669,0.092976,3.141586,0.000002,0.000082
7.164511,-1.940007,-0.295005,-11.205000,-0.040000,-0.185125,0.026375,0.432212,-0.539586,0.092973,3.141588,0.000005,0.000083
7.168511,-1.940007,-0.295004,-11.205000,-0.040000,-0.185125,0.026375,0.432241,-0.539503,0.092974,3.141587,0.000004,0.000083
7.172511,-1.940010,-0.294995,-11.205000,-0.040000,-0.185125,0.026375,0.432267,-0.539422,0.092975,3.141582,-0.000002,0.000073
7.176512,-2.030010,-0.464995,-11.535000,-0.038000,-0.191125,0.028375,0.432296,-0.539340,0.092977,3.141582,-0.000002,0.000066
7.180512,-2.030010,-0.464994,-11.535000,-0.038000,-0.191125,0.028375,0.432322,-0.539256,0.092979,3.141582,-0.000002,0.000060
7.184513,-2.030013,-0.464987,-11.535000,-0.038000,-0.191125,0.028375,0.432350,-0.539177,0.092982,3.141578,-0.000008,0.000049
7.188511,-2.030009,-0.464999,-11.535000,-0.038000,-0.191125,0.028375,0.432375,-0.539092,0.092980,3.141585,0.000001,0.000043
7.192512,-2.030008,-0.465000,-11.535000,-0.038000,-0.191125,0.028375,0.432403,-0.539009,0.092983,3.141585,0.000002,0.000037
7.196512,-2.030004,-0.465012,-11.535000,-0.038000,-0.191125,0.028375,0.432429,-0.538925,0.092981,3.141592,0.000010,0.000031
7.200511,-2.030003,-0.465017,-11.535001,-0.038000,-0.191125,0.028375,0.432453,-0.538842,0.092980,-3.141591,0.000013,0.000013
7.204512,-2.029999,-0.465030,-11.535001,-0.038000,-0.191125,0.028375,0.432478,-0.538757,0.092979,-3.141583,0.000022,0.000000
7.208513,-2.029995,-0.465040,-11.535001,-0.038000,-0.191125,0.028375,0.432502,-0.538671,0.092975,-3.141577,0.000030,-0.000006
7.212509,-2.029997,-0.465034,-11.535001,-0.038000,-0.191125,0.028375,0.432528,-0.538591,0.092979,-3.141581,0.000025,-0.000010
7.216518,-2.009996,-0.445038,-11.895001,-0.034000,-0.196125,0.027375,0.432554,-0.538506,0.092978,-3.141578,0.000029,0.000004
7.220512,-2.009992,-0.445049,-11.895002,-0.033999,-0.196125,0.027375,0.432579,-0.538421,0.092974,-3.141572,0.000036,0.000018
7.224512,-2.009997,-0.445035,-11.895001,-0.034000,-0.196125,0.027375,0.432608,-0.538339,0.092979,-3.141580,0.000026,0.000032
7.228517,-2.009999,-0.445029,-11.895001,-0.034000,-0.196125,0.027375,0.432633,-0.538258,0.092982,-3.141584,0.000022,0.000041
7.232510,-2.009999,-0.445028,-11.895001,-0.034000,-0.196125,0.027375,0.432660,-0.538174,0.092984,-3.141584,0.000021,0.000055
7.236513,-2.010002,-0.445019,-11.895001,-0.034000,-0.196125,0.027375,0.432686,-0.538093,0.092985,-3.141589,0.000015,0.000058
7.240483,-2.010003,-0.445018,-11.895001,-0.034000,-0.196125,0.027375,0.432713,-0.538011,0.092986,-3.141590,0.000014,0.000072
7.244512,-2.010003,-0.445015,-11.895001,-0.034000,-0.196125,0.027375,0.432738,-0.537929,0.092985,-3.141591,0.000012,0.000081
7.248512,-2.010006,-0.445006,-11.895000,-0.034000,-0.196125,0.027375,0.432763,-0.537848,0.092987,3.141589,0.000006,0.000091
7.252512,-2.010005,-0.445009,-11.895000,-0.034000,-0.196125,0.027375,0.432786,-0.537765,0.092984,3.141591,0.000008,0.000094
7.256511,-2.030005,-0.435011,-11.755001,-0.032000,-0.196125,0.027375,0.432810,-0.537683,0.092980,3.141592,0.000010,0.000090
7.260512,-2.030006,-0.435009,-11.755001,-0.032000,-0.196125,0.027375,0.432834,-0.537601,0.092980,3.141590,0.000008,0.000086
7.264512,-2.030005,-0.435012,-11.755001,-0.032000,-0.196125,0.027375,0.432857,-0.537518,0.092977,3.141592,0.000010,0.000082
7.268520,-2.030004,-0.435014,-11.755001,-0.032000,-0.196125,0.027375,0.432883,-0.537434,0.092973,-3.141592,0.000011,0.000042
7.272512,-2.030004,-0.435014,-11.755001,-0.032000,-0.196125,0.027375,0.432898,-0.537345,0.092968,-3.141592,0.000011,0.000038
7.276510,-2.030005,-0.435011,-11.755001,-0.032000,-0.196125,0.027375,0.432936,-0.537251,0.092968,3.141592,0.000009,0.000061
7.280515,-2.030006,-0.435007,-11.755001,-0.032000,-0.196125,0.027375,0.432964,-0.537168,0.092966,3.141589,0.000007,0.000054
7.284513,-2.030007,-0.435003,-11.755000,-0.032000,-0.196125,0.027375,0.432989,-0.537088,0.092964,3.141587,0.000004,0.000037
7.288520,-2.030010,-0.434995,-11.755000,-0.032000,-0.196125,0.027375,0.433015,-0.537007,0.092965,3.141582,-0.000002,0.000026
7.292515,-2.010007,-0.425004,-11.675000,-0.032000,-0.195125,0.027375,0.433038,-0.536925,0.092961,3.141588,0.000004,0.000016
7.296511,-1.910012,-0.394989,-11.485000,-0.031000,-0.191125,0.025375,0.433066,-0.536845,0.092964,3.141579,-0.000006,0.000005
7.300512,-1.910009,-0.394999,-11.485000,-0.031000,-0.191125,0.025375,0.433089,-0.536763,0.092960,3.141585,0.000001,-0.000006
7.304512,-1.910009,-0.394997,-11.485000,-0.031000,-0.191125,0.025375,0.433116,-0.536680,0.092961,3.141584,-0.000000,-0.000012
7.308513,-1.910008,-0.395002,-11.485000,-0.031000,-0.191125,0.025375,0.433140,-0.536598,0.092959,3.141586,0.000003,-0.000016
7.312518,-1.910006,-0.395007,-11.485001,-0.031000,-0.191125,0.025375,0.433166,-0.536514,0.092958,3.141589,0.000006,-0.000016
7.316515,-1.910005,-0.395011,-11.485001,-0.031000,-0.191125,0.025375,0.433189,-0.536432,0.092957,3.141592,0.000009,-0.000013
7.320513,-1.910001,-0.395022,-11.485001,-0.031000,-0.191125,0.025375,0.433211,-0.536348,0.092953,-3.141588,0.000017,-0.000010
7.324512,-1.910000,-0.395028,-11.485001,-0.031000,-0.191125,0.025375,0.433236,-0.536267,0.092953,-3.141584,0.000021,-0.000001
7.328511,-1.909998,-0.395032,-11.485001,-0.031000,-0.191125,0.025375,0.433261,-0.536182,0.092952,-3.141582,0.000024,0.000006
7.332512,-2.009998,-0.355032,-11.675001,-0.039000,-0.193125,0.027375,0.433287,-0.536098,0.092954,-3.141582,0.000024,0.000020
7.336513,-2.009996,-0.355037,-11.675001,-0.039000,-0.193125,0.027375,0.433312,-0.536013,0.092954,-3.141579,0.000028,0.000028
7.340512,-2.009996,-0.355037,-11.675001,-0.039000,-0.193125,0.027375,0.433338,-0.535929,0.092955,-3.141579,0.000028,0.000042
7.344512,-2.009997,-0.355035,-11.675001,-0.039000,-0.193125,0.027375,0.433363,-0.535844,0.092956,-3.141580,0.000026,0.000042
7.348512,-2.009995,-0.355041,-11.675001,-0.039000,-0.193125,0.027375,0.433390,-0.535757,0.092955,-3.141577,0.000030,0.000054
7.352511,-2.009995,-0.355041,-11.675001,-0.039000,-0.193125,0.027375,0.433417,-0.535670,0.092958,-3.141577,0.000031,0.000052
7.356471,-2.009995,-0.355041,-11.675001,-0.039000,-0.193125,0.027375,0.433443,-0.535586,0.092960,-3.141577,0.000030,0.000053
7.360510,-2.009993,-0.355046,-11.675001,-0.038999,-0.193125,0.027375,0.433469,-0.535499,0.092959,-3.141574,0.000034,0.000051
7.364512,-2.009993,-0.355047,-11.675001,-0.038999,-0.193125,0.027375,0.433494,-0.535414,0.092962,-3.141574,0.000035,0.000011
7.368512,-2.009996,-0.355039,-11.675001,-0.039000,-0.193125,0.027375,0.433523,-0.535328,0.092965,-3.141578,0.000029,0.000043
7.372518,-2.009999,-0.355030,-11.675001,-0.039000,-0.193125,0.027375,0.433538,-0.535236,0.092967,-3.141583,0.000023,0.000003
7.376512,-2.079999,-0.245031,-11.985001,-0.047000,-0.196125,0.027375,0.433565,-0.535149,0.092969,-3.141583,0.000023,0.000001
7.380509,-2.080001,-0.245023,-11.985001,-0.047000,-0.196125,0.027375,0.433608,-0.535052,0.092972,-3.141587,0.000018,0.000020
7.384518,-2.080000,-0.245027,-11.985001,-0.047000,-0.196125,0.027375,0.433634,-0.534964,0.092970,-3.141585,0.000021,0.000011
7.388513,-2.080003,-0.245017,-11.985001,-0.047000,-0.196125,0.027375,0.433660,-0.534880,0.092970,-3.141591,0.000013,-0.000002
7.392521,-2.080004,-0.245015,-11.985001,-0.047000,-0.196125,0.027375,0.433688,-0.534794,0.092970,-3.141592,0.000012,-0.000010
7.396517,-2.080004,-0.245015,-11.985001,-0.047000,-0.196125,0.027375,0.433688,-0.534794,0.092970,-3.141592,0.000012,-0.000010
7.400512,-2.080010,-0.244995,-11.985000,-0.047000,-0.196125,0.027375,0.433742,-0.534624,0.092971,3.141583,-0.000002,-0.000025
7.404512,-2.080013,-0.244985,-11.985000,-0.047000,-0.196125,0.027375,0.433768,-0.534540,0.092971,3.141577,-0.000009,-0.000024
7.408512,-2.080014,-0.244983,-11.985000,-0.047000,-0.196125,0.027375,0.433795,-0.534454,0.092972,3.141576,-0.000011,-0.000026
7.412513,-2.080015,-0.244980,-11.985000,-0.047000,-0.196125,0.027375,0.433821,-0.534370,0.092971,3.141574,-0.000013,-0.000019
7.416512,-2.160014,-0.314983,-11.835000,-0.042000,-0.198125,0.027375,0.433848,-0.534283,0.092968,3.141576,-0.000010,-0.000014
7.420512,-2.160013,-0.314985,-11.835000,-0.042000,-0.198125,0.027375,0.433874,-0.534199,0.092965,3.141577,-0.000009,-0.000013
7.424512,-2.160016,-0.314977,-11.835000,-0.042000,-0.198125,0.027375,0.433902,-0.534113,0.092967,3.141573,-0.000014,-0.000001
7.428512,-2.160017,-0.314975,-11.834999,-0.042000,-0.198125,0.027375,0.433930,-0.534027,0.092966,3.141571,-0.000017,0.000010
7.432515,-2.160013,-0.314985,-11.835000,-0.042000,-0.198125,0.027375,0.433957,-0.533940,0.092963,3.141577,-0.000009,0.000022
7.436511,-2.160012,-0.314990,-11.835000,-0.042000,-0.198125,0.027375,0.433984,-0.533854,0.092962,3.141579,-0.000006,0.000034
7.440512,-2.160012,-0.314990,-11.835000,-0.042000,-0.198125,0.027375,0.433984,-0.533854,0.092962,3.141579,-0.000006,0.000034
7.444524,-2.160011,-0.314992,-11.835000,-0.042000,-0.198125,0.027375,0.434039,-0.533681,0.092961,3.141581,-0.000004,0.000044
7.448512,-2.160010,-0.314996,-11.835000,-0.042000,-0.198125,0.027375,0.434064,-0.533593,0.092959,3.141583,-0.000001,0.000056
7.452519,-2.160010,-0.314996,-11.835000,-0.042000,-0.198125,0.027375,0.434064,-0.533593,0.092959,3.141583,-0.000001,0.000056
7.456510,-2.100003,-0.425019,-11.695000,-0.034000,-0.198125,0.027375,0.434115,-0.533417,0.092953,-3.141590,0.000015,0.000059
7.460518,-2.100003,-0.425017,-11.695000,-0.034000,-0.198125,0.027375,0.434142,-0.533330,0.092954,-3.141591,0.000013,0.000064
7.464518,-2.100003,-0.425017,-11.695000,-0.034000,-0.198125,0.027375,0.434142,-0.533330,0.092954,-3.141591,0.000013,0.000064
7.468513,-2.100002,-0.425020,-11.695001,-0.034000,-0.198125,0.027375,0.434195,-0.533156,0.092954,-3.141589,0.000016,0.000054
7.472513,-2.100002,-0.425021,-11.695001,-0.034000,-0.198125,0.027375,0.434221,-0.533069,0.092956,-3.141588,0.000016,0.000045
7.476484,-2.100004,-0.425014,-11.695000,-0.034000,-0.198125,0.027375,0.434248,-0.532982,0.092960,-3.141592,0.000011,0.000037
7.480513,-2.100002,-0.425020,-11.695000,-0.034000,-0.198125,0.027375,0.434275,-0.532895,0.092960,-3.141589,0.000015,0.000022
7.484510,-2.100006,-0.425007,-11.695000,-0.034000,-0.198125,0.027375,0.434301,-0.532812,0.092965,3.141589,0.000006,0.000009
7.488508,-2.100006,-0.425007,-11.695000,-0.034000,-0.198125,0.027375,0.434301,-0.532812,0.092965,3.141589,0.000006,0.000009
7.492478,-2.100008,-0.425000,-11.695000,-0.034000,-0.198125,0.027375,0.434356,-0.532636,0.092971,3.141585,0.000002,0.000003
7.496514,-2.100008,-0.425000,-11.695000,-0.034000,-0.198125,0.027375,0.434356,-0.532636,0.092971,3.141585,0.000002,0.000003
7.500522,-2.060010,-0.394994,-11.905000,-0.030000,-0.202125,0.027375,0.434407,-0.532464,0.092977,3.141582,-0.000003,-0.000005
7.504513,-2.060009,-0.394998,-11.905000,-0.030000,-0.202125,0.027375,0.434432,-0.532376,0.092975,3.141584,0.000000,-0.000000
7.508511,-2.060009,-0.394998,-11.905000,-0.030000,-0.202125,0.027375,0.434432,-0.532376,0.092975,3.141584,0.000000,-0.000000
7.512511,-2.060009,-0.394998,-11.905000,-0.030000,-0.202125,0.027375,0.434464,-0.532267,0.092978,3.141584,-0.000000,0.000003
7.516513,-2.060005,-0.395009,-11.905000,-0.030000,-0.202125,0.027375,0.434472,-0.532192,0.092976,3.141590,0.000008,-0.000024
7.520514,-2.060008,-0.395002,-11.905000,-0.030000,-0.202125,0.027375,0.434516,-0.532092,0.092979,3.141587,0.000003,0.000020
7.524511,-2.060008,-0.395001,-11.905000,-0.030000,-0.202125,0.027375,0.434544,-0.532003,0.092979,3.141586,0.000002,0.000029
7.528519,-2.060009,-0.394999,-11.905000,-0.030000,-0.202125,0.027375,0.434571,-0.531916,0.092980,3.141585,0.000001,0.000034
7.532509,-2.060011,-0.394991,-11.905000,-0.030000,-0.202125,0.027375,0.434599,-0.531830,0.092982,3.141580,-0.000005,0.000046
7.536518,-2.060012,-0.394989,-11.905000,-0.030000,-0.202125,0.027375,0.434625,-0.531743,0.092982,3.141579,-0.000006,0.000044
7.540512,-2.100014,-0.334983,-11.674999,-0.036000,-0.198125,0.025375,0.434653,-0.531658,0.092987,3.141576,-0.000010,0.000049
7.544512,-2.100013,-0.334987,-11.675000,-0.036000,-0.198125,0.025375,0.434682,-0.531569,0.092984,3.141578,-0.000008,0.000059
7.548511,-2.100013,-0.334985,-11.674999,-0.036000,-0.198125,0.025375,0.434708,-0.531482,0.092985,3.141577,-0.000009,0.000064
7.552511,-2.100012,-0.334990,-11.675000,-0.036000,-0.198125,0.025375,0.434734,-0.531395,0.092984,3.141580,-0.000005,0.000062
7.556512,-2.100010,-0.334994,-11.675000,-0.036000,-0.198125,0.025375,0.434759,-0.531306,0.092983,3.141582,-0.000003,0.000060
7.560511,-2.100011,-0.334991,-11.675000,-0.036000,-0.198125,0.025375,0.434787,-0.531221,0.092982,3.141581,-0.000005,0.000059
7.564511,-2.100006,-0.335008,-11.675000,-0.036000,-0.198125,0.025375,0.434813,-0.531130,0.092977,3.141590,0.000007,0.000068
7.568518,-2.100005,-0.335012,-11.675000,-0.036000,-0.198125,0.025375,0.434838,-0.531042,0.092975,3.141592,0.000010,0.000060
7.572512,-2.100001,-0.335023,-11.675001,-0.036000,-0.198125,0.025375,0.434863,-0.530954,0.092972,-3.141587,0.000018,0.000058
7.576512,-1.940000,-0.365028,-11.225001,-0.036000,-0.185125,0.025375,0.434889,-0.530867,0.092972,-3.141584,0.000022,0.000056
7.580512,-1.940000,-0.365026,-11.225001,-0.036000,-0.185125,0.025375,0.434915,-0.530780,0.092972,-3.141585,0.000020,0.000048
7.584509,-1.939997,-0.365037,-11.225001,-0.036000,-0.185125,0.025375,0.434941,-0.530693,0.092969,-3.141579,0.000028,0.000032
7.588476,-1.939999,-0.365030,-11.225001,-0.036000,-0.185125,0.025375,0.434978,-0.530584,0.092972,-3.141584,0.000022,0.000033
7.592511,-1.939998,-0.365035,-11.225001,-0.036000,-0.185125,0.025375,0.434997,-0.530518,0.092971,-3.141581,0.000026,0.000034
7.596511,-1.940003,-0.365019,-11.225001,-0.036000,-0.185125,0.025375,0.435035,-0.530410,0.092974,-3.141590,0.000015,0.000034
7.600517,-1.940003,-0.365018,-11.225001,-0.036000,-0.185125,0.025375,0.435056,-0.530346,0.092974,-3.141590,0.000014,0.000035
7.604511,-1.940009,-0.364999,-11.225000,-0.036000,-0.185125,0.025375,0.435085,-0.530262,0.092982,3.141585,0.000001,0.000040
7.608512,-1.940006,-0.365009,-11.225000,-0.036000,-0.185125,0.025375,0.435100,-0.530166,0.092978,3.141590,0.000008,0.000004
7.612511,-2.040002,-0.365021,-11.135001,-0.041000,-0.185125,0.025375,0.435126,-0.530079,0.092968,-3.141589,0.000016,0.000009
7.616511,-2.040016,-0.364977,-11.134999,-0.041000,-0.185125,0.025375,0.435166,-0.529999,0.092983,3.141572,-0.000015,0.000012
7.620511,-2.039999,-0.365030,-11.135001,-0.041000,-0.185125,0.025375,0.435179,-0.529902,0.092966,-3.141583,0.000023,0.000017
7.624511,-2.040007,-0.365004,-11.135000,-0.041000,-0.185125,0.025375,0.435223,-0.529802,0.092982,3.141587,0.000004,0.000054
7.628512,-2.040004,-0.365015,-11.135000,-0.041000,-0.185125,0.025375,0.435249,-0.529712,0.092980,-3.141592,0.000012,0.000056
7.632515,-2.040005,-0.365010,-11.135000,-0.041000,-0.185125,0.025375,0.435277,-0.529626,0.092984,3.141591,0.000008,0.000055
7.636511,-2.040004,-0.365015,-11.135000,-0.041000,-0.185125,0.025375,0.435300,-0.529541,0.092984,-3.141592,0.000012,0.000048
7.640512,-2.040005,-0.365010,-11.135000,-0.041000,-0.185125,0.025375,0.435327,-0.529459,0.092989,3.141591,0.000009,0.000049
7.644511,-2.040007,-0.365005,-11.135000,-0.041000,-0.185125,0.025375,0.435354,-0.529377,0.092994,3.141588,0.000005,0.000049
7.648511,-2.040008,-0.365000,-11.135000,-0.041000,-0.185125,0.025375,0.435382,-0.529295,0.092999,3.141586,0.000002,0.000063
7.652512,-2.040008,-0.365001,-11.135000,-0.041000,-0.185125,0.025375,0.435406,-0.529214,0.093001,3.141586,0.000002,0.000053
7.656515,-1.960009,-0.354999,-11.135000,-0.037000,-0.184125,0.024375,0.435432,-0.529131,0.093002,3.141585,0.000001,0.000053
7.660511,-1.960009,-0.354999,-11.135000,-0.037000,-0.184125,0.024375,0.435459,-0.529049,0.093004,3.141585,0.000001,0.000054
7.664511,-1.960011,-0.354992,-11.135000,-0.037000,-0.184125,0.024375,0.435484,-0.528969,0.093007,3.141581,-0.000004,0.000050
7.668513,-1.960011,-0.354990,-11.135000,-0.037000,-0.184125,0.024375,0.435510,-0.528886,0.093007,3.141580,-0.000005,0.000050
7.672511,-1.960008,-0.355002,-11.135000,-0.037000,-0.184125,0.024375,0.435534,-0.528802,0.093005,3.141587,0.000003,0.000044
7.676511,-1.960006,-0.355008,-11.135000,-0.037000,-0.184125,0.024375,0.435559,-0.528718,0.093005,3.141590,0.000008,0.000044
7.680511,-1.960006,-0.355007,-11.135000,-0.037000,-0.184125,0.024375,0.435585,-0.528635,0.093006,3.141589,0.000007,0.000038
7.684531,-1.960003,-0.355017,-11.135000,-0.037000,-0.184125,0.024375,0.435609,-0.528551,0.093002,-3.141591,0.000013,0.000039
7.688509,-1.960003,-0.355017,-11.135000,-0.037000,-0.184125,0.024375,0.435609,-0.528551,0.093002,-3.141591,0.000013,0.000039
7.692476,-1.859996,-0.365040,-10.415001,-0.032000,-0.175125,0.022375,0.435656,-0.528385,0.092997,-3.141578,0.000030,0.000028
7.696511,-1.859997,-0.365037,-10.415001,-0.032000,-0.175125,0.022375,0.435683,-0.528303,0.092997,-3.141579,0.000028,0.000036
7.700517,-1.859993,-0.365048,-10.415002,-0.031999,-0.175125,0.022375,0.435708,-0.528219,0.092994,-3.141573,0.000036,0.000036
7.704512,-1.859992,-0.365052,-10.415002,-0.031999,-0.175125,0.022375,0.435733,-0.528136,0.092991,-3.141571,0.000038,0.000037
7.708511,-1.859992,-0.365052,-10.415002,-0.031999,-0.175125,0.022375,0.435758,-0.528056,0.092993,-3.141571,0.000039,0.000033
7.712511,-1.859993,-0.365050,-10.415002,-0.031999,-0.175125,0.022375,0.435785,-0.527974,0.092993,-3.141573,0.000037,0.000033
7.716511,-1.859992,-0.365053,-10.415002,-0.031999,-0.175125,0.022375,0.435810,-0.527890,0.092991,-3.141571,0.000039,0.000027
7.720478,-1.859993,-0.365051,-10.415002,-0.031999,-0.175125,0.022375,0.435837,-0.527808,0.092990,-3.141572,0.000038,0.000027
7.724511,-1.859989,-0.365062,-10.415002,-0.031999,-0.175125,0.022375,0.435862,-0.527725,0.092987,-3.141566,0.000046,0.000028
7.728511,-1.859991,-0.365058,-10.415002,-0.031999,-0.175125,0.022375,0.435888,-0.527642,0.092986,-3.141568,0.000043,0.000028
7.732511,-1.819983,-0.385082,-10.185003,-0.030999,-0.171125,0.021375,0.435900,-0.527552,0.092972,-3.141555,0.000060,-0.000009
7.736509,-1.819983,-0.385082,-10.185003,-0.030999,-0.171125,0.021375,0.435900,-0.527552,0.092972,-3.141555,0.000060,-0.000009
7.740512,-1.709988,-0.375064,-9.775002,-0.027999,-0.165125,0.019375,0.435966,-0.527375,0.092983,-3.141564,0.000047,0.000019
7.744513,-1.709987,-0.375068,-9.775002,-0.027999,-0.165125,0.019375,0.435992,-0.527292,0.092981,-3.141562,0.000050,0.000019
7.748511,-1.709990,-0.375061,-9.775002,-0.027999,-0.165125,0.019375,0.436019,-0.527210,0.092983,-3.141567,0.000045,0.000020
7.752477,-1.709988,-0.375066,-9.775002,-0.027999,-0.165125,0.019375,0.436043,-0.527130,0.092982,-3.141564,0.000048,0.000016
7.756512,-1.709989,-0.375064,-9.775002,-0.027999,-0.165125,0.019375,0.436066,-0.527048,0.092983,-3.141565,0.000047,0.000012
7.760511,-1.709989,-0.375064,-9.775002,-0.027999,-0.165125,0.019375,0.436093,-0.526966,0.092985,-3.141564,0.000047,0.000006
7.764518,-1.709987,-0.375069,-9.775002,-0.027999,-0.165125,0.019375,0.436117,-0.526886,0.092984,-3.141562,0.000051,0.000002
7.768511,-1.709987,-0.375070,-9.775002,-0.027999,-0.165125,0.019375,0.436143,-0.526804,0.092986,-3.141562,0.000051,0.000009
7.772509,-1.639987,-0.345069,-9.705002,-0.031999,-0.159125,0.019375,0.436167,-0.526723,0.092988,-3.141562,0.000051,0.000005
7.776508,-1.639987,-0.345070,-9.705002,-0.031999,-0.159125,0.019375,0.436194,-0.526641,0.092990,-3.141562,0.000051,0.000012
7.780542,-1.639991,-0.345057,-9.705002,-0.031999,-0.159125,0.019375,0.436219,-0.526562,0.092996,-3.141568,0.000042,0.000015
7.784545,-1.639991,-0.345057,-9.705002,-0.031999,-0.159125,0.019375,0.436245,-0.526479,0.092998,-3.141568,0.000042,0.000022
7.788539,-1.639989,-0.345063,-9.705002,-0.031999,-0.159125,0.019375,0.436276,-0.526377,0.092998,-3.141565,0.000046,0.000023
7.792532,-1.639991,-0.345056,-9.705002,-0.031999,-0.159125,0.019375,0.436295,-0.526316,0.093001,-3.141569,0.000041,0.000025
7.796472,-1.639990,-0.345061,-9.705002,-0.031999,-0.159125,0.019375,0.436309,-0.526228,0.093001,-3.141566,0.000045,-0.000006
7.800519,-1.639988,-0.345067,-9.705002,-0.031999,-0.159125,0.019375,0.436344,-0.526152,0.093000,-3.141563,0.000049,0.000028
7.804521,-1.639986,-0.345073,-9.705002,-0.031999,-0.159125,0.019375,0.436366,-0.526071,0.093000,-3.141560,0.000054,0.000024
7.808517,-1.639988,-0.345068,-9.705002,-0.031999,-0.159125,0.019375,0.436393,-0.525989,0.093005,-3.141562,0.000050,0.000032
7.812515,-1.649986,-0.305073,-9.605002,-0.034999,-0.157125,0.019375,0.436416,-0.525908,0.093004,-3.141560,0.000054,0.000021
7.816515,-1.629984,-0.285079,-9.315003,-0.035999,-0.152125,0.018375,0.436439,-0.525827,0.093004,-3.141556,0.000058,0.000017
7.820513,-1.629984,-0.285079,-9.315003,-0.035999,-0.152125,0.018375,0.436465,-0.525745,0.093006,-3.141556,0.000058,0.000011
7.824514,-1.629982,-0.285087,-9.315003,-0.035999,-0.152125,0.018375,0.436491,-0.525662,0.093007,-3.141552,0.000064,0.000011
7.828504,-1.629982,-0.285087,-9.315003,-0.035999,-0.152125,0.018375,0.436515,-0.525582,0.093009,-3.141552,0.000064,0.000000
7.832508,-1.629980,-0.285092,-9.315003,-0.035999,-0.152125,0.018375,0.436541,-0.525499,0.093008,-3.141549,0.000067,0.000001
7.836478,-1.629982,-0.285086,-9.315003,-0.035999,-0.152125,0.018375,0.436566,-0.525417,0.093012,-3.141553,0.000063,0.000001
7.840514,-1.629979,-0.285095,-9.315003,-0.035999,-0.152125,0.018375,0.436592,-0.525330,0.093008,-3.141548,0.000069,-0.000034
7.844512,-1.629987,-0.285072,-9.315002,-0.035999,-0.152125,0.018375,0.436621,-0.525246,0.093010,-3.141561,0.000052,-0.000036
7.848517,-1.629978,-0.285099,-9.315003,-0.035999,-0.152125,0.018375,0.436646,-0.525159,0.093007,-3.141546,0.000072,-0.000037
7.852512,-1.629981,-0.285090,-9.315003,-0.035999,-0.152125,0.018375,0.436680,-0.525053,0.093010,-3.141550,0.000066,-0.000008
7.856512,-1.589980,-0.315095,-8.435003,-0.028999,-0.143125,0.017375,0.436706,-0.524966,0.093008,-3.141548,0.000069,-0.000003
7.860567,-1.589982,-0.315086,-8.435003,-0.028999,-0.143125,0.017375,0.436734,-0.524882,0.093010,-3.141553,0.000063,-0.000004
7.864511,-1.589983,-0.315083,-8.435003,-0.028999,-0.143125,0.017375,0.436763,-0.524794,0.093009,-3.141554,0.000061,-0.000002
7.868511,-1.589984,-0.315080,-8.435003,-0.028999,-0.143125,0.017375,0.436789,-0.524708,0.093008,-3.141556,0.000059,0.000004
7.872514,-1.589987,-0.315071,-8.435002,-0.028999,-0.143125,0.017375,0.436817,-0.524623,0.093010,-3.141561,0.000052,0.000015
7.876511,-1.589986,-0.315074,-8.435002,-0.028999,-0.143125,0.017375,0.436839,-0.524538,0.093007,-3.141559,0.000055,0.000016
7.880511,-1.589989,-0.315064,-8.435002,-0.028999,-0.143125,0.017375,0.436868,-0.524455,0.093007,-3.141565,0.000047,0.000021
7.884512,-1.589992,-0.315054,-8.435002,-0.028999,-0.143125,0.017375,0.436895,-0.524369,0.093007,-3.141570,0.000040,0.000039
7.888510,-1.589995,-0.315045,-8.435002,-0.028999,-0.143125,0.017375,0.436923,-0.524285,0.093009,-3.141575,0.000034,0.000044
7.892520,-1.539997,-0.305036,-7.995001,-0.028000,-0.137125,0.016375,0.436951,-0.524200,0.093010,-3.141580,0.000027,0.000049
7.896512,-1.459998,-0.325033,-7.655001,-0.025000,-0.131125,0.015375,0.436977,-0.524114,0.093009,-3.141582,0.000025,0.000054
7.900519,-1.459998,-0.325033,-7.655001,-0.025000,-0.131125,0.015375,0.436977,-0.524114,0.093009,-3.141582,0.000025,0.000054
7.904511,-1.460001,-0.325023,-7.655001,-0.025000,-0.131125,0.015375,0.437032,-0.523944,0.093011,-3.141587,0.000018,0.000058
7.908511,-1.460004,-0.325016,-7.655001,-0.025000,-0.131125,0.015375,0.437061,-0.523861,0.093014,-3.141591,0.000013,0.000049
7.912512,-1.460004,-0.325014,-7.655001,-0.025000,-0.131125,0.015375,0.437088,-0.523776,0.093015,-3.141592,0.000012,0.000047
7.916514,-1.460004,-0.325013,-7.655001,-0.025000,-0.131125,0.015375,0.437113,-0.523693,0.093016,3.141592,0.000011,0.000034
7.920513,-1.460005,-0.325012,-7.655001,-0.025000,-0.131125,0.015375,0.437139,-0.523606,0.093017,3.141592,0.000010,0.000033
7.924515,-1.460007,-0.325005,-7.655000,-0.025000,-0.131125,0.015375,0.437168,-0.523523,0.093020,3.141588,0.000005,0.000024
7.928513,-1.460007,-0.325005,-7.655000,-0.025000,-0.131125,0.015375,0.437168,-0.523523,0.093020,3.141588,0.000005,0.000024
7.932470,-1.460005,-0.325012,-7.655001,-0.025000,-0.131125,0.015375,0.437193,-0.523436,0.093021,3.141592,0.000010,0.000022
7.936519,-1.359999,-0.325030,-7.235001,-0.018000,-0.126125,0.014375,0.437242,-0.523262,0.093019,-3.141584,0.000023,0.000006
7.940511,-1.359999,-0.325030,-7.235001,-0.018000,-0.126125,0.014375,0.437242,-0.523262,0.093019,-3.141584,0.000023,0.000006
7.944512,-1.359990,-0.325061,-7.235002,-0.017999,-0.126125,0.014375,0.437255,-0.523166,0.093004,-3.141567,0.000045,-0.000030
7.948511,-1.359998,-0.325035,-7.235001,-0.018000,-0.126125,0.014375,0.437294,-0.523087,0.093020,-3.141581,0.000026,-0.000000
7.952515,-1.359993,-0.325052,-7.235002,-0.017999,-0.126125,0.014375,0.437317,-0.522998,0.093015,-3.141572,0.000038,-0.000036
7.956512,-1.359993,-0.325052,-7.235002,-0.017999,-0.126125,0.014375,0.437334,-0.522902,0.093018,-3.141572,0.000038,-0.000033
7.960511,-1.359991,-0.325057,-7.235002,-0.017999,-0.126125,0.014375,0.437377,-0.522799,0.093017,-3.141569,0.000042,0.000008
7.964514,-1.359993,-0.325051,-7.235002,-0.017999,-0.126125,0.014375,0.437405,-0.522714,0.093021,-3.141572,0.000038,0.000013
7.968514,-1.359989,-0.325064,-7.235002,-0.017999,-0.126125,0.014375,0.437430,-0.522625,0.093020,-3.141565,0.000047,0.000023
7.972511,-1.359990,-0.325062,-7.235002,-0.017999,-0.126125,0.014375,0.437457,-0.522540,0.093021,-3.141566,0.000046,0.000035
7.976511,-1.359992,-0.325054,-7.235002,-0.017999,-0.126125,0.014375,0.437487,-0.522453,0.093022,-3.141571,0.000040,0.000051
7.980513,-1.239991,-0.285059,-6.655002,-0.017999,-0.116125,0.013375,0.437511,-0.522366,0.093022,-3.141568,0.000044,0.000056
7.984512,-1.239991,-0.285056,-6.655002,-0.017999,-0.116125,0.013375,0.437539,-0.522278,0.093021,-3.141569,0.000042,0.000072
7.988511,-1.239993,-0.285052,-6.655002,-0.017999,-0.116125,0.013375,0.437564,-0.522191,0.093019,-3.141572,0.000039,0.000077
7.992511,-1.239994,-0.285049,-6.655002,-0.017999,-0.116125,0.013375,0.437592,-0.522103,0.093019,-3.141573,0.000037,0.000087
7.996512,-1.239994,-0.285049,-6.655002,-0.017999,-0.116125,0.013375,0.437592,-0.522103,0.093019,-3.141573,0.000037,0.000087
8.000511,-1.239998,-0.285035,-6.655001,-0.018000,-0.116125,0.013375,0.437642,-0.521930,0.093018,-3.141581,0.000027,0.000083
8.004511,-1.239995,-0.285043,-6.655001,-0.018000,-0.116125,0.013375,0.437668,-0.521841,0.093012,-3.141576,0.000033,0.000079
8.008511,-1.239999,-0.285032,-6.655001,-0.018000,-0.116125,0.013375,0.437693,-0.521754,0.093011,-3.141583,0.000024,0.000071
8.012511,-1.240002,-0.285020,-6.655001,-0.018000,-0.116125,0.013375,0.437723,-0.521668,0.093010,-3.141589,0.000016,0.000074
8.016516,-1.090006,-0.255010,-6.145000,-0.018000,-0.104125,0.010375,0.437749,-0.521582,0.093010,3.141591,0.000008,0.000065
8.020516,-1.090005,-0.255010,-6.145001,-0.018000,-0.104125,0.010375,0.437776,-0.521493,0.093005,3.141591,0.000009,0.000054
8.024511,-1.090009,-0.254999,-6.145000,-0.018000,-0.104125,0.010375,0.437803,-0.521409,0.093004,3.141585,0.000001,0.000039
8.028510,-1.090011,-0.254991,-6.145000,-0.018000,-0.104125,0.010375,0.437832,-0.521321,0.092998,3.141581,-0.000005,0.000029
8.032511,-1.090016,-0.254974,-6.144999,-0.018000,-0.104125,0.010375,0.437861,-0.521238,0.092999,3.141571,-0.000017,0.000020
8.036511,-1.090018,-0.254968,-6.144999,-0.018000,-0.104125,0.010375,0.437888,-0.521154,0.092995,3.141568,-0.000022,0.000005
8.040511,-1.090016,-0.254975,-6.144999,-0.018000,-0.104125,0.010375,0.437913,-0.521067,0.092989,3.141571,-0.000017,-0.000004
8.044511,-1.090018,-0.254967,-6.144999,-0.018000,-0.104125,0.010375,0.437939,-0.520986,0.092984,3.141567,-0.000022,-0.000010
8.048514,-1.090020,-0.254962,-6.144999,-0.018000,-0.104125,0.010375,0.437965,-0.520904,0.092981,3.141565,-0.000025,-0.000009
8.052512,-1.090018,-0.254970,-6.144999,-0.018000,-0.104125,0.010375,0.437988,-0.520819,0.092975,3.141569,-0.000020,-0.000002
8.056512,-1.090018,-0.254970,-6.144999,-0.018000,-0.104125,0.010375,0.438016,-0.520735,0.092969,3.141569,-0.000020,0.000010
8.060511,-1.100017,-0.214971,-5.964999,-0.024000,-0.099125,0.011375,0.438040,-0.520652,0.092964,3.141569,-0.000019,0.000017
8.064512,-1.100013,-0.214984,-5.965000,-0.024000,-0.099125,0.011375,0.438064,-0.520569,0.092956,3.141577,-0.000010,0.000031
8.068512,-1.100013,-0.214985,-5.965000,-0.024000,-0.099125,0.011375,0.438090,-0.520484,0.092951,3.141577,-0.000009,0.000043
8.072512,-1.100012,-0.214988,-5.965000,-0.024000,-0.099125,0.011375,0.438116,-0.520401,0.092948,3.141579,-0.000007,0.000057
8.076511,-1.100012,-0.214988,-5.965000,-0.024000,-0.099125,0.011375,0.438141,-0.520319,0.092942,3.141579,-0.000007,0.000071
8.080511,-1.100010,-0.214996,-5.965000,-0.024000,-0.099125,0.011375,0.438169,-0.520235,0.092936,3.141583,-0.000001,0.000076
8.084511,-1.100009,-0.214998,-5.965000,-0.024000,-0.099125,0.011375,0.438194,-0.520153,0.092933,3.141585,0.000000,0.000090
8.088510,-1.100008,-0.215000,-5.965000,-0.024000,-0.099125,0.011375,0.438220,-0.520072,0.092929,3.141585,0.000002,0.000056
8.092511,-1.100008,-0.215000,-5.965000,-0.024000,-0.099125,0.011375,0.438246,-0.519990,0.092923,3.141585,0.000002,0.000057
8.096477,-1.200008,-0.255000,-6.735000,-0.024000,-0.111125,0.012375,0.438279,-0.519887,0.092917,3.141585,0.000001,0.000082
8.100509,-1.200010,-0.254995,-6.735000,-0.024000,-0.111125,0.012375,0.438307,-0.519803,0.092915,3.141583,-0.000002,0.000074
8.104512,-1.200008,-0.255001,-6.735000,-0.024000,-0.111125,0.012375,0.438331,-0.519720,0.092907,3.141586,0.000002,0.000068
8.108509,-1.200008,-0.255002,-6.735000,-0.024000,-0.111125,0.012375,0.438355,-0.519637,0.092902,3.141587,0.000003,0.000061
8.112511,-1.200010,-0.254996,-6.735000,-0.024000,-0.111125,0.012375,0.438379,-0.519554,0.092899,3.141583,-0.000001,0.000048
8.116512,-1.200010,-0.254995,-6.735000,-0.024000,-0.111125,0.012375,0.438406,-0.519469,0.092892,3.141582,-0.000002,0.000040
8.120512,-1.200014,-0.254981,-6.735000,-0.024000,-0.111125,0.012375,0.438431,-0.519387,0.092888,3.141575,-0.000012,0.000027
8.124510,-1.200014,-0.254979,-6.734999,-0.024000,-0.111125,0.012375,0.438458,-0.519302,0.092881,3.141574,-0.000013,0.000018
8.128512,-1.200020,-0.254960,-6.734999,-0.024001,-0.111125,0.012375,0.438484,-0.519221,0.092880,3.141563,-0.000028,0.000005
8.132512,-1.200023,-0.254950,-6.734999,-0.024001,-0.111125,0.012375,0.438510,-0.519140,0.092873,3.141558,-0.000035,-0.000001
8.136514,-1.470028,-0.314935,-8.194998,-0.028001,-0.137125,0.017375,0.438537,-0.519058,0.092868,3.141550,-0.000045,-0.000014
8.140512,-1.470034,-0.314914,-8.194998,-0.028001,-0.137125,0.017375,0.438565,-0.518978,0.092866,3.141539,-0.000060,-0.000020
8.144511,-1.470038,-0.314901,-8.194997,-0.028001,-0.137125,0.017375,0.438592,-0.518898,0.092863,3.141531,-0.000070,-0.000026
8.148511,-1.470038,-0.314898,-8.194997,-0.028001,-0.137125,0.017375,0.438618,-0.518816,0.092855,3.141530,-0.000071,-0.000026
8.152512,-1.470042,-0.314885,-8.194997,-0.028001,-0.137125,0.017375,0.438645,-0.518736,0.092852,3.141523,-0.000081,-0.000018
8.156511,-1.470047,-0.314869,-8.194996,-0.028002,-0.137125,0.017375,0.438673,-0.518655,0.092847,3.141514,-0.000092,-0.000005
8.160513,-1.470051,-0.314854,-8.194996,-0.028002,-0.137125,0.017375,0.438699,-0.518574,0.092843,3.141506,-0.000103,0.000003
8.164511,-1.470053,-0.314847,-8.194995,-0.028002,-0.137126,0.017375,0.438725,-0.518493,0.092838,3.141502,-0.000108,0.000017
8.168511,-1.470050,-0.314858,-8.194996,-0.028002,-0.137125,0.017375,0.438746,-0.518411,0.092827,3.141508,-0.000100,0.000019
8.172512,-1.470050,-0.314858,-8.194996,-0.028002,-0.137125,0.017375,0.438771,-0.518329,0.092821,3.141508,-0.000100,0.000033
8.176512,-1.640049,-0.384861,-9.734996,-0.030002,-0.161125,0.022375,0.438796,-0.518247,0.092818,3.141510,-0.000098,0.000041
8.180512,-1.640047,-0.384869,-9.734996,-0.030002,-0.161125,0.022375,0.438819,-0.518163,0.092813,3.141515,-0.000092,0.000048
8.184511,-1.640049,-0.384862,-9.734996,-0.030002,-0.161125,0.022375,0.438845,-0.518082,0.092808,3.141511,-0.000098,0.000021
8.188512,-1.640045,-0.384875,-9.734997,-0.030002,-0.161125,0.022375,0.438869,-0.517999,0.092806,3.141517,-0.000088,0.000022
8.192511,-1.640034,-0.384913,-9.734998,-0.030001,-0.161125,0.022375,0.438897,-0.517893,0.092798,3.141538,-0.000061,0.000054
8.196511,-1.640034,-0.384912,-9.734998,-0.030001,-0.161125,0.022375,0.438921,-0.517814,0.092800,3.141538,-0.000062,0.000050
8.200512,-1.640031,-0.384924,-9.734998,-0.030001,-0.161125,0.022375,0.438945,-0.517731,0.092798,3.141544,-0.000053,0.000044
8.204511,-1.640025,-0.384942,-9.734999,-0.030001,-0.161125,0.022375,0.438969,-0.517648,0.092793,3.141554,-0.000040,0.000038
8.208515,-1.640024,-0.384946,-9.734999,-0.030001,-0.161125,0.022375,0.438995,-0.517567,0.092791,3.141556,-0.000037,0.000031
8.212511,-1.640019,-0.384964,-9.734999,-0.030000,-0.161125,0.022375,0.439018,-0.517484,0.092787,3.141566,-0.000025,0.000018
8.216511,-1.930019,-0.404963,-11.244999,-0.038000,-0.186125,0.026375,0.439044,-0.517402,0.092788,3.141565,-0.000025,0.000012
8.220511,-1.930016,-0.404973,-11.244999,-0.038000,-0.186125,0.026375,0.439069,-0.517320,0.092784,3.141571,-0.000018,0.000006
8.224511,-1.930013,-0.404984,-11.245000,-0.038000,-0.186125,0.026375,0.439091,-0.517236,0.092781,3.141577,-0.000010,-0.000000
8.228512,-1.930009,-0.404999,-11.245000,-0.038000,-0.186125,0.026375,0.439115,-0.517153,0.092774,3.141585,0.000001,-0.000007
8.232484,-1.930009,-0.404998,-11.245000,-0.038000,-0.186125,0.026375,0.439139,-0.517070,0.092775,3.141584,-0.000000,-0.000013
8.236515,-1.930008,-0.405000,-11.245000,-0.038000,-0.186125,0.026375,0.439163,-0.516988,0.092772,3.141585,0.000002,-0.000019
8.240511,-1.930005,-0.405011,-11.245000,-0.038000,-0.186125,0.026375,0.439186,-0.516904,0.092769,3.141591,0.000010,-0.000025
8.244511,-1.930006,-0.405009,-11.245000,-0.038000,-0.186125,0.026375,0.439211,-0.516822,0.092769,3.141590,0.000008,-0.000032
8.248511,-1.930005,-0.405013,-11.245000,-0.038000,-0.186125,0.026375,0.439236,-0.516737,0.092766,3.141592,0.000010,-0.000027
8.252511,-2.180004,-0.405015,-12.435001,-0.050000,-0.202125,0.029375,0.439261,-0.516654,0.092763,-3.141592,0.000012,-0.000019
8.256511,-2.180006,-0.405007,-12.435000,-0.050000,-0.202125,0.029375,0.439287,-0.516574,0.092765,3.141589,0.000006,-0.000012
8.260512,-2.180006,-0.405009,-12.435000,-0.050000,-0.202125,0.029375,0.439312,-0.516491,0.092761,3.141590,0.000008,-0.000005
8.264511,-2.180009,-0.404999,-12.435000,-0.050000,-0.202125,0.029375,0.439337,-0.516410,0.092762,3.141585,0.000001,0.000009
8.268511,-2.180011,-0.404991,-12.435000,-0.050000,-0.202125,0.029375,0.439364,-0.516329,0.092764,3.141581,-0.000005,0.000010
8.272517,-2.180014,-0.404981,-12.435000,-0.050000,-0.202125,0.029375,0.439389,-0.516247,0.092764,3.141575,-0.000012,0.000024
8.276511,-2.180015,-0.404976,-12.434999,-0.050000,-0.202125,0.029375,0.439416,-0.516163,0.092761,3.141573,-0.000016,0.000042
8.280526,-2.180018,-0.404966,-12.434999,-0.050000,-0.202125,0.029375,0.439441,-0.516082,0.092762,3.141567,-0.000023,0.000049
8.284517,-2.180021,-0.404956,-12.434999,-0.050001,-0.202125,0.029375,0.439467,-0.516000,0.092762,3.141562,-0.000030,0.000043
8.288528,-2.180022,-0.404954,-12.434999,-0.050001,-0.202125,0.029375,0.439491,-0.515918,0.092762,3.141561,-0.000032,0.000050
8.292510,-2.180019,-0.404963,-12.434999,-0.050000,-0.202125,0.029375,0.439516,-0.515832,0.092757,3.141565,-0.000025,0.000022
8.296513,-2.180019,-0.404963,-12.434999,-0.050000,-0.202125,0.029375,0.439516,-0.515832,0.092757,3.141565,-0.000025,0.000022
8.300481,-2.360021,-0.434956,-13.314998,-0.054001,-0.217125,0.032375,0.439572,-0.515647,0.092755,3.141562,-0.000030,0.000047
8.304485,-2.360022,-0.434953,-13.314998,-0.054001,-0.217125,0.032375,0.439596,-0.515565,0.092754,3.141560,-0.000032,0.000041
8.308512,-2.360020,-0.434959,-13.314999,-0.054001,-0.217125,0.032375,0.439620,-0.515482,0.092754,3.141563,-0.000028,0.000042
8.312514,-2.360021,-0.434956,-13.314998,-0.054001,-0.217125,0.032375,0.439647,-0.515398,0.092753,3.141562,-0.000030,0.000040
8.316511,-2.360020,-0.434961,-13.314999,-0.054000,-0.217125,0.032375,0.439671,-0.515316,0.092752,3.141564,-0.000026,0.000027
8.320520,-2.360020,-0.434960,-13.314999,-0.054000,-0.217125,0.032375,0.439697,-0.515234,0.092753,3.141564,-0.000027,0.000014
8.324513,-2.360018,-0.434965,-13.314999,-0.054000,-0.217125,0.032375,0.439721,-0.515152,0.092753,3.141567,-0.000023,0.000001
8.328475,-2.360017,-0.434971,-13.314999,-0.054000,-0.217125,0.032375,0.439745,-0.515069,0.092752,3.141569,-0.000020,-0.000005
8.332513,-2.580015,-0.504978,-13.915000,-0.055000,-0.231125,0.034375,0.439771,-0.514985,0.092753,3.141574,-0.000014,-0.000007
8.336514,-2.580015,-0.504978,-13.915000,-0.055000,-0.231125,0.034375,0.439797,-0.514901,0.092755,3.141574,-0.000014,-0.000009
8.340513,-2.580009,-0.504997,-13.915000,-0.055000,-0.231125,0.034375,0.439821,-0.514814,0.092752,3.141584,-0.000001,-0.000004
8.344481,-2.580009,-0.504997,-13.915000,-0.055000,-0.231125,0.034375,0.439821,-0.514814,0.092752,3.141584,-0.000001,-0.000004
8.348514,-2.580009,-0.504997,-13.915000,-0.055000,-0.231125,0.034375,0.439850,-0.514728,0.092754,3.141584,-0.000001,-0.000001
8.352513,-2.580005,-0.505012,-13.915001,-0.055000,-0.231125,0.034375,0.439900,-0.514557,0.092756,3.141592,0.000010,0.000009
8.356481,-2.580005,-0.505012,-13.915001,-0.055000,-0.231125,0.034375,0.439900,-0.514557,0.092756,3.141592,0.000010,0.000009
8.360484,-2.580001,-0.505026,-13.915001,-0.055000,-0.231125,0.034375,0.439954,-0.514382,0.092759,-3.141586,0.000020,0.000028
8.364482,-2.580001,-0.505026,-13.915001,-0.055000,-0.231125,0.034375,0.439980,-0.514298,0.092761,-3.141586,0.000020,0.000033
8.368484,-2.579997,-0.505040,-13.915001,-0.055000,-0.231125,0.034375,0.440006,-0.514210,0.092760,-3.141579,0.000030,0.000043
8.372480,-2.579997,-0.505040,-13.915001,-0.055000,-0.231125,0.034375,0.440006,-0.514210,0.092760,-3.141579,0.000030,0.000043
8.376475,-2.619995,-0.505047,-14.295002,-0.050999,-0.241125,0.034375,0.440058,-0.514037,0.092763,-3.141575,0.000035,0.000051
8.380476,-2.619995,-0.505047,-14.295002,-0.050999,-0.241125,0.034375,0.440085,-0.513953,0.092765,-3.141575,0.000035,0.000056
8.384476,-2.619995,-0.505048,-14.295002,-0.050999,-0.241125,0.034375,0.440112,-0.513865,0.092768,-3.141574,0.000036,0.000058
8.388480,-2.619995,-0.505048,-14.295002,-0.050999,-0.241125,0.034375,0.440112,-0.513865,0.092768,-3.141574,0.000036,0.000058
8.392513,-2.619994,-0.505049,-14.295002,-0.050999,-0.241125,0.034375,0.440139,-0.513778,0.092771,-3.141574,0.000037,0.000061
8.396513,-2.619994,-0.505050,-14.295002,-0.050999,-0.241125,0.034375,0.440171,-0.513672,0.092774,-3.141573,0.000037,0.000064
8.400513,-2.619986,-0.505077,-14.295003,-0.050999,-0.241125,0.034375,0.440182,-0.513599,0.092764,-3.141558,0.000057,0.000035
8.404519,-2.619992,-0.505058,-14.295002,-0.050999,-0.241125,0.034375,0.440224,-0.513500,0.092779,-3.141569,0.000044,0.000065
8.408513,-2.619993,-0.505053,-14.295002,-0.050999,-0.241125,0.034375,0.440253,-0.513414,0.092784,-3.141571,0.000040,0.000061
8.412478,-2.619993,-0.505054,-14.295002,-0.050999,-0.241125,0.034375,0.440279,-0.513330,0.092786,-3.141571,0.000040,0.000053
8.416479,-2.669995,-0.555049,-14.355001,-0.045999,-0.246125,0.035375,0.440305,-0.513246,0.092791,-3.141574,0.000036,0.000044
8.420513,-2.669995,-0.555049,-14.355001,-0.045999,-0.246125,0.035375,0.440334,-0.513159,0.092793,-3.141574,0.000037,0.000040
8.424513,-2.639994,-0.585050,-14.235001,-0.043999,-0.244125,0.036375,0.440361,-0.513072,0.092796,-3.141573,0.000037,0.000036
8.428512,-2.639996,-0.585045,-14.235001,-0.043999,-0.244125,0.036375,0.440387,-0.512988,0.092801,-3.141576,0.000034,0.000028
8.432480,-2.639994,-0.585051,-14.235001,-0.043999,-0.244125,0.036375,0.440414,-0.512900,0.092801,-3.141573,0.000038,0.000037
8.436512,-2.639994,-0.585052,-14.235001,-0.043999,-0.244125,0.036375,0.440439,-0.512815,0.092804,-3.141572,0.000039,0.000036
8.440514,-2.639993,-0.585053,-14.235001,-0.043999,-0.244125,0.036375,0.440466,-0.512728,0.092807,-3.141572,0.000040,0.000038
8.444522,-2.639996,-0.585043,-14.235001,-0.044000,-0.244125,0.036375,0.440495,-0.512642,0.092815,-3.141577,0.000032,0.000041
8.448513,-2.639992,-0.585058,-14.235002,-0.043999,-0.244125,0.036375,0.440519,-0.512553,0.092816,-3.141569,0.000043,0.000051
8.452513,-2.609993,-0.585054,-14.175002,-0.043999,-0.242125,0.035375,0.440547,-0.512466,0.092822,-3.141571,0.000040,0.000047
8.456518,-2.609993,-0.585056,-14.175002,-0.043999,-0.242125,0.035375,0.440572,-0.512377,0.092826,-3.141570,0.000042,0.000050
8.460513,-2.429993,-0.525053,-13.715002,-0.044999,-0.231125,0.033375,0.440600,-0.512291,0.092833,-3.141571,0.000040,0.000052
8.464513,-2.429994,-0.525051,-13.715002,-0.044999,-0.231125,0.033375,0.440626,-0.512207,0.092841,-3.141573,0.000038,0.000051
8.468513,-2.429993,-0.525054,-13.715002,-0.044999,-0.231125,0.033375,0.440653,-0.512119,0.092846,-3.141571,0.000041,0.000053
8.472512,-2.429994,-0.525052,-13.715002,-0.044999,-0.231125,0.033375,0.440681,-0.512033,0.092853,-3.141572,0.000039,0.000049
8.476513,-2.429994,-0.525052,-13.715002,-0.044999,-0.231125,0.033375,0.440709,-0.511946,0.092863,-3.141572,0.000039,0.000052
8.480513,-2.429993,-0.525055,-13.715002,-0.044999,-0.231125,0.033375,0.440735,-0.511859,0.092868,-3.141570,0.000041,0.000048
8.484512,-2.429991,-0.525060,-13.715002,-0.044999,-0.231125,0.033375,0.440763,-0.511772,0.092875,-3.141568,0.000045,0.000051
8.488511,-2.429992,-0.525059,-13.715002,-0.044999,-0.231125,0.033375,0.440790,-0.511685,0.092883,-3.141568,0.000044,0.000054
8.492513,-2.429989,-0.525070,-13.715002,-0.044999,-0.231125,0.033375,0.440816,-0.511597,0.092888,-3.141563,0.000052,0.000050
8.496513,-2.429987,-0.525076,-13.715003,-0.044999,-0.231125,0.033375,0.440842,-0.511509,0.092896,-3.141559,0.000056,0.000019
8.500512,-2.209985,-0.425083,-12.485002,-0.045999,-0.206125,0.029375,0.440858,-0.511414,0.092904,-3.141556,0.000061,0.000015
8.504520,-2.209985,-0.425083,-12.485002,-0.045999,-0.206125,0.029375,0.440858,-0.511414,0.092904,-3.141556,0.000061,0.000015
8.508513,-2.209981,-0.425098,-12.485003,-0.045999,-0.206125,0.029375,0.440925,-0.511223,0.092915,-3.141548,0.000072,0.000045
8.512512,-2.209981,-0.425097,-12.485003,-0.045999,-0.206125,0.029375,0.440951,-0.511136,0.092924,-3.141548,0.000071,0.000042
8.516513,-2.209981,-0.425097,-12.485003,-0.045999,-0.206125,0.029375,0.440979,-0.511050,0.092933,-3.141548,0.000071,0.000038
8.520513,-2.209982,-0.425095,-12.485003,-0.045999,-0.206125,0.029375,0.441006,-0.510962,0.092942,-3.141549,0.000070,0.000040
8.524513,-2.209982,-0.425095,-12.485003,-0.045999,-0.206125,0.029375,0.441033,-0.510876,0.092951,-3.141549,0.000070,0.000036
8.528513,-2.209980,-0.425100,-12.485003,-0.045999,-0.206125,0.029375,0.441058,-0.510791,0.092958,-3.141546,0.000074,0.000028
8.532514,-2.209982,-0.425094,-12.485003,-0.045999,-0.206125,0.029375,0.441088,-0.510706,0.092970,-3.141550,0.000070,0.000031
8.536517,-2.209979,-0.425104,-12.485003,-0.045999,-0.206125,0.029375,0.441112,-0.510621,0.092973,-3.141544,0.000077,0.000029
8.540513,-1.889980,-0.325101,-10.815003,-0.041999,-0.175125,0.025375,0.441139,-0.510538,0.092980,-3.141546,0.000074,0.000027
8.544517,-1.889978,-0.325108,-10.815004,-0.041999,-0.175125,0.025375,0.441165,-0.510453,0.092981,-3.141542,0.000080,0.000026
8.548513,-1.889977,-0.325114,-10.815004,-0.041999,-0.175125,0.025375,0.441190,-0.510368,0.092980,-3.141539,0.000083,0.000024
8.552512,-1.889977,-0.325114,-10.815004,-0.041999,-0.175125,0.025375,0.441190,-0.510368,0.092980,-3.141539,0.000083,0.000024
8.556515,-1.889976,-0.325115,-10.815004,-0.041999,-0.175125,0.025375,0.441240,-0.510203,0.092978,-3.141539,0.000085,0.000016
8.560510,-1.889975,-0.325119,-10.815004,-0.041999,-0.175125,0.025375,0.441267,-0.510116,0.092976,-3.141537,0.000087,0.000019
8.564513,-1.889972,-0.325129,-10.815004,-0.041998,-0.175125,0.025375,0.441289,-0.510033,0.092972,-3.141531,0.000095,0.000019
8.568516,-1.889971,-0.325134,-10.815004,-0.041998,-0.175125,0.025375,0.441315,-0.509948,0.092971,-3.141529,0.000098,0.000011
8.572513,-1.619972,-0.305132,-9.055004,-0.032998,-0.149125,0.021375,0.441340,-0.509864,0.092971,-3.141530,0.000097,0.000009
8.576513,-1.519971,-0.315134,-8.455004,-0.029998,-0.140125,0.019375,0.441366,-0.509780,0.092967,-3.141529,0.000099,0.000007
8.580513,-1.519973,-0.315128,-8.455004,-0.029998,-0.140125,0.019375,0.441393,-0.509697,0.092971,-3.141532,0.000094,0.000006
8.584512,-1.519975,-0.315120,-8.455004,-0.029999,-0.140125,0.019375,0.441420,-0.509614,0.092973,-3.141536,0.000088,0.000004
8.588513,-1.519977,-0.315112,-8.455004,-0.029999,-0.140125,0.019375,0.441448,-0.509531,0.092975,-3.141541,0.000082,0.000002
8.592513,-1.519983,-0.315092,-8.455003,-0.029999,-0.140125,0.019375,0.441477,-0.509450,0.092981,-3.141551,0.000068,0.000000
8.596512,-1.519981,-0.315097,-8.455003,-0.029999,-0.140125,0.019375,0.441493,-0.509358,0.092980,-3.141549,0.000071,-0.000028
8.600512,-1.519983,-0.315090,-8.455003,-0.029999,-0.140125,0.019375,0.441530,-0.509283,0.092983,-3.141552,0.000067,0.000004
8.604491,-1.519985,-0.315082,-8.455003,-0.029999,-0.140125,0.019375,0.441563,-0.509178,0.092986,-3.141556,0.000061,0.000007
8.608513,-1.519985,-0.315082,-8.455003,-0.029999,-0.140125,0.019375,0.441563,-0.509178,0.092986,-3.141556,0.000061,0.000007
8.612513,-1.519987,-0.315076,-8.455002,-0.029999,-0.140125,0.019375,0.441610,-0.509033,0.092991,-3.141560,0.000056,0.000012
8.616478,-1.239982,-0.325093,-7.165003,-0.020999,-0.119125,0.015375,0.441625,-0.508941,0.092979,-3.141551,0.000069,-0.000017
8.620513,-1.239989,-0.325068,-7.165002,-0.020999,-0.119125,0.015375,0.441666,-0.508846,0.092996,-3.141564,0.000051,0.000015
8.624513,-1.239988,-0.325074,-7.165002,-0.020999,-0.119125,0.015375,0.441689,-0.508760,0.092996,-3.141561,0.000055,0.000020
8.628514,-1.239986,-0.325079,-7.165003,-0.020999,-0.119125,0.015375,0.441714,-0.508676,0.092995,-3.141558,0.000059,0.000019
8.632513,-1.239988,-0.325073,-7.165002,-0.020999,-0.119125,0.015375,0.441741,-0.508593,0.092999,-3.141561,0.000055,0.000017
8.636513,-1.239986,-0.325080,-7.165003,-0.020999,-0.119125,0.015375,0.441765,-0.508511,0.092999,-3.141558,0.000059,0.000017
8.640513,-1.239986,-0.325079,-7.165003,-0.020999,-0.119125,0.015375,0.441789,-0.508430,0.093001,-3.141558,0.000059,0.000011
8.644512,-1.239988,-0.325074,-7.165002,-0.020999,-0.119125,0.015375,0.441816,-0.508350,0.093005,-3.141561,0.000055,0.000012
8.648512,-1.239990,-0.325067,-7.165002,-0.020999,-0.119125,0.015375,0.441842,-0.508270,0.093008,-3.141565,0.000050,0.000005
8.652513,-1.239990,-0.325067,-7.165002,-0.020999,-0.119125,0.015375,0.441868,-0.508190,0.093010,-3.141564,0.000050,-0.000001
8.656513,-1.109992,-0.265059,-6.515002,-0.015999,-0.110125,0.013375,0.441895,-0.508111,0.093012,-3.141569,0.000044,-0.000000
8.660513,-1.109993,-0.265055,-6.515002,-0.015999,-0.110125,0.013375,0.441921,-0.508031,0.093018,-3.141571,0.000041,0.000000
8.664512,-1.109995,-0.265048,-6.515002,-0.015999,-0.110125,0.013375,0.441946,-0.507951,0.093021,-3.141575,0.000036,0.000001
8.668513,-1.109994,-0.265053,-6.515002,-0.015999,-0.110125,0.013375,0.441971,-0.507870,0.093020,-3.141572,0.000040,-0.000006
8.672517,-1.109996,-0.265047,-6.515001,-0.015999,-0.110125,0.013375,0.441997,-0.507790,0.093023,-3.141575,0.000035,-0.000012
8.676513,-1.109994,-0.265051,-6.515002,-0.015999,-0.110125,0.013375,0.442021,-0.507708,0.093021,-3.141573,0.000038,-0.000011
8.680518,-1.109993,-0.265055,-6.515002,-0.015999,-0.110125,0.013375,0.442045,-0.507627,0.093019,-3.141571,0.000041,-0.000011
8.684513,-1.109994,-0.265054,-6.515002,-0.015999,-0.110125,0.013375,0.442069,-0.507546,0.093020,-3.141572,0.000040,-0.000004
8.688510,-1.109995,-0.265050,-6.515002,-0.015999,-0.110125,0.013375,0.442094,-0.507464,0.093019,-3.141573,0.000038,-0.000010
8.692513,-1.109992,-0.265060,-6.515002,-0.015999,-0.110125,0.013375,0.442117,-0.507383,0.093014,-3.141568,0.000045,-0.000003
8.696526,-0.959991,-0.235064,-5.485002,-0.014999,-0.092125,0.010375,0.442143,-0.507299,0.093012,-3.141566,0.000048,0.000016
8.700519,-0.959992,-0.235059,-5.485002,-0.014999,-0.092125,0.010375,0.442169,-0.507219,0.093010,-3.141569,0.000044,0.000016
8.704525,-0.959990,-0.235068,-5.485002,-0.014999,-0.092125,0.010375,0.442193,-0.507138,0.093005,-3.141564,0.000051,0.000024
8.708518,-0.959990,-0.235068,-5.485002,-0.014999,-0.092125,0.010375,0.442193,-0.507138,0.093005,-3.141564,0.000051,0.000024
8.712512,-0.959990,-0.235068,-5.485002,-0.014999,-0.092125,0.010375,0.442193,-0.507138,0.093005,-3.141564,0.000051,0.000024
8.716513,-0.959989,-0.235071,-5.485002,-0.014999,-0.092125,0.010375,0.442218,-0.507057,0.093002,-3.141562,0.000053,0.000031
8.720507,-0.959984,-0.235090,-5.485003,-0.014999,-0.092125,0.010375,0.442259,-0.506889,0.092985,-3.141553,0.000066,0.000018
8.724519,-0.959990,-0.235067,-5.485002,-0.014999,-0.092125,0.010375,0.442325,-0.506715,0.092991,-3.141565,0.000050,0.000051
8.728513,-0.959991,-0.235062,-5.485002,-0.014999,-0.092125,0.010375,0.442353,-0.506633,0.092988,-3.141567,0.000047,0.000049
8.732512,-0.959991,-0.235062,-5.485002,-0.014999,-0.092125,0.010375,0.442353,-0.506633,0.092988,-3.141567,0.000047,0.000049
8.736493,-0.959991,-0.235062,-5.485002,-0.014999,-0.092125,0.010375,0.442353,-0.506633,0.092988,-3.141567,0.000047,0.000049
8.740484,-0.849996,-0.215044,-4.805001,-0.016999,-0.078125,0.009375,0.442431,-0.506382,0.092985,-3.141577,0.000034,0.000044
8.744474,-0.849995,-0.215050,-4.805002,-0.016999,-0.078125,0.009375,0.442456,-0.506294,0.092977,-3.141573,0.000038,0.000040
8.748476,-0.849993,-0.215057,-4.805002,-0.016999,-0.078125,0.009375,0.442480,-0.506209,0.092970,-3.141570,0.000042,0.000032
8.752512,-0.849994,-0.215053,-4.805002,-0.016999,-0.078125,0.009375,0.442506,-0.506122,0.092968,-3.141572,0.000040,0.000021
8.756513,-0.849992,-0.215059,-4.805002,-0.016999,-0.078125,0.009375,0.442531,-0.506035,0.092961,-3.141569,0.000044,0.000017
8.760512,-0.849996,-0.215046,-4.805002,-0.016999,-0.078125,0.009375,0.442559,-0.505949,0.092959,-3.141575,0.000035,0.000013
8.764475,-0.849994,-0.215053,-4.805002,-0.016999,-0.078125,0.009375,0.442585,-0.505862,0.092951,-3.141572,0.000040,0.000009
8.768476,-0.849995,-0.215048,-4.805002,-0.016999,-0.078125,0.009375,0.442612,-0.505776,0.092949,-3.141575,0.000036,0.000005
8.772481,-0.849995,-0.215048,-4.805002,-0.016999,-0.078125,0.009375,0.442612,-0.505776,0.092949,-3.141575,0.000036,0.000005
8.776482,-0.949998,-0.195038,-5.175001,-0.024000,-0.084125,0.010375,0.442665,-0.505606,0.092944,-3.141580,0.000029,-0.000001
8.780484,-0.950001,-0.195026,-5.175001,-0.024000,-0.084125,0.010375,0.442693,-0.505521,0.092942,-3.141586,0.000020,0.000002
8.784480,-0.950001,-0.195026,-5.175001,-0.024000,-0.084125,0.010375,0.442693,-0.505521,0.092942,-3.141586,0.000020,0.000002
8.788507,-0.950003,-0.195021,-5.175001,-0.024000,-0.084125,0.010375,0.442720,-0.505435,0.092939,-3.141589,0.000016,0.000012
8.792493,-0.950005,-0.195011,-5.175000,-0.024000,-0.084125,0.010375,0.442748,-0.505349,0.092940,3.141591,0.000009,0.000021
8.796512,-0.950007,-0.195003,-5.175000,-0.024000,-0.084125,0.010375,0.442776,-0.505263,0.092935,3.141587,0.000004,0.000031
8.800512,-0.950011,-0.194989,-5.175000,-0.024000,-0.084125,0.010375,0.442809,-0.505156,0.092931,3.141580,-0.000007,0.000038
8.804527,-0.950017,-0.194967,-5.174999,-0.024000,-0.084125,0.010375,0.442831,-0.505092,0.092928,3.141568,-0.000022,0.000023
8.808513,-0.950013,-0.194983,-5.175000,-0.024000,-0.084125,0.010375,0.442863,-0.504983,0.092922,3.141576,-0.000011,0.000064
8.812513,-0.950013,-0.194983,-5.175000,-0.024000,-0.084125,0.010375,0.442863,-0.504983,0.092922,3.141576,-0.000011,0.000064
8.816517,-0.950017,-0.194967,-5.174999,-0.024000,-0.084125,0.010375,0.442904,-0.504805,0.092912,3.141568,-0.000023,0.000045
8.820513,-1.090017,-0.244968,-6.184999,-0.023000,-0.102125,0.012375,0.442940,-0.504726,0.092907,3.141568,-0.000022,0.000081
8.824512,-1.090017,-0.244968,-6.184999,-0.023000,-0.102125,0.012375,0.442940,-0.504726,0.092907,3.141568,-0.000022,0.000081
8.828512,-1.090019,-0.244961,-6.184999,-0.023000,-0.102125,0.012375,0.442991,-0.504555,0.092897,3.141565,-0.000027,0.000076
8.832512,-1.090019,-0.244962,-6.184999,-0.023000,-0.102125,0.012375,0.443018,-0.504469,0.092892,3.141565,-0.000027,0.000078
8.836513,-1.090016,-0.244973,-6.184999,-0.023000,-0.102125,0.012375,0.443045,-0.504379,0.092881,3.141571,-0.000018,0.000072
8.840512,-1.090018,-0.244965,-6.184999,-0.023000,-0.102125,0.012375,0.443072,-0.504294,0.092876,3.141567,-0.000024,0.000068
8.844512,-1.090018,-0.244964,-6.184999,-0.023000,-0.102125,0.012375,0.443098,-0.504207,0.092870,3.141566,-0.000025,0.000058
8.848512,-1.090020,-0.244957,-6.184999,-0.023001,-0.102125,0.012375,0.443125,-0.504121,0.092865,3.141563,-0.000030,0.000047
8.852513,-1.090019,-0.244961,-6.184999,-0.023000,-0.102125,0.012375,0.443152,-0.504031,0.092856,3.141565,-0.000027,0.000041
8.856512,-1.090019,-0.244959,-6.184999,-0.023001,-0.102125,0.012375,0.443179,-0.503945,0.092848,3.141564,-0.000028,0.000023
8.860518,-1.260020,-0.324957,-7.064999,-0.024001,-0.118125,0.014375,0.443205,-0.503858,0.092841,3.141563,-0.000029,0.000006
8.864513,-1.260020,-0.324956,-7.064999,-0.024001,-0.118125,0.014375,0.443232,-0.503769,0.092835,3.141562,-0.000030,-0.000000
8.868513,-1.260021,-0.324954,-7.064999,-0.024001,-0.118125,0.014375,0.443260,-0.503683,0.092827,3.141561,-0.000032,-0.000018
8.872512,-1.260019,-0.324960,-7.064999,-0.024000,-0.118125,0.014375,0.443285,-0.503596,0.092819,3.141564,-0.000028,-0.000028
8.876513,-1.260021,-0.324953,-7.064999,-0.024001,-0.118125,0.014375,0.443314,-0.503508,0.092814,3.141561,-0.000033,-0.000021
8.880513,-1.260020,-0.324956,-7.064999,-0.024001,-0.118125,0.014375,0.443340,-0.503421,0.092805,3.141562,-0.000030,-0.000012
8.884513,-1.260018,-0.324962,-7.064999,-0.024000,-0.118125,0.014375,0.443367,-0.503332,0.092797,3.141566,-0.000026,0.000002
8.888511,-1.260017,-0.324966,-7.064999,-0.024000,-0.118125,0.014375,0.443392,-0.503244,0.092787,3.141568,-0.000023,0.000019
8.892513,-1.260018,-0.324965,-7.064999,-0.024000,-0.118125,0.014375,0.443420,-0.503155,0.092781,3.141567,-0.000024,0.000039
8.896513,-1.260017,-0.324968,-7.064999,-0.024000,-0.118125,0.014375,0.443445,-0.503068,0.092771,3.141569,-0.000022,0.000049
8.900519,-1.470017,-0.364967,-8.364999,-0.027000,-0.141125,0.017375,0.443473,-0.502979,0.092764,3.141568,-0.000022,0.000063
8.904519,-1.470014,-0.364978,-8.365000,-0.027000,-0.141125,0.017375,0.443489,-0.502886,0.092746,3.141574,-0.000015,0.000032
8.908513,-1.470021,-0.364953,-8.364999,-0.027001,-0.141125,0.017375,0.443535,-0.502784,0.092755,3.141561,-0.000033,0.000071
8.912513,-1.470021,-0.364953,-8.364999,-0.027001,-0.141125,0.017375,0.443535,-0.502784,0.092755,3.141561,-0.000033,0.000071
8.916513,-1.470023,-0.364944,-8.364998,-0.027001,-0.141125,0.017375,0.443587,-0.502611,0.092751,3.141556,-0.000039,0.000063
8.920512,-1.470022,-0.364947,-8.364999,-0.027001,-0.141125,0.017375,0.443616,-0.502523,0.092748,3.141557,-0.000037,0.000057
8.924513,-1.470023,-0.364944,-8.364998,-0.027001,-0.141125,0.017375,0.443642,-0.502437,0.092748,3.141556,-0.000039,0.000046
8.928513,-1.470024,-0.364942,-8.364998,-0.027001,-0.141125,0.017375,0.443669,-0.502351,0.092748,3.141555,-0.000041,0.000042
8.932512,-1.470023,-0.364944,-8.364998,-0.027001,-0.141125,0.017375,0.443695,-0.502264,0.092745,3.141556,-0.000039,0.000032
8.936513,-1.790026,-0.374934,-10.314998,-0.041001,-0.168125,0.022375,0.443723,-0.502180,0.092744,3.141551,-0.000047,0.000021
8.940518,-1.790023,-0.374944,-10.314999,-0.041001,-0.168125,0.022375,0.443747,-0.502095,0.092740,3.141556,-0.000040,0.000012
8.944517,-1.790024,-0.374939,-10.314998,-0.041001,-0.168125,0.022375,0.443774,-0.502013,0.092738,3.141554,-0.000043,0.000004
8.948510,-1.790023,-0.374943,-10.314999,-0.041001,-0.168125,0.022375,0.443799,-0.501929,0.092736,3.141556,-0.000040,-0.000011
8.952545,-1.790022,-0.374947,-10.314999,-0.041001,-0.168125,0.022375,0.443821,-0.501848,0.092734,3.141558,-0.000037,-0.000024
8.956547,-1.790021,-0.374951,-10.314999,-0.041001,-0.168125,0.022375,0.443848,-0.501765,0.092731,3.141560,-0.000035,-0.000033
8.960540,-1.790019,-0.374961,-10.314999,-0.041000,-0.168125,0.022375,0.443871,-0.501681,0.092728,3.141565,-0.000027,-0.000028
8.964533,-1.790016,-0.374970,-10.314999,-0.041000,-0.168125,0.022375,0.443896,-0.501597,0.092723,3.141570,-0.000021,-0.000029
8.968527,-1.790017,-0.374966,-10.314999,-0.041000,-0.168125,0.022375,0.443921,-0.501514,0.092721,3.141568,-0.000023,-0.000024
8.972499,-1.790016,-0.374971,-10.314999,-0.041000,-0.168125,0.022375,0.443946,-0.501430,0.092720,3.141570,-0.000020,-0.000019
8.976524,-2.000016,-0.444969,-11.714999,-0.049000,-0.185125,0.025375,0.443973,-0.501348,0.092720,3.141569,-0.000021,-0.000008
8.980519,-2.000015,-0.444973,-11.715000,-0.049000,-0.185125,0.025375,0.443998,-0.501264,0.092718,3.141571,-0.000018,-0.000003
8.984516,-2.000012,-0.444984,-11.715000,-0.049000,-0.185125,0.025375,0.444022,-0.501181,0.092715,3.141577,-0.000010,0.000009
8.988514,-2.000014,-0.444977,-11.715000,-0.049000,-0.185125,0.025375,0.444049,-0.501098,0.092718,3.141574,-0.000015,0.000014
8.992514,-2.000015,-0.444975,-11.715000,-0.049000,-0.185125,0.025375,0.444075,-0.501016,0.092718,3.141573,-0.000016,0.000026
8.996518,-2.000016,-0.444968,-11.714999,-0.049000,-0.185125,0.025375,0.444104,-0.500932,0.092721,3.141569,-0.000021,0.000035
9.000526,-2.000014,-0.444980,-11.715000,-0.049000,-0.185125,0.025375,0.444133,-0.500830,0.092719,3.141575,-0.000013,0.000034
9.004508,-2.000014,-0.444980,-11.715000,-0.049000,-0.185125,0.025375,0.444133,-0.500830,0.092719,3.141575,-0.000013,0.000034
9.008512,-2.000009,-0.444995,-11.715000,-0.049000,-0.185125,0.025375,0.444182,-0.500662,0.092715,3.141583,-0.000002,0.000037
9.012485,-2.160010,-0.474994,-12.155000,-0.047000,-0.197125,0.028375,0.444202,-0.500600,0.092715,3.141582,-0.000003,0.000037
9.016512,-2.160007,-0.475006,-12.155000,-0.047000,-0.197125,0.028375,0.444228,-0.500515,0.092712,3.141588,0.000006,-0.000000
9.020514,-2.159999,-0.475035,-12.155001,-0.047000,-0.197125,0.028375,0.444241,-0.500423,0.092697,-3.141581,0.000027,-0.000002
9.024476,-2.160003,-0.475019,-12.155001,-0.047000,-0.197125,0.028375,0.444283,-0.500326,0.092706,-3.141590,0.000016,0.000014
9.028513,-2.160000,-0.475031,-12.155001,-0.047000,-0.197125,0.028375,0.444307,-0.500242,0.092704,-3.141584,0.000024,0.000006
9.032514,-2.160003,-0.475022,-12.155001,-0.047000,-0.197125,0.028375,0.444334,-0.500160,0.092705,-3.141589,0.000017,-0.000002
9.036513,-2.160000,-0.475031,-12.155001,-0.047000,-0.197125,0.028375,0.444358,-0.500076,0.092700,-3.141584,0.000024,-0.000011
9.040514,-2.159999,-0.475034,-12.155001,-0.047000,-0.197125,0.028375,0.444382,-0.499996,0.092697,-3.141582,0.000026,-0.000024
9.044513,-2.160000,-0.475032,-12.155001,-0.047000,-0.197125,0.028375,0.444408,-0.499913,0.092697,-3.141583,0.000025,-0.000032
9.048513,-2.160001,-0.475029,-12.155001,-0.047000,-0.197125,0.028375,0.444434,-0.499834,0.092696,-3.141585,0.000023,-0.000039
9.052518,-2.160003,-0.475019,-12.155001,-0.047000,-0.197125,0.028375,0.444462,-0.499753,0.092696,-3.141590,0.000015,-0.000040
9.056511,-2.170005,-0.405014,-12.345000,-0.049000,-0.202125,0.027375,0.444486,-0.499673,0.092694,-3.141593,0.000012,-0.000040
9.060512,-2.170004,-0.405017,-12.345001,-0.049000,-0.202125,0.027375,0.444512,-0.499591,0.092691,-3.141591,0.000014,-0.000035
9.064513,-2.170003,-0.405019,-12.345001,-0.049000,-0.202125,0.027375,0.444537,-0.499507,0.092687,-3.141590,0.000015,-0.000023
9.068520,-2.170004,-0.405017,-12.345001,-0.049000,-0.202125,0.027375,0.444561,-0.499427,0.092687,-3.141591,0.000014,-0.000016
9.072512,-2.170005,-0.405013,-12.345000,-0.049000,-0.202125,0.027375,0.444588,-0.499345,0.092685,3.141592,0.000011,-0.000011
9.076513,-2.170006,-0.405009,-12.345000,-0.049000,-0.202125,0.027375,0.444610,-0.499264,0.092684,3.141590,0.000008,-0.000004
9.080512,-2.170004,-0.405017,-12.345001,-0.049000,-0.202125,0.027375,0.444636,-0.499181,0.092678,-3.141591,0.000014,0.000008
9.084514,-2.170005,-0.405014,-12.345000,-0.049000,-0.202125,0.027375,0.444661,-0.499098,0.092677,3.141593,0.000012,0.000020
9.088513,-2.170000,-0.405031,-12.345001,-0.049000,-0.202125,0.027375,0.444683,-0.499016,0.092671,-3.141584,0.000024,0.000020
9.092510,-2.170001,-0.405029,-12.345001,-0.049000,-0.202125,0.027375,0.444709,-0.498934,0.092671,-3.141585,0.000022,0.000032
9.096512,-2.159997,-0.395043,-12.715002,-0.046000,-0.210125,0.027375,0.444730,-0.498852,0.092663,-3.141578,0.000033,0.000033
9.100512,-2.159998,-0.395040,-12.715002,-0.046000,-0.210125,0.027375,0.444747,-0.498763,0.092664,-3.141579,0.000031,0.000011
9.104518,-2.159998,-0.395039,-12.715002,-0.046000,-0.210125,0.027375,0.444773,-0.498680,0.092664,-3.141580,0.000030,0.000009
9.108514,-2.159997,-0.395044,-12.715002,-0.045999,-0.210125,0.027375,0.444814,-0.498584,0.092663,-3.141577,0.000034,0.000046
9.112512,-2.159997,-0.395044,-12.715002,-0.045999,-0.210125,0.027375,0.444814,-0.498584,0.092663,-3.141577,0.000034,0.000046
9.116513,-2.159999,-0.395036,-12.715001,-0.046000,-0.210125,0.027375,0.444840,-0.498505,0.092665,-3.141581,0.000028,0.000046
9.120513,-2.159999,-0.395036,-12.715001,-0.046000,-0.210125,0.027375,0.444840,-0.498505,0.092665,-3.141581,0.000028,0.000046
9.124475,-2.160000,-0.395033,-12.715001,-0.046000,-0.210125,0.027375,0.444918,-0.498261,0.092668,-3.141583,0.000026,0.000030
9.128513,-2.159998,-0.395039,-12.715002,-0.046000,-0.210125,0.027375,0.444943,-0.498179,0.092668,-3.141580,0.000030,0.000028
9.132513,-2.159996,-0.395047,-12.715002,-0.045999,-0.210125,0.027375,0.444969,-0.498096,0.092669,-3.141576,0.000036,0.000019
9.136512,-2.289996,-0.465048,-13.135002,-0.046999,-0.215125,0.029375,0.444997,-0.498011,0.092672,-3.141575,0.000036,0.000009
9.140511,-2.289994,-0.465054,-13.135002,-0.046999,-0.215125,0.029375,0.445020,-0.497927,0.092672,-3.141572,0.000041,-0.000006
9.144513,-2.289989,-0.465074,-13.135003,-0.046999,-0.215125,0.029375,0.445044,-0.497840,0.092670,-3.141561,0.000056,-0.000010
9.148475,-2.289989,-0.465074,-13.135003,-0.046999,-0.215125,0.029375,0.445070,-0.497754,0.092672,-3.141561,0.000056,-0.000014
9.152476,-2.289989,-0.465076,-13.135003,-0.046999,-0.215125,0.029375,0.445096,-0.497668,0.092675,-3.141561,0.000057,-0.000005
9.156516,-2.289989,-0.465076,-13.135003,-0.046999,-0.215125,0.029375,0.445096,-0.497668,0.092675,-3.141561,0.000057,-0.000005
9.160514,-2.289985,-0.465089,-13.135003,-0.046999,-0.215125,0.029375,0.445121,-0.497581,0.092674,-3.141554,0.000066,-0.000002
9.164450,-2.289983,-0.465097,-13.135003,-0.046999,-0.215125,0.029375,0.445173,-0.497410,0.092678,-3.141550,0.000072,0.000010
9.168450,-2.289985,-0.465090,-13.135003,-0.046999,-0.215125,0.029375,0.445201,-0.497326,0.092681,-3.141553,0.000067,0.000020
9.172451,-2.219986,-0.385085,-13.215003,-0.051999,-0.212125,0.028375,0.445229,-0.497242,0.092686,-3.141556,0.000064,0.000023
9.176470,-2.219988,-0.385079,-13.195002,-0.051999,-0.211125,0.028375,0.445258,-0.497157,0.092689,-3.141559,0.000059,0.000032
9.180534,-2.219988,-0.385079,-13.195002,-0.051999,-0.211125,0.028375,0.445258,-0.497157,0.092689,-3.141559,0.000059,0.000032
9.184501,-2.219989,-0.385075,-13.195002,-0.051999,-0.211125,0.028375,0.445313,-0.496989,0.092697,-3.141561,0.000056,0.000044
9.188521,-2.219994,-0.385057,-13.195002,-0.051999,-0.211125,0.028375,0.445343,-0.496906,0.092705,-3.141571,0.000043,0.000047
9.192456,-2.219994,-0.385056,-13.195002,-0.051999,-0.211125,0.028375,0.445370,-0.496820,0.092706,-3.141571,0.000042,0.000050
9.196475,-2.219995,-0.385051,-13.195001,-0.051999,-0.211125,0.028375,0.445398,-0.496736,0.092711,-3.141574,0.000039,0.000053
9.200479,-2.219995,-0.385051,-13.195001,-0.051999,-0.211125,0.028375,0.445398,-0.496736,0.092711,-3.141574,0.000039,0.000053
9.204475,-2.219997,-0.385044,-13.195001,-0.051999,-0.211125,0.028375,0.445451,-0.496566,0.092716,-3.141577,0.000034,0.000052
9.208478,-2.219997,-0.385044,-13.195001,-0.051999,-0.211125,0.028375,0.445451,-0.496566,0.092716,-3.141577,0.000034,0.000052
9.212553,-2.219995,-0.385051,-13.195002,-0.051999,-0.211125,0.028375,0.445482,-0.496458,0.092717,-3.141573,0.000039,0.000052
9.216553,-2.219997,-0.385045,-13.195001,-0.051999,-0.211125,0.028375,0.445504,-0.496395,0.092720,-3.141577,0.000034,0.000057
9.220556,-2.160001,-0.425029,-12.455001,-0.052000,-0.198125,0.028375,0.445531,-0.496310,0.092723,-3.141585,0.000023,0.000020
9.224543,-2.159995,-0.425051,-12.455002,-0.051999,-0.198125,0.028375,0.445561,-0.496202,0.092723,-3.141574,0.000039,0.000040
9.228546,-2.159997,-0.425044,-12.455002,-0.051999,-0.198125,0.028375,0.445589,-0.496118,0.092726,-3.141577,0.000034,0.000036
9.232505,-2.159995,-0.425052,-12.455002,-0.051999,-0.198125,0.028375,0.445613,-0.496031,0.092727,-3.141573,0.000039,0.000032
9.236540,-2.159998,-0.425040,-12.455001,-0.052000,-0.198125,0.028375,0.445641,-0.495947,0.092733,-3.141579,0.000030,0.000029
9.240537,-2.159996,-0.425047,-12.455002,-0.051999,-0.198125,0.028375,0.445666,-0.495860,0.092735,-3.141576,0.000036,0.000025
9.244529,-2.159998,-0.425041,-12.455001,-0.052000,-0.198125,0.028375,0.445695,-0.495773,0.092739,-3.141579,0.000032,0.000025
9.248476,-2.159998,-0.425040,-12.455001,-0.052000,-0.198125,0.028375,0.445721,-0.495688,0.092740,-3.141579,0.000031,0.000028
9.252519,-2.159998,-0.425042,-12.455001,-0.052000,-0.198125,0.028375,0.445747,-0.495602,0.092743,-3.141578,0.000032,0.000024
9.256518,-1.999996,-0.415047,-11.645002,-0.047999,-0.184125,0.025375,0.445771,-0.495516,0.092742,-3.141576,0.000036,0.000034
9.260516,-1.939997,-0.395046,-11.385001,-0.044999,-0.180125,0.024375,0.445800,-0.495428,0.092743,-3.141576,0.000035,0.000041
9.264528,-1.939998,-0.395040,-11.385001,-0.045000,-0.180125,0.024375,0.445826,-0.495343,0.092747,-3.141579,0.000031,0.000044
9.268493,-1.939997,-0.395045,-11.385001,-0.044999,-0.180125,0.024375,0.445851,-0.495257,0.092747,-3.141577,0.000035,0.000046
9.272511,-1.939996,-0.395050,-11.385002,-0.044999,-0.180125,0.024375,0.445877,-0.495168,0.092746,-3.141574,0.000038,0.000047
9.276506,-1.939994,-0.395056,-11.385002,-0.044999,-0.180125,0.024375,0.445902,-0.495081,0.092745,-3.141571,0.000042,0.000050
9.280507,-1.939993,-0.395061,-11.385002,-0.044999,-0.180125,0.024375,0.445926,-0.494995,0.092744,-3.141569,0.000046,0.000052
9.284512,-1.939990,-0.395073,-11.385002,-0.044999,-0.180125,0.024375,0.445950,-0.494908,0.092742,-3.141562,0.000055,0.000049
9.288512,-1.939990,-0.395073,-11.385002,-0.044999,-0.180125,0.024375,0.445977,-0.494820,0.092745,-3.141562,0.000055,0.000049
9.292518,-1.939988,-0.395080,-11.385002,-0.044999,-0.180125,0.024375,0.446003,-0.494734,0.092745,-3.141559,0.000060,0.000045
9.296516,-1.939988,-0.395080,-11.385002,-0.044999,-0.180125,0.024375,0.446027,-0.494647,0.092747,-3.141559,0.000060,0.000048
9.300518,-1.749988,-0.375082,-9.995003,-0.035999,-0.163125,0.022375,0.446055,-0.494560,0.092750,-3.141558,0.000061,0.000048
9.304519,-1.749989,-0.375076,-9.995002,-0.035999,-0.163125,0.022375,0.446081,-0.494475,0.092754,-3.141561,0.000057,0.000045
9.308519,-1.749989,-0.375077,-9.995003,-0.035999,-0.163125,0.022375,0.446109,-0.494387,0.092758,-3.141560,0.000058,0.000045
9.312513,-1.749988,-0.375079,-9.995003,-0.035999,-0.163125,0.022375,0.446135,-0.494302,0.092761,-3.141559,0.000059,0.000007
9.316513,-1.749988,-0.375080,-9.995003,-0.035999,-0.163125,0.022375,0.446161,-0.494216,0.092764,-3.141559,0.000060,0.000004
9.320512,-1.749988,-0.375080,-9.995003,-0.035999,-0.163125,0.022375,0.446161,-0.494216,0.092764,-3.141559,0.000060,0.000004
9.324519,-1.749988,-0.375080,-9.995003,-0.035999,-0.163125,0.022375,0.446161,-0.494216,0.092764,-3.141559,0.000060,0.000004
9.328512,-1.749988,-0.375080,-9.995003,-0.035999,-0.163125,0.022375,0.446161,-0.494216,0.092764,-3.141559,0.000060,0.000004
9.332526,-1.749984,-0.375096,-9.995003,-0.035999,-0.163125,0.022375,0.446269,-0.493849,0.092772,-3.141551,0.000072,0.000030
9.336513,-1.589983,-0.355102,-9.235004,-0.031999,-0.152125,0.020375,0.446294,-0.493763,0.092772,-3.141547,0.000076,0.000027
9.340513,-1.589983,-0.355101,-9.235004,-0.031999,-0.152125,0.020375,0.446320,-0.493678,0.092773,-3.141548,0.000076,0.000029
9.344519,-1.589983,-0.355102,-9.235004,-0.031999,-0.152125,0.020375,0.446345,-0.493595,0.092776,-3.141548,0.000076,0.000028
9.348512,-1.589982,-0.355106,-9.235004,-0.031999,-0.152125,0.020375,0.446370,-0.493510,0.092774,-3.141546,0.000079,0.000030
9.352512,-1.589984,-0.355099,-9.235003,-0.031999,-0.152125,0.020375,0.446396,-0.493428,0.092777,-3.141549,0.000074,0.000029
9.356512,-1.589984,-0.355097,-9.235003,-0.031999,-0.152125,0.020375,0.446421,-0.493345,0.092777,-3.141550,0.000073,0.000020
9.360513,-1.589983,-0.355101,-9.235004,-0.031999,-0.152125,0.020375,0.446446,-0.493260,0.092775,-3.141548,0.000076,0.000023
9.364512,-1.589985,-0.355092,-9.235003,-0.031999,-0.152125,0.020375,0.446472,-0.493178,0.092776,-3.141553,0.000069,0.000015
9.368493,-1.589988,-0.355082,-9.235003,-0.031999,-0.152125,0.020375,0.446499,-0.493094,0.092776,-3.141558,0.000062,0.000017
9.372507,-1.569990,-0.345073,-9.135002,-0.031999,-0.150125,0.019375,0.446525,-0.493012,0.092777,-3.141563,0.000055,0.000009
9.376512,-1.419991,-0.275071,-8.185002,-0.028999,-0.134125,0.016375,0.446552,-0.492928,0.092777,-3.141564,0.000054,0.000012
9.380512,-1.419993,-0.275062,-8.185002,-0.028999,-0.134125,0.016375,0.446580,-0.492844,0.092778,-3.141568,0.000047,0.000008
9.384512,-1.419995,-0.275052,-8.185002,-0.028999,-0.134125,0.016375,0.446605,-0.492762,0.092779,-3.141573,0.000040,0.000006
9.388520,-1.419998,-0.275043,-8.185001,-0.029000,-0.134125,0.016375,0.446633,-0.492678,0.092780,-3.141578,0.000033,0.000002
9.392512,-1.419998,-0.275041,-8.185001,-0.029000,-0.134125,0.016375,0.446660,-0.492593,0.092780,-3.141579,0.000031,0.000005
9.396513,-1.419999,-0.275036,-8.185001,-0.029000,-0.134125,0.016375,0.446685,-0.492511,0.092777,-3.141581,0.000028,-0.000004
9.400512,-1.420000,-0.275034,-8.185001,-0.029000,-0.134125,0.016375,0.446712,-0.492427,0.092778,-3.141582,0.000027,-0.000001
9.404512,-1.420000,-0.275032,-8.185001,-0.029000,-0.134125,0.016375,0.446743,-0.492324,0.092778,-3.141584,0.000025,-0.000011
9.408512,-1.419996,-0.275049,-8.185002,-0.028999,-0.134125,0.016375,0.446752,-0.492252,0.092765,-3.141575,0.000037,-0.000034
9.412512,-1.420002,-0.275027,-8.185001,-0.029000,-0.134125,0.016375,0.446794,-0.492156,0.092777,-3.141586,0.000021,-0.000004
9.416520,-1.260002,-0.335025,-7.355001,-0.027000,-0.117125,0.017375,0.446805,-0.492086,0.092777,-3.141587,0.000020,-0.000032
9.420513,-1.259996,-0.335051,-7.355002,-0.026999,-0.117125,0.017375,0.446831,-0.492001,0.092764,-3.141574,0.000039,-0.000023
9.424531,-1.260001,-0.335028,-7.355001,-0.027000,-0.117125,0.017375,0.446874,-0.491903,0.092776,-3.141585,0.000022,0.000011
9.428517,-1.260001,-0.335028,-7.355001,-0.027000,-0.117125,0.017375,0.446874,-0.491903,0.092776,-3.141585,0.000022,0.000011
9.432512,-1.259998,-0.335042,-7.355002,-0.027000,-0.117125,0.017375,0.446925,-0.491735,0.092770,-3.141578,0.000032,0.000019
9.436513,-1.259998,-0.335043,-7.355002,-0.027000,-0.117125,0.017375,0.446951,-0.491651,0.092772,-3.141578,0.000033,0.000022
9.440512,-1.259995,-0.335054,-7.355002,-0.026999,-0.117125,0.017375,0.446976,-0.491565,0.092770,-3.141572,0.000041,0.000018
9.444513,-1.259996,-0.335047,-7.355002,-0.026999,-0.117125,0.017375,0.447003,-0.491481,0.092773,-3.141576,0.000036,0.000014
9.448512,-1.259995,-0.335053,-7.355002,-0.026999,-0.117125,0.017375,0.447029,-0.491396,0.092772,-3.141573,0.000040,0.000010
9.452512,-1.259994,-0.335060,-7.355002,-0.026999,-0.117125,0.017375,0.447054,-0.491310,0.092773,-3.141569,0.000045,-0.000001
9.456515,-1.239990,-0.315073,-6.895002,-0.026999,-0.111125,0.016375,0.447080,-0.491225,0.092772,-3.141563,0.000055,-0.000011
9.460514,-1.239992,-0.315066,-6.895002,-0.026999,-0.111125,0.016375,0.447109,-0.491139,0.092775,-3.141566,0.000050,-0.000011
9.464512,-1.239992,-0.315066,-6.895002,-0.026999,-0.111125,0.016375,0.447136,-0.491054,0.092777,-3.141566,0.000050,-0.000015
9.468513,-1.239991,-0.315072,-6.895002,-0.026999,-0.111125,0.016375,0.447162,-0.490970,0.092776,-3.141563,0.000054,-0.000019
9.472524,-1.239990,-0.315076,-6.895003,-0.026999,-0.111125,0.016375,0.447187,-0.490884,0.092775,-3.141561,0.000057,-0.000023
9.476511,-1.239989,-0.315077,-6.895003,-0.026999,-0.111125,0.016375,0.447213,-0.490800,0.092777,-3.141561,0.000058,-0.000026
9.480512,-1.239988,-0.315081,-6.895003,-0.026999,-0.111125,0.016375,0.447241,-0.490712,0.092775,-3.141559,0.000061,-0.000026
9.484515,-1.239990,-0.315074,-6.895003,-0.026999,-0.111125,0.016375,0.447268,-0.490628,0.092778,-3.141562,0.000056,-0.000023
9.488512,-1.239989,-0.315078,-6.895003,-0.026999,-0.111125,0.016375,0.447293,-0.490542,0.092776,-3.141560,0.000059,-0.000020
9.492511,-1.239988,-0.315082,-6.895003,-0.026999,-0.111125,0.016375,0.447320,-0.490455,0.092774,-3.141558,0.000062,-0.000013
9.496513,-1.219987,-0.265086,-6.675003,-0.028999,-0.110125,0.015375,0.447345,-0.490369,0.092773,-3.141556,0.000065,-0.000004
9.500512,-1.219989,-0.265078,-6.675003,-0.028999,-0.110125,0.015375,0.447370,-0.490284,0.092774,-3.141560,0.000059,-0.000001
9.504512,-1.219992,-0.265067,-6.675002,-0.028999,-0.110125,0.015375,0.447396,-0.490199,0.092774,-3.141566,0.000051,0.000009
9.508515,-1.219992,-0.265069,-6.675002,-0.028999,-0.110125,0.015375,0.447424,-0.490112,0.092770,-3.141565,0.000052,0.000023
9.512512,-1.219993,-0.265063,-6.675002,-0.028999,-0.110125,0.015375,0.447449,-0.490027,0.092766,-3.141568,0.000047,0.000026
9.516516,-1.219998,-0.265043,-6.675002,-0.029000,-0.110125,0.015375,0.447477,-0.489944,0.092765,-3.141578,0.000033,0.000035
9.520517,-1.220001,-0.265031,-6.675001,-0.029000,-0.110125,0.015375,0.447505,-0.489860,0.092764,-3.141584,0.000024,0.000038
9.524514,-1.220004,-0.265019,-6.675001,-0.029000,-0.110125,0.015375,0.447534,-0.489774,0.092762,-3.141590,0.000015,0.000045
9.528513,-1.220004,-0.265019,-6.675001,-0.029000,-0.110125,0.015375,0.447534,-0.489774,0.092762,-3.141590,0.000015,0.000045
9.532512,-1.220009,-0.264995,-6.675000,-0.029000,-0.110125,0.015375,0.447589,-0.489606,0.092759,3.141583,-0.000002,0.000037
9.536513,-1.170012,-0.274983,-6.465000,-0.022000,-0.108125,0.015375,0.447614,-0.489524,0.092758,3.141577,-0.000011,0.000029
9.540515,-1.170008,-0.275002,-6.465000,-0.022000,-0.108125,0.015375,0.447629,-0.489432,0.092740,3.141587,0.000003,-0.000009
9.544512,-1.170012,-0.274983,-6.465000,-0.022000,-0.108125,0.015375,0.447666,-0.489355,0.092746,3.141577,-0.000011,-0.000013
9.548512,-1.170013,-0.274981,-6.465000,-0.022000,-0.108125,0.015375,0.447681,-0.489266,0.092739,3.141576,-0.000013,-0.000021
9.552513,-1.170013,-0.274980,-6.464999,-0.022000,-0.108125,0.015375,0.447721,-0.489167,0.092733,3.141575,-0.000013,0.000006
9.556514,-1.170013,-0.274980,-6.464999,-0.022000,-0.108125,0.015375,0.447746,-0.489085,0.092728,3.141576,-0.000013,-0.000002
9.560516,-1.170011,-0.274987,-6.465000,-0.022000,-0.108125,0.015375,0.447770,-0.488999,0.092721,3.141579,-0.000008,0.000001
9.564512,-1.170011,-0.274988,-6.465000,-0.022000,-0.108125,0.015375,0.447797,-0.488915,0.092716,3.141579,-0.000008,-0.000003
9.568512,-1.170011,-0.274988,-6.465000,-0.022000,-0.108125,0.015375,0.447821,-0.488832,0.092711,3.141580,-0.000007,-0.000012
9.572513,-1.170011,-0.274989,-6.465000,-0.022000,-0.108125,0.015375,0.447847,-0.488748,0.092705,3.141580,-0.000007,-0.000009
9.576512,-1.220009,-0.294997,-6.685000,-0.024000,-0.112125,0.016375,0.447873,-0.488663,0.092700,3.141584,-0.000001,-0.000006
9.580512,-1.220011,-0.294987,-6.685000,-0.024000,-0.112125,0.016375,0.447901,-0.488580,0.092700,3.141579,-0.000008,-0.000003
9.584519,-1.220009,-0.294995,-6.685000,-0.024000,-0.112125,0.016375,0.447927,-0.488496,0.092694,3.141583,-0.000002,0.000006
9.588515,-1.220011,-0.294989,-6.685000,-0.024000,-0.112125,0.016375,0.447955,-0.488412,0.092691,3.141580,-0.000006,0.000016
9.592511,-1.220009,-0.294998,-6.685000,-0.024000,-0.112125,0.016375,0.447978,-0.488330,0.092685,3.141584,-0.000000,0.000021
9.596512,-1.220007,-0.295005,-6.685000,-0.024000,-0.112125,0.016375,0.448006,-0.488246,0.092678,3.141588,0.000005,0.000037
9.600512,-1.220007,-0.295005,-6.685000,-0.024000,-0.112125,0.016375,0.448032,-0.488162,0.092673,3.141588,0.000005,0.000046
9.604471,-1.220004,-0.295019,-6.685001,-0.024000,-0.112125,0.016375,0.448057,-0.488077,0.092665,-3.141590,0.000015,0.000063
9.608482,-1.220004,-0.295019,-6.685001,-0.024000,-0.112125,0.016375,0.448083,-0.487992,0.092660,-3.141590,0.000016,0.000072
9.612483,-1.220004,-0.295019,-6.685001,-0.024000,-0.112125,0.016375,0.448083,-0.487992,0.092660,-3.141590,0.000016,0.000072
9.616517,-1.220002,-0.295025,-6.685001,-0.024000,-0.112125,0.016375,0.448107,-0.487910,0.092652,-3.141587,0.000020,0.000077
9.620477,-1.360001,-0.275032,-7.775001,-0.030000,-0.128125,0.018375,0.448158,-0.487740,0.092640,-3.141584,0.000025,0.000083
9.624519,-1.360001,-0.275031,-7.775001,-0.030000,-0.128125,0.018375,0.448183,-0.487655,0.092633,-3.141584,0.000025,0.000079
9.628513,-1.360001,-0.275030,-7.775001,-0.030000,-0.128125,0.018375,0.448207,-0.487573,0.092626,-3.141585,0.000023,0.000070
9.632512,-1.360001,-0.275029,-7.775001,-0.030000,-0.128125,0.018375,0.448232,-0.487488,0.092620,-3.141585,0.000023,0.000066
9.636514,-1.360002,-0.275028,-7.775001,-0.030000,-0.128125,0.018375,0.448257,-0.487402,0.092613,-3.141586,0.000022,0.000056
9.640513,-1.360003,-0.275021,-7.775001,-0.030000,-0.128125,0.018375,0.448285,-0.487316,0.092609,-3.141589,0.000017,0.000043
9.644513,-1.360007,-0.275006,-7.775000,-0.030000,-0.128125,0.018375,0.448312,-0.487233,0.092605,3.141589,0.000006,0.000032
9.648476,-1.360008,-0.275000,-7.775000,-0.030000,-0.128125,0.018375,0.448341,-0.487147,0.092601,3.141585,0.000001,0.000026
9.652512,-1.360008,-0.275000,-7.775000,-0.030000,-0.128125,0.018375,0.448367,-0.487062,0.092596,3.141586,0.000002,0.000015
9.656487,-1.360008,-0.275000,-7.775000,-0.030000,-0.128125,0.018375,0.448367,-0.487062,0.092596,3.141586,0.000002,0.000015
9.660488,-1.650012,-0.374984,-9.324999,-0.041000,-0.149125,0.022375,0.448422,-0.486892,0.092592,3.141577,-0.000011,-0.000002
9.664479,-1.650014,-0.374974,-9.324999,-0.041000,-0.149125,0.022375,0.448451,-0.486806,0.092593,3.141573,-0.000018,-0.000008
9.668517,-1.650014,-0.374974,-9.324999,-0.041000,-0.149125,0.022375,0.448451,-0.486806,0.092593,3.141573,-0.000018,-0.000008
9.672484,-1.650017,-0.374965,-9.324999,-0.041000,-0.149125,0.022375,0.448477,-0.486722,0.092594,3.141568,-0.000025,-0.000018
9.676477,-1.650017,-0.374963,-9.324999,-0.041000,-0.149125,0.022375,0.448529,-0.486550,0.092589,3.141567,-0.000026,-0.000002
9.680477,-1.650017,-0.374965,-9.324999,-0.041000,-0.149125,0.022375,0.448555,-0.486462,0.092584,3.141568,-0.000025,0.000012
9.684485,-1.650015,-0.374972,-9.324999,-0.041000,-0.149125,0.022375,0.448586,-0.486353,0.092578,3.141571,-0.000019,0.000024
9.688517,-1.650015,-0.374972,-9.324999,-0.041000,-0.149125,0.022375,0.448586,-0.486353,0.092578,3.141571,-0.000019,0.000024
9.692510,-1.650014,-0.374974,-9.324999,-0.041000,-0.149125,0.022375,0.448611,-0.486268,0.092574,3.141572,-0.000018,0.000034
9.696512,-1.850015,-0.414970,-10.804999,-0.047000,-0.170125,0.026375,0.448637,-0.486181,0.092573,3.141570,-0.000021,0.000055
9.700512,-1.950014,-0.434974,-11.454999,-0.049000,-0.180125,0.027375,0.448661,-0.486095,0.092571,3.141572,-0.000018,0.000064
9.704513,-1.950014,-0.434975,-11.454999,-0.049000,-0.180125,0.027375,0.448689,-0.486009,0.092566,3.141573,-0.000017,0.000071
9.708512,-1.950015,-0.434973,-11.454999,-0.049000,-0.180125,0.027375,0.448715,-0.485924,0.092567,3.141572,-0.000019,0.000074
9.712484,-1.950015,-0.434971,-11.454999,-0.049000,-0.180125,0.027375,0.448743,-0.485838,0.092567,3.141571,-0.000020,0.000075
9.716513,-1.950015,-0.434969,-11.454999,-0.049000,-0.180125,0.027375,0.448769,-0.485753,0.092567,3.141570,-0.000021,0.000071
9.720513,-1.950015,-0.434972,-11.454999,-0.049000,-0.180125,0.027375,0.448796,-0.485667,0.092564,3.141571,-0.000019,0.000065
9.724516,-1.950018,-0.434959,-11.454999,-0.049001,-0.180125,0.027375,0.448824,-0.485584,0.092569,3.141565,-0.000029,0.000061
9.728517,-1.950014,-0.434975,-11.454999,-0.049000,-0.180125,0.027375,0.448849,-0.485499,0.092563,3.141573,-0.000017,0.000050
9.732512,-1.950016,-0.434967,-11.454999,-0.049000,-0.180125,0.027375,0.448878,-0.485414,0.092565,3.141569,-0.000023,0.000037
9.736517,-1.950016,-0.434967,-11.454999,-0.049000,-0.180125,0.027375,0.448878,-0.485414,0.092565,3.141569,-0.000023,0.000037
9.740510,-1.950015,-0.434971,-11.454999,-0.049000,-0.180125,0.027375,0.448927,-0.485246,0.092564,3.141571,-0.000020,0.000004
9.744512,-2.220013,-0.414981,-12.494999,-0.054000,-0.201125,0.030375,0.448952,-0.485162,0.092561,3.141576,-0.000012,-0.000006
9.748512,-2.220013,-0.414979,-12.494999,-0.054000,-0.201125,0.030375,0.448975,-0.485079,0.092561,3.141575,-0.000014,-0.000021
9.752512,-2.220010,-0.414990,-12.495000,-0.054000,-0.201125,0.030375,0.449000,-0.484994,0.092558,3.141580,-0.000006,-0.000032
9.756513,-2.220009,-0.414996,-12.495000,-0.054000,-0.201125,0.030375,0.449025,-0.484909,0.092557,3.141583,-0.000002,-0.000036
9.760514,-2.220007,-0.415006,-12.495000,-0.054000,-0.201125,0.030375,0.449047,-0.484827,0.092554,3.141589,0.000006,-0.000045
9.764518,-2.220004,-0.415017,-12.495001,-0.054000,-0.201125,0.030375,0.449072,-0.484742,0.092550,-3.141591,0.000014,-0.000042
9.768511,-2.220003,-0.415022,-12.495001,-0.054000,-0.201125,0.030375,0.449096,-0.484660,0.092549,-3.141589,0.000017,-0.000037
9.772514,-2.220003,-0.415021,-12.495001,-0.054000,-0.201125,0.030375,0.449123,-0.484576,0.092550,-3.141589,0.000017,-0.000027
9.776512,-2.300004,-0.425019,-13.165001,-0.056000,-0.212125,0.031375,0.449148,-0.484492,0.092550,-3.141590,0.000016,-0.000045
9.780513,-2.300003,-0.425024,-13.165001,-0.056000,-0.212125,0.031375,0.449175,-0.484408,0.092549,-3.141588,0.000019,-0.000002
9.784512,-2.300008,-0.424998,-13.165000,-0.056000,-0.212125,0.031375,0.449201,-0.484328,0.092550,3.141585,0.000000,-0.000023
9.788512,-2.299998,-0.425045,-13.165002,-0.055999,-0.212125,0.031375,0.449215,-0.484236,0.092535,-3.141577,0.000035,-0.000014
9.792516,-2.300004,-0.425017,-13.165001,-0.056000,-0.212125,0.031375,0.449259,-0.484139,0.092549,-3.141591,0.000014,0.000027
9.796516,-2.300006,-0.425009,-13.165000,-0.056000,-0.212125,0.031375,0.449284,-0.484058,0.092551,3.141590,0.000008,0.000025
9.800510,-2.300005,-0.425014,-13.165001,-0.056000,-0.212125,0.031375,0.449310,-0.483974,0.092549,3.141592,0.000012,0.000035
9.804482,-2.300004,-0.425017,-13.165001,-0.056000,-0.212125,0.031375,0.449335,-0.483890,0.092546,-3.141591,0.000014,0.000031
9.808478,-2.300005,-0.425015,-13.165001,-0.056000,-0.212125,0.031375,0.449358,-0.483807,0.092547,-3.141592,0.000012,0.000029
9.812506,-2.390005,-0.435013,-13.605000,-0.057000,-0.222125,0.032375,0.449383,-0.483723,0.092547,3.141592,0.000011,0.000032
9.816512,-2.390006,-0.435010,-13.605000,-0.057000,-0.222125,0.032375,0.449410,-0.483640,0.092546,3.141590,0.000009,0.000021
9.820512,-2.420005,-0.445013,-13.725001,-0.059000,-0.223125,0.032375,0.449433,-0.483557,0.092543,3.141592,0.000011,0.000013
9.824512,-2.420006,-0.445011,-13.725001,-0.059000,-0.223125,0.032375,0.449458,-0.483473,0.092543,3.141591,0.000010,0.000009
9.828512,-2.420003,-0.445022,-13.725001,-0.059000,-0.223125,0.032375,0.449483,-0.483388,0.092540,-3.141589,0.000018,0.000005
9.832512,-2.420002,-0.445027,-13.725001,-0.059000,-0.223125,0.032375,0.449509,-0.483304,0.092538,-3.141587,0.000021,-0.000006
9.836512,-2.420002,-0.445027,-13.725001,-0.059000,-0.223125,0.032375,0.449509,-0.483304,0.092538,-3.141587,0.000021,-0.000006
9.840511,-2.420002,-0.445027,-13.725001,-0.059000,-0.223125,0.032375,0.449558,-0.483142,0.092542,-3.141586,0.000021,-0.000029
9.844512,-2.420001,-0.445032,-13.725002,-0.059000,-0.223125,0.032375,0.449585,-0.483058,0.092541,-3.141584,0.000025,-0.000033
9.848515,-2.420001,-0.445031,-13.725002,-0.059000,-0.223125,0.032375,0.449609,-0.482977,0.092542,-3.141584,0.000025,-0.000035
9.852513,-2.420001,-0.445032,-13.725002,-0.059000,-0.223125,0.032375,0.449634,-0.482896,0.092545,-3.141584,0.000025,-0.000037
9.856517,-2.390002,-0.475026,-14.085001,-0.064000,-0.220125,0.034375,0.449662,-0.482813,0.092548,-3.141587,0.000021,-0.000034
9.860512,-2.390002,-0.475027,-14.085001,-0.064000,-0.220125,0.034375,0.449687,-0.482733,0.092551,-3.141586,0.000021,-0.000029
9.864515,-2.390000,-0.475034,-14.085001,-0.064000,-0.220125,0.034375,0.449713,-0.482649,0.092552,-3.141583,0.000027,-0.000019
9.868518,-2.390000,-0.475035,-14.085001,-0.064000,-0.220125,0.034375,0.449738,-0.482568,0.092555,-3.141582,0.000027,-0.000014
9.872471,-2.390000,-0.475037,-14.085001,-0.064000,-0.220125,0.034375,0.449762,-0.482486,0.092558,-3.141581,0.000029,-0.000003
9.876509,-2.389997,-0.475047,-14.085002,-0.063999,-0.220125,0.034375,0.449788,-0.482402,0.092561,-3.141577,0.000036,0.000007
9.880511,-2.389997,-0.475049,-14.085002,-0.063999,-0.220125,0.034375,0.449811,-0.482320,0.092565,-3.141575,0.000038,0.000019
9.884512,-2.389995,-0.475056,-14.085002,-0.063999,-0.220125,0.034375,0.449835,-0.482238,0.092566,-3.141572,0.000043,0.000024
9.888512,-2.389993,-0.475066,-14.085002,-0.063999,-0.220125,0.034375,0.449860,-0.482154,0.092569,-3.141567,0.000050,0.000040
9.892510,-2.389991,-0.475075,-14.085003,-0.063999,-0.220125,0.034375,0.449884,-0.482072,0.092572,-3.141562,0.000057,0.000038
9.896472,-2.379992,-0.435071,-14.345003,-0.066999,-0.220125,0.034375,0.449911,-0.481990,0.092577,-3.141564,0.000054,0.000048
9.900516,-2.379993,-0.435068,-14.345003,-0.066999,-0.220125,0.034375,0.449935,-0.481908,0.092584,-3.141566,0.000052,0.000053
9.904475,-2.379990,-0.435078,-14.345003,-0.066999,-0.220125,0.034375,0.449958,-0.481826,0.092587,-3.141561,0.000059,0.000044
9.908497,-2.379991,-0.435074,-14.345003,-0.066999,-0.220125,0.034375,0.449986,-0.481743,0.092592,-3.141563,0.000056,0.000047
9.912494,-2.379990,-0.435078,-14.345003,-0.066999,-0.220125,0.034375,0.450009,-0.481661,0.092598,-3.141561,0.000059,0.000039
9.916511,-2.379991,-0.435075,-14.345003,-0.066999,-0.220125,0.034375,0.450035,-0.481578,0.092605,-3.141562,0.000057,0.000035
9.920512,-2.379990,-0.435079,-14.345003,-0.066999,-0.220125,0.034375,0.450060,-0.481497,0.092610,-3.141561,0.000060,0.000019
9.924517,-2.379992,-0.435070,-14.345003,-0.066999,-0.220125,0.034375,0.450088,-0.481414,0.092618,-3.141565,0.000053,0.000015
9.928511,-2.379990,-0.435080,-14.345003,-0.066999,-0.220125,0.034375,0.450111,-0.481332,0.092621,-3.141560,0.000060,0.000000
9.932511,-2.379992,-0.435071,-14.345003,-0.066999,-0.220125,0.034375,0.450138,-0.481250,0.092630,-3.141565,0.000054,-0.000004
9.936512,-2.399996,-0.405052,-13.955002,-0.070999,-0.216125,0.032375,0.450163,-0.481169,0.092638,-3.141574,0.000040,-0.000046
9.940511,-2.399992,-0.405073,-13.955002,-0.070999,-0.216125,0.032375,0.450195,-0.481065,0.092644,-3.141564,0.000056,-0.000012
9.944512,-2.399993,-0.405067,-13.955002,-0.070999,-0.216125,0.032375,0.450222,-0.480982,0.092654,-3.141567,0.000051,-0.000009
9.948512,-2.399994,-0.405064,-13.955002,-0.070999,-0.216125,0.032375,0.450248,-0.480898,0.092661,-3.141568,0.000048,0.000001
9.952511,-2.399993,-0.405068,-13.955002,-0.070999,-0.216125,0.032375,0.450271,-0.480816,0.092667,-3.141566,0.000052,-0.000001
9.956513,-2.399993,-0.405067,-13.955002,-0.070999,-0.216125,0.032375,0.450298,-0.480734,0.092675,-3.141567,0.000051,0.000009
9.960515,-2.399992,-0.405071,-13.955002,-0.070999,-0.216125,0.032375,0.450323,-0.480650,0.092680,-3.141565,0.000054,0.000018
9.964512,-2.399992,-0.405070,-13.955002,-0.070999,-0.216125,0.032375,0.450350,-0.480567,0.092688,-3.141565,0.000053,0.000021
9.968511,-2.399991,-0.405074,-13.955002,-0.070999,-0.216125,0.032375,0.450376,-0.480483,0.092694,-3.141563,0.000056,0.000030
9.972518,-2.399992,-0.405073,-13.955002,-0.070999,-0.216125,0.032375,0.450403,-0.480400,0.092702,-3.141564,0.000055,0.000040
9.976533,-2.129990,-0.385082,-12.755003,-0.057999,-0.199125,0.028375,0.450426,-0.480318,0.092705,-3.141559,0.000062,0.000045
9.980511,-2.129990,-0.385081,-12.755003,-0.057999,-0.199125,0.028375,0.450453,-0.480235,0.092713,-3.141560,0.000061,0.000048
9.984511,-2.129989,-0.385086,-12.755003,-0.057999,-0.199125,0.028375,0.450478,-0.480151,0.092719,-3.141558,0.000065,0.000050
9.988511,-2.129988,-0.385089,-12.755003,-0.057999,-0.199125,0.028375,0.450504,-0.480068,0.092724,-3.141556,0.000067,0.000060
9.992511,-2.129987,-0.385094,-12.755003,-0.057999,-0.199125,0.028375,0.450530,-0.479984,0.092729,-3.141554,0.000071,0.000063
9.996509,-2.129986,-0.385097,-12.755003,-0.057999,-0.199125,0.028375,0.450556,-0.479901,0.092734,-3.141552,0.000073,0.000066
10.000509,-2.129987,-0.385093,-12.755003,-0.057999,-0.199125,0.028375,0.450584,-0.479819,0.092740,-3.141554,0.000070,0.000062
10.004471,-2.129987,-0.385097,-12.755003,-0.057999,-0.199125,0.028375,0.450608,-0.479738,0.092745,-3.141552,0.000073,0.000060
10.008509,-2.129986,-0.385100,-12.755004,-0.057999,-0.199125,0.028375,0.450635,-0.479655,0.092750,-3.141550,0.000076,0.000056
10.012512,-2.129985,-0.385105,-12.755004,-0.057999,-0.199125,0.028375,0.450660,-0.479571,0.092756,-3.141548,0.000079,0.000052
10.016511,-1.809985,-0.425102,-10.905003,-0.043999,-0.173125,0.025375,0.450688,-0.479489,0.092762,-3.141549,0.000077,0.000048
10.020512,-1.809985,-0.425103,-10.905003,-0.043999,-0.173125,0.025375,0.450715,-0.479406,0.092765,-3.141549,0.000078,0.000044
10.024511,-1.809986,-0.425097,-10.905003,-0.043999,-0.173125,0.025375,0.450742,-0.479324,0.092768,-3.141552,0.000073,0.000040
10.028511,-1.809988,-0.425091,-10.905003,-0.043999,-0.173125,0.025375,0.450766,-0.479242,0.092773,-3.141555,0.000069,0.000032
10.032494,-1.809987,-0.425093,-10.905003,-0.043999,-0.173125,0.025375,0.450795,-0.479158,0.092775,-3.141554,0.000070,0.000032
10.036497,-1.809988,-0.425090,-10.905003,-0.043999,-0.173125,0.025375,0.450821,-0.479074,0.092775,-3.141556,0.000068,0.000035
10.040518,-1.809988,-0.425090,-10.905003,-0.043999,-0.173125,0.025375,0.450837,-0.478981,0.092777,-3.141556,0.000068,0.000002
10.044509,-1.809987,-0.425096,-10.905003,-0.043999,-0.173125,0.025375,0.450873,-0.478901,0.092776,-3.141553,0.000072,0.000036
10.048518,-1.809987,-0.425096,-10.905003,-0.043999,-0.173125,0.025375,0.450899,-0.478814,0.092779,-3.141552,0.000073,0.000037
10.052511,-1.809985,-0.425102,-10.905003,-0.043999,-0.173125,0.025375,0.450933,-0.478705,0.092778,-3.141550,0.000077,0.000046
10.056511,-1.509988,-0.365091,-9.195003,-0.035999,-0.146125,0.020375,0.450961,-0.478620,0.092785,-3.141555,0.000069,0.000047
10.060511,-1.509986,-0.365098,-9.195003,-0.035999,-0.146125,0.020375,0.450985,-0.478532,0.092786,-3.141552,0.000074,0.000047
10.064511,-1.509988,-0.365091,-9.195003,-0.035999,-0.146125,0.020375,0.451012,-0.478446,0.092789,-3.141555,0.000069,0.000041
10.068519,-1.509988,-0.365091,-9.195003,-0.035999,-0.146125,0.020375,0.451038,-0.478359,0.092791,-3.141555,0.000069,0.000042
10.072518,-1.509988,-0.365091,-9.195003,-0.035999,-0.146125,0.020375,0.451066,-0.478273,0.092793,-3.141555,0.000069,0.000042
10.076475,-1.509989,-0.365085,-9.195003,-0.035999,-0.146125,0.020375,0.451093,-0.478188,0.092797,-3.141558,0.000065,0.000043
10.080511,-1.509991,-0.365078,-9.195002,-0.035999,-0.146125,0.020375,0.451120,-0.478102,0.092800,-3.141561,0.000059,0.000050
10.084495,-1.509995,-0.365059,-9.195002,-0.035999,-0.146125,0.020375,0.451150,-0.478018,0.092807,-3.141571,0.000045,0.000051
10.088511,-1.509995,-0.365060,-9.195002,-0.035999,-0.146125,0.020375,0.451176,-0.477931,0.092809,-3.141570,0.000046,0.000051
10.092515,-1.509996,-0.365054,-9.195002,-0.035999,-0.146125,0.020375,0.451204,-0.477846,0.092813,-3.141573,0.000042,0.000045
10.096511,-1.359998,-0.315047,-7.975002,-0.031999,-0.127125,0.017375,0.451230,-0.477759,0.092816,-3.141577,0.000036,0.000046
10.100511,-1.359998,-0.315047,-7.975002,-0.031999,-0.127125,0.017375,0.451258,-0.477674,0.092818,-3.141577,0.000036,0.000040
10.104517,-1.359998,-0.315047,-7.975002,-0.031999,-0.127125,0.017375,0.451284,-0.477587,0.092820,-3.141577,0.000037,0.000033
10.108470,-1.359997,-0.315053,-7.975002,-0.031999,-0.127125,0.017375,0.451309,-0.477500,0.092820,-3.141574,0.000041,0.000034
10.112511,-1.359997,-0.315053,-7.975002,-0.031999,-0.127125,0.017375,0.451337,-0.477415,0.092821,-3.141574,0.000040,0.000028
10.116511,-1.359996,-0.315057,-7.975002,-0.031999,-0.127125,0.017375,0.451361,-0.477327,0.092819,-3.141572,0.000043,0.000028
10.120516,-1.359996,-0.315057,-7.975002,-0.031999,-0.127125,0.017375,0.451361,-0.477327,0.092819,-3.141572,0.000043,0.000028
10.124512,-1.359993,-0.315068,-7.975002,-0.031999,-0.127125,0.017375,0.451413,-0.477154,0.092818,-3.141566,0.000052,0.000023
10.128525,-1.359992,-0.315074,-7.975002,-0.031999,-0.127125,0.017375,0.451438,-0.477067,0.092818,-3.141564,0.000056,0.000023
10.132521,-1.189992,-0.315072,-7.085003,-0.030999,-0.110125,0.014375,0.451464,-0.476980,0.092818,-3.141565,0.000055,0.000024
10.136487,-1.189990,-0.315082,-7.085003,-0.030999,-0.110125,0.014375,0.451489,-0.476893,0.092814,-3.141559,0.000063,0.000024
10.140511,-1.189991,-0.315080,-7.085003,-0.030999,-0.110125,0.014375,0.451516,-0.476807,0.092815,-3.141560,0.000061,0.000025
10.144518,-1.189991,-0.315080,-7.085003,-0.030999,-0.110125,0.014375,0.451516,-0.476807,0.092815,-3.141560,0.000061,0.000025
10.148515,-1.189990,-0.315085,-7.085003,-0.030999,-0.110125,0.014375,0.451570,-0.476636,0.092814,-3.141558,0.000064,0.000013
10.152509,-1.189991,-0.315077,-7.085003,-0.030999,-0.110125,0.014375,0.451598,-0.476550,0.092817,-3.141562,0.000058,0.000006
10.156511,-1.189989,-0.315087,-7.085003,-0.030999,-0.110125,0.014375,0.451623,-0.476463,0.092813,-3.141557,0.000066,0.000007
10.160513,-1.189990,-0.315085,-7.085003,-0.030999,-0.110125,0.014375,0.451651,-0.476375,0.092813,-3.141558,0.000065,0.000005
10.164512,-1.189990,-0.315085,-7.085003,-0.030999,-0.110125,0.014375,0.451651,-0.476375,0.092813,-3.141558,0.000065,0.000005
10.168513,-1.189988,-0.315093,-7.085003,-0.030999,-0.110125,0.014375,0.451678,-0.476289,0.092814,-3.141554,0.000070,-0.000001
10.172512,-1.189986,-0.315100,-7.085003,-0.030999,-0.110125,0.014375,0.451727,-0.476115,0.092809,-3.141551,0.000076,-0.000007
10.176512,-1.189986,-0.315100,-7.085003,-0.030999,-0.110125,0.014375,0.451727,-0.476115,0.092809,-3.141551,0.000076,-0.000007
10.180514,-1.089983,-0.295117,-6.245004,-0.025999,-0.100125,0.011375,0.451778,-0.475938,0.092806,-3.141542,0.000088,-0.000041
10.184513,-1.089983,-0.295115,-6.245004,-0.025999,-0.100125,0.011375,0.451804,-0.475852,0.092807,-3.141543,0.000087,-0.000047
10.188511,-1.089983,-0.295115,-6.245004,-0.025999,-0.100125,0.011375,0.451804,-0.475852,0.092807,-3.141543,0.000087,-0.000047
10.192521,-1.089981,-0.295124,-6.245004,-0.025999,-0.100125,0.011375,0.451836,-0.475741,0.092802,-3.141539,0.000094,-0.000011
10.196514,-1.089979,-0.295136,-6.245004,-0.025998,-0.100125,0.011375,0.451859,-0.475653,0.092800,-3.141533,0.000102,-0.000017
10.200513,-1.089980,-0.295132,-6.245004,-0.025998,-0.100125,0.011375,0.451913,-0.475478,0.092800,-3.141535,0.000099,-0.000005
10.204511,-1.089980,-0.295132,-6.245004,-0.025998,-0.100125,0.011375,0.451913,-0.475478,0.092800,-3.141535,0.000099,-0.000005
10.208493,-1.089980,-0.295130,-6.245004,-0.025998,-0.100125,0.011375,0.451941,-0.475390,0.092800,-3.141536,0.000098,0.000000
10.212515,-1.089982,-0.295122,-6.245004,-0.025999,-0.100125,0.011375,0.451968,-0.475305,0.092802,-3.141540,0.000092,0.000001
10.216511,-1.079985,-0.285109,-6.065004,-0.022999,-0.100125,0.010375,0.451996,-0.475220,0.092807,-3.141547,0.000082,0.000008
10.220511,-1.079985,-0.285107,-6.065004,-0.022999,-0.100125,0.010375,0.452022,-0.475133,0.092807,-3.141548,0.000081,0.000009
10.224511,-1.079990,-0.285086,-6.065003,-0.022999,-0.100125,0.010375,0.452052,-0.475046,0.092813,-3.141558,0.000066,0.000014
10.228511,-1.079993,-0.285071,-6.065002,-0.022999,-0.100125,0.010375,0.452080,-0.474961,0.092815,-3.141565,0.000054,0.000014
10.232516,-1.079985,-0.285068,-6.065002,-0.022999,-0.100125,0.010375,0.452106,-0.474874,0.092815,-3.141561,0.000049,0.000008
10.236511,-1.079988,-0.285052,-6.065002,-0.022999,-0.100125,0.010375,0.452134,-0.474790,0.092818,-3.141568,0.000037,0.000002
10.240511,-1.079989,-0.285050,-6.065002,-0.022999,-0.100125,0.010375,0.452160,-0.474703,0.092818,-3.141569,0.000036,-0.000004
10.244513,-1.079988,-0.285051,-6.065002,-0.022999,-0.100125,0.010375,0.452186,-0.474617,0.092813,-3.141569,0.000036,-0.000017
10.248516,-1.079990,-0.285041,-6.065001,-0.023000,-0.100125,0.010375,0.452212,-0.474531,0.092814,-3.141574,0.000029,-0.000023
10.252511,-1.079990,-0.285042,-6.065001,-0.023000,-0.100125,0.010375,0.452237,-0.474444,0.092809,-3.141573,0.000030,-0.000029
10.256511,-1.039991,-0.235038,-5.935001,-0.020000,-0.100125,0.009375,0.452265,-0.474356,0.092807,-3.141575,0.000026,-0.000031
10.260511,-1.039992,-0.235033,-5.935001,-0.020000,-0.100125,0.009375,0.452291,-0.474270,0.092805,-3.141578,0.000023,-0.000037
10.264511,-1.039994,-0.235023,-5.935001,-0.020000,-0.100125,0.009375,0.452319,-0.474185,0.092805,-3.141583,0.000015,-0.000037
10.268511,-1.039994,-0.235023,-5.935001,-0.020000,-0.100125,0.009375,0.452344,-0.474098,0.092800,-3.141582,0.000016,-0.000036
10.272512,-1.039996,-0.235014,-5.935000,-0.020000,-0.100125,0.009375,0.452373,-0.474014,0.092801,-3.141587,0.000009,-0.000036
10.276512,-1.039996,-0.235016,-5.935000,-0.020000,-0.100125,0.009375,0.452400,-0.473928,0.092797,-3.141586,0.000011,-0.000028
10.280513,-1.039994,-0.235025,-5.935001,-0.020000,-0.100125,0.009375,0.452420,-0.473835,0.092784,-3.141582,0.000017,-0.000057
10.284517,-1.039999,-0.235001,-5.935000,-0.020000,-0.100125,0.009375,0.452459,-0.473758,0.092794,3.141592,-0.000001,-0.000043
10.288511,-1.039997,-0.235009,-5.935000,-0.020000,-0.100125,0.009375,0.452478,-0.473667,0.092782,-3.141589,0.000005,-0.000036
10.292511,-1.040000,-0.234996,-5.935000,-0.020000,-0.100125,0.009375,0.452522,-0.473565,0.092787,3.141590,-0.000004,0.000008
10.296511,-0.940001,-0.244990,-5.345000,-0.018000,-0.088125,0.008375,0.452551,-0.473481,0.092782,3.141587,-0.000009,0.000008
10.300511,-0.940001,-0.244992,-5.345000,-0.018000,-0.088125,0.008375,0.452577,-0.473395,0.092779,3.141588,-0.000008,0.000016
10.304512,-0.939999,-0.245000,-5.345000,-0.018000,-0.088125,0.008375,0.452602,-0.473309,0.092773,3.141592,-0.000002,0.000023
10.308511,-0.939999,-0.245000,-5.345000,-0.018000,-0.088125,0.008375,0.452631,-0.473221,0.092767,3.141591,-0.000002,0.000028
10.312511,-0.939996,-0.245013,-5.345000,-0.018000,-0.088125,0.008375,0.452656,-0.473134,0.092759,-3.141587,0.000008,0.000029
10.316509,-0.939997,-0.245013,-5.345000,-0.018000,-0.088125,0.008375,0.452683,-0.473049,0.092753,-3.141588,0.000008,0.000029
10.320512,-0.939995,-0.245021,-5.345001,-0.018000,-0.088125,0.008375,0.452707,-0.472962,0.092747,-3.141584,0.000014,0.000023
10.324511,-0.939993,-0.245032,-5.345001,-0.018000,-0.088125,0.008375,0.452732,-0.472875,0.092737,-3.141578,0.000022,0.000017
10.328511,-0.939991,-0.245039,-5.345001,-0.018000,-0.088125,0.008375,0.452758,-0.472789,0.092730,-3.141575,0.000027,0.000011
10.332511,-0.939990,-0.245046,-5.345001,-0.017999,-0.088125,0.008375,0.452785,-0.472704,0.092723,-3.141571,0.000033,0.000011
10.336511,-0.979990,-0.255046,-5.585001,-0.019999,-0.091125,0.008375,0.452811,-0.472618,0.092718,-3.141572,0.000032,0.000005
10.340511,-0.979988,-0.255052,-5.585002,-0.019999,-0.091125,0.008375,0.452837,-0.472535,0.092710,-3.141569,0.000037,-0.000006
10.344511,-0.979988,-0.255051,-5.585002,-0.019999,-0.091125,0.008375,0.452859,-0.472454,0.092704,-3.141569,0.000037,-0.000014
10.348511,-0.979988,-0.255051,-5.585002,-0.019999,-0.091125,0.008375,0.452859,-0.472454,0.092704,-3.141569,0.000037,-0.000014
10.352511,-0.979990,-0.255044,-5.585001,-0.019999,-0.091125,0.008375,0.452912,-0.472290,0.092693,-3.141573,0.000031,-0.000015
10.356511,-0.979990,-0.255042,-5.585001,-0.020000,-0.091125,0.008375,0.452938,-0.472207,0.092686,-3.141573,0.000030,-0.000019
10.360511,-0.979992,-0.255033,-5.585001,-0.020000,-0.091125,0.008375,0.452964,-0.472125,0.092680,-3.141578,0.000023,-0.000017
10.364517,-0.979994,-0.255024,-5.585001,-0.020000,-0.091125,0.008375,0.452989,-0.472045,0.092674,-3.141582,0.000017,-0.000018
10.368515,-0.979996,-0.255015,-5.585000,-0.020000,-0.091125,0.008375,0.453015,-0.471963,0.092668,-3.141586,0.000010,-0.000009
10.372511,-0.979997,-0.255013,-5.585000,-0.020000,-0.091125,0.008375,0.453040,-0.471880,0.092660,-3.141588,0.000008,0.000008
10.376511,-1.219997,-0.245010,-6.715000,-0.033000,-0.108125,0.012375,0.453065,-0.471797,0.092651,-3.141589,0.000006,0.000017
10.380517,-1.219998,-0.245007,-6.715000,-0.033000,-0.108125,0.012375,0.453089,-0.471713,0.092643,-3.141590,0.000003,0.000033
10.384515,-1.219998,-0.245004,-6.715000,-0.033000,-0.108125,0.012375,0.453114,-0.471630,0.092635,-3.141592,0.000001,0.000043
10.388511,-1.219999,-0.245002,-6.715000,-0.033000,-0.108125,0.012375,0.453137,-0.471546,0.092628,3.141593,-0.000000,0.000052
10.392509,-1.219999,-0.244999,-6.715000,-0.033000,-0.108125,0.012375,0.453162,-0.471463,0.092620,3.141591,-0.000002,0.000062
10.396511,-1.220002,-0.244989,-6.715000,-0.033000,-0.108125,0.012375,0.453187,-0.471380,0.092612,3.141586,-0.000010,0.000065
10.400511,-1.220001,-0.244993,-6.715000,-0.033000,-0.108125,0.012375,0.453211,-0.471296,0.092604,3.141588,-0.000007,0.000067
10.404511,-1.220003,-0.244979,-6.714999,-0.033000,-0.108125,0.012375,0.453238,-0.471214,0.092600,3.141582,-0.000017,0.000070
10.408511,-1.220004,-0.244978,-6.714999,-0.033000,-0.108125,0.012375,0.453264,-0.471132,0.092594,3.141581,-0.000018,0.000073
10.412516,-1.510006,-0.354966,-8.514999,-0.036000,-0.137125,0.018375,0.453295,-0.471030,0.092585,3.141575,-0.000027,0.000067
10.416511,-1.510006,-0.354969,-8.514999,-0.036000,-0.137125,0.018375,0.453314,-0.470967,0.092581,3.141576,-0.000025,0.000065
10.420511,-1.510008,-0.354958,-8.514998,-0.036000,-0.137125,0.018375,0.453347,-0.470865,0.092574,3.141571,-0.000033,0.000052
10.424511,-1.510009,-0.354952,-8.514998,-0.036001,-0.137125,0.018375,0.453373,-0.470783,0.092570,3.141568,-0.000038,0.000042
10.428511,-1.510009,-0.354950,-8.514998,-0.036001,-0.137125,0.018375,0.453399,-0.470700,0.092564,3.141568,-0.000039,0.000031
10.432471,-1.510008,-0.354957,-8.514998,-0.036001,-0.137125,0.018375,0.453424,-0.470618,0.092556,3.141571,-0.000034,0.000020
10.436511,-1.510007,-0.354964,-8.514999,-0.036000,-0.137125,0.018375,0.453448,-0.470534,0.092550,3.141574,-0.000029,0.000010
10.440516,-1.510005,-0.354970,-8.514999,-0.036000,-0.137125,0.018375,0.453473,-0.470451,0.092542,3.141577,-0.000024,-0.000001
10.444509,-1.510003,-0.354980,-8.514999,-0.036000,-0.137125,0.018375,0.453496,-0.470367,0.092538,3.141582,-0.000017,-0.000019
10.448511,-1.510002,-0.354987,-8.514999,-0.036000,-0.137125,0.018375,0.453520,-0.470283,0.092531,3.141585,-0.000011,-0.000023
10.452511,-1.510001,-0.354991,-8.515000,-0.036000,-0.137125,0.018375,0.453545,-0.470201,0.092529,3.141587,-0.000009,-0.000026
10.456511,-1.799999,-0.515003,-10.405000,-0.039000,-0.168125,0.024375,0.453568,-0.470116,0.092527,-3.141592,0.000000,-0.000017
10.460511,-1.799999,-0.515001,-10.405000,-0.039000,-0.168125,0.024375,0.453593,-0.470034,0.092527,3.141592,-0.000001,-0.000007
10.464511,-1.799998,-0.515008,-10.405000,-0.039000,-0.168125,0.024375,0.453618,-0.469951,0.092527,-3.141590,0.000004,0.000016
10.468518,-1.799996,-0.515014,-10.405000,-0.039000,-0.168125,0.024375,0.453643,-0.469868,0.092527,-3.141587,0.000009,0.000025
10.472510,-1.799994,-0.515023,-10.405000,-0.039000,-0.168125,0.024375,0.453666,-0.469784,0.092523,-3.141582,0.000016,0.000035
10.476488,-1.799995,-0.515022,-10.405000,-0.039000,-0.168125,0.024375,0.453691,-0.469701,0.092523,-3.141583,0.000015,0.000051
10.480511,-1.799995,-0.515020,-10.405000,-0.039000,-0.168125,0.024375,0.453718,-0.469620,0.092522,-3.141584,0.000013,0.000060
10.484473,-1.799994,-0.515024,-10.405000,-0.039000,-0.168125,0.024375,0.453741,-0.469536,0.092521,-3.141582,0.000016,0.000070
10.488511,-1.799996,-0.515014,-10.405000,-0.039000,-0.168125,0.024375,0.453769,-0.469455,0.092521,-3.141587,0.000009,0.000079
10.492511,-1.799997,-0.515010,-10.405000,-0.039000,-0.168125,0.024375,0.453794,-0.469372,0.092519,-3.141589,0.000006,0.000082
10.496478,-2.039998,-0.385008,-11.845000,-0.049000,-0.192125,0.027375,0.453821,-0.469291,0.092519,-3.141590,0.000004,0.000078
10.500518,-2.039998,-0.385004,-11.845000,-0.049000,-0.192125,0.027375,0.453846,-0.469208,0.092517,-3.141592,0.000001,0.000074
10.504511,-2.039998,-0.385007,-11.845000,-0.049000,-0.192125,0.027375,0.453871,-0.469125,0.092515,-3.141590,0.000004,0.000064
10.508517,-2.039998,-0.385003,-11.845000,-0.049000,-0.192125,0.027375,0.453896,-0.469043,0.092513,-3.141592,0.000001,0.000053
10.512512,-2.039999,-0.385000,-11.845000,-0.049000,-0.192125,0.027375,0.453922,-0.468961,0.092511,3.141591,-0.000002,0.000042
10.516511,-2.039999,-0.385001,-11.845000,-0.049000,-0.192125,0.027375,0.453947,-0.468878,0.092507,3.141592,-0.000001,0.000031
10.520511,-2.040001,-0.384989,-11.844999,-0.049000,-0.192125,0.027375,0.453973,-0.468796,0.092506,3.141586,-0.000010,0.000014
10.524519,-2.040000,-0.384998,-11.845000,-0.049000,-0.192125,0.027375,0.453997,-0.468713,0.092500,3.141591,-0.000003,0.000003
10.528509,-2.040000,-0.384994,-11.845000,-0.049000,-0.192125,0.027375,0.454023,-0.468631,0.092499,3.141589,-0.000006,-0.000021
10.532511,-2.040000,-0.384995,-11.845000,-0.049000,-0.192125,0.027375,0.454055,-0.468525,0.092494,3.141589,-0.000006,-0.000043
10.536475,-2.139999,-0.335003,-12.465000,-0.054000,-0.200125,0.028375,0.454065,-0.468457,0.092482,-3.141592,0.000001,-0.000091
10.540512,-2.140000,-0.334998,-12.465000,-0.054000,-0.200125,0.028375,0.454108,-0.468355,0.092486,3.141591,-0.000003,-0.000062
10.544477,-2.140000,-0.334995,-12.465000,-0.054000,-0.200125,0.028375,0.454133,-0.468270,0.092485,3.141589,-0.000005,-0.000061
10.548518,-2.140000,-0.334997,-12.465000,-0.054000,-0.200125,0.028375,0.454159,-0.468184,0.092481,3.141590,-0.000004,-0.000054
10.552537,-2.139999,-0.334999,-12.465000,-0.054000,-0.200125,0.028375,0.454187,-0.468096,0.092478,3.141591,-0.000002,-0.000042
10.556511,-2.140000,-0.334998,-12.465000,-0.054000,-0.200125,0.028375,0.454216,-0.468010,0.092478,3.141590,-0.000003,-0.000023
10.560512,-2.139998,-0.335007,-12.465000,-0.054000,-0.200125,0.028375,0.454241,-0.467924,0.092474,-3.141590,0.000004,-0.000016
10.564512,-2.139998,-0.335004,-12.465000,-0.054000,-0.200125,0.028375,0.454266,-0.467838,0.092473,-3.141592,0.000002,-0.000002
10.568511,-2.139998,-0.335008,-12.465000,-0.054000,-0.200125,0.028375,0.454295,-0.467751,0.092471,-3.141590,0.000004,0.000010
10.572512,-2.109998,-0.405007,-12.675000,-0.057000,-0.197125,0.028375,0.454322,-0.467667,0.092471,-3.141591,0.000003,0.000017
10.576513,-2.099997,-0.415010,-12.975001,-0.060000,-0.197125,0.029375,0.454349,-0.467582,0.092469,-3.141589,0.000006,0.000018
10.580524,-2.099996,-0.415016,-12.975001,-0.060000,-0.197125,0.029375,0.454377,-0.467495,0.092469,-3.141586,0.000011,0.000023
10.584511,-2.099996,-0.415015,-12.975001,-0.060000,-0.197125,0.029375,0.454404,-0.467410,0.092469,-3.141587,0.000010,0.000023
10.588511,-2.099995,-0.415020,-12.975001,-0.060000,-0.197125,0.029375,0.454429,-0.467324,0.092468,-3.141584,0.000013,0.000024
10.592511,-2.099994,-0.415026,-12.975001,-0.060000,-0.197125,0.029375,0.454456,-0.467239,0.092468,-3.141581,0.000018,0.000018
10.596511,-2.099993,-0.415032,-12.975001,-0.060000,-0.197125,0.029375,0.454484,-0.467152,0.092467,-3.141578,0.000022,0.000009
10.600512,-2.099993,-0.415031,-12.975001,-0.060000,-0.197125,0.029375,0.454509,-0.467067,0.092469,-3.141579,0.000022,0.000003
10.604473,-2.099992,-0.415038,-12.975002,-0.060000,-0.197125,0.029375,0.454536,-0.466982,0.092469,-3.141576,0.000027,-0.000017
10.608510,-2.099989,-0.415050,-12.975002,-0.059999,-0.197125,0.029375,0.454560,-0.466896,0.092467,-3.141570,0.000036,-0.000030
10.612512,-2.099988,-0.415056,-12.975002,-0.059999,-0.197125,0.029375,0.454592,-0.466787,0.092467,-3.141567,0.000041,-0.000047
10.616512,-2.279986,-0.385064,-13.615002,-0.062999,-0.210125,0.030375,0.454612,-0.466722,0.092468,-3.141563,0.000046,-0.000058
10.620511,-2.279986,-0.385064,-13.615002,-0.062999,-0.210125,0.030375,0.454612,-0.466722,0.092468,-3.141563,0.000046,-0.000058
10.624515,-2.279984,-0.385076,-13.615002,-0.062999,-0.210125,0.030375,0.454643,-0.466613,0.092466,-3.141557,0.000055,-0.000068
10.628511,-2.279982,-0.385086,-13.615003,-0.062999,-0.210125,0.030375,0.454688,-0.466462,0.092470,-3.141553,0.000062,-0.000078
10.632516,-2.279981,-0.385093,-13.615003,-0.062999,-0.210125,0.030375,0.454712,-0.466376,0.092471,-3.141549,0.000068,-0.000071
10.636523,-2.279982,-0.385087,-13.615003,-0.062999,-0.210125,0.030375,0.454740,-0.466288,0.092476,-3.141552,0.000064,-0.000059
10.640511,-2.279982,-0.385087,-13.615003,-0.062999,-0.210125,0.030375,0.454740,-0.466288,0.092476,-3.141552,0.000064,-0.000059
10.644511,-2.279982,-0.385084,-13.615002,-0.062999,-0.210125,0.030375,0.454792,-0.466115,0.092483,-3.141554,0.000061,-0.000047
10.648511,-2.279982,-0.385084,-13.615002,-0.062999,-0.210125,0.030375,0.454792,-0.466115,0.092483,-3.141554,0.000061,-0.000047
10.652518,-2.279981,-0.385089,-13.615003,-0.062999,-0.210125,0.030375,0.454818,-0.466026,0.092483,-3.141551,0.000065,-0.000035
10.656525,-2.399985,-0.325073,-13.655002,-0.063999,-0.217125,0.030375,0.454880,-0.465832,0.092495,-3.141559,0.000053,-0.000007
10.660521,-2.399983,-0.325080,-13.655002,-0.063999,-0.217125,0.030375,0.454907,-0.465744,0.092496,-3.141555,0.000059,0.000005
10.664512,-2.399983,-0.325080,-13.655002,-0.063999,-0.217125,0.030375,0.454907,-0.465744,0.092496,-3.141555,0.000059,0.000005
10.668511,-2.399984,-0.325075,-13.655002,-0.063999,-0.217125,0.030375,0.454932,-0.465659,0.092500,-3.141558,0.000055,0.000012
10.672517,-2.399986,-0.325069,-13.655002,-0.063999,-0.217125,0.030375,0.454960,-0.465571,0.092504,-3.141561,0.000050,0.000017
10.676516,-2.399987,-0.325064,-13.655002,-0.063999,-0.217125,0.030375,0.454985,-0.465486,0.092508,-3.141563,0.000046,0.000018
10.680513,-2.399988,-0.325058,-13.655002,-0.063999,-0.217125,0.030375,0.455012,-0.465398,0.092513,-3.141566,0.000042,0.000023
10.684521,-2.399988,-0.325058,-13.655002,-0.063999,-0.217125,0.030375,0.455039,-0.465311,0.092514,-3.141566,0.000042,0.000014
10.688512,-2.399988,-0.325059,-13.655002,-0.063999,-0.217125,0.030375,0.455065,-0.465222,0.092516,-3.141566,0.000042,0.000013
10.692508,-2.399985,-0.325072,-13.655002,-0.063999,-0.217125,0.030375,0.455090,-0.465133,0.092515,-3.141560,0.000052,0.000004
10.696512,-2.289988,-0.425059,-13.175002,-0.050999,-0.212125,0.029375,0.455115,-0.465048,0.092520,-3.141566,0.000042,-0.000009
10.700509,-2.289986,-0.425066,-13.175002,-0.050999,-0.212125,0.029375,0.455142,-0.464960,0.092521,-3.141562,0.000048,-0.000024
10.704512,-2.289987,-0.425062,-13.175002,-0.050999,-0.212125,0.029375,0.455196,-0.464784,0.092529,-3.141564,0.000045,-0.000041
10.708511,-2.289987,-0.425062,-13.175002,-0.050999,-0.212125,0.029375,0.455196,-0.464784,0.092529,-3.141564,0.000045,-0.000041
10.712516,-2.289987,-0.425062,-13.175002,-0.050999,-0.212125,0.029375,0.455220,-0.464699,0.092530,-3.141564,0.000045,-0.000053
10.716511,-2.289988,-0.425058,-13.175002,-0.050999,-0.212125,0.029375,0.455249,-0.464612,0.092536,-3.141566,0.000042,-0.000048
10.720511,-2.289990,-0.425046,-13.175002,-0.050999,-0.212125,0.029375,0.455278,-0.464526,0.092542,-3.141572,0.000033,-0.000043
10.724511,-2.289990,-0.425048,-13.175002,-0.050999,-0.212125,0.029375,0.455302,-0.464440,0.092546,-3.141571,0.000035,-0.000043
10.728511,-2.289989,-0.425050,-13.175002,-0.050999,-0.212125,0.029375,0.455330,-0.464353,0.092548,-3.141570,0.000036,-0.000031
10.732513,-2.289990,-0.425047,-13.175002,-0.050999,-0.212125,0.029375,0.455358,-0.464269,0.092555,-3.141571,0.000034,-0.000024
10.736511,-2.059990,-0.425048,-12.045002,-0.046999,-0.194125,0.027375,0.455384,-0.464184,0.092558,-3.141571,0.000034,-0.000016
10.740511,-2.009989,-0.395052,-11.855002,-0.047999,-0.190125,0.027375,0.455409,-0.464099,0.092563,-3.141569,0.000037,-0.000002
10.744513,-2.009989,-0.395054,-11.855002,-0.047999,-0.190125,0.027375,0.455435,-0.464017,0.092567,-3.141568,0.000039,0.000000
10.748512,-2.009988,-0.395057,-11.855002,-0.047999,-0.190125,0.027375,0.455462,-0.463933,0.092571,-3.141567,0.000041,0.000014
10.752512,-2.009986,-0.395066,-11.855002,-0.047999,-0.190125,0.027375,0.455485,-0.463850,0.092573,-3.141563,0.000048,0.000024
10.756511,-2.009983,-0.395081,-11.855003,-0.047999,-0.190125,0.027375,0.455509,-0.463767,0.092573,-3.141555,0.000059,0.000027
10.760511,-2.009984,-0.395078,-11.855003,-0.047999,-0.190125,0.027375,0.455534,-0.463686,0.092580,-3.141557,0.000057,0.000030
10.764511,-2.009981,-0.395092,-11.855003,-0.047999,-0.190125,0.027375,0.455560,-0.463600,0.092579,-3.141550,0.000067,0.000037
10.768511,-2.009981,-0.395095,-11.855003,-0.047999,-0.190125,0.027375,0.455585,-0.463518,0.092583,-3.141549,0.000069,0.000033
10.772511,-2.009978,-0.395108,-11.855004,-0.047999,-0.190125,0.027375,0.455607,-0.463435,0.092582,-3.141542,0.000080,0.000036
10.776511,-1.829981,-0.295093,-10.895003,-0.044999,-0.174125,0.025375,0.455636,-0.463352,0.092585,-3.141550,0.000068,0.000009
10.780512,-1.829977,-0.295116,-10.895004,-0.044999,-0.174125,0.025375,0.455659,-0.463269,0.092585,-3.141539,0.000085,0.000005
10.784511,-1.829977,-0.295117,-10.895004,-0.044999,-0.174125,0.025375,0.455693,-0.463165,0.092588,-3.141538,0.000086,0.000031
10.788511,-1.829975,-0.295125,-10.895004,-0.044999,-0.174125,0.025375,0.455703,-0.463097,0.092589,-3.141535,0.000092,-0.000012
10.792511,-1.829977,-0.295114,-10.895004,-0.044999,-0.174125,0.025375,0.455747,-0.463000,0.092595,-3.141540,0.000084,0.000021
10.796511,-1.829977,-0.295115,-10.895004,-0.044999,-0.174125,0.025375,0.455773,-0.462919,0.092598,-3.141539,0.000085,0.000017
10.800512,-1.829977,-0.295117,-10.895004,-0.044999,-0.174125,0.025375,0.455800,-0.462838,0.092601,-3.141539,0.000086,0.000013
10.804511,-1.829975,-0.295124,-10.895004,-0.044999,-0.174125,0.025375,0.455826,-0.462754,0.092602,-3.141535,0.000092,0.000020
10.808512,-1.829974,-0.295129,-10.895004,-0.044998,-0.174125,0.025375,0.455851,-0.462672,0.092601,-3.141533,0.000096,0.000016
10.812511,-1.659975,-0.305124,-9.755004,-0.043999,-0.153125,0.023375,0.455878,-0.462588,0.092606,-3.141535,0.000092,0.000023
10.816512,-1.659976,-0.305124,-9.755004,-0.043999,-0.153125,0.023375,0.455905,-0.462508,0.092607,-3.141535,0.000091,0.000019
10.820511,-1.659974,-0.305130,-9.755004,-0.043998,-0.153125,0.023375,0.455928,-0.462425,0.092607,-3.141532,0.000096,0.000022
10.824511,-1.659974,-0.305130,-9.755004,-0.043998,-0.153125,0.023375,0.455956,-0.462341,0.092608,-3.141532,0.000096,0.000029
10.828511,-1.659974,-0.305131,-9.755004,-0.043998,-0.153125,0.023375,0.455979,-0.462258,0.092611,-3.141532,0.000097,0.000032
10.832511,-1.659973,-0.305136,-9.755005,-0.043998,-0.153125,0.023375,0.456006,-0.462174,0.092610,-3.141530,0.000101,0.000040
10.836509,-1.659975,-0.305128,-9.755004,-0.043998,-0.153125,0.023375,0.456031,-0.462092,0.092612,-3.141533,0.000095,0.000042
10.840511,-1.659974,-0.305135,-9.755004,-0.043998,-0.153125,0.023375,0.456055,-0.462009,0.092612,-3.141530,0.000100,0.000038
10.844511,-1.659976,-0.305121,-9.755004,-0.043999,-0.153125,0.023375,0.456082,-0.461929,0.092616,-3.141537,0.000089,0.000034
10.848511,-1.659974,-0.305132,-9.755004,-0.043998,-0.153125,0.023375,0.456105,-0.461846,0.092613,-3.141531,0.000098,0.000037
10.852514,-1.659975,-0.305126,-9.755004,-0.043999,-0.153125,0.023375,0.456129,-0.461767,0.092617,-3.141534,0.000093,0.000035
10.856511,-1.489977,-0.335118,-8.955004,-0.037999,-0.139125,0.021375,0.456159,-0.461685,0.092618,-3.141538,0.000087,0.000043
10.860511,-1.489978,-0.335109,-8.955003,-0.037999,-0.139125,0.021375,0.456183,-0.461606,0.092620,-3.141542,0.000080,0.000041
10.864513,-1.489982,-0.335089,-8.955003,-0.037999,-0.139125,0.021375,0.456213,-0.461527,0.092626,-3.141552,0.000066,0.000044
10.868512,-1.489983,-0.335087,-8.955003,-0.037999,-0.139125,0.021375,0.456238,-0.461445,0.092625,-3.141553,0.000064,0.000040
10.872518,-1.489985,-0.335072,-8.955002,-0.037999,-0.139125,0.021375,0.456268,-0.461364,0.092629,-3.141560,0.000053,0.000040
10.876512,-1.489987,-0.335064,-8.955002,-0.037999,-0.139125,0.021375,0.456295,-0.461283,0.092630,-3.141564,0.000046,0.000036
10.880487,-1.489989,-0.335055,-8.955002,-0.037999,-0.139125,0.021375,0.456322,-0.461203,0.092632,-3.141568,0.000040,0.000032
10.884512,-1.489989,-0.335053,-8.955002,-0.037999,-0.139125,0.021375,0.456347,-0.461121,0.092631,-3.141569,0.000038,0.000029
10.888511,-1.489991,-0.335044,-8.955001,-0.037999,-0.139125,0.021375,0.456374,-0.461041,0.092632,-3.141573,0.000032,-0.000002
10.892511,-1.489991,-0.335042,-8.955001,-0.038000,-0.139125,0.021375,0.456399,-0.460959,0.092632,-3.141574,0.000030,0.000027
10.896512,-1.419992,-0.315038,-8.285001,-0.033000,-0.132125,0.019375,0.456416,-0.460872,0.092631,-3.141576,0.000027,-0.000004
10.900511,-1.419991,-0.315043,-8.285001,-0.032999,-0.132125,0.019375,0.456441,-0.460790,0.092629,-3.141573,0.000031,-0.000007
10.904511,-1.419991,-0.315046,-8.285001,-0.032999,-0.132125,0.019375,0.456480,-0.460694,0.092626,-3.141572,0.000033,0.000027
10.908512,-1.419990,-0.315051,-8.285001,-0.032999,-0.132125,0.019375,0.456504,-0.460612,0.092625,-3.141570,0.000037,0.000030
10.912516,-1.419989,-0.315053,-8.285002,-0.032999,-0.132125,0.019375,0.456529,-0.460530,0.092622,-3.141569,0.000039,0.000026
10.916512,-1.419988,-0.315059,-8.285002,-0.032999,-0.132125,0.019375,0.456554,-0.460448,0.092621,-3.141566,0.000043,0.000028
10.920512,-1.419987,-0.315064,-8.285002,-0.032999,-0.132125,0.019375,0.456578,-0.460366,0.092619,-3.141564,0.000046,0.000025
10.924514,-1.419986,-0.315069,-8.285002,-0.032999,-0.132125,0.019375,0.456602,-0.460284,0.092618,-3.141561,0.000050,0.000021
10.928511,-1.419988,-0.315060,-8.285002,-0.032999,-0.132125,0.019375,0.456629,-0.460204,0.092620,-3.141565,0.000044,0.000017
10.932511,-1.419987,-0.315066,-8.285002,-0.032999,-0.132125,0.019375,0.456653,-0.460122,0.092619,-3.141563,0.000048,0.000013
10.936511,-1.259986,-0.335071,-7.615002,-0.024999,-0.123125,0.017375,0.456678,-0.460040,0.092618,-3.141561,0.000052,0.000009
10.940509,-1.259986,-0.335070,-7.615002,-0.024999,-0.123125,0.017375,0.456704,-0.459959,0.092618,-3.141561,0.000051,0.000005
10.944509,-1.259985,-0.335076,-7.615002,-0.024999,-0.123125,0.017375,0.456729,-0.459874,0.092618,-3.141558,0.000056,0.000005
10.948511,-1.259984,-0.335081,-7.615003,-0.024999,-0.123125,0.017375,0.456753,-0.459792,0.092617,-3.141556,0.000059,0.000001
10.952511,-1.259984,-0.335081,-7.615003,-0.024999,-0.123125,0.017375,0.456778,-0.459710,0.092619,-3.141556,0.000059,0.000004
10.956511,-1.259984,-0.335081,-7.615003,-0.024999,-0.123125,0.017375,0.456778,-0.459710,0.092619,-3.141556,0.000059,0.000004
10.960511,-1.259983,-0.335086,-7.615003,-0.024999,-0.123125,0.017375,0.456804,-0.459626,0.092618,-3.141553,0.000063,0.000005
10.964511,-1.259982,-0.335091,-7.615003,-0.024999,-0.123125,0.017375,0.456853,-0.459462,0.092618,-3.141551,0.000067,-0.000010
10.968511,-1.259980,-0.335105,-7.615003,-0.024999,-0.123125,0.017375,0.456877,-0.459377,0.092617,-3.141544,0.000078,-0.000009
10.972511,-1.199980,-0.295105,-7.345003,-0.020999,-0.120125,0.015375,0.456901,-0.459295,0.092619,-3.141544,0.000078,-0.000040
10.976511,-1.199978,-0.255117,-7.245004,-0.021999,-0.119125,0.015375,0.456924,-0.459212,0.092616,-3.141539,0.000086,-0.000004
10.980511,-1.199976,-0.255127,-7.245004,-0.021999,-0.119125,0.015375,0.456953,-0.459106,0.092613,-3.141534,0.000094,0.000001
10.984512,-1.199974,-0.255133,-7.245004,-0.021998,-0.119125,0.015375,0.456975,-0.459023,0.092613,-3.141531,0.000099,0.000011
10.988514,-1.199975,-0.255131,-7.245004,-0.021998,-0.119125,0.015375,0.457002,-0.458940,0.092612,-3.141532,0.000097,0.000018
10.992512,-1.199975,-0.255131,-7.245004,-0.021998,-0.119125,0.015375,0.457027,-0.458858,0.092614,-3.141532,0.000097,0.000014
10.996512,-1.199975,-0.255130,-7.245004,-0.021998,-0.119125,0.015375,0.457050,-0.458775,0.092615,-3.141533,0.000096,0.000017
11.000511,-1.199976,-0.255127,-7.245004,-0.021999,-0.119125,0.015375,0.457076,-0.458692,0.092614,-3.141534,0.000094,0.000018
11.004511,-1.199977,-0.255120,-7.245004,-0.021999,-0.119125,0.015375,0.457101,-0.458610,0.092617,-3.141538,0.000089,0.000014
11.008511,-1.199978,-0.255112,-7.245004,-0.021999,-0.119125,0.015375,0.457128,-0.458527,0.092619,-3.141541,0.000083,0.000007
11.012509,-1.179980,-0.225104,-6.965003,-0.027999,-0.111125,0.015375,0.457153,-0.458445,0.092621,-3.141545,0.000077,0.000004
11.016511,-1.179980,-0.225102,-6.965003,-0.027999,-0.111125,0.015375,0.457178,-0.458363,0.092621,-3.141546,0.000075,-0.000000
11.020511,-1.179982,-0.225095,-6.965003,-0.027999,-0.111125,0.015375,0.457202,-0.458282,0.092623,-3.141550,0.000070,-0.000004
11.024529,-1.179984,-0.225081,-6.965003,-0.027999,-0.111125,0.015375,0.457229,-0.458202,0.092627,-3.141556,0.000059,-0.000015
11.028512,-1.179984,-0.225081,-6.965003,-0.027999,-0.111125,0.015375,0.457229,-0.458202,0.092627,-3.141556,0.000059,-0.000015
11.032517,-1.179986,-0.225069,-6.965002,-0.027999,-0.111125,0.015375,0.457281,-0.458034,0.092628,-3.141561,0.000051,-0.000021
11.036511,-1.179986,-0.225073,-6.965002,-0.027999,-0.111125,0.015375,0.457306,-0.457949,0.092626,-3.141560,0.000054,-0.000020
11.040511,-1.179987,-0.225064,-6.965002,-0.027999,-0.111125,0.015375,0.457332,-0.457864,0.092627,-3.141564,0.000047,-0.000020
11.044509,-1.179987,-0.225068,-6.965002,-0.027999,-0.111125,0.015375,0.457358,-0.457778,0.092625,-3.141562,0.000049,-0.000021
11.048517,-1.179987,-0.225065,-6.965002,-0.027999,-0.111125,0.015375,0.457384,-0.457690,0.092624,-3.141563,0.000047,-0.000016
11.052511,-1.159988,-0.205061,-6.885002,-0.028999,-0.109125,0.014375,0.457409,-0.457606,0.092622,-3.141565,0.000044,-0.000016
11.056515,-1.129989,-0.195057,-6.575002,-0.029999,-0.104125,0.013375,0.457439,-0.457517,0.092620,-3.141567,0.000041,0.000001
11.060512,-1.129990,-0.195053,-6.575002,-0.029999,-0.104125,0.013375,0.457464,-0.457433,0.092619,-3.141569,0.000038,0.000001
11.064510,-1.129990,-0.195053,-6.575002,-0.029999,-0.104125,0.013375,0.457464,-0.457433,0.092619,-3.141569,0.000038,0.000001
11.068512,-1.129991,-0.195046,-6.575001,-0.029999,-0.104125,0.013375,0.457491,-0.457346,0.092615,-3.141572,0.000033,0.000013
11.072513,-1.129991,-0.195048,-6.575001,-0.029999,-0.104125,0.013375,0.457548,-0.457174,0.092608,-3.141577,0.000025,0.000023
11.076515,-1.129993,-0.195036,-6.575001,-0.030000,-0.104125,0.013375,0.457575,-0.457088,0.092604,-3.141577,0.000026,0.000028
11.080512,-1.129993,-0.195036,-6.575001,-0.030000,-0.104125,0.013375,0.457575,-0.457088,0.092604,-3.141577,0.000026,0.000028
11.084511,-1.129994,-0.195030,-6.575001,-0.030000,-0.104125,0.013375,0.457602,-0.457001,0.092600,-3.141580,0.000021,0.000033
11.088518,-1.129994,-0.195028,-6.575001,-0.030000,-0.104125,0.013375,0.457627,-0.456917,0.092593,-3.141580,0.000020,0.000034
11.092494,-1.129995,-0.195023,-6.575001,-0.030000,-0.104125,0.013375,0.457683,-0.456745,0.092586,-3.141586,0.000011,0.000030
11.096506,-1.129996,-0.195017,-6.575000,-0.030000,-0.104125,0.013375,0.457683,-0.456745,0.092586,-3.141586,0.000011,0.000030
11.100517,-1.089996,-0.245018,-6.155001,-0.028000,-0.099125,0.012375,0.457708,-0.456660,0.092582,-3.141585,0.000012,0.000024
11.104518,-1.089997,-0.245014,-6.155000,-0.028000,-0.099125,0.012375,0.457764,-0.456488,0.092575,-3.141587,0.000009,0.000014
11.108511,-1.089997,-0.245014,-6.155000,-0.028000,-0.099125,0.012375,0.457764,-0.456488,0.092575,-3.141587,0.000009,0.000014
11.112511,-1.090000,-0.244998,-6.155000,-0.028000,-0.099125,0.012375,0.457790,-0.456404,0.092569,3.141591,-0.000003,-0.000039
11.116512,-1.089993,-0.245037,-6.155001,-0.028000,-0.099125,0.012375,0.457807,-0.456311,0.092555,-3.141577,0.000026,-0.000047
11.120512,-1.089994,-0.245029,-6.155001,-0.028000,-0.099125,0.012375,0.457875,-0.456124,0.092551,-3.141580,0.000020,-0.000026
11.124517,-1.089994,-0.245029,-6.155001,-0.028000,-0.099125,0.012375,0.457875,-0.456124,0.092551,-3.141580,0.000020,-0.000026
11.128512,-1.089994,-0.245029,-6.155001,-0.028000,-0.099125,0.012375,0.457902,-0.456040,0.092546,-3.141580,0.000020,-0.000039
11.132517,-1.089993,-0.245035,-6.155001,-0.028000,-0.099125,0.012375,0.457928,-0.455953,0.092538,-3.141577,0.000025,-0.000034
11.136512,-1.089993,-0.245036,-6.155001,-0.028000,-0.099125,0.012375,0.457955,-0.455867,0.092534,-3.141577,0.000026,-0.000036
11.140513,-1.139993,-0.265037,-6.655001,-0.025000,-0.108125,0.013375,0.457981,-0.455783,0.092528,-3.141577,0.000026,-0.000028
11.144523,-1.139992,-0.265043,-6.655001,-0.024999,-0.108125,0.013375,0.458005,-0.455698,0.092521,-3.141574,0.000031,-0.000021
11.148516,-1.139990,-0.265049,-6.655002,-0.024999,-0.108125,0.013375,0.458032,-0.455611,0.092514,-3.141571,0.000035,-0.000002
11.152507,-1.139990,-0.265049,-6.655002,-0.024999,-0.108125,0.013375,0.458058,-0.455528,0.092508,-3.141571,0.000035,0.000012
11.156511,-1.139992,-0.265042,-6.655001,-0.025000,-0.108125,0.013375,0.458084,-0.455444,0.092503,-3.141574,0.000030,0.000026
11.160512,-1.139992,-0.265040,-6.655001,-0.025000,-0.108125,0.013375,0.458109,-0.455360,0.092497,-3.141575,0.000029,0.000033
11.164516,-1.139992,-0.265040,-6.655001,-0.025000,-0.108125,0.013375,0.458137,-0.455274,0.092491,-3.141575,0.000029,0.000051
11.168511,-1.139992,-0.265039,-6.655001,-0.025000,-0.108125,0.013375,0.458162,-0.455190,0.092485,-3.141576,0.000028,0.000059
11.172479,-1.139994,-0.265032,-6.655001,-0.025000,-0.108125,0.013375,0.458189,-0.455106,0.092480,-3.141579,0.000022,0.000059
11.176520,-1.339994,-0.255029,-7.755001,-0.030000,-0.127125,0.015375,0.458217,-0.455021,0.092472,-3.141580,0.000020,0.000064
11.180513,-1.339995,-0.255022,-7.755001,-0.030000,-0.127125,0.015375,0.458244,-0.454937,0.092467,-3.141584,0.000015,0.000058
11.184516,-1.339997,-0.255012,-7.755000,-0.030000,-0.127125,0.015375,0.458270,-0.454854,0.092460,-3.141588,0.000007,0.000059
11.188511,-1.339999,-0.255002,-7.755000,-0.030000,-0.127125,0.015375,0.458297,-0.454771,0.092453,3.141592,-0.000000,0.000053
11.192511,-1.340000,-0.254994,-7.755000,-0.030000,-0.127125,0.015375,0.458324,-0.454688,0.092448,3.141589,-0.000006,0.000046
11.196511,-1.340002,-0.254984,-7.754999,-0.030000,-0.127125,0.015375,0.458353,-0.454602,0.092441,3.141584,-0.000014,0.000038
11.200512,-1.340002,-0.254983,-7.754999,-0.030000,-0.127125,0.015375,0.458377,-0.454518,0.092435,3.141584,-0.000015,0.000025
11.204515,-1.340003,-0.254981,-7.754999,-0.030000,-0.127125,0.015375,0.458405,-0.454432,0.092427,3.141583,-0.000016,0.000010
11.208511,-1.340005,-0.254965,-7.754999,-0.030000,-0.127125,0.015375,0.458432,-0.454349,0.092423,3.141576,-0.000028,-0.000003
11.212511,-1.480005,-0.334967,-8.904999,-0.031000,-0.144125,0.018375,0.458457,-0.454265,0.092418,3.141576,-0.000027,-0.000016
11.216481,-1.480006,-0.334962,-8.904998,-0.031000,-0.144125,0.018375,0.458483,-0.454181,0.092416,3.141574,-0.000031,-0.000029
11.220511,-1.530007,-0.364956,-9.334999,-0.032001,-0.150125,0.019375,0.458517,-0.454073,0.092413,3.141571,-0.000035,-0.000028
11.224511,-1.530006,-0.364960,-9.334999,-0.032000,-0.150125,0.019375,0.458535,-0.454011,0.092411,3.141573,-0.000032,-0.000037
11.228514,-1.530005,-0.364969,-9.334999,-0.032000,-0.150125,0.019375,0.458565,-0.453903,0.092406,3.141577,-0.000025,-0.000034
11.232513,-1.530004,-0.364973,-9.334999,-0.032000,-0.150125,0.019375,0.458583,-0.453841,0.092403,3.141579,-0.000022,-0.000029
11.236511,-1.530003,-0.364976,-9.334999,-0.032000,-0.150125,0.019375,0.458607,-0.453756,0.092401,3.141581,-0.000020,-0.000015
11.240511,-1.530005,-0.364964,-9.334999,-0.032000,-0.150125,0.019375,0.458633,-0.453673,0.092399,3.141575,-0.000029,-0.000028
11.244512,-1.529998,-0.365006,-9.335000,-0.032000,-0.150125,0.019375,0.458647,-0.453582,0.092387,-3.141591,0.000002,-0.000014
11.248511,-1.530001,-0.364988,-9.335000,-0.032000,-0.150125,0.019375,0.458688,-0.453485,0.092395,3.141586,-0.000011,0.000039
11.252512,-1.529999,-0.365000,-9.335000,-0.032000,-0.150125,0.019375,0.458712,-0.453403,0.092392,3.141591,-0.000002,0.000048
11.256511,-1.800000,-0.414997,-10.955000,-0.043000,-0.172125,0.024375,0.458738,-0.453320,0.092392,3.141590,-0.000004,0.000055
11.260511,-1.800000,-0.414996,-10.955000,-0.043000,-0.172125,0.024375,0.458763,-0.453239,0.092392,3.141590,-0.000005,0.000058
11.264511,-1.799999,-0.414999,-10.955000,-0.043000,-0.172125,0.024375,0.458788,-0.453155,0.092389,3.141591,-0.000003,0.000059
11.268513,-1.799999,-0.414998,-10.955000,-0.043000,-0.172125,0.024375,0.458815,-0.453072,0.092390,3.141591,-0.000003,0.000053
11.272511,-1.799999,-0.415000,-10.955000,-0.043000,-0.172125,0.024375,0.458838,-0.452990,0.092387,3.141592,-0.000001,0.000049
11.276512,-1.799998,-0.415006,-10.955000,-0.043000,-0.172125,0.024375,0.458861,-0.452908,0.092386,-3.141591,0.000003,0.000038
11.280512,-1.799999,-0.415003,-10.955000,-0.043000,-0.172125,0.024375,0.458887,-0.452825,0.092385,-3.141592,0.000001,0.000025
11.284511,-1.799998,-0.415006,-10.955000,-0.043000,-0.172125,0.024375,0.458910,-0.452743,0.092382,-3.141591,0.000003,0.000014
11.288511,-1.799998,-0.415003,-10.955000,-0.043000,-0.172125,0.024375,0.458936,-0.452659,0.092381,-3.141592,0.000001,0.000008
11.292511,-1.799997,-0.415014,-10.955000,-0.043000,-0.172125,0.024375,0.458958,-0.452577,0.092378,-3.141587,0.000009,-0.000009
11.296510,-1.999995,-0.325022,-11.965001,-0.057000,-0.185125,0.025375,0.458982,-0.452492,0.092372,-3.141583,0.000015,-0.000022
11.300512,-1.999996,-0.325020,-11.965001,-0.057000,-0.185125,0.025375,0.459005,-0.452410,0.092372,-3.141585,0.000013,-0.000046
11.304511,-1.999994,-0.325031,-11.965001,-0.057000,-0.185125,0.025375,0.459028,-0.452325,0.092369,-3.141579,0.000022,-0.000052
11.308513,-1.999993,-0.325034,-11.965001,-0.057000,-0.185125,0.025375,0.459051,-0.452243,0.092366,-3.141578,0.000024,-0.000063
11.312512,-1.999994,-0.325031,-11.965001,-0.057000,-0.185125,0.025375,0.459077,-0.452160,0.092365,-3.141579,0.000022,-0.000063
11.316512,-1.999994,-0.325030,-11.965001,-0.057000,-0.185125,0.025375,0.459101,-0.452079,0.092366,-3.141580,0.000021,-0.000053
11.320512,-1.999994,-0.325027,-11.965001,-0.057000,-0.185125,0.025375,0.459128,-0.451996,0.092365,-3.141581,0.000019,-0.000046
11.324512,-1.999994,-0.325032,-11.965001,-0.057000,-0.185125,0.025375,0.459151,-0.451914,0.092364,-3.141579,0.000023,-0.000036
11.328512,-1.999993,-0.325036,-11.965001,-0.057000,-0.185125,0.025375,0.459178,-0.451831,0.092362,-3.141577,0.000026,-0.000022
11.332513,-2.239993,-0.355033,-12.545001,-0.057000,-0.199125,0.028375,0.459205,-0.451748,0.092360,-3.141579,0.000023,-0.000008
11.336512,-2.239995,-0.355026,-12.545001,-0.057000,-0.199125,0.028375,0.459233,-0.451666,0.092363,-3.141582,0.000018,0.000006
11.340512,-2.239994,-0.355030,-12.545001,-0.057000,-0.199125,0.028375,0.459257,-0.451585,0.092361,-3.141580,0.000021,0.000009
11.344513,-2.239993,-0.355034,-12.545001,-0.057000,-0.199125,0.028375,0.459284,-0.451502,0.092359,-3.141578,0.000024,0.000016
11.348513,-2.239996,-0.355019,-12.545001,-0.057000,-0.199125,0.028375,0.459310,-0.451423,0.092362,-3.141585,0.000013,0.000019
11.352512,-2.239994,-0.355028,-12.545001,-0.057000,-0.199125,0.028375,0.459326,-0.451334,0.092357,-3.141581,0.000020,-0.000014
11.356512,-2.239993,-0.355034,-12.545001,-0.057000,-0.199125,0.028375,0.459359,-0.451258,0.092356,-3.141578,0.000024,-0.000012
11.360512,-2.239993,-0.355037,-12.545001,-0.057000,-0.199125,0.028375,0.459375,-0.451169,0.092354,-3.141577,0.000027,-0.000018
11.364512,-2.239993,-0.355037,-12.545001,-0.057000,-0.199125,0.028375,0.459375,-0.451169,0.092354,-3.141577,0.000027,-0.000018
11.368520,-2.239992,-0.355039,-12.545001,-0.057000,-0.199125,0.028375,0.459439,-0.450989,0.092352,-3.141576,0.000028,0.000004
11.372513,-2.239992,-0.355043,-12.545001,-0.056999,-0.199125,0.028375,0.459463,-0.450908,0.092350,-3.141574,0.000031,-0.000007
11.376512,-2.289990,-0.455053,-13.135002,-0.055999,-0.210125,0.029375,0.459487,-0.450824,0.092346,-3.141569,0.000039,-0.000013
11.380512,-2.289989,-0.455057,-13.135002,-0.055999,-0.210125,0.029375,0.459514,-0.450741,0.092344,-3.141567,0.000042,-0.000019
11.384513,-2.289989,-0.455062,-13.135002,-0.055999,-0.210125,0.029375,0.459538,-0.450660,0.092342,-3.141565,0.000045,-0.000030
11.388512,-2.289988,-0.455066,-13.135002,-0.055999,-0.210125,0.029375,0.459564,-0.450577,0.092340,-3.141564,0.000048,-0.000036
11.392512,-2.289988,-0.455062,-13.135002,-0.055999,-0.210125,0.029375,0.459589,-0.450496,0.092339,-3.141565,0.000046,-0.000047
11.396512,-2.289988,-0.455063,-13.135002,-0.055999,-0.210125,0.029375,0.459616,-0.450414,0.092341,-3.141565,0.000046,-0.000053
11.400512,-2.289989,-0.455061,-13.135002,-0.055999,-0.210125,0.029375,0.459642,-0.450334,0.092340,-3.141566,0.000045,-0.000057
11.404513,-2.289989,-0.455059,-13.135002,-0.055999,-0.210125,0.029375,0.459670,-0.450252,0.092340,-3.141567,0.000043,-0.000050
11.408512,-2.289989,-0.455060,-13.135002,-0.055999,-0.210125,0.029375,0.459695,-0.450172,0.092342,-3.141566,0.000044,-0.000040
11.412513,-2.289989,-0.455058,-13.135002,-0.055999,-0.210125,0.029375,0.459723,-0.450090,0.092342,-3.141567,0.000042,-0.000033
11.416513,-2.289989,-0.475058,-13.555002,-0.051999,-0.217125,0.029375,0.459749,-0.450010,0.092344,-3.141567,0.000043,-0.000030
11.420512,-2.289988,-0.475064,-13.555002,-0.051999,-0.217125,0.029375,0.459776,-0.449928,0.092343,-3.141565,0.000047,-0.000016
11.424516,-2.289989,-0.475057,-13.555002,-0.051999,-0.217125,0.029375,0.459802,-0.449848,0.092346,-3.141568,0.000041,-0.000007
11.428516,-2.289987,-0.475069,-13.555003,-0.051999,-0.217125,0.029375,0.459826,-0.449764,0.092344,-3.141562,0.000051,0.000007
11.432484,-2.289988,-0.475069,-13.555003,-0.051999,-0.217125,0.029375,0.459852,-0.449681,0.092345,-3.141562,0.000050,0.000021
11.436518,-2.289987,-0.475070,-13.555003,-0.051999,-0.217125,0.029375,0.459876,-0.449600,0.092348,-3.141562,0.000052,0.000024
11.440512,-2.289987,-0.475070,-13.555003,-0.051999,-0.217125,0.029375,0.459901,-0.449516,0.092350,-3.141562,0.000052,0.000025
11.444512,-2.289987,-0.475069,-13.555003,-0.051999,-0.217125,0.029375,0.459927,-0.449433,0.092351,-3.141562,0.000051,0.000032
11.448512,-2.289986,-0.475077,-13.555003,-0.051999,-0.217125,0.029375,0.459951,-0.449349,0.092352,-3.141559,0.000057,0.000033
11.452513,-2.429986,-0.535077,-14.145002,-0.059999,-0.223125,0.031375,0.459976,-0.449265,0.092354,-3.141559,0.000057,0.000033
11.456512,-2.429986,-0.535079,-14.145002,-0.059999,-0.223125,0.031375,0.459999,-0.449184,0.092357,-3.141558,0.000058,0.000022
11.460512,-2.429986,-0.535080,-14.145002,-0.059999,-0.223125,0.031375,0.460031,-0.449078,0.092360,-3.141557,0.000059,0.000019
11.464516,-2.429987,-0.535075,-14.145002,-0.059999,-0.223125,0.031375,0.460050,-0.449017,0.092364,-3.141559,0.000055,0.000010
11.468512,-2.429987,-0.535071,-14.145002,-0.059999,-0.223125,0.031375,0.460078,-0.448935,0.092369,-3.141562,0.000052,-0.000030
11.472512,-2.429987,-0.535074,-14.145002,-0.059999,-0.223125,0.031375,0.460103,-0.448855,0.092373,-3.141560,0.000054,-0.000047
11.476509,-2.429984,-0.535091,-14.145003,-0.059999,-0.223125,0.031375,0.460120,-0.448767,0.092368,-3.141553,0.000067,-0.000053
11.480511,-2.429988,-0.535066,-14.145002,-0.059999,-0.223125,0.031375,0.460149,-0.448685,0.092384,-3.141564,0.000048,-0.000060
11.484512,-2.429989,-0.535062,-14.145002,-0.059999,-0.223125,0.031375,0.460189,-0.448588,0.092390,-3.141565,0.000046,-0.000027
11.488512,-2.429990,-0.535058,-14.145001,-0.059999,-0.223125,0.031375,0.460217,-0.448506,0.092395,-3.141567,0.000042,-0.000027
11.492512,-2.429990,-0.535053,-14.145001,-0.059999,-0.223125,0.031375,0.460244,-0.448424,0.092400,-3.141570,0.000039,-0.000020
11.496510,-2.329991,-0.415051,-14.055002,-0.062999,-0.218125,0.030375,0.460269,-0.448344,0.092407,-3.141570,0.000037,-0.000017
11.500518,-2.329991,-0.415053,-14.055002,-0.062999,-0.218125,0.030375,0.460295,-0.448261,0.092410,-3.141570,0.000038,-0.000003
11.504516,-2.329990,-0.415056,-14.055002,-0.062999,-0.218125,0.030375,0.460322,-0.448178,0.092414,-3.141568,0.000041,0.000005
11.508513,-2.329989,-0.415060,-14.055002,-0.062999,-0.218125,0.030375,0.460345,-0.448097,0.092419,-3.141567,0.000044,0.000007
11.512512,-2.329990,-0.415056,-14.055002,-0.062999,-0.218125,0.030375,0.460371,-0.448014,0.092425,-3.141568,0.000041,0.000021
11.516512,-2.329988,-0.415066,-14.055003,-0.062999,-0.218125,0.030375,0.460395,-0.447930,0.092428,-3.141564,0.000049,0.000022
11.520515,-2.329988,-0.415065,-14.055002,-0.062999,-0.218125,0.030375,0.460420,-0.447847,0.092436,-3.141564,0.000048,0.000029
11.524512,-2.329987,-0.415076,-14.055003,-0.062999,-0.218125,0.030375,0.460444,-0.447762,0.092439,-3.141559,0.000056,0.000036
11.528512,-2.329986,-0.415080,-14.055003,-0.062999,-0.218125,0.030375,0.460469,-0.447679,0.092444,-3.141558,0.000059,0.000044
11.532513,-2.299987,-0.405076,-13.765003,-0.062999,-0.214125,0.030375,0.460495,-0.447596,0.092450,-3.141559,0.000056,0.000044
11.536513,-2.229986,-0.475081,-13.195002,-0.061999,-0.204125,0.029375,0.460518,-0.447512,0.092456,-3.141557,0.000060,0.000038
11.540512,-2.229986,-0.475081,-13.195002,-0.061999,-0.204125,0.029375,0.460518,-0.447512,0.092456,-3.141557,0.000060,0.000038
11.544514,-2.229984,-0.475091,-13.195003,-0.061999,-0.204125,0.029375,0.460546,-0.447423,0.092459,-3.141552,0.000068,0.000048
11.548511,-2.229985,-0.475086,-13.195003,-0.061999,-0.204125,0.029375,0.460598,-0.447251,0.092473,-3.141555,0.000064,0.000044
11.552522,-2.229984,-0.475090,-13.195003,-0.061999,-0.204125,0.029375,0.460623,-0.447164,0.092478,-3.141553,0.000067,0.000036
11.556524,-2.229984,-0.475095,-13.195003,-0.061999,-0.204125,0.029375,0.460648,-0.447078,0.092484,-3.141551,0.000071,0.000028
11.560513,-2.229985,-0.475086,-13.195003,-0.061999,-0.204125,0.029375,0.460676,-0.446993,0.092492,-3.141555,0.000064,0.000012
11.564512,-2.229985,-0.475086,-13.195003,-0.061999,-0.204125,0.029375,0.460676,-0.446993,0.092492,-3.141555,0.000064,0.000012
11.568510,-2.229983,-0.475097,-13.195003,-0.061999,-0.204125,0.029375,0.460703,-0.446905,0.092496,-3.141550,0.000072,0.000009
11.572510,-2.229985,-0.475089,-13.195003,-0.061999,-0.204125,0.029375,0.460737,-0.446800,0.092505,-3.141553,0.000066,-0.000002
11.576514,-1.999983,-0.365097,-11.725003,-0.055999,-0.182125,0.025375,0.460774,-0.446642,0.092515,-3.141550,0.000072,-0.000030
11.580512,-1.999983,-0.365097,-11.725003,-0.055999,-0.182125,0.025375,0.460774,-0.446642,0.092515,-3.141550,0.000072,-0.000030
11.584512,-1.999983,-0.365100,-11.725003,-0.055999,-0.182125,0.025375,0.460814,-0.446539,0.092520,-3.141548,0.000075,0.000004
11.588513,-1.999981,-0.365111,-11.725004,-0.055999,-0.182125,0.025375,0.460866,-0.446363,0.092528,-3.141542,0.000085,0.000019
11.592512,-1.999981,-0.365114,-11.725004,-0.055999,-0.182125,0.025375,0.460866,-0.446363,0.092528,-3.141542,0.000085,0.000019
11.596512,-1.999978,-0.365130,-11.725004,-0.055998,-0.182125,0.025375,0.460887,-0.446278,0.092530,-3.141535,0.000098,0.000019
11.600512,-1.999976,-0.365141,-11.725005,-0.055998,-0.182125,0.025375,0.460914,-0.446189,0.092533,-3.141530,0.000105,0.000029
11.604507,-1.999976,-0.365141,-11.725005,-0.055998,-0.182125,0.025375,0.460914,-0.446189,0.092533,-3.141530,0.000105,0.000029
11.608513,-1.999975,-0.365152,-11.725005,-0.055998,-0.182125,0.025375,0.460962,-0.446018,0.092539,-3.141525,0.000114,0.000028
11.612513,-1.999974,-0.365154,-11.725005,-0.055998,-0.182125,0.025375,0.460989,-0.445930,0.092543,-3.141524,0.000116,0.000031
11.616512,-1.819975,-0.315149,-10.195005,-0.044998,-0.165125,0.022375,0.461015,-0.445844,0.092547,-3.141526,0.000112,0.000029
11.620513,-1.819975,-0.315149,-10.195005,-0.044998,-0.165125,0.022375,0.461041,-0.445758,0.092549,-3.141526,0.000112,0.000027
11.624513,-1.819976,-0.315141,-10.195004,-0.044998,-0.165125,0.022375,0.461069,-0.445673,0.092550,-3.141530,0.000106,0.000026
11.628513,-1.819976,-0.315141,-10.195004,-0.044998,-0.165125,0.022375,0.461095,-0.445587,0.092552,-3.141530,0.000106,0.000024
11.632513,-1.819976,-0.315141,-10.195004,-0.044998,-0.165125,0.022375,0.461121,-0.445501,0.092554,-3.141530,0.000106,0.000022
11.636513,-1.819979,-0.315127,-10.195004,-0.044999,-0.165125,0.022375,0.461149,-0.445417,0.092558,-3.141536,0.000095,0.000021
11.640513,-1.819980,-0.315119,-10.195004,-0.044999,-0.165125,0.022375,0.461179,-0.445330,0.092560,-3.141540,0.000089,0.000024
11.644512,-1.819981,-0.315114,-10.195003,-0.044999,-0.165125,0.022375,0.461207,-0.445242,0.092564,-3.141542,0.000085,0.000013
11.648513,-1.819981,-0.315113,-10.195003,-0.044999,-0.165125,0.022375,0.461235,-0.445157,0.092565,-3.141543,0.000084,0.000005
11.652547,-1.819982,-0.315105,-10.195003,-0.044999,-0.165125,0.022375,0.461263,-0.445070,0.092567,-3.141546,0.000079,0.000001
11.656512,-1.589982,-0.325105,-9.105004,-0.037999,-0.148125,0.019375,0.461289,-0.444984,0.092569,-3.141546,0.000079,-0.000001
11.660548,-1.589984,-0.325098,-9.105003,-0.037999,-0.148125,0.019375,0.461317,-0.444896,0.092571,-3.141550,0.000073,-0.000005
11.664512,-1.589984,-0.325098,-9.105003,-0.037999,-0.148125,0.019375,0.461345,-0.444808,0.092573,-3.141550,0.000073,-0.000002
11.668513,-1.589984,-0.325098,-9.105003,-0.037999,-0.148125,0.019375,0.461371,-0.444722,0.092575,-3.141550,0.000073,-0.000011
11.672519,-1.589984,-0.325098,-9.105003,-0.037999,-0.148125,0.019375,0.461396,-0.444636,0.092577,-3.141550,0.000073,-0.000012
11.676511,-1.589985,-0.325090,-9.105003,-0.037999,-0.148125,0.019375,0.461424,-0.444548,0.092579,-3.141553,0.000067,-0.000009
11.680513,-1.589984,-0.325096,-9.105003,-0.037999,-0.148125,0.019375,0.461452,-0.444460,0.092578,-3.141551,0.000071,-0.000007
11.684477,-1.589985,-0.325090,-9.105003,-0.037999,-0.148125,0.019375,0.461477,-0.444378,0.092581,-3.141553,0.000067,-0.000026
11.688512,-1.589983,-0.325103,-9.105003,-0.037999,-0.148125,0.019375,0.461496,-0.444284,0.092574,-3.141547,0.000077,-0.000064
11.692481,-1.589985,-0.325090,-9.105003,-0.037999,-0.148125,0.019375,0.461531,-0.444204,0.092585,-3.141553,0.000067,-0.000072
11.696521,-1.459984,-0.325097,-8.405003,-0.033999,-0.136125,0.017375,0.461549,-0.444113,0.092579,-3.141550,0.000073,-0.000081
11.700518,-1.459986,-0.325082,-8.405003,-0.033999,-0.136125,0.017375,0.461593,-0.444009,0.092589,-3.141557,0.000061,-0.000048
11.704511,-1.459986,-0.325084,-8.405003,-0.033999,-0.136125,0.017375,0.461622,-0.443922,0.092592,-3.141556,0.000062,-0.000046
11.708533,-1.459985,-0.325089,-8.405003,-0.033999,-0.136125,0.017375,0.461647,-0.443836,0.092591,-3.141554,0.000066,-0.000054
11.712512,-1.459985,-0.325088,-8.405003,-0.033999,-0.136125,0.017375,0.461676,-0.443749,0.092592,-3.141554,0.000066,-0.000051
11.716512,-1.459985,-0.325087,-8.405003,-0.033999,-0.136125,0.017375,0.461703,-0.443664,0.092593,-3.141555,0.000065,-0.000059
11.720512,-1.459985,-0.325092,-8.405003,-0.033999,-0.136125,0.017375,0.461730,-0.443575,0.092592,-3.141552,0.000069,-0.000063
11.724512,-1.459984,-0.325097,-8.405003,-0.033999,-0.136125,0.017375,0.461758,-0.443487,0.092591,-3.141550,0.000073,-0.000067
11.728511,-1.459984,-0.325096,-8.405003,-0.033999,-0.136125,0.017375,0.461785,-0.443402,0.092591,-3.141550,0.000072,-0.000062
11.732514,-1.459983,-0.325101,-8.405003,-0.033999,-0.136125,0.017375,0.461811,-0.443317,0.092589,-3.141549,0.000075,-0.000057
11.736512,-1.319983,-0.255100,-7.815003,-0.038999,-0.120125,0.016375,0.461838,-0.443232,0.092590,-3.141549,0.000074,-0.000052
11.740512,-1.319982,-0.255111,-7.815004,-0.038999,-0.120125,0.016375,0.461862,-0.443149,0.092587,-3.141544,0.000083,-0.000045
11.744512,-1.319982,-0.255109,-7.815003,-0.038999,-0.120125,0.016375,0.461891,-0.443065,0.092587,-3.141545,0.000082,-0.000040
11.748486,-1.319982,-0.255110,-7.815003,-0.038999,-0.120125,0.016375,0.461917,-0.442982,0.092589,-3.141544,0.000082,-0.000032
11.752513,-1.319980,-0.255122,-7.815004,-0.038999,-0.120125,0.016375,0.461941,-0.442899,0.092587,-3.141539,0.000091,-0.000025
11.756512,-1.319980,-0.255120,-7.815004,-0.038999,-0.120125,0.016375,0.461968,-0.442817,0.092587,-3.141540,0.000090,-0.000025
11.760512,-1.319980,-0.255125,-7.815004,-0.038999,-0.120125,0.016375,0.461994,-0.442735,0.092586,-3.141538,0.000094,-0.000024
11.764512,-1.319978,-0.255135,-7.815004,-0.038998,-0.120125,0.016375,0.462018,-0.442651,0.092581,-3.141533,0.000101,-0.000023
11.768511,-1.319979,-0.255128,-7.815004,-0.038999,-0.120125,0.016375,0.462045,-0.442570,0.092584,-3.141537,0.000096,-0.000030
11.772512,-1.319977,-0.255144,-7.815005,-0.038998,-0.120125,0.016375,0.462069,-0.442486,0.092578,-3.141529,0.000109,-0.000029
11.776511,-1.319977,-0.255145,-7.815005,-0.038998,-0.120125,0.016375,0.462095,-0.442404,0.092580,-3.141529,0.000109,-0.000035
11.780512,-1.229976,-0.295149,-7.425005,-0.035998,-0.113125,0.016375,0.462119,-0.442321,0.092578,-3.141527,0.000112,-0.000041
11.784512,-1.229976,-0.295153,-7.425005,-0.035998,-0.113125,0.016375,0.462144,-0.442238,0.092576,-3.141525,0.000116,-0.000054
11.788512,-1.229977,-0.295146,-7.425005,-0.035998,-0.113125,0.016375,0.462170,-0.442156,0.092579,-3.141528,0.000110,-0.000054
11.792512,-1.229975,-0.295158,-7.425005,-0.035998,-0.113125,0.016375,0.462194,-0.442073,0.092576,-3.141523,0.000119,-0.000053
11.796511,-1.229976,-0.295151,-7.425005,-0.035998,-0.113125,0.016375,0.462221,-0.441991,0.092579,-3.141526,0.000114,-0.000053
11.800512,-1.229975,-0.295155,-7.425005,-0.035998,-0.113125,0.016375,0.462245,-0.441908,0.092577,-3.141525,0.000117,-0.000045
11.804512,-1.229978,-0.295140,-7.425005,-0.035998,-0.113125,0.016375,0.462275,-0.441824,0.092580,-3.141531,0.000106,-0.000040
11.808516,-1.229979,-0.295133,-7.425004,-0.035998,-0.113125,0.016375,0.462301,-0.441742,0.092583,-3.141534,0.000100,-0.000040
11.812513,-1.229980,-0.295124,-7.425004,-0.035999,-0.113125,0.016375,0.462328,-0.441661,0.092583,-3.141538,0.000093,-0.000032
11.816512,-1.289981,-0.255117,-7.565004,-0.038999,-0.117125,0.016375,0.462354,-0.441579,0.092586,-3.141542,0.000088,-0.000018
11.820512,-1.289983,-0.255108,-7.565003,-0.038999,-0.117125,0.016375,0.462382,-0.441494,0.092587,-3.141545,0.000081,-0.000007
11.824512,-1.289986,-0.255089,-7.565003,-0.038999,-0.117125,0.016375,0.462416,-0.441394,0.092594,-3.141554,0.000066,-0.000002
11.828511,-1.289984,-0.255100,-7.565003,-0.038999,-0.117125,0.016375,0.462426,-0.441325,0.092584,-3.141549,0.000075,-0.000026
11.832512,-1.289988,-0.255073,-7.565002,-0.038999,-0.117125,0.016375,0.462469,-0.441227,0.092598,-3.141561,0.000054,0.000011
11.836512,-1.289989,-0.255064,-7.565002,-0.038999,-0.117125,0.016375,0.462494,-0.441145,0.092599,-3.141565,0.000048,0.000018
11.840512,-1.289991,-0.255050,-7.565001,-0.038999,-0.117125,0.016375,0.462521,-0.441063,0.092603,-3.141572,0.000036,0.000019
11.844511,-1.289993,-0.255041,-7.565001,-0.039000,-0.117125,0.016375,0.462546,-0.440981,0.092604,-3.141575,0.000030,0.000019
11.848511,-1.289994,-0.255033,-7.565001,-0.039000,-0.117125,0.016375,0.462572,-0.440898,0.092606,-3.141579,0.000023,0.000020
11.852512,-1.279995,-0.225024,-7.605001,-0.039000,-0.118125,0.016375,0.462597,-0.440815,0.092607,-3.141583,0.000017,0.000014
11.856512,-1.219996,-0.275023,-7.575001,-0.032000,-0.118125,0.015375,0.462621,-0.440732,0.092608,-3.141583,0.000016,0.000014
11.860511,-1.219997,-0.275015,-7.575000,-0.032000,-0.118125,0.015375,0.462646,-0.440650,0.092609,-3.141587,0.000009,0.000008
11.864512,-1.219996,-0.275019,-7.575000,-0.032000,-0.118125,0.015375,0.462670,-0.440567,0.092607,-3.141585,0.000013,0.000009
11.868512,-1.219996,-0.275018,-7.575000,-0.032000,-0.118125,0.015375,0.462695,-0.440484,0.092608,-3.141586,0.000012,0.000002
11.872473,-1.219997,-0.275017,-7.575000,-0.032000,-0.118125,0.015375,0.462719,-0.440401,0.092609,-3.141586,0.000011,-0.000004
11.876520,-1.219997,-0.275017,-7.575000,-0.032000,-0.118125,0.015375,0.462719,-0.440401,0.092609,-3.141586,0.000011,-0.000004
11.880509,-1.219996,-0.275021,-7.575000,-0.032000,-0.118125,0.015375,0.462741,-0.440320,0.092607,-3.141584,0.000014,-0.000021
11.884475,-1.219997,-0.275012,-7.575000,-0.032000,-0.118125,0.015375,0.462794,-0.440156,0.092609,-3.141588,0.000007,-0.000034
11.888549,-1.219997,-0.275011,-7.575000,-0.032000,-0.118125,0.015375,0.462820,-0.440071,0.092610,-3.141589,0.000007,-0.000028
11.892545,-1.219999,-0.275001,-7.575000,-0.032000,-0.118125,0.015375,0.462847,-0.439989,0.092611,3.141592,-0.000001,-0.000028
11.896545,-1.119998,-0.265007,-6.855000,-0.029000,-0.108125,0.014375,0.462872,-0.439907,0.092610,-3.141590,0.000004,-0.000021
11.900543,-1.119998,-0.265010,-6.855000,-0.029000,-0.108125,0.014375,0.462898,-0.439825,0.092607,-3.141589,0.000006,-0.000007
11.904529,-1.119997,-0.265016,-6.855001,-0.029000,-0.108125,0.014375,0.462923,-0.439743,0.092606,-3.141587,0.000011,0.000001
11.908484,-1.119995,-0.265025,-6.855001,-0.029000,-0.108125,0.014375,0.462947,-0.439659,0.092601,-3.141582,0.000018,0.000015
11.912521,-1.119995,-0.265031,-6.855001,-0.029000,-0.108125,0.014375,0.462972,-0.439577,0.092601,-3.141580,0.000022,0.000029
11.916522,-1.119994,-0.265035,-6.855001,-0.029000,-0.108125,0.014375,0.462996,-0.439494,0.092599,-3.141578,0.000025,0.000036
11.920481,-1.119994,-0.265038,-6.855001,-0.029000,-0.108125,0.014375,0.463022,-0.439412,0.092596,-3.141577,0.000028,0.000050
11.924517,-1.119992,-0.265050,-6.855002,-0.028999,-0.108125,0.014375,0.463045,-0.439329,0.092593,-3.141572,0.000037,0.000057
11.928506,-1.119991,-0.265054,-6.855002,-0.028999,-0.108125,0.014375,0.463069,-0.439245,0.092591,-3.141570,0.000040,0.000065
11.932503,-1.119989,-0.265066,-6.855002,-0.028999,-0.108125,0.014375,0.463092,-0.439162,0.092588,-3.141565,0.000049,0.000065
11.936506,-1.049988,-0.215076,-6.435002,-0.027999,-0.101125,0.012375,0.463116,-0.439076,0.092585,-3.141560,0.000057,0.000063
11.940506,-1.029989,-0.215068,-6.345002,-0.026999,-0.099125,0.012375,0.463138,-0.438995,0.092580,-3.141563,0.000051,0.000019
11.944511,-1.029984,-0.215104,-6.345003,-0.026999,-0.099125,0.012375,0.463150,-0.438902,0.092569,-3.141548,0.000078,0.000017
11.948479,-1.029983,-0.215111,-6.345004,-0.026999,-0.099125,0.012375,0.463186,-0.438803,0.092563,-3.141544,0.000084,0.000043
11.952488,-1.029982,-0.215113,-6.345004,-0.026999,-0.099125,0.012375,0.463210,-0.438720,0.092559,-3.141544,0.000085,0.000030
11.956512,-1.029981,-0.215121,-6.345004,-0.026999,-0.099125,0.012375,0.463235,-0.438634,0.092553,-3.141540,0.000091,0.000022
11.960512,-1.029983,-0.215107,-6.345004,-0.026999,-0.099125,0.012375,0.463260,-0.438552,0.092550,-3.141546,0.000081,0.000009
11.964512,-1.029983,-0.215106,-6.345003,-0.026999,-0.099125,0.012375,0.463284,-0.438469,0.092544,-3.141547,0.000080,-0.000004
11.968511,-1.029985,-0.215093,-6.345003,-0.026999,-0.099125,0.012375,0.463309,-0.438387,0.092541,-3.141553,0.000069,-0.000017
11.972512,-1.099988,-0.165079,-6.525003,-0.034999,-0.100125,0.014375,0.463335,-0.438305,0.092538,-3.141559,0.000059,-0.000037
11.976518,-1.099988,-0.165073,-6.525002,-0.034999,-0.100125,0.014375,0.463359,-0.438222,0.092535,-3.141561,0.000054,-0.000043
11.980515,-1.099989,-0.165067,-6.525002,-0.034999,-0.100125,0.014375,0.463384,-0.438139,0.092531,-3.141564,0.000050,-0.000036
11.984513,-1.099989,-0.165067,-6.525002,-0.034999,-0.100125,0.014375,0.463407,-0.438056,0.092526,-3.141564,0.000050,-0.000028
11.988510,-1.099991,-0.165059,-6.525002,-0.034999,-0.100125,0.014375,0.463431,-0.437973,0.092520,-3.141568,0.000043,-0.000021
11.992513,-1.099992,-0.165051,-6.525002,-0.034999,-0.100125,0.014375,0.463455,-0.437890,0.092515,-3.141571,0.000038,-0.000014
11.996512,-1.099993,-0.165044,-6.525001,-0.034999,-0.100125,0.014375,0.463480,-0.437805,0.092511,-3.141574,0.000032,0.000005
12.000512,-1.099994,-0.165036,-6.525001,-0.035000,-0.100125,0.014375,0.463503,-0.437721,0.092506,-3.141578,0.000026,0.000025
12.004512,-1.099994,-0.165034,-6.525001,-0.035000,-0.100125,0.014375,0.463526,-0.437638,0.092499,-3.141579,0.000024,0.000039
12.008519,-1.099994,-0.165038,-6.525001,-0.035000,-0.100125,0.014375,0.463547,-0.437553,0.092489,-3.141577,0.000027,0.000047
12.012512,-1.199995,-0.175030,-7.475001,-0.043000,-0.111125,0.017375,0.463572,-0.437468,0.092485,-3.141580,0.000022,0.000059
12.016513,-1.199996,-0.175023,-7.475001,-0.043000,-0.111125,0.017375,0.463593,-0.437387,0.092480,-3.141584,0.000016,0.000055
12.020533,-1.199996,-0.175020,-7.475001,-0.043000,-0.111125,0.017375,0.463618,-0.437301,0.092472,-3.141585,0.000014,0.000060
12.024511,-1.199996,-0.175020,-7.475001,-0.043000,-0.111125,0.017375,0.463618,-0.437301,0.092472,-3.141585,0.000014,0.000060
12.028521,-1.199998,-0.175007,-7.475000,-0.043000,-0.111125,0.017375,0.463666,-0.437135,0.092464,-3.141591,0.000004,0.000047
12.032511,-1.199998,-0.175007,-7.475000,-0.043000,-0.111125,0.017375,0.463666,-0.437135,0.092464,-3.141591,0.000004,0.000047
12.036512,-1.200000,-0.174997,-7.475000,-0.043000,-0.111125,0.017375,0.463700,-0.437029,0.092458,3.141590,-0.000004,0.000041
12.040512,-1.200001,-0.174986,-7.474999,-0.043000,-0.111125,0.017375,0.463745,-0.436882,0.092452,3.141586,-0.000012,0.000015
12.044511,-1.200003,-0.174974,-7.474999,-0.043000,-0.111125,0.017375,0.463773,-0.436798,0.092450,3.141580,-0.000021,-0.000007
12.048518,-1.200003,-0.174976,-7.474999,-0.043000,-0.111125,0.017375,0.463801,-0.436711,0.092446,3.141581,-0.000020,-0.000017
12.052515,-1.200003,-0.174973,-7.474999,-0.043000,-0.111125,0.017375,0.463827,-0.436626,0.092445,3.141580,-0.000023,-0.000039
12.056473,-1.200003,-0.174973,-7.474999,-0.043000,-0.111125,0.017375,0.463827,-0.436626,0.092445,3.141580,-0.000023,-0.000039
12.060512,-1.430002,-0.274977,-8.724999,-0.043000,-0.134125,0.020375,0.463852,-0.436541,0.092443,3.141581,-0.000020,-0.000054
12.064522,-1.430004,-0.274963,-8.724999,-0.043000,-0.134125,0.020375,0.463905,-0.436369,0.092441,3.141576,-0.000030,-0.000114
12.068513,-1.430001,-0.274985,-8.724999,-0.043000,-0.134125,0.020375,0.463931,-0.436281,0.092440,3.141585,-0.000013,-0.000070
12.072514,-1.430000,-0.274995,-8.725000,-0.043000,-0.134125,0.020375,0.463955,-0.436194,0.092436,3.141590,-0.000005,-0.000065
12.076525,-1.429999,-0.275000,-8.725000,-0.043000,-0.134125,0.020375,0.463978,-0.436108,0.092435,3.141592,-0.000001,-0.000060
12.080511,-1.429999,-0.275000,-8.725000,-0.043000,-0.134125,0.020375,0.463978,-0.436108,0.092435,3.141592,-0.000001,-0.000060
12.084512,-1.429998,-0.275007,-8.725000,-0.043000,-0.134125,0.020375,0.464011,-0.435998,0.092436,-3.141591,0.000003,-0.000042
12.088523,-1.429997,-0.275018,-8.725000,-0.043000,-0.134125,0.020375,0.464035,-0.435909,0.092433,-3.141586,0.000012,-0.000025
12.092518,-1.429996,-0.275023,-8.725001,-0.043000,-0.134125,0.020375,0.464058,-0.435823,0.092432,-3.141584,0.000016,-0.000013
12.096519,-1.619994,-0.285035,-9.855001,-0.047000,-0.154125,0.023375,0.464085,-0.435736,0.092429,-3.141578,0.000025,-0.000004
12.100514,-1.619994,-0.285040,-9.855001,-0.047000,-0.154125,0.023375,0.464111,-0.435647,0.092428,-3.141576,0.000029,-0.000001
12.104516,-1.619994,-0.285039,-9.855001,-0.047000,-0.154125,0.023375,0.464136,-0.435562,0.092429,-3.141577,0.000028,0.000004
12.108509,-1.619993,-0.285043,-9.855001,-0.046999,-0.154125,0.023375,0.464163,-0.435475,0.092427,-3.141575,0.000031,0.000007
12.112511,-1.619993,-0.285041,-9.855001,-0.047000,-0.154125,0.023375,0.464190,-0.435391,0.092427,-3.141576,0.000030,0.000005
12.116511,-1.619995,-0.285032,-9.855001,-0.047000,-0.154125,0.023375,0.464220,-0.435305,0.092427,-3.141580,0.000023,0.000001
12.120512,-1.619995,-0.285031,-9.855001,-0.047000,-0.154125,0.023375,0.464245,-0.435220,0.092428,-3.141580,0.000022,-0.000014
12.124511,-1.619996,-0.285021,-9.855001,-0.047000,-0.154125,0.023375,0.464275,-0.435134,0.092429,-3.141584,0.000015,-0.000024
12.128512,-1.619995,-0.285030,-9.855001,-0.047000,-0.154125,0.023375,0.464300,-0.435049,0.092424,-3.141580,0.000022,-0.000040
12.132512,-1.619996,-0.285021,-9.855001,-0.047000,-0.154125,0.023375,0.464327,-0.434965,0.092424,-3.141585,0.000014,-0.000055
12.136511,-1.619997,-0.285017,-9.855001,-0.047000,-0.154125,0.023375,0.464355,-0.434879,0.092423,-3.141586,0.000012,-0.000065
12.140511,-1.669997,-0.255014,-10.175000,-0.044000,-0.161125,0.022375,0.464382,-0.434792,0.092422,-3.141588,0.000009,-0.000076
12.144513,-1.669996,-0.255023,-10.175000,-0.044000,-0.161125,0.022375,0.464411,-0.434702,0.092417,-3.141584,0.000016,-0.000075
12.148511,-1.669996,-0.255020,-10.175000,-0.044000,-0.161125,0.022375,0.464437,-0.434617,0.092416,-3.141585,0.000013,-0.000090
12.152511,-1.669997,-0.255014,-10.175000,-0.044000,-0.161125,0.022375,0.464462,-0.434533,0.092412,-3.141588,0.000009,-0.000099
12.156511,-1.669996,-0.255021,-10.175000,-0.044000,-0.161125,0.022375,0.464488,-0.434445,0.092406,-3.141584,0.000015,-0.000096
12.160511,-1.669998,-0.255010,-10.175000,-0.044000,-0.161125,0.022375,0.464516,-0.434358,0.092406,-3.141589,0.000006,-0.000086
12.164511,-1.669997,-0.255012,-10.175000,-0.044000,-0.161125,0.022375,0.464543,-0.434271,0.092401,-3.141588,0.000008,-0.000077
12.168511,-1.669997,-0.255014,-10.175000,-0.044000,-0.161125,0.022375,0.464570,-0.434184,0.092397,-3.141588,0.000009,-0.000061
12.172513,-1.669996,-0.255021,-10.175000,-0.044000,-0.161125,0.022375,0.464598,-0.434094,0.092391,-3.141584,0.000015,-0.000040
12.176512,-1.669996,-0.255019,-10.175000,-0.044000,-0.161125,0.022375,0.464626,-0.434007,0.092391,-3.141585,0.000013,-0.000023
12.180511,-1.649995,-0.355027,-10.315001,-0.048000,-0.156125,0.023375,0.464652,-0.433919,0.092385,-3.141582,0.000019,-0.000014
12.184512,-1.649997,-0.355017,-10.315001,-0.048000,-0.156125,0.023375,0.464679,-0.433836,0.092386,-3.141586,0.000012,-0.000009
12.188514,-1.649996,-0.355019,-10.315001,-0.048000,-0.156125,0.023375,0.464704,-0.433751,0.092382,-3.141585,0.000013,-0.000004
12.192512,-1.649998,-0.355010,-10.315000,-0.048000,-0.156125,0.023375,0.464733,-0.433665,0.092382,-3.141589,0.000006,-0.000035
12.196476,-1.649997,-0.355019,-10.315001,-0.048000,-0.156125,0.023375,0.464760,-0.433577,0.092378,-3.141585,0.000013,-0.000032
12.200469,-1.650002,-0.354980,-10.314999,-0.048000,-0.156125,0.023375,0.464793,-0.433494,0.092382,3.141583,-0.000017,-0.000036
12.204482,-1.649996,-0.355026,-10.315001,-0.048000,-0.156125,0.023375,0.464808,-0.433400,0.092366,-3.141582,0.000019,-0.000040
12.208513,-1.649999,-0.355001,-10.315000,-0.048000,-0.156125,0.023375,0.464853,-0.433298,0.092375,3.141592,-0.000001,-0.000014
12.212509,-1.649998,-0.355005,-10.315000,-0.048000,-0.156125,0.023375,0.464882,-0.433208,0.092373,-3.141591,0.000003,-0.000027
12.216511,-1.689998,-0.345009,-10.815000,-0.051000,-0.161125,0.024375,0.464910,-0.433122,0.092370,-3.141590,0.000005,-0.000038
12.220512,-1.689996,-0.345020,-10.815001,-0.051000,-0.161125,0.024375,0.464935,-0.433037,0.092367,-3.141585,0.000014,-0.000053
12.224512,-1.689996,-0.345025,-10.815001,-0.051000,-0.161125,0.024375,0.464961,-0.432949,0.092365,-3.141583,0.000017,-0.000063
12.228511,-1.689994,-0.345035,-10.815001,-0.051000,-0.161125,0.024375,0.464986,-0.432861,0.092362,-3.141579,0.000025,-0.000067
12.232511,-1.689995,-0.345033,-10.815001,-0.051000,-0.161125,0.024375,0.465014,-0.432775,0.092362,-3.141579,0.000024,-0.000064
12.236517,-1.689992,-0.345051,-10.815002,-0.050999,-0.161125,0.024375,0.465037,-0.432688,0.092357,-3.141572,0.000037,-0.000066
12.240511,-1.689991,-0.345056,-10.815002,-0.050999,-0.161125,0.024375,0.465063,-0.432604,0.092356,-3.141569,0.000042,-0.000054
12.244512,-1.689991,-0.345060,-10.815002,-0.050999,-0.161125,0.024375,0.465085,-0.432521,0.092354,-3.141567,0.000045,-0.000047
12.248511,-1.689989,-0.345074,-10.815003,-0.050999,-0.161125,0.024375,0.465111,-0.432436,0.092353,-3.141562,0.000055,-0.000035
12.252511,-1.799988,-0.355079,-11.295003,-0.056999,-0.168125,0.025375,0.465137,-0.432352,0.092352,-3.141559,0.000060,-0.000023
12.256511,-1.799987,-0.355085,-11.295003,-0.056999,-0.168125,0.025375,0.465161,-0.432270,0.092351,-3.141557,0.000064,-0.000016
12.260511,-1.819988,-0.355085,-11.415003,-0.056999,-0.170125,0.025375,0.465188,-0.432186,0.092353,-3.141557,0.000064,-0.000004
12.264511,-1.819987,-0.355090,-11.415003,-0.056999,-0.170125,0.025375,0.465214,-0.432102,0.092352,-3.141555,0.000068,0.000001
12.268511,-1.819985,-0.355104,-11.415003,-0.056999,-0.170125,0.025375,0.465239,-0.432017,0.092350,-3.141549,0.000078,0.000013
12.272513,-1.819986,-0.355095,-11.415003,-0.056999,-0.170125,0.025375,0.465266,-0.431936,0.092352,-3.141552,0.000072,0.000013
12.276511,-1.819984,-0.355109,-11.415004,-0.056999,-0.170125,0.025375,0.465291,-0.431852,0.092351,-3.141547,0.000082,0.000018
12.280511,-1.819984,-0.355109,-11.415004,-0.056999,-0.170125,0.025375,0.465317,-0.431767,0.092353,-3.141546,0.000083,0.000023
12.284512,-1.819985,-0.355104,-11.415003,-0.056999,-0.170125,0.025375,0.465343,-0.431686,0.092357,-3.141549,0.000078,0.000024
12.288511,-1.819986,-0.355097,-11.415003,-0.056999,-0.170125,0.025375,0.465370,-0.431602,0.092359,-3.141552,0.000073,0.000029
12.292511,-1.819986,-0.355096,-11.415003,-0.056999,-0.170125,0.025375,0.465397,-0.431519,0.092360,-3.141552,0.000073,0.000027
12.296512,-1.859987,-0.355089,-11.875003,-0.054999,-0.180125,0.026375,0.465424,-0.431435,0.092363,-3.141555,0.000067,0.000025
12.300476,-1.859986,-0.355101,-11.875003,-0.054999,-0.180125,0.026375,0.465448,-0.431350,0.092361,-3.141550,0.000076,0.000017
12.304476,-1.859987,-0.355094,-11.875003,-0.054999,-0.180125,0.026375,0.465474,-0.431266,0.092363,-3.141553,0.000071,0.000015
12.308512,-1.859987,-0.355092,-11.875003,-0.054999,-0.180125,0.026375,0.465500,-0.431182,0.092363,-3.141554,0.000069,0.000007
12.312511,-1.859986,-0.355096,-11.875003,-0.054999,-0.180125,0.026375,0.465523,-0.431099,0.092361,-3.141552,0.000073,0.000001
12.316511,-1.859986,-0.355102,-11.875003,-0.054999,-0.180125,0.026375,0.465548,-0.431014,0.092360,-3.141550,0.000077,-0.000001
12.320512,-1.859986,-0.355100,-11.875003,-0.054999,-0.180125,0.026375,0.465575,-0.430930,0.092360,-3.141551,0.000075,0.000004
12.324512,-1.859987,-0.355090,-11.875003,-0.054999,-0.180125,0.026375,0.465601,-0.430846,0.092361,-3.141555,0.000068,0.000003
12.328481,-1.859987,-0.355088,-11.875003,-0.054999,-0.180125,0.026375,0.465627,-0.430762,0.092361,-3.141556,0.000067,0.000008
12.332511,-1.859988,-0.355086,-11.875003,-0.054999,-0.180125,0.026375,0.465652,-0.430680,0.092361,-3.141556,0.000065,-0.000025
12.336511,-1.899986,-0.405100,-11.755004,-0.050999,-0.182125,0.026375,0.465670,-0.430592,0.092353,-3.141551,0.000075,-0.000020
12.340512,-1.899988,-0.405082,-11.755003,-0.050999,-0.182125,0.026375,0.465712,-0.430494,0.092360,-3.141558,0.000061,0.000023
12.344511,-1.899989,-0.405073,-11.755003,-0.050999,-0.182125,0.026375,0.465738,-0.430413,0.092362,-3.141562,0.000055,0.000023
12.348510,-1.899990,-0.405070,-11.755003,-0.050999,-0.182125,0.026375,0.465763,-0.430332,0.092361,-3.141563,0.000053,0.000031
12.352512,-1.899990,-0.405069,-11.755002,-0.050999,-0.182125,0.026375,0.465788,-0.430250,0.092361,-3.141564,0.000051,0.000031
12.356511,-1.899991,-0.405066,-11.755002,-0.050999,-0.182125,0.026375,0.465813,-0.430169,0.092359,-3.141565,0.000049,0.000032
12.360511,-1.899991,-0.405063,-11.755002,-0.050999,-0.182125,0.026375,0.465839,-0.430088,0.092358,-3.141567,0.000047,0.000032
12.364511,-1.899992,-0.405055,-11.755002,-0.050999,-0.182125,0.026375,0.465865,-0.430007,0.092360,-3.141570,0.000040,0.000033
12.368512,-1.899992,-0.405052,-11.755002,-0.050999,-0.182125,0.026375,0.465891,-0.429926,0.092359,-3.141571,0.000038,0.000034
12.372511,-1.899993,-0.405049,-11.755002,-0.050999,-0.182125,0.026375,0.465918,-0.429843,0.092358,-3.141573,0.000036,0.000039
12.376511,-1.809995,-0.375033,-11.415001,-0.050000,-0.174125,0.025375,0.465945,-0.429762,0.092361,-3.141579,0.000024,0.000032
12.380514,-1.809995,-0.375033,-11.415001,-0.050000,-0.174125,0.025375,0.465970,-0.429681,0.092362,-3.141580,0.000023,0.000026
12.384516,-1.809995,-0.375033,-11.415001,-0.050000,-0.174125,0.025375,0.465970,-0.429681,0.092362,-3.141580,0.000023,0.000026
12.388511,-1.809995,-0.375030,-11.415001,-0.050000,-0.174125,0.025375,0.465996,-0.429600,0.092361,-3.141581,0.000021,0.000020
12.392517,-1.809994,-0.375035,-11.415001,-0.050000,-0.174125,0.025375,0.466046,-0.429434,0.092361,-3.141579,0.000025,0.000012
12.396512,-1.809995,-0.375032,-11.415001,-0.050000,-0.174125,0.025375,0.466072,-0.429353,0.092360,-3.141580,0.000023,0.000006
12.400511,-1.809994,-0.375037,-11.415001,-0.050000,-0.174125,0.025375,0.466095,-0.429271,0.092359,-3.141578,0.000027,0.000007
12.404477,-1.809994,-0.375037,-11.415001,-0.050000,-0.174125,0.025375,0.466120,-0.429190,0.092360,-3.141578,0.000027,-0.000026
12.408511,-1.809994,-0.375037,-11.415001,-0.050000,-0.174125,0.025375,0.466120,-0.429190,0.092360,-3.141578,0.000027,-0.000026
12.412512,-1.809994,-0.375041,-11.415001,-0.050000,-0.174125,0.025375,0.466172,-0.429025,0.092360,-3.141576,0.000030,-0.000021
12.416514,-1.839992,-0.395052,-11.455002,-0.053999,-0.173125,0.025375,0.466188,-0.428939,0.092357,-3.141571,0.000038,-0.000020
12.420510,-1.839993,-0.395051,-11.455002,-0.053999,-0.173125,0.025375,0.466227,-0.428843,0.092358,-3.141572,0.000038,0.000012
12.424511,-1.839993,-0.395051,-11.455002,-0.053999,-0.173125,0.025375,0.466227,-0.428843,0.092358,-3.141572,0.000038,0.000012
12.428520,-1.839991,-0.395062,-11.455002,-0.053999,-0.173125,0.025375,0.466277,-0.428677,0.092355,-3.141567,0.000046,0.000011
12.432511,-1.839991,-0.395062,-11.455002,-0.053999,-0.173125,0.025375,0.466277,-0.428677,0.092355,-3.141567,0.000046,0.000011
12.436511,-1.839991,-0.395062,-11.455002,-0.053999,-0.173125,0.025375,0.466277,-0.428677,0.092355,-3.141567,0.000046,0.000011
12.440511,-1.839991,-0.395062,-11.455002,-0.053999,-0.173125,0.025375,0.466277,-0.428677,0.092355,-3.141567,0.000046,0.000011
12.444513,-1.839991,-0.395067,-11.455002,-0.053999,-0.173125,0.025375,0.466327,-0.428511,0.092356,-3.141565,0.000050,0.000003
12.448511,-1.839989,-0.395079,-11.455003,-0.053999,-0.173125,0.025375,0.466378,-0.428339,0.092355,-3.141560,0.000060,-0.000003
12.452512,-1.839987,-0.395097,-11.455003,-0.053999,-0.173125,0.025375,0.466428,-0.428168,0.092352,-3.141552,0.000073,-0.000022
12.456510,-1.789987,-0.375097,-11.505003,-0.060999,-0.168125,0.025375,0.466455,-0.428081,0.092354,-3.141552,0.000074,-0.000026
12.460511,-1.789987,-0.375095,-11.505003,-0.060999,-0.168125,0.025375,0.466481,-0.427997,0.092354,-3.141553,0.000072,-0.000034
12.464487,-1.789987,-0.375096,-11.505003,-0.060999,-0.168125,0.025375,0.466508,-0.427911,0.092356,-3.141553,0.000073,-0.000038
12.468514,-1.789986,-0.375102,-11.505004,-0.060999,-0.168125,0.025375,0.466535,-0.427824,0.092355,-3.141550,0.000077,-0.000042
12.472520,-1.789986,-0.375102,-11.505004,-0.060999,-0.168125,0.025375,0.466535,-0.427824,0.092355,-3.141550,0.000077,-0.000042
12.476510,-1.789988,-0.375088,-11.505003,-0.060999,-0.168125,0.025375,0.466589,-0.427654,0.092360,-3.141556,0.000066,-0.000047
12.480514,-1.789987,-0.375094,-11.505003,-0.060999,-0.168125,0.025375,0.466614,-0.427567,0.092361,-3.141553,0.000071,-0.000038
12.484511,-1.789987,-0.375094,-11.505003,-0.060999,-0.168125,0.025375,0.466614,-0.427567,0.092361,-3.141553,0.000071,-0.000038
12.488511,-1.789987,-0.375094,-11.505003,-0.060999,-0.168125,0.025375,0.466614,-0.427567,0.092361,-3.141553,0.000071,-0.000038
12.492509,-1.789987,-0.375094,-11.505003,-0.060999,-0.168125,0.025375,0.466614,-0.427567,0.092361,-3.141553,0.000071,-0.000038
12.496511,-1.909988,-0.325087,-11.475003,-0.061999,-0.174125,0.025375,0.466691,-0.427312,0.092366,-3.141557,0.000065,-0.000025
12.500518,-1.909989,-0.325080,-11.475003,-0.061999,-0.174125,0.025375,0.466718,-0.427226,0.092369,-3.141560,0.000060,-0.000022
12.504512,-1.909989,-0.325084,-11.475003,-0.061999,-0.174125,0.025375,0.466742,-0.427141,0.092367,-3.141558,0.000063,-0.000017
12.508475,-1.909989,-0.325083,-11.475003,-0.061999,-0.174125,0.025375,0.466768,-0.427054,0.092368,-3.141558,0.000062,-0.000055
12.512512,-1.909989,-0.325082,-11.475003,-0.061999,-0.174125,0.025375,0.466784,-0.426965,0.092369,-3.141559,0.000062,-0.000056
12.516512,-1.909988,-0.325086,-11.475003,-0.061999,-0.174125,0.025375,0.466825,-0.426861,0.092367,-3.141557,0.000065,-0.000031
12.520512,-1.909989,-0.325085,-11.475003,-0.061999,-0.174125,0.025375,0.466849,-0.426776,0.092368,-3.141557,0.000064,-0.000039
12.524511,-1.909989,-0.325083,-11.475003,-0.061999,-0.174125,0.025375,0.466876,-0.426689,0.092368,-3.141558,0.000063,-0.000043
12.528511,-1.909990,-0.325076,-11.475002,-0.061999,-0.174125,0.025375,0.466902,-0.426606,0.092370,-3.141561,0.000057,-0.000058
12.532512,-1.909988,-0.325088,-11.475003,-0.061999,-0.174125,0.025375,0.466927,-0.426518,0.092368,-3.141556,0.000066,-0.000062
12.536511,-1.939989,-0.345081,-11.425002,-0.060999,-0.175125,0.025375,0.466950,-0.426436,0.092370,-3.141559,0.000061,-0.000082
12.540511,-1.869990,-0.365073,-11.095002,-0.055999,-0.172125,0.025375,0.466979,-0.426351,0.092372,-3.141563,0.000055,-0.000079
12.544512,-1.869990,-0.365071,-11.095002,-0.055999,-0.172125,0.025375,0.467005,-0.426267,0.092372,-3.141563,0.000053,-0.000074
12.548510,-1.869991,-0.365063,-11.095002,-0.055999,-0.172125,0.025375,0.467030,-0.426186,0.092374,-3.141567,0.000047,-0.000073
12.552515,-1.869991,-0.365062,-11.095002,-0.055999,-0.172125,0.025375,0.467056,-0.426103,0.092375,-3.141567,0.000047,-0.000068
12.556511,-1.869992,-0.365059,-11.095002,-0.055999,-0.172125,0.025375,0.467083,-0.426020,0.092374,-3.141568,0.000044,-0.000063
12.560511,-1.869993,-0.365051,-11.095002,-0.055999,-0.172125,0.025375,0.467110,-0.425937,0.092376,-3.141572,0.000038,-0.000045
12.564511,-1.869993,-0.365049,-11.095001,-0.055999,-0.172125,0.025375,0.467138,-0.425850,0.092376,-3.141573,0.000037,-0.000035
12.568511,-1.869993,-0.365046,-11.095001,-0.055999,-0.172125,0.025375,0.467162,-0.425769,0.092375,-3.141574,0.000034,-0.000028
12.572511,-1.869994,-0.365038,-11.095001,-0.056000,-0.172125,0.025375,0.467190,-0.425686,0.092376,-3.141577,0.000028,-0.000016
12.576516,-1.759994,-0.335044,-10.615001,-0.045999,-0.168125,0.022375,0.467214,-0.425602,0.092376,-3.141575,0.000032,-0.000004
12.580511,-1.759994,-0.335042,-10.615001,-0.046000,-0.168125,0.022375,0.467241,-0.425516,0.092375,-3.141576,0.000031,0.000005
12.584511,-1.759994,-0.335040,-10.615001,-0.046000,-0.168125,0.022375,0.467266,-0.425432,0.092375,-3.141577,0.000029,0.000010
12.588511,-1.759993,-0.335046,-10.615001,-0.045999,-0.168125,0.022375,0.467291,-0.425347,0.092375,-3.141574,0.000034,0.000009
12.592511,-1.759994,-0.335044,-10.615001,-0.045999,-0.168125,0.022375,0.467316,-0.425263,0.092375,-3.141575,0.000032,0.000014
12.596513,-1.759993,-0.335049,-10.615001,-0.045999,-0.168125,0.022375,0.467341,-0.425179,0.092374,-3.141573,0.000037,0.000005
12.600511,-1.759991,-0.335066,-10.615002,-0.045999,-0.168125,0.022375,0.467371,-0.425072,0.092369,-3.141566,0.000050,-0.000001
12.604511,-1.759991,-0.335066,-10.615002,-0.045999,-0.168125,0.022375,0.467395,-0.424991,0.092370,-3.141566,0.000049,-0.000013
12.608511,-1.759990,-0.335071,-10.615002,-0.045999,-0.168125,0.022375,0.467422,-0.424905,0.092369,-3.141563,0.000054,-0.000017
12.612475,-1.759990,-0.335076,-10.615002,-0.045999,-0.168125,0.022375,0.467446,-0.424823,0.092368,-3.141561,0.000057,-0.000030
12.616469,-1.719988,-0.395089,-10.215003,-0.044999,-0.159125,0.021375,0.467470,-0.424739,0.092366,-3.141556,0.000068,-0.000045
12.620511,-1.719988,-0.395089,-10.215003,-0.044999,-0.159125,0.021375,0.467496,-0.424655,0.092367,-3.141556,0.000067,-0.000047
12.624512,-1.719988,-0.395089,-10.215003,-0.044999,-0.159125,0.021375,0.467522,-0.424572,0.092368,-3.141556,0.000067,-0.000055
12.628511,-1.719989,-0.395082,-10.215003,-0.044999,-0.159125,0.021375,0.467550,-0.424490,0.092371,-3.141559,0.000062,-0.000057
12.632511,-1.719989,-0.395087,-10.215003,-0.044999,-0.159125,0.021375,0.467576,-0.424406,0.092370,-3.141557,0.000066,-0.000059
12.636511,-1.719989,-0.395080,-10.215003,-0.044999,-0.159125,0.021375,0.467603,-0.424326,0.092373,-3.141560,0.000060,-0.000052
12.640513,-1.719988,-0.395092,-10.215003,-0.044999,-0.159125,0.021375,0.467628,-0.424242,0.092370,-3.141555,0.000070,-0.000040
12.644511,-1.719989,-0.395086,-10.215003,-0.044999,-0.159125,0.021375,0.467654,-0.424162,0.092373,-3.141557,0.000065,-0.000032
12.648512,-1.719989,-0.395084,-10.215003,-0.044999,-0.159125,0.021375,0.467680,-0.424082,0.092373,-3.141558,0.000064,-0.000018
12.652511,-1.719988,-0.395097,-10.215003,-0.044999,-0.159125,0.021375,0.467704,-0.424000,0.092371,-3.141553,0.000073,-0.000004
12.656511,-1.669988,-0.245095,-10.095003,-0.048999,-0.155125,0.020375,0.467729,-0.423920,0.092371,-3.141553,0.000072,0.000010
12.660516,-1.669988,-0.245096,-10.095003,-0.048999,-0.155125,0.020375,0.467757,-0.423837,0.092374,-3.141553,0.000073,0.000028
12.664511,-1.669987,-0.245101,-10.095003,-0.048999,-0.155125,0.020375,0.467781,-0.423756,0.092372,-3.141551,0.000077,0.000035
12.668511,-1.669986,-0.245108,-10.095003,-0.048999,-0.155125,0.020375,0.467805,-0.423674,0.092372,-3.141548,0.000082,0.000043
12.672512,-1.669986,-0.245108,-10.095003,-0.048999,-0.155125,0.020375,0.467829,-0.423593,0.092374,-3.141548,0.000082,0.000043
12.676512,-1.669985,-0.245120,-10.095004,-0.048999,-0.155125,0.020375,0.467854,-0.423509,0.092371,-3.141543,0.000091,0.000055
12.680515,-1.669985,-0.245119,-10.095004,-0.048999,-0.155125,0.020375,0.467878,-0.423428,0.092372,-3.141543,0.000091,0.000049
12.684511,-1.669985,-0.245119,-10.095004,-0.048999,-0.155125,0.020375,0.467902,-0.423347,0.092374,-3.141543,0.000091,0.000049
12.688512,-1.669985,-0.245119,-10.095004,-0.048999,-0.155125,0.020375,0.467902,-0.423347,0.092374,-3.141543,0.000091,0.000049
12.692511,-1.669985,-0.245119,-10.095004,-0.048999,-0.155125,0.020375,0.467902,-0.423347,0.092374,-3.141543,0.000091,0.000049
12.696512,-1.669985,-0.245124,-10.095004,-0.048999,-0.155125,0.020375,0.467926,-0.423265,0.092372,-3.141542,0.000094,0.000003
12.700509,-1.679986,-0.325115,-9.995004,-0.050999,-0.151125,0.022375,0.468010,-0.423003,0.092376,-3.141545,0.000088,0.000000
12.704516,-1.679987,-0.325101,-9.995003,-0.050999,-0.151125,0.022375,0.468038,-0.422921,0.092380,-3.141551,0.000077,-0.000015
12.708512,-1.679987,-0.325099,-9.995003,-0.050999,-0.151125,0.022375,0.468064,-0.422840,0.092380,-3.141552,0.000076,-0.000028
12.712513,-1.679989,-0.325087,-9.995003,-0.050999,-0.151125,0.022375,0.468092,-0.422761,0.092385,-3.141557,0.000066,-0.000041
12.716511,-1.679989,-0.325085,-9.995003,-0.050999,-0.151125,0.022375,0.468117,-0.422681,0.092385,-3.141558,0.000065,-0.000060
12.720476,-1.679990,-0.325079,-9.995003,-0.050999,-0.151125,0.022375,0.468143,-0.422601,0.092388,-3.141560,0.000060,-0.000060
12.724487,-1.679991,-0.325072,-9.995002,-0.050999,-0.151125,0.022375,0.468171,-0.422518,0.092391,-3.141563,0.000054,-0.000055
12.728512,-1.679992,-0.325057,-9.995002,-0.050999,-0.151125,0.022375,0.468199,-0.422439,0.092394,-3.141570,0.000043,-0.000034
12.732509,-1.679993,-0.325050,-9.995002,-0.050999,-0.151125,0.022375,0.468227,-0.422357,0.092397,-3.141572,0.000038,-0.000022
12.736511,-1.599994,-0.305042,-9.855001,-0.051000,-0.149125,0.020375,0.468252,-0.422276,0.092399,-3.141576,0.000031,-0.000008
12.740511,-1.599994,-0.305040,-9.855001,-0.051000,-0.149125,0.020375,0.468274,-0.422194,0.092399,-3.141577,0.000030,0.000013
12.744511,-1.599996,-0.305027,-9.855001,-0.051000,-0.149125,0.020375,0.468301,-0.422111,0.092403,-3.141582,0.000020,0.000031
12.748509,-1.599996,-0.305025,-9.855001,-0.051000,-0.149125,0.020375,0.468323,-0.422029,0.092403,-3.141583,0.000018,0.000038
12.752511,-1.599997,-0.305022,-9.855001,-0.051000,-0.149125,0.020375,0.468347,-0.421945,0.092402,-3.141584,0.000015,0.000050
12.756516,-1.599996,-0.305026,-9.855001,-0.051000,-0.149125,0.020375,0.468369,-0.421860,0.092400,-3.141583,0.000019,0.000055
12.760511,-1.599996,-0.305030,-9.855001,-0.051000,-0.149125,0.020375,0.468390,-0.421777,0.092398,-3.141581,0.000022,0.000049
12.764516,-1.599995,-0.305034,-9.855001,-0.051000,-0.149125,0.020375,0.468412,-0.421692,0.092396,-3.141579,0.000025,0.000047
12.768511,-1.599995,-0.305032,-9.855001,-0.051000,-0.149125,0.020375,0.468435,-0.421610,0.092396,-3.141580,0.000023,0.000041
12.772512,-1.599997,-0.305015,-9.855001,-0.051000,-0.149125,0.020375,0.468460,-0.421526,0.092397,-3.141587,0.000010,-0.000001
12.776511,-1.549993,-0.355050,-9.315002,-0.041999,-0.144125,0.020375,0.468473,-0.421436,0.092386,-3.141573,0.000037,-0.000009
12.780511,-1.549995,-0.355034,-9.315001,-0.042000,-0.144125,0.020375,0.468513,-0.421338,0.092395,-3.141579,0.000025,0.000014
12.784519,-1.549995,-0.355034,-9.315001,-0.042000,-0.144125,0.020375,0.468537,-0.421257,0.092396,-3.141579,0.000025,-0.000006
12.788511,-1.549995,-0.355033,-9.315001,-0.042000,-0.144125,0.020375,0.468562,-0.421174,0.092397,-3.141580,0.000024,-0.000021
12.792516,-1.549995,-0.355033,-9.315001,-0.042000,-0.144125,0.020375,0.468562,-0.421174,0.092397,-3.141580,0.000024,-0.000021
12.796512,-1.549996,-0.355025,-9.315001,-0.042000,-0.144125,0.020375,0.468587,-0.421093,0.092399,-3.141583,0.000018,-0.000041
12.800517,-1.549996,-0.355029,-9.315001,-0.042000,-0.144125,0.020375,0.468636,-0.420928,0.092399,-3.141581,0.000021,-0.000069
12.804511,-1.549995,-0.355036,-9.315001,-0.042000,-0.144125,0.020375,0.468659,-0.420847,0.092399,-3.141578,0.000027,-0.000075
12.808511,-1.549995,-0.355036,-9.315001,-0.042000,-0.144125,0.020375,0.468685,-0.420763,0.092400,-3.141578,0.000026,-0.000076
12.812512,-1.549995,-0.355036,-9.315001,-0.042000,-0.144125,0.020375,0.468685,-0.420763,0.092400,-3.141578,0.000026,-0.000076
12.816511,-1.549996,-0.225028,-8.935001,-0.044000,-0.143125,0.018375,0.468734,-0.420599,0.092403,-3.141582,0.000020,-0.000057
12.820512,-1.549996,-0.225027,-8.935001,-0.044000,-0.143125,0.018375,0.468758,-0.420518,0.092404,-3.141582,0.000019,-0.000050
12.824525,-1.549996,-0.225025,-8.935001,-0.044000,-0.143125,0.018375,0.468782,-0.420434,0.092404,-3.141583,0.000018,-0.000031
12.828475,-1.549995,-0.225031,-8.935001,-0.044000,-0.143125,0.018375,0.468806,-0.420350,0.092403,-3.141581,0.000022,-0.000020
12.832512,-1.549996,-0.225029,-8.935001,-0.044000,-0.143125,0.018375,0.468830,-0.420266,0.092403,-3.141582,0.000021,-0.000008
12.836512,-1.549995,-0.225035,-8.935001,-0.044000,-0.143125,0.018375,0.468854,-0.420178,0.092403,-3.141579,0.000026,0.000002
12.840517,-1.549995,-0.225035,-8.935001,-0.044000,-0.143125,0.018375,0.468854,-0.420178,0.092403,-3.141579,0.000026,0.000002
12.844512,-1.549995,-0.225038,-8.935001,-0.044000,-0.143125,0.018375,0.468869,-0.420086,0.092401,-3.141578,0.000028,-0.000029
12.848511,-1.549994,-0.225048,-8.935002,-0.043999,-0.143125,0.018375,0.468928,-0.419915,0.092398,-3.141574,0.000036,0.000015
12.852512,-1.549994,-0.225046,-8.935002,-0.043999,-0.143125,0.018375,0.468954,-0.419829,0.092398,-3.141574,0.000034,0.000011
12.856511,-1.509993,-0.265058,-8.865002,-0.040999,-0.139125,0.019375,0.468977,-0.419741,0.092395,-3.141569,0.000043,0.000000
12.860512,-1.509993,-0.265051,-8.865002,-0.040999,-0.139125,0.019375,0.469004,-0.419655,0.092398,-3.141572,0.000038,-0.000010
12.864518,-1.509994,-0.265049,-8.865001,-0.040999,-0.139125,0.019375,0.469029,-0.419569,0.092398,-3.141573,0.000036,-0.000028
12.868511,-1.509994,-0.265049,-8.865001,-0.040999,-0.139125,0.019375,0.469029,-0.419569,0.092398,-3.141573,0.000036,-0.000028
12.872511,-1.509994,-0.265048,-8.865001,-0.040999,-0.139125,0.019375,0.469046,-0.419478,0.092399,-3.141574,0.000036,-0.000079
12.876517,-1.509995,-0.265039,-8.865001,-0.041000,-0.139125,0.019375,0.469109,-0.419311,0.092401,-3.141577,0.000029,-0.000073
12.880511,-1.509995,-0.265039,-8.865001,-0.041000,-0.139125,0.019375,0.469109,-0.419311,0.092401,-3.141577,0.000029,-0.000073
12.884511,-1.509995,-0.265036,-8.865001,-0.041000,-0.139125,0.019375,0.469126,-0.419220,0.092400,-3.141579,0.000026,-0.000124
12.888515,-1.509995,-0.265036,-8.865001,-0.041000,-0.139125,0.019375,0.469153,-0.419132,0.092402,-3.141578,0.000027,-0.000124
12.892511,-1.509995,-0.265036,-8.865001,-0.041000,-0.139125,0.019375,0.469153,-0.419132,0.092402,-3.141578,0.000027,-0.000124
12.896512,-1.429995,-0.235032,-8.735001,-0.048000,-0.129125,0.019375,0.469218,-0.418945,0.092402,-3.141580,0.000024,-0.000086
12.900519,-1.429995,-0.235038,-8.735001,-0.048000,-0.129125,0.019375,0.469245,-0.418856,0.092402,-3.141578,0.000028,-0.000079
12.904518,-1.429994,-0.235047,-8.735002,-0.047999,-0.129125,0.019375,0.469268,-0.418769,0.092397,-3.141574,0.000035,-0.000069
12.908546,-1.429993,-0.235052,-8.735002,-0.047999,-0.129125,0.019375,0.469292,-0.418682,0.092395,-3.141572,0.000039,-0.000053
12.912545,-1.429994,-0.235050,-8.735002,-0.047999,-0.129125,0.019375,0.469318,-0.418596,0.092395,-3.141573,0.000037,-0.000050
12.916545,-1.429993,-0.235054,-8.735002,-0.047999,-0.129125,0.019375,0.469342,-0.418509,0.092393,-3.141571,0.000040,-0.000034
12.920541,-1.429993,-0.235057,-8.735002,-0.047999,-0.129125,0.019375,0.469367,-0.418422,0.092390,-3.141570,0.000043,-0.000024
12.924532,-1.429992,-0.235061,-8.735002,-0.047999,-0.129125,0.019375,0.469393,-0.418333,0.092388,-3.141568,0.000046,-0.000010
12.928527,-1.429993,-0.235059,-8.735002,-0.047999,-0.129125,0.019375,0.469418,-0.418247,0.092388,-3.141569,0.000044,-0.000001
12.932506,-1.429993,-0.235057,-8.735002,-0.047999,-0.129125,0.019375,0.469444,-0.418161,0.092388,-3.141570,0.000043,0.000002
12.936511,-1.429992,-0.235063,-8.735002,-0.047999,-0.129125,0.019375,0.469467,-0.418076,0.092387,-3.141568,0.000047,0.000000
12.940513,-1.379993,-0.245060,-8.675002,-0.046999,-0.129125,0.019375,0.469495,-0.417991,0.092386,-3.141569,0.000045,0.000003
12.944512,-1.379992,-0.245065,-8.675002,-0.046999,-0.129125,0.019375,0.469519,-0.417908,0.092385,-3.141567,0.000049,0.000002
12.948510,-1.379993,-0.245055,-8.675002,-0.046999,-0.129125,0.019375,0.469547,-0.417826,0.092386,-3.141571,0.000042,-0.000007
12.952512,-1.379993,-0.245054,-8.675002,-0.046999,-0.129125,0.019375,0.469573,-0.417743,0.092386,-3.141571,0.000040,-0.000022
12.956512,-1.379993,-0.245059,-8.675002,-0.046999,-0.129125,0.019375,0.469600,-0.417658,0.092384,-3.141569,0.000044,-0.000026
12.960512,-1.379992,-0.245062,-8.675002,-0.046999,-0.129125,0.019375,0.469626,-0.417575,0.092382,-3.141568,0.000047,-0.000041
12.964511,-1.379993,-0.245055,-8.675002,-0.046999,-0.129125,0.019375,0.469655,-0.417494,0.092384,-3.141571,0.000041,-0.000049
12.968512,-1.379993,-0.245053,-8.675002,-0.046999,-0.129125,0.019375,0.469681,-0.417411,0.092384,-3.141572,0.000040,-0.000058
12.972511,-1.379994,-0.245044,-8.675001,-0.046999,-0.129125,0.019375,0.469710,-0.417327,0.092385,-3.141575,0.000033,-0.000055
12.976512,-1.489994,-0.265043,-8.795002,-0.049000,-0.134125,0.021375,0.469735,-0.417247,0.092385,-3.141576,0.000032,-0.000061
12.980513,-1.489994,-0.265042,-8.795002,-0.049000,-0.134125,0.021375,0.469762,-0.417161,0.092386,-3.141576,0.000031,-0.000092
12.984495,-1.489993,-0.265056,-8.795002,-0.048999,-0.134125,0.021375,0.469780,-0.417074,0.092378,-3.141570,0.000042,-0.000080
12.988543,-1.489994,-0.265044,-8.795002,-0.048999,-0.134125,0.021375,0.469821,-0.416971,0.092384,-3.141575,0.000033,-0.000035
12.992547,-1.489994,-0.265049,-8.795002,-0.048999,-0.134125,0.021375,0.469843,-0.416890,0.092382,-3.141573,0.000036,-0.000034
12.996546,-1.489993,-0.265053,-8.795002,-0.048999,-0.134125,0.021375,0.469870,-0.416805,0.092380,-3.141572,0.000040,-0.000018
13.000539,-1.489994,-0.265052,-8.795002,-0.048999,-0.134125,0.021375,0.469898,-0.416720,0.092381,-3.141572,0.000039,-0.000001
13.004532,-1.489994,-0.265052,-8.795002,-0.048999,-0.134125,0.021375,0.469898,-0.416720,0.092381,-3.141572,0.000039,-0.000001
13.008527,-1.489993,-0.265056,-8.795002,-0.048999,-0.134125,0.021375,0.469948,-0.416553,0.092380,-3.141570,0.000042,0.000009
13.012519,-1.489996,-0.265032,-8.795001,-0.049000,-0.134125,0.021375,0.469976,-0.416472,0.092382,-3.141580,0.000023,-0.000020
13.016523,-1.429994,-0.355044,-8.935001,-0.039999,-0.136125,0.021375,0.470001,-0.416386,0.092380,-3.141575,0.000033,0.000023
13.020517,-1.429995,-0.355042,-8.935001,-0.040000,-0.136125,0.021375,0.470026,-0.416306,0.092380,-3.141576,0.000032,0.000024
13.024515,-1.429995,-0.355039,-8.935001,-0.040000,-0.136125,0.021375,0.470053,-0.416220,0.092379,-3.141577,0.000029,0.000027
13.028513,-1.429995,-0.355038,-8.935001,-0.040000,-0.136125,0.021375,0.470079,-0.416138,0.092379,-3.141578,0.000028,0.000025
13.032514,-1.429996,-0.355029,-8.935001,-0.040000,-0.136125,0.021375,0.470108,-0.416054,0.092380,-3.141582,0.000021,0.000028
13.036525,-1.429996,-0.355028,-8.935001,-0.040000,-0.136125,0.021375,0.470131,-0.415972,0.092381,-3.141582,0.000021,0.000022
13.040511,-1.429996,-0.355027,-8.935001,-0.040000,-0.136125,0.021375,0.470157,-0.415890,0.092382,-3.141582,0.000019,0.000020
13.044512,-1.429996,-0.355031,-8.935001,-0.040000,-0.136125,0.021375,0.470189,-0.415789,0.092379,-3.141581,0.000022,0.000010
13.048512,-1.429996,-0.355029,-8.935001,-0.040000,-0.136125,0.021375,0.470207,-0.415727,0.092379,-3.141582,0.000021,0.000006
13.052512,-1.429996,-0.355028,-8.935001,-0.040000,-0.136125,0.021375,0.470234,-0.415645,0.092379,-3.141582,0.000020,-0.000003
13.056512,-1.479996,-0.355031,-8.995001,-0.041000,-0.139125,0.021375,0.470258,-0.415564,0.092377,-3.141581,0.000023,-0.000009
13.060511,-1.479995,-0.355035,-8.995001,-0.041000,-0.139125,0.021375,0.470284,-0.415482,0.092374,-3.141579,0.000026,-0.000011
13.064512,-1.479996,-0.355027,-8.995001,-0.041000,-0.139125,0.021375,0.470312,-0.415400,0.092376,-3.141582,0.000020,-0.000039
13.068512,-1.479996,-0.355031,-8.995001,-0.041000,-0.139125,0.021375,0.470338,-0.415318,0.092374,-3.141581,0.000023,-0.000001
13.072513,-1.479996,-0.355030,-8.995001,-0.041000,-0.139125,0.021375,0.470356,-0.415231,0.092374,-3.141581,0.000022,-0.000029
13.076512,-1.479997,-0.355020,-8.995001,-0.041000,-0.139125,0.021375,0.470391,-0.415156,0.092374,-3.141586,0.000014,-0.000022
13.080478,-1.479996,-0.355033,-8.995001,-0.041000,-0.139125,0.021375,0.470423,-0.415052,0.092373,-3.141580,0.000024,0.000019
13.084512,-1.479995,-0.355038,-8.995001,-0.041000,-0.139125,0.021375,0.470447,-0.414968,0.092372,-3.141578,0.000028,0.000024
13.088512,-1.479995,-0.355042,-8.995001,-0.041000,-0.139125,0.021375,0.470471,-0.414888,0.092369,-3.141576,0.000031,0.000018
13.092511,-1.479995,-0.355042,-8.995001,-0.041000,-0.139125,0.021375,0.470498,-0.414806,0.092370,-3.141576,0.000031,0.000016
13.096511,-1.429994,-0.375046,-9.035001,-0.041999,-0.135125,0.021375,0.470523,-0.414723,0.092369,-3.141575,0.000035,0.000021
13.100522,-1.419995,-0.365042,-9.015001,-0.042000,-0.135125,0.021375,0.470549,-0.414641,0.092367,-3.141576,0.000031,0.000027
13.104512,-1.419995,-0.365042,-9.015001,-0.042000,-0.135125,0.021375,0.470549,-0.414641,0.092367,-3.141576,0.000031,0.000027
13.108514,-1.419995,-0.365045,-9.015001,-0.041999,-0.135125,0.021375,0.470599,-0.414478,0.092365,-3.141575,0.000033,0.000025
13.112513,-1.419994,-0.365048,-9.015002,-0.041999,-0.135125,0.021375,0.470625,-0.414395,0.092362,-3.141574,0.000036,0.000024
13.116511,-1.419994,-0.365052,-9.015002,-0.041999,-0.135125,0.021375,0.470649,-0.414315,0.092360,-3.141572,0.000039,0.000024
13.120482,-1.419993,-0.365056,-9.015002,-0.041999,-0.135125,0.021375,0.470674,-0.414232,0.092357,-3.141571,0.000042,0.000023
13.124512,-1.419993,-0.365059,-9.015002,-0.041999,-0.135125,0.021375,0.470700,-0.414149,0.092354,-3.141569,0.000045,0.000021
13.128511,-1.419991,-0.365077,-9.015003,-0.041999,-0.135125,0.021375,0.470723,-0.414066,0.092349,-3.141562,0.000058,0.000019
13.132512,-1.419992,-0.365069,-9.015002,-0.041999,-0.135125,0.021375,0.470751,-0.413984,0.092352,-3.141565,0.000052,0.000011
13.136512,-1.469992,-0.355073,-8.985003,-0.044999,-0.134125,0.021375,0.470777,-0.413902,0.092349,-3.141564,0.000055,0.000009
13.140512,-1.469992,-0.355071,-8.985003,-0.044999,-0.134125,0.021375,0.470803,-0.413819,0.092349,-3.141564,0.000054,0.000001
13.144510,-1.469993,-0.355056,-8.985002,-0.044999,-0.134125,0.021375,0.470829,-0.413740,0.092352,-3.141571,0.000042,-0.000005
13.148511,-1.469992,-0.355066,-8.985002,-0.044999,-0.134125,0.021375,0.470853,-0.413657,0.092348,-3.141567,0.000050,-0.000000
13.152513,-1.469993,-0.355058,-8.985002,-0.044999,-0.134125,0.021375,0.470881,-0.413575,0.092350,-3.141570,0.000044,-0.000002
13.156514,-1.469993,-0.355062,-8.985002,-0.044999,-0.134125,0.021375,0.470906,-0.413493,0.092347,-3.141568,0.000047,0.000003
13.160512,-1.469993,-0.355060,-8.985002,-0.044999,-0.134125,0.021375,0.470932,-0.413410,0.092347,-3.141569,0.000046,0.000001
13.164512,-1.469993,-0.355059,-8.985002,-0.044999,-0.134125,0.021375,0.470958,-0.413328,0.092347,-3.141570,0.000044,-0.000000
13.168511,-1.469993,-0.355056,-8.985002,-0.044999,-0.134125,0.021375,0.470985,-0.413246,0.092347,-3.141571,0.000042,-0.000002
13.172512,-1.499994,-0.375047,-9.275002,-0.049999,-0.136125,0.021375,0.471010,-0.413166,0.092348,-3.141574,0.000035,-0.000008
13.176512,-1.499994,-0.385051,-9.295002,-0.049999,-0.136125,0.021375,0.471035,-0.413083,0.092345,-3.141573,0.000038,-0.000010
13.180512,-1.499994,-0.385050,-9.295002,-0.049999,-0.136125,0.021375,0.471061,-0.413001,0.092345,-3.141573,0.000037,-0.000011
13.184513,-1.499994,-0.385048,-9.295002,-0.049999,-0.136125,0.021375,0.471085,-0.412921,0.092346,-3.141574,0.000036,-0.000018
13.188512,-1.499995,-0.385045,-9.295002,-0.049999,-0.136125,0.021375,0.471117,-0.412817,0.092345,-3.141575,0.000034,-0.000024
13.192512,-1.499993,-0.385059,-9.295002,-0.049999,-0.136125,0.021375,0.471127,-0.412751,0.092337,-3.141570,0.000045,-0.000061
13.196511,-1.499995,-0.385042,-9.295002,-0.050000,-0.136125,0.021375,0.471168,-0.412652,0.092345,-3.141576,0.000031,-0.000027
13.200512,-1.499995,-0.385045,-9.295002,-0.049999,-0.136125,0.021375,0.471190,-0.412568,0.092343,-3.141575,0.000034,-0.000029
13.204513,-1.499995,-0.385045,-9.295002,-0.049999,-0.136125,0.021375,0.471190,-0.412568,0.092343,-3.141575,0.000034,-0.000029
13.208512,-1.499995,-0.385044,-9.295002,-0.049999,-0.136125,0.021375,0.471216,-0.412485,0.092343,-3.141576,0.000033,-0.000030
13.212511,-1.499995,-0.385044,-9.295002,-0.049999,-0.136125,0.021375,0.471216,-0.412485,0.092343,-3.141576,0.000033,-0.000030
13.216514,-1.499995,-0.385041,-9.295001,-0.050000,-0.136125,0.021375,0.471266,-0.412320,0.092342,-3.141578,0.000029,-0.000027
13.220512,-1.579996,-0.385037,-9.585001,-0.048000,-0.144125,0.022375,0.471290,-0.412236,0.092341,-3.141579,0.000027,-0.000029
13.224514,-1.579996,-0.385032,-9.585001,-0.048000,-0.144125,0.022375,0.471340,-0.412071,0.092340,-3.141581,0.000023,-0.000012
13.228516,-1.579996,-0.385037,-9.585001,-0.048000,-0.144125,0.022375,0.471362,-0.411990,0.092339,-3.141579,0.000027,-0.000011
13.232510,-1.579997,-0.385023,-9.585001,-0.048000,-0.144125,0.022375,0.471390,-0.411905,0.092342,-3.141584,0.000016,-0.000008
13.236513,-1.579996,-0.385027,-9.585001,-0.048000,-0.144125,0.022375,0.471416,-0.411820,0.092341,-3.141583,0.000020,0.000001
13.240479,-1.579997,-0.385024,-9.585001,-0.048000,-0.144125,0.022375,0.471444,-0.411733,0.092340,-3.141584,0.000017,0.000002
13.244514,-1.579998,-0.385010,-9.585000,-0.048000,-0.144125,0.022375,0.471472,-0.411648,0.092343,-3.141589,0.000006,-0.000002
13.248512,-1.579998,-0.385010,-9.585000,-0.048000,-0.144125,0.022375,0.471472,-0.411648,0.092343,-3.141589,0.000006,-0.000002
13.252469,-1.579998,-0.385009,-9.585000,-0.048000,-0.144125,0.022375,0.471525,-0.411475,0.092345,-3.141590,0.000005,-0.000019
13.256511,-1.609997,-0.365020,-9.605001,-0.046000,-0.148125,0.022375,0.471549,-0.411389,0.092342,-3.141585,0.000014,-0.000036
13.260513,-1.609999,-0.365006,-9.605000,-0.046000,-0.148125,0.022375,0.471579,-0.411303,0.092346,-3.141591,0.000003,-0.000042
13.264511,-1.609998,-0.365017,-9.605001,-0.046000,-0.148125,0.022375,0.471600,-0.411218,0.092342,-3.141587,0.000011,-0.000057
13.268512,-1.609998,-0.365016,-9.605001,-0.046000,-0.148125,0.022375,0.471628,-0.411131,0.092343,-3.141587,0.000011,-0.000063
13.272525,-1.609998,-0.365013,-9.605000,-0.046000,-0.148125,0.022375,0.471655,-0.411043,0.092342,-3.141588,0.000009,-0.000063
13.276480,-1.609997,-0.365024,-9.605001,-0.046000,-0.148125,0.022375,0.471677,-0.410959,0.092339,-3.141584,0.000017,-0.000071
13.280476,-1.609998,-0.365016,-9.605001,-0.046000,-0.148125,0.022375,0.471705,-0.410872,0.092341,-3.141587,0.000011,-0.000071
13.284517,-1.609997,-0.365027,-9.605001,-0.046000,-0.148125,0.022375,0.471728,-0.410785,0.092337,-3.141583,0.000019,-0.000068
13.288513,-1.609997,-0.365027,-9.605001,-0.046000,-0.148125,0.022375,0.471728,-0.410785,0.092337,-3.141583,0.000019,-0.000068
13.292512,-1.609996,-0.365032,-9.605001,-0.046000,-0.148125,0.022375,0.471754,-0.410697,0.092336,-3.141581,0.000024,-0.000060
13.296510,-1.629995,-0.355041,-9.505002,-0.040000,-0.152125,0.022375,0.471801,-0.410524,0.092333,-3.141577,0.000030,-0.000048
13.300513,-1.629995,-0.355041,-9.505002,-0.040000,-0.152125,0.022375,0.471801,-0.410524,0.092333,-3.141577,0.000030,-0.000048
13.304512,-1.629996,-0.355033,-9.505001,-0.040000,-0.152125,0.022375,0.471829,-0.410437,0.092335,-3.141580,0.000024,-0.000074
13.308512,-1.629995,-0.355044,-9.505002,-0.039999,-0.152125,0.022375,0.471852,-0.410350,0.092331,-3.141576,0.000033,-0.000031
13.312515,-1.629995,-0.355043,-9.505002,-0.040000,-0.152125,0.022375,0.471905,-0.410177,0.092334,-3.141576,0.000032,-0.000048
13.316515,-1.629996,-0.355035,-9.505001,-0.040000,-0.152125,0.022375,0.471923,-0.410088,0.092336,-3.141580,0.000026,-0.000038
13.320511,-1.629996,-0.355035,-9.505001,-0.040000,-0.152125,0.022375,0.471923,-0.410088,0.092336,-3.141580,0.000026,-0.000038
13.324511,-1.629995,-0.355039,-9.505001,-0.040000,-0.152125,0.022375,0.471965,-0.409983,0.092334,-3.141578,0.000029,-0.000002
13.328516,-1.629996,-0.355036,-9.505001,-0.040000,-0.152125,0.022375,0.472019,-0.409814,0.092334,-3.141579,0.000027,-0.000003
13.332484,-1.629996,-0.355036,-9.505001,-0.040000,-0.152125,0.022375,0.472019,-0.409814,0.092334,-3.141579,0.000027,-0.000003
13.336513,-1.629996,-0.355035,-9.505001,-0.040000,-0.152125,0.022375,0.472048,-0.409728,0.092335,-3.141579,0.000026,-0.000009
13.340512,-1.579995,-0.305046,-9.465002,-0.047999,-0.144125,0.022375,0.472074,-0.409643,0.092332,-3.141575,0.000035,-0.000019
13.344513,-1.579995,-0.305048,-9.465002,-0.047999,-0.144125,0.022375,0.472126,-0.409476,0.092329,-3.141574,0.000036,-0.000032
13.348511,-1.579995,-0.305048,-9.465002,-0.047999,-0.144125,0.022375,0.472126,-0.409476,0.092329,-3.141574,0.000036,-0.000032
13.352511,-1.579995,-0.305046,-9.465002,-0.047999,-0.144125,0.022375,0.472155,-0.409392,0.092329,-3.141575,0.000034,-0.000042
13.356512,-1.579995,-0.305045,-9.465002,-0.047999,-0.144125,0.022375,0.472182,-0.409307,0.092329,-3.141576,0.000033,-0.000046
13.360512,-1.579995,-0.305048,-9.465002,-0.047999,-0.144125,0.022375,0.472206,-0.409225,0.092326,-3.141574,0.000036,-0.000055
13.364512,-1.579994,-0.305062,-9.465002,-0.047999,-0.144125,0.022375,0.472254,-0.409059,0.092319,-3.141569,0.000047,-0.000072
13.368512,-1.579994,-0.305062,-9.465002,-0.047999,-0.144125,0.022375,0.472254,-0.409059,0.092319,-3.141569,0.000047,-0.000072
13.372512,-1.579993,-0.305065,-9.465002,-0.047999,-0.144125,0.022375,0.472282,-0.408972,0.092317,-3.141567,0.000050,-0.000064
13.376520,-1.589994,-0.275061,-9.555002,-0.050999,-0.142125,0.022375,0.472309,-0.408887,0.092315,-3.141569,0.000046,-0.000055
13.380512,-1.569993,-0.305071,-9.605002,-0.049999,-0.141125,0.022375,0.472334,-0.408802,0.092311,-3.141565,0.000054,-0.000045
13.384512,-1.569992,-0.305073,-9.605003,-0.049999,-0.141125,0.022375,0.472359,-0.408716,0.092307,-3.141564,0.000056,-0.000029
13.388511,-1.569991,-0.305083,-9.605003,-0.049999,-0.141125,0.022375,0.472382,-0.408633,0.092303,-3.141560,0.000063,-0.000017
13.392512,-1.569992,-0.305074,-9.605003,-0.049999,-0.141125,0.022375,0.472409,-0.408548,0.092303,-3.141564,0.000056,-0.000001
13.396512,-1.569992,-0.305076,-9.605003,-0.049999,-0.141125,0.022375,0.472435,-0.408463,0.092300,-3.141563,0.000058,0.000016
13.400512,-1.569992,-0.305072,-9.605003,-0.049999,-0.141125,0.022375,0.472462,-0.408379,0.092298,-3.141565,0.000055,0.000025
13.404513,-1.569993,-0.305070,-9.605002,-0.049999,-0.141125,0.022375,0.472488,-0.408294,0.092298,-3.141565,0.000054,0.000035
13.408512,-1.569994,-0.305060,-9.605002,-0.049999,-0.141125,0.022375,0.472517,-0.408211,0.092298,-3.141569,0.000046,0.000038
13.412512,-1.569995,-0.305045,-9.605002,-0.049999,-0.141125,0.022375,0.472546,-0.408127,0.092301,-3.141575,0.000034,0.000041
13.416512,-1.569996,-0.305038,-9.605001,-0.050000,-0.141125,0.022375,0.472575,-0.408044,0.092303,-3.141578,0.000028,0.000037
13.420511,-1.639997,-0.335027,-9.865001,-0.052000,-0.146125,0.022375,0.472602,-0.407963,0.092303,-3.141582,0.000020,0.000028
13.424512,-1.639997,-0.335020,-9.865000,-0.052000,-0.146125,0.022375,0.472631,-0.407879,0.092305,-3.141586,0.000014,0.000018
13.428511,-1.639999,-0.335005,-9.865000,-0.052000,-0.146125,0.022375,0.472660,-0.407796,0.092308,-3.141592,0.000002,0.000007
13.432512,-1.639999,-0.334997,-9.865000,-0.052000,-0.146125,0.022375,0.472687,-0.407714,0.092310,3.141591,-0.000004,-0.000008
13.436513,-1.640000,-0.334987,-9.864999,-0.052000,-0.146125,0.022375,0.472715,-0.407631,0.092310,3.141587,-0.000012,-0.000019
13.440512,-1.640000,-0.334991,-9.864999,-0.052000,-0.146125,0.022375,0.472747,-0.407527,0.092307,3.141588,-0.000009,-0.000038
13.444512,-1.640000,-0.334983,-9.864999,-0.052000,-0.146125,0.022375,0.472768,-0.407465,0.092309,3.141585,-0.000015,-0.000038
13.448511,-1.640001,-0.334981,-9.864999,-0.052000,-0.146125,0.022375,0.472800,-0.407364,0.092309,3.141584,-0.000017,-0.000048
13.452513,-1.640000,-0.334984,-9.864999,-0.052000,-0.146125,0.022375,0.472824,-0.407282,0.092306,3.141586,-0.000014,-0.000057
13.456512,-1.700000,-0.304983,-10.444999,-0.054000,-0.156125,0.023375,0.472849,-0.407199,0.092307,3.141585,-0.000015,-0.000058
13.460512,-1.700001,-0.304979,-10.444999,-0.054000,-0.156125,0.023375,0.472861,-0.407132,0.092305,3.141583,-0.000018,-0.000078
13.464511,-1.700000,-0.304985,-10.444999,-0.054000,-0.156125,0.023375,0.472898,-0.407034,0.092304,3.141586,-0.000013,-0.000028
13.468511,-1.699999,-0.304995,-10.444999,-0.054000,-0.156125,0.023375,0.472921,-0.406951,0.092300,3.141590,-0.000006,-0.000016
13.472512,-1.699999,-0.305001,-10.445000,-0.054000,-0.156125,0.023375,0.472945,-0.406868,0.092299,3.141592,-0.000001,-0.000005
13.476516,-1.699999,-0.305000,-10.445000,-0.054000,-0.156125,0.023375,0.472969,-0.406786,0.092300,3.141592,-0.000002,0.000007
13.480511,-1.699998,-0.305012,-10.445000,-0.054000,-0.156125,0.023375,0.472991,-0.406702,0.092297,-3.141589,0.000008,0.000019
13.484512,-1.699999,-0.305003,-10.445000,-0.054000,-0.156125,0.023375,0.473021,-0.406619,0.092299,-3.141592,0.000001,0.000035
13.488511,-1.699999,-0.305003,-10.445000,-0.054000,-0.156125,0.023375,0.473045,-0.406540,0.092300,-3.141592,0.000001,0.000029
13.492475,-1.699998,-0.315009,-10.465000,-0.053000,-0.157125,0.023375,0.473071,-0.406455,0.092300,-3.141590,0.000006,0.000039
13.496514,-1.699998,-0.335015,-10.345000,-0.050000,-0.158125,0.022375,0.473097,-0.406373,0.092298,-3.141588,0.000010,0.000030
13.500513,-1.699998,-0.335008,-10.345000,-0.050000,-0.158125,0.022375,0.473127,-0.406290,0.092301,-3.141590,0.000005,0.000033
13.504503,-1.699998,-0.335008,-10.345000,-0.050000,-0.158125,0.022375,0.473152,-0.406211,0.092302,-3.141591,0.000004,0.000027
13.508516,-1.699998,-0.335008,-10.345000,-0.050000,-0.158125,0.022375,0.473178,-0.406130,0.092303,-3.141590,0.000004,0.000019
13.512469,-1.699999,-0.335002,-10.345000,-0.050000,-0.158125,0.022375,0.473206,-0.406049,0.092307,3.141592,-0.000000,0.000004
13.516511,-1.699999,-0.334999,-10.345000,-0.050000,-0.158125,0.022375,0.473232,-0.405967,0.092306,3.141591,-0.000002,-0.000012
13.520512,-1.700000,-0.334993,-10.345000,-0.050000,-0.158125,0.022375,0.473260,-0.405887,0.092309,3.141589,-0.000007,-0.000027
13.524512,-1.700000,-0.334993,-10.345000,-0.050000,-0.158125,0.022375,0.473286,-0.405805,0.092311,3.141589,-0.000007,-0.000049
13.528513,-1.699999,-0.334998,-10.345000,-0.050000,-0.158125,0.022375,0.473311,-0.405723,0.092309,3.141591,-0.000003,-0.000064
13.532511,-1.700000,-0.334991,-10.344999,-0.050000,-0.158125,0.022375,0.473337,-0.405641,0.092311,3.141588,-0.000009,-0.000079
13.536512,-1.729999,-0.265002,-10.585000,-0.056000,-0.161125,0.023375,0.473363,-0.405556,0.092308,3.141593,-0.000000,-0.000076
13.540512,-1.729998,-0.265008,-10.585000,-0.056000,-0.161125,0.023375,0.473387,-0.405474,0.092308,-3.141590,0.000005,-0.000078
13.544512,-1.729998,-0.265012,-10.585000,-0.056000,-0.161125,0.023375,0.473411,-0.405391,0.092305,-3.141589,0.000008,-0.000073
13.548516,-1.729997,-0.265023,-10.585001,-0.056000,-0.161125,0.023375,0.473432,-0.405310,0.092302,-3.141584,0.000016,-0.000065
13.552493,-1.729997,-0.265029,-10.585001,-0.056000,-0.161125,0.023375,0.473458,-0.405226,0.092302,-3.141582,0.000021,-0.000049
13.556511,-1.729996,-0.265039,-10.585001,-0.056000,-0.161125,0.023375,0.473478,-0.405144,0.092297,-3.141578,0.000029,-0.000042
13.560512,-1.729996,-0.265041,-10.585001,-0.056000,-0.161125,0.023375,0.473503,-0.405059,0.092294,-3.141577,0.000031,-0.000025
13.564510,-1.729995,-0.265045,-10.585002,-0.055999,-0.161125,0.023375,0.473527,-0.404976,0.092291,-3.141576,0.000034,-0.000014
13.568513,-1.729994,-0.265054,-10.585002,-0.055999,-0.161125,0.023375,0.473549,-0.404893,0.092287,-3.141572,0.000041,-0.000042
13.572511,-1.729995,-0.265050,-10.585002,-0.055999,-0.161125,0.023375,0.473573,-0.404811,0.092285,-3.141574,0.000038,-0.000004
13.576513,-1.689997,-0.295026,-10.445001,-0.054000,-0.157125,0.022375,0.473599,-0.404729,0.092287,-3.141583,0.000019,-0.000032
13.580511,-1.689995,-0.295044,-10.445001,-0.053999,-0.157125,0.022375,0.473632,-0.404624,0.092283,-3.141576,0.000033,0.000007
13.584512,-1.689995,-0.295048,-10.445001,-0.053999,-0.157125,0.022375,0.473654,-0.404543,0.092280,-3.141575,0.000036,0.000001
13.588512,-1.689996,-0.295039,-10.445001,-0.054000,-0.157125,0.022375,0.473679,-0.404461,0.092281,-3.141578,0.000029,-0.000008
13.592512,-1.689996,-0.295036,-10.445001,-0.054000,-0.157125,0.022375,0.473705,-0.404379,0.092280,-3.141579,0.000027,-0.000016
13.596512,-1.689996,-0.295031,-10.445001,-0.054000,-0.157125,0.022375,0.473731,-0.404298,0.092278,-3.141581,0.000023,-0.000031
13.600511,-1.689997,-0.295029,-10.445001,-0.054000,-0.157125,0.022375,0.473757,-0.404216,0.092277,-3.141582,0.000021,-0.000040
13.604512,-1.689996,-0.295032,-10.445001,-0.054000,-0.157125,0.022375,0.473781,-0.404134,0.092275,-3.141581,0.000024,-0.000055
13.608512,-1.689997,-0.295022,-10.445000,-0.054000,-0.157125,0.022375,0.473807,-0.404053,0.092274,-3.141585,0.000016,-0.000070
13.612512,-1.689997,-0.295020,-10.445000,-0.054000,-0.157125,0.022375,0.473833,-0.403971,0.092274,-3.141586,0.000014,-0.000085
13.616512,-1.689997,-0.295020,-10.445000,-0.054000,-0.157125,0.022375,0.473833,-0.403971,0.092274,-3.141586,0.000014,-0.000085
13.620512,-1.739998,-0.245013,-10.745000,-0.064000,-0.157125,0.022375,0.473885,-0.403805,0.092271,-3.141588,0.000009,-0.000091
13.624512,-1.739998,-0.245017,-10.745000,-0.064000,-0.157125,0.022375,0.473909,-0.403723,0.092269,-3.141587,0.000012,-0.000092
13.628512,-1.739998,-0.245008,-10.745000,-0.064000,-0.157125,0.022375,0.473933,-0.403640,0.092270,-3.141590,0.000004,-0.000087
13.632512,-1.739998,-0.245012,-10.745000,-0.064000,-0.157125,0.022375,0.473959,-0.403556,0.092267,-3.141589,0.000007,-0.000078
13.636518,-1.739998,-0.245016,-10.745000,-0.064000,-0.157125,0.022375,0.473979,-0.403474,0.092266,-3.141587,0.000011,-0.000071
13.640512,-1.739997,-0.245021,-10.745001,-0.064000,-0.157125,0.022375,0.474003,-0.403389,0.092264,-3.141585,0.000015,-0.000054
13.644512,-1.739997,-0.245018,-10.745000,-0.064000,-0.157125,0.022375,0.474027,-0.403304,0.092263,-3.141586,0.000012,-0.000038
13.648518,-1.739997,-0.245028,-10.745001,-0.064000,-0.157125,0.022375,0.474054,-0.403201,0.092259,-3.141583,0.000020,-0.000028
13.652514,-1.739997,-0.265026,-10.955001,-0.064000,-0.159125,0.023375,0.474071,-0.403140,0.092259,-3.141583,0.000019,-0.000026
13.656511,-1.759997,-0.335018,-11.255001,-0.062000,-0.163125,0.023375,0.474096,-0.403055,0.092261,-3.141586,0.000013,-0.000009
13.660512,-1.759997,-0.335023,-11.255001,-0.062000,-0.163125,0.023375,0.474118,-0.402971,0.092259,-3.141585,0.000016,-0.000004
13.664509,-1.759997,-0.335027,-11.255001,-0.062000,-0.163125,0.023375,0.474142,-0.402886,0.092258,-3.141583,0.000020,0.000005
13.668512,-1.759997,-0.335026,-11.255001,-0.062000,-0.163125,0.023375,0.474167,-0.402801,0.092258,-3.141583,0.000019,0.000008
13.672514,-1.759996,-0.335038,-11.255001,-0.062000,-0.163125,0.023375,0.474189,-0.402718,0.092256,-3.141578,0.000028,0.000007
13.676512,-1.759997,-0.335025,-11.255001,-0.062000,-0.163125,0.023375,0.474215,-0.402636,0.092260,-3.141583,0.000018,-0.000002
13.680510,-1.759997,-0.335019,-11.255001,-0.062000,-0.163125,0.023375,0.474241,-0.402552,0.092263,-3.141586,0.000013,-0.000039
13.684513,-1.759997,-0.335028,-11.255001,-0.062000,-0.163125,0.023375,0.474256,-0.402466,0.092258,-3.141583,0.000020,-0.000048
13.688512,-1.759996,-0.335035,-11.255001,-0.062000,-0.163125,0.023375,0.474279,-0.402380,0.092259,-3.141580,0.000026,-0.000065
13.692510,-1.759998,-0.335008,-11.255000,-0.062000,-0.163125,0.023375,0.474317,-0.402283,0.092273,-3.141590,0.000005,-0.000042
13.696510,-1.929998,-0.265009,-11.445000,-0.068000,-0.172125,0.024375,0.474343,-0.402199,0.092275,-3.141590,0.000005,-0.000053
13.700512,-1.929998,-0.265009,-11.445000,-0.068000,-0.172125,0.024375,0.474365,-0.402115,0.092276,-3.141590,0.000005,-0.000061
13.704511,-1.929998,-0.265010,-11.445000,-0.068000,-0.172125,0.024375,0.474388,-0.402033,0.092278,-3.141590,0.000006,-0.000063
13.708512,-1.929999,-0.265003,-11.445000,-0.068000,-0.172125,0.024375,0.474414,-0.401948,0.092281,-3.141592,0.000001,-0.000053
13.712511,-1.929998,-0.265010,-11.445000,-0.068000,-0.172125,0.024375,0.474435,-0.401865,0.092282,-3.141590,0.000006,-0.000048
13.716512,-1.929998,-0.265017,-11.445000,-0.068000,-0.172125,0.024375,0.474457,-0.401781,0.092282,-3.141587,0.000012,-0.000043
13.720509,-1.929997,-0.265022,-11.445000,-0.068000,-0.172125,0.024375,0.474480,-0.401696,0.092281,-3.141585,0.000016,-0.000027
13.724511,-1.929997,-0.265023,-11.445000,-0.068000,-0.172125,0.024375,0.474505,-0.401611,0.092283,-3.141584,0.000017,-0.000017
13.728512,-1.929997,-0.265023,-11.445000,-0.068000,-0.172125,0.024375,0.474505,-0.401611,0.092283,-3.141584,0.000017,-0.000017
13.732511,-1.929997,-0.305029,-11.475001,-0.060000,-0.177125,0.024375,0.474552,-0.401443,0.092284,-3.141582,0.000021,-0.000003
13.736511,-1.929996,-0.305036,-11.475001,-0.060000,-0.177125,0.024375,0.474575,-0.401357,0.092284,-3.141579,0.000027,0.000007
13.740511,-1.929996,-0.305037,-11.475001,-0.060000,-0.177125,0.024375,0.474602,-0.401271,0.092287,-3.141579,0.000028,0.000014
13.744513,-1.929996,-0.305043,-11.475001,-0.060000,-0.177125,0.024375,0.474629,-0.401184,0.092286,-3.141577,0.000032,0.000015
13.748486,-1.929996,-0.305042,-11.475001,-0.060000,-0.177125,0.024375,0.474654,-0.401099,0.092286,-3.141577,0.000031,0.000018
13.752485,-1.929996,-0.305043,-11.475001,-0.060000,-0.177125,0.024375,0.474683,-0.401010,0.092289,-3.141577,0.000032,0.000023
13.756518,-1.929996,-0.305041,-11.475001,-0.060000,-0.177125,0.024375,0.474708,-0.400926,0.092289,-3.141577,0.000031,0.000019
13.760513,-1.929996,-0.305046,-11.475002,-0.059999,-0.177125,0.024375,0.474734,-0.400838,0.092287,-3.141576,0.000035,0.000020
13.764522,-1.929995,-0.305057,-11.475002,-0.059999,-0.177125,0.024375,0.474760,-0.400751,0.092284,-3.141571,0.000044,0.000014
13.768513,-1.929995,-0.305050,-11.475002,-0.059999,-0.177125,0.024375,0.474787,-0.400667,0.092286,-3.141574,0.000038,-0.000004
13.772524,-1.929995,-0.305048,-11.475002,-0.059999,-0.177125,0.024375,0.474814,-0.400581,0.092287,-3.141575,0.000036,-0.000010
13.776465,-1.869996,-0.305041,-10.995001,-0.058000,-0.170125,0.024375,0.474843,-0.400495,0.092289,-3.141578,0.000030,-0.000016
13.780511,-1.869996,-0.305039,-10.995001,-0.058000,-0.170125,0.024375,0.474868,-0.400410,0.092289,-3.141578,0.000029,-0.000027
13.784510,-1.869996,-0.305043,-10.995001,-0.058000,-0.170125,0.024375,0.474895,-0.400324,0.092286,-3.141577,0.000032,-0.000033
13.788513,-1.869996,-0.305040,-10.995001,-0.058000,-0.170125,0.024375,0.474921,-0.400236,0.092285,-3.141578,0.000030,-0.000032
13.792512,-1.869996,-0.305038,-10.995001,-0.058000,-0.170125,0.024375,0.474946,-0.400152,0.092286,-3.141579,0.000029,-0.000036
13.796484,-1.869997,-0.305029,-10.995001,-0.058000,-0.170125,0.024375,0.474974,-0.400065,0.092286,-3.141582,0.000021,-0.000035
13.800474,-1.869998,-0.305019,-10.995001,-0.058000,-0.170125,0.024375,0.475003,-0.399980,0.092286,-3.141586,0.000013,-0.000028
13.804512,-1.869998,-0.305018,-10.995000,-0.058000,-0.170125,0.024375,0.475030,-0.399893,0.092287,-3.141587,0.000012,-0.000027
13.808513,-1.869998,-0.305018,-10.995000,-0.058000,-0.170125,0.024375,0.475030,-0.399893,0.092287,-3.141587,0.000012,-0.000027
13.812481,-1.719998,-0.385017,-10.895001,-0.058000,-0.159125,0.024375,0.475082,-0.399722,0.092282,-3.141587,0.000012,-0.000017
13.816512,-1.719998,-0.385017,-10.895001,-0.058000,-0.159125,0.024375,0.475082,-0.399722,0.092282,-3.141587,0.000012,-0.000017
13.820483,-1.719998,-0.385008,-10.895000,-0.058000,-0.159125,0.024375,0.475109,-0.399635,0.092283,-3.141590,0.000005,-0.000010
13.824512,-1.719998,-0.385012,-10.895000,-0.058000,-0.159125,0.024375,0.475136,-0.399549,0.092281,-3.141589,0.000008,-0.000050
13.828520,-1.719998,-0.385011,-10.895000,-0.058000,-0.159125,0.024375,0.475161,-0.399464,0.092281,-3.141589,0.000007,-0.000013
13.832519,-1.719998,-0.385014,-10.895000,-0.058000,-0.159125,0.024375,0.475189,-0.399375,0.092279,-3.141588,0.000010,-0.000035
13.836478,-1.719999,-0.385001,-10.895000,-0.058000,-0.159125,0.024375,0.475214,-0.399290,0.092276,3.141592,-0.000001,-0.000039
13.840514,-1.719998,-0.385015,-10.895000,-0.058000,-0.159125,0.024375,0.475246,-0.399182,0.092275,-3.141588,0.000010,-0.000009
13.844512,-1.719998,-0.385019,-10.895001,-0.058000,-0.159125,0.024375,0.475274,-0.399093,0.092273,-3.141586,0.000013,-0.000011
13.848512,-1.719998,-0.385017,-10.895001,-0.058000,-0.159125,0.024375,0.475301,-0.399007,0.092273,-3.141587,0.000012,-0.000017
13.852512,-1.719998,-0.385016,-10.895001,-0.058000,-0.159125,0.024375,0.475336,-0.398897,0.092274,-3.141587,0.000011,-0.000029
13.856512,-1.719998,-0.385016,-10.895001,-0.058000,-0.159125,0.024375,0.475336,-0.398897,0.092274,-3.141587,0.000011,-0.000029
13.860511,-1.749998,-0.385018,-10.875001,-0.059000,-0.158125,0.024375,0.475385,-0.398742,0.092271,-3.141587,0.000012,-0.000040
13.864513,-1.749998,-0.385016,-10.875001,-0.059000,-0.158125,0.024375,0.475411,-0.398656,0.092271,-3.141587,0.000011,-0.000046
13.868513,-1.749998,-0.385016,-10.875001,-0.059000,-0.158125,0.024375,0.475438,-0.398566,0.092273,-3.141587,0.000011,-0.000041
13.872512,-1.749998,-0.385008,-10.875000,-0.059000,-0.158125,0.024375,0.475467,-0.398480,0.092275,-3.141590,0.000005,-0.000047
13.876514,-1.749998,-0.385008,-10.875000,-0.059000,-0.158125,0.024375,0.475495,-0.398394,0.092276,-3.141590,0.000005,-0.000046
13.880512,-1.749998,-0.385007,-10.875000,-0.059000,-0.158125,0.024375,0.475523,-0.398305,0.092276,-3.141591,0.000004,-0.000041
13.884483,-1.749998,-0.385013,-10.875000,-0.059000,-0.158125,0.024375,0.475577,-0.398132,0.092277,-3.141588,0.000009,-0.000046
13.888488,-1.749998,-0.385013,-10.875000,-0.059000,-0.158125,0.024375,0.475577,-0.398132,0.092277,-3.141588,0.000009,-0.000046
13.892511,-1.749998,-0.385006,-10.875000,-0.059000,-0.158125,0.024375,0.475608,-0.398045,0.092279,-3.141591,0.000003,-0.000048
13.896513,-1.769998,-0.425012,-11.155000,-0.061000,-0.161125,0.024375,0.475634,-0.397958,0.092279,-3.141589,0.000008,-0.000061
13.900512,-1.769998,-0.425013,-11.155000,-0.061000,-0.161125,0.024375,0.475662,-0.397869,0.092281,-3.141589,0.000008,-0.000063
13.904512,-1.769998,-0.425013,-11.155000,-0.061000,-0.161125,0.024375,0.475690,-0.397783,0.092283,-3.141589,0.000008,-0.000069
13.908514,-1.769998,-0.425019,-11.155000,-0.061000,-0.161125,0.024375,0.475716,-0.397696,0.092282,-3.141586,0.000013,-0.000075
13.912512,-1.769998,-0.425014,-11.155000,-0.061000,-0.161125,0.024375,0.475746,-0.397608,0.092286,-3.141588,0.000009,-0.000076
13.916512,-1.769997,-0.425020,-11.155000,-0.061000,-0.161125,0.024375,0.475771,-0.397521,0.092286,-3.141586,0.000014,-0.000083
13.920511,-1.769997,-0.425020,-11.155000,-0.061000,-0.161125,0.024375,0.475799,-0.397435,0.092287,-3.141586,0.000014,-0.000089
13.924512,-1.769997,-0.425020,-11.155000,-0.061000,-0.161125,0.024375,0.475799,-0.397435,0.092287,-3.141586,0.000014,-0.000089
13.928512,-1.769997,-0.425026,-11.155001,-0.061000,-0.161125,0.024375,0.475827,-0.397346,0.092287,-3.141583,0.000019,-0.000084
13.932512,-1.769997,-0.425033,-11.155001,-0.061000,-0.161125,0.024375,0.475879,-0.397172,0.092289,-3.141581,0.000025,-0.000129
13.936512,-1.769996,-0.425050,-11.155001,-0.060999,-0.161125,0.024375,0.475896,-0.397081,0.092283,-3.141574,0.000038,-0.000122
13.940512,-1.819997,-0.425033,-11.135001,-0.056000,-0.167125,0.025375,0.475930,-0.397001,0.092291,-3.141581,0.000025,-0.000113
13.944512,-1.819995,-0.425062,-11.135002,-0.055999,-0.167125,0.025375,0.475958,-0.396894,0.092289,-3.141570,0.000048,-0.000074
13.948512,-1.819995,-0.425057,-11.135002,-0.055999,-0.167125,0.025375,0.475985,-0.396810,0.092293,-3.141571,0.000044,-0.000064
13.952512,-1.819995,-0.425063,-11.135002,-0.055999,-0.167125,0.025375,0.476005,-0.396730,0.092293,-3.141569,0.000049,-0.000063
13.956513,-1.819995,-0.425058,-11.135002,-0.055999,-0.167125,0.025375,0.476031,-0.396646,0.092297,-3.141571,0.000045,-0.000054
13.960512,-1.819995,-0.425058,-11.135002,-0.055999,-0.167125,0.025375,0.476055,-0.396564,0.092299,-3.141571,0.000045,-0.000056
13.964512,-1.819995,-0.425058,-11.135002,-0.055999,-0.167125,0.025375,0.476081,-0.396480,0.092300,-3.141571,0.000045,-0.000053
13.968512,-1.819995,-0.425058,-11.135002,-0.055999,-0.167125,0.025375,0.476107,-0.396397,0.092301,-3.141571,0.000045,-0.000050
13.972511,-1.819995,-0.425052,-11.135002,-0.055999,-0.167125,0.025375,0.476133,-0.396316,0.092305,-3.141573,0.000040,-0.000058
13.976512,-1.799995,-0.365051,-10.625002,-0.053999,-0.164125,0.024375,0.476161,-0.396233,0.092305,-3.141574,0.000039,-0.000069
13.980512,-1.799996,-0.365038,-10.625001,-0.054000,-0.164125,0.024375,0.476189,-0.396150,0.092309,-3.141579,0.000028,-0.000073
13.984512,-1.799997,-0.365032,-10.625001,-0.054000,-0.164125,0.024375,0.476215,-0.396069,0.092312,-3.141581,0.000023,-0.000081
13.988517,-1.799997,-0.365031,-10.625001,-0.054000,-0.164125,0.024375,0.476241,-0.395989,0.092313,-3.141582,0.000023,-0.000083
13.992546,-1.799998,-0.365017,-10.625001,-0.054000,-0.164125,0.024375,0.476271,-0.395904,0.092317,-3.141587,0.000012,-0.000076
13.996543,-1.799997,-0.365022,-10.625001,-0.054000,-0.164125,0.024375,0.476296,-0.395820,0.092315,-3.141585,0.000016,-0.000079
14.000506,-1.799997,-0.365027,-10.625001,-0.054000,-0.164125,0.024375,0.476320,-0.395738,0.092314,-3.141583,0.000020,-0.000074
14.004536,-1.799997,-0.365025,-10.625001,-0.054000,-0.164125,0.024375,0.476346,-0.395654,0.092313,-3.141584,0.000018,-0.000072
14.008532,-1.799998,-0.365017,-10.625001,-0.054000,-0.164125,0.024375,0.476372,-0.395571,0.092315,-3.141587,0.000012,-0.000069
14.012527,-1.789997,-0.345022,-10.505001,-0.054000,-0.162125,0.024375,0.476396,-0.395489,0.092314,-3.141585,0.000016,-0.000064
14.016527,-1.739998,-0.305020,-10.075000,-0.050000,-0.156125,0.023375,0.476422,-0.395405,0.092313,-3.141586,0.000014,-0.000054
14.020521,-1.739998,-0.305017,-10.075000,-0.050000,-0.156125,0.023375,0.476448,-0.395321,0.092313,-3.141587,0.000012,-0.000045
14.024510,-1.739998,-0.305015,-10.075000,-0.050000,-0.156125,0.023375,0.476474,-0.395238,0.092312,-3.141588,0.000010,-0.000035
14.028520,-1.739999,-0.305005,-10.075000,-0.050000,-0.156125,0.023375,0.476499,-0.395157,0.092312,-3.141592,0.000002,-0.000057
14.032459,-1.739997,-0.305023,-10.075001,-0.050000,-0.156125,0.023375,0.476530,-0.395051,0.092308,-3.141585,0.000016,-0.000018
14.036517,-1.739998,-0.305019,-10.075000,-0.050000,-0.156125,0.023375,0.476552,-0.394969,0.092306,-3.141586,0.000013,-0.000006
14.040513,-1.739998,-0.305010,-10.075000,-0.050000,-0.156125,0.023375,0.476578,-0.394888,0.092307,-3.141590,0.000006,-0.000001
14.044507,-1.739998,-0.305013,-10.075000,-0.050000,-0.156125,0.023375,0.476602,-0.394807,0.092304,-3.141589,0.000008,-0.000003
14.048506,-1.739998,-0.305017,-10.075000,-0.050000,-0.156125,0.023375,0.476629,-0.394723,0.092301,-3.141587,0.000012,0.000000
14.052516,-1.549998,-0.365015,-9.495000,-0.048000,-0.140125,0.022375,0.476653,-0.394642,0.092301,-3.141588,0.000010,-0.000002
14.056512,-1.549998,-0.365014,-9.495000,-0.048000,-0.140125,0.022375,0.476679,-0.394561,0.092301,-3.141588,0.000009,-0.000003
14.060512,-1.549998,-0.365013,-9.495000,-0.048000,-0.140125,0.022375,0.476704,-0.394480,0.092302,-3.141589,0.000008,-0.000012
14.064512,-1.549998,-0.365006,-9.495000,-0.048000,-0.140125,0.022375,0.476731,-0.394400,0.092304,-3.141591,0.000003,-0.000020
14.068512,-1.549998,-0.365010,-9.495000,-0.048000,-0.140125,0.022375,0.476758,-0.394317,0.092302,-3.141590,0.000006,-0.000024
14.072512,-1.549999,-0.365003,-9.495000,-0.048000,-0.140125,0.022375,0.476782,-0.394241,0.092304,-3.141593,0.000000,-0.000041
14.076512,-1.549999,-0.365002,-9.495000,-0.048000,-0.140125,0.022375,0.476809,-0.394158,0.092305,3.141592,-0.000000,-0.000045
14.080511,-1.549999,-0.365001,-9.495000,-0.048000,-0.140125,0.022375,0.476835,-0.394078,0.092305,3.141592,-0.000001,-0.000054
14.084517,-1.549999,-0.365005,-9.495000,-0.048000,-0.140125,0.022375,0.476860,-0.393996,0.092303,-3.141592,0.000002,-0.000062
14.088512,-1.549999,-0.365004,-9.495000,-0.048000,-0.140125,0.022375,0.476885,-0.393916,0.092304,-3.141592,0.000001,-0.000064
14.092511,-1.499999,-0.285003,-9.455000,-0.052000,-0.137125,0.021375,0.476910,-0.393835,0.092304,-3.141592,0.000001,-0.000059
14.096513,-1.499998,-0.285007,-9.455000,-0.052000,-0.137125,0.021375,0.476935,-0.393754,0.092302,-3.141591,0.000004,-0.000047
14.100512,-1.499998,-0.285012,-9.455000,-0.052000,-0.137125,0.021375,0.476959,-0.393672,0.092301,-3.141589,0.000008,-0.000035
14.104517,-1.499997,-0.285025,-9.455001,-0.052000,-0.137125,0.021375,0.476983,-0.393588,0.092299,-3.141584,0.000018,-0.000019
14.108519,-1.499997,-0.285024,-9.455001,-0.052000,-0.137125,0.021375,0.477008,-0.393507,0.092299,-3.141584,0.000017,-0.000007
14.112512,-1.499997,-0.285029,-9.455001,-0.052000,-0.137125,0.021375,0.477032,-0.393425,0.092298,-3.141582,0.000021,0.000012
14.116512,-1.499996,-0.285042,-9.455001,-0.052000,-0.137125,0.021375,0.477056,-0.393341,0.092296,-3.141578,0.000032,0.000028
14.120516,-1.499996,-0.285047,-9.455002,-0.051999,-0.137125,0.021375,0.477079,-0.393259,0.092295,-3.141576,0.000036,0.000033
14.124478,-1.499996,-0.285052,-9.455002,-0.051999,-0.137125,0.021375,0.477103,-0.393177,0.092293,-3.141574,0.000040,0.000045
14.128513,-1.499995,-0.285060,-9.455002,-0.051999,-0.137125,0.021375,0.477125,-0.393095,0.092294,-3.141571,0.000046,0.000043
14.132474,-1.499995,-0.285065,-9.455002,-0.051999,-0.137125,0.021375,0.477150,-0.393011,0.092293,-3.141569,0.000050,0.000046
14.136512,-1.539994,-0.295079,-9.315003,-0.051999,-0.138125,0.021375,0.477173,-0.392926,0.092292,-3.141564,0.000061,0.000042
14.140512,-1.539994,-0.295079,-9.315003,-0.051999,-0.138125,0.021375,0.477200,-0.392840,0.092293,-3.141563,0.000061,0.000036
14.144512,-1.539994,-0.295085,-9.315003,-0.051999,-0.138125,0.021375,0.477225,-0.392753,0.092293,-3.141561,0.000066,0.000030
14.148517,-1.539994,-0.295085,-9.315003,-0.051999,-0.138125,0.021375,0.477252,-0.392667,0.092294,-3.141561,0.000066,0.000017
14.152555,-1.539994,-0.295085,-9.315003,-0.051999,-0.138125,0.021375,0.477277,-0.392583,0.092296,-3.141561,0.000066,-0.000000
14.156515,-1.539995,-0.295070,-9.315003,-0.051999,-0.138125,0.021375,0.477305,-0.392498,0.092298,-3.141567,0.000054,-0.000054
14.160512,-1.539994,-0.295079,-9.315003,-0.051999,-0.138125,0.021375,0.477339,-0.392391,0.092300,-3.141563,0.000061,-0.000037
14.164513,-1.539994,-0.295079,-9.315003,-0.051999,-0.138125,0.021375,0.477368,-0.392303,0.092302,-3.141563,0.000061,-0.000046
14.168518,-1.539995,-0.295066,-9.315002,-0.051999,-0.138125,0.021375,0.477394,-0.392220,0.092307,-3.141568,0.000051,-0.000070
14.172513,-1.529995,-0.255060,-9.295002,-0.050999,-0.141125,0.021375,0.477423,-0.392135,0.092310,-3.141571,0.000046,-0.000069
14.176512,-1.529995,-0.255061,-9.295002,-0.050999,-0.141125,0.021375,0.477449,-0.392049,0.092311,-3.141571,0.000047,-0.000055
14.180512,-1.529996,-0.255055,-9.295002,-0.050999,-0.141125,0.021375,0.477477,-0.391963,0.092315,-3.141572,0.000042,-0.000041
14.184511,-1.529996,-0.255056,-9.295002,-0.050999,-0.141125,0.021375,0.477503,-0.391877,0.092317,-3.141572,0.000043,-0.000020
14.188512,-1.529996,-0.255043,-9.295002,-0.051000,-0.141125,0.021375,0.477529,-0.391793,0.092322,-3.141577,0.000032,-0.000011
14.192512,-1.529996,-0.255049,-9.295002,-0.050999,-0.141125,0.021375,0.477556,-0.391704,0.092321,-3.141575,0.000037,0.000008
14.196512,-1.529997,-0.255041,-9.295002,-0.051000,-0.141125,0.021375,0.477581,-0.391621,0.092323,-3.141578,0.000031,0.000018
14.200512,-1.529997,-0.255040,-9.295001,-0.051000,-0.141125,0.021375,0.477607,-0.391534,0.092323,-3.141578,0.000030,0.000032
14.204511,-1.529996,-0.255051,-9.295002,-0.050999,-0.141125,0.021375,0.477631,-0.391447,0.092320,-3.141574,0.000039,0.000032
14.208511,-1.529996,-0.255051,-9.295002,-0.050999,-0.141125,0.021375,0.477631,-0.391447,0.092320,-3.141574,0.000039,0.000032
14.212514,-1.529996,-0.255054,-9.295002,-0.050999,-0.141125,0.021375,0.477680,-0.391273,0.092319,-3.141573,0.000042,0.000040
14.216512,-1.459996,-0.335058,-8.825002,-0.043999,-0.134125,0.021375,0.477703,-0.391188,0.092317,-3.141572,0.000045,0.000030
14.220512,-1.459996,-0.335057,-8.825002,-0.043999,-0.134125,0.021375,0.477728,-0.391101,0.092317,-3.141572,0.000043,0.000017
14.224512,-1.459996,-0.335057,-8.825002,-0.043999,-0.134125,0.021375,0.477728,-0.391101,0.092317,-3.141572,0.000043,0.000017
14.228515,-1.459996,-0.335060,-8.825002,-0.043999,-0.134125,0.021375,0.477753,-0.391015,0.092314,-3.141571,0.000046,0.000004
14.232515,-1.459996,-0.335059,-8.825002,-0.043999,-0.134125,0.021375,0.477805,-0.390842,0.092316,-3.141571,0.000045,-0.000028
14.236512,-1.459996,-0.335057,-8.825002,-0.043999,-0.134125,0.021375,0.477830,-0.390755,0.092316,-3.141572,0.000044,-0.000041
14.240514,-1.459996,-0.335057,-8.825002,-0.043999,-0.134125,0.021375,0.477830,-0.390755,0.092316,-3.141572,0.000044,-0.000041
14.244515,-1.459996,-0.335055,-8.825002,-0.043999,-0.134125,0.021375,0.477857,-0.390670,0.092316,-3.141573,0.000042,-0.000061
14.248512,-1.459996,-0.335046,-8.825001,-0.043999,-0.134125,0.021375,0.477914,-0.390497,0.092318,-3.141576,0.000035,-0.000089
14.252512,-1.459996,-0.335046,-8.825001,-0.043999,-0.134125,0.021375,0.477914,-0.390497,0.092318,-3.141576,0.000035,-0.000089
14.256513,-1.459997,-0.335038,-8.825001,-0.044000,-0.134125,0.021375,0.477951,-0.390389,0.092320,-3.141579,0.000028,-0.000088
14.260512,-1.289998,-0.215014,-7.935000,-0.044000,-0.118125,0.018375,0.477975,-0.390325,0.092322,-3.141588,0.000009,-0.000124
14.264512,-1.289998,-0.215019,-7.935001,-0.044000,-0.118125,0.018375,0.477993,-0.390235,0.092321,-3.141586,0.000014,-0.000116
14.268515,-1.289998,-0.215010,-7.935000,-0.044000,-0.118125,0.018375,0.478022,-0.390150,0.092322,-3.141590,0.000007,-0.000102
14.272485,-1.289998,-0.215008,-7.935000,-0.044000,-0.118125,0.018375,0.478064,-0.390045,0.092321,-3.141590,0.000005,-0.000054
14.276513,-1.289999,-0.214999,-7.935000,-0.044000,-0.118125,0.018375,0.478095,-0.389958,0.092322,3.141592,-0.000002,-0.000036
14.280512,-1.289999,-0.214997,-7.935000,-0.044000,-0.118125,0.018375,0.478122,-0.389872,0.092322,3.141591,-0.000004,-0.000028
14.284512,-1.289999,-0.214994,-7.935000,-0.044000,-0.118125,0.018375,0.478150,-0.389784,0.092321,3.141590,-0.000006,-0.000023
14.288518,-1.289999,-0.214992,-7.935000,-0.044000,-0.118125,0.018375,0.478177,-0.389698,0.092321,3.141589,-0.000008,-0.000023
14.292517,-1.289999,-0.214996,-7.935000,-0.044000,-0.118125,0.018375,0.478203,-0.389609,0.092318,3.141590,-0.000005,-0.000017
14.296512,-1.249999,-0.274988,-7.655000,-0.043000,-0.111125,0.018375,0.478230,-0.389524,0.092320,3.141587,-0.000011,-0.000024
14.300512,-1.249999,-0.274999,-7.655000,-0.043000,-0.111125,0.018375,0.478256,-0.389435,0.092317,3.141592,-0.000002,-0.000032
14.304519,-1.249999,-0.275003,-7.655000,-0.043000,-0.111125,0.018375,0.478281,-0.389348,0.092315,-3.141592,0.000001,-0.000038
14.308513,-1.249999,-0.275002,-7.655000,-0.043000,-0.111125,0.018375,0.478305,-0.389261,0.092315,3.141592,-0.000000,-0.000051
14.312511,-1.249999,-0.275005,-7.655000,-0.043000,-0.111125,0.018375,0.478332,-0.389172,0.092312,-3.141592,0.000002,-0.000059
14.316512,-1.249998,-0.275015,-7.655000,-0.043000,-0.111125,0.018375,0.478354,-0.389084,0.092308,-3.141588,0.000010,-0.000079
14.320512,-1.249998,-0.275013,-7.655000,-0.043000,-0.111125,0.018375,0.478381,-0.388999,0.092307,-3.141589,0.000008,-0.000092
14.324511,-1.249998,-0.275024,-7.655001,-0.043000,-0.111125,0.018375,0.478407,-0.388909,0.092304,-3.141585,0.000017,-0.000100
14.328512,-1.249998,-0.275021,-7.655001,-0.043000,-0.111125,0.018375,0.478433,-0.388824,0.092304,-3.141585,0.000015,-0.000113
14.332512,-1.249998,-0.275024,-7.655001,-0.043000,-0.111125,0.018375,0.478459,-0.388738,0.092300,-3.141585,0.000017,-0.000119
14.336512,-1.249998,-0.275023,-7.655001,-0.043000,-0.111125,0.018375,0.478487,-0.388652,0.092301,-3.141585,0.000017,-0.000105
14.340512,-1.199997,-0.185036,-7.385001,-0.046000,-0.108125,0.016375,0.478511,-0.388568,0.092299,-3.141580,0.000027,-0.000102
14.344513,-1.199997,-0.185034,-7.385001,-0.046000,-0.108125,0.016375,0.478540,-0.388484,0.092299,-3.141581,0.000025,-0.000088
14.348513,-1.199997,-0.185033,-7.385001,-0.046000,-0.108125,0.016375,0.478565,-0.388403,0.092299,-3.141581,0.000025,-0.000076
14.352511,-1.199997,-0.185037,-7.385001,-0.046000,-0.108125,0.016375,0.478591,-0.388320,0.092297,-3.141580,0.000028,-0.000060
14.356512,-1.199997,-0.185030,-7.385001,-0.046000,-0.108125,0.016375,0.478620,-0.388236,0.092299,-3.141582,0.000022,-0.000039
14.360513,-1.199997,-0.185034,-7.385001,-0.046000,-0.108125,0.016375,0.478644,-0.388155,0.092297,-3.141581,0.000025,-0.000034
14.364513,-1.199998,-0.185019,-7.385001,-0.046000,-0.108125,0.016375,0.478673,-0.388073,0.092300,-3.141586,0.000014,-0.000024
14.368512,-1.199998,-0.185018,-7.385001,-0.046000,-0.108125,0.016375,0.478699,-0.387990,0.092301,-3.141587,0.000013,-0.000015
14.372517,-1.199998,-0.185015,-7.385001,-0.046000,-0.108125,0.016375,0.478724,-0.387909,0.092299,-3.141588,0.000010,-0.000010
14.376512,-1.259998,-0.255027,-7.635001,-0.043000,-0.114125,0.017375,0.478749,-0.387825,0.092296,-3.141584,0.000020,-0.000000
14.380518,-1.259998,-0.255023,-7.635001,-0.043000,-0.114125,0.017375,0.478775,-0.387743,0.092295,-3.141585,0.000017,0.000003
14.384512,-1.259997,-0.255028,-7.635001,-0.043000,-0.114125,0.017375,0.478799,-0.387659,0.092293,-3.141583,0.000021,-0.000001
14.388512,-1.259997,-0.255034,-7.635001,-0.043000,-0.114125,0.017375,0.478823,-0.387575,0.092292,-3.141581,0.000025,-0.000005
14.392512,-1.259997,-0.255038,-7.635001,-0.043000,-0.114125,0.017375,0.478848,-0.387492,0.092290,-3.141579,0.000028,-0.000016
14.396513,-1.259997,-0.255043,-7.635002,-0.043000,-0.114125,0.017375,0.478872,-0.387408,0.092289,-3.141578,0.000032,-0.000033
14.400513,-1.259997,-0.255040,-7.635001,-0.043000,-0.114125,0.017375,0.478899,-0.387322,0.092288,-3.141578,0.000031,-0.000086
14.404512,-1.259998,-0.255024,-7.635001,-0.043000,-0.114125,0.017375,0.478924,-0.387241,0.092290,-3.141584,0.000018,-0.000102
14.408513,-1.259997,-0.255042,-7.635001,-0.043000,-0.114125,0.017375,0.478939,-0.387153,0.092286,-3.141578,0.000032,-0.000105
14.412512,-1.259997,-0.255041,-7.635001,-0.043000,-0.114125,0.017375,0.478979,-0.387053,0.092286,-3.141578,0.000031,-0.000073
14.416512,-1.289997,-0.285032,-7.765001,-0.042000,-0.118125,0.018375,0.479007,-0.386968,0.092287,-3.141581,0.000024,-0.000066
14.420512,-1.289997,-0.285031,-7.765001,-0.042000,-0.118125,0.018375,0.479031,-0.386887,0.092288,-3.141582,0.000023,-0.000068
14.424517,-1.289998,-0.285023,-7.765001,-0.042000,-0.118125,0.018375,0.479057,-0.386805,0.092289,-3.141585,0.000017,-0.000058
14.428512,-1.289998,-0.285027,-7.765001,-0.042000,-0.118125,0.018375,0.479083,-0.386721,0.092287,-3.141583,0.000020,-0.000042
14.432512,-1.289998,-0.285024,-7.765001,-0.042000,-0.118125,0.018375,0.479107,-0.386641,0.092285,-3.141585,0.000017,-0.000037
14.436513,-1.289998,-0.285015,-7.765000,-0.042000,-0.118125,0.018375,0.479134,-0.386558,0.092286,-3.141588,0.000010,-0.000027
14.440512,-1.289999,-0.285005,-7.765000,-0.042000,-0.118125,0.018375,0.479162,-0.386476,0.092287,-3.141591,0.000003,-0.000018
14.444512,-1.289999,-0.285003,-7.765000,-0.042000,-0.118125,0.018375,0.479189,-0.386394,0.092286,-3.141592,0.000001,-0.000008
14.448512,-1.289999,-0.285000,-7.765000,-0.042000,-0.118125,0.018375,0.479213,-0.386313,0.092285,3.141592,-0.000002,-0.000003
14.452512,-1.289999,-0.284998,-7.765000,-0.042000,-0.118125,0.018375,0.479241,-0.386231,0.092284,3.141591,-0.000003,0.000007
14.456514,-1.350000,-0.254987,-7.814999,-0.039000,-0.123125,0.017375,0.479267,-0.386148,0.092283,3.141587,-0.000012,0.000010
14.460511,-1.350000,-0.254985,-7.814999,-0.039000,-0.123125,0.017375,0.479293,-0.386068,0.092283,3.141586,-0.000014,0.000015
14.464512,-1.350000,-0.254981,-7.814999,-0.039000,-0.123125,0.017375,0.479319,-0.385985,0.092282,3.141585,-0.000017,0.000017
14.468518,-1.350000,-0.254980,-7.814999,-0.039000,-0.123125,0.017375,0.479345,-0.385902,0.092282,3.141585,-0.000017,0.000020
14.472511,-1.350000,-0.254971,-7.814999,-0.039000,-0.123125,0.017375,0.479372,-0.385820,0.092282,3.141581,-0.000025,0.000016
14.476512,-1.350000,-0.254967,-7.814999,-0.039000,-0.123125,0.017375,0.479397,-0.385739,0.092281,3.141580,-0.000028,0.000008
14.480513,-1.350001,-0.254964,-7.814998,-0.039000,-0.123125,0.017375,0.479423,-0.385657,0.092279,3.141578,-0.000031,0.000004
14.484512,-1.350000,-0.254967,-7.814999,-0.039000,-0.123125,0.017375,0.479446,-0.385573,0.092276,3.141579,-0.000029,-0.000007
14.488511,-1.350000,-0.254971,-7.814999,-0.039000,-0.123125,0.017375,0.479472,-0.385490,0.092274,3.141581,-0.000025,-0.000010
14.492513,-1.320000,-0.344967,-7.804999,-0.039000,-0.118125,0.018375,0.479496,-0.385409,0.092272,3.141580,-0.000028,-0.000012
14.496512,-1.320000,-0.344964,-7.804998,-0.039000,-0.118125,0.018375,0.479522,-0.385326,0.092271,3.141578,-0.000031,-0.000056
14.500512,-1.320000,-0.344973,-7.804999,-0.039000,-0.118125,0.018375,0.479539,-0.385239,0.092266,3.141582,-0.000023,-0.000054
14.504510,-1.320000,-0.344969,-7.804999,-0.039000,-0.118125,0.018375,0.479564,-0.385156,0.092265,3.141581,-0.000026,-0.000051
14.508513,-1.320000,-0.344981,-7.804999,-0.039000,-0.118125,0.018375,0.479588,-0.385075,0.092255,3.141585,-0.000017,-0.000052
14.512512,-1.320000,-0.344975,-7.804999,-0.039000,-0.118125,0.018375,0.479627,-0.384975,0.092258,3.141583,-0.000022,-0.000014
14.516512,-1.320000,-0.344973,-7.804999,-0.039000,-0.118125,0.018375,0.479654,-0.384893,0.092258,3.141582,-0.000023,-0.000004
14.520512,-1.320000,-0.344970,-7.804999,-0.039000,-0.118125,0.018375,0.479682,-0.384808,0.092257,3.141581,-0.000026,0.000010
14.524512,-1.320000,-0.344973,-7.804999,-0.039000,-0.118125,0.018375,0.479707,-0.384727,0.092253,3.141582,-0.000023,0.000008
14.528512,-1.320000,-0.344977,-7.804999,-0.039000,-0.118125,0.018375,0.479732,-0.384644,0.092251,3.141583,-0.000020,0.000011
14.532512,-1.320000,-0.344977,-7.804999,-0.039000,-0.118125,0.018375,0.479732,-0.384644,0.092251,3.141583,-0.000020,0.000011
14.536512,-1.279999,-0.314985,-7.974999,-0.041000,-0.117125,0.017375,0.479782,-0.384478,0.092247,3.141586,-0.000014,0.000017
14.540512,-1.280000,-0.314982,-7.974999,-0.041000,-0.117125,0.017375,0.479811,-0.384391,0.092245,3.141585,-0.000016,0.000022
14.544473,-1.280000,-0.314981,-7.974999,-0.041000,-0.117125,0.017375,0.479837,-0.384308,0.092246,3.141585,-0.000017,0.000018
14.548512,-1.279999,-0.314985,-7.974999,-0.041000,-0.117125,0.017375,0.479865,-0.384220,0.092244,3.141586,-0.000014,0.000010
14.552516,-1.279999,-0.314988,-7.974999,-0.041000,-0.117125,0.017375,0.479891,-0.384134,0.092241,3.141587,-0.000012,0.000004
14.556512,-1.279999,-0.314992,-7.975000,-0.041000,-0.117125,0.017375,0.479917,-0.384049,0.092238,3.141589,-0.000008,-0.000009
14.560512,-1.279999,-0.314988,-7.974999,-0.041000,-0.117125,0.017375,0.479945,-0.383964,0.092237,3.141588,-0.000011,-0.000015
14.564512,-1.279999,-0.314991,-7.975000,-0.041000,-0.117125,0.017375,0.479970,-0.383878,0.092234,3.141589,-0.000009,-0.000021
14.568517,-1.279999,-0.314987,-7.974999,-0.041000,-0.117125,0.017375,0.479997,-0.383793,0.092232,3.141587,-0.000012,-0.000034
14.572512,-1.299999,-0.304990,-8.115000,-0.042000,-0.119125,0.017375,0.480024,-0.383705,0.092229,3.141588,-0.000010,-0.000036
14.576512,-1.379999,-0.314994,-8.485000,-0.047000,-0.124125,0.019375,0.480051,-0.383619,0.092227,3.141590,-0.000006,-0.000035
14.580512,-1.379999,-0.314997,-8.485000,-0.047000,-0.124125,0.019375,0.480076,-0.383533,0.092223,3.141591,-0.000004,-0.000035
14.584512,-1.379999,-0.314993,-8.485000,-0.047000,-0.124125,0.019375,0.480103,-0.383448,0.092222,3.141589,-0.000007,-0.000034
14.588517,-1.379999,-0.315004,-8.485000,-0.047000,-0.124125,0.019375,0.480130,-0.383360,0.092218,-3.141592,0.000001,-0.000036
14.592512,-1.379999,-0.314995,-8.485000,-0.047000,-0.124125,0.019375,0.480157,-0.383275,0.092219,3.141590,-0.000006,-0.000035
14.596516,-1.379999,-0.314998,-8.485000,-0.047000,-0.124125,0.019375,0.480182,-0.383189,0.092216,3.141591,-0.000004,-0.000034
14.600512,-1.379999,-0.314994,-8.485000,-0.047000,-0.124125,0.019375,0.480210,-0.383104,0.092214,3.141590,-0.000006,-0.000047
14.604512,-1.379999,-0.314998,-8.485000,-0.047000,-0.124125,0.019375,0.480236,-0.383019,0.092212,3.141591,-0.000003,-0.000047
14.608512,-1.379999,-0.315001,-8.485000,-0.047000,-0.124125,0.019375,0.480261,-0.382933,0.092209,3.141592,-0.000001,-0.000053
14.612516,-1.379999,-0.314998,-8.485000,-0.047000,-0.124125,0.019375,0.480288,-0.382848,0.092207,3.141591,-0.000004,-0.000059
14.616512,-1.459999,-0.334994,-9.095000,-0.049000,-0.134125,0.020375,0.480315,-0.382763,0.092206,3.141590,-0.000007,-0.000065
14.620517,-1.460000,-0.334981,-9.094999,-0.049000,-0.134125,0.020375,0.480342,-0.382677,0.092204,3.141585,-0.000017,-0.000112
14.624518,-1.459999,-0.334993,-9.095000,-0.049000,-0.134125,0.020375,0.480368,-0.382592,0.092201,3.141589,-0.000007,-0.000118
14.628512,-1.459999,-0.334996,-9.095000,-0.049000,-0.134125,0.020375,0.480393,-0.382506,0.092197,3.141590,-0.000005,-0.000083
14.632510,-1.459999,-0.334992,-9.094999,-0.049000,-0.134125,0.020375,0.480413,-0.382415,0.092196,3.141589,-0.000008,-0.000125
14.636513,-1.459999,-0.334992,-9.094999,-0.049000,-0.134125,0.020375,0.480413,-0.382415,0.092196,3.141589,-0.000008,-0.000125
14.640512,-1.459999,-0.334999,-9.095000,-0.049000,-0.134125,0.020375,0.480480,-0.382224,0.092191,3.141592,-0.000002,-0.000090
14.644512,-1.459999,-0.334997,-9.095000,-0.049000,-0.134125,0.020375,0.480507,-0.382136,0.092190,3.141591,-0.000004,-0.000085
14.648512,-1.459999,-0.334988,-9.094999,-0.049000,-0.134125,0.020375,0.480536,-0.382049,0.092191,3.141588,-0.000011,-0.000080
14.652512,-1.599999,-0.324986,-9.764999,-0.050000,-0.146125,0.021375,0.480563,-0.381961,0.092191,3.141587,-0.000013,-0.000075
14.656512,-1.600000,-0.324977,-9.764999,-0.050000,-0.146125,0.021375,0.480590,-0.381876,0.092192,3.141583,-0.000020,-0.000074
14.660512,-1.600000,-0.324977,-9.764999,-0.050000,-0.146125,0.021375,0.480590,-0.381876,0.092192,3.141583,-0.000020,-0.000074
14.664512,-1.600000,-0.324977,-9.764999,-0.050000,-0.146125,0.021375,0.480642,-0.381702,0.092188,3.141584,-0.000020,-0.000069
14.668512,-1.600000,-0.324969,-9.764999,-0.050000,-0.146125,0.021375,0.480671,-0.381615,0.092189,3.141580,-0.000027,-0.000077
14.672512,-1.600000,-0.324966,-9.764999,-0.050000,-0.146125,0.021375,0.480698,-0.381527,0.092189,3.141580,-0.000029,-0.000072
14.676512,-1.600000,-0.324958,-9.764998,-0.050000,-0.146125,0.021375,0.480727,-0.381440,0.092190,3.141576,-0.000036,-0.000073
14.680513,-1.600000,-0.324960,-9.764998,-0.050000,-0.146125,0.021375,0.480752,-0.381354,0.092186,3.141577,-0.000034,-0.000086
14.684512,-1.600000,-0.324965,-9.764999,-0.050000,-0.146125,0.021375,0.480778,-0.381266,0.092185,3.141579,-0.000030,-0.000088
14.688512,-1.600000,-0.324965,-9.764999,-0.050000,-0.146125,0.021375,0.480778,-0.381266,0.092185,3.141579,-0.000030,-0.000088
14.692517,-1.620000,-0.324959,-9.844998,-0.051000,-0.148125,0.021375,0.480831,-0.381093,0.092183,3.141577,-0.000034,-0.000102
14.696481,-1.690000,-0.364962,-10.364998,-0.054000,-0.154125,0.022375,0.480858,-0.381004,0.092180,3.141578,-0.000032,-0.000104
14.700518,-1.690000,-0.364960,-10.364998,-0.054000,-0.154125,0.022375,0.480883,-0.380919,0.092179,3.141577,-0.000034,-0.000110
14.704509,-1.690000,-0.364957,-10.364998,-0.054000,-0.154125,0.022375,0.480910,-0.380831,0.092179,3.141576,-0.000036,-0.000112
14.708512,-1.690000,-0.364960,-10.364998,-0.054000,-0.154125,0.022375,0.480934,-0.380745,0.092175,3.141577,-0.000034,-0.000111
14.712512,-1.690000,-0.364952,-10.364998,-0.054001,-0.154125,0.022375,0.480961,-0.380657,0.092177,3.141574,-0.000040,-0.000106
14.716516,-1.690000,-0.364950,-10.364998,-0.054001,-0.154125,0.022375,0.480988,-0.380569,0.092177,3.141574,-0.000042,-0.000094
14.720522,-1.690000,-0.364955,-10.364998,-0.054001,-0.154125,0.022375,0.481012,-0.380483,0.092175,3.141575,-0.000038,-0.000087
14.724518,-1.690000,-0.364952,-10.364998,-0.054001,-0.154125,0.022375,0.481039,-0.380395,0.092175,3.141575,-0.000040,-0.000075
14.728512,-1.690000,-0.364952,-10.364998,-0.054001,-0.154125,0.022375,0.481039,-0.380395,0.092175,3.141575,-0.000040,-0.000075
14.732514,-1.690000,-0.364955,-10.364998,-0.054001,-0.154125,0.022375,0.481090,-0.380221,0.092173,3.141576,-0.000038,-0.000056
14.736512,-1.690000,-0.364955,-10.364998,-0.054001,-0.154125,0.022375,0.481090,-0.380221,0.092173,3.141576,-0.000038,-0.000056
14.740521,-1.780000,-0.334970,-10.544999,-0.058000,-0.158125,0.023375,0.481140,-0.380046,0.092168,3.141581,-0.000026,-0.000037
14.744512,-1.780000,-0.334970,-10.544999,-0.058000,-0.158125,0.023375,0.481140,-0.380046,0.092168,3.141581,-0.000026,-0.000037
14.748512,-1.780000,-0.334962,-10.544999,-0.058000,-0.158125,0.023375,0.481169,-0.379959,0.092169,3.141578,-0.000032,-0.000025
14.752519,-1.780000,-0.334952,-10.544998,-0.058001,-0.158125,0.023375,0.481194,-0.379874,0.092169,3.141574,-0.000041,-0.000064
14.756512,-1.779999,-0.334979,-10.544999,-0.058000,-0.158125,0.023375,0.481212,-0.379782,0.092158,3.141584,-0.000019,-0.000066
14.760512,-1.780000,-0.334968,-10.544999,-0.058000,-0.158125,0.023375,0.481253,-0.379680,0.092164,3.141580,-0.000028,-0.000036
14.764511,-1.780000,-0.334970,-10.544999,-0.058000,-0.158125,0.023375,0.481279,-0.379591,0.092161,3.141581,-0.000026,-0.000045
14.768515,-1.780000,-0.334953,-10.544998,-0.058001,-0.158125,0.023375,0.481334,-0.379419,0.092163,3.141575,-0.000040,-0.000059
14.772512,-1.780000,-0.334953,-10.544998,-0.058001,-0.158125,0.023375,0.481334,-0.379419,0.092163,3.141575,-0.000040,-0.000059
14.776514,-1.770000,-0.334949,-10.894998,-0.064001,-0.158125,0.024375,0.481388,-0.379247,0.092162,3.141573,-0.000043,-0.000073
14.780512,-1.770000,-0.334949,-10.894998,-0.064001,-0.158125,0.024375,0.481388,-0.379247,0.092162,3.141573,-0.000043,-0.000073
14.784511,-1.770000,-0.334951,-10.894998,-0.064001,-0.158125,0.024375,0.481413,-0.379161,0.092159,3.141574,-0.000041,-0.000080
14.788512,-1.770000,-0.334948,-10.894998,-0.064001,-0.158125,0.024375,0.481439,-0.379076,0.092158,3.141573,-0.000044,-0.000086
14.792518,-1.770000,-0.334942,-10.894998,-0.064001,-0.158125,0.024375,0.481492,-0.378903,0.092156,3.141571,-0.000049,-0.000080
14.796512,-1.770000,-0.334942,-10.894998,-0.064001,-0.158125,0.024375,0.481492,-0.378903,0.092156,3.141571,-0.000049,-0.000080
14.800514,-1.770000,-0.334952,-10.894998,-0.064001,-0.158125,0.024375,0.481516,-0.378817,0.092152,3.141575,-0.000040,-0.000073
14.804562,-1.770000,-0.334955,-10.894998,-0.064001,-0.158125,0.024375,0.481542,-0.378729,0.092148,3.141576,-0.000038,-0.000054
14.808512,-1.770000,-0.334965,-10.894999,-0.064000,-0.158125,0.024375,0.481565,-0.378642,0.092144,3.141579,-0.000030,-0.000040
14.812510,-1.770000,-0.334963,-10.894999,-0.064000,-0.158125,0.024375,0.481592,-0.378554,0.092144,3.141578,-0.000032,-0.000021
14.816514,-1.860000,-0.404973,-11.224999,-0.062000,-0.166125,0.025375,0.481615,-0.378468,0.092140,3.141582,-0.000024,-0.000007
14.820512,-1.860000,-0.404969,-11.224999,-0.062000,-0.166125,0.025375,0.481643,-0.378381,0.092138,3.141581,-0.000026,0.000005
14.824512,-1.859999,-0.404980,-11.224999,-0.062000,-0.166125,0.025375,0.481667,-0.378295,0.092134,3.141585,-0.000018,0.000012
14.828511,-1.860000,-0.404977,-11.224999,-0.062000,-0.166125,0.025375,0.481693,-0.378207,0.092134,3.141584,-0.000020,0.000017
14.832512,-1.859999,-0.404981,-11.224999,-0.062000,-0.166125,0.025375,0.481719,-0.378121,0.092132,3.141585,-0.000017,0.000018
14.836512,-1.859999,-0.404980,-11.224999,-0.062000,-0.166125,0.025375,0.481745,-0.378036,0.092132,3.141585,-0.000018,0.000012
14.840514,-1.860000,-0.404978,-11.224999,-0.062000,-0.166125,0.025375,0.481771,-0.377954,0.092132,3.141584,-0.000019,0.000001
14.844511,-1.860000,-0.404978,-11.224999,-0.062000,-0.166125,0.025375,0.481771,-0.377954,0.092132,3.141584,-0.000019,0.000001
14.848512,-1.860000,-0.404969,-11.224999,-0.062000,-0.166125,0.025375,0.481824,-0.377788,0.092134,3.141581,-0.000027,-0.000016
14.852512,-1.860000,-0.404974,-11.224999,-0.062000,-0.166125,0.025375,0.481843,-0.377702,0.092132,3.141583,-0.000023,-0.000067
14.856512,-1.860000,-0.404967,-11.224999,-0.062000,-0.166125,0.025375,0.481878,-0.377624,0.092134,3.141580,-0.000028,-0.000037
14.860512,-2.000000,-0.344965,-11.684999,-0.067000,-0.177125,0.026375,0.481912,-0.377522,0.092135,3.141579,-0.000030,-0.000052
14.864512,-2.000000,-0.344971,-11.684999,-0.067000,-0.177125,0.026375,0.481932,-0.377460,0.092133,3.141581,-0.000025,-0.000065
14.868511,-1.999999,-0.344977,-11.684999,-0.067000,-0.177125,0.026375,0.481957,-0.377378,0.092132,3.141584,-0.000021,-0.000076
14.872512,-2.000000,-0.344961,-11.684998,-0.067000,-0.177125,0.026375,0.481985,-0.377297,0.092134,3.141578,-0.000033,-0.000073
14.876511,-2.000000,-0.344972,-11.684999,-0.067000,-0.177125,0.026375,0.482010,-0.377214,0.092131,3.141582,-0.000025,-0.000063
14.880511,-2.000000,-0.344964,-11.684999,-0.067000,-0.177125,0.026375,0.482044,-0.377112,0.092132,3.141579,-0.000031,-0.000051
14.884512,-1.999999,-0.344991,-11.685000,-0.067000,-0.177125,0.026375,0.482051,-0.377048,0.092122,3.141589,-0.000009,-0.000082
14.888512,-1.999999,-0.344979,-11.684999,-0.067000,-0.177125,0.026375,0.482092,-0.376946,0.092127,3.141584,-0.000019,-0.000019
14.892510,-1.999999,-0.344977,-11.684999,-0.067000,-0.177125,0.026375,0.482118,-0.376864,0.092126,3.141584,-0.000021,-0.000002
14.896512,-2.069999,-0.424988,-12.275000,-0.064000,-0.186125,0.027375,0.482139,-0.376783,0.092123,3.141588,-0.000011,0.000009
14.900512,-2.069999,-0.424986,-12.275000,-0.064000,-0.186125,0.027375,0.482167,-0.376698,0.092123,3.141587,-0.000013,0.000023
14.904510,-2.069999,-0.424991,-12.275000,-0.064000,-0.186125,0.027375,0.482190,-0.376615,0.092121,3.141588,-0.000009,0.000033
14.908512,-2.069999,-0.424995,-12.275000,-0.064000,-0.186125,0.027375,0.482214,-0.376532,0.092119,3.141590,-0.000006,0.000043
14.912512,-2.069999,-0.425000,-12.275000,-0.064000,-0.186125,0.027375,0.482239,-0.376449,0.092118,3.141592,-0.000001,0.000039
14.916511,-2.069999,-0.424999,-12.275000,-0.064000,-0.186125,0.027375,0.482263,-0.376366,0.092118,3.141592,-0.000002,0.000035
14.920512,-2.069999,-0.424997,-12.275000,-0.064000,-0.186125,0.027375,0.482289,-0.376284,0.092118,3.141591,-0.000004,0.000024
14.924512,-2.069999,-0.425003,-12.275000,-0.064000,-0.186125,0.027375,0.482314,-0.376202,0.092117,-3.141592,0.000001,0.000014
14.928512,-2.069999,-0.425007,-12.275000,-0.064000,-0.186125,0.027375,0.482337,-0.376118,0.092115,-3.141591,0.000004,-0.000004
14.932512,-2.069998,-0.425013,-12.275001,-0.064000,-0.186125,0.027375,0.482362,-0.376036,0.092114,-3.141589,0.000009,-0.000014
14.936512,-2.109998,-0.435017,-12.555001,-0.068000,-0.187125,0.028375,0.482384,-0.375955,0.092112,-3.141587,0.000012,-0.000036
14.940516,-2.109998,-0.435022,-12.555001,-0.068000,-0.187125,0.028375,0.482411,-0.375873,0.092110,-3.141586,0.000016,-0.000054
14.944515,-2.109998,-0.435027,-12.555001,-0.068000,-0.187125,0.028375,0.482436,-0.375791,0.092109,-3.141584,0.000020,-0.000071
14.948513,-2.109998,-0.435019,-12.555001,-0.068000,-0.187125,0.028375,0.482463,-0.375709,0.092110,-3.141587,0.000014,-0.000082
14.952522,-2.109998,-0.435019,-12.555001,-0.068000,-0.187125,0.028375,0.482488,-0.375630,0.092111,-3.141587,0.000013,-0.000090
14.956512,-2.109999,-0.435016,-12.555001,-0.068000,-0.187125,0.028375,0.482516,-0.375548,0.092110,-3.141588,0.000011,-0.000094
14.960513,-2.109999,-0.435002,-12.555000,-0.068000,-0.187125,0.028375,0.482545,-0.375468,0.092113,3.141592,-0.000000,-0.000084
14.964513,-2.109999,-0.435000,-12.555000,-0.068000,-0.187125,0.028375,0.482569,-0.375388,0.092113,3.141592,-0.000002,-0.000079
14.968518,-2.109999,-0.434993,-12.555000,-0.068000,-0.187125,0.028375,0.482598,-0.375307,0.092115,3.141589,-0.000007,-0.000056
14.972511,-2.109999,-0.434985,-12.555000,-0.068000,-0.187125,0.028375,0.482625,-0.375226,0.092117,3.141587,-0.000014,-0.000047
14.976513,-2.099999,-0.334984,-13.005000,-0.075000,-0.189125,0.027375,0.482650,-0.375146,0.092118,3.141586,-0.000014,-0.000042
14.980512,-2.099999,-0.334983,-13.004999,-0.075000,-0.189125,0.027375,0.482676,-0.375064,0.092117,3.141586,-0.000016,-0.000025
14.984512,-2.099999,-0.334982,-13.004999,-0.075000,-0.189125,0.027375,0.482702,-0.374983,0.092118,3.141586,-0.000016,-0.000049
14.988512,-2.099999,-0.334980,-13.004999,-0.075000,-0.189125,0.027375,0.482728,-0.374900,0.092118,3.141585,-0.000018,-0.000013
14.992512,-2.099999,-0.334978,-13.004999,-0.075000,-0.189125,0.027375,0.482751,-0.374820,0.092118,3.141584,-0.000019,-0.000008
14.996512,-2.100000,-0.334969,-13.004999,-0.075000,-0.189125,0.027375,0.482777,-0.374738,0.092118,3.141581,-0.000027,-0.000045
15.000512,-2.099999,-0.334991,-13.005000,-0.075000,-0.189125,0.027375,0.482795,-0.374652,0.092110,3.141589,-0.000009,-0.000043
15.004512,-2.099999,-0.334993,-13.005000,-0.075000,-0.189125,0.027375,0.482818,-0.374569,0.092113,3.141589,-0.000008,-0.000047
15.008513,-2.099999,-0.334991,-13.005000,-0.075000,-0.189125,0.027375,0.482857,-0.374470,0.092113,3.141589,-0.000009,-0.000021
15.012512,-2.099999,-0.335002,-13.005000,-0.075000,-0.189125,0.027375,0.482878,-0.374388,0.092110,-3.141593,0.000000,-0.000029
15.016513,-2.119999,-0.415000,-13.195000,-0.078000,-0.189125,0.030375,0.482903,-0.374306,0.092109,3.141592,-0.000001,-0.000040
15.020512,-2.119999,-0.415001,-13.195000,-0.078000,-0.189125,0.030375,0.482926,-0.374226,0.092111,3.141592,-0.000001,-0.000062
15.024512,-2.119999,-0.414999,-13.195000,-0.078000,-0.189125,0.030375,0.482951,-0.374144,0.092111,3.141592,-0.000003,-0.000073
15.028511,-2.119999,-0.415000,-13.195000,-0.078000,-0.189125,0.030375,0.482976,-0.374061,0.092112,3.141592,-0.000002,-0.000090
15.032512,-2.119999,-0.415000,-13.195000,-0.078000,-0.189125,0.030375,0.483001,-0.373979,0.092114,3.141592,-0.000002,-0.000101
15.036512,-2.119999,-0.414996,-13.194999,-0.078000,-0.189125,0.030375,0.483026,-0.373897,0.092118,3.141590,-0.000005,-0.000105
15.040511,-2.119999,-0.414996,-13.195000,-0.078000,-0.189125,0.030375,0.483051,-0.373814,0.092120,3.141590,-0.000005,-0.000102
15.044526,-2.119999,-0.414998,-13.195000,-0.078000,-0.189125,0.030375,0.483079,-0.373730,0.092123,3.141591,-0.000003,-0.000094
15.048512,-2.119999,-0.414994,-13.194999,-0.078000,-0.189125,0.030375,0.483104,-0.373648,0.092127,3.141590,-0.000007,-0.000078
15.052512,-2.119999,-0.414996,-13.195000,-0.078000,-0.189125,0.030375,0.483132,-0.373564,0.092130,3.141590,-0.000005,-0.000064
15.056511,-2.109999,-0.414998,-13.195000,-0.079000,-0.188125,0.030375,0.483158,-0.373483,0.092133,3.141591,-0.000004,-0.000054
15.060512,-2.109999,-0.344987,-13.284999,-0.080000,-0.191125,0.030375,0.483185,-0.373401,0.092139,3.141587,-0.000012,-0.000078
15.064510,-2.109999,-0.344989,-13.284999,-0.080000,-0.191125,0.030375,0.483213,-0.373317,0.092142,3.141588,-0.000011,-0.000031
15.068512,-2.109999,-0.344983,-13.284999,-0.080000,-0.191125,0.030375,0.483242,-0.373234,0.092145,3.141586,-0.000015,-0.000017
15.072491,-2.109999,-0.344980,-13.284999,-0.080000,-0.191125,0.030375,0.483268,-0.373152,0.092151,3.141585,-0.000018,-0.000014
15.076518,-2.109999,-0.344975,-13.284999,-0.080000,-0.191125,0.030375,0.483295,-0.373070,0.092154,3.141583,-0.000022,-0.000011
15.080512,-2.109999,-0.344972,-13.284999,-0.080000,-0.191125,0.030375,0.483323,-0.372987,0.092160,3.141582,-0.000025,-0.000004
15.084513,-2.109999,-0.344975,-13.284999,-0.080000,-0.191125,0.030375,0.483349,-0.372902,0.092164,3.141583,-0.000022,0.000004
15.088512,-2.109999,-0.344975,-13.284999,-0.080000,-0.191125,0.030375,0.483374,-0.372820,0.092165,3.141583,-0.000022,-0.000000
15.092512,-2.109999,-0.344979,-13.284999,-0.080000,-0.191125,0.030375,0.483400,-0.372735,0.092169,3.141584,-0.000019,-0.000006
15.096512,-2.139999,-0.394987,-13.164999,-0.073000,-0.195125,0.030375,0.483424,-0.372652,0.092170,3.141587,-0.000013,-0.000024
15.100512,-2.139999,-0.394990,-13.165000,-0.073000,-0.195125,0.030375,0.483450,-0.372568,0.092174,3.141588,-0.000010,-0.000030
15.104510,-2.139999,-0.394983,-13.164999,-0.073000,-0.195125,0.030375,0.483475,-0.372485,0.092176,3.141586,-0.000016,-0.000088
15.108511,-2.139999,-0.395010,-13.165000,-0.073000,-0.195125,0.030375,0.483493,-0.372397,0.092172,-3.141590,0.000007,-0.000100
15.112512,-2.139999,-0.395009,-13.165000,-0.073000,-0.195125,0.030375,0.483529,-0.372297,0.092180,-3.141590,0.000006,-0.000068
15.116512,-2.139999,-0.395012,-13.165000,-0.073000,-0.195125,0.030375,0.483555,-0.372212,0.092183,-3.141589,0.000008,-0.000068
15.120512,-2.139999,-0.395020,-13.165001,-0.073000,-0.195125,0.030375,0.483579,-0.372129,0.092184,-3.141586,0.000015,-0.000065
15.124512,-2.139998,-0.395030,-13.165001,-0.073000,-0.195125,0.030375,0.483601,-0.372046,0.092186,-3.141583,0.000022,-0.000062
15.128512,-2.139998,-0.395038,-13.165001,-0.073000,-0.195125,0.030375,0.483627,-0.371961,0.092187,-3.141580,0.000029,-0.000048
15.132514,-2.139998,-0.395041,-13.165001,-0.073000,-0.195125,0.030375,0.483653,-0.371876,0.092191,-3.141579,0.000031,-0.000041
15.136512,-2.019998,-0.415039,-12.335001,-0.065000,-0.184125,0.029375,0.483679,-0.371792,0.092197,-3.141580,0.000030,-0.000026
15.140515,-2.019998,-0.415048,-12.335002,-0.064999,-0.184125,0.029375,0.483705,-0.371704,0.092199,-3.141577,0.000037,-0.000015
15.144512,-2.019998,-0.415052,-12.335002,-0.064999,-0.184125,0.029375,0.483730,-0.371616,0.092204,-3.141575,0.000040,-0.000009
15.148516,-2.019998,-0.415049,-12.335002,-0.064999,-0.184125,0.029375,0.483755,-0.371531,0.092209,-3.141576,0.000038,-0.000002
15.152511,-2.019998,-0.415052,-12.335002,-0.064999,-0.184125,0.029375,0.483782,-0.371444,0.092213,-3.141575,0.000040,0.000003
15.156512,-2.019998,-0.415056,-12.335002,-0.064999,-0.184125,0.029375,0.483808,-0.371357,0.092217,-3.141574,0.000043,0.000001
15.160511,-2.019998,-0.415059,-12.335002,-0.064999,-0.184125,0.029375,0.483836,-0.371270,0.092221,-3.141573,0.000046,0.000007
15.164512,-2.019998,-0.415054,-12.335002,-0.064999,-0.184125,0.029375,0.483864,-0.371183,0.092225,-3.141574,0.000042,0.000005
15.168513,-2.019998,-0.415057,-12.335002,-0.064999,-0.184125,0.029375,0.483891,-0.371096,0.092229,-3.141573,0.000045,0.000003
15.172512,-2.019998,-0.415064,-12.335002,-0.064999,-0.184125,0.029375,0.483915,-0.371011,0.092229,-3.141571,0.000050,-0.000003
15.176511,-1.979998,-0.285064,-11.535002,-0.064999,-0.174125,0.026375,0.483943,-0.370924,0.092231,-3.141571,0.000051,-0.000004
15.180514,-1.979998,-0.285071,-11.535002,-0.064999,-0.174125,0.026375,0.483968,-0.370837,0.092231,-3.141569,0.000056,-0.000013
15.184514,-1.979998,-0.285069,-11.535002,-0.064999,-0.174125,0.026375,0.483995,-0.370752,0.092230,-3.141569,0.000054,-0.000026
15.188515,-1.979998,-0.285076,-11.535003,-0.064999,-0.174125,0.026375,0.484020,-0.370665,0.092230,-3.141567,0.000060,-0.000034
15.192515,-1.979998,-0.285069,-11.535002,-0.064999,-0.174125,0.026375,0.484049,-0.370578,0.092232,-3.141569,0.000054,-0.000036
15.196512,-1.979998,-0.285075,-11.535003,-0.064999,-0.174125,0.026375,0.484072,-0.370493,0.092232,-3.141567,0.000059,-0.000042
15.200511,-1.979998,-0.285079,-11.535003,-0.064999,-0.174125,0.026375,0.484098,-0.370405,0.092230,-3.141566,0.000063,-0.000037
15.204514,-1.979998,-0.285086,-11.535003,-0.064999,-0.174125,0.026375,0.484124,-0.370318,0.092230,-3.141563,0.000068,-0.000038
15.208512,-1.979998,-0.285085,-11.535003,-0.064999,-0.174125,0.026375,0.484148,-0.370232,0.092231,-3.141564,0.000067,-0.000038
15.212512,-1.979998,-0.285084,-11.535003,-0.064999,-0.174125,0.026375,0.484174,-0.370145,0.092231,-3.141564,0.000067,-0.000032
15.216514,-1.699998,-0.375091,-10.685003,-0.060999,-0.152125,0.024375,0.484200,-0.370057,0.092231,-3.141562,0.000072,-0.000034
15.220513,-1.699998,-0.375090,-10.685003,-0.060999,-0.152125,0.024375,0.484226,-0.369970,0.092232,-3.141562,0.000071,-0.000029
15.224512,-1.699998,-0.375084,-10.685003,-0.060999,-0.152125,0.024375,0.484251,-0.369885,0.092235,-3.141564,0.000066,-0.000035
15.228514,-1.699998,-0.375091,-10.685003,-0.060999,-0.152125,0.024375,0.484276,-0.369797,0.092235,-3.141562,0.000072,-0.000030
15.232514,-1.699998,-0.375083,-10.685003,-0.060999,-0.152125,0.024375,0.484302,-0.369713,0.092237,-3.141564,0.000066,-0.000029
15.236511,-1.699998,-0.375082,-10.685003,-0.060999,-0.152125,0.024375,0.484329,-0.369629,0.092237,-3.141565,0.000064,-0.000029
15.240519,-1.699998,-0.375082,-10.685003,-0.060999,-0.152125,0.024375,0.484354,-0.369544,0.092238,-3.141565,0.000065,-0.000021
15.244512,-1.699998,-0.375077,-10.685003,-0.060999,-0.152125,0.024375,0.484380,-0.369463,0.092242,-3.141567,0.000060,-0.000025
15.248512,-1.699998,-0.375077,-10.685003,-0.060999,-0.152125,0.024375,0.484380,-0.369463,0.092242,-3.141567,0.000060,-0.000025
15.252512,-1.699998,-0.375069,-10.685002,-0.060999,-0.152125,0.024375,0.484407,-0.369378,0.092244,-3.141569,0.000055,-0.000025
15.256514,-1.599998,-0.345045,-10.365001,-0.060999,-0.145125,0.023375,0.484468,-0.369193,0.092254,-3.141578,0.000034,-0.000039
15.260512,-1.599998,-0.345045,-10.365001,-0.060999,-0.145125,0.023375,0.484468,-0.369193,0.092254,-3.141578,0.000034,-0.000039
15.264510,-1.599998,-0.345039,-10.365001,-0.061000,-0.145125,0.023375,0.484496,-0.369110,0.092257,-3.141580,0.000030,-0.000045
15.268516,-1.599999,-0.345026,-10.365001,-0.061000,-0.145125,0.023375,0.484523,-0.369028,0.092261,-3.141584,0.000019,-0.000056
15.272512,-1.599999,-0.345025,-10.365001,-0.061000,-0.145125,0.023375,0.484550,-0.368945,0.092262,-3.141585,0.000019,-0.000055
15.276512,-1.599999,-0.345026,-10.365001,-0.061000,-0.145125,0.023375,0.484576,-0.368860,0.092264,-3.141584,0.000019,-0.000055
15.280513,-1.599999,-0.345013,-10.365000,-0.061000,-0.145125,0.023375,0.484602,-0.368779,0.092268,-3.141589,0.000009,-0.000058
15.284512,-1.599999,-0.345007,-10.365000,-0.061000,-0.145125,0.023375,0.484630,-0.368695,0.092271,-3.141591,0.000004,-0.000051
15.288513,-1.599999,-0.345005,-10.365000,-0.061000,-0.145125,0.023375,0.484656,-0.368611,0.092271,-3.141592,0.000002,-0.000051
15.292514,-1.599999,-0.345005,-10.365000,-0.061000,-0.145125,0.023375,0.484707,-0.368445,0.092273,-3.141592,0.000003,-0.000054
15.296547,-1.599999,-0.345005,-10.365000,-0.061000,-0.145125,0.023375,0.484707,-0.368445,0.092273,-3.141592,0.000003,-0.000054
15.300542,-1.589999,-0.354998,-9.995000,-0.059000,-0.143125,0.023375,0.484760,-0.368276,0.092277,3.141591,-0.000004,-0.000059
15.304537,-1.589999,-0.354998,-9.995000,-0.059000,-0.143125,0.023375,0.484760,-0.368276,0.092277,3.141591,-0.000004,-0.000059
15.308539,-1.589999,-0.354991,-9.995000,-0.059000,-0.143125,0.023375,0.484787,-0.368192,0.092279,3.141589,-0.000009,-0.000065
15.312540,-1.589999,-0.354991,-9.995000,-0.059000,-0.143125,0.023375,0.484810,-0.368110,0.092281,3.141589,-0.000009,-0.000069
15.316539,-1.589999,-0.354991,-9.995000,-0.059000,-0.143125,0.023375,0.484838,-0.368026,0.092281,3.141589,-0.000009,-0.000069
15.320539,-1.589999,-0.354991,-9.995000,-0.059000,-0.143125,0.023375,0.484863,-0.367941,0.092283,3.141589,-0.000009,-0.000068
15.324514,-1.589999,-0.354992,-9.995000,-0.059000,-0.143125,0.023375,0.484887,-0.367859,0.092285,3.141589,-0.000008,-0.000079
15.328496,-1.589999,-0.354998,-9.995000,-0.059000,-0.143125,0.023375,0.484910,-0.367777,0.092284,3.141591,-0.000004,-0.000083
15.332513,-1.589999,-0.355003,-9.995000,-0.059000,-0.143125,0.023375,0.484936,-0.367692,0.092283,-3.141592,0.000001,-0.000089
15.336511,-1.439999,-0.394998,-9.185000,-0.048000,-0.133125,0.021375,0.484961,-0.367610,0.092286,3.141591,-0.000004,-0.000093
15.340512,-1.439999,-0.394997,-9.185000,-0.048000,-0.133125,0.021375,0.484988,-0.367527,0.092287,3.141591,-0.000004,-0.000092
15.344513,-1.439999,-0.395003,-9.185000,-0.048000,-0.133125,0.021375,0.485012,-0.367444,0.092286,-3.141592,0.000001,-0.000089
15.348512,-1.439999,-0.395010,-9.185000,-0.048000,-0.133125,0.021375,0.485037,-0.367362,0.092286,-3.141590,0.000006,-0.000086
15.352511,-1.439999,-0.395010,-9.185000,-0.048000,-0.133125,0.021375,0.485062,-0.367281,0.092287,-3.141590,0.000006,-0.000077
15.356512,-1.439999,-0.395003,-9.185000,-0.048000,-0.133125,0.021375,0.485090,-0.367200,0.092290,-3.141592,0.000001,-0.000067
15.360513,-1.439999,-0.395001,-9.185000,-0.048000,-0.133125,0.021375,0.485114,-0.367118,0.092289,3.141592,-0.000001,-0.000058
15.364510,-1.439999,-0.395002,-9.185000,-0.048000,-0.133125,0.021375,0.485140,-0.367037,0.092291,3.141593,-0.000000,-0.000055
15.368511,-1.439999,-0.395010,-9.185000,-0.048000,-0.133125,0.021375,0.485163,-0.366954,0.092292,-3.141590,0.000007,-0.000052
15.372512,-1.439999,-0.394996,-9.185000,-0.048000,-0.133125,0.021375,0.485191,-0.366873,0.092295,3.141591,-0.000005,-0.000083
15.376513,-1.429999,-0.345026,-8.635001,-0.048000,-0.127125,0.020375,0.485207,-0.366787,0.092287,-3.141584,0.000019,-0.000080
15.380513,-1.429999,-0.345013,-8.635000,-0.048000,-0.127125,0.020375,0.485247,-0.366686,0.092298,-3.141589,0.000009,-0.000043
15.384512,-1.429999,-0.345012,-8.635000,-0.048000,-0.127125,0.020375,0.485273,-0.366605,0.092299,-3.141589,0.000008,-0.000047
15.388515,-1.429999,-0.345019,-8.635000,-0.048000,-0.127125,0.020375,0.485299,-0.366521,0.092299,-3.141587,0.000014,-0.000047
15.392516,-1.429999,-0.345014,-8.635000,-0.048000,-0.127125,0.020375,0.485323,-0.366441,0.092302,-3.141589,0.000010,-0.000062
15.396512,-1.429999,-0.345021,-8.635001,-0.048000,-0.127125,0.020375,0.485348,-0.366359,0.092303,-3.141586,0.000015,-0.000072
15.400527,-1.429999,-0.345015,-8.635000,-0.048000,-0.127125,0.020375,0.485375,-0.366279,0.092305,-3.141588,0.000010,-0.000083
15.404512,-1.429999,-0.345014,-8.635000,-0.048000,-0.127125,0.020375,0.485400,-0.366197,0.092306,-3.141589,0.000010,-0.000087
15.408513,-1.429999,-0.345014,-8.635000,-0.048000,-0.127125,0.020375,0.485425,-0.366115,0.092307,-3.141589,0.000009,-0.000091
15.412512,-1.429999,-0.345026,-8.635001,-0.048000,-0.127125,0.020375,0.485450,-0.366033,0.092304,-3.141585,0.000019,-0.000088
15.416512,-1.339999,-0.265025,-8.255001,-0.051000,-0.116125,0.019375,0.485475,-0.365952,0.092305,-3.141585,0.000019,-0.000085
15.420513,-1.339999,-0.265031,-8.255001,-0.051000,-0.116125,0.019375,0.485498,-0.365869,0.092304,-3.141583,0.000024,-0.000082
15.424512,-1.339999,-0.265036,-8.255001,-0.051000,-0.116125,0.019375,0.485523,-0.365788,0.092302,-3.141581,0.000027,-0.000073
15.428512,-1.339999,-0.265046,-8.255002,-0.050999,-0.116125,0.019375,0.485546,-0.365705,0.092298,-3.141577,0.000036,-0.000056
15.432512,-1.339999,-0.265046,-8.255002,-0.050999,-0.116125,0.019375,0.485571,-0.365623,0.092299,-3.141578,0.000036,-0.000047
15.436517,-1.339999,-0.265051,-8.255002,-0.050999,-0.116125,0.019375,0.485598,-0.365539,0.092297,-3.141576,0.000040,-0.000033
15.440512,-1.339999,-0.265056,-8.255002,-0.050999,-0.116125,0.019375,0.485621,-0.365457,0.092296,-3.141574,0.000044,-0.000023
15.444513,-1.339999,-0.265061,-8.255002,-0.050999,-0.116125,0.019375,0.485645,-0.365375,0.092295,-3.141573,0.000048,-0.000014
15.448515,-1.339999,-0.265060,-8.255002,-0.050999,-0.116125,0.019375,0.485670,-0.365294,0.092295,-3.141573,0.000048,-0.000017
15.452512,-1.339999,-0.265064,-8.255002,-0.050999,-0.116125,0.019375,0.485695,-0.365209,0.092292,-3.141572,0.000050,-0.000010
15.456512,-1.319999,-0.275070,-7.805002,-0.047999,-0.111125,0.017375,0.485714,-0.365124,0.092292,-3.141570,0.000055,-0.000054
15.460511,-1.319999,-0.275068,-7.805002,-0.047999,-0.111125,0.017375,0.485745,-0.365046,0.092291,-3.141570,0.000054,-0.000025
15.464512,-1.319999,-0.275065,-7.805002,-0.047999,-0.111125,0.017375,0.485776,-0.364943,0.092290,-3.141571,0.000051,-0.000033
15.468517,-1.319999,-0.275063,-7.805002,-0.047999,-0.111125,0.017375,0.485794,-0.364882,0.092290,-3.141572,0.000049,-0.000039
15.472512,-1.319999,-0.275062,-7.805002,-0.047999,-0.111125,0.017375,0.485821,-0.364798,0.092291,-3.141572,0.000049,-0.000039
15.476509,-1.319999,-0.275059,-7.805002,-0.047999,-0.111125,0.017375,0.485848,-0.364714,0.092289,-3.141573,0.000047,-0.000045
15.480478,-1.319999,-0.275049,-7.805002,-0.047999,-0.111125,0.017375,0.485874,-0.364633,0.092289,-3.141577,0.000038,-0.000055
15.484512,-1.319999,-0.275048,-7.805002,-0.047999,-0.111125,0.017375,0.485899,-0.364551,0.092290,-3.141577,0.000038,-0.000059
15.488512,-1.319999,-0.275045,-7.805001,-0.047999,-0.111125,0.017375,0.485924,-0.364470,0.092288,-3.141578,0.000035,-0.000070
15.492512,-1.319999,-0.275042,-7.805001,-0.048000,-0.111125,0.017375,0.485951,-0.364386,0.092287,-3.141579,0.000033,-0.000069
15.496512,-1.289999,-0.325027,-7.885001,-0.047000,-0.112125,0.018375,0.485975,-0.364307,0.092289,-3.141584,0.000020,-0.000111
15.500512,-1.289999,-0.325040,-7.885001,-0.047000,-0.112125,0.018375,0.485993,-0.364223,0.092282,-3.141580,0.000031,-0.000108
15.504512,-1.289999,-0.325017,-7.885001,-0.047000,-0.112125,0.018375,0.486032,-0.364124,0.092291,-3.141588,0.000012,-0.000063
15.508511,-1.289999,-0.325022,-7.885001,-0.047000,-0.112125,0.018375,0.486059,-0.364040,0.092289,-3.141586,0.000016,-0.000042
15.512512,-1.289999,-0.325008,-7.885000,-0.047000,-0.112125,0.018375,0.486086,-0.363960,0.092292,-3.141591,0.000004,-0.000032
15.516514,-1.289999,-0.325005,-7.885000,-0.047000,-0.112125,0.018375,0.486111,-0.363878,0.092291,-3.141592,0.000002,-0.000016
15.520513,-1.289999,-0.324990,-7.885000,-0.047000,-0.112125,0.018375,0.486140,-0.363795,0.092294,3.141589,-0.000010,-0.000002
15.524512,-1.289999,-0.324996,-7.885000,-0.047000,-0.112125,0.018375,0.486163,-0.363713,0.092293,3.141591,-0.000005,0.000014
15.528511,-1.289999,-0.324987,-7.884999,-0.047000,-0.112125,0.018375,0.486190,-0.363632,0.092294,3.141588,-0.000012,0.000024
15.532519,-1.269999,-0.294987,-7.884999,-0.047000,-0.113125,0.017375,0.486217,-0.363549,0.092295,3.141587,-0.000013,0.000031
15.536512,-1.269999,-0.294978,-7.884999,-0.047000,-0.113125,0.017375,0.486242,-0.363467,0.092296,3.141585,-0.000019,0.000034
15.540512,-1.269999,-0.294976,-7.884999,-0.047000,-0.113125,0.017375,0.486269,-0.363383,0.092295,3.141584,-0.000022,0.000035
15.544512,-1.269999,-0.294975,-7.884999,-0.047000,-0.113125,0.017375,0.486295,-0.363300,0.092296,3.141583,-0.000022,0.000028
15.548513,-1.269999,-0.294972,-7.884999,-0.047000,-0.113125,0.017375,0.486320,-0.363218,0.092295,3.141582,-0.000025,0.000018
15.552512,-1.269999,-0.294977,-7.884999,-0.047000,-0.113125,0.017375,0.486346,-0.363134,0.092293,3.141584,-0.000021,0.000005
15.556512,-1.269999,-0.294969,-7.884999,-0.047000,-0.113125,0.017375,0.486371,-0.363053,0.092294,3.141581,-0.000027,-0.000006
15.560512,-1.269999,-0.294973,-7.884999,-0.047000,-0.113125,0.017375,0.486397,-0.362969,0.092292,3.141583,-0.000024,-0.000012
15.564512,-1.269999,-0.294965,-7.884999,-0.047000,-0.113125,0.017375,0.486423,-0.362887,0.092294,3.141580,-0.000030,-0.000029
15.568511,-1.269999,-0.294971,-7.884999,-0.047000,-0.113125,0.017375,0.486447,-0.362803,0.092293,3.141582,-0.000026,-0.000035
15.572512,-1.269999,-0.294970,-7.884999,-0.047000,-0.113125,0.017375,0.486472,-0.362721,0.092294,3.141582,-0.000026,-0.000053
15.576512,-1.279999,-0.274968,-7.574999,-0.044000,-0.112125,0.016375,0.486496,-0.362637,0.092293,3.141581,-0.000028,-0.000059
15.580519,-1.279999,-0.274979,-7.574999,-0.044000,-0.112125,0.016375,0.486520,-0.362552,0.092290,3.141585,-0.000019,-0.000058
15.584509,-1.279999,-0.274979,-7.574999,-0.044000,-0.112125,0.016375,0.486545,-0.362470,0.092290,3.141585,-0.000019,-0.000049
15.588474,-1.279999,-0.274978,-7.574999,-0.044000,-0.112125,0.016375,0.486569,-0.362389,0.092291,3.141585,-0.000020,-0.000039
15.592512,-1.279999,-0.274978,-7.574999,-0.044000,-0.112125,0.016375,0.486596,-0.362305,0.092292,3.141584,-0.000020,-0.000025
15.596512,-1.279999,-0.274975,-7.574999,-0.044000,-0.112125,0.016375,0.486621,-0.362223,0.092291,3.141583,-0.000022,-0.000009
15.600513,-1.279999,-0.274980,-7.574999,-0.044000,-0.112125,0.016375,0.486646,-0.362137,0.092290,3.141585,-0.000018,0.000010
15.604512,-1.279999,-0.274980,-7.574999,-0.044000,-0.112125,0.016375,0.486671,-0.362055,0.092291,3.141585,-0.000018,0.000013
15.608512,-1.279999,-0.274979,-7.574999,-0.044000,-0.112125,0.016375,0.486697,-0.361974,0.092291,3.141585,-0.000019,0.000016
15.612513,-1.289999,-0.254978,-7.414999,-0.043000,-0.112125,0.016375,0.486723,-0.361890,0.092291,3.141585,-0.000020,0.000030
15.616515,-1.289999,-0.254983,-7.414999,-0.043000,-0.112125,0.016375,0.486749,-0.361806,0.092290,3.141586,-0.000016,0.000037
15.620518,-1.289999,-0.254981,-7.414999,-0.043000,-0.112125,0.016375,0.486775,-0.361725,0.092289,3.141586,-0.000017,0.000026
15.624511,-1.289999,-0.254981,-7.414999,-0.043000,-0.112125,0.016375,0.486801,-0.361641,0.092290,3.141585,-0.000018,-0.000020
15.628515,-1.289999,-0.254978,-7.414999,-0.043000,-0.112125,0.016375,0.486823,-0.361556,0.092290,3.141585,-0.000020,-0.000033
15.632513,-1.289999,-0.254984,-7.414999,-0.043000,-0.112125,0.016375,0.486860,-0.361454,0.092289,3.141587,-0.000015,-0.000010
15.636512,-1.289999,-0.254977,-7.414999,-0.043000,-0.112125,0.016375,0.486889,-0.361368,0.092291,3.141584,-0.000020,-0.000025
15.640516,-1.289999,-0.254981,-7.414999,-0.043000,-0.112125,0.016375,0.486915,-0.361282,0.092288,3.141585,-0.000018,-0.000040
15.644512,-1.289999,-0.254980,-7.414999,-0.043000,-0.112125,0.016375,0.486943,-0.361196,0.092289,3.141585,-0.000018,-0.000055
15.648513,-1.289999,-0.254986,-7.414999,-0.043000,-0.112125,0.016375,0.486968,-0.361109,0.092288,3.141587,-0.000014,-0.000070
15.652515,-1.289999,-0.254985,-7.414999,-0.043000,-0.112125,0.016375,0.486998,-0.361021,0.092289,3.141587,-0.000014,-0.000081
15.656511,-1.289999,-0.254985,-7.414999,-0.043000,-0.112125,0.016375,0.486998,-0.361021,0.092289,3.141587,-0.000014,-0.000081
15.660511,-1.279999,-0.264983,-7.414999,-0.045000,-0.109125,0.016375,0.487024,-0.360934,0.092289,3.141586,-0.000016,-0.000089
15.664514,-1.279999,-0.264983,-7.414999,-0.045000,-0.109125,0.016375,0.487024,-0.360934,0.092289,3.141586,-0.000016,-0.000089
15.668512,-1.279999,-0.264997,-7.415000,-0.045000,-0.109125,0.016375,0.487081,-0.360737,0.092282,3.141591,-0.000004,-0.000085
15.672512,-1.279999,-0.265012,-7.415000,-0.045000,-0.109125,0.016375,0.487126,-0.360584,0.092276,-3.141589,0.000008,-0.000064
15.676512,-1.279999,-0.265015,-7.415001,-0.045000,-0.109125,0.016375,0.487151,-0.360497,0.092273,-3.141588,0.000011,-0.000052
15.680515,-1.279999,-0.265024,-7.415001,-0.045000,-0.109125,0.016375,0.487175,-0.360409,0.092268,-3.141585,0.000018,-0.000047
15.684510,-1.279999,-0.265035,-7.415001,-0.045000,-0.109125,0.016375,0.487200,-0.360322,0.092265,-3.141582,0.000027,-0.000035
15.688512,-1.279999,-0.265032,-7.415001,-0.045000,-0.109125,0.016375,0.487230,-0.360234,0.092264,-3.141583,0.000024,-0.000025
15.692510,-1.279999,-0.265035,-7.415001,-0.045000,-0.109125,0.016375,0.487255,-0.360147,0.092261,-3.141582,0.000027,-0.000027
15.696514,-1.209999,-0.225044,-7.435002,-0.046999,-0.104125,0.013375,0.487279,-0.360060,0.092256,-3.141579,0.000035,-0.000035
15.700512,-1.209999,-0.225047,-7.435002,-0.046999,-0.104125,0.013375,0.487305,-0.359973,0.092253,-3.141577,0.000037,-0.000037
15.704512,-1.209999,-0.225045,-7.435002,-0.046999,-0.104125,0.013375,0.487334,-0.359885,0.092252,-3.141578,0.000035,-0.000048
15.708519,-1.209999,-0.225042,-7.435001,-0.047000,-0.104125,0.013375,0.487362,-0.359799,0.092251,-3.141579,0.000032,-0.000056
15.712514,-1.209999,-0.225045,-7.435002,-0.046999,-0.104125,0.013375,0.487387,-0.359712,0.092248,-3.141578,0.000035,-0.000064
15.716512,-1.209999,-0.225045,-7.435002,-0.046999,-0.104125,0.013375,0.487387,-0.359712,0.092248,-3.141578,0.000035,-0.000064
15.720515,-1.209999,-0.225039,-7.435001,-0.047000,-0.104125,0.013375,0.487442,-0.359541,0.092245,-3.141580,0.000030,-0.000088
15.724514,-1.209999,-0.225036,-7.435001,-0.047000,-0.104125,0.013375,0.487470,-0.359455,0.092244,-3.141581,0.000028,-0.000103
15.728515,-1.209999,-0.225033,-7.435001,-0.047000,-0.104125,0.013375,0.487499,-0.359367,0.092243,-3.141582,0.000025,-0.000147
15.732515,-1.209999,-0.225021,-7.435001,-0.047000,-0.104125,0.013375,0.487536,-0.359259,0.092242,-3.141586,0.000016,-0.000108
15.736512,-1.209999,-0.225021,-7.435001,-0.047000,-0.104125,0.013375,0.487536,-0.359259,0.092242,-3.141586,0.000016,-0.000108
15.740513,-1.309999,-0.225011,-7.925000,-0.053000,-0.112125,0.015375,0.487564,-0.359173,0.092241,-3.141590,0.000007,-0.000110
15.744514,-1.309999,-0.225000,-7.925000,-0.053000,-0.112125,0.015375,0.487592,-0.359087,0.092241,3.141592,-0.000002,-0.000111
15.748518,-1.309999,-0.225002,-7.925000,-0.053000,-0.112125,0.015375,0.487621,-0.358999,0.092237,-3.141593,0.000000,-0.000095
15.752512,-1.309999,-0.224998,-7.925000,-0.053000,-0.112125,0.015375,0.487647,-0.358913,0.092234,3.141591,-0.000004,-0.000083
15.756512,-1.309999,-0.224995,-7.925000,-0.053000,-0.112125,0.015375,0.487674,-0.358827,0.092233,3.141590,-0.000006,-0.000071
15.760512,-1.309999,-0.224997,-7.925000,-0.053000,-0.112125,0.015375,0.487702,-0.358741,0.092229,3.141591,-0.000004,-0.000059
15.764514,-1.309999,-0.224992,-7.925000,-0.053000,-0.112125,0.015375,0.487729,-0.358652,0.092227,3.141589,-0.000008,-0.000050
15.768512,-1.309998,-0.224988,-7.924999,-0.053000,-0.112125,0.015375,0.487755,-0.358565,0.092225,3.141588,-0.000012,-0.000038
15.772515,-1.309999,-0.224991,-7.925000,-0.053000,-0.112125,0.015375,0.487807,-0.358390,0.092219,3.141590,-0.000007,-0.000030
15.776511,-1.309999,-0.224994,-7.925000,-0.053000,-0.112125,0.015375,0.487807,-0.358390,0.092219,3.141590,-0.000007,-0.000030
15.780512,-1.409999,-0.274997,-8.535000,-0.052000,-0.125125,0.018375,0.487833,-0.358303,0.092216,3.141591,-0.000004,-0.000038
15.784512,-1.409999,-0.275000,-8.535000,-0.052000,-0.125125,0.018375,0.487860,-0.358214,0.092213,3.141592,-0.000001,-0.000035
15.788511,-1.409999,-0.274998,-8.535000,-0.052000,-0.125125,0.018375,0.487885,-0.358128,0.092213,3.141591,-0.000003,-0.000044
15.792512,-1.409999,-0.274994,-8.535000,-0.052000,-0.125125,0.018375,0.487911,-0.358041,0.092210,3.141590,-0.000007,-0.000052
15.796512,-1.409999,-0.274992,-8.535000,-0.052000,-0.125125,0.018375,0.487938,-0.357952,0.092210,3.141589,-0.000008,-0.000063
15.800511,-1.409999,-0.275003,-8.535000,-0.052000,-0.125125,0.018375,0.487963,-0.357865,0.092206,-3.141592,0.000000,-0.000071
15.804547,-1.409999,-0.275000,-8.535000,-0.052000,-0.125125,0.018375,0.487992,-0.357777,0.092205,3.141592,-0.000002,-0.000082
15.808546,-1.409999,-0.275003,-8.535000,-0.052000,-0.125125,0.018375,0.488017,-0.357690,0.092202,-3.141592,0.000001,-0.000083
15.812538,-1.409999,-0.274995,-8.535000,-0.052000,-0.125125,0.018375,0.488045,-0.357605,0.092204,3.141590,-0.000006,-0.000085
15.816540,-1.529999,-0.315006,-8.945000,-0.054000,-0.132125,0.019375,0.488071,-0.357515,0.092200,-3.141592,0.000003,-0.000082
15.820533,-1.529999,-0.314996,-8.945000,-0.054000,-0.132125,0.019375,0.488100,-0.357430,0.092201,3.141591,-0.000005,-0.000077
15.824503,-1.529998,-0.314988,-8.944999,-0.054000,-0.132125,0.019375,0.488128,-0.357345,0.092202,3.141588,-0.000011,-0.000072
15.828525,-1.529998,-0.314985,-8.944999,-0.054000,-0.132125,0.019375,0.488155,-0.357259,0.092201,3.141587,-0.000014,-0.000067
15.832521,-1.529998,-0.314984,-8.944999,-0.054000,-0.132125,0.019375,0.488184,-0.357173,0.092201,3.141587,-0.000015,-0.000061
15.836521,-1.529998,-0.314977,-8.944999,-0.054000,-0.132125,0.019375,0.488213,-0.357088,0.092203,3.141584,-0.000020,-0.000050
15.840516,-1.529998,-0.314976,-8.944999,-0.054000,-0.132125,0.019375,0.488240,-0.357005,0.092203,3.141584,-0.000022,-0.000042
15.844515,-1.529998,-0.314975,-8.944999,-0.054000,-0.132125,0.019375,0.488263,-0.356923,0.092204,3.141584,-0.000022,-0.000033
15.848460,-1.529998,-0.314963,-8.944998,-0.054000,-0.132125,0.019375,0.488291,-0.356843,0.092209,3.141580,-0.000032,-0.000030
15.852507,-1.529998,-0.314967,-8.944998,-0.054000,-0.132125,0.019375,0.488314,-0.356762,0.092207,3.141581,-0.000029,-0.000027
15.856507,-1.529998,-0.314961,-8.944998,-0.054000,-0.132125,0.019375,0.488343,-0.356676,0.092209,3.141579,-0.000034,-0.000015
15.860507,-1.569998,-0.294953,-9.484998,-0.060001,-0.135125,0.020375,0.488375,-0.356575,0.092211,3.141577,-0.000040,-0.000010
15.864513,-1.569998,-0.294967,-9.484999,-0.060000,-0.135125,0.020375,0.488391,-0.356514,0.092209,3.141581,-0.000029,-0.000009
15.868512,-1.569998,-0.294970,-9.484999,-0.060000,-0.135125,0.020375,0.488423,-0.356410,0.092207,3.141582,-0.000026,-0.000006
15.872512,-1.569998,-0.294985,-9.485000,-0.060000,-0.135125,0.020375,0.488432,-0.356345,0.092200,3.141587,-0.000014,-0.000046
15.876512,-1.569998,-0.294954,-9.484998,-0.060001,-0.135125,0.020375,0.488468,-0.356265,0.092210,3.141577,-0.000040,-0.000059
15.880512,-1.569998,-0.294979,-9.484999,-0.060000,-0.135125,0.020375,0.488494,-0.356162,0.092204,3.141585,-0.000019,-0.000034
15.884476,-1.569999,-0.294997,-9.485000,-0.060000,-0.135125,0.020375,0.488516,-0.356077,0.092200,3.141591,-0.000004,-0.000033
15.888512,-1.569999,-0.295002,-9.485000,-0.060000,-0.135125,0.020375,0.488539,-0.355995,0.092198,3.141593,-0.000000,-0.000037
15.892512,-1.569999,-0.295013,-9.485001,-0.060000,-0.135125,0.020375,0.488562,-0.355911,0.092194,-3.141589,0.000009,-0.000037
15.896481,-1.569999,-0.285004,-9.535000,-0.063000,-0.133125,0.020375,0.488589,-0.355828,0.092195,-3.141592,0.000001,-0.000036
15.900515,-1.569999,-0.285014,-9.535000,-0.063000,-0.133125,0.020375,0.488611,-0.355745,0.092191,-3.141589,0.000010,-0.000040
15.904517,-1.569999,-0.285013,-9.535000,-0.063000,-0.133125,0.020375,0.488637,-0.355662,0.092191,-3.141589,0.000009,-0.000032
15.908517,-1.569999,-0.285024,-9.535001,-0.063000,-0.133125,0.020375,0.488658,-0.355580,0.092188,-3.141586,0.000018,-0.000030
15.912511,-1.569999,-0.285023,-9.535001,-0.063000,-0.133125,0.020375,0.488683,-0.355496,0.092189,-3.141586,0.000017,-0.000022
15.916511,-1.569999,-0.285022,-9.535001,-0.063000,-0.133125,0.020375,0.488710,-0.355413,0.092189,-3.141586,0.000016,-0.000022
15.920512,-1.569999,-0.285020,-9.535001,-0.063000,-0.133125,0.020375,0.488735,-0.355332,0.092188,-3.141587,0.000015,-0.000019
15.924545,-1.569999,-0.285019,-9.535001,-0.063000,-0.133125,0.020375,0.488762,-0.355249,0.092188,-3.141587,0.000014,-0.000011
15.928539,-1.569999,-0.285017,-9.535000,-0.063000,-0.133125,0.020375,0.488787,-0.355168,0.092188,-3.141588,0.000012,-0.000015
15.932562,-1.559999,-0.265008,-9.505000,-0.065000,-0.132125,0.020375,0.488814,-0.355085,0.092189,-3.141591,0.000005,-0.000015
15.936538,-1.499999,-0.225001,-9.745000,-0.069000,-0.131125,0.020375,0.488841,-0.355005,0.092191,3.141592,-0.000001,-0.000019
15.940539,-1.499999,-0.225004,-9.745000,-0.069000,-0.131125,0.020375,0.488868,-0.354921,0.092188,-3.141592,0.000002,-0.000018
15.944546,-1.499999,-0.224995,-9.745000,-0.069000,-0.131125,0.020375,0.488895,-0.354839,0.092189,3.141590,-0.000006,-0.000017
15.948538,-1.499998,-0.224985,-9.744999,-0.069000,-0.131125,0.020375,0.488921,-0.354761,0.092188,3.141587,-0.000014,-0.000026
15.952525,-1.499998,-0.224981,-9.744999,-0.069000,-0.131125,0.020375,0.488946,-0.354680,0.092186,3.141586,-0.000017,-0.000030
15.956512,-1.499998,-0.224979,-9.744999,-0.069000,-0.131125,0.020375,0.488974,-0.354598,0.092185,3.141585,-0.000019,-0.000029
15.960515,-1.499998,-0.224978,-9.744999,-0.069000,-0.131125,0.020375,0.488995,-0.354515,0.092179,3.141585,-0.000020,-0.000073
15.964513,-1.499998,-0.224971,-9.744999,-0.069000,-0.131125,0.020375,0.489033,-0.354416,0.092182,3.141583,-0.000026,-0.000041
15.968512,-1.499998,-0.224967,-9.744999,-0.069000,-0.131125,0.020375,0.489058,-0.354336,0.092180,3.141581,-0.000029,-0.000045
15.972512,-1.499998,-0.224971,-9.744999,-0.069000,-0.131125,0.020375,0.489084,-0.354252,0.092177,3.141582,-0.000026,-0.000045
15.976511,-1.579998,-0.354967,-10.224999,-0.065000,-0.141125,0.022375,0.489109,-0.354171,0.092175,3.141581,-0.000029,-0.000048
15.980511,-1.579998,-0.354963,-10.224998,-0.065000,-0.141125,0.022375,0.489136,-0.354088,0.092173,3.141580,-0.000032,-0.000041
15.984512,-1.579998,-0.354959,-10.224998,-0.065000,-0.141125,0.022375,0.489160,-0.354010,0.092171,3.141579,-0.000036,-0.000043
15.988512,-1.579998,-0.354957,-10.224998,-0.065000,-0.141125,0.022375,0.489186,-0.353927,0.092171,3.141578,-0.000037,-0.000035
15.992511,-1.579998,-0.354966,-10.224999,-0.065000,-0.141125,0.022375,0.489209,-0.353842,0.092165,3.141581,-0.000030,-0.000042
15.996513,-1.579998,-0.354968,-10.224999,-0.065000,-0.141125,0.022375,0.489232,-0.353760,0.092161,3.141581,-0.000028,-0.000045
16.000516,-1.579998,-0.354964,-10.224998,-0.065000,-0.141125,0.022375,0.489255,-0.353682,0.092159,3.141580,-0.000032,-0.000054
16.004510,-1.579998,-0.354968,-10.224999,-0.065000,-0.141125,0.022375,0.489280,-0.353598,0.092158,3.141582,-0.000028,-0.000053
16.008559,-1.579998,-0.354964,-10.224999,-0.065000,-0.141125,0.022375,0.489305,-0.353517,0.092156,3.141580,-0.000031,-0.000057
16.012480,-1.689998,-0.404969,-10.454999,-0.063000,-0.149125,0.023375,0.489328,-0.353435,0.092154,3.141582,-0.000027,-0.000068
16.016481,-1.689998,-0.404965,-10.454999,-0.063000,-0.149125,0.023375,0.489353,-0.353355,0.092152,3.141581,-0.000031,-0.000072
16.020508,-1.699998,-0.404961,-10.494998,-0.064000,-0.150125,0.023375,0.489379,-0.353272,0.092150,3.141579,-0.000034,-0.000071
16.024513,-1.699998,-0.404960,-10.494998,-0.064000,-0.150125,0.023375,0.489404,-0.353191,0.092150,3.141579,-0.000035,-0.000082
16.028513,-1.699998,-0.404962,-10.494998,-0.064000,-0.150125,0.023375,0.489429,-0.353107,0.092146,3.141580,-0.000033,-0.000081
16.032514,-1.699998,-0.404965,-10.494999,-0.064000,-0.150125,0.023375,0.489453,-0.353026,0.092143,3.141581,-0.000030,-0.000092
16.036511,-1.699998,-0.404956,-10.494998,-0.064000,-0.150125,0.023375,0.489481,-0.352941,0.092144,3.141578,-0.000038,-0.000087
16.040511,-1.699998,-0.404961,-10.494998,-0.064000,-0.150125,0.023375,0.489506,-0.352857,0.092142,3.141579,-0.000034,-0.000086
16.044511,-1.699998,-0.404971,-10.494999,-0.064000,-0.150125,0.023375,0.489531,-0.352770,0.092137,3.141582,-0.000026,-0.000081
16.048512,-1.699998,-0.404968,-10.494999,-0.064000,-0.150125,0.023375,0.489558,-0.352685,0.092136,3.141581,-0.000028,-0.000082
16.052514,-1.699998,-0.404966,-10.494999,-0.064000,-0.150125,0.023375,0.489587,-0.352597,0.092136,3.141581,-0.000030,-0.000073
16.056512,-1.819998,-0.384977,-11.234999,-0.066000,-0.161125,0.024375,0.489611,-0.352510,0.092133,3.141584,-0.000021,-0.000074
16.060517,-1.819998,-0.384967,-11.234999,-0.066000,-0.161125,0.024375,0.489647,-0.352403,0.092133,3.141581,-0.000029,-0.000069
16.064520,-1.819998,-0.384973,-11.234999,-0.066000,-0.161125,0.024375,0.489665,-0.352339,0.092131,3.141583,-0.000025,-0.000071
16.068512,-1.819998,-0.384962,-11.234999,-0.066000,-0.161125,0.024375,0.489701,-0.352231,0.092131,3.141580,-0.000033,-0.000072
16.072513,-1.819998,-0.384968,-11.234999,-0.066000,-0.161125,0.024375,0.489719,-0.352168,0.092130,3.141582,-0.000028,-0.000074
16.076512,-1.819998,-0.384967,-11.234999,-0.066000,-0.161125,0.024375,0.489746,-0.352082,0.092130,3.141581,-0.000029,-0.000076
16.080512,-1.819998,-0.384987,-11.235000,-0.066000,-0.161125,0.024375,0.489763,-0.351992,0.092121,3.141588,-0.000013,-0.000124
16.084478,-1.819998,-0.384970,-11.234999,-0.066000,-0.161125,0.024375,0.489806,-0.351888,0.092129,3.141582,-0.000027,-0.000092
16.088512,-1.819998,-0.384960,-11.234999,-0.066000,-0.161125,0.024375,0.489825,-0.351824,0.092129,3.141579,-0.000035,-0.000141
16.092512,-1.819998,-0.384979,-11.234999,-0.066000,-0.161125,0.024375,0.489857,-0.351715,0.092125,3.141585,-0.000019,-0.000109
16.096512,-1.949998,-0.474990,-11.864999,-0.070000,-0.167125,0.027375,0.489880,-0.351628,0.092121,3.141589,-0.000010,-0.000111
16.100513,-1.949999,-0.475000,-11.865000,-0.070000,-0.167125,0.027375,0.489904,-0.351541,0.092118,3.141592,-0.000001,-0.000112
16.104519,-1.949999,-0.475000,-11.865000,-0.070000,-0.167125,0.027375,0.489930,-0.351455,0.092119,3.141592,-0.000002,-0.000107
16.108514,-1.949999,-0.475012,-11.865000,-0.070000,-0.167125,0.027375,0.489953,-0.351371,0.092116,-3.141589,0.000008,-0.000106
16.112483,-1.949999,-0.475023,-11.865001,-0.070000,-0.167125,0.027375,0.489977,-0.351284,0.092112,-3.141586,0.000017,-0.000101
16.116478,-1.949999,-0.475027,-11.865001,-0.070000,-0.167125,0.027375,0.490002,-0.351198,0.092111,-3.141584,0.000021,-0.000089
16.120508,-1.950000,-0.475038,-11.865001,-0.070000,-0.167125,0.027375,0.490025,-0.351111,0.092107,-3.141581,0.000030,-0.000071
16.124511,-1.950000,-0.475045,-11.865001,-0.069999,-0.167125,0.027375,0.490051,-0.351025,0.092107,-3.141579,0.000036,-0.000066
16.128512,-1.950000,-0.475050,-11.865002,-0.069999,-0.167125,0.027375,0.490076,-0.350939,0.092105,-3.141577,0.000040,-0.000054
16.132511,-1.950000,-0.475043,-11.865001,-0.070000,-0.167125,0.027375,0.490104,-0.350853,0.092108,-3.141579,0.000034,-0.000042
16.136511,-1.940000,-0.425043,-12.245001,-0.077000,-0.167125,0.029375,0.490131,-0.350765,0.092109,-3.141580,0.000034,-0.000032
16.140511,-1.940000,-0.425049,-12.245002,-0.076999,-0.167125,0.029375,0.490155,-0.350678,0.092108,-3.141578,0.000038,-0.000034
16.144511,-1.940000,-0.425047,-12.245002,-0.076999,-0.167125,0.029375,0.490184,-0.350591,0.092108,-3.141578,0.000037,-0.000038
16.148516,-1.940000,-0.425047,-12.245002,-0.076999,-0.167125,0.029375,0.490211,-0.350503,0.092109,-3.141578,0.000037,-0.000042
16.152514,-1.940000,-0.425046,-12.245002,-0.076999,-0.167125,0.029375,0.490237,-0.350416,0.092109,-3.141579,0.000036,-0.000050
16.156512,-1.940000,-0.425040,-12.245001,-0.077000,-0.167125,0.029375,0.490266,-0.350329,0.092112,-3.141581,0.000031,-0.000054
16.160512,-1.940000,-0.425039,-12.245001,-0.077000,-0.167125,0.029375,0.490293,-0.350241,0.092113,-3.141581,0.000031,-0.000058
16.164512,-1.940000,-0.425039,-12.245001,-0.077000,-0.167125,0.029375,0.490319,-0.350155,0.092114,-3.141581,0.000030,-0.000073
16.168512,-1.940000,-0.425031,-12.245001,-0.077000,-0.167125,0.029375,0.490350,-0.350068,0.092115,-3.141583,0.000024,-0.000070
16.172512,-1.940000,-0.425031,-12.245001,-0.077000,-0.167125,0.029375,0.490350,-0.350068,0.092115,-3.141583,0.000024,-0.000070
16.176483,-2.069999,-0.405029,-12.625001,-0.080000,-0.176125,0.029375,0.490404,-0.349894,0.092116,-3.141584,0.000022,-0.000082
16.180487,-2.069999,-0.405021,-12.625001,-0.080000,-0.176125,0.029375,0.490430,-0.349809,0.092118,-3.141587,0.000016,-0.000090
16.184478,-2.069999,-0.405015,-12.625001,-0.080000,-0.176125,0.029375,0.490458,-0.349723,0.092120,-3.141589,0.000010,-0.000085
16.188487,-2.069999,-0.405014,-12.625001,-0.080000,-0.176125,0.029375,0.490485,-0.349635,0.092121,-3.141589,0.000010,-0.000076
16.192476,-2.069999,-0.405014,-12.625000,-0.080000,-0.176125,0.029375,0.490510,-0.349549,0.092122,-3.141589,0.000010,-0.000064
16.196477,-2.069999,-0.405006,-12.625000,-0.080000,-0.176125,0.029375,0.490538,-0.349461,0.092123,-3.141592,0.000003,-0.000054
16.200486,-2.069999,-0.405006,-12.625000,-0.080000,-0.176125,0.029375,0.490538,-0.349461,0.092123,-3.141592,0.000003,-0.000054
16.204486,-2.069999,-0.405005,-12.625000,-0.080000,-0.176125,0.029375,0.490590,-0.349287,0.092125,-3.141592,0.000002,-0.000060
16.208518,-2.069999,-0.405005,-12.625000,-0.080000,-0.176125,0.029375,0.490590,-0.349287,0.092125,-3.141592,0.000002,-0.000060
16.212511,-2.069999,-0.405009,-12.625000,-0.080000,-0.176125,0.029375,0.490607,-0.349197,0.092123,-3.141590,0.000006,-0.000048
16.216510,-1.939999,-0.495009,-12.545000,-0.073000,-0.176125,0.030375,0.490634,-0.349109,0.092124,-3.141590,0.000006,-0.000031
16.220483,-1.939999,-0.494996,-12.545000,-0.073000,-0.176125,0.030375,0.490675,-0.349004,0.092128,3.141591,-0.000005,0.000014
16.224513,-1.939999,-0.494995,-12.545000,-0.073000,-0.176125,0.030375,0.490702,-0.348915,0.092129,3.141590,-0.000006,0.000017
16.228486,-1.939998,-0.494993,-12.545000,-0.073000,-0.176125,0.030375,0.490756,-0.348742,0.092130,3.141590,-0.000007,-0.000002
16.232512,-1.939998,-0.494993,-12.545000,-0.073000,-0.176125,0.030375,0.490756,-0.348742,0.092130,3.141590,-0.000007,-0.000002
16.236512,-1.939998,-0.494993,-12.545000,-0.073000,-0.176125,0.030375,0.490782,-0.348653,0.092131,3.141590,-0.000008,-0.000006
16.240486,-1.939999,-0.494996,-12.545000,-0.073000,-0.176125,0.030375,0.490836,-0.348480,0.092129,3.141591,-0.000005,-0.000038
16.244512,-1.939999,-0.494996,-12.545000,-0.073000,-0.176125,0.030375,0.490836,-0.348480,0.092129,3.141591,-0.000005,-0.000038
16.248512,-1.939998,-0.494990,-12.545000,-0.073000,-0.176125,0.030375,0.490865,-0.348392,0.092131,3.141589,-0.000010,-0.000049
16.252486,-1.939998,-0.494988,-12.545000,-0.073000,-0.176125,0.030375,0.490922,-0.348220,0.092130,3.141587,-0.000014,-0.000074
16.256511,-1.939998,-0.494986,-12.544999,-0.073000,-0.176125,0.030375,0.490922,-0.348220,0.092130,3.141587,-0.000014,-0.000074
16.260511,-1.999998,-0.384986,-12.104999,-0.072000,-0.177125,0.029375,0.490952,-0.348133,0.092132,3.141587,-0.000014,-0.000085
16.264512,-1.999998,-0.384990,-12.105000,-0.072000,-0.177125,0.029375,0.490977,-0.348047,0.092130,3.141589,-0.000010,-0.000086
16.268511,-1.999998,-0.384990,-12.105000,-0.072000,-0.177125,0.029375,0.491007,-0.347960,0.092131,3.141589,-0.000010,-0.000077
16.272510,-1.999998,-0.384994,-12.105000,-0.072000,-0.177125,0.029375,0.491036,-0.347872,0.092128,3.141590,-0.000007,-0.000060
16.276512,-1.999998,-0.384986,-12.104999,-0.072000,-0.177125,0.029375,0.491065,-0.347788,0.092130,3.141588,-0.000013,-0.000042
16.280515,-1.999998,-0.384985,-12.104999,-0.072000,-0.177125,0.029375,0.491123,-0.347613,0.092131,3.141587,-0.000014,-0.000002
16.284483,-1.999998,-0.384985,-12.104999,-0.072000,-0.177125,0.029375,0.491123,-0.347613,0.092131,3.141587,-0.000014,-0.000002
16.288512,-1.999998,-0.384984,-12.104999,-0.072000,-0.177125,0.029375,0.491152,-0.347525,0.092131,3.141587,-0.000015,0.000007
16.292512,-1.999998,-0.384976,-12.104999,-0.072000,-0.177125,0.029375,0.491180,-0.347441,0.092133,3.141584,-0.000022,0.000012
16.296512,-1.999998,-0.384980,-12.104999,-0.072000,-0.177125,0.029375,0.491209,-0.347353,0.092130,3.141585,-0.000019,0.000015
16.300512,-1.969998,-0.444978,-11.854999,-0.068000,-0.174125,0.029375,0.491237,-0.347266,0.092130,3.141585,-0.000020,0.000011
16.304516,-1.969998,-0.444983,-11.854999,-0.068000,-0.174125,0.029375,0.491267,-0.347178,0.092128,3.141587,-0.000016,0.000008
16.308512,-1.969998,-0.444982,-11.854999,-0.068000,-0.174125,0.029375,0.491293,-0.347093,0.092128,3.141586,-0.000017,-0.000001
16.312518,-1.969998,-0.444988,-11.855000,-0.068000,-0.174125,0.029375,0.491321,-0.347005,0.092127,3.141588,-0.000012,-0.000059
16.316509,-1.969999,-0.444999,-11.855000,-0.068000,-0.174125,0.029375,0.491349,-0.346917,0.092124,3.141592,-0.000003,-0.000069
16.320510,-1.969999,-0.444998,-11.855000,-0.068000,-0.174125,0.029375,0.491386,-0.346808,0.092125,3.141591,-0.000003,-0.000046
16.324512,-1.969999,-0.444998,-11.855000,-0.068000,-0.174125,0.029375,0.491414,-0.346723,0.092126,3.141591,-0.000003,-0.000061
16.328513,-1.969999,-0.445008,-11.855000,-0.068000,-0.174125,0.029375,0.491439,-0.346637,0.092121,-3.141591,0.000005,-0.000083
16.332512,-1.969999,-0.445008,-11.855000,-0.068000,-0.174125,0.029375,0.491468,-0.346550,0.092122,-3.141591,0.000005,-0.000093
16.336512,-1.999999,-0.475008,-11.805000,-0.067000,-0.170125,0.029375,0.491495,-0.346467,0.092123,-3.141591,0.000005,-0.000099
16.340513,-1.999999,-0.475008,-11.805000,-0.067000,-0.170125,0.029375,0.491522,-0.346385,0.092125,-3.141591,0.000005,-0.000099
16.344511,-1.999999,-0.475005,-11.805000,-0.067000,-0.170125,0.029375,0.491548,-0.346302,0.092124,-3.141592,0.000003,-0.000091
16.348511,-1.999999,-0.475012,-11.805000,-0.067000,-0.170125,0.029375,0.491573,-0.346219,0.092123,-3.141590,0.000008,-0.000084
16.352510,-1.999999,-0.475012,-11.805000,-0.067000,-0.170125,0.029375,0.491598,-0.346138,0.092124,-3.141590,0.000008,-0.000068
16.356513,-1.999999,-0.475018,-11.805000,-0.067000,-0.170125,0.029375,0.491622,-0.346055,0.092123,-3.141588,0.000013,-0.000054
16.360518,-1.999999,-0.475012,-11.805000,-0.067000,-0.170125,0.029375,0.491649,-0.345975,0.092126,-3.141590,0.000008,-0.000044
16.364512,-1.999999,-0.475018,-11.805000,-0.067000,-0.170125,0.029375,0.491674,-0.345892,0.092125,-3.141588,0.000013,-0.000030
16.368510,-2.000000,-0.475029,-11.805001,-0.067000,-0.170125,0.029375,0.491698,-0.345809,0.092122,-3.141584,0.000022,-0.000023
16.372513,-2.000000,-0.475029,-11.805001,-0.067000,-0.170125,0.029375,0.491724,-0.345726,0.092123,-3.141584,0.000022,-0.000015
16.376519,-1.860000,-0.485035,-11.935001,-0.072000,-0.162125,0.029375,0.491749,-0.345643,0.092122,-3.141582,0.000027,-0.000015
16.380512,-1.860000,-0.485029,-11.935001,-0.072000,-0.162125,0.029375,0.491776,-0.345563,0.092125,-3.141584,0.000022,-0.000025
16.384517,-1.860000,-0.485040,-11.935001,-0.072000,-0.162125,0.029375,0.491800,-0.345480,0.092122,-3.141581,0.000032,-0.000032
16.388512,-1.860001,-0.485048,-11.935002,-0.071999,-0.162125,0.029375,0.491826,-0.345397,0.092122,-3.141578,0.000038,-0.000038
16.392512,-1.860001,-0.485054,-11.935002,-0.071999,-0.162125,0.029375,0.491850,-0.345313,0.092122,-3.141576,0.000043,-0.000044
16.396512,-1.860001,-0.485054,-11.935002,-0.071999,-0.162125,0.029375,0.491876,-0.345231,0.092123,-3.141576,0.000043,-0.000057
16.400512,-1.860001,-0.485054,-11.935002,-0.071999,-0.162125,0.029375,0.491903,-0.345148,0.092124,-3.141576,0.000043,-0.000063
16.404512,-1.860001,-0.485054,-11.935002,-0.071999,-0.162125,0.029375,0.491928,-0.345068,0.092125,-3.141576,0.000043,-0.000087
16.408512,-1.860001,-0.485054,-11.935002,-0.071999,-0.162125,0.029375,0.491955,-0.344983,0.092126,-3.141576,0.000043,-0.000129
16.412512,-1.860001,-0.485054,-11.935002,-0.071999,-0.162125,0.029375,0.491980,-0.344903,0.092127,-3.141576,0.000043,-0.000146
16.416518,-1.860001,-0.375059,-11.915002,-0.075999,-0.163125,0.028375,0.492012,-0.344797,0.092126,-3.141575,0.000048,-0.000112
16.420510,-1.860001,-0.375060,-11.915002,-0.075999,-0.163125,0.028375,0.492037,-0.344716,0.092127,-3.141575,0.000048,-0.000116
16.424525,-1.860001,-0.375048,-11.915002,-0.075999,-0.163125,0.028375,0.492067,-0.344632,0.092132,-3.141578,0.000038,-0.000104
16.428512,-1.860001,-0.375055,-11.915002,-0.075999,-0.163125,0.028375,0.492090,-0.344551,0.092132,-3.141576,0.000043,-0.000094
16.432513,-1.860001,-0.375048,-11.915002,-0.075999,-0.163125,0.028375,0.492118,-0.344469,0.092135,-3.141578,0.000038,-0.000073
16.436512,-1.860001,-0.375062,-11.915002,-0.075999,-0.163125,0.028375,0.492140,-0.344388,0.092133,-3.141574,0.000050,-0.000064
16.440512,-1.860001,-0.375056,-11.915002,-0.075999,-0.163125,0.028375,0.492168,-0.344306,0.092136,-3.141576,0.000045,-0.000050
16.444512,-1.860001,-0.375051,-11.915002,-0.075999,-0.163125,0.028375,0.492193,-0.344226,0.092140,-3.141577,0.000041,-0.000040
16.448512,-1.860001,-0.375051,-11.915002,-0.075999,-0.163125,0.028375,0.492219,-0.344143,0.092141,-3.141577,0.000041,-0.000026
16.452513,-1.860001,-0.375057,-11.915002,-0.075999,-0.163125,0.028375,0.492242,-0.344062,0.092140,-3.141575,0.000046,-0.000017
16.456512,-1.960001,-0.315046,-11.845002,-0.076999,-0.169125,0.027375,0.492271,-0.343980,0.092146,-3.141579,0.000036,-0.000009
16.460512,-1.960001,-0.315052,-11.845002,-0.076999,-0.169125,0.027375,0.492293,-0.343899,0.092145,-3.141577,0.000042,-0.000006
16.464511,-1.960000,-0.315041,-11.845001,-0.077000,-0.169125,0.027375,0.492322,-0.343818,0.092150,-3.141581,0.000032,-0.000006
16.468511,-1.960000,-0.315040,-11.845001,-0.077000,-0.169125,0.027375,0.492345,-0.343737,0.092150,-3.141581,0.000031,-0.000010
16.472512,-1.960000,-0.315035,-11.845001,-0.077000,-0.169125,0.027375,0.492380,-0.343632,0.092155,-3.141582,0.000027,-0.000016
16.476515,-1.960000,-0.315035,-11.845001,-0.077000,-0.169125,0.027375,0.492396,-0.343574,0.092155,-3.141583,0.000027,-0.000033
16.480513,-1.960000,-0.315036,-11.845001,-0.077000,-0.169125,0.027375,0.492420,-0.343490,0.092157,-3.141582,0.000028,-0.000046
16.484485,-1.960000,-0.315036,-11.845001,-0.077000,-0.169125,0.027375,0.492444,-0.343410,0.092158,-3.141582,0.000028,-0.000057
16.488513,-1.960000,-0.315031,-11.845001,-0.077000,-0.169125,0.027375,0.492471,-0.343328,0.092162,-3.141584,0.000024,-0.000070
16.492515,-1.960000,-0.315032,-11.845001,-0.077000,-0.169125,0.027375,0.492494,-0.343247,0.092164,-3.141583,0.000025,-0.000080
16.496522,-1.870000,-0.305036,-11.485001,-0.073000,-0.164125,0.026375,0.492513,-0.343161,0.092162,-3.141582,0.000028,-0.000113
16.500517,-1.870000,-0.305027,-11.485001,-0.073000,-0.164125,0.026375,0.492550,-0.343061,0.092169,-3.141585,0.000020,-0.000070
16.504529,-1.869999,-0.305016,-11.485001,-0.073000,-0.164125,0.026375,0.492577,-0.342981,0.092174,-3.141588,0.000011,-0.000060
16.508474,-1.869999,-0.305017,-11.485001,-0.073000,-0.164125,0.026375,0.492601,-0.342898,0.092176,-3.141588,0.000012,-0.000053
16.512512,-1.869999,-0.305017,-11.485001,-0.073000,-0.164125,0.026375,0.492625,-0.342817,0.092177,-3.141588,0.000012,-0.000043
16.516512,-1.870000,-0.305018,-11.485001,-0.073000,-0.164125,0.026375,0.492650,-0.342734,0.092179,-3.141588,0.000013,-0.000029
16.520517,-1.870000,-0.305024,-11.485001,-0.073000,-0.164125,0.026375,0.492672,-0.342653,0.092178,-3.141586,0.000018,-0.000026
16.524517,-1.869999,-0.305016,-11.485001,-0.073000,-0.164125,0.026375,0.492697,-0.342573,0.092180,-3.141588,0.000012,-0.000017
16.528512,-1.870000,-0.305022,-11.485001,-0.073000,-0.164125,0.026375,0.492721,-0.342489,0.092179,-3.141586,0.000017,-0.000009
16.532515,-1.870000,-0.305021,-11.485001,-0.073000,-0.164125,0.026375,0.492745,-0.342406,0.092179,-3.141587,0.000016,-0.000002
16.536512,-1.789999,-0.355008,-10.835000,-0.067000,-0.154125,0.025375,0.492773,-0.342322,0.092184,-3.141591,0.000005,0.000010
16.540514,-1.789999,-0.355008,-10.835000,-0.067000,-0.154125,0.025375,0.492773,-0.342322,0.092184,-3.141591,0.000005,0.000010
16.544512,-1.789999,-0.355005,-10.835000,-0.067000,-0.154125,0.025375,0.492824,-0.342153,0.092184,-3.141592,0.000003,0.000009
16.548512,-1.789999,-0.355000,-10.835000,-0.067000,-0.154125,0.025375,0.492851,-0.342068,0.092187,3.141592,-0.000002,0.000007
16.552525,-1.789998,-0.354993,-10.835000,-0.067000,-0.154125,0.025375,0.492879,-0.341984,0.092189,3.141590,-0.000008,-0.000001
16.556509,-1.789999,-0.354999,-10.835000,-0.067000,-0.154125,0.025375,0.492905,-0.341898,0.092188,3.141592,-0.000003,-0.000003
16.560511,-1.789999,-0.354999,-10.835000,-0.067000,-0.154125,0.025375,0.492905,-0.341898,0.092188,3.141592,-0.000003,-0.000003
16.564512,-1.789998,-0.354991,-10.835000,-0.067000,-0.154125,0.025375,0.492933,-0.341814,0.092190,3.141589,-0.000009,-0.000011
16.568496,-1.789998,-0.354994,-10.835000,-0.067000,-0.154125,0.025375,0.492979,-0.341641,0.092194,3.141590,-0.000007,-0.000068
16.572496,-1.789998,-0.354994,-10.835000,-0.067000,-0.154125,0.025375,0.492979,-0.341641,0.092194,3.141590,-0.000007,-0.000068
16.576494,-1.789998,-0.354994,-10.835000,-0.067000,-0.154125,0.025375,0.492979,-0.341641,0.092194,3.141590,-0.000007,-0.000068
16.580495,-1.789998,-0.354986,-10.834999,-0.067000,-0.154125,0.025375,0.493019,-0.341538,0.092196,3.141588,-0.000013,-0.000034
16.584494,-1.649998,-0.264986,-10.134999,-0.068000,-0.140125,0.022375,0.493046,-0.341454,0.092197,3.141588,-0.000013,-0.000035
16.588494,-1.639998,-0.254985,-10.104999,-0.068000,-0.139125,0.022375,0.493097,-0.341286,0.092198,3.141587,-0.000014,-0.000036
16.592494,-1.639998,-0.254984,-10.104999,-0.068000,-0.139125,0.022375,0.493123,-0.341200,0.092198,3.141587,-0.000016,-0.000025
16.596477,-1.639998,-0.254984,-10.104999,-0.068000,-0.139125,0.022375,0.493150,-0.341115,0.092199,3.141587,-0.000015,-0.000019
16.600475,-1.639998,-0.254990,-10.105000,-0.068000,-0.139125,0.022375,0.493174,-0.341032,0.092199,3.141589,-0.000010,-0.000026
16.604475,-1.639998,-0.254990,-10.105000,-0.068000,-0.139125,0.022375,0.493201,-0.340947,0.092200,3.141589,-0.000010,-0.000020
16.608494,-1.639999,-0.255002,-10.105000,-0.068000,-0.139125,0.022375,0.493224,-0.340861,0.092197,3.141593,-0.000000,-0.000022
16.612494,-1.579999,-0.295007,-9.685000,-0.065000,-0.133125,0.021375,0.493248,-0.340775,0.092195,-3.141591,0.000004,-0.000024
16.616475,-1.579999,-0.295007,-9.685000,-0.065000,-0.133125,0.021375,0.493248,-0.340775,0.092195,-3.141591,0.000004,-0.000024
16.620496,-1.579999,-0.295007,-9.685000,-0.065000,-0.133125,0.021375,0.493248,-0.340775,0.092195,-3.141591,0.000004,-0.000024
16.624478,-1.579999,-0.295002,-9.685000,-0.065000,-0.133125,0.021375,0.493275,-0.340690,0.092199,3.141592,-0.000001,-0.000019
16.628476,-1.579999,-0.295002,-9.685000,-0.065000,-0.133125,0.021375,0.493275,-0.340690,0.092199,3.141592,-0.000001,-0.000019
16.632511,-1.580000,-0.295020,-9.685001,-0.065000,-0.133125,0.021375,0.493323,-0.340518,0.092196,-3.141587,0.000015,-0.000008
16.636517,-1.580000,-0.295020,-9.685001,-0.065000,-0.133125,0.021375,0.493323,-0.340518,0.092196,-3.141587,0.000015,-0.000008
16.640512,-1.580000,-0.295021,-9.685001,-0.065000,-0.133125,0.021375,0.493374,-0.340350,0.092199,-3.141587,0.000016,-0.000023
16.644514,-1.580000,-0.295034,-9.685001,-0.065000,-0.133125,0.021375,0.493448,-0.340095,0.092199,-3.141583,0.000027,-0.000046
16.648511,-1.580000,-0.295034,-9.685001,-0.065000,-0.133125,0.021375,0.493473,-0.340013,0.092200,-3.141583,0.000027,-0.000092
16.652511,-1.580000,-0.295034,-9.685001,-0.065000,-0.133125,0.021375,0.493473,-0.340013,0.092200,-3.141583,0.000027,-0.000092
16.656511,-1.580000,-0.295034,-9.685001,-0.065000,-0.133125,0.021375,0.493473,-0.340013,0.092200,-3.141583,0.000027,-0.000092
16.660511,-1.580000,-0.295034,-9.685001,-0.065000,-0.133125,0.021375,0.493473,-0.340013,0.092200,-3.141583,0.000027,-0.000092
16.664511,-1.490001,-0.285040,-9.345001,-0.062000,-0.129125,0.021375,0.493580,-0.339656,0.092203,-3.141581,0.000032,-0.000051
16.668511,-1.490001,-0.285041,-9.345001,-0.062000,-0.129125,0.021375,0.493605,-0.339573,0.092204,-3.141581,0.000032,-0.000051
16.672513,-1.490001,-0.285046,-9.345002,-0.061999,-0.129125,0.021375,0.493632,-0.339488,0.092203,-3.141579,0.000036,-0.000052
16.676511,-1.490001,-0.285040,-9.345001,-0.062000,-0.129125,0.021375,0.493659,-0.339407,0.092206,-3.141581,0.000031,-0.000058
16.680511,-1.490001,-0.285040,-9.345001,-0.062000,-0.129125,0.021375,0.493659,-0.339407,0.092206,-3.141581,0.000031,-0.000058
16.684512,-1.490001,-0.285040,-9.345001,-0.062000,-0.129125,0.021375,0.493659,-0.339407,0.092206,-3.141581,0.000031,-0.000058
16.688511,-1.490001,-0.285040,-9.345001,-0.062000,-0.129125,0.021375,0.493659,-0.339407,0.092206,-3.141581,0.000031,-0.000058
16.692511,-1.490001,-0.285040,-9.345001,-0.062000,-0.129125,0.021375,0.493685,-0.339324,0.092207,-3.141581,0.000031,-0.000058
16.696476,-1.420000,-0.315026,-9.085001,-0.057000,-0.127125,0.019375,0.493792,-0.338990,0.092213,-3.141585,0.000020,-0.000073
16.700475,-1.420000,-0.315026,-9.085001,-0.057000,-0.127125,0.019375,0.493817,-0.338907,0.092214,-3.141585,0.000020,-0.000079
16.704475,-1.420000,-0.315026,-9.085001,-0.057000,-0.127125,0.019375,0.493842,-0.338825,0.092216,-3.141585,0.000020,-0.000086
16.708492,-1.420000,-0.315025,-9.085001,-0.057000,-0.127125,0.019375,0.493868,-0.338739,0.092215,-3.141586,0.000019,-0.000087
16.712457,-1.420000,-0.315025,-9.085001,-0.057000,-0.127125,0.019375,0.493893,-0.338657,0.092217,-3.141586,0.000019,-0.000093
16.716452,-1.420000,-0.315031,-9.085001,-0.057000,-0.127125,0.019375,0.493916,-0.338573,0.092216,-3.141584,0.000024,-0.000099
16.720452,-1.420000,-0.315023,-9.085001,-0.057000,-0.127125,0.019375,0.493943,-0.338489,0.092218,-3.141586,0.000018,-0.000094
16.724451,-1.420000,-0.315023,-9.085001,-0.057000,-0.127125,0.019375,0.493943,-0.338489,0.092218,-3.141586,0.000018,-0.000094
16.728451,-1.420000,-0.315028,-9.085001,-0.057000,-0.127125,0.019375,0.493992,-0.338320,0.092217,-3.141585,0.000022,-0.000089
16.732450,-1.420000,-0.315028,-9.085001,-0.057000,-0.127125,0.019375,0.494017,-0.338237,0.092218,-3.141585,0.000022,-0.000088
16.736452,-1.410000,-0.345033,-8.505001,-0.049000,-0.123125,0.019375,0.494042,-0.338155,0.092216,-3.141583,0.000026,-0.000081
16.740451,-1.410000,-0.345033,-8.505001,-0.049000,-0.123125,0.019375,0.494068,-0.338070,0.092217,-3.141583,0.000026,-0.000076
16.744452,-1.410001,-0.345044,-8.505002,-0.049000,-0.123125,0.019375,0.494090,-0.337989,0.092214,-3.141580,0.000035,-0.000073
16.748452,-1.410000,-0.345029,-8.505001,-0.049000,-0.123125,0.019375,0.494116,-0.337906,0.092216,-3.141584,0.000023,-0.000112
16.752452,-1.410001,-0.345043,-8.505002,-0.049000,-0.123125,0.019375,0.494145,-0.337803,0.092216,-3.141580,0.000034,-0.000076
16.756475,-1.410001,-0.345049,-8.505002,-0.048999,-0.123125,0.019375,0.494168,-0.337720,0.092215,-3.141578,0.000040,-0.000082
16.760455,-1.410001,-0.345042,-8.505002,-0.049000,-0.123125,0.019375,0.494194,-0.337637,0.092217,-3.141581,0.000033,-0.000088
16.764451,-1.410001,-0.345042,-8.505002,-0.049000,-0.123125,0.019375,0.494219,-0.337555,0.092218,-3.141581,0.000033,-0.000094
16.768450,-1.410001,-0.345042,-8.505002,-0.049000,-0.123125,0.019375,0.494244,-0.337472,0.092219,-3.141581,0.000033,-0.000100
16.772478,-1.410001,-0.345042,-8.505002,-0.049000,-0.123125,0.019375,0.494269,-0.337389,0.092220,-3.141581,0.000033,-0.000100
16.776481,-1.360000,-0.265031,-7.975001,-0.050000,-0.115125,0.017375,0.494297,-0.337308,0.092225,-3.141584,0.000024,-0.000106
16.780511,-1.360000,-0.265031,-7.975001,-0.050000,-0.115125,0.017375,0.494297,-0.337308,0.092225,-3.141584,0.000024,-0.000106
16.784546,-1.360001,-0.265036,-7.975001,-0.050000,-0.115125,0.017375,0.494321,-0.337225,0.092224,-3.141582,0.000028,-0.000139
16.788545,-1.360000,-0.265024,-7.975001,-0.050000,-0.115125,0.017375,0.494375,-0.337061,0.092229,-3.141586,0.000018,-0.000104
16.792545,-1.360000,-0.265023,-7.975001,-0.050000,-0.115125,0.017375,0.494401,-0.336981,0.092230,-3.141586,0.000017,-0.000108
16.796546,-1.359999,-0.265009,-7.975000,-0.050000,-0.115125,0.017375,0.494428,-0.336900,0.092233,-3.141590,0.000006,-0.000101
16.800549,-1.359999,-0.265008,-7.975000,-0.050000,-0.115125,0.017375,0.494455,-0.336818,0.092233,-3.141591,0.000005,-0.000093
16.804545,-1.359999,-0.265008,-7.975000,-0.050000,-0.115125,0.017375,0.494482,-0.336736,0.092234,-3.141591,0.000004,-0.000079
16.808531,-1.359999,-0.265007,-7.975000,-0.050000,-0.115125,0.017375,0.494508,-0.336654,0.092234,-3.141591,0.000004,-0.000065
16.812528,-1.359999,-0.264998,-7.975000,-0.050000,-0.115125,0.017375,0.494536,-0.336572,0.092235,3.141591,-0.000004,-0.000051
16.816530,-1.289998,-0.324997,-7.745000,-0.048000,-0.108125,0.016375,0.494562,-0.336490,0.092235,3.141591,-0.000004,-0.000077
16.820528,-1.289999,-0.325005,-7.745000,-0.048000,-0.108125,0.016375,0.494582,-0.336405,0.092229,-3.141592,0.000003,-0.000070
16.824514,-1.289997,-0.324980,-7.744999,-0.048000,-0.108125,0.016375,0.494617,-0.336327,0.092237,3.141586,-0.000019,-0.000063
16.828511,-1.289998,-0.324992,-7.745000,-0.048000,-0.108125,0.016375,0.494646,-0.336223,0.092234,3.141589,-0.000009,-0.000026
16.832456,-1.289998,-0.324986,-7.744999,-0.048000,-0.108125,0.016375,0.494676,-0.336137,0.092237,3.141588,-0.000014,-0.000023
16.836458,-1.289998,-0.324983,-7.744999,-0.048000,-0.108125,0.016375,0.494701,-0.336055,0.092236,3.141587,-0.000016,-0.000036
16.840472,-1.289998,-0.324994,-7.745000,-0.048000,-0.108125,0.016375,0.494727,-0.335967,0.092232,3.141590,-0.000007,-0.000040
16.844475,-1.289998,-0.324987,-7.744999,-0.048000,-0.108125,0.016375,0.494754,-0.335882,0.092234,3.141588,-0.000013,-0.000048
16.848475,-1.289998,-0.324998,-7.745000,-0.048000,-0.108125,0.016375,0.494778,-0.335796,0.092231,3.141591,-0.000004,-0.000056
16.852494,-1.289998,-0.324998,-7.745000,-0.048000,-0.108125,0.016375,0.494778,-0.335796,0.092231,3.141591,-0.000004,-0.000056
16.856499,-1.139999,-0.295002,-7.165000,-0.044000,-0.098125,0.014375,0.494831,-0.335621,0.092229,3.141592,-0.000000,-0.000071
16.860495,-1.139999,-0.295000,-7.165000,-0.044000,-0.098125,0.014375,0.494856,-0.335536,0.092229,3.141592,-0.000002,-0.000079
16.864494,-1.139999,-0.295012,-7.165000,-0.044000,-0.098125,0.014375,0.494878,-0.335450,0.092227,-3.141590,0.000008,-0.000081
16.868475,-1.140000,-0.295016,-7.165001,-0.044000,-0.098125,0.014375,0.494904,-0.335362,0.092224,-3.141589,0.000012,-0.000078
16.872494,-1.139999,-0.295013,-7.165000,-0.044000,-0.098125,0.014375,0.494930,-0.335277,0.092223,-3.141589,0.000009,-0.000073
16.876493,-1.139999,-0.295013,-7.165000,-0.044000,-0.098125,0.014375,0.494930,-0.335277,0.092223,-3.141589,0.000009,-0.000073
16.880495,-1.140000,-0.295024,-7.165001,-0.044000,-0.098125,0.014375,0.494961,-0.335169,0.092219,-3.141586,0.000018,-0.000061
16.884506,-1.140000,-0.295024,-7.165001,-0.044000,-0.098125,0.014375,0.494961,-0.335169,0.092219,-3.141586,0.000018,-0.000061
16.888517,-1.140000,-0.295024,-7.165001,-0.044000,-0.098125,0.014375,0.494961,-0.335169,0.092219,-3.141586,0.000018,-0.000061
16.892511,-1.140000,-0.295024,-7.165001,-0.044000,-0.098125,0.014375,0.494961,-0.335169,0.092219,-3.141586,0.000018,-0.000061
16.896514,-1.140000,-0.295024,-7.165001,-0.044000,-0.098125,0.014375,0.494961,-0.335169,0.092219,-3.141586,0.000018,-0.000061
16.900511,-1.140001,-0.295032,-7.165001,-0.044000,-0.098125,0.014375,0.495031,-0.334933,0.092216,-3.141584,0.000025,-0.000054
16.904516,-1.190000,-0.265027,-6.935001,-0.043000,-0.100125,0.013375,0.495120,-0.334658,0.092215,-3.141585,0.000020,0.000008
16.908510,-1.190000,-0.265027,-6.935001,-0.043000,-0.100125,0.013375,0.495120,-0.334658,0.092215,-3.141585,0.000020,0.000008
16.912512,-1.190000,-0.265027,-6.935001,-0.043000,-0.100125,0.013375,0.495120,-0.334658,0.092215,-3.141585,0.000020,0.000008
16.916514,-1.189999,-0.265009,-6.935000,-0.043000,-0.100125,0.013375,0.495233,-0.334316,0.092218,-3.141591,0.000005,-0.000003
16.920515,-1.189999,-0.265009,-6.935000,-0.043000,-0.100125,0.013375,0.495233,-0.334316,0.092218,-3.141591,0.000005,-0.000003
16.924512,-1.189999,-0.265014,-6.935000,-0.043000,-0.100125,0.013375,0.495259,-0.334231,0.092216,-3.141589,0.000010,-0.000018
16.928516,-1.189999,-0.265005,-6.935000,-0.043000,-0.100125,0.013375,0.495289,-0.334145,0.092217,-3.141592,0.000002,-0.000028
16.932512,-1.189999,-0.265004,-6.935000,-0.043000,-0.100125,0.013375,0.495317,-0.334061,0.092217,-3.141592,0.000002,-0.000043
16.936472,-1.189999,-0.265002,-6.935000,-0.043000,-0.100125,0.013375,0.495343,-0.333976,0.092216,3.141592,-0.000000,-0.000059
16.940509,-1.219998,-0.274986,-7.074999,-0.042000,-0.105125,0.013375,0.495373,-0.333890,0.092218,3.141588,-0.000014,-0.000069
16.944514,-1.219998,-0.274991,-7.074999,-0.042000,-0.105125,0.013375,0.495427,-0.333718,0.092211,3.141589,-0.000010,-0.000081
16.948511,-1.219998,-0.274991,-7.074999,-0.042000,-0.105125,0.013375,0.495427,-0.333718,0.092211,3.141589,-0.000010,-0.000081
16.952475,-1.219998,-0.274985,-7.074999,-0.042000,-0.105125,0.013375,0.495455,-0.333634,0.092207,3.141587,-0.000015,-0.000076
16.956476,-1.219998,-0.274991,-7.074999,-0.042000,-0.105125,0.013375,0.495481,-0.333546,0.092200,3.141589,-0.000009,-0.000053
16.960475,-1.219997,-0.274972,-7.074999,-0.042000,-0.105125,0.013375,0.495510,-0.333462,0.092199,3.141584,-0.000025,-0.000048
16.964475,-1.219997,-0.274972,-7.074999,-0.042000,-0.105125,0.013375,0.495538,-0.333375,0.092194,3.141584,-0.000025,-0.000032
16.968475,-1.219997,-0.274980,-7.074999,-0.042000,-0.105125,0.013375,0.495563,-0.333290,0.092188,3.141586,-0.000019,-0.000013
16.972494,-1.219997,-0.274981,-7.074999,-0.042000,-0.105125,0.013375,0.495589,-0.333203,0.092183,3.141586,-0.000018,0.000003
16.976494,-1.219997,-0.274981,-7.074999,-0.042000,-0.105125,0.013375,0.495589,-0.333203,0.092183,3.141586,-0.000018,0.000003
16.980494,-1.219997,-0.274981,-7.074999,-0.042000,-0.105125,0.013375,0.495615,-0.333118,0.092178,3.141586,-0.000018,0.000008
16.984494,-1.229998,-0.334986,-6.924999,-0.038000,-0.104125,0.014375,0.495665,-0.332945,0.092171,3.141588,-0.000014,0.000016
16.988499,-1.229998,-0.334983,-6.924999,-0.038000,-0.104125,0.014375,0.495692,-0.332858,0.092170,3.141587,-0.000016,0.000013
16.992494,-1.229998,-0.334983,-6.924999,-0.038000,-0.104125,0.014375,0.495692,-0.332858,0.092170,3.141587,-0.000016,0.000013
16.996492,-1.229998,-0.334995,-6.925000,-0.038000,-0.104125,0.014375,0.495717,-0.332770,0.092166,3.141590,-0.000006,0.000009
17.000494,-1.229998,-0.334995,-6.925000,-0.038000,-0.104125,0.014375,0.495717,-0.332770,0.092166,3.141590,-0.000006,0.000009
17.004495,-1.229999,-0.335006,-6.925000,-0.038000,-0.104125,0.014375,0.495794,-0.332512,0.092159,-3.141592,0.000003,-0.000032
17.008494,-1.229997,-0.334983,-6.924999,-0.038000,-0.104125,0.014375,0.495823,-0.332426,0.092162,3.141587,-0.000016,-0.000090
17.012494,-1.229999,-0.335009,-6.925000,-0.038000,-0.104125,0.014375,0.495852,-0.332317,0.092157,-3.141591,0.000005,-0.000071
17.016511,-1.229999,-0.335000,-6.925000,-0.038000,-0.104125,0.014375,0.495880,-0.332233,0.092158,3.141592,-0.000002,-0.000086
17.020511,-1.269999,-0.275003,-7.395000,-0.044000,-0.108125,0.015375,0.495905,-0.332148,0.092154,-3.141592,0.000000,-0.000101
17.024512,-1.269998,-0.274999,-7.395000,-0.044000,-0.108125,0.015375,0.495935,-0.332062,0.092152,3.141592,-0.000002,-0.000105
17.028511,-1.269999,-0.275002,-7.395000,-0.044000,-0.108125,0.015375,0.495960,-0.331977,0.092149,3.141593,-0.000000,-0.000100
17.032512,-1.269999,-0.275002,-7.395000,-0.044000,-0.108125,0.015375,0.495988,-0.331890,0.092143,3.141593,-0.000000,-0.000090
17.036512,-1.269999,-0.275002,-7.395000,-0.044000,-0.108125,0.015375,0.496012,-0.331808,0.092138,3.141593,-0.000000,-0.000083
17.040472,-1.269998,-0.274996,-7.395000,-0.044000,-0.108125,0.015375,0.496040,-0.331724,0.092134,3.141591,-0.000005,-0.000071
17.044510,-1.269998,-0.274995,-7.395000,-0.044000,-0.108125,0.015375,0.496066,-0.331642,0.092128,3.141591,-0.000006,-0.000057
17.048511,-1.269998,-0.274995,-7.395000,-0.044000,-0.108125,0.015375,0.496092,-0.331557,0.092123,3.141591,-0.000006,-0.000045
17.052511,-1.269997,-0.274984,-7.394999,-0.044000,-0.108125,0.015375,0.496119,-0.331475,0.092121,3.141587,-0.000015,-0.000038
17.056511,-1.419997,-0.234981,-8.204999,-0.054000,-0.116125,0.017375,0.496145,-0.331393,0.092120,3.141586,-0.000018,-0.000030
17.060512,-1.419997,-0.234977,-8.204999,-0.054000,-0.116125,0.017375,0.496172,-0.331309,0.092118,3.141585,-0.000021,-0.000025
17.064512,-1.419998,-0.234987,-8.204999,-0.054000,-0.116125,0.017375,0.496197,-0.331224,0.092114,3.141588,-0.000012,-0.000027
17.068515,-1.419997,-0.234979,-8.204999,-0.054000,-0.116125,0.017375,0.496224,-0.331142,0.092115,3.141586,-0.000020,-0.000033
17.072511,-1.419998,-0.234989,-8.204999,-0.054000,-0.116125,0.017375,0.496249,-0.331057,0.092111,3.141589,-0.000011,-0.000035
17.076511,-1.419997,-0.234981,-8.204999,-0.054000,-0.116125,0.017375,0.496275,-0.330975,0.092111,3.141586,-0.000018,-0.000054
17.080475,-1.419997,-0.234980,-8.204999,-0.054000,-0.116125,0.017375,0.496302,-0.330891,0.092112,3.141586,-0.000019,-0.000062
17.084475,-1.419997,-0.234977,-8.204999,-0.054000,-0.116125,0.017375,0.496326,-0.330809,0.092111,3.141585,-0.000021,-0.000075
17.088475,-1.419997,-0.234981,-8.204999,-0.054000,-0.116125,0.017375,0.496353,-0.330724,0.092108,3.141587,-0.000018,-0.000090
17.092496,-1.419998,-0.234985,-8.204999,-0.054000,-0.116125,0.017375,0.496375,-0.330641,0.092106,3.141588,-0.000015,-0.000110
17.096481,-1.389998,-0.324990,-9.074999,-0.058000,-0.121125,0.020375,0.496400,-0.330556,0.092104,3.141589,-0.000010,-0.000118
17.100502,-1.389998,-0.324987,-9.074999,-0.058000,-0.121125,0.020375,0.496426,-0.330471,0.092103,3.141588,-0.000012,-0.000113
17.104495,-1.389999,-0.324999,-9.075000,-0.058000,-0.121125,0.020375,0.496447,-0.330388,0.092100,3.141592,-0.000003,-0.000113
17.108499,-1.389998,-0.324996,-9.075000,-0.058000,-0.121125,0.020375,0.496471,-0.330305,0.092099,3.141591,-0.000005,-0.000112
17.112495,-1.389999,-0.325001,-9.075000,-0.058000,-0.121125,0.020375,0.496496,-0.330220,0.092098,3.141592,-0.000001,-0.000100
17.116495,-1.389999,-0.324999,-9.075000,-0.058000,-0.121125,0.020375,0.496522,-0.330135,0.092097,3.141592,-0.000003,-0.000088
17.120495,-1.389999,-0.325009,-9.075000,-0.058000,-0.121125,0.020375,0.496545,-0.330052,0.092093,-3.141591,0.000006,-0.000081
17.124500,-1.390000,-0.325013,-9.075000,-0.058000,-0.121125,0.020375,0.496569,-0.329967,0.092090,-3.141590,0.000009,-0.000062
17.128494,-1.389999,-0.324998,-9.075000,-0.058000,-0.121125,0.020375,0.496597,-0.329886,0.092093,3.141591,-0.000003,-0.000055
17.132493,-1.389999,-0.325008,-9.075000,-0.058000,-0.121125,0.020375,0.496621,-0.329801,0.092088,-3.141591,0.000005,-0.000043
17.136492,-1.549999,-0.265006,-9.655000,-0.063000,-0.136125,0.021375,0.496645,-0.329718,0.092088,-3.141592,0.000003,-0.000029
17.140494,-1.549999,-0.265010,-9.655000,-0.063000,-0.136125,0.021375,0.496671,-0.329636,0.092085,-3.141590,0.000006,-0.000022
17.144478,-1.549999,-0.265001,-9.655000,-0.063000,-0.136125,0.021375,0.496697,-0.329554,0.092086,3.141592,-0.000001,-0.000048
17.148512,-1.549999,-0.265005,-9.655000,-0.063000,-0.136125,0.021375,0.496722,-0.329472,0.092084,-3.141592,0.000003,-0.000014
17.152511,-1.549998,-0.264997,-9.655000,-0.063000,-0.136125,0.021375,0.496748,-0.329390,0.092085,3.141591,-0.000004,-0.000060
17.156516,-1.549999,-0.265008,-9.655000,-0.063000,-0.136125,0.021375,0.496778,-0.329288,0.092081,-3.141591,0.000005,-0.000030
17.160512,-1.549999,-0.265007,-9.655000,-0.063000,-0.136125,0.021375,0.496803,-0.329206,0.092081,-3.141591,0.000004,-0.000037
17.164512,-1.549999,-0.265011,-9.655000,-0.063000,-0.136125,0.021375,0.496828,-0.329124,0.092079,-3.141590,0.000007,-0.000049
17.168512,-1.549999,-0.265002,-9.655000,-0.063000,-0.136125,0.021375,0.496854,-0.329042,0.092080,3.141593,-0.000000,-0.000062
17.172511,-1.669999,-0.255000,-10.035000,-0.065000,-0.147125,0.022375,0.496882,-0.328960,0.092079,3.141592,-0.000002,-0.000075
17.176511,-1.669999,-0.254999,-10.035000,-0.065000,-0.147125,0.022375,0.496907,-0.328878,0.092079,3.141592,-0.000003,-0.000081
17.180513,-1.669998,-0.254991,-10.034999,-0.065000,-0.147125,0.022375,0.496933,-0.328797,0.092080,3.141589,-0.000010,-0.000081
17.184514,-1.669998,-0.254987,-10.034999,-0.065000,-0.147125,0.022375,0.496959,-0.328715,0.092078,3.141588,-0.000013,-0.000080
17.188511,-1.669998,-0.254986,-10.034999,-0.065000,-0.147125,0.022375,0.496984,-0.328633,0.092079,3.141588,-0.000013,-0.000073
17.192511,-1.669997,-0.254978,-10.034999,-0.065000,-0.147125,0.022375,0.497010,-0.328551,0.092080,3.141586,-0.000021,-0.000065
17.196516,-1.669997,-0.254982,-10.034999,-0.065000,-0.147125,0.022375,0.497035,-0.328469,0.092077,3.141587,-0.000017,-0.000051
17.200511,-1.669997,-0.254973,-10.034999,-0.065000,-0.147125,0.022375,0.497061,-0.328387,0.092078,3.141584,-0.000024,-0.000044
17.204512,-1.669996,-0.254970,-10.034999,-0.065000,-0.147125,0.022375,0.497086,-0.328305,0.092076,3.141583,-0.000027,-0.000030
17.208476,-1.669996,-0.254969,-10.034999,-0.065000,-0.147125,0.022375,0.497112,-0.328223,0.092077,3.141583,-0.000028,-0.000022
17.212475,-1.679997,-0.264973,-10.114999,-0.064000,-0.148125,0.022375,0.497136,-0.328141,0.092074,3.141584,-0.000025,-0.000015
17.216475,-1.689996,-0.294971,-10.324999,-0.064000,-0.149125,0.023375,0.497160,-0.328058,0.092073,3.141584,-0.000027,-0.000001
17.220494,-1.689997,-0.294975,-10.324999,-0.064000,-0.149125,0.023375,0.497185,-0.327976,0.092071,3.141585,-0.000023,-0.000000
17.224494,-1.689996,-0.294971,-10.324999,-0.064000,-0.149125,0.023375,0.497211,-0.327894,0.092069,3.141584,-0.000026,0.000007
17.228494,-1.689997,-0.294976,-10.324999,-0.064000,-0.149125,0.023375,0.497234,-0.327811,0.092068,3.141585,-0.000022,0.000008
17.232494,-1.689997,-0.294979,-10.324999,-0.064000,-0.149125,0.023375,0.497257,-0.327729,0.092064,3.141586,-0.000020,0.000001
17.236494,-1.689997,-0.294976,-10.324999,-0.064000,-0.149125,0.023375,0.497282,-0.327644,0.092063,3.141585,-0.000022,-0.000000
17.240502,-1.689998,-0.294987,-10.324999,-0.064000,-0.149125,0.023375,0.497308,-0.327557,0.092059,3.141588,-0.000013,0.000003
17.244494,-1.689997,-0.294984,-10.324999,-0.064000,-0.149125,0.023375,0.497333,-0.327472,0.092058,3.141587,-0.000015,-0.000053
17.248470,-1.689997,-0.294976,-10.324999,-0.064000,-0.149125,0.023375,0.497362,-0.327386,0.092059,3.141585,-0.000022,-0.000063
17.252475,-1.689998,-0.294990,-10.324999,-0.064000,-0.149125,0.023375,0.497379,-0.327298,0.092052,3.141589,-0.000010,-0.000072
17.256475,-1.719997,-0.314977,-10.444999,-0.066000,-0.148125,0.024375,0.497406,-0.327211,0.092056,3.141585,-0.000021,-0.000076
17.260475,-1.719996,-0.314969,-10.444998,-0.066000,-0.148125,0.024375,0.497446,-0.327107,0.092057,3.141583,-0.000028,-0.000030
17.264475,-1.719997,-0.314974,-10.444999,-0.066000,-0.148125,0.024375,0.497472,-0.327020,0.092056,3.141584,-0.000024,-0.000027
17.268494,-1.719997,-0.314984,-10.444999,-0.066000,-0.148125,0.024375,0.497498,-0.326932,0.092052,3.141587,-0.000015,-0.000031
17.272494,-1.719997,-0.314975,-10.444999,-0.066000,-0.148125,0.024375,0.497525,-0.326848,0.092052,3.141585,-0.000023,-0.000032
17.276511,-1.719997,-0.314974,-10.444999,-0.066000,-0.148125,0.024375,0.497551,-0.326764,0.092053,3.141585,-0.000023,-0.000027
17.280513,-1.719997,-0.314980,-10.444999,-0.066000,-0.148125,0.024375,0.497577,-0.326677,0.092051,3.141586,-0.000019,-0.000031
17.284511,-1.719997,-0.314980,-10.444999,-0.066000,-0.148125,0.024375,0.497577,-0.326677,0.092051,3.141586,-0.000019,-0.000031
17.288511,-1.719997,-0.314977,-10.444999,-0.066000,-0.148125,0.024375,0.497602,-0.326592,0.092050,3.141585,-0.000021,-0.000033
17.292512,-1.719997,-0.314975,-10.444999,-0.066000,-0.148125,0.024375,0.497632,-0.326506,0.092050,3.141585,-0.000023,-0.000030
17.296514,-1.719997,-0.314980,-10.444999,-0.066000,-0.148125,0.024375,0.497656,-0.326421,0.092048,3.141586,-0.000019,-0.000065
17.300514,-1.739997,-0.254982,-10.924999,-0.074000,-0.149125,0.024375,0.497709,-0.326250,0.092045,3.141587,-0.000017,-0.000017
17.304511,-1.739997,-0.254981,-10.924999,-0.074000,-0.149125,0.024375,0.497735,-0.326165,0.092045,3.141587,-0.000018,-0.000025
17.308497,-1.739997,-0.254978,-10.924999,-0.074000,-0.149125,0.024375,0.497761,-0.326078,0.092044,3.141586,-0.000020,-0.000022
17.312511,-1.739997,-0.254976,-10.924999,-0.074000,-0.149125,0.024375,0.497791,-0.325992,0.092044,3.141585,-0.000022,-0.000026
17.316517,-1.739997,-0.254982,-10.924999,-0.074000,-0.149125,0.024375,0.497815,-0.325907,0.092042,3.141587,-0.000017,-0.000034
17.320512,-1.739997,-0.254986,-10.924999,-0.074000,-0.149125,0.024375,0.497841,-0.325823,0.092040,3.141588,-0.000014,-0.000043
17.324512,-1.739997,-0.254977,-10.924999,-0.074000,-0.149125,0.024375,0.497870,-0.325737,0.092041,3.141586,-0.000021,-0.000047
17.328515,-1.739997,-0.254982,-10.924999,-0.074000,-0.149125,0.024375,0.497894,-0.325652,0.092039,3.141587,-0.000017,-0.000048
17.332514,-1.739997,-0.254981,-10.924999,-0.074000,-0.149125,0.024375,0.497922,-0.325565,0.092039,3.141587,-0.000018,-0.000045
17.336511,-1.789997,-0.324986,-11.334999,-0.074000,-0.155125,0.026375,0.497947,-0.325478,0.092038,3.141588,-0.000013,-0.000049
17.340493,-1.789997,-0.324985,-11.334999,-0.074000,-0.155125,0.026375,0.497975,-0.325391,0.092038,3.141588,-0.000014,-0.000053
17.344495,-1.789997,-0.324983,-11.334999,-0.074000,-0.155125,0.026375,0.498001,-0.325304,0.092037,3.141587,-0.000016,-0.000050
17.348510,-1.789997,-0.324982,-11.334999,-0.074000,-0.155125,0.026375,0.498029,-0.325218,0.092037,3.141587,-0.000017,-0.000054
17.352474,-1.789997,-0.324987,-11.334999,-0.074000,-0.155125,0.026375,0.498054,-0.325131,0.092036,3.141588,-0.000013,-0.000058
17.356475,-1.789998,-0.324992,-11.335000,-0.074000,-0.155125,0.026375,0.498081,-0.325041,0.092034,3.141590,-0.000008,-0.000057
17.360477,-1.789998,-0.324991,-11.335000,-0.074000,-0.155125,0.026375,0.498109,-0.324954,0.092035,3.141590,-0.000009,-0.000061
17.364497,-1.789998,-0.324991,-11.335000,-0.074000,-0.155125,0.026375,0.498109,-0.324954,0.092035,3.141590,-0.000009,-0.000061
17.368496,-1.789998,-0.324995,-11.335000,-0.074000,-0.155125,0.026375,0.498162,-0.324781,0.092033,3.141591,-0.000006,-0.000062
17.372494,-1.789998,-0.324995,-11.335000,-0.074000,-0.155125,0.026375,0.498162,-0.324781,0.092033,3.141591,-0.000006,-0.000062
17.376496,-1.849999,-0.384999,-11.795000,-0.075000,-0.163125,0.028375,0.498215,-0.324607,0.092032,3.141592,-0.000002,-0.000110
17.380494,-1.849999,-0.384999,-11.795000,-0.075000,-0.163125,0.028375,0.498215,-0.324607,0.092032,3.141592,-0.000002,-0.000110
17.384475,-1.849999,-0.385005,-11.795000,-0.075000,-0.163125,0.028375,0.498235,-0.324518,0.092031,-3.141592,0.000002,-0.000114
17.388494,-1.849999,-0.385003,-11.795000,-0.075000,-0.163125,0.028375,0.498261,-0.324431,0.092030,-3.141593,0.000000,-0.000118
17.392494,-1.849999,-0.385002,-11.795000,-0.075000,-0.163125,0.028375,0.498300,-0.324326,0.092030,3.141592,-0.000000,-0.000085
17.396499,-1.850000,-0.385014,-11.795001,-0.075000,-0.163125,0.028375,0.498325,-0.324239,0.092028,-3.141589,0.000010,-0.000089
17.400493,-1.850000,-0.385013,-11.795001,-0.075000,-0.163125,0.028375,0.498353,-0.324152,0.092028,-3.141590,0.000009,-0.000086
17.404486,-1.850000,-0.385018,-11.795001,-0.075000,-0.163125,0.028375,0.498378,-0.324065,0.092027,-3.141588,0.000014,-0.000090
17.408521,-1.850000,-0.385017,-11.795001,-0.075000,-0.163125,0.028375,0.498405,-0.323978,0.092027,-3.141588,0.000013,-0.000087
17.412511,-1.850001,-0.385030,-11.795001,-0.075000,-0.163125,0.028375,0.498432,-0.323889,0.092025,-3.141585,0.000024,-0.000080
17.416512,-1.950000,-0.475022,-12.225001,-0.071000,-0.172125,0.030375,0.498460,-0.323802,0.092026,-3.141587,0.000016,-0.000070
17.420511,-1.950000,-0.475021,-12.225001,-0.071000,-0.172125,0.030375,0.498487,-0.323716,0.092026,-3.141587,0.000016,-0.000067
17.424512,-1.950001,-0.475027,-12.225001,-0.071000,-0.172125,0.030375,0.498514,-0.323629,0.092026,-3.141586,0.000021,-0.000064
17.428511,-1.950001,-0.475026,-12.225001,-0.071000,-0.172125,0.030375,0.498541,-0.323543,0.092026,-3.141586,0.000020,-0.000068
17.432515,-1.950001,-0.475031,-12.225001,-0.071000,-0.172125,0.030375,0.498566,-0.323455,0.092024,-3.141584,0.000025,-0.000072
17.436520,-1.950001,-0.475024,-12.225001,-0.071000,-0.172125,0.030375,0.498621,-0.323282,0.092027,-3.141586,0.000019,-0.000093
17.440517,-1.950001,-0.475023,-12.225001,-0.071000,-0.172125,0.030375,0.498649,-0.323196,0.092028,-3.141587,0.000018,-0.000097
17.444512,-1.950001,-0.475030,-12.225001,-0.071000,-0.172125,0.030375,0.498674,-0.323111,0.092027,-3.141585,0.000023,-0.000105
17.448490,-1.950001,-0.475030,-12.225001,-0.071000,-0.172125,0.030375,0.498674,-0.323111,0.092027,-3.141585,0.000023,-0.000105
17.452516,-1.950001,-0.475029,-12.225001,-0.071000,-0.172125,0.030375,0.498701,-0.323025,0.092027,-3.141585,0.000023,-0.000103
17.456470,-2.080001,-0.445028,-12.585001,-0.075000,-0.180125,0.031375,0.498728,-0.322938,0.092028,-3.141585,0.000022,-0.000106
17.460511,-2.090000,-0.445021,-12.605000,-0.075000,-0.180125,0.031375,0.498758,-0.322852,0.092030,-3.141587,0.000016,-0.000104
17.464511,-2.090000,-0.445020,-12.605000,-0.075000,-0.180125,0.031375,0.498785,-0.322766,0.092030,-3.141588,0.000015,-0.000101
17.468495,-2.090000,-0.445019,-12.605000,-0.075000,-0.180125,0.031375,0.498811,-0.322681,0.092030,-3.141588,0.000014,-0.000102
17.472475,-2.090000,-0.445018,-12.605000,-0.075000,-0.180125,0.031375,0.498838,-0.322595,0.092030,-3.141588,0.000013,-0.000093
17.476475,-2.090000,-0.445017,-12.605000,-0.075000,-0.180125,0.031375,0.498865,-0.322508,0.092031,-3.141588,0.000013,-0.000083
17.480475,-2.090000,-0.445016,-12.605000,-0.075000,-0.180125,0.031375,0.498892,-0.322422,0.092031,-3.141589,0.000012,-0.000073
17.484494,-2.090000,-0.445013,-12.605000,-0.075000,-0.180125,0.031375,0.498926,-0.322316,0.092030,-3.141590,0.000009,-0.000061
17.488494,-2.090000,-0.445012,-12.605000,-0.075000,-0.180125,0.031375,0.498946,-0.322251,0.092029,-3.141590,0.000008,-0.000059
17.492497,-2.090000,-0.445010,-12.605000,-0.075000,-0.180125,0.031375,0.498975,-0.322165,0.092029,-3.141591,0.000006,-0.000049
17.496494,-2.089999,-0.475009,-12.735000,-0.076000,-0.178125,0.031375,0.499002,-0.322078,0.092029,-3.141591,0.000006,-0.000046
17.500493,-2.089999,-0.475008,-12.735000,-0.076000,-0.178125,0.031375,0.499029,-0.321992,0.092029,-3.141591,0.000005,-0.000050
17.504495,-2.089999,-0.475002,-12.735000,-0.076000,-0.178125,0.031375,0.499056,-0.321905,0.092032,3.141593,-0.000000,-0.000054
17.508492,-2.089998,-0.474995,-12.734999,-0.076000,-0.178125,0.031375,0.499085,-0.321820,0.092034,3.141591,-0.000006,-0.000058
17.512494,-2.089998,-0.474994,-12.734999,-0.076000,-0.178125,0.031375,0.499112,-0.321733,0.092034,3.141590,-0.000007,-0.000061
17.516494,-2.089999,-0.474999,-12.735000,-0.076000,-0.178125,0.031375,0.499137,-0.321646,0.092033,3.141592,-0.000003,-0.000065
17.520495,-2.089998,-0.474998,-12.735000,-0.076000,-0.178125,0.031375,0.499164,-0.321559,0.092033,3.141591,-0.000004,-0.000116
17.524493,-2.089997,-0.474985,-12.734999,-0.076000,-0.178125,0.031375,0.499187,-0.321471,0.092037,3.141588,-0.000015,-0.000120
17.528493,-2.089997,-0.474984,-12.734999,-0.076000,-0.178125,0.031375,0.499226,-0.321367,0.092037,3.141588,-0.000015,-0.000081
17.532510,-2.089997,-0.474983,-12.734999,-0.076000,-0.178125,0.031375,0.499253,-0.321280,0.092037,3.141587,-0.000016,-0.000085
17.536512,-1.929997,-0.544982,-12.824999,-0.077000,-0.171125,0.030375,0.499278,-0.321196,0.092038,3.141587,-0.000017,-0.000093
17.540511,-1.929998,-0.544994,-12.825000,-0.077000,-0.171125,0.030375,0.499303,-0.321111,0.092035,3.141590,-0.000007,-0.000088
17.544511,-1.929998,-0.544993,-12.824999,-0.077000,-0.171125,0.030375,0.499327,-0.321029,0.092035,3.141590,-0.000008,-0.000088
17.548512,-1.929997,-0.544987,-12.824999,-0.077000,-0.171125,0.030375,0.499351,-0.320947,0.092038,3.141588,-0.000013,-0.000080
17.552513,-1.929998,-0.544992,-12.824999,-0.077000,-0.171125,0.030375,0.499373,-0.320864,0.092036,3.141590,-0.000009,-0.000066
17.556509,-1.929998,-0.544991,-12.824999,-0.077000,-0.171125,0.030375,0.499398,-0.320780,0.092036,3.141589,-0.000010,-0.000048
17.560473,-1.929998,-0.544991,-12.824999,-0.077000,-0.171125,0.030375,0.499424,-0.320698,0.092038,3.141590,-0.000009,-0.000034
17.564509,-1.929998,-0.544990,-12.824999,-0.077000,-0.171125,0.030375,0.499449,-0.320614,0.092038,3.141589,-0.000010,-0.000015
17.568509,-1.929998,-0.544997,-12.825000,-0.077000,-0.171125,0.030375,0.499474,-0.320529,0.092037,3.141591,-0.000004,-0.000003
17.572511,-1.929998,-0.544990,-12.824999,-0.077000,-0.171125,0.030375,0.499500,-0.320448,0.092039,3.141589,-0.000010,0.000004
17.576511,-1.929998,-0.474995,-12.814999,-0.080000,-0.173125,0.029375,0.499523,-0.320363,0.092038,3.141591,-0.000006,0.000016
17.580513,-1.929998,-0.474996,-12.814999,-0.080000,-0.173125,0.029375,0.499550,-0.320279,0.092039,3.141591,-0.000006,0.000015
17.584511,-1.929998,-0.474997,-12.814999,-0.080000,-0.173125,0.029375,0.499574,-0.320197,0.092041,3.141591,-0.000004,0.000008
17.588511,-1.929998,-0.474990,-12.814999,-0.080000,-0.173125,0.029375,0.499601,-0.320113,0.092043,3.141589,-0.000010,0.000007
17.592511,-1.929998,-0.474992,-12.814999,-0.080000,-0.173125,0.029375,0.499626,-0.320029,0.092046,3.141590,-0.000009,-0.000008
17.596475,-1.929998,-0.474991,-12.814999,-0.080000,-0.173125,0.029375,0.499650,-0.319947,0.092046,3.141589,-0.000010,-0.000021
17.600475,-1.929997,-0.474986,-12.814999,-0.080000,-0.173125,0.029375,0.499677,-0.319863,0.092050,3.141588,-0.000014,-0.000036
17.604495,-1.929997,-0.474986,-12.814999,-0.080000,-0.173125,0.029375,0.499677,-0.319863,0.092050,3.141588,-0.000014,-0.000036
17.608492,-1.929997,-0.474981,-12.814999,-0.080000,-0.173125,0.029375,0.499728,-0.319697,0.092054,3.141587,-0.000018,-0.000057
17.612494,-2.049997,-0.354981,-12.814999,-0.084000,-0.180125,0.030375,0.499755,-0.319614,0.092055,3.141587,-0.000018,-0.000066
17.616494,-2.049996,-0.354977,-12.814999,-0.084000,-0.180125,0.030375,0.499780,-0.319532,0.092059,3.141586,-0.000022,-0.000079
17.620494,-2.049996,-0.354976,-12.814999,-0.084000,-0.180125,0.030375,0.499805,-0.319448,0.092059,3.141585,-0.000022,-0.000080
17.624494,-2.049997,-0.354984,-12.814999,-0.084000,-0.180125,0.030375,0.499831,-0.319364,0.092060,3.141588,-0.000016,-0.000075
17.628494,-2.049996,-0.354979,-12.814999,-0.084000,-0.180125,0.030375,0.499858,-0.319280,0.092064,3.141586,-0.000019,-0.000050
17.632494,-2.049997,-0.354980,-12.814999,-0.084000,-0.180125,0.030375,0.499884,-0.319198,0.092065,3.141586,-0.000019,-0.000036
17.636499,-2.049997,-0.354980,-12.814999,-0.084000,-0.180125,0.030375,0.499909,-0.319117,0.092066,3.141587,-0.000019,-0.000015
17.640494,-2.049997,-0.354981,-12.814999,-0.084000,-0.180125,0.030375,0.499935,-0.319033,0.092068,3.141587,-0.000018,-0.000003
17.644494,-2.049996,-0.354976,-12.814999,-0.084000,-0.180125,0.030375,0.499961,-0.318951,0.092072,3.141586,-0.000022,0.000011
17.648494,-2.049997,-0.354983,-12.814999,-0.084000,-0.180125,0.030375,0.499984,-0.318869,0.092071,3.141587,-0.000016,-0.000015
17.652494,-2.049995,-0.354968,-12.814998,-0.084000,-0.180125,0.030375,0.500010,-0.318788,0.092074,3.141583,-0.000029,-0.000008
17.656499,-1.999998,-0.414991,-12.644999,-0.078000,-0.176125,0.028375,0.500027,-0.318704,0.092073,3.141589,-0.000010,-0.000014
17.660495,-1.999998,-0.414991,-12.644999,-0.078000,-0.176125,0.028375,0.500064,-0.318604,0.092074,3.141590,-0.000009,0.000023
17.664485,-1.999998,-0.414998,-12.644999,-0.078000,-0.176125,0.028375,0.500087,-0.318522,0.092074,3.141591,-0.000004,0.000016
17.668516,-1.999999,-0.415007,-12.645000,-0.078000,-0.176125,0.028375,0.500109,-0.318439,0.092075,-3.141591,0.000004,0.000004
17.672509,-1.999999,-0.415007,-12.645000,-0.078000,-0.176125,0.028375,0.500134,-0.318358,0.092077,-3.141591,0.000004,-0.000016
17.676511,-1.999999,-0.415010,-12.645000,-0.078000,-0.176125,0.028375,0.500161,-0.318274,0.092080,-3.141590,0.000007,-0.000024
17.680510,-2.000000,-0.415011,-12.645000,-0.078000,-0.176125,0.028375,0.500186,-0.318192,0.092081,-3.141590,0.000007,-0.000037
17.684513,-2.000000,-0.415017,-12.645000,-0.078000,-0.176125,0.028375,0.500209,-0.318110,0.092081,-3.141588,0.000013,-0.000057
17.688510,-2.000000,-0.415018,-12.645000,-0.078000,-0.176125,0.028375,0.500234,-0.318028,0.092082,-3.141588,0.000013,-0.000070
17.692512,-2.000002,-0.465032,-12.455001,-0.075000,-0.173125,0.028375,0.500256,-0.317946,0.092081,-3.141584,0.000025,-0.000082
17.696484,-2.000002,-0.465033,-12.455001,-0.075000,-0.173125,0.028375,0.500281,-0.317864,0.092082,-3.141584,0.000026,-0.000089
17.700527,-2.040002,-0.435033,-12.275001,-0.075000,-0.173125,0.028375,0.500306,-0.317783,0.092084,-3.141584,0.000026,-0.000088
17.704512,-2.040002,-0.435040,-12.275002,-0.075000,-0.173125,0.028375,0.500330,-0.317698,0.092083,-3.141582,0.000032,-0.000083
17.708525,-2.040003,-0.435045,-12.275002,-0.074999,-0.173125,0.028375,0.500353,-0.317619,0.092082,-3.141581,0.000037,-0.000080
17.712512,-2.040002,-0.435041,-12.275002,-0.075000,-0.173125,0.028375,0.500379,-0.317537,0.092086,-3.141582,0.000033,-0.000073
17.716511,-2.040003,-0.435049,-12.275002,-0.074999,-0.173125,0.028375,0.500404,-0.317453,0.092086,-3.141580,0.000040,-0.000061
17.720512,-2.040003,-0.435043,-12.275002,-0.075000,-0.173125,0.028375,0.500431,-0.317372,0.092089,-3.141581,0.000035,-0.000047
17.724517,-2.040003,-0.435044,-12.275002,-0.075000,-0.173125,0.028375,0.500455,-0.317293,0.092091,-3.141581,0.000035,-0.000044
17.728494,-2.040004,-0.435052,-12.275002,-0.074999,-0.173125,0.028375,0.500481,-0.317209,0.092091,-3.141579,0.000042,-0.000032
17.732494,-2.040004,-0.435052,-12.275002,-0.074999,-0.173125,0.028375,0.500505,-0.317127,0.092093,-3.141579,0.000043,-0.000031
17.736494,-2.010004,-0.315053,-12.055002,-0.081999,-0.167125,0.026375,0.500532,-0.317043,0.092094,-3.141579,0.000043,-0.000033
17.740496,-2.010003,-0.315042,-12.055001,-0.082000,-0.167125,0.026375,0.500562,-0.316958,0.092100,-3.141582,0.000034,-0.000037
17.744494,-2.010004,-0.315050,-12.055002,-0.081999,-0.167125,0.026375,0.500589,-0.316872,0.092100,-3.141580,0.000041,-0.000041
17.748496,-2.010003,-0.315046,-12.055002,-0.081999,-0.167125,0.026375,0.500617,-0.316786,0.092104,-3.141581,0.000037,-0.000051
17.752498,-2.010003,-0.315046,-12.055002,-0.081999,-0.167125,0.026375,0.500645,-0.316699,0.092106,-3.141581,0.000038,-0.000062
17.756494,-2.010002,-0.315036,-12.055001,-0.082000,-0.167125,0.026375,0.500675,-0.316614,0.092111,-3.141583,0.000029,-0.000072
17.760495,-2.010003,-0.315044,-12.055002,-0.082000,-0.167125,0.026375,0.500703,-0.316526,0.092112,-3.141581,0.000036,-0.000079
17.764494,-2.010003,-0.315044,-12.055002,-0.082000,-0.167125,0.026375,0.500729,-0.316442,0.092113,-3.141581,0.000036,-0.000094
17.768472,-2.010002,-0.315037,-12.055001,-0.082000,-0.167125,0.026375,0.500758,-0.316356,0.092115,-3.141583,0.000030,-0.000104
17.772476,-2.010002,-0.315038,-12.055001,-0.082000,-0.167125,0.026375,0.500785,-0.316270,0.092117,-3.141583,0.000031,-0.000108
17.776478,-1.960002,-0.355031,-11.895001,-0.081000,-0.163125,0.026375,0.500812,-0.316186,0.092119,-3.141585,0.000025,-0.000116
17.780495,-1.960002,-0.355031,-11.895001,-0.081000,-0.163125,0.026375,0.500839,-0.316100,0.092120,-3.141585,0.000025,-0.000107
17.784495,-1.960002,-0.355038,-11.895001,-0.081000,-0.163125,0.026375,0.500865,-0.316013,0.092119,-3.141583,0.000031,-0.000097
17.788494,-1.960002,-0.355036,-11.895001,-0.081000,-0.163125,0.026375,0.500891,-0.315929,0.092119,-3.141583,0.000029,-0.000092
17.792511,-1.960003,-0.355043,-11.895002,-0.081000,-0.163125,0.026375,0.500917,-0.315842,0.092118,-3.141582,0.000035,-0.000082
17.796511,-1.960002,-0.355036,-11.895001,-0.081000,-0.163125,0.026375,0.500945,-0.315757,0.092120,-3.141584,0.000029,-0.000106
17.800512,-1.960004,-0.355053,-11.895002,-0.080999,-0.163125,0.026375,0.500963,-0.315670,0.092115,-3.141579,0.000043,-0.000101
17.804511,-1.960004,-0.355054,-11.895002,-0.080999,-0.163125,0.026375,0.501001,-0.315563,0.092117,-3.141579,0.000044,-0.000051
17.808488,-1.960003,-0.355042,-11.895002,-0.081000,-0.163125,0.026375,0.501028,-0.315480,0.092122,-3.141582,0.000034,-0.000053
17.812511,-1.960004,-0.355049,-11.895002,-0.080999,-0.163125,0.026375,0.501054,-0.315393,0.092122,-3.141580,0.000040,-0.000050
17.816511,-1.770004,-0.445049,-11.485002,-0.071999,-0.156125,0.024375,0.501081,-0.315307,0.092123,-3.141580,0.000040,-0.000047
17.820511,-1.770004,-0.445056,-11.485002,-0.071999,-0.156125,0.024375,0.501106,-0.315220,0.092123,-3.141578,0.000046,-0.000051
17.824516,-1.770005,-0.445063,-11.485003,-0.071999,-0.156125,0.024375,0.501130,-0.315135,0.092122,-3.141576,0.000051,-0.000059
17.828512,-1.770004,-0.445051,-11.485002,-0.071999,-0.156125,0.024375,0.501158,-0.315049,0.092127,-3.141580,0.000041,-0.000063
17.832512,-1.770004,-0.445051,-11.485002,-0.071999,-0.156125,0.024375,0.501158,-0.315049,0.092127,-3.141580,0.000041,-0.000063
17.836511,-1.770005,-0.445059,-11.485002,-0.071999,-0.156125,0.024375,0.501210,-0.314874,0.092128,-3.141577,0.000048,-0.000080
17.840512,-1.770004,-0.445058,-11.485002,-0.071999,-0.156125,0.024375,0.501236,-0.314787,0.092129,-3.141578,0.000047,-0.000097
17.844512,-1.770004,-0.445052,-11.485002,-0.071999,-0.156125,0.024375,0.501264,-0.314698,0.092131,-3.141579,0.000042,-0.000096
17.848512,-1.770004,-0.445053,-11.485002,-0.071999,-0.156125,0.024375,0.501291,-0.314609,0.092134,-3.141579,0.000044,-0.000096
17.852511,-1.870005,-0.345060,-11.335002,-0.072999,-0.160125,0.024375,0.501317,-0.314520,0.092133,-3.141577,0.000049,-0.000088
17.856494,-1.870004,-0.345054,-11.335002,-0.072999,-0.160125,0.024375,0.501343,-0.314434,0.092136,-3.141579,0.000044,-0.000085
17.860494,-1.870004,-0.345054,-11.335002,-0.072999,-0.160125,0.024375,0.501372,-0.314345,0.092137,-3.141579,0.000044,-0.000078
17.864494,-1.870003,-0.345042,-11.335002,-0.073000,-0.160125,0.024375,0.501401,-0.314257,0.092142,-3.141582,0.000034,-0.000070
17.868494,-1.870003,-0.345038,-11.335002,-0.073000,-0.160125,0.024375,0.501429,-0.314171,0.092146,-3.141583,0.000030,-0.000061
17.872472,-1.870003,-0.345038,-11.335002,-0.073000,-0.160125,0.024375,0.501458,-0.314083,0.092147,-3.141583,0.000031,-0.000053
17.876475,-1.870003,-0.345040,-11.335002,-0.073000,-0.160125,0.024375,0.501483,-0.313996,0.092149,-3.141583,0.000032,-0.000051
17.880475,-1.870002,-0.345035,-11.335001,-0.073000,-0.160125,0.024375,0.501512,-0.313908,0.092153,-3.141584,0.000028,-0.000043
17.884477,-1.870001,-0.345024,-11.335001,-0.073000,-0.160125,0.024375,0.501536,-0.313818,0.092158,-3.141587,0.000018,-0.000076
17.888496,-1.870001,-0.345024,-11.335001,-0.073000,-0.160125,0.024375,0.501536,-0.313818,0.092158,-3.141587,0.000018,-0.000076
17.892494,-1.870000,-0.345014,-11.335001,-0.073000,-0.160125,0.024375,0.501598,-0.313645,0.092165,-3.141589,0.000010,-0.000032
17.896494,-1.870000,-0.345014,-11.335001,-0.073000,-0.160125,0.024375,0.501598,-0.313645,0.092165,-3.141589,0.000010,-0.000032
17.900494,-1.920000,-0.305010,-11.155000,-0.073000,-0.162125,0.024375,0.501626,-0.313557,0.092169,-3.141591,0.000006,-0.000031
17.904481,-1.919998,-0.304992,-11.154999,-0.073000,-0.162125,0.024375,0.501657,-0.313472,0.092176,3.141590,-0.000009,-0.000035
17.908488,-1.919998,-0.304993,-11.154999,-0.073000,-0.162125,0.024375,0.501683,-0.313383,0.092178,3.141590,-0.000008,-0.000035
17.912496,-1.919997,-0.304984,-11.154999,-0.073000,-0.162125,0.024375,0.501720,-0.313272,0.092185,3.141588,-0.000015,-0.000041
17.916500,-1.919997,-0.304985,-11.154999,-0.073000,-0.162125,0.024375,0.501737,-0.313208,0.092186,3.141588,-0.000015,-0.000051
17.920485,-1.919997,-0.304988,-11.154999,-0.073000,-0.162125,0.024375,0.501787,-0.313029,0.092190,3.141589,-0.000012,-0.000097
17.924522,-1.919997,-0.304988,-11.154999,-0.073000,-0.162125,0.024375,0.501787,-0.313029,0.092190,3.141589,-0.000012,-0.000097
17.928512,-1.919997,-0.304985,-11.154999,-0.073000,-0.162125,0.024375,0.501852,-0.312835,0.092196,3.141588,-0.000015,-0.000057
17.932511,-1.919997,-0.304985,-11.154999,-0.073000,-0.162125,0.024375,0.501852,-0.312835,0.092196,3.141588,-0.000015,-0.000057
17.936511,-1.859997,-0.344986,-10.544999,-0.069000,-0.151125,0.023375,0.501877,-0.312749,0.092199,3.141588,-0.000014,-0.000055
17.940511,-1.859998,-0.344993,-10.545000,-0.069000,-0.151125,0.023375,0.501901,-0.312664,0.092198,3.141590,-0.000008,-0.000049
17.944512,-1.859997,-0.344988,-10.545000,-0.069000,-0.151125,0.023375,0.501927,-0.312580,0.092202,3.141589,-0.000012,-0.000044
17.948513,-1.859997,-0.344990,-10.545000,-0.069000,-0.151125,0.023375,0.501949,-0.312498,0.092204,3.141589,-0.000011,-0.000037
17.952512,-1.859998,-0.344990,-10.545000,-0.069000,-0.151125,0.023375,0.501974,-0.312414,0.092206,3.141590,-0.000010,-0.000032
17.956511,-1.859998,-0.344992,-10.545000,-0.069000,-0.151125,0.023375,0.501997,-0.312332,0.092208,3.141590,-0.000009,-0.000038
17.960521,-1.859999,-0.345006,-10.545000,-0.069000,-0.151125,0.023375,0.502019,-0.312247,0.092207,-3.141592,0.000003,-0.000033
17.964516,-1.859999,-0.345007,-10.545000,-0.069000,-0.151125,0.023375,0.502042,-0.312165,0.092209,-3.141591,0.000005,-0.000039
17.968511,-1.859999,-0.345003,-10.545000,-0.069000,-0.151125,0.023375,0.502067,-0.312081,0.092213,-3.141592,0.000001,-0.000034
17.972511,-1.860000,-0.345010,-10.545000,-0.069000,-0.151125,0.023375,0.502091,-0.311997,0.092212,-3.141591,0.000006,-0.000036
17.976519,-1.859999,-0.345005,-10.545000,-0.069000,-0.151125,0.023375,0.502115,-0.311915,0.092216,-3.141592,0.000002,-0.000035
17.980472,-1.659999,-0.325001,-9.645000,-0.064000,-0.135125,0.021375,0.502141,-0.311831,0.092220,3.141592,-0.000001,-0.000037
17.984476,-1.660000,-0.325015,-9.645001,-0.064000,-0.135125,0.021375,0.502162,-0.311749,0.092219,-3.141589,0.000011,-0.000049
17.988475,-1.660000,-0.325015,-9.645001,-0.064000,-0.135125,0.021375,0.502187,-0.311665,0.092220,-3.141589,0.000011,-0.000051
17.992475,-1.660000,-0.325011,-9.645000,-0.064000,-0.135125,0.021375,0.502213,-0.311581,0.092224,-3.141590,0.000007,-0.000053
17.996475,-1.660000,-0.325013,-9.645000,-0.064000,-0.135125,0.021375,0.502240,-0.311498,0.092227,-3.141590,0.000009,-0.000054
18.000500,-1.660000,-0.325013,-9.645000,-0.064000,-0.135125,0.021375,0.502265,-0.311414,0.092228,-3.141590,0.000009,-0.000056
18.004508,-1.660000,-0.325016,-9.645001,-0.064000,-0.135125,0.021375,0.502289,-0.311332,0.092231,-3.141589,0.000012,-0.000062
18.008500,-1.660000,-0.325011,-9.645000,-0.064000,-0.135125,0.021375,0.502316,-0.311249,0.092234,-3.141590,0.000007,-0.000064
18.012494,-1.659999,-0.325005,-9.645000,-0.064000,-0.135125,0.021375,0.502343,-0.311165,0.092237,-3.141592,0.000003,-0.000058
18.016497,-1.559999,-0.215007,-9.275000,-0.066000,-0.129125,0.020375,0.502370,-0.311082,0.092240,-3.141591,0.000004,-0.000053
18.020501,-1.559999,-0.175008,-9.145000,-0.066000,-0.127125,0.018375,0.502395,-0.310998,0.092241,-3.141591,0.000005,-0.000055
18.024494,-1.559998,-0.174997,-9.145000,-0.066000,-0.127125,0.018375,0.502423,-0.310915,0.092247,3.141591,-0.000004,-0.000057
18.028495,-1.559998,-0.174999,-9.145000,-0.066000,-0.127125,0.018375,0.502448,-0.310834,0.092249,3.141592,-0.000003,-0.000069
18.032494,-1.559998,-0.174994,-9.145000,-0.066000,-0.127125,0.018375,0.502476,-0.310751,0.092252,3.141590,-0.000007,-0.000071
18.036495,-1.559997,-0.174988,-9.144999,-0.066000,-0.127125,0.018375,0.502502,-0.310670,0.092255,3.141589,-0.000012,-0.000077
18.040493,-1.559997,-0.174990,-9.145000,-0.066000,-0.127125,0.018375,0.502527,-0.310588,0.092257,3.141590,-0.000010,-0.000077
18.044494,-1.559996,-0.174979,-9.144999,-0.066000,-0.127125,0.018375,0.502555,-0.310508,0.092262,3.141586,-0.000020,-0.000083
18.048511,-1.559995,-0.174973,-9.144999,-0.066000,-0.127125,0.018375,0.502582,-0.310425,0.092265,3.141585,-0.000025,-0.000118
18.052513,-1.509997,-0.194988,-8.644999,-0.060000,-0.125125,0.018375,0.502613,-0.310324,0.092265,3.141589,-0.000012,-0.000088
18.056511,-1.509997,-0.194990,-8.645000,-0.060000,-0.125125,0.018375,0.502638,-0.310242,0.092267,3.141590,-0.000010,-0.000087
18.060512,-1.509997,-0.194985,-8.644999,-0.060000,-0.125125,0.018375,0.502662,-0.310164,0.092270,3.141588,-0.000015,-0.000098
18.064511,-1.509997,-0.194987,-8.644999,-0.060000,-0.125125,0.018375,0.502689,-0.310080,0.092273,3.141589,-0.000013,-0.000093
18.068512,-1.509998,-0.194994,-8.645000,-0.060000,-0.125125,0.018375,0.502713,-0.310001,0.092273,3.141590,-0.000007,-0.000097
18.072511,-1.509997,-0.194988,-8.644999,-0.060000,-0.125125,0.018375,0.502740,-0.309918,0.092276,3.141589,-0.000012,-0.000085
18.076511,-1.509998,-0.194996,-8.645000,-0.060000,-0.125125,0.018375,0.502761,-0.309838,0.092276,3.141591,-0.000005,-0.000089
18.080512,-1.509998,-0.194996,-8.645000,-0.060000,-0.125125,0.018375,0.502787,-0.309757,0.092277,3.141591,-0.000005,-0.000081
18.084473,-1.509999,-0.195003,-8.645000,-0.060000,-0.125125,0.018375,0.502812,-0.309676,0.092277,-3.141592,0.000001,-0.000081
18.088509,-1.509999,-0.195009,-8.645000,-0.060000,-0.125125,0.018375,0.502836,-0.309592,0.092275,-3.141591,0.000005,-0.000076
18.092511,-1.510000,-0.195011,-8.645000,-0.060000,-0.125125,0.018375,0.502862,-0.309511,0.092278,-3.141590,0.000007,-0.000068
18.096511,-1.340000,-0.245016,-7.945001,-0.050000,-0.115125,0.016375,0.502885,-0.309429,0.092276,-3.141589,0.000012,-0.000068
18.100512,-1.340001,-0.245023,-7.945001,-0.050000,-0.115125,0.016375,0.502910,-0.309348,0.092276,-3.141587,0.000018,-0.000074
18.104491,-1.340002,-0.245029,-7.945001,-0.050000,-0.115125,0.016375,0.502933,-0.309266,0.092275,-3.141586,0.000023,-0.000080
18.108515,-1.340003,-0.245041,-7.945002,-0.050000,-0.115125,0.016375,0.502957,-0.309185,0.092272,-3.141583,0.000033,-0.000093
18.112475,-1.340003,-0.245040,-7.945002,-0.050000,-0.115125,0.016375,0.502984,-0.309101,0.092273,-3.141583,0.000033,-0.000094
18.116475,-1.340004,-0.245046,-7.945002,-0.049999,-0.115125,0.016375,0.503007,-0.309020,0.092271,-3.141581,0.000038,-0.000101
18.120495,-1.340005,-0.245053,-7.945002,-0.049999,-0.115125,0.016375,0.503031,-0.308941,0.092271,-3.141579,0.000044,-0.000111
18.124494,-1.340005,-0.245053,-7.945002,-0.049999,-0.115125,0.016375,0.503058,-0.308857,0.092272,-3.141580,0.000043,-0.000106
18.128494,-1.340005,-0.245058,-7.945002,-0.049999,-0.115125,0.016375,0.503081,-0.308775,0.092270,-3.141578,0.000048,-0.000106
18.132495,-1.340006,-0.245065,-7.945003,-0.049999,-0.115125,0.016375,0.503105,-0.308694,0.092270,-3.141576,0.000054,-0.000112
18.136494,-1.290005,-0.255060,-7.505002,-0.045999,-0.109125,0.016375,0.503131,-0.308613,0.092273,-3.141578,0.000049,-0.000111
18.140494,-1.290005,-0.255059,-7.505002,-0.045999,-0.109125,0.016375,0.503158,-0.308530,0.092274,-3.141578,0.000049,-0.000106
18.144494,-1.290005,-0.255059,-7.505002,-0.045999,-0.109125,0.016375,0.503183,-0.308449,0.092274,-3.141578,0.000048,-0.000099
18.148495,-1.290004,-0.255046,-7.505002,-0.045999,-0.109125,0.016375,0.503209,-0.308368,0.092278,-3.141581,0.000037,-0.000125
18.152495,-1.290005,-0.255053,-7.505002,-0.045999,-0.109125,0.016375,0.503230,-0.308283,0.092278,-3.141579,0.000044,-0.000106
18.156494,-1.290004,-0.255045,-7.505002,-0.046000,-0.109125,0.016375,0.503256,-0.308202,0.092279,-3.141581,0.000037,-0.000099
18.160493,-1.290004,-0.255045,-7.505002,-0.046000,-0.109125,0.016375,0.503293,-0.308100,0.092280,-3.141582,0.000037,-0.000044
18.164495,-1.290004,-0.255050,-7.505002,-0.045999,-0.109125,0.016375,0.503317,-0.308019,0.092279,-3.141580,0.000041,-0.000037
18.168494,-1.290004,-0.255049,-7.505002,-0.045999,-0.109125,0.016375,0.503345,-0.307936,0.092278,-3.141581,0.000040,-0.000032
18.172499,-1.280004,-0.205048,-7.565002,-0.050999,-0.107125,0.016375,0.503370,-0.307855,0.092279,-3.141581,0.000040,-0.000031
18.176511,-1.280003,-0.205040,-7.565001,-0.051000,-0.107125,0.016375,0.503397,-0.307771,0.092280,-3.141583,0.000033,-0.000026
18.180484,-1.280003,-0.205040,-7.565001,-0.051000,-0.107125,0.016375,0.503422,-0.307690,0.092280,-3.141583,0.000032,-0.000039
18.184512,-1.280003,-0.205039,-7.565001,-0.051000,-0.107125,0.016375,0.503449,-0.307607,0.092281,-3.141583,0.000032,-0.000047
18.188472,-1.280003,-0.205039,-7.565001,-0.051000,-0.107125,0.016375,0.503474,-0.307526,0.092281,-3.141583,0.000032,-0.000053
18.192509,-1.280002,-0.205031,-7.565001,-0.051000,-0.107125,0.016375,0.503501,-0.307443,0.092282,-3.141585,0.000025,-0.000055
18.196511,-1.280003,-0.205036,-7.565001,-0.051000,-0.107125,0.016375,0.503526,-0.307361,0.092280,-3.141584,0.000029,-0.000068
18.200511,-1.280002,-0.205030,-7.565001,-0.051000,-0.107125,0.016375,0.503553,-0.307278,0.092283,-3.141585,0.000024,-0.000076
18.204511,-1.280002,-0.205027,-7.565001,-0.051000,-0.107125,0.016375,0.503580,-0.307195,0.092282,-3.141586,0.000021,-0.000078
18.208511,-1.280001,-0.205022,-7.565001,-0.051000,-0.107125,0.016375,0.503605,-0.307114,0.092285,-3.141588,0.000017,-0.000084
18.212511,-1.280001,-0.205021,-7.565001,-0.051000,-0.107125,0.016375,0.503630,-0.307033,0.092285,-3.141588,0.000016,-0.000083
18.216511,-1.240000,-0.245013,-7.465000,-0.051000,-0.102125,0.016375,0.503656,-0.306952,0.092286,-3.141590,0.000009,-0.000083
18.220511,-1.240001,-0.245019,-7.465001,-0.051000,-0.102125,0.016375,0.503680,-0.306868,0.092285,-3.141588,0.000014,-0.000078
18.224511,-1.240000,-0.245011,-7.465000,-0.051000,-0.102125,0.016375,0.503705,-0.306787,0.092286,-3.141590,0.000007,-0.000070
18.228515,-1.239999,-0.245005,-7.465000,-0.051000,-0.102125,0.016375,0.503732,-0.306703,0.092289,-3.141592,0.000003,-0.000052
18.232511,-1.239999,-0.245003,-7.465000,-0.051000,-0.102125,0.016375,0.503755,-0.306622,0.092289,-3.141592,0.000001,-0.000044
18.236511,-1.239999,-0.245001,-7.465000,-0.051000,-0.102125,0.016375,0.503782,-0.306536,0.092288,3.141592,-0.000001,-0.000021
18.240475,-1.239999,-0.245002,-7.465000,-0.051000,-0.102125,0.016375,0.503808,-0.306450,0.092289,3.141593,-0.000000,-0.000005
18.244475,-1.239999,-0.245001,-7.465000,-0.051000,-0.102125,0.016375,0.503832,-0.306363,0.092290,3.141592,-0.000001,0.000011
18.248475,-1.239998,-0.244998,-7.465000,-0.051000,-0.102125,0.016375,0.503856,-0.306276,0.092288,3.141591,-0.000004,0.000014
18.252494,-1.149997,-0.314991,-7.365000,-0.046000,-0.099125,0.016375,0.503883,-0.306190,0.092290,3.141590,-0.000010,0.000011
18.256494,-1.149998,-0.314996,-7.365000,-0.046000,-0.099125,0.016375,0.503910,-0.306102,0.092289,3.141591,-0.000005,0.000011
18.260494,-1.149998,-0.314994,-7.365000,-0.046000,-0.099125,0.016375,0.503936,-0.306016,0.092288,3.141591,-0.000007,0.000007
18.264495,-1.149998,-0.314992,-7.365000,-0.046000,-0.099125,0.016375,0.503962,-0.305929,0.092287,3.141590,-0.000009,-0.000003
18.268494,-1.149998,-0.314999,-7.365000,-0.046000,-0.099125,0.016375,0.503986,-0.305843,0.092287,3.141592,-0.000003,-0.000014
18.272494,-1.149998,-0.314997,-7.365000,-0.046000,-0.099125,0.016375,0.504008,-0.305753,0.092287,3.141591,-0.000004,-0.000067
18.276494,-1.150000,-0.315013,-7.365000,-0.046000,-0.099125,0.016375,0.504032,-0.305666,0.092281,-3.141590,0.000009,-0.000078
18.280494,-1.149999,-0.315001,-7.365000,-0.046000,-0.099125,0.016375,0.504072,-0.305560,0.092285,3.141592,-0.000001,-0.000048
18.284499,-1.149999,-0.315001,-7.365000,-0.046000,-0.099125,0.016375,0.504097,-0.305474,0.092286,3.141592,-0.000001,-0.000065
18.288495,-1.149998,-0.314993,-7.365000,-0.046000,-0.099125,0.016375,0.504125,-0.305388,0.092288,3.141590,-0.000008,-0.000075
18.292473,-1.149997,-0.314986,-7.364999,-0.046000,-0.099125,0.016375,0.504152,-0.305302,0.092289,3.141589,-0.000014,-0.000079
18.296481,-1.159997,-0.234984,-7.134999,-0.046000,-0.100125,0.016375,0.504178,-0.305216,0.092289,3.141588,-0.000015,-0.000063
18.300482,-1.159997,-0.234984,-7.134999,-0.046000,-0.100125,0.016375,0.504205,-0.305130,0.092289,3.141588,-0.000016,-0.000053
18.304512,-1.159997,-0.234984,-7.134999,-0.046000,-0.100125,0.016375,0.504231,-0.305044,0.092291,3.141588,-0.000015,-0.000044
18.308469,-1.159995,-0.234971,-7.134999,-0.046000,-0.100125,0.016375,0.504259,-0.304959,0.092294,3.141585,-0.000026,-0.000027
18.312510,-1.159996,-0.234977,-7.134999,-0.046000,-0.100125,0.016375,0.504284,-0.304872,0.092293,3.141586,-0.000022,-0.000011
18.316511,-1.159995,-0.234972,-7.134999,-0.046000,-0.100125,0.016375,0.504312,-0.304787,0.092296,3.141585,-0.000026,0.000005
18.320512,-1.159994,-0.234965,-7.134999,-0.046000,-0.100125,0.016375,0.504338,-0.304701,0.092298,3.141583,-0.000032,0.000008
18.324518,-1.159994,-0.234964,-7.134998,-0.046000,-0.100125,0.016375,0.504366,-0.304615,0.092299,3.141583,-0.000033,0.000011
18.328512,-1.159994,-0.234962,-7.134998,-0.046000,-0.100125,0.016375,0.504391,-0.304529,0.092298,3.141582,-0.000034,0.000007
18.332511,-1.189994,-0.224962,-7.094998,-0.046000,-0.103125,0.016375,0.504420,-0.304441,0.092298,3.141582,-0.000035,0.000008
18.336509,-1.189994,-0.224962,-7.094998,-0.046000,-0.103125,0.016375,0.504446,-0.304355,0.092300,3.141583,-0.000034,-0.000009
18.340512,-1.189994,-0.224962,-7.094998,-0.046000,-0.103125,0.016375,0.504474,-0.304267,0.092300,3.141582,-0.000035,-0.000022
18.344511,-1.189994,-0.224961,-7.094998,-0.046000,-0.103125,0.016375,0.504502,-0.304181,0.092301,3.141582,-0.000035,-0.000039
18.348511,-1.189993,-0.224959,-7.094998,-0.046000,-0.103125,0.016375,0.504529,-0.304092,0.092300,3.141582,-0.000037,-0.000045
18.352513,-1.189994,-0.224965,-7.094999,-0.046000,-0.103125,0.016375,0.504554,-0.304006,0.092299,3.141583,-0.000032,-0.000063
18.356514,-1.189994,-0.224964,-7.094999,-0.046000,-0.103125,0.016375,0.504582,-0.303918,0.092299,3.141583,-0.000032,-0.000076
18.360524,-1.189995,-0.224970,-7.094999,-0.046000,-0.103125,0.016375,0.504608,-0.303832,0.092298,3.141585,-0.000028,-0.000093
18.364511,-1.189994,-0.224968,-7.094999,-0.046000,-0.103125,0.016375,0.504635,-0.303743,0.092297,3.141584,-0.000029,-0.000092
18.368495,-1.189995,-0.224974,-7.094999,-0.046000,-0.103125,0.016375,0.504660,-0.303657,0.092296,3.141585,-0.000025,-0.000096
18.372494,-1.189994,-0.224966,-7.094999,-0.046000,-0.103125,0.016375,0.504689,-0.303569,0.092297,3.141583,-0.000031,-0.000089
18.376494,-1.129995,-0.274971,-6.774999,-0.042000,-0.097125,0.016375,0.504714,-0.303483,0.092296,3.141585,-0.000027,-0.000086
18.380494,-1.129996,-0.274977,-6.774999,-0.042000,-0.097125,0.016375,0.504739,-0.303397,0.092295,3.141586,-0.000022,-0.000076
18.384494,-1.129996,-0.274982,-6.774999,-0.042000,-0.097125,0.016375,0.504765,-0.303308,0.092293,3.141588,-0.000017,-0.000062
18.388496,-1.129997,-0.274988,-6.774999,-0.042000,-0.097125,0.016375,0.504790,-0.303222,0.092292,3.141589,-0.000012,-0.000052
18.392502,-1.129997,-0.274988,-6.774999,-0.042000,-0.097125,0.016375,0.504790,-0.303222,0.092292,3.141589,-0.000012,-0.000052
18.396472,-1.129998,-0.274999,-6.775000,-0.042000,-0.097125,0.016375,0.504842,-0.303047,0.092290,3.141592,-0.000003,-0.000042
18.400475,-1.129998,-0.274994,-6.775000,-0.042000,-0.097125,0.016375,0.504869,-0.302961,0.092293,3.141590,-0.000007,-0.000046
18.404475,-1.129998,-0.274994,-6.775000,-0.042000,-0.097125,0.016375,0.504869,-0.302961,0.092293,3.141590,-0.000007,-0.000046
18.408476,-1.129997,-0.274991,-6.774999,-0.042000,-0.097125,0.016375,0.504924,-0.302785,0.092292,3.141590,-0.000010,-0.000051
18.412499,-1.129998,-0.274997,-6.775000,-0.042000,-0.097125,0.016375,0.504949,-0.302698,0.092291,3.141591,-0.000005,-0.000062
18.416494,-1.129998,-0.274997,-6.775000,-0.042000,-0.097125,0.016375,0.504949,-0.302698,0.092291,3.141591,-0.000005,-0.000062
18.420481,-1.169998,-0.345000,-6.705000,-0.043000,-0.094125,0.017375,0.504976,-0.302610,0.092288,3.141592,-0.000002,-0.000068
18.424495,-1.169998,-0.345000,-6.705000,-0.043000,-0.094125,0.017375,0.504976,-0.302610,0.092288,3.141592,-0.000002,-0.000068
18.428495,-1.169998,-0.344998,-6.705000,-0.043000,-0.094125,0.017375,0.505037,-0.302414,0.092282,3.141592,-0.000004,-0.000091
18.432517,-1.169998,-0.345000,-6.705000,-0.043000,-0.094125,0.017375,0.505064,-0.302328,0.092278,3.141592,-0.000002,-0.000102
18.436511,-1.169999,-0.345003,-6.705000,-0.043000,-0.094125,0.017375,0.505090,-0.302240,0.092275,-3.141592,0.000001,-0.000115
18.440480,-1.169999,-0.345005,-6.705000,-0.043000,-0.094125,0.017375,0.505117,-0.302154,0.092271,-3.141592,0.000002,-0.000125
18.444514,-1.170000,-0.345008,-6.705000,-0.043000,-0.094125,0.017375,0.505171,-0.301980,0.092262,-3.141591,0.000005,-0.000115
18.448514,-1.170000,-0.345008,-6.705000,-0.043000,-0.094125,0.017375,0.505171,-0.301980,0.092262,-3.141591,0.000005,-0.000115
18.452511,-1.170000,-0.345010,-6.705000,-0.043000,-0.094125,0.017375,0.505199,-0.301892,0.092258,-3.141591,0.000007,-0.000101
18.456516,-1.170000,-0.345010,-6.705000,-0.043000,-0.094125,0.017375,0.505226,-0.301803,0.092253,-3.141591,0.000007,-0.000093
18.460511,-1.170000,-0.255013,-6.865000,-0.048000,-0.093125,0.016375,0.505253,-0.301718,0.092249,-3.141590,0.000009,-0.000084
18.464511,-1.170000,-0.255012,-6.865000,-0.048000,-0.093125,0.016375,0.505282,-0.301630,0.092243,-3.141590,0.000009,-0.000070
18.468512,-1.170001,-0.255020,-6.865001,-0.048000,-0.093125,0.016375,0.505306,-0.301543,0.092237,-3.141588,0.000016,-0.000067
18.472497,-1.169999,-0.255002,-6.865000,-0.048000,-0.093125,0.016375,0.505363,-0.301370,0.092231,3.141593,-0.000000,-0.000050
18.476515,-1.170000,-0.255015,-6.865001,-0.048000,-0.093125,0.016375,0.505389,-0.301281,0.092223,-3.141589,0.000011,-0.000049
18.480511,-1.170000,-0.255015,-6.865001,-0.048000,-0.093125,0.016375,0.505389,-0.301281,0.092223,-3.141589,0.000011,-0.000049
18.484522,-1.170000,-0.255010,-6.865000,-0.048000,-0.093125,0.016375,0.505418,-0.301194,0.092219,-3.141591,0.000006,-0.000042
18.488512,-1.170000,-0.255009,-6.865000,-0.048000,-0.093125,0.016375,0.505445,-0.301108,0.092213,-3.141591,0.000006,-0.000052
18.492551,-1.169998,-0.254996,-6.865000,-0.048000,-0.093125,0.016375,0.505474,-0.301020,0.092211,3.141591,-0.000005,-0.000051
18.496494,-1.299997,-0.324991,-7.744999,-0.051000,-0.106125,0.018375,0.505502,-0.300935,0.092207,3.141590,-0.000010,-0.000069
18.500494,-1.299998,-0.324996,-7.745000,-0.051000,-0.106125,0.018375,0.505528,-0.300846,0.092200,3.141591,-0.000005,-0.000075
18.504472,-1.299997,-0.324991,-7.744999,-0.051000,-0.106125,0.018375,0.505557,-0.300758,0.092196,3.141590,-0.000010,-0.000088
18.508475,-1.299996,-0.324985,-7.744999,-0.051000,-0.106125,0.018375,0.505584,-0.300673,0.092193,3.141589,-0.000014,-0.000098
18.512475,-1.299996,-0.324984,-7.744999,-0.051000,-0.106125,0.018375,0.505611,-0.300585,0.092186,3.141588,-0.000016,-0.000097
18.516475,-1.299995,-0.324978,-7.744999,-0.051000,-0.106125,0.018375,0.505638,-0.300499,0.092183,3.141587,-0.000021,-0.000101
18.520494,-1.299995,-0.324973,-7.744999,-0.051000,-0.106125,0.018375,0.505667,-0.300411,0.092179,3.141585,-0.000025,-0.000094
18.524495,-1.299994,-0.324968,-7.744999,-0.051000,-0.106125,0.018375,0.505721,-0.300237,0.092171,3.141584,-0.000030,-0.000077
18.528495,-1.299994,-0.324968,-7.744999,-0.051000,-0.106125,0.018375,0.505721,-0.300237,0.092171,3.141584,-0.000030,-0.000077
18.532494,-1.299993,-0.324962,-7.744998,-0.051000,-0.106125,0.018375,0.505748,-0.300152,0.092167,3.141583,-0.000034,-0.000067
18.536494,-1.469993,-0.434960,-9.274998,-0.058000,-0.128125,0.022375,0.505775,-0.300066,0.092166,3.141582,-0.000037,-0.000058
18.540494,-1.469993,-0.434963,-9.274999,-0.058000,-0.128125,0.022375,0.505798,-0.299982,0.092163,3.141583,-0.000034,-0.000053
18.544493,-1.469994,-0.434967,-9.274999,-0.058000,-0.128125,0.022375,0.505823,-0.299898,0.092161,3.141584,-0.000030,-0.000047
18.548494,-1.469994,-0.434964,-9.274999,-0.058000,-0.128125,0.022375,0.505847,-0.299817,0.092159,3.141583,-0.000033,-0.000040
18.552494,-1.469993,-0.434961,-9.274998,-0.058000,-0.128125,0.022375,0.505873,-0.299734,0.092158,3.141583,-0.000035,-0.000035
18.556494,-1.469994,-0.434966,-9.274999,-0.058000,-0.128125,0.022375,0.505896,-0.299653,0.092156,3.141584,-0.000031,-0.000034
18.560519,-1.469993,-0.434962,-9.274999,-0.058000,-0.128125,0.022375,0.505917,-0.299571,0.092154,3.141583,-0.000034,-0.000067
18.564511,-1.469993,-0.434961,-9.274998,-0.058000,-0.128125,0.022375,0.505947,-0.299489,0.092154,3.141583,-0.000035,-0.000029
18.568509,-1.469995,-0.434974,-9.274999,-0.058000,-0.128125,0.022375,0.505965,-0.299406,0.092145,3.141586,-0.000024,-0.000068
18.572511,-1.469994,-0.434969,-9.274999,-0.058000,-0.128125,0.022375,0.505991,-0.299322,0.092148,3.141584,-0.000029,-0.000070
18.576511,-1.879994,-0.474971,-10.574999,-0.065000,-0.155125,0.026375,0.506027,-0.299221,0.092144,3.141585,-0.000027,-0.000036
18.580511,-1.879994,-0.474968,-10.574998,-0.065000,-0.155125,0.026375,0.506052,-0.299137,0.092143,3.141584,-0.000030,-0.000044
18.584511,-1.879995,-0.474972,-10.574999,-0.065000,-0.155125,0.026375,0.506075,-0.299056,0.092141,3.141585,-0.000026,-0.000050
18.588511,-1.879995,-0.474977,-10.574999,-0.065000,-0.155125,0.026375,0.506100,-0.298973,0.092139,3.141586,-0.000022,-0.000052
18.592511,-1.879996,-0.474979,-10.574999,-0.065000,-0.155125,0.026375,0.506124,-0.298891,0.092135,3.141587,-0.000020,-0.000058
18.596511,-1.879996,-0.474983,-10.574999,-0.065000,-0.155125,0.026375,0.506149,-0.298808,0.092133,3.141588,-0.000016,-0.000053
18.600511,-1.879996,-0.474980,-10.574999,-0.065000,-0.155125,0.026375,0.506174,-0.298724,0.092131,3.141587,-0.000019,-0.000054
18.604511,-1.879996,-0.474985,-10.574999,-0.065000,-0.155125,0.026375,0.506197,-0.298643,0.092129,3.141588,-0.000015,-0.000054
18.608472,-1.879996,-0.474984,-10.574999,-0.065000,-0.155125,0.026375,0.506224,-0.298560,0.092129,3.141588,-0.000016,-0.000049
18.612509,-1.879996,-0.474981,-10.574999,-0.065000,-0.155125,0.026375,0.506249,-0.298477,0.092127,3.141587,-0.000019,-0.000043
18.616509,-1.999996,-0.394980,-11.214999,-0.073000,-0.165125,0.028375,0.506273,-0.298396,0.092128,3.141587,-0.000019,-0.000043
18.620513,-1.999996,-0.394985,-11.214999,-0.073000,-0.165125,0.028375,0.506298,-0.298312,0.092126,3.141588,-0.000015,-0.000038
18.624476,-1.999995,-0.394978,-11.214999,-0.073000,-0.165125,0.028375,0.506323,-0.298231,0.092128,3.141587,-0.000021,-0.000030
18.628475,-1.999996,-0.394983,-11.214999,-0.073000,-0.165125,0.028375,0.506348,-0.298148,0.092126,3.141588,-0.000017,-0.000032
18.632494,-1.999996,-0.394981,-11.214999,-0.073000,-0.165125,0.028375,0.506375,-0.298065,0.092126,3.141588,-0.000018,-0.000027
18.636494,-1.999996,-0.394981,-11.214999,-0.073000,-0.165125,0.028375,0.506400,-0.297981,0.092126,3.141587,-0.000018,-0.000022
18.640494,-1.999996,-0.394982,-11.214999,-0.073000,-0.165125,0.028375,0.506425,-0.297901,0.092128,3.141588,-0.000018,-0.000028
18.644494,-1.999997,-0.394988,-11.215000,-0.073000,-0.165125,0.028375,0.506449,-0.297820,0.092127,3.141589,-0.000012,-0.000027
18.648493,-1.999996,-0.394987,-11.215000,-0.073000,-0.165125,0.028375,0.506475,-0.297739,0.092126,3.141589,-0.000014,-0.000033
18.652494,-1.999996,-0.394980,-11.214999,-0.073000,-0.165125,0.028375,0.506500,-0.297659,0.092128,3.141587,-0.000019,-0.000039
18.656494,-2.019996,-0.434986,-11.764999,-0.077000,-0.164125,0.028375,0.506527,-0.297575,0.092127,3.141589,-0.000014,-0.000041
18.660494,-2.019996,-0.434985,-11.764999,-0.077000,-0.164125,0.028375,0.506552,-0.297495,0.092127,3.141588,-0.000015,-0.000047
18.664495,-2.019996,-0.434983,-11.764999,-0.077000,-0.164125,0.028375,0.506577,-0.297414,0.092127,3.141588,-0.000016,-0.000087
18.668500,-2.019997,-0.434989,-11.764999,-0.077000,-0.164125,0.028375,0.506603,-0.297331,0.092126,3.141589,-0.000011,-0.000055
18.672497,-2.019996,-0.434980,-11.764999,-0.077000,-0.164125,0.028375,0.506629,-0.297250,0.092126,3.141587,-0.000019,-0.000095
18.676485,-2.019998,-0.434994,-11.765000,-0.077000,-0.164125,0.028375,0.506648,-0.297168,0.092125,3.141591,-0.000007,-0.000094
18.680483,-2.019997,-0.434993,-11.765000,-0.077000,-0.164125,0.028375,0.506685,-0.297067,0.092125,3.141590,-0.000008,-0.000053
18.684481,-2.019998,-0.434999,-11.765000,-0.077000,-0.164125,0.028375,0.506710,-0.296986,0.092124,3.141592,-0.000003,-0.000052
18.688484,-2.019999,-0.435005,-11.765000,-0.077000,-0.164125,0.028375,0.506736,-0.296903,0.092123,-3.141592,0.000002,-0.000054
18.692484,-2.019998,-0.434998,-11.765000,-0.077000,-0.164125,0.028375,0.506761,-0.296822,0.092125,3.141592,-0.000003,-0.000053
18.696512,-1.909999,-0.395004,-11.835000,-0.079000,-0.160125,0.027375,0.506786,-0.296741,0.092124,-3.141592,0.000002,-0.000066
18.700483,-1.909998,-0.394998,-11.835000,-0.079000,-0.160125,0.027375,0.506813,-0.296658,0.092126,3.141592,-0.000004,-0.000061
18.704511,-1.909999,-0.395004,-11.835000,-0.079000,-0.160125,0.027375,0.506837,-0.296577,0.092125,-3.141592,0.000002,-0.000067
18.708509,-1.909999,-0.395005,-11.835000,-0.079000,-0.160125,0.027375,0.506862,-0.296497,0.092127,-3.141592,0.000002,-0.000073
18.712470,-1.909999,-0.395006,-11.835000,-0.079000,-0.160125,0.027375,0.506887,-0.296416,0.092128,-3.141592,0.000003,-0.000079
18.716516,-1.909998,-0.395000,-11.835000,-0.079000,-0.160125,0.027375,0.506914,-0.296333,0.092130,3.141592,-0.000002,-0.000074
18.720511,-1.910000,-0.395012,-11.835000,-0.079000,-0.160125,0.027375,0.506936,-0.296252,0.092128,-3.141590,0.000008,-0.000087
18.724514,-1.910000,-0.395013,-11.835001,-0.079000,-0.160125,0.027375,0.506961,-0.296171,0.092129,-3.141590,0.000009,-0.000093
18.728514,-1.910000,-0.395013,-11.835001,-0.079000,-0.160125,0.027375,0.506961,-0.296171,0.092129,-3.141590,0.000009,-0.000093
18.732512,-1.910000,-0.395013,-11.835001,-0.079000,-0.160125,0.027375,0.507010,-0.296006,0.092131,-3.141590,0.000009,-0.000101
18.736513,-1.800001,-0.415015,-11.755001,-0.077000,-0.157125,0.024375,0.507036,-0.295921,0.092133,-3.141590,0.000011,-0.000091
18.740511,-1.800000,-0.415009,-11.745000,-0.077000,-0.157125,0.024375,0.507062,-0.295838,0.092136,-3.141591,0.000006,-0.000093
18.744511,-1.800000,-0.415008,-11.745000,-0.077000,-0.157125,0.024375,0.507089,-0.295750,0.092136,-3.141591,0.000005,-0.000086
18.748512,-1.800000,-0.415010,-11.745000,-0.077000,-0.157125,0.024375,0.507115,-0.295664,0.092139,-3.141591,0.000007,-0.000083
18.752475,-1.800001,-0.415016,-11.745000,-0.077000,-0.157125,0.024375,0.507139,-0.295577,0.092137,-3.141589,0.000012,-0.000080
18.756495,-1.800001,-0.415015,-11.745000,-0.077000,-0.157125,0.024375,0.507164,-0.295492,0.092138,-3.141590,0.000011,-0.000077
18.760492,-1.800001,-0.415015,-11.745000,-0.077000,-0.157125,0.024375,0.507192,-0.295403,0.092138,-3.141590,0.000011,-0.000076
18.764494,-1.800002,-0.415022,-11.745001,-0.077000,-0.157125,0.024375,0.507217,-0.295318,0.092138,-3.141588,0.000017,-0.000080
18.768494,-1.800001,-0.415021,-11.745001,-0.077000,-0.157125,0.024375,0.507242,-0.295232,0.092139,-3.141588,0.000017,-0.000084
18.772493,-1.800001,-0.415021,-11.745001,-0.077000,-0.157125,0.024375,0.507268,-0.295146,0.092139,-3.141588,0.000016,-0.000135
18.776500,-1.860002,-0.345020,-11.415001,-0.076000,-0.159125,0.024375,0.507294,-0.295060,0.092140,-3.141588,0.000016,-0.000132
18.780494,-1.860003,-0.345028,-11.415001,-0.076000,-0.159125,0.024375,0.507314,-0.294973,0.092140,-3.141586,0.000022,-0.000136
18.784495,-1.860004,-0.345038,-11.415002,-0.076000,-0.159125,0.024375,0.507349,-0.294866,0.092136,-3.141584,0.000031,-0.000099
18.788494,-1.860003,-0.345032,-11.415001,-0.076000,-0.159125,0.024375,0.507377,-0.294780,0.092138,-3.141586,0.000026,-0.000110
18.792495,-1.860003,-0.345032,-11.415001,-0.076000,-0.159125,0.024375,0.507402,-0.294695,0.092139,-3.141586,0.000025,-0.000107
18.796496,-1.860003,-0.345031,-11.415001,-0.076000,-0.159125,0.024375,0.507428,-0.294609,0.092139,-3.141586,0.000025,-0.000111
18.800494,-1.860003,-0.345031,-11.415001,-0.076000,-0.159125,0.024375,0.507454,-0.294523,0.092140,-3.141586,0.000025,-0.000108
18.804494,-1.860002,-0.345024,-11.415001,-0.076000,-0.159125,0.024375,0.507481,-0.294438,0.092142,-3.141587,0.000019,-0.000105
18.808514,-1.860003,-0.345031,-11.415001,-0.076000,-0.159125,0.024375,0.507506,-0.294352,0.092142,-3.141586,0.000025,-0.000095
18.812512,-1.830002,-0.325025,-11.055001,-0.074000,-0.155125,0.024375,0.507534,-0.294267,0.092144,-3.141587,0.000020,-0.000086
18.816518,-1.830001,-0.325019,-11.055001,-0.074000,-0.155125,0.024375,0.507560,-0.294181,0.092147,-3.141589,0.000015,-0.000076
18.820518,-1.830000,-0.325013,-11.055000,-0.074000,-0.155125,0.024375,0.507588,-0.294096,0.092149,-3.141590,0.000009,-0.000066
18.825200,-1.830002,-0.325020,-11.055001,-0.074000,-0.155125,0.024375,0.507611,-0.294012,0.092149,-3.141588,0.000015,-0.000068
18.828512,-1.830002,-0.325020,-11.055001,-0.074000,-0.155125,0.024375,0.507611,-0.294012,0.092149,-3.141588,0.000015,-0.000068
18.832513,-1.830000,-0.325007,-11.055000,-0.074000,-0.155125,0.024375,0.507668,-0.293839,0.092153,-3.141592,0.000004,-0.000051
18.836512,-1.829998,-0.324999,-11.055000,-0.074000,-0.155125,0.024375,0.507698,-0.293755,0.092155,3.141592,-0.000002,-0.000048
18.840511,-1.829998,-0.324999,-11.055000,-0.074000,-0.155125,0.024375,0.507724,-0.293666,0.092155,3.141592,-0.000003,-0.000054
18.844517,-1.829998,-0.324999,-11.055000,-0.074000,-0.155125,0.024375,0.507755,-0.293579,0.092156,3.141592,-0.000003,-0.000060
18.848511,-1.829998,-0.324998,-11.055000,-0.074000,-0.155125,0.024375,0.507780,-0.293494,0.092156,3.141592,-0.000003,-0.000071
18.852511,-1.829998,-0.324997,-11.055000,-0.074000,-0.155125,0.024375,0.507809,-0.293406,0.092156,3.141591,-0.000004,-0.000070
18.856510,-1.839998,-0.334996,-10.845000,-0.073000,-0.153125,0.024375,0.507837,-0.293318,0.092156,3.141591,-0.000006,-0.000076
18.860512,-1.839998,-0.334994,-10.845000,-0.073000,-0.153125,0.024375,0.507866,-0.293231,0.092155,3.141591,-0.000007,-0.000082
18.864511,-1.839999,-0.335001,-10.845000,-0.073000,-0.153125,0.024375,0.507892,-0.293142,0.092155,3.141592,-0.000001,-0.000082
18.868512,-1.839998,-0.335000,-10.845000,-0.073000,-0.153125,0.024375,0.507919,-0.293057,0.092155,3.141592,-0.000002,-0.000092
18.872511,-1.839998,-0.334998,-10.845000,-0.073000,-0.153125,0.024375,0.507948,-0.292970,0.092155,3.141592,-0.000003,-0.000091
18.876515,-1.839997,-0.334992,-10.844999,-0.073000,-0.153125,0.024375,0.507975,-0.292884,0.092157,3.141590,-0.000009,-0.000095
18.880511,-1.839998,-0.334996,-10.845000,-0.073000,-0.153125,0.024375,0.508002,-0.292796,0.092155,3.141591,-0.000005,-0.000081
18.884473,-1.839998,-0.334996,-10.845000,-0.073000,-0.153125,0.024375,0.508002,-0.292796,0.092155,3.141591,-0.000005,-0.000081
18.888520,-1.839998,-0.334994,-10.845000,-0.073000,-0.153125,0.024375,0.508055,-0.292623,0.092155,3.141591,-0.000007,-0.000057
18.892514,-1.749997,-0.324993,-10.565000,-0.073000,-0.146125,0.023375,0.508089,-0.292515,0.092155,3.141591,-0.000008,-0.000048
18.896481,-1.749997,-0.324993,-10.565000,-0.073000,-0.146125,0.023375,0.508089,-0.292515,0.092155,3.141591,-0.000008,-0.000048
18.900509,-1.679998,-0.344999,-10.425000,-0.072000,-0.141125,0.022375,0.508110,-0.292450,0.092153,3.141592,-0.000003,-0.000034
18.904511,-1.679998,-0.344998,-10.425000,-0.072000,-0.141125,0.022375,0.508136,-0.292364,0.092154,3.141592,-0.000003,-0.000024
18.908515,-1.679999,-0.345003,-10.425000,-0.072000,-0.141125,0.022375,0.508162,-0.292276,0.092152,-3.141592,0.000001,-0.000017
18.912511,-1.680000,-0.345009,-10.425000,-0.072000,-0.141125,0.022375,0.508221,-0.292080,0.092152,-3.141591,0.000006,-0.000013
18.916511,-1.680000,-0.345009,-10.425000,-0.072000,-0.141125,0.022375,0.508236,-0.292012,0.092152,-3.141591,0.000006,-0.000053
18.920511,-1.680000,-0.345009,-10.425000,-0.072000,-0.141125,0.022375,0.508236,-0.292012,0.092152,-3.141591,0.000006,-0.000053
18.924668,-1.679999,-0.345007,-10.425000,-0.072000,-0.141125,0.022375,0.508301,-0.291818,0.092152,-3.141592,0.000004,-0.000029
18.928512,-1.679999,-0.345007,-10.425000,-0.072000,-0.141125,0.022375,0.508301,-0.291818,0.092152,-3.141592,0.000004,-0.000029
18.932513,-1.680000,-0.345012,-10.425000,-0.072000,-0.141125,0.022375,0.508354,-0.291645,0.092152,-3.141590,0.000009,-0.000052
18.936511,-1.680000,-0.345012,-10.425000,-0.072000,-0.141125,0.022375,0.508354,-0.291645,0.092152,-3.141590,0.000009,-0.000052
18.940512,-1.670000,-0.345012,-10.435000,-0.072000,-0.142125,0.022375,0.508381,-0.291557,0.092152,-3.141590,0.000008,-0.000058
18.944514,-1.670000,-0.345009,-10.435000,-0.072000,-0.142125,0.022375,0.508407,-0.291468,0.092151,-3.141591,0.000006,-0.000071
18.948513,-1.670002,-0.345020,-10.435001,-0.072000,-0.142125,0.022375,0.508459,-0.291292,0.092149,-3.141588,0.000016,-0.000090
18.952513,-1.670001,-0.345019,-10.435001,-0.072000,-0.142125,0.022375,0.508486,-0.291207,0.092148,-3.141589,0.000015,-0.000087
18.956514,-1.670000,-0.345011,-10.435000,-0.072000,-0.142125,0.022375,0.508513,-0.291119,0.092150,-3.141591,0.000008,-0.000073
18.960486,-1.670000,-0.345011,-10.435000,-0.072000,-0.142125,0.022375,0.508513,-0.291119,0.092150,-3.141591,0.000008,-0.000073
18.964478,-1.670000,-0.345010,-10.435000,-0.072000,-0.142125,0.022375,0.508541,-0.291031,0.092149,-3.141591,0.000006,-0.000059
18.968512,-1.670001,-0.345014,-10.435000,-0.072000,-0.142125,0.022375,0.508567,-0.290943,0.092147,-3.141590,0.000010,-0.000045
18.972513,-1.670000,-0.345013,-10.435000,-0.072000,-0.142125,0.022375,0.508594,-0.290857,0.092147,-3.141590,0.000009,-0.000022
18.976513,-1.669999,-0.265006,-10.495000,-0.074000,-0.145125,0.022375,0.508623,-0.290770,0.092149,-3.141592,0.000003,-0.000007
18.980512,-1.670000,-0.265012,-10.495000,-0.074000,-0.145125,0.022375,0.508650,-0.290682,0.092148,-3.141590,0.000009,0.000000
18.984512,-1.670001,-0.265017,-10.495001,-0.074000,-0.145125,0.022375,0.508676,-0.290594,0.092146,-3.141589,0.000013,0.000001
18.988513,-1.670000,-0.265010,-10.495000,-0.074000,-0.145125,0.022375,0.508703,-0.290509,0.092148,-3.141591,0.000007,-0.000003
18.992512,-1.670001,-0.265016,-10.495001,-0.074000,-0.145125,0.022375,0.508731,-0.290421,0.092147,-3.141589,0.000012,-0.000003
18.996512,-1.670000,-0.265010,-10.495000,-0.074000,-0.145125,0.022375,0.508759,-0.290333,0.092149,-3.141591,0.000007,-0.000015
19.000512,-1.670000,-0.265008,-10.495000,-0.074000,-0.145125,0.022375,0.508787,-0.290246,0.092149,-3.141591,0.000005,-0.000021
19.004512,-1.670000,-0.265009,-10.495000,-0.074000,-0.145125,0.022375,0.508815,-0.290158,0.092150,-3.141591,0.000006,-0.000027
19.008512,-1.670000,-0.265008,-10.495000,-0.074000,-0.145125,0.022375,0.508843,-0.290070,0.092150,-3.141591,0.000005,-0.000040
19.012511,-1.669999,-0.265002,-10.495000,-0.074000,-0.145125,0.022375,0.508871,-0.289983,0.092152,3.141592,-0.000001,-0.000060
19.016515,-1.679998,-0.264995,-10.505000,-0.073000,-0.145125,0.022375,0.508898,-0.289897,0.092154,3.141591,-0.000006,-0.000077
19.020513,-1.729997,-0.304989,-10.574999,-0.071000,-0.148125,0.023375,0.508927,-0.289810,0.092157,3.141589,-0.000012,-0.000090
19.024510,-1.729998,-0.304996,-10.575000,-0.071000,-0.148125,0.023375,0.508952,-0.289721,0.092157,3.141591,-0.000006,-0.000096
19.028512,-1.729997,-0.304994,-10.575000,-0.071000,-0.148125,0.023375,0.508979,-0.289636,0.092156,3.141591,-0.000007,-0.000100
19.032512,-1.729998,-0.304995,-10.575000,-0.071000,-0.148125,0.023375,0.509006,-0.289548,0.092158,3.141591,-0.000006,-0.000092
19.036516,-1.729999,-0.305002,-10.575000,-0.071000,-0.148125,0.023375,0.509030,-0.289462,0.092158,3.141593,-0.000000,-0.000089
19.040512,-1.729998,-0.304996,-10.575000,-0.071000,-0.148125,0.023375,0.509056,-0.289379,0.092160,3.141591,-0.000006,-0.000078
19.044512,-1.729999,-0.305002,-10.575000,-0.071000,-0.148125,0.023375,0.509081,-0.289296,0.092159,3.141593,-0.000000,-0.000066
19.048512,-1.730000,-0.305008,-10.575000,-0.071000,-0.148125,0.023375,0.509104,-0.289215,0.092158,-3.141591,0.000005,-0.000052
19.052511,-1.729999,-0.305001,-10.575000,-0.071000,-0.148125,0.023375,0.509128,-0.289134,0.092160,3.141592,-0.000001,-0.000044
19.056512,-1.730001,-0.305013,-10.575000,-0.071000,-0.148125,0.023375,0.509151,-0.289051,0.092157,-3.141590,0.000010,-0.000073
19.060512,-1.730002,-0.365024,-10.505001,-0.068000,-0.148125,0.023375,0.509170,-0.288969,0.092153,-3.141588,0.000019,-0.000072
19.064512,-1.730001,-0.365018,-10.505001,-0.068000,-0.148125,0.023375,0.509194,-0.288885,0.092156,-3.141589,0.000014,-0.000074
19.068512,-1.730002,-0.365023,-10.505001,-0.068000,-0.148125,0.023375,0.509219,-0.288805,0.092155,-3.141588,0.000018,-0.000080
19.072512,-1.730002,-0.365025,-10.505001,-0.068000,-0.148125,0.023375,0.509254,-0.288700,0.092157,-3.141587,0.000020,-0.000048
19.076512,-1.730003,-0.365031,-10.505001,-0.068000,-0.148125,0.023375,0.509278,-0.288617,0.092156,-3.141586,0.000025,-0.000056
19.080512,-1.730004,-0.365032,-10.505001,-0.068000,-0.148125,0.023375,0.509303,-0.288534,0.092158,-3.141586,0.000026,-0.000064
19.084510,-1.730005,-0.365038,-10.505002,-0.068000,-0.148125,0.023375,0.509326,-0.288453,0.092157,-3.141584,0.000032,-0.000077
19.088513,-1.730004,-0.365032,-10.505001,-0.068000,-0.148125,0.023375,0.509352,-0.288370,0.092159,-3.141586,0.000026,-0.000092
19.092512,-1.730006,-0.365044,-10.505002,-0.068000,-0.148125,0.023375,0.509376,-0.288284,0.092156,-3.141583,0.000036,-0.000096
19.096513,-1.740006,-0.315045,-10.295002,-0.069000,-0.143125,0.022375,0.509399,-0.288203,0.092158,-3.141583,0.000037,-0.000116
19.100513,-1.740007,-0.315051,-10.295002,-0.068999,-0.143125,0.022375,0.509423,-0.288120,0.092157,-3.141581,0.000043,-0.000124
19.104513,-1.740007,-0.315052,-10.295002,-0.068999,-0.143125,0.022375,0.509448,-0.288037,0.092158,-3.141581,0.000043,-0.000119
19.108510,-1.740007,-0.315053,-10.295002,-0.068999,-0.143125,0.022375,0.509472,-0.287956,0.092160,-3.141581,0.000044,-0.000118
19.112512,-1.740007,-0.315053,-10.295002,-0.068999,-0.143125,0.022375,0.509498,-0.287873,0.092160,-3.141581,0.000044,-0.000107
19.116512,-1.740007,-0.315054,-10.295002,-0.068999,-0.143125,0.022375,0.509523,-0.287790,0.092162,-3.141581,0.000045,-0.000095
19.120476,-1.740007,-0.315055,-10.295002,-0.068999,-0.143125,0.022375,0.509548,-0.287707,0.092163,-3.141581,0.000046,-0.000083
19.124518,-1.740006,-0.315048,-10.295002,-0.068999,-0.143125,0.022375,0.509575,-0.287624,0.092165,-3.141582,0.000040,-0.000064
19.128510,-1.740006,-0.315049,-10.295002,-0.068999,-0.143125,0.022375,0.509600,-0.287541,0.092166,-3.141582,0.000041,-0.000052
19.132473,-1.740006,-0.315044,-10.295002,-0.069000,-0.143125,0.022375,0.509626,-0.287458,0.092170,-3.141583,0.000036,-0.000041
19.136512,-1.730004,-0.275036,-10.335002,-0.072000,-0.143125,0.022375,0.509652,-0.287378,0.092171,-3.141585,0.000030,-0.000040
19.140512,-1.730004,-0.275031,-10.335001,-0.072000,-0.143125,0.022375,0.509678,-0.287298,0.092174,-3.141586,0.000025,-0.000033
19.144512,-1.730003,-0.275025,-10.335001,-0.072000,-0.143125,0.022375,0.509707,-0.287216,0.092177,-3.141587,0.000020,-0.000021
19.148512,-1.730003,-0.275025,-10.335001,-0.072000,-0.143125,0.022375,0.509732,-0.287135,0.092177,-3.141587,0.000020,-0.000027
19.152516,-1.730002,-0.275019,-10.335001,-0.072000,-0.143125,0.022375,0.509759,-0.287056,0.092180,-3.141589,0.000015,-0.000033
19.156512,-1.730003,-0.275027,-10.335001,-0.072000,-0.143125,0.022375,0.509785,-0.286973,0.092180,-3.141587,0.000021,-0.000035
19.160512,-1.730003,-0.275026,-10.335001,-0.072000,-0.143125,0.022375,0.509812,-0.286893,0.092180,-3.141587,0.000021,-0.000048
19.164512,-1.730002,-0.275021,-10.335001,-0.072000,-0.143125,0.022375,0.509839,-0.286810,0.092183,-3.141588,0.000016,-0.000056
19.168512,-1.730002,-0.275020,-10.335001,-0.072000,-0.143125,0.022375,0.509866,-0.286730,0.092183,-3.141589,0.000015,-0.000062
19.172512,-1.670001,-0.255014,-10.295001,-0.072000,-0.140125,0.022375,0.509894,-0.286648,0.092185,-3.141590,0.000010,-0.000077
19.176512,-1.600001,-0.295014,-10.165001,-0.068000,-0.136125,0.022375,0.509919,-0.286568,0.092186,-3.141590,0.000010,-0.000083
19.180513,-1.600001,-0.295014,-10.165001,-0.068000,-0.136125,0.022375,0.509944,-0.286487,0.092187,-3.141590,0.000010,-0.000089
19.184512,-1.600001,-0.295014,-10.165001,-0.068000,-0.136125,0.022375,0.509971,-0.286405,0.092187,-3.141590,0.000010,-0.000084
19.188515,-1.600001,-0.295014,-10.165001,-0.068000,-0.136125,0.022375,0.509996,-0.286324,0.092188,-3.141590,0.000010,-0.000077
19.192511,-1.600000,-0.295008,-10.165000,-0.068000,-0.136125,0.022375,0.510024,-0.286242,0.092191,-3.141591,0.000005,-0.000065
19.196513,-1.600000,-0.295008,-10.165000,-0.068000,-0.136125,0.022375,0.510049,-0.286162,0.092191,-3.141591,0.000005,-0.000058
19.200512,-1.599998,-0.294997,-10.165000,-0.068000,-0.136125,0.022375,0.510078,-0.286080,0.092196,3.141592,-0.000004,-0.000046
19.204512,-1.599997,-0.294990,-10.164999,-0.068000,-0.136125,0.022375,0.510104,-0.285999,0.092198,3.141590,-0.000011,-0.000072
19.208513,-1.599998,-0.294998,-10.165000,-0.068000,-0.136125,0.022375,0.510123,-0.285917,0.092198,3.141592,-0.000004,-0.000065
19.212513,-1.599998,-0.294998,-10.165000,-0.068000,-0.136125,0.022375,0.510149,-0.285835,0.092199,3.141592,-0.000004,-0.000053
19.216515,-1.599997,-0.294993,-10.165000,-0.068000,-0.136125,0.022375,0.510185,-0.285736,0.092202,3.141591,-0.000008,-0.000010
19.220475,-1.519997,-0.404993,-9.785000,-0.060000,-0.133125,0.021375,0.510211,-0.285653,0.092203,3.141591,-0.000008,-0.000004
19.224473,-1.519997,-0.404994,-9.785000,-0.060000,-0.133125,0.021375,0.510234,-0.285572,0.092205,3.141591,-0.000007,-0.000004
19.228553,-1.519997,-0.404994,-9.785000,-0.060000,-0.133125,0.021375,0.510260,-0.285490,0.092205,3.141591,-0.000007,-0.000005
19.232415,-1.519998,-0.405000,-9.785000,-0.060000,-0.133125,0.021375,0.510283,-0.285409,0.092204,3.141592,-0.000002,-0.000005
19.236500,-1.519997,-0.404993,-9.785000,-0.060000,-0.133125,0.021375,0.510308,-0.285326,0.092206,3.141591,-0.000008,-0.000006
19.240507,-1.519999,-0.405005,-9.785000,-0.060000,-0.133125,0.021375,0.510330,-0.285242,0.092204,-3.141592,0.000003,-0.000015
19.244449,-1.519998,-0.404999,-9.785000,-0.060000,-0.133125,0.021375,0.510355,-0.285159,0.092206,3.141592,-0.000003,-0.000023
19.248448,-1.519999,-0.405005,-9.785000,-0.060000,-0.133125,0.021375,0.510380,-0.285073,0.092205,-3.141592,0.000002,-0.000027
19.252529,-1.519999,-0.405004,-9.785000,-0.060000,-0.133125,0.021375,0.510403,-0.284989,0.092205,-3.141592,0.000002,-0.000035
19.256532,-1.479999,-0.335003,-9.385000,-0.058000,-0.131125,0.021375,0.510427,-0.284906,0.092205,-3.141592,0.000001,-0.000037
19.260526,-1.480000,-0.335007,-9.385000,-0.058000,-0.131125,0.021375,0.510450,-0.284823,0.092203,-3.141591,0.000005,-0.000039
19.264526,-1.480000,-0.335009,-9.385000,-0.058000,-0.131125,0.021375,0.510475,-0.284737,0.092205,-3.141591,0.000006,-0.000036
19.268508,-1.480000,-0.335007,-9.385000,-0.058000,-0.131125,0.021375,0.510500,-0.284654,0.092204,-3.141592,0.000004,-0.000037
19.272515,-1.480002,-0.335019,-9.385001,-0.058000,-0.131125,0.021375,0.510521,-0.284570,0.092201,-3.141589,0.000015,-0.000032
19.276516,-1.480000,-0.335012,-9.385000,-0.058000,-0.131125,0.021375,0.510548,-0.284488,0.092203,-3.141591,0.000008,-0.000034
19.280515,-1.480001,-0.335018,-9.385000,-0.058000,-0.131125,0.021375,0.510572,-0.284404,0.092202,-3.141589,0.000014,-0.000029
19.284506,-1.480002,-0.335024,-9.385001,-0.058000,-0.131125,0.021375,0.510597,-0.284319,0.092201,-3.141588,0.000019,-0.000026
19.288507,-1.480002,-0.335022,-9.385001,-0.058000,-0.131125,0.021375,0.510628,-0.284216,0.092200,-3.141588,0.000017,-0.000025
19.292507,-1.480002,-0.305022,-9.305001,-0.059000,-0.130125,0.021375,0.510647,-0.284153,0.092201,-3.141588,0.000018,-0.000029
19.296517,-1.550004,-0.245034,-9.135001,-0.062000,-0.129125,0.021375,0.510676,-0.284050,0.092198,-3.141586,0.000028,-0.000035
19.300512,-1.550003,-0.245027,-9.135001,-0.062000,-0.129125,0.021375,0.510696,-0.283986,0.092200,-3.141587,0.000022,-0.000032
19.304512,-1.550002,-0.245024,-9.135001,-0.062000,-0.129125,0.021375,0.510722,-0.283904,0.092199,-3.141588,0.000019,-0.000034
19.308510,-1.550000,-0.245012,-9.135000,-0.062000,-0.129125,0.021375,0.510749,-0.283821,0.092203,-3.141590,0.000009,-0.000035
19.312513,-1.549999,-0.245005,-9.135000,-0.062000,-0.129125,0.021375,0.510777,-0.283736,0.092204,-3.141592,0.000002,-0.000032
19.316513,-1.549999,-0.245005,-9.135000,-0.062000,-0.129125,0.021375,0.510802,-0.283654,0.092205,-3.141592,0.000002,-0.000041
19.320512,-1.549998,-0.244997,-9.135000,-0.062000,-0.129125,0.021375,0.510829,-0.283571,0.092206,3.141592,-0.000004,-0.000083
19.324512,-1.549998,-0.245001,-9.135000,-0.062000,-0.129125,0.021375,0.510853,-0.283488,0.092203,3.141592,-0.000001,-0.000091
19.328512,-1.549996,-0.244987,-9.134999,-0.062000,-0.129125,0.021375,0.510882,-0.283406,0.092206,3.141589,-0.000013,-0.000093
19.332517,-1.589996,-0.254988,-9.384999,-0.066000,-0.131125,0.021375,0.510903,-0.283319,0.092208,3.141589,-0.000013,-0.000090
19.336519,-1.589996,-0.254988,-9.384999,-0.066000,-0.131125,0.021375,0.510903,-0.283319,0.092208,3.141589,-0.000013,-0.000090
19.340489,-1.589996,-0.254985,-9.384999,-0.066000,-0.131125,0.021375,0.510969,-0.283129,0.092207,3.141589,-0.000015,-0.000050
19.344508,-1.589995,-0.254978,-9.384999,-0.066000,-0.131125,0.021375,0.510998,-0.283041,0.092208,3.141587,-0.000021,-0.000050
19.348512,-1.589995,-0.254978,-9.384999,-0.066000,-0.131125,0.021375,0.511026,-0.282956,0.092209,3.141587,-0.000021,-0.000053
19.352512,-1.589996,-0.254983,-9.384999,-0.066000,-0.131125,0.021375,0.511054,-0.282869,0.092207,3.141588,-0.000017,-0.000053
19.356511,-1.589994,-0.254976,-9.384999,-0.066000,-0.131125,0.021375,0.511083,-0.282782,0.092209,3.141587,-0.000023,-0.000059
19.360513,-1.589995,-0.254981,-9.384999,-0.066000,-0.131125,0.021375,0.511111,-0.282694,0.092207,3.141588,-0.000019,-0.000058
19.364487,-1.589994,-0.254973,-9.384999,-0.066000,-0.131125,0.021375,0.511138,-0.282609,0.092208,3.141586,-0.000025,-0.000069
19.368513,-1.589995,-0.254978,-9.384999,-0.066000,-0.131125,0.021375,0.511166,-0.282522,0.092206,3.141587,-0.000021,-0.000068
19.372512,-1.579994,-0.334976,-9.374999,-0.065000,-0.128125,0.022375,0.511195,-0.282435,0.092205,3.141587,-0.000023,-0.000067
19.376518,-1.579993,-0.334968,-9.374999,-0.065000,-0.128125,0.022375,0.511222,-0.282350,0.092207,3.141585,-0.000030,-0.000078
19.380518,-1.579994,-0.334973,-9.374999,-0.065000,-0.128125,0.022375,0.511249,-0.282264,0.092205,3.141586,-0.000025,-0.000082
19.384516,-1.579994,-0.334972,-9.374999,-0.065000,-0.128125,0.022375,0.511276,-0.282177,0.092204,3.141586,-0.000027,-0.000081
19.388512,-1.579993,-0.334969,-9.374999,-0.065000,-0.128125,0.022375,0.511303,-0.282092,0.092203,3.141585,-0.000029,-0.000085
19.392512,-1.579993,-0.334969,-9.374999,-0.065000,-0.128125,0.022375,0.511331,-0.282004,0.092204,3.141585,-0.000029,-0.000091
19.396514,-1.579995,-0.334980,-9.374999,-0.065000,-0.128125,0.022375,0.511355,-0.281919,0.092200,3.141588,-0.000019,-0.000095
19.400514,-1.579995,-0.334980,-9.374999,-0.065000,-0.128125,0.022375,0.511355,-0.281919,0.092200,3.141588,-0.000019,-0.000095
19.404512,-1.579996,-0.334984,-9.374999,-0.065000,-0.128125,0.022375,0.511409,-0.281746,0.092198,3.141589,-0.000016,-0.000085
19.408512,-1.579997,-0.334990,-9.375000,-0.065000,-0.128125,0.022375,0.511433,-0.281660,0.092197,3.141590,-0.000011,-0.000082
19.412512,-1.579998,-0.334996,-9.375000,-0.065000,-0.128125,0.022375,0.511459,-0.281572,0.092196,3.141591,-0.000005,-0.000074
19.416512,-1.479998,-0.404999,-9.365000,-0.060000,-0.126125,0.022375,0.511484,-0.281487,0.092193,3.141592,-0.000002,-0.000071
19.420512,-1.480000,-0.405007,-9.365000,-0.060000,-0.126125,0.022375,0.511512,-0.281399,0.092193,-3.141592,0.000004,-0.000064
19.424515,-1.480000,-0.405011,-9.365000,-0.060000,-0.126125,0.022375,0.511536,-0.281311,0.092191,-3.141591,0.000008,-0.000063
19.428514,-1.480001,-0.405017,-9.365000,-0.060000,-0.126125,0.022375,0.511560,-0.281225,0.092190,-3.141589,0.000013,-0.000074
19.432512,-1.480000,-0.405010,-9.365000,-0.060000,-0.126125,0.022375,0.511589,-0.281138,0.092192,-3.141591,0.000007,-0.000080
19.436512,-1.480001,-0.405016,-9.365000,-0.060000,-0.126125,0.022375,0.511614,-0.281052,0.092191,-3.141590,0.000012,-0.000084
19.440517,-1.480001,-0.405016,-9.365000,-0.060000,-0.126125,0.022375,0.511614,-0.281052,0.092191,-3.141590,0.000012,-0.000084
19.444510,-1.480001,-0.405016,-9.365000,-0.060000,-0.126125,0.022375,0.511666,-0.280876,0.092192,-3.141590,0.000012,-0.000096
19.448546,-1.480002,-0.405022,-9.365001,-0.060000,-0.126125,0.022375,0.511691,-0.280791,0.092191,-3.141588,0.000017,-0.000107
19.452545,-1.590002,-0.335020,-9.595001,-0.064000,-0.134125,0.022375,0.511717,-0.280703,0.092190,-3.141589,0.000016,-0.000106
19.456547,-1.590003,-0.335026,-9.595001,-0.064000,-0.134125,0.022375,0.511743,-0.280615,0.092189,-3.141587,0.000021,-0.000098
19.460545,-1.590003,-0.335025,-9.595001,-0.064000,-0.134125,0.022375,0.511769,-0.280527,0.092189,-3.141588,0.000020,-0.000105
19.464532,-1.590004,-0.335031,-9.595001,-0.064000,-0.134125,0.022375,0.511794,-0.280442,0.092188,-3.141586,0.000025,-0.000102
19.468527,-1.590004,-0.335031,-9.595001,-0.064000,-0.134125,0.022375,0.511822,-0.280354,0.092189,-3.141586,0.000025,-0.000094
19.472523,-1.590003,-0.335026,-9.595001,-0.064000,-0.134125,0.022375,0.511849,-0.280269,0.092192,-3.141588,0.000021,-0.000078
19.476521,-1.590005,-0.335037,-9.595001,-0.064000,-0.134125,0.022375,0.511874,-0.280181,0.092189,-3.141585,0.000030,-0.000111
19.480499,-1.590004,-0.335030,-9.595001,-0.064000,-0.134125,0.022375,0.511897,-0.280093,0.092191,-3.141587,0.000024,-0.000104
19.484507,-1.590004,-0.335030,-9.595001,-0.064000,-0.134125,0.022375,0.511897,-0.280093,0.092191,-3.141587,0.000024,-0.000104
19.488516,-1.590006,-0.335041,-9.595001,-0.064000,-0.134125,0.022375,0.511932,-0.279986,0.092187,-3.141584,0.000034,-0.000060
19.492514,-1.590005,-0.335033,-9.595001,-0.064000,-0.134125,0.022375,0.511989,-0.279811,0.092189,-3.141586,0.000027,-0.000052
19.496462,-1.590005,-0.335033,-9.595001,-0.064000,-0.134125,0.022375,0.511989,-0.279811,0.092189,-3.141586,0.000027,-0.000052
19.500510,-1.740004,-0.255032,-9.785001,-0.069000,-0.141125,0.023375,0.512014,-0.279726,0.092189,-3.141586,0.000026,-0.000049
19.504512,-1.740004,-0.255031,-9.785001,-0.069000,-0.141125,0.023375,0.512066,-0.279553,0.092189,-3.141587,0.000025,-0.000059
19.508509,-1.740004,-0.255031,-9.785001,-0.069000,-0.141125,0.023375,0.512066,-0.279553,0.092189,-3.141587,0.000025,-0.000059
19.512514,-1.740005,-0.255034,-9.785001,-0.069000,-0.141125,0.023375,0.512120,-0.279378,0.092187,-3.141586,0.000028,-0.000071
19.516515,-1.740005,-0.255034,-9.785001,-0.069000,-0.141125,0.023375,0.512120,-0.279378,0.092187,-3.141586,0.000028,-0.000071
19.520512,-1.740005,-0.255034,-9.785001,-0.069000,-0.141125,0.023375,0.512148,-0.279290,0.092188,-3.141586,0.000028,-0.000077
19.524518,-1.740004,-0.255029,-9.785001,-0.069000,-0.141125,0.023375,0.512176,-0.279203,0.092191,-3.141587,0.000024,-0.000083
19.528515,-1.740002,-0.255022,-9.785001,-0.069000,-0.141125,0.023375,0.512230,-0.279030,0.092193,-3.141588,0.000017,-0.000093
19.532512,-1.740002,-0.255022,-9.785001,-0.069000,-0.141125,0.023375,0.512230,-0.279030,0.092193,-3.141588,0.000017,-0.000093
19.536512,-1.790003,-0.315028,-9.905001,-0.068000,-0.141125,0.024375,0.512256,-0.278942,0.092192,-3.141587,0.000022,-0.000086
19.540512,-1.790003,-0.315028,-9.905001,-0.068000,-0.141125,0.024375,0.512282,-0.278857,0.092193,-3.141587,0.000022,-0.000090
19.544475,-1.790002,-0.315020,-9.905001,-0.068000,-0.141125,0.024375,0.512310,-0.278770,0.092194,-3.141589,0.000016,-0.000075
19.548506,-1.790002,-0.315020,-9.905001,-0.068000,-0.141125,0.024375,0.512310,-0.278770,0.092194,-3.141589,0.000016,-0.000075
19.552507,-1.790002,-0.315020,-9.905001,-0.068000,-0.141125,0.024375,0.512363,-0.278600,0.092195,-3.141589,0.000016,-0.000056
19.556544,-1.790002,-0.315020,-9.905001,-0.068000,-0.141125,0.024375,0.512389,-0.278515,0.092196,-3.141589,0.000016,-0.000040
19.560539,-1.790001,-0.315013,-9.905000,-0.068000,-0.141125,0.024375,0.512418,-0.278427,0.092198,-3.141590,0.000009,-0.000026
19.564470,-1.790000,-0.315007,-9.905000,-0.068000,-0.141125,0.024375,0.512446,-0.278343,0.092200,-3.141592,0.000004,-0.000016
19.568525,-1.790001,-0.315013,-9.905000,-0.068000,-0.141125,0.024375,0.512470,-0.278257,0.092199,-3.141590,0.000010,-0.000006
19.572525,-1.790001,-0.315013,-9.905000,-0.068000,-0.141125,0.024375,0.512498,-0.278170,0.092200,-3.141590,0.000010,0.000001
19.576503,-1.790001,-0.395013,-9.965001,-0.066000,-0.140125,0.024375,0.512524,-0.278084,0.092200,-3.141590,0.000010,-0.000010
19.580518,-1.790000,-0.395012,-9.965001,-0.066000,-0.140125,0.024375,0.512549,-0.277999,0.092200,-3.141591,0.000008,-0.000013
19.584520,-1.790001,-0.395017,-9.965001,-0.066000,-0.140125,0.024375,0.512576,-0.277911,0.092198,-3.141590,0.000013,-0.000020
19.588520,-1.790002,-0.395023,-9.965001,-0.066000,-0.140125,0.024375,0.512600,-0.277826,0.092197,-3.141588,0.000018,-0.000030
19.592513,-1.790001,-0.395015,-9.965001,-0.066000,-0.140125,0.024375,0.512628,-0.277738,0.092199,-3.141590,0.000011,-0.000036
19.596515,-1.790002,-0.395023,-9.965001,-0.066000,-0.140125,0.024375,0.512653,-0.277653,0.092199,-3.141588,0.000018,-0.000047
19.600505,-1.790003,-0.395026,-9.965001,-0.066000,-0.140125,0.024375,0.512679,-0.277565,0.092196,-3.141588,0.000021,-0.000053
19.604506,-1.790003,-0.395026,-9.965001,-0.066000,-0.140125,0.024375,0.512705,-0.277480,0.092196,-3.141588,0.000021,-0.000063
19.608512,-1.790003,-0.395027,-9.965001,-0.066000,-0.140125,0.024375,0.512726,-0.277394,0.092198,-3.141587,0.000022,-0.000121
19.612512,-1.790003,-0.395027,-9.965001,-0.066000,-0.140125,0.024375,0.512764,-0.277285,0.092198,-3.141587,0.000022,-0.000080
19.616512,-1.730004,-0.355032,-9.745001,-0.066000,-0.135125,0.023375,0.512790,-0.277200,0.092197,-3.141586,0.000026,-0.000084
19.620512,-1.730003,-0.355027,-9.745001,-0.066000,-0.135125,0.023375,0.512818,-0.277113,0.092200,-3.141587,0.000022,-0.000070
19.624512,-1.730003,-0.355025,-9.745001,-0.066000,-0.135125,0.023375,0.512842,-0.277027,0.092200,-3.141588,0.000020,-0.000060
19.628512,-1.730003,-0.355025,-9.745001,-0.066000,-0.135125,0.023375,0.512870,-0.276940,0.092200,-3.141588,0.000020,-0.000032
19.632512,-1.730002,-0.355019,-9.745001,-0.066000,-0.135125,0.023375,0.512898,-0.276855,0.092203,-3.141589,0.000015,-0.000016
19.636513,-1.730002,-0.355018,-9.745001,-0.066000,-0.135125,0.023375,0.512921,-0.276772,0.092202,-3.141589,0.000014,-0.000011
19.640512,-1.730001,-0.355012,-9.745000,-0.066000,-0.135125,0.023375,0.512949,-0.276687,0.092205,-3.141591,0.000009,0.000006
19.644512,-1.730001,-0.355012,-9.745000,-0.066000,-0.135125,0.023375,0.512974,-0.276604,0.092206,-3.141591,0.000009,0.000011
19.648518,-1.729999,-0.355006,-9.745000,-0.066000,-0.135125,0.023375,0.513001,-0.276522,0.092208,-3.141592,0.000003,0.000009
19.652511,-1.730001,-0.355014,-9.745000,-0.066000,-0.135125,0.023375,0.513025,-0.276439,0.092208,-3.141590,0.000010,0.000007
19.656509,-1.729999,-0.355003,-9.745000,-0.066000,-0.135125,0.023375,0.513054,-0.276354,0.092213,-3.141593,0.000000,0.000004
19.660512,-1.699999,-0.345003,-9.785000,-0.066000,-0.137125,0.023375,0.513077,-0.276274,0.092214,-3.141593,0.000000,-0.000009
19.664512,-1.699999,-0.345002,-9.785000,-0.066000,-0.137125,0.023375,0.513105,-0.276189,0.092214,3.141593,-0.000000,-0.000020
19.668513,-1.699998,-0.344996,-9.785000,-0.066000,-0.137125,0.023375,0.513132,-0.276107,0.092216,3.141591,-0.000006,-0.000035
19.672513,-1.699998,-0.344996,-9.785000,-0.066000,-0.137125,0.023375,0.513156,-0.276024,0.092217,3.141591,-0.000006,-0.000050
19.676512,-1.699996,-0.344990,-9.784999,-0.066000,-0.137125,0.023375,0.513183,-0.275942,0.092219,3.141590,-0.000011,-0.000065
19.680513,-1.699996,-0.344990,-9.784999,-0.066000,-0.137125,0.023375,0.513209,-0.275856,0.092220,3.141590,-0.000011,-0.000082
19.684511,-1.699996,-0.344989,-9.784999,-0.066000,-0.137125,0.023375,0.513236,-0.275774,0.092220,3.141590,-0.000012,-0.000091
19.688514,-1.699995,-0.344983,-9.784999,-0.066000,-0.137125,0.023375,0.513262,-0.275692,0.092222,3.141589,-0.000017,-0.000092
19.692511,-1.699995,-0.344982,-9.784999,-0.066000,-0.137125,0.023375,0.513289,-0.275609,0.092222,3.141588,-0.000018,-0.000134
19.696517,-1.629995,-0.354982,-9.534999,-0.062000,-0.134125,0.021375,0.513315,-0.275524,0.092223,3.141588,-0.000018,-0.000084
19.700512,-1.629995,-0.354981,-9.534999,-0.062000,-0.134125,0.021375,0.513348,-0.275422,0.092222,3.141588,-0.000019,-0.000077
19.704513,-1.629995,-0.354981,-9.534999,-0.062000,-0.134125,0.021375,0.513348,-0.275422,0.092222,3.141588,-0.000019,-0.000077
19.708512,-1.629994,-0.354979,-9.534999,-0.062000,-0.134125,0.021375,0.513394,-0.275277,0.092222,3.141588,-0.000020,-0.000056
19.712518,-1.629995,-0.354984,-9.534999,-0.062000,-0.134125,0.021375,0.513418,-0.275194,0.092221,3.141589,-0.000016,-0.000050
19.716512,-1.629995,-0.354983,-9.534999,-0.062000,-0.134125,0.021375,0.513446,-0.275109,0.092220,3.141589,-0.000017,-0.000041
19.720513,-1.629995,-0.354982,-9.534999,-0.062000,-0.134125,0.021375,0.513472,-0.275027,0.092220,3.141588,-0.000018,-0.000042
19.724512,-1.629996,-0.354987,-9.534999,-0.062000,-0.134125,0.021375,0.513496,-0.274944,0.092219,3.141590,-0.000013,-0.000044
19.728513,-1.629996,-0.354986,-9.534999,-0.062000,-0.134125,0.021375,0.513523,-0.274861,0.092218,3.141589,-0.000014,-0.000046
19.732513,-1.629996,-0.354985,-9.534999,-0.062000,-0.134125,0.021375,0.513549,-0.274779,0.092218,3.141589,-0.000015,-0.000047
19.736484,-1.629995,-0.364984,-9.054999,-0.057000,-0.130125,0.021375,0.513575,-0.274696,0.092218,3.141589,-0.000016,-0.000056
19.740514,-1.629995,-0.364982,-9.054999,-0.057000,-0.130125,0.021375,0.513600,-0.274614,0.092217,3.141588,-0.000018,-0.000064
19.744513,-1.629995,-0.364981,-9.054999,-0.057000,-0.130125,0.021375,0.513626,-0.274531,0.092217,3.141588,-0.000019,-0.000113
19.748512,-1.629995,-0.364981,-9.054999,-0.057000,-0.130125,0.021375,0.513657,-0.274429,0.092217,3.141588,-0.000019,-0.000085
19.752518,-1.629994,-0.364980,-9.054999,-0.057000,-0.130125,0.021375,0.513684,-0.274346,0.092217,3.141588,-0.000020,-0.000093
19.756511,-1.629995,-0.364985,-9.054999,-0.057000,-0.130125,0.021375,0.513708,-0.274263,0.092215,3.141589,-0.000016,-0.000102
19.760561,-1.629995,-0.364985,-9.054999,-0.057000,-0.130125,0.021375,0.513731,-0.274183,0.092216,3.141589,-0.000015,-0.000121
19.764506,-1.629996,-0.364990,-9.054999,-0.057000,-0.130125,0.021375,0.513755,-0.274100,0.092214,3.141590,-0.000011,-0.000123
19.768506,-1.629996,-0.364989,-9.054999,-0.057000,-0.130125,0.021375,0.513780,-0.274020,0.092214,3.141590,-0.000012,-0.000122
19.772507,-1.629996,-0.364989,-9.054999,-0.057000,-0.130125,0.021375,0.513804,-0.273937,0.092215,3.141590,-0.000012,-0.000117
19.776513,-1.709997,-0.344994,-9.035000,-0.059000,-0.132125,0.021375,0.513828,-0.273854,0.092213,3.141591,-0.000008,-0.000105
19.780512,-1.709997,-0.344994,-9.035000,-0.059000,-0.132125,0.021375,0.513852,-0.273771,0.092214,3.141591,-0.000007,-0.000087
19.784514,-1.709997,-0.344993,-9.034999,-0.059000,-0.132125,0.021375,0.513877,-0.273691,0.092214,3.141591,-0.000008,-0.000073
19.788512,-1.709998,-0.344998,-9.035000,-0.059000,-0.132125,0.021375,0.513901,-0.273608,0.092212,3.141592,-0.000004,-0.000061
19.792513,-1.709999,-0.345003,-9.035000,-0.059000,-0.132125,0.021375,0.513925,-0.273525,0.092210,-3.141593,0.000000,-0.000049
19.796513,-1.709998,-0.344997,-9.035000,-0.059000,-0.132125,0.021375,0.513950,-0.273445,0.092213,3.141592,-0.000005,-0.000048
19.800513,-1.709999,-0.345002,-9.035000,-0.059000,-0.132125,0.021375,0.513974,-0.273362,0.092211,3.141593,-0.000000,-0.000036
19.804513,-1.709998,-0.345001,-9.035000,-0.059000,-0.132125,0.021375,0.514000,-0.273279,0.092211,3.141592,-0.000001,-0.000031
19.808512,-1.709999,-0.345006,-9.035000,-0.059000,-0.132125,0.021375,0.514024,-0.273196,0.092209,-3.141592,0.000003,-0.000026
19.812513,-1.719999,-0.295005,-9.195000,-0.063000,-0.132125,0.021375,0.514049,-0.273116,0.092209,-3.141592,0.000002,-0.000032
19.816512,-1.720000,-0.295010,-9.195000,-0.063000,-0.132125,0.021375,0.514073,-0.273033,0.092207,-3.141591,0.000007,-0.000041
19.820513,-1.720001,-0.295014,-9.195000,-0.063000,-0.132125,0.021375,0.514099,-0.272951,0.092204,-3.141590,0.000010,-0.000042
19.824513,-1.720001,-0.295013,-9.195000,-0.063000,-0.132125,0.021375,0.514125,-0.272868,0.092204,-3.141590,0.000009,-0.000051
19.828512,-1.720000,-0.295007,-9.195000,-0.063000,-0.132125,0.021375,0.514150,-0.272788,0.092207,-3.141592,0.000004,-0.000070
19.832518,-1.720000,-0.295010,-9.195000,-0.063000,-0.132125,0.021375,0.514175,-0.272703,0.092203,-3.141591,0.000006,-0.000074
19.836518,-1.720000,-0.295009,-9.195000,-0.063000,-0.132125,0.021375,0.514201,-0.272620,0.092203,-3.141591,0.000006,-0.000089
19.840512,-1.720001,-0.295014,-9.195000,-0.063000,-0.132125,0.021375,0.514226,-0.272535,0.092201,-3.141590,0.000010,-0.000086
19.844514,-1.719999,-0.295005,-9.195000,-0.063000,-0.132125,0.021375,0.514255,-0.272448,0.092201,-3.141592,0.000003,-0.000079
19.848468,-1.719999,-0.295004,-9.195000,-0.063000,-0.132125,0.021375,0.514282,-0.272363,0.092201,-3.141592,0.000002,-0.000083
19.852511,-1.720000,-0.295009,-9.195000,-0.063000,-0.132125,0.021375,0.514309,-0.272276,0.092199,-3.141591,0.000006,-0.000075
19.856512,-1.610000,-0.335009,-9.465000,-0.063000,-0.131125,0.020375,0.514341,-0.272169,0.092200,-3.141591,0.000006,-0.000065
19.860512,-1.610000,-0.335006,-9.465000,-0.063000,-0.131125,0.020375,0.514362,-0.272103,0.092198,-3.141592,0.000003,-0.000092
19.864517,-1.610000,-0.335007,-9.465000,-0.063000,-0.131125,0.020375,0.514389,-0.272019,0.092200,-3.141592,0.000005,-0.000049
19.868494,-1.610001,-0.335012,-9.465001,-0.063000,-0.131125,0.020375,0.514415,-0.271931,0.092198,-3.141591,0.000009,-0.000082
19.872502,-1.610001,-0.335011,-9.465001,-0.063000,-0.131125,0.020375,0.514450,-0.271824,0.092198,-3.141591,0.000008,-0.000038
19.876549,-1.610001,-0.335011,-9.465001,-0.063000,-0.131125,0.020375,0.514475,-0.271739,0.092199,-3.141591,0.000008,-0.000029
19.880539,-1.610002,-0.335016,-9.465001,-0.063000,-0.131125,0.020375,0.514500,-0.271654,0.092197,-3.141590,0.000012,-0.000032
19.884532,-1.610000,-0.335010,-9.465001,-0.063000,-0.131125,0.020375,0.514527,-0.271569,0.092199,-3.141591,0.000007,-0.000029
19.888484,-1.610001,-0.335015,-9.465001,-0.063000,-0.131125,0.020375,0.514553,-0.271481,0.092197,-3.141590,0.000011,-0.000029
19.892522,-1.610000,-0.335009,-9.465000,-0.063000,-0.131125,0.020375,0.514581,-0.271397,0.092200,-3.141591,0.000006,-0.000033
19.896507,-1.649998,-0.325001,-9.735000,-0.064000,-0.138125,0.022375,0.514608,-0.271312,0.092200,3.141592,-0.000001,-0.000037
19.900518,-1.649999,-0.325001,-9.735000,-0.064000,-0.138125,0.022375,0.514633,-0.271227,0.092201,3.141592,-0.000001,-0.000040
19.904479,-1.649998,-0.325000,-9.735000,-0.064000,-0.138125,0.022375,0.514662,-0.271140,0.092201,3.141592,-0.000002,-0.000046
19.908518,-1.649998,-0.324999,-9.735000,-0.064000,-0.138125,0.022375,0.514689,-0.271055,0.092201,3.141592,-0.000003,-0.000050
19.912514,-1.650000,-0.325006,-9.735000,-0.064000,-0.138125,0.022375,0.514713,-0.270969,0.092201,-3.141592,0.000004,-0.000054
19.916514,-1.649999,-0.325005,-9.735000,-0.064000,-0.138125,0.022375,0.514740,-0.270885,0.092201,-3.141592,0.000003,-0.000051
19.920505,-1.649998,-0.324997,-9.735000,-0.064000,-0.138125,0.022375,0.514769,-0.270798,0.092201,3.141592,-0.000005,-0.000044
19.924506,-1.649998,-0.324997,-9.735000,-0.064000,-0.138125,0.022375,0.514794,-0.270712,0.092202,3.141592,-0.000005,-0.000048
19.928512,-1.649998,-0.324996,-9.735000,-0.064000,-0.138125,0.022375,0.514821,-0.270627,0.092202,3.141591,-0.000006,-0.000045
19.932512,-1.649999,-0.325001,-9.735000,-0.064000,-0.138125,0.022375,0.514846,-0.270540,0.092200,3.141592,-0.000001,-0.000037
19.936512,-1.769999,-0.305006,-9.795000,-0.066000,-0.144125,0.021375,0.514871,-0.270454,0.092198,-3.141592,0.000003,-0.000041
19.940513,-1.769999,-0.305006,-9.795000,-0.066000,-0.144125,0.021375,0.514897,-0.270367,0.092199,-3.141592,0.000003,-0.000041
19.944513,-1.769999,-0.305005,-9.795000,-0.066000,-0.144125,0.021375,0.514925,-0.270280,0.092199,-3.141592,0.000002,-0.000040
19.948512,-1.770000,-0.305010,-9.795000,-0.066000,-0.144125,0.021375,0.514951,-0.270192,0.092197,-3.141591,0.000007,-0.000039
19.952514,-1.770000,-0.305010,-9.795000,-0.066000,-0.144125,0.021375,0.514951,-0.270192,0.092197,-3.141591,0.000007,-0.000039
19.956515,-1.770000,-0.305007,-9.795000,-0.066000,-0.144125,0.021375,0.515006,-0.270017,0.092196,-3.141592,0.000004,-0.000038
19.960523,-1.770000,-0.305007,-9.795000,-0.066000,-0.144125,0.021375,0.515032,-0.269930,0.092196,-3.141592,0.000004,-0.000030
19.964482,-1.769999,-0.305003,-9.795000,-0.066000,-0.144125,0.021375,0.515060,-0.269843,0.092194,-3.141592,0.000001,-0.000037
19.968483,-1.770000,-0.305008,-9.795000,-0.066000,-0.144125,0.021375,0.515085,-0.269757,0.092193,-3.141591,0.000005,-0.000040
19.972507,-1.770000,-0.305007,-9.795000,-0.066000,-0.144125,0.021375,0.515112,-0.269670,0.092193,-3.141592,0.000004,-0.000040
19.976479,-1.730000,-0.365007,-9.825000,-0.063000,-0.142125,0.022375,0.515138,-0.269583,0.092193,-3.141592,0.000004,-0.000046
19.980531,-1.730001,-0.365012,-9.825000,-0.063000,-0.142125,0.022375,0.515163,-0.269497,0.092191,-3.141591,0.000009,-0.000050
19.984533,-1.730001,-0.365011,-9.825000,-0.063000,-0.142125,0.022375,0.515191,-0.269410,0.092191,-3.141591,0.000008,-0.000056
19.988452,-1.730000,-0.365010,-9.825000,-0.063000,-0.142125,0.022375,0.515219,-0.269323,0.092191,-3.141591,0.000007,-0.000055
19.992479,-1.730001,-0.365015,-9.825000,-0.063000,-0.142125,0.022375,0.515244,-0.269235,0.092189,-3.141590,0.000012,-0.000054
19.996526,-1.730000,-0.365009,-9.825000,-0.063000,-0.142125,0.022375,0.515273,-0.269148,0.092192,-3.141591,0.000006,-0.000054
20.000518,-1.730000,-0.365009,-9.825000,-0.063000,-0.142125,0.022375,0.515273,-0.269148,0.092192,-3.141591,0.000006,-0.000054
20.004479,-1.730000,-0.365008,-9.825000,-0.063000,-0.142125,0.022375,0.515299,-0.269063,0.092192,-3.141591,0.000006,-0.000057
20.008484,-1.730000,-0.365010,-9.825000,-0.063000,-0.142125,0.022375,0.515351,-0.268885,0.092188,-3.141591,0.000006,-0.000092
20.012495,-1.729999,-0.395005,-9.855000,-0.062000,-0.141125,0.022375,0.515388,-0.268777,0.092191,-3.141592,0.000002,-0.000058
20.016460,-1.729999,-0.395005,-9.855000,-0.062000,-0.141125,0.022375,0.515388,-0.268777,0.092191,-3.141592,0.000002,-0.000058
20.020505,-1.769999,-0.405005,-10.025000,-0.064000,-0.142125,0.022375,0.515412,-0.268691,0.092192,-3.141592,0.000002,-0.000068
20.024511,-1.770000,-0.405009,-10.025000,-0.064000,-0.142125,0.022375,0.515466,-0.268517,0.092190,-3.141591,0.000006,-0.000067
20.028511,-1.770000,-0.405009,-10.025000,-0.064000,-0.142125,0.022375,0.515466,-0.268517,0.092190,-3.141591,0.000006,-0.000067
20.032512,-1.769999,-0.405003,-10.025000,-0.064000,-0.142125,0.022375,0.515494,-0.268429,0.092192,-3.141593,0.000000,-0.000066
20.036512,-1.769999,-0.405002,-10.025000,-0.064000,-0.142125,0.022375,0.515520,-0.268345,0.092192,3.141593,-0.000000,-0.000077
20.040512,-1.769998,-0.405001,-10.025000,-0.064000,-0.142125,0.022375,0.515546,-0.268262,0.092192,3.141592,-0.000001,-0.000085
20.044512,-1.769999,-0.405006,-10.025000,-0.064000,-0.142125,0.022375,0.515570,-0.268177,0.092190,-3.141592,0.000003,-0.000082
20.048520,-1.769999,-0.405005,-10.025000,-0.064000,-0.142125,0.022375,0.515595,-0.268094,0.092190,-3.141592,0.000002,-0.000090
20.052513,-1.770001,-0.405011,-10.025001,-0.064000,-0.142125,0.022375,0.515620,-0.268011,0.092189,-3.141591,0.000008,-0.000092
20.056512,-1.770001,-0.405011,-10.025001,-0.064000,-0.142125,0.022375,0.515620,-0.268011,0.092189,-3.141591,0.000008,-0.000092
20.060512,-1.770001,-0.405011,-10.025001,-0.064000,-0.142125,0.022375,0.515620,-0.268011,0.092189,-3.141591,0.000008,-0.000092
20.064512,-1.740000,-0.335008,-10.075000,-0.068000,-0.139125,0.022375,0.515696,-0.267761,0.092189,-3.141591,0.000005,-0.000079
20.068518,-1.740001,-0.335015,-10.075000,-0.068000,-0.139125,0.022375,0.515722,-0.267676,0.092188,-3.141590,0.000011,-0.000076
20.072510,-1.740001,-0.335014,-10.075000,-0.068000,-0.139125,0.022375,0.515747,-0.267594,0.092188,-3.141590,0.000010,-0.000078
20.076543,-1.740001,-0.335013,-10.075000,-0.068000,-0.139125,0.022375,0.515774,-0.267509,0.092188,-3.141591,0.000010,-0.000075
20.080545,-1.740001,-0.335012,-10.075000,-0.068000,-0.139125,0.022375,0.515800,-0.267424,0.092188,-3.141591,0.000009,-0.000072
20.084538,-1.740001,-0.335011,-10.075000,-0.068000,-0.139125,0.022375,0.515825,-0.267341,0.092188,-3.141591,0.000008,-0.000087
20.088509,-1.740001,-0.335011,-10.075000,-0.068000,-0.139125,0.022375,0.515853,-0.267257,0.092189,-3.141591,0.000008,-0.000084
20.092527,-1.740000,-0.335011,-10.075000,-0.068000,-0.139125,0.022375,0.515878,-0.267174,0.092189,-3.141591,0.000007,-0.000092
20.096454,-1.740000,-0.335010,-10.075000,-0.068000,-0.139125,0.022375,0.515903,-0.267092,0.092188,-3.141591,0.000007,-0.000101
20.100521,-1.690000,-0.385009,-10.015000,-0.065000,-0.138125,0.022375,0.515930,-0.267007,0.092188,-3.141591,0.000006,-0.000105
20.104518,-1.690001,-0.385015,-10.015000,-0.065000,-0.138125,0.022375,0.515963,-0.266900,0.092187,-3.141590,0.000011,-0.000108
20.108516,-1.690001,-0.385014,-10.015000,-0.065000,-0.138125,0.022375,0.515982,-0.266837,0.092187,-3.141590,0.000011,-0.000112
20.112490,-1.690001,-0.385013,-10.015000,-0.065000,-0.138125,0.022375,0.516007,-0.266754,0.092187,-3.141590,0.000010,-0.000114
20.116462,-1.689999,-0.385001,-10.015000,-0.065000,-0.138125,0.022375,0.516035,-0.266670,0.092191,3.141592,-0.000001,-0.000111
20.120514,-1.690001,-0.385014,-10.015000,-0.065000,-0.138125,0.022375,0.516057,-0.266587,0.092189,-3.141590,0.000010,-0.000113
20.124510,-1.690001,-0.385012,-10.015000,-0.065000,-0.138125,0.022375,0.516090,-0.266482,0.092189,-3.141591,0.000009,-0.000107
20.128507,-1.690001,-0.385013,-10.015000,-0.065000,-0.138125,0.022375,0.516110,-0.266420,0.092190,-3.141590,0.000010,-0.000138
20.132511,-1.690000,-0.385007,-10.015000,-0.065000,-0.138125,0.022375,0.516132,-0.266336,0.092192,-3.141592,0.000004,-0.000126
20.136512,-1.630000,-0.435006,-10.105000,-0.063000,-0.139125,0.022375,0.516168,-0.266233,0.092192,-3.141592,0.000003,-0.000074
20.140478,-1.630000,-0.435006,-10.105000,-0.063000,-0.139125,0.022375,0.516193,-0.266153,0.092193,-3.141592,0.000004,-0.000067
20.144516,-1.630000,-0.435005,-10.105000,-0.063000,-0.139125,0.022375,0.516217,-0.266072,0.092193,-3.141592,0.000003,-0.000059
20.148512,-1.629998,-0.434999,-10.105000,-0.063000,-0.139125,0.022375,0.516243,-0.265993,0.092194,3.141592,-0.000003,-0.000045
20.152513,-1.629998,-0.434998,-10.105000,-0.063000,-0.139125,0.022375,0.516266,-0.265912,0.092194,3.141592,-0.000004,-0.000045
20.156512,-1.629998,-0.434998,-10.105000,-0.063000,-0.139125,0.022375,0.516293,-0.265830,0.092195,3.141592,-0.000004,-0.000040
20.160512,-1.629998,-0.434998,-10.105000,-0.063000,-0.139125,0.022375,0.516293,-0.265830,0.092195,3.141592,-0.000004,-0.000040
20.164486,-1.629997,-0.434992,-10.105000,-0.063000,-0.139125,0.022375,0.516344,-0.265670,0.092198,3.141591,-0.000009,-0.000045
20.168513,-1.629996,-0.434991,-10.105000,-0.063000,-0.139125,0.022375,0.516369,-0.265588,0.092198,3.141590,-0.000010,-0.000047
20.172517,-1.629996,-0.434991,-10.105000,-0.063000,-0.139125,0.022375,0.516394,-0.265508,0.092199,3.141591,-0.000010,-0.000059
20.176510,-1.649998,-0.374997,-9.975000,-0.063000,-0.139125,0.022375,0.516420,-0.265426,0.092197,3.141592,-0.000005,-0.000061
20.180469,-1.649996,-0.374990,-9.974999,-0.063000,-0.139125,0.022375,0.516446,-0.265346,0.092199,3.141590,-0.000011,-0.000067
20.184545,-1.649996,-0.374989,-9.974999,-0.063000,-0.139125,0.022375,0.516471,-0.265263,0.092199,3.141590,-0.000012,-0.000069
20.188540,-1.649997,-0.374994,-9.975000,-0.063000,-0.139125,0.022375,0.516496,-0.265183,0.092197,3.141591,-0.000007,-0.000075
20.192533,-1.649996,-0.374988,-9.974999,-0.063000,-0.139125,0.022375,0.516521,-0.265103,0.092199,3.141590,-0.000013,-0.000081
20.196533,-1.649997,-0.374993,-9.975000,-0.063000,-0.139125,0.022375,0.516546,-0.265023,0.092197,3.141591,-0.000008,-0.000087
20.200526,-1.649997,-0.374992,-9.975000,-0.063000,-0.139125,0.022375,0.516571,-0.264941,0.092197,3.141591,-0.000009,-0.000082
20.204522,-1.649996,-0.374990,-9.974999,-0.063000,-0.139125,0.022375,0.516596,-0.264861,0.092196,3.141590,-0.000011,-0.000075
20.208517,-1.649996,-0.374991,-9.974999,-0.063000,-0.139125,0.022375,0.516622,-0.264781,0.092197,3.141590,-0.000010,-0.000101
20.212515,-1.649996,-0.374991,-9.974999,-0.063000,-0.139125,0.022375,0.516622,-0.264781,0.092197,3.141590,-0.000010,-0.000101
20.216512,-1.649997,-0.374994,-9.975000,-0.063000,-0.139125,0.022375,0.516641,-0.264700,0.092194,3.141591,-0.000007,-0.000121
20.220514,-1.639997,-0.364993,-9.725000,-0.062000,-0.138125,0.022375,0.516702,-0.264519,0.092194,3.141591,-0.000009,-0.000012
20.224514,-1.639998,-0.364997,-9.725000,-0.062000,-0.138125,0.022375,0.516726,-0.264439,0.092191,3.141592,-0.000005,0.000003
20.228513,-1.639996,-0.364990,-9.724999,-0.062000,-0.138125,0.022375,0.516751,-0.264359,0.092193,3.141590,-0.000011,0.000010
20.232507,-1.639998,-0.364996,-9.725000,-0.062000,-0.138125,0.022375,0.516775,-0.264276,0.092192,3.141591,-0.000005,0.000015
20.236507,-1.639998,-0.365000,-9.725000,-0.062000,-0.138125,0.022375,0.516800,-0.264193,0.092190,3.141592,-0.000002,0.000020
20.240512,-1.639998,-0.365001,-9.725000,-0.062000,-0.138125,0.022375,0.516826,-0.264111,0.092191,3.141592,-0.000001,0.000012
20.244512,-1.639998,-0.365000,-9.725000,-0.062000,-0.138125,0.022375,0.516850,-0.264028,0.092190,3.141592,-0.000002,0.000003
20.248513,-1.640000,-0.365006,-9.725000,-0.062000,-0.138125,0.022375,0.516874,-0.263946,0.092190,-3.141592,0.000004,-0.000005
20.252512,-1.659999,-0.425005,-9.715000,-0.060000,-0.134125,0.023375,0.516900,-0.263861,0.092190,-3.141592,0.000003,-0.000015
20.256487,-1.659999,-0.425004,-9.715000,-0.060000,-0.134125,0.023375,0.516925,-0.263778,0.092189,-3.141592,0.000002,-0.000024
20.260515,-1.659999,-0.425003,-9.715000,-0.060000,-0.134125,0.023375,0.516949,-0.263695,0.092189,-3.141592,0.000001,-0.000039
20.264518,-1.659999,-0.425004,-9.715000,-0.060000,-0.134125,0.023375,0.516976,-0.263611,0.092190,-3.141592,0.000001,-0.000049
20.268511,-1.659999,-0.425003,-9.715000,-0.060000,-0.134125,0.023375,0.517001,-0.263528,0.092190,-3.141593,0.000001,-0.000065
20.272512,-1.659999,-0.425002,-9.715000,-0.060000,-0.134125,0.023375,0.517025,-0.263445,0.092190,3.141593,-0.000000,-0.000073
20.276512,-1.659999,-0.425001,-9.715000,-0.060000,-0.134125,0.023375,0.517050,-0.263363,0.092190,3.141592,-0.000001,-0.000081
20.280516,-1.659998,-0.425000,-9.715000,-0.060000,-0.134125,0.023375,0.517076,-0.263278,0.092190,3.141592,-0.000002,-0.000072
20.284484,-1.660000,-0.425006,-9.715000,-0.060000,-0.134125,0.023375,0.517096,-0.263194,0.092189,-3.141592,0.000003,-0.000093
20.288507,-1.660000,-0.425010,-9.715001,-0.060000,-0.134125,0.023375,0.517120,-0.263112,0.092186,-3.141591,0.000007,-0.000082
20.292470,-1.659999,-0.345004,-9.835000,-0.065000,-0.134125,0.023375,0.517154,-0.263010,0.092189,-3.141592,0.000002,-0.000027
20.296546,-1.660001,-0.345010,-9.835000,-0.065000,-0.134125,0.023375,0.517179,-0.262925,0.092188,-3.141591,0.000007,-0.000011
20.300539,-1.659999,-0.345004,-9.835000,-0.065000,-0.134125,0.023375,0.517206,-0.262843,0.092190,-3.141592,0.000001,0.000008
20.304534,-1.659999,-0.345003,-9.835000,-0.065000,-0.134125,0.023375,0.517230,-0.262760,0.092189,-3.141593,0.000000,0.000013
20.308527,-1.659999,-0.345003,-9.835000,-0.065000,-0.134125,0.023375,0.517230,-0.262760,0.092189,-3.141593,0.000000,0.000013
20.312479,-1.660000,-0.345007,-9.835000,-0.065000,-0.134125,0.023375,0.517280,-0.262595,0.092188,-3.141592,0.000004,0.000017
20.316523,-1.660001,-0.345013,-9.835001,-0.065000,-0.134125,0.023375,0.517304,-0.262513,0.092187,-3.141590,0.000010,0.000008
20.320519,-1.660002,-0.345017,-9.835001,-0.065000,-0.134125,0.023375,0.517328,-0.262430,0.092184,-3.141590,0.000014,-0.000000
20.324516,-1.660002,-0.345017,-9.835001,-0.065000,-0.134125,0.023375,0.517353,-0.262345,0.092184,-3.141590,0.000013,-0.000011
20.328514,-1.660002,-0.345015,-9.835001,-0.065000,-0.134125,0.023375,0.517380,-0.262263,0.092183,-3.141590,0.000011,-0.000026
20.332500,-1.610003,-0.295021,-9.875001,-0.066000,-0.134125,0.021375,0.517404,-0.262177,0.092183,-3.141589,0.000017,-0.000036
20.336499,-1.610004,-0.295025,-9.875001,-0.066000,-0.134125,0.021375,0.517430,-0.262092,0.092180,-3.141588,0.000020,-0.000054
20.340500,-1.610002,-0.295018,-9.875001,-0.066000,-0.134125,0.021375,0.517457,-0.262008,0.092182,-3.141590,0.000014,-0.000071
20.344515,-1.610002,-0.295015,-9.875001,-0.066000,-0.134125,0.021375,0.517483,-0.261923,0.092180,-3.141590,0.000011,-0.000081
20.348512,-1.610002,-0.295015,-9.875001,-0.066000,-0.134125,0.021375,0.517511,-0.261836,0.092180,-3.141590,0.000012,-0.000088
20.352517,-1.610003,-0.295019,-9.875001,-0.066000,-0.134125,0.021375,0.517538,-0.261748,0.092178,-3.141589,0.000015,-0.000094
20.356512,-1.610003,-0.295019,-9.875001,-0.066000,-0.134125,0.021375,0.517538,-0.261748,0.092178,-3.141589,0.000015,-0.000094
20.360512,-1.610001,-0.295012,-9.875000,-0.066000,-0.134125,0.021375,0.517565,-0.261664,0.092179,-3.141591,0.000009,-0.000091
20.364487,-1.610002,-0.295017,-9.875001,-0.066000,-0.134125,0.021375,0.517618,-0.261492,0.092178,-3.141590,0.000013,-0.000074
20.368515,-1.610002,-0.295017,-9.875001,-0.066000,-0.134125,0.021375,0.517645,-0.261407,0.092179,-3.141590,0.000014,-0.000064
20.372512,-1.610002,-0.295015,-9.875001,-0.066000,-0.134125,0.021375,0.517674,-0.261320,0.092178,-3.141590,0.000012,-0.000050
20.376511,-1.610002,-0.295015,-9.875001,-0.066000,-0.134125,0.021375,0.517674,-0.261320,0.092178,-3.141590,0.000012,-0.000050
20.380514,-1.700003,-0.315020,-10.005001,-0.066000,-0.141125,0.022375,0.517726,-0.261150,0.092176,-3.141589,0.000016,-0.000044
20.384512,-1.700003,-0.315020,-10.005001,-0.066000,-0.141125,0.022375,0.517726,-0.261150,0.092176,-3.141589,0.000016,-0.000044
20.388517,-1.700001,-0.315011,-10.005001,-0.066000,-0.141125,0.022375,0.517778,-0.260978,0.092177,-3.141591,0.000008,-0.000081
20.392519,-1.699998,-0.314999,-10.005000,-0.066000,-0.141125,0.022375,0.517809,-0.260894,0.092181,3.141592,-0.000003,-0.000085
20.396512,-1.699998,-0.314999,-10.005000,-0.066000,-0.141125,0.022375,0.517809,-0.260894,0.092181,3.141592,-0.000003,-0.000085
20.400515,-1.699998,-0.314997,-10.005000,-0.066000,-0.141125,0.022375,0.517860,-0.260724,0.092181,3.141592,-0.000004,-0.000106
20.404512,-1.699998,-0.314997,-10.005000,-0.066000,-0.141125,0.022375,0.517860,-0.260724,0.092181,3.141592,-0.000004,-0.000106
20.408512,-1.699996,-0.314991,-10.005000,-0.066000,-0.141125,0.022375,0.517899,-0.260616,0.092182,3.141590,-0.000010,-0.000071
20.412514,-1.699995,-0.314984,-10.004999,-0.066000,-0.141125,0.022375,0.517954,-0.260445,0.092185,3.141589,-0.000016,-0.000102
20.416512,-1.699995,-0.314984,-10.004999,-0.066000,-0.141125,0.022375,0.517954,-0.260445,0.092185,3.141589,-0.000016,-0.000102
20.420512,-1.719996,-0.334988,-10.184999,-0.064000,-0.146125,0.024375,0.517979,-0.260360,0.092182,3.141590,-0.000013,-0.000112
20.424518,-1.719994,-0.334981,-10.184999,-0.064000,-0.146125,0.024375,0.518008,-0.260273,0.092184,3.141589,-0.000019,-0.000118
20.428515,-1.719994,-0.334981,-10.184999,-0.064000,-0.146125,0.024375,0.518061,-0.260101,0.092185,3.141589,-0.000019,-0.000115
20.432514,-1.719995,-0.334985,-10.184999,-0.064000,-0.146125,0.024375,0.518085,-0.260016,0.092182,3.141589,-0.000015,-0.000112
20.436513,-1.719995,-0.334985,-10.184999,-0.064000,-0.146125,0.024375,0.518085,-0.260016,0.092182,3.141589,-0.000015,-0.000112
20.440512,-1.719995,-0.334985,-10.184999,-0.064000,-0.146125,0.024375,0.518113,-0.259929,0.092183,3.141590,-0.000015,-0.000104
20.444513,-1.719996,-0.334990,-10.184999,-0.064000,-0.146125,0.024375,0.518137,-0.259841,0.092181,3.141590,-0.000011,-0.000090
20.448512,-1.719996,-0.334988,-10.184999,-0.064000,-0.146125,0.024375,0.518165,-0.259754,0.092180,3.141590,-0.000012,-0.000076
20.452512,-1.719995,-0.334987,-10.184999,-0.064000,-0.146125,0.024375,0.518193,-0.259664,0.092180,3.141590,-0.000013,-0.000064
20.456517,-1.719995,-0.334987,-10.184999,-0.064000,-0.146125,0.024375,0.518193,-0.259664,0.092180,3.141590,-0.000013,-0.000064
20.460513,-1.719996,-0.334988,-10.184999,-0.064000,-0.146125,0.024375,0.518221,-0.259577,0.092181,3.141590,-0.000013,-0.000057
20.464512,-1.759996,-0.374991,-10.074999,-0.064000,-0.144125,0.025375,0.518274,-0.259400,0.092178,3.141591,-0.000010,-0.000044
20.468512,-1.759996,-0.374991,-10.074999,-0.064000,-0.144125,0.025375,0.518274,-0.259400,0.092178,3.141591,-0.000010,-0.000044
20.472512,-1.759997,-0.374994,-10.075000,-0.064000,-0.144125,0.025375,0.518326,-0.259225,0.092176,3.141591,-0.000007,-0.000050
20.476512,-1.759997,-0.374993,-10.074999,-0.064000,-0.144125,0.025375,0.518353,-0.259135,0.092176,3.141591,-0.000008,-0.000051
20.480512,-1.759998,-0.374997,-10.075000,-0.064000,-0.144125,0.025375,0.518379,-0.259048,0.092173,3.141592,-0.000005,-0.000057
20.484512,-1.759999,-0.375004,-10.075000,-0.064000,-0.144125,0.025375,0.518404,-0.258960,0.092172,-3.141592,0.000001,-0.000070
20.488517,-1.759999,-0.375003,-10.075000,-0.064000,-0.144125,0.025375,0.518431,-0.258873,0.092172,-3.141593,0.000000,-0.000083
20.492511,-1.760001,-0.375014,-10.075000,-0.064000,-0.144125,0.025375,0.518456,-0.258785,0.092169,-3.141591,0.000010,-0.000096
20.496489,-1.760000,-0.375007,-10.075000,-0.064000,-0.144125,0.025375,0.518485,-0.258696,0.092170,-3.141592,0.000004,-0.000138
20.500512,-1.720001,-0.335012,-10.035000,-0.067000,-0.140125,0.023375,0.518525,-0.258565,0.092169,-3.141591,0.000009,-0.000096
20.504512,-1.720001,-0.335012,-10.035000,-0.067000,-0.140125,0.023375,0.518525,-0.258565,0.092169,-3.141591,0.000009,-0.000096
20.508517,-1.720002,-0.335016,-10.035000,-0.067000,-0.140125,0.023375,0.518569,-0.258412,0.092167,-3.141590,0.000012,-0.000088
20.512522,-1.720002,-0.335016,-10.035000,-0.067000,-0.140125,0.023375,0.518569,-0.258412,0.092167,-3.141590,0.000012,-0.000088
20.516523,-1.720002,-0.335015,-10.035000,-0.067000,-0.140125,0.023375,0.518624,-0.258235,0.092167,-3.141590,0.000012,-0.000062
20.520514,-1.720003,-0.335019,-10.035001,-0.067000,-0.140125,0.023375,0.518650,-0.258147,0.092165,-3.141589,0.000015,-0.000055
20.524518,-1.720003,-0.335019,-10.035001,-0.067000,-0.140125,0.023375,0.518676,-0.258060,0.092165,-3.141590,0.000015,-0.000047
20.528516,-1.720003,-0.335019,-10.035001,-0.067000,-0.140125,0.023375,0.518703,-0.257973,0.092166,-3.141590,0.000015,-0.000047
20.532512,-1.720002,-0.335018,-10.035001,-0.067000,-0.140125,0.023375,0.518729,-0.257886,0.092166,-3.141590,0.000014,-0.000033
20.536512,-1.690003,-0.305019,-10.315001,-0.074000,-0.139125,0.023375,0.518754,-0.257803,0.092167,-3.141590,0.000015,-0.000034
20.540512,-1.690003,-0.305019,-10.315001,-0.074000,-0.139125,0.023375,0.518781,-0.257718,0.092167,-3.141590,0.000015,-0.000031
20.544513,-1.690002,-0.305017,-10.315001,-0.074000,-0.139125,0.023375,0.518806,-0.257636,0.092167,-3.141590,0.000013,-0.000026
20.548516,-1.690002,-0.305018,-10.315001,-0.074000,-0.139125,0.023375,0.518830,-0.257556,0.092167,-3.141590,0.000014,-0.000032
20.552512,-1.690004,-0.305023,-10.315001,-0.074000,-0.139125,0.023375,0.518854,-0.257476,0.092166,-3.141589,0.000019,-0.000032
20.556512,-1.690004,-0.305024,-10.315001,-0.074000,-0.139125,0.023375,0.518879,-0.257393,0.092167,-3.141589,0.000019,-0.000040
20.560512,-1.690002,-0.305018,-10.315001,-0.074000,-0.139125,0.023375,0.518905,-0.257314,0.092170,-3.141590,0.000014,-0.000046
20.564486,-1.690004,-0.305024,-10.315001,-0.074000,-0.139125,0.023375,0.518930,-0.257231,0.092168,-3.141589,0.000019,-0.000055
20.568514,-1.690004,-0.305024,-10.315001,-0.074000,-0.139125,0.023375,0.518930,-0.257231,0.092168,-3.141589,0.000019,-0.000055
20.572512,-1.610002,-0.285016,-10.525001,-0.074000,-0.140125,0.022375,0.518982,-0.257067,0.092170,-3.141590,0.000013,-0.000058
20.576512,-1.610003,-0.285022,-10.525001,-0.074000,-0.140125,0.022375,0.519006,-0.256987,0.092168,-3.141589,0.000018,-0.000064
20.580512,-1.610003,-0.285021,-10.525001,-0.074000,-0.140125,0.022375,0.519034,-0.256902,0.092168,-3.141589,0.000017,-0.000054
20.584512,-1.610001,-0.285013,-10.525001,-0.074000,-0.140125,0.022375,0.519060,-0.256823,0.092169,-3.141591,0.000010,-0.000054
20.588512,-1.610002,-0.285014,-10.525001,-0.074000,-0.140125,0.022375,0.519085,-0.256740,0.092170,-3.141591,0.000011,-0.000049
20.592512,-1.610000,-0.285006,-10.525000,-0.074000,-0.140125,0.022375,0.519113,-0.256658,0.092171,-3.141592,0.000004,-0.000043
20.596518,-1.610001,-0.285011,-10.525001,-0.074000,-0.140125,0.022375,0.519134,-0.256575,0.092169,-3.141591,0.000008,-0.000079
20.600511,-1.610001,-0.285011,-10.525001,-0.074000,-0.140125,0.022375,0.519134,-0.256575,0.092169,-3.141591,0.000008,-0.000079
20.604512,-1.610000,-0.285005,-10.525000,-0.074000,-0.140125,0.022375,0.519197,-0.256392,0.092172,-3.141592,0.000003,-0.000039
20.608513,-1.609999,-0.285005,-10.525000,-0.074000,-0.140125,0.022375,0.519224,-0.256310,0.092172,-3.141592,0.000002,-0.000041
20.612512,-1.650001,-0.335010,-10.425000,-0.070000,-0.144125,0.022375,0.519249,-0.256228,0.092170,-3.141591,0.000007,-0.000036
20.616512,-1.650001,-0.335010,-10.425000,-0.070000,-0.144125,0.022375,0.519276,-0.256146,0.092170,-3.141591,0.000007,-0.000030
20.620512,-1.650002,-0.335015,-10.425000,-0.070000,-0.144125,0.022375,0.519300,-0.256063,0.092169,-3.141590,0.000012,-0.000032
20.624519,-1.650000,-0.335007,-10.425000,-0.070000,-0.144125,0.022375,0.519326,-0.255983,0.092170,-3.141592,0.000005,-0.000038
20.628512,-1.649999,-0.335002,-10.425000,-0.070000,-0.144125,0.022375,0.519354,-0.255901,0.092172,3.141593,-0.000000,-0.000040
20.632512,-1.650000,-0.335007,-10.425000,-0.070000,-0.144125,0.022375,0.519378,-0.255819,0.092171,-3.141592,0.000005,-0.000041
20.636512,-1.650000,-0.335005,-10.425000,-0.070000,-0.144125,0.022375,0.519403,-0.255737,0.092170,-3.141592,0.000003,-0.000050
20.640512,-1.649998,-0.335000,-10.425000,-0.070000,-0.144125,0.022375,0.519429,-0.255657,0.092172,3.141592,-0.000002,-0.000056
20.644512,-1.650000,-0.335005,-10.425000,-0.070000,-0.144125,0.022375,0.519454,-0.255574,0.092171,-3.141592,0.000003,-0.000058
20.648512,-1.649998,-0.334999,-10.425000,-0.070000,-0.144125,0.022375,0.519478,-0.255494,0.092172,3.141592,-0.000003,-0.000064
20.652512,-1.649999,-0.335004,-10.425000,-0.070000,-0.144125,0.022375,0.519502,-0.255412,0.092171,-3.141592,0.000002,-0.000059
20.656511,-1.759999,-0.375005,-10.305000,-0.067000,-0.148125,0.024375,0.519526,-0.255332,0.092172,-3.141592,0.000002,-0.000058
20.660512,-1.759998,-0.374999,-10.305000,-0.067000,-0.148125,0.024375,0.519553,-0.255250,0.092174,3.141592,-0.000003,-0.000060
20.664512,-1.759999,-0.375005,-10.305000,-0.067000,-0.148125,0.024375,0.519576,-0.255169,0.092173,-3.141592,0.000002,-0.000059
20.668512,-1.759999,-0.375005,-10.305000,-0.067000,-0.148125,0.024375,0.519601,-0.255087,0.092174,-3.141592,0.000003,-0.000054
20.672512,-1.760000,-0.375006,-10.305000,-0.067000,-0.148125,0.024375,0.519626,-0.255004,0.092175,-3.141592,0.000003,-0.000049
20.676512,-1.760001,-0.375012,-10.305000,-0.067000,-0.148125,0.024375,0.519648,-0.254922,0.092174,-3.141591,0.000009,-0.000057
20.680512,-1.760001,-0.375012,-10.305000,-0.067000,-0.148125,0.024375,0.519679,-0.254820,0.092175,-3.141591,0.000009,-0.000063
20.684512,-1.760002,-0.375017,-10.305001,-0.067000,-0.148125,0.024375,0.519702,-0.254739,0.092173,-3.141590,0.000014,-0.000069
20.688512,-1.760001,-0.375013,-10.305000,-0.067000,-0.148125,0.024375,0.519727,-0.254657,0.092177,-3.141591,0.000010,-0.000064
20.692512,-1.760001,-0.375011,-10.305000,-0.067000,-0.148125,0.024375,0.519751,-0.254577,0.092176,-3.141591,0.000008,-0.000070
20.696477,-1.780001,-0.335012,-10.175000,-0.067000,-0.145125,0.024375,0.519775,-0.254494,0.092177,-3.141591,0.000008,-0.000072
20.700522,-1.780001,-0.335012,-10.175000,-0.067000,-0.145125,0.024375,0.519799,-0.254414,0.092178,-3.141591,0.000009,-0.000085
20.704512,-1.780001,-0.335013,-10.175000,-0.067000,-0.145125,0.024375,0.519823,-0.254332,0.092179,-3.141591,0.000009,-0.000086
20.708515,-1.780002,-0.335018,-10.175000,-0.067000,-0.145125,0.024375,0.519846,-0.254252,0.092177,-3.141590,0.000014,-0.000092
20.712517,-1.780002,-0.335018,-10.175000,-0.067000,-0.145125,0.024375,0.519846,-0.254252,0.092177,-3.141590,0.000014,-0.000092
20.716510,-1.780001,-0.335011,-10.175000,-0.067000,-0.145125,0.024375,0.519898,-0.254087,0.092179,-3.141591,0.000008,-0.000089
20.720509,-1.780001,-0.335011,-10.175000,-0.067000,-0.145125,0.024375,0.519922,-0.254007,0.092180,-3.141591,0.000008,-0.000088
20.724541,-1.780002,-0.335017,-10.175000,-0.067000,-0.145125,0.024375,0.519945,-0.253927,0.092178,-3.141590,0.000013,-0.000088
20.728522,-1.780002,-0.335017,-10.175000,-0.067000,-0.145125,0.024375,0.519969,-0.253844,0.092179,-3.141590,0.000013,-0.000089
20.732512,-1.780002,-0.335017,-10.175000,-0.067000,-0.145125,0.024375,0.519969,-0.253844,0.092179,-3.141590,0.000013,-0.000089
20.736516,-1.780002,-0.335017,-10.175000,-0.067000,-0.145125,0.024375,0.519969,-0.253844,0.092179,-3.141590,0.000013,-0.000089
20.740515,-1.780002,-0.335017,-10.175000,-0.067000,-0.145125,0.024375,0.519969,-0.253844,0.092179,-3.141590,0.000013,-0.000089
20.744512,-1.780002,-0.335017,-10.175000,-0.067000,-0.145125,0.024375,0.519969,-0.253844,0.092179,-3.141590,0.000013,-0.000089
20.748512,-1.780002,-0.335017,-10.175000,-0.067000,-0.145125,0.024375,0.519969,-0.253844,0.092179,-3.141590,0.000013,-0.000089
20.752512,-1.780002,-0.335017,-10.175000,-0.067000,-0.145125,0.024375,0.519969,-0.253844,0.092179,-3.141590,0.000013,-0.000089
20.756512,-1.690010,-0.335048,-9.935002,-0.066999,-0.138125,0.022375,0.520118,-0.253329,0.092168,-3.141585,0.000041,-0.000130
20.760512,-1.690010,-0.335048,-9.935002,-0.066999,-0.138125,0.022375,0.520154,-0.253223,0.092169,-3.141585,0.000041,-0.000093
20.764487,-1.690009,-0.335046,-9.935002,-0.067000,-0.138125,0.022375,0.520181,-0.253136,0.092168,-3.141585,0.000040,-0.000100
20.768513,-1.690010,-0.335047,-9.935002,-0.066999,-0.138125,0.022375,0.520208,-0.253049,0.092169,-3.141585,0.000040,-0.000106
20.772487,-1.690010,-0.335047,-9.935002,-0.066999,-0.138125,0.022375,0.520208,-0.253049,0.092169,-3.141585,0.000040,-0.000106
20.776513,-1.690010,-0.335047,-9.935002,-0.066999,-0.138125,0.022375,0.520208,-0.253049,0.092169,-3.141585,0.000040,-0.000106
20.780512,-1.690009,-0.335046,-9.935002,-0.067000,-0.138125,0.022375,0.520235,-0.252964,0.092169,-3.141585,0.000040,-0.000109
20.784512,-1.690010,-0.335050,-9.935002,-0.066999,-0.138125,0.022375,0.520287,-0.252792,0.092167,-3.141584,0.000043,-0.000106
20.788512,-1.570010,-0.275050,-9.695002,-0.066999,-0.131125,0.021375,0.520343,-0.252618,0.092168,-3.141584,0.000043,-0.000098
20.792512,-1.570010,-0.275050,-9.695002,-0.066999,-0.131125,0.021375,0.520368,-0.252533,0.092169,-3.141584,0.000043,-0.000095
20.796516,-1.570012,-0.275056,-9.695002,-0.066999,-0.131125,0.021375,0.520393,-0.252448,0.092167,-3.141583,0.000048,-0.000085
20.800516,-1.570010,-0.275050,-9.695002,-0.066999,-0.131125,0.021375,0.520422,-0.252361,0.092170,-3.141584,0.000043,-0.000078
20.804483,-1.570009,-0.275044,-9.695002,-0.067000,-0.131125,0.021375,0.520448,-0.252277,0.092172,-3.141585,0.000037,-0.000075
20.808549,-1.570009,-0.275043,-9.695002,-0.067000,-0.131125,0.021375,0.520475,-0.252192,0.092172,-3.141586,0.000037,-0.000065
20.812545,-1.570007,-0.275038,-9.695001,-0.067000,-0.131125,0.021375,0.520504,-0.252105,0.092174,-3.141586,0.000032,-0.000058
20.816546,-1.610006,-0.285030,-9.805001,-0.067000,-0.134125,0.021375,0.520532,-0.252021,0.092175,-3.141588,0.000025,-0.000055
20.820541,-1.610006,-0.285030,-9.805001,-0.067000,-0.134125,0.021375,0.520557,-0.251936,0.092176,-3.141588,0.000025,-0.000059
20.824538,-1.610004,-0.285025,-9.805001,-0.067000,-0.134125,0.021375,0.520586,-0.251849,0.092179,-3.141589,0.000021,-0.000058
20.828526,-1.610004,-0.285025,-9.805001,-0.067000,-0.134125,0.021375,0.520613,-0.251765,0.092179,-3.141589,0.000020,-0.000062
20.832522,-1.610003,-0.285019,-9.805001,-0.067000,-0.134125,0.021375,0.520648,-0.251658,0.092181,-3.141590,0.000015,-0.000066
20.836522,-1.610003,-0.285018,-9.805001,-0.067000,-0.134125,0.021375,0.520666,-0.251593,0.092181,-3.141590,0.000014,-0.000112
20.840517,-1.610001,-0.285013,-9.805000,-0.067000,-0.134125,0.021375,0.520702,-0.251489,0.092184,-3.141591,0.000010,-0.000080
20.844516,-1.610001,-0.285012,-9.805000,-0.067000,-0.134125,0.021375,0.520730,-0.251405,0.092184,-3.141591,0.000009,-0.000084
20.848514,-1.610001,-0.285012,-9.805000,-0.067000,-0.134125,0.021375,0.520757,-0.251320,0.092184,-3.141591,0.000009,-0.000088
20.852513,-1.610000,-0.285007,-9.805000,-0.067000,-0.134125,0.021375,0.520783,-0.251238,0.092187,-3.141592,0.000004,-0.000089
20.856517,-1.529996,-0.314993,-9.674999,-0.063000,-0.132125,0.020375,0.520813,-0.251154,0.092189,3.141591,-0.000008,-0.000093
20.860506,-1.529996,-0.314992,-9.674999,-0.063000,-0.132125,0.020375,0.520840,-0.251070,0.092190,3.141591,-0.000009,-0.000090
20.864507,-1.529996,-0.314992,-9.674999,-0.063000,-0.132125,0.020375,0.520866,-0.250987,0.092190,3.141591,-0.000009,-0.000085
20.868515,-1.529996,-0.314991,-9.674999,-0.063000,-0.132125,0.020375,0.520892,-0.250905,0.092190,3.141591,-0.000010,-0.000080
20.872513,-1.529996,-0.314991,-9.674999,-0.063000,-0.132125,0.020375,0.520919,-0.250821,0.092190,3.141591,-0.000010,-0.000064
20.876512,-1.529996,-0.314990,-9.674999,-0.063000,-0.132125,0.020375,0.520945,-0.250738,0.092190,3.141591,-0.000011,-0.000052
20.880512,-1.529995,-0.314989,-9.674999,-0.063000,-0.132125,0.020375,0.520971,-0.250654,0.092189,3.141590,-0.000012,-0.000029
20.884514,-1.529995,-0.314988,-9.674999,-0.063000,-0.132125,0.020375,0.520997,-0.250571,0.092189,3.141590,-0.000013,-0.000017
20.888511,-1.529996,-0.314993,-9.674999,-0.063000,-0.132125,0.020375,0.521022,-0.250489,0.092187,3.141591,-0.000009,-0.000012
20.892512,-1.519996,-0.394992,-9.235000,-0.056000,-0.127125,0.019375,0.521049,-0.250405,0.092187,3.141591,-0.000009,-0.000002
20.896512,-1.519994,-0.394984,-9.234999,-0.056000,-0.127125,0.019375,0.521077,-0.250320,0.092188,3.141590,-0.000016,0.000001
20.900513,-1.519997,-0.394995,-9.235000,-0.056000,-0.127125,0.019375,0.521100,-0.250237,0.092184,3.141591,-0.000007,-0.000008
20.904517,-1.519997,-0.394994,-9.235000,-0.056000,-0.127125,0.019375,0.521134,-0.250131,0.092184,3.141591,-0.000008,-0.000005
20.908516,-1.519997,-0.394994,-9.235000,-0.056000,-0.127125,0.019375,0.521153,-0.250071,0.092184,3.141591,-0.000008,-0.000020
20.912475,-1.519999,-0.395004,-9.235000,-0.056000,-0.127125,0.019375,0.521184,-0.249964,0.092180,-3.141592,0.000001,-0.000024
20.916548,-1.519996,-0.394991,-9.235000,-0.056000,-0.127125,0.019375,0.521205,-0.249901,0.092183,3.141591,-0.000010,-0.000034
20.920539,-1.519997,-0.394994,-9.235000,-0.056000,-0.127125,0.019375,0.521230,-0.249816,0.092180,3.141591,-0.000007,-0.000085
20.924533,-1.520000,-0.395007,-9.235000,-0.056000,-0.127125,0.019375,0.521260,-0.249712,0.092177,-3.141592,0.000004,-0.000060
20.928498,-1.519998,-0.394999,-9.235000,-0.056000,-0.127125,0.019375,0.521288,-0.249627,0.092178,3.141592,-0.000003,-0.000070
20.932506,-1.519999,-0.395004,-9.235000,-0.056000,-0.127125,0.019375,0.521311,-0.249545,0.092177,-3.141592,0.000002,-0.000079
20.936571,-1.579999,-0.315004,-9.065000,-0.061000,-0.126125,0.019375,0.521337,-0.249462,0.092177,-3.141592,0.000001,-0.000087
20.940542,-1.579998,-0.314997,-9.065000,-0.061000,-0.126125,0.019375,0.521360,-0.249382,0.092178,3.141592,-0.000005,-0.000080
20.944546,-1.579999,-0.315002,-9.065000,-0.061000,-0.126125,0.019375,0.521383,-0.249302,0.092177,-3.141593,0.000000,-0.000066
20.948539,-1.580000,-0.315008,-9.065000,-0.061000,-0.126125,0.019375,0.521405,-0.249222,0.092175,-3.141592,0.000005,-0.000052
20.952532,-1.580000,-0.315006,-9.065000,-0.061000,-0.126125,0.019375,0.521429,-0.249139,0.092174,-3.141592,0.000003,-0.000040
20.956532,-1.580001,-0.315011,-9.065001,-0.061000,-0.126125,0.019375,0.521452,-0.249056,0.092173,-3.141591,0.000008,-0.000014
20.960527,-1.580000,-0.315006,-9.065000,-0.061000,-0.126125,0.019375,0.521477,-0.248976,0.092175,-3.141592,0.000003,-0.000000
20.964456,-1.579999,-0.315004,-9.065000,-0.061000,-0.126125,0.019375,0.521501,-0.248894,0.092174,-3.141592,0.000002,0.000012
20.968519,-1.580001,-0.315009,-9.065000,-0.061000,-0.126125,0.019375,0.521524,-0.248814,0.092173,-3.141591,0.000006,0.000019
20.972516,-1.590000,-0.305007,-9.095000,-0.062000,-0.125125,0.019375,0.521548,-0.248731,0.092172,-3.141592,0.000005,0.000024
20.976518,-1.570001,-0.295013,-9.365000,-0.065000,-0.123125,0.019375,0.521571,-0.248648,0.092170,-3.141591,0.000010,0.000029
20.980490,-1.570001,-0.295011,-9.365000,-0.065000,-0.123125,0.019375,0.521594,-0.248568,0.092169,-3.141591,0.000008,0.000016
20.984514,-1.570002,-0.295016,-9.365000,-0.065000,-0.123125,0.019375,0.521617,-0.248486,0.092168,-3.141590,0.000013,0.000008
20.988505,-1.570000,-0.295008,-9.365000,-0.065000,-0.123125,0.019375,0.521642,-0.248406,0.092169,-3.141592,0.000006,-0.000005
20.992506,-1.570002,-0.295014,-9.365000,-0.065000,-0.123125,0.019375,0.521666,-0.248323,0.092167,-3.141591,0.000011,-0.000020
20.996507,-1.570002,-0.295014,-9.365000,-0.065000,-0.123125,0.019375,0.521688,-0.248243,0.092168,-3.141591,0.000011,-0.000040
21.000511,-1.570000,-0.295007,-9.365000,-0.065000,-0.123125,0.019375,0.521714,-0.248161,0.092169,-3.141592,0.000004,-0.000055
21.004512,-1.570001,-0.295012,-9.365000,-0.065000,-0.123125,0.019375,0.521738,-0.248078,0.092167,-3.141591,0.000009,-0.000070
21.008519,-1.569999,-0.295004,-9.365000,-0.065000,-0.123125,0.019375,0.521764,-0.247996,0.092168,-3.141592,0.000002,-0.000078
21.012510,-1.569999,-0.295004,-9.365000,-0.065000,-0.123125,0.019375,0.521788,-0.247916,0.092168,-3.141592,0.000001,-0.000091
21.016478,-1.460001,-0.295009,-9.595000,-0.066000,-0.124125,0.019375,0.521812,-0.247833,0.092167,-3.141591,0.000006,-0.000093
21.020508,-1.460000,-0.295006,-9.595000,-0.066000,-0.124125,0.019375,0.521836,-0.247753,0.092165,-3.141592,0.000004,-0.000092
21.024478,-1.460000,-0.295006,-9.595000,-0.066000,-0.124125,0.019375,0.521862,-0.247671,0.092165,-3.141592,0.000003,-0.000080
21.028512,-1.460000,-0.295005,-9.595000,-0.066000,-0.124125,0.019375,0.521886,-0.247591,0.092165,-3.141592,0.000003,-0.000073
21.032487,-1.459999,-0.295002,-9.595000,-0.066000,-0.124125,0.019375,0.521912,-0.247509,0.092163,-3.141593,0.000000,-0.000061
21.036514,-1.459999,-0.295002,-9.595000,-0.066000,-0.124125,0.019375,0.521938,-0.247424,0.092163,3.141593,-0.000000,-0.000045
21.040512,-1.459997,-0.294994,-9.594999,-0.066000,-0.124125,0.019375,0.521966,-0.247340,0.092164,3.141591,-0.000007,-0.000035
21.044511,-1.459998,-0.294999,-9.595000,-0.066000,-0.124125,0.019375,0.521993,-0.247253,0.092162,3.141592,-0.000003,-0.000068
21.048512,-1.459996,-0.294991,-9.594999,-0.066000,-0.124125,0.019375,0.522021,-0.247166,0.092163,3.141591,-0.000010,-0.000067
21.052511,-1.459996,-0.294991,-9.594999,-0.066000,-0.124125,0.019375,0.522047,-0.247078,0.092164,3.141591,-0.000010,-0.000073
21.056512,-1.489997,-0.334996,-9.775000,-0.065000,-0.129125,0.020375,0.522083,-0.246973,0.092161,3.141592,-0.000006,-0.000043
21.060512,-1.489997,-0.334995,-9.775000,-0.065000,-0.129125,0.020375,0.522111,-0.246886,0.092161,3.141592,-0.000006,-0.000043
21.064512,-1.489995,-0.334986,-9.774999,-0.065000,-0.129125,0.020375,0.522141,-0.246799,0.092161,3.141590,-0.000014,-0.000055
21.068512,-1.489993,-0.334981,-9.774999,-0.065000,-0.129125,0.020375,0.522168,-0.246712,0.092164,3.141589,-0.000019,-0.000068
21.072518,-1.489994,-0.334986,-9.774999,-0.065000,-0.129125,0.020375,0.522196,-0.246625,0.092162,3.141590,-0.000015,-0.000081
21.076515,-1.489993,-0.334979,-9.774999,-0.065000,-0.129125,0.020375,0.522225,-0.246538,0.092163,3.141589,-0.000021,-0.000094
21.080512,-1.489993,-0.334979,-9.774999,-0.065000,-0.129125,0.020375,0.522252,-0.246454,0.092163,3.141589,-0.000021,-0.000111
21.084510,-1.489993,-0.334980,-9.774999,-0.065000,-0.129125,0.020375,0.522281,-0.246367,0.092165,3.141589,-0.000020,-0.000124
21.088511,-1.489992,-0.334977,-9.774999,-0.065000,-0.129125,0.020375,0.522309,-0.246280,0.092163,3.141589,-0.000023,-0.000123
21.092523,-1.569992,-0.324976,-9.904999,-0.065000,-0.136125,0.022375,0.522335,-0.246195,0.092163,3.141588,-0.000023,-0.000120
21.096517,-1.569994,-0.324983,-9.904999,-0.065000,-0.136125,0.022375,0.522362,-0.246108,0.092163,3.141590,-0.000017,-0.000113
21.100510,-1.569992,-0.324975,-9.904999,-0.065000,-0.136125,0.022375,0.522390,-0.246021,0.092163,3.141588,-0.000024,-0.000099
21.104514,-1.569990,-0.324969,-9.904998,-0.065000,-0.136125,0.022375,0.522418,-0.245937,0.092165,3.141587,-0.000030,-0.000089
21.108514,-1.569990,-0.324969,-9.904998,-0.065000,-0.136125,0.022375,0.522446,-0.245850,0.092165,3.141587,-0.000030,-0.000075
21.112511,-1.569991,-0.324973,-9.904999,-0.065000,-0.136125,0.022375,0.522473,-0.245763,0.092163,3.141588,-0.000026,-0.000101
21.116480,-1.569989,-0.324965,-9.904998,-0.065000,-0.136125,0.022375,0.522500,-0.245678,0.092164,3.141587,-0.000033,-0.000058
21.120506,-1.569988,-0.324960,-9.904998,-0.065000,-0.136125,0.022375,0.522527,-0.245591,0.092166,3.141586,-0.000038,-0.000044
21.124511,-1.569988,-0.324959,-9.904998,-0.065000,-0.136125,0.022375,0.522555,-0.245504,0.092166,3.141586,-0.000039,-0.000037
21.128512,-1.569987,-0.324959,-9.904998,-0.065000,-0.136125,0.022375,0.522581,-0.245420,0.092167,3.141586,-0.000039,-0.000040
21.132512,-1.569987,-0.324959,-9.904998,-0.065000,-0.136125,0.022375,0.522608,-0.245333,0.092167,3.141586,-0.000040,-0.000046
21.136512,-1.569987,-0.324959,-9.904998,-0.065000,-0.136125,0.022375,0.522608,-0.245333,0.092167,3.141586,-0.000040,-0.000046
21.140510,-1.579982,-0.424973,-9.974998,-0.061000,-0.136125,0.022375,0.522660,-0.245157,0.092165,-3.141591,-0.000030,-0.000059
21.144511,-1.579980,-0.424965,-9.974998,-0.061000,-0.136125,0.022375,0.522689,-0.245068,0.092165,-3.141592,-0.000037,-0.000067
21.148511,-1.579980,-0.424966,-9.974998,-0.061000,-0.136125,0.022375,0.522713,-0.244983,0.092166,-3.141592,-0.000036,-0.000084
21.152514,-1.579980,-0.424965,-9.974998,-0.061000,-0.136125,0.022375,0.522742,-0.244894,0.092166,-3.141592,-0.000037,-0.000086
21.156515,-1.579981,-0.424971,-9.974998,-0.061000,-0.136125,0.022375,0.522767,-0.244806,0.092165,-3.141591,-0.000032,-0.000092
21.160515,-1.579981,-0.424969,-9.974998,-0.061000,-0.136125,0.022375,0.522792,-0.244719,0.092164,-3.141592,-0.000033,-0.000091
21.164487,-1.579981,-0.424969,-9.974998,-0.061000,-0.136125,0.022375,0.522792,-0.244719,0.092164,-3.141592,-0.000033,-0.000091
21.168513,-1.579981,-0.424969,-9.974998,-0.061000,-0.136125,0.022375,0.522814,-0.244631,0.092165,-3.141592,-0.000033,-0.000131
21.172512,-1.579979,-0.424961,-9.974998,-0.061000,-0.136125,0.022375,0.522845,-0.244544,0.092166,3.141592,-0.000040,-0.000123
21.176512,-1.639982,-0.404974,-9.894999,-0.063000,-0.135125,0.022375,0.522876,-0.244435,0.092163,-3.141591,-0.000029,-0.000075
21.180516,-1.639982,-0.404972,-9.894998,-0.063000,-0.135125,0.022375,0.522901,-0.244348,0.092162,-3.141591,-0.000031,-0.000061
21.184512,-1.639982,-0.404971,-9.894998,-0.063000,-0.135125,0.022375,0.522929,-0.244260,0.092162,-3.141591,-0.000031,-0.000054
21.188512,-1.639983,-0.404977,-9.894999,-0.063000,-0.135125,0.022375,0.522953,-0.244173,0.092161,-3.141590,-0.000026,-0.000047
21.192519,-1.639983,-0.404977,-9.894999,-0.063000,-0.135125,0.022375,0.522979,-0.244086,0.092162,-3.141590,-0.000026,-0.000039
21.196512,-1.639983,-0.404977,-9.894999,-0.063000,-0.135125,0.022375,0.523006,-0.243998,0.092162,-3.141590,-0.000026,-0.000032
21.200513,-1.639984,-0.404982,-9.894999,-0.063000,-0.135125,0.022375,0.523031,-0.243911,0.092160,-3.141590,-0.000021,-0.000031
21.204517,-1.639987,-0.404993,-9.894999,-0.063000,-0.135125,0.022375,0.523080,-0.243736,0.092157,-3.141588,-0.000012,-0.000030
21.208512,-1.639987,-0.404993,-9.894999,-0.063000,-0.135125,0.022375,0.523080,-0.243736,0.092157,-3.141588,-0.000012,-0.000030
21.212512,-1.639987,-0.404992,-9.894999,-0.063000,-0.135125,0.022375,0.523107,-0.243649,0.092157,-3.141588,-0.000012,-0.000029
21.216512,-1.639988,-0.404995,-9.895000,-0.063000,-0.135125,0.022375,0.523132,-0.243562,0.092154,-3.141587,-0.000009,-0.000028
21.220516,-1.619989,-0.275001,-9.915000,-0.071000,-0.131125,0.021375,0.523157,-0.243474,0.092152,-3.141587,-0.000004,-0.000034
21.224509,-1.619993,-0.275014,-9.915000,-0.071000,-0.131125,0.021375,0.523181,-0.243386,0.092150,-3.141585,0.000007,-0.000041
21.228539,-1.619993,-0.275013,-9.915000,-0.071000,-0.131125,0.021375,0.523208,-0.243299,0.092150,-3.141585,0.000007,-0.000047
21.232539,-1.619992,-0.275011,-9.915000,-0.071000,-0.131125,0.021375,0.523233,-0.243212,0.092149,-3.141585,0.000005,-0.000053
21.236477,-1.619993,-0.275016,-9.915000,-0.071000,-0.131125,0.021375,0.523259,-0.243127,0.092147,-3.141584,0.000009,-0.000050
21.240488,-1.619993,-0.275015,-9.915000,-0.071000,-0.131125,0.021375,0.523285,-0.243042,0.092147,-3.141584,0.000009,-0.000054
21.244477,-1.619996,-0.275026,-9.915001,-0.071000,-0.131125,0.021375,0.523333,-0.242877,0.092144,-3.141583,0.000019,-0.000050
21.248521,-1.619996,-0.275026,-9.915001,-0.071000,-0.131125,0.021375,0.523333,-0.242877,0.092144,-3.141583,0.000019,-0.000050
21.252517,-1.619997,-0.275031,-9.915001,-0.071000,-0.131125,0.021375,0.523358,-0.242795,0.092142,-3.141582,0.000023,-0.000045
21.256518,-1.649996,-0.295025,-10.215001,-0.073000,-0.134125,0.022375,0.523385,-0.242713,0.092144,-3.141583,0.000017,-0.000047
21.260515,-1.649997,-0.295031,-10.215001,-0.073000,-0.134125,0.022375,0.523409,-0.242630,0.092143,-3.141582,0.000023,-0.000041
21.264515,-1.649999,-0.295036,-10.215001,-0.073000,-0.134125,0.022375,0.523433,-0.242548,0.092141,-3.141581,0.000027,-0.000036
21.268513,-1.649998,-0.295035,-10.215001,-0.073000,-0.134125,0.022375,0.523458,-0.242466,0.092141,-3.141581,0.000027,-0.000038
21.272506,-1.650000,-0.295041,-10.215002,-0.073000,-0.134125,0.022375,0.523483,-0.242383,0.092140,-3.141580,0.000032,-0.000040
21.276508,-1.650000,-0.295041,-10.215002,-0.073000,-0.134125,0.022375,0.523508,-0.242301,0.092140,-3.141580,0.000032,-0.000034
21.280511,-1.650000,-0.295040,-10.215002,-0.073000,-0.134125,0.022375,0.523533,-0.242219,0.092140,-3.141580,0.000031,-0.000029
21.284516,-1.649998,-0.295034,-10.215001,-0.073000,-0.134125,0.022375,0.523561,-0.242134,0.092142,-3.141581,0.000026,-0.000026
21.288513,-1.649998,-0.295032,-10.215001,-0.073000,-0.134125,0.022375,0.523587,-0.242052,0.092141,-3.141582,0.000024,-0.000028
21.292526,-1.649998,-0.295032,-10.215001,-0.073000,-0.134125,0.022375,0.523612,-0.241970,0.092141,-3.141582,0.000024,-0.000036
21.296485,-1.649996,-0.295026,-10.215001,-0.073000,-0.134125,0.022375,0.523638,-0.241888,0.092143,-3.141583,0.000018,-0.000038
21.300514,-1.659996,-0.355027,-10.775001,-0.074000,-0.142125,0.024375,0.523666,-0.241803,0.092144,-3.141583,0.000019,-0.000042
21.304513,-1.659997,-0.355031,-10.775001,-0.074000,-0.142125,0.024375,0.523690,-0.241721,0.092142,-3.141582,0.000023,-0.000050
21.308518,-1.659994,-0.355018,-10.775001,-0.074000,-0.142125,0.024375,0.523724,-0.241620,0.092145,-3.141584,0.000012,-0.000063
21.312510,-1.659994,-0.355018,-10.775001,-0.074000,-0.142125,0.024375,0.523743,-0.241557,0.092145,-3.141584,0.000012,-0.000101
21.316512,-1.659994,-0.355019,-10.775001,-0.074000,-0.142125,0.024375,0.523776,-0.241453,0.092146,-3.141584,0.000012,-0.000062
21.320518,-1.659994,-0.355019,-10.775001,-0.074000,-0.142125,0.024375,0.523794,-0.241392,0.092147,-3.141584,0.000012,-0.000104
21.324523,-1.659994,-0.355017,-10.775001,-0.074000,-0.142125,0.024375,0.523821,-0.241308,0.092146,-3.141584,0.000011,-0.000094
21.328510,-1.659995,-0.355024,-10.775001,-0.074000,-0.142125,0.024375,0.523851,-0.241203,0.092145,-3.141583,0.000017,-0.000055
21.332546,-1.659996,-0.355025,-10.775001,-0.074000,-0.142125,0.024375,0.523877,-0.241121,0.092146,-3.141583,0.000017,-0.000057
21.336546,-1.719994,-0.365019,-10.965001,-0.074000,-0.146125,0.025375,0.523904,-0.241039,0.092148,-3.141584,0.000012,-0.000058
21.340539,-1.719994,-0.365017,-10.965001,-0.074000,-0.146125,0.025375,0.523930,-0.240957,0.092148,-3.141584,0.000010,-0.000067
21.344532,-1.719992,-0.365011,-10.965000,-0.074000,-0.146125,0.025375,0.523957,-0.240875,0.092149,-3.141585,0.000005,-0.000068
21.348526,-1.719993,-0.365017,-10.965001,-0.074000,-0.146125,0.025375,0.523983,-0.240793,0.092148,-3.141584,0.000010,-0.000070
21.352523,-1.719992,-0.365010,-10.965000,-0.074000,-0.146125,0.025375,0.524009,-0.240711,0.092150,-3.141585,0.000004,-0.000072
21.356521,-1.719993,-0.365016,-10.965001,-0.074000,-0.146125,0.025375,0.524035,-0.240628,0.092149,-3.141584,0.000010,-0.000080
21.360519,-1.719992,-0.365010,-10.965000,-0.074000,-0.146125,0.025375,0.524063,-0.240544,0.092150,-3.141585,0.000004,-0.000077
21.364459,-1.719991,-0.365008,-10.965000,-0.074000,-0.146125,0.025375,0.524088,-0.240464,0.092150,-3.141585,0.000003,-0.000090
21.368515,-1.719992,-0.365009,-10.965000,-0.074000,-0.146125,0.025375,0.524114,-0.240382,0.092151,-3.141585,0.000003,-0.000092
21.372513,-1.719991,-0.365008,-10.965000,-0.074000,-0.146125,0.025375,0.524140,-0.240300,0.092150,-3.141585,0.000002,-0.000093
21.376512,-1.729993,-0.395014,-10.945000,-0.073000,-0.147125,0.025375,0.524165,-0.240218,0.092149,-3.141585,0.000007,-0.000095
21.380505,-1.759991,-0.395008,-10.875000,-0.073000,-0.148125,0.026375,0.524192,-0.240135,0.092151,-3.141586,0.000002,-0.000090
21.384506,-1.759993,-0.395013,-10.875000,-0.073000,-0.148125,0.026375,0.524217,-0.240053,0.092149,-3.141585,0.000007,-0.000091
21.388512,-1.759994,-0.395019,-10.875001,-0.073000,-0.148125,0.026375,0.524243,-0.239971,0.092148,-3.141584,0.000012,-0.000086
21.392514,-1.759992,-0.395013,-10.875000,-0.073000,-0.148125,0.026375,0.524269,-0.239889,0.092150,-3.141585,0.000007,-0.000081
21.396513,-1.759992,-0.395012,-10.875000,-0.073000,-0.148125,0.026375,0.524296,-0.239807,0.092149,-3.141585,0.000005,-0.000076
21.400513,-1.759994,-0.395017,-10.875000,-0.073000,-0.148125,0.026375,0.524321,-0.239724,0.092148,-3.141584,0.000011,-0.000071
21.404513,-1.759994,-0.395018,-10.875001,-0.073000,-0.148125,0.026375,0.524347,-0.239642,0.092149,-3.141584,0.000012,-0.000079
21.408512,-1.759995,-0.395023,-10.875001,-0.073000,-0.148125,0.026375,0.524371,-0.239560,0.092147,-3.141583,0.000016,-0.000081
21.412512,-1.759995,-0.395021,-10.875001,-0.073000,-0.148125,0.026375,0.524397,-0.239478,0.092146,-3.141583,0.000014,-0.000082
21.416513,-1.819993,-0.385015,-10.805000,-0.073000,-0.147125,0.026375,0.524423,-0.239395,0.092148,-3.141584,0.000009,-0.000091
21.420512,-1.819995,-0.385021,-10.805000,-0.073000,-0.147125,0.026375,0.524449,-0.239313,0.092146,-3.141583,0.000014,-0.000092
21.424512,-1.819994,-0.385020,-10.805000,-0.073000,-0.147125,0.026375,0.524475,-0.239231,0.092146,-3.141584,0.000013,-0.000101
21.428516,-1.819994,-0.385020,-10.805000,-0.073000,-0.147125,0.026375,0.524500,-0.239149,0.092147,-3.141584,0.000014,-0.000109
21.432510,-1.819994,-0.385019,-10.805000,-0.073000,-0.147125,0.026375,0.524528,-0.239064,0.092146,-3.141584,0.000012,-0.000147
21.436513,-1.819994,-0.385020,-10.805000,-0.073000,-0.147125,0.026375,0.524553,-0.238982,0.092147,-3.141584,0.000013,-0.000141
21.440514,-1.819995,-0.385023,-10.805001,-0.073000,-0.147125,0.026375,0.524575,-0.238899,0.092144,-3.141583,0.000016,-0.000143
21.444512,-1.819994,-0.385018,-10.805000,-0.073000,-0.147125,0.026375,0.524600,-0.238817,0.092147,-3.141584,0.000011,-0.000145
21.448521,-1.819994,-0.385019,-10.805000,-0.073000,-0.147125,0.026375,0.524635,-0.238713,0.092148,-3.141584,0.000012,-0.000099
21.452513,-1.789995,-0.405023,-10.985001,-0.074000,-0.147125,0.026375,0.524659,-0.238631,0.092145,-3.141583,0.000016,-0.000087
21.456512,-1.789997,-0.405030,-10.985001,-0.074000,-0.147125,0.026375,0.524682,-0.238548,0.092145,-3.141582,0.000022,-0.000082
21.460512,-1.789997,-0.405029,-10.985001,-0.074000,-0.147125,0.026375,0.524706,-0.238466,0.092145,-3.141582,0.000022,-0.000070
21.464517,-1.789995,-0.405023,-10.985001,-0.074000,-0.147125,0.026375,0.524732,-0.238384,0.092147,-3.141583,0.000016,-0.000065
21.468512,-1.789995,-0.405023,-10.985001,-0.074000,-0.147125,0.026375,0.524756,-0.238301,0.092147,-3.141583,0.000015,-0.000060
21.472512,-1.789996,-0.405027,-10.985001,-0.074000,-0.147125,0.026375,0.524780,-0.238218,0.092145,-3.141583,0.000019,-0.000048
21.476512,-1.789996,-0.405027,-10.985001,-0.074000,-0.147125,0.026375,0.524804,-0.238136,0.092145,-3.141583,0.000019,-0.000043
21.480510,-1.789996,-0.405026,-10.985001,-0.074000,-0.147125,0.026375,0.524828,-0.238053,0.092145,-3.141583,0.000019,-0.000045
21.484512,-1.789996,-0.405026,-10.985001,-0.074000,-0.147125,0.026375,0.524853,-0.237969,0.092145,-3.141583,0.000018,-0.000042
21.488512,-1.789994,-0.405019,-10.985001,-0.074000,-0.147125,0.026375,0.524879,-0.237886,0.092147,-3.141584,0.000012,-0.000050
21.492513,-1.789996,-0.405026,-10.985001,-0.074000,-0.147125,0.026375,0.524902,-0.237804,0.092146,-3.141583,0.000019,-0.000052
21.496513,-1.749994,-0.355020,-11.105001,-0.076000,-0.147125,0.025375,0.524928,-0.237722,0.092148,-3.141584,0.000013,-0.000060
21.500512,-1.749995,-0.355022,-11.105001,-0.076000,-0.147125,0.025375,0.524952,-0.237639,0.092150,-3.141583,0.000015,-0.000068
21.504511,-1.749993,-0.355015,-11.105000,-0.076000,-0.147125,0.025375,0.524979,-0.237555,0.092152,-3.141584,0.000009,-0.000072
21.508494,-1.749996,-0.355027,-11.105001,-0.076000,-0.147125,0.025375,0.525002,-0.237472,0.092149,-3.141583,0.000020,-0.000080
21.512512,-1.749996,-0.355027,-11.105001,-0.076000,-0.147125,0.025375,0.525026,-0.237389,0.092149,-3.141583,0.000019,-0.000082
21.516516,-1.749996,-0.355027,-11.105001,-0.076000,-0.147125,0.025375,0.525049,-0.237304,0.092150,-3.141583,0.000020,-0.000126
21.520516,-1.749996,-0.355027,-11.105001,-0.076000,-0.147125,0.025375,0.525076,-0.237222,0.092150,-3.141583,0.000020,-0.000088
21.524512,-1.749995,-0.355021,-11.105001,-0.076000,-0.147125,0.025375,0.525102,-0.237140,0.092152,-3.141584,0.000014,-0.000089
21.528512,-1.749995,-0.355022,-11.105001,-0.076000,-0.147125,0.025375,0.525128,-0.237058,0.092153,-3.141583,0.000015,-0.000077
21.532523,-1.779995,-0.315021,-11.145001,-0.077000,-0.151125,0.024375,0.525151,-0.236975,0.092154,-3.141583,0.000014,-0.000065
21.536510,-1.779994,-0.315020,-11.145001,-0.077000,-0.151125,0.024375,0.525177,-0.236893,0.092153,-3.141584,0.000013,-0.000054
21.540523,-1.779995,-0.315021,-11.145001,-0.077000,-0.151125,0.024375,0.525202,-0.236811,0.092154,-3.141584,0.000014,-0.000028
21.544476,-1.779993,-0.315015,-11.145000,-0.077000,-0.151125,0.024375,0.525228,-0.236729,0.092156,-3.141584,0.000008,-0.000016
21.548512,-1.779995,-0.315020,-11.145001,-0.077000,-0.151125,0.024375,0.525253,-0.236646,0.092155,-3.141584,0.000014,-0.000005
21.552492,-1.779995,-0.315021,-11.145001,-0.077000,-0.151125,0.024375,0.525279,-0.236564,0.092156,-3.141583,0.000014,0.000007
21.556518,-1.779994,-0.315020,-11.145001,-0.077000,-0.151125,0.024375,0.525304,-0.236482,0.092155,-3.141584,0.000013,0.000006
21.560514,-1.779995,-0.315021,-11.145001,-0.077000,-0.151125,0.024375,0.525330,-0.236399,0.092156,-3.141584,0.000014,0.000004
21.564487,-1.779993,-0.315014,-11.145000,-0.077000,-0.151125,0.024375,0.525357,-0.236318,0.092157,-3.141585,0.000007,0.000002
21.568514,-1.779993,-0.315015,-11.145000,-0.077000,-0.151125,0.024375,0.525384,-0.236233,0.092158,-3.141584,0.000008,-0.000001
21.572512,-1.779995,-0.315021,-11.145001,-0.077000,-0.151125,0.024375,0.525409,-0.236151,0.092157,-3.141584,0.000014,-0.000010
21.576512,-1.759995,-0.315020,-11.065001,-0.075000,-0.151125,0.024375,0.525432,-0.236068,0.092157,-3.141584,0.000013,-0.000058
21.580515,-1.759993,-0.315014,-11.065000,-0.075000,-0.151125,0.024375,0.525458,-0.235986,0.092159,-3.141585,0.000007,-0.000074
21.584512,-1.759993,-0.315015,-11.065000,-0.075000,-0.151125,0.024375,0.525484,-0.235901,0.092160,-3.141584,0.000008,-0.000084
21.588512,-1.759993,-0.315015,-11.065000,-0.075000,-0.151125,0.024375,0.525520,-0.235800,0.092161,-3.141584,0.000008,-0.000056
21.592512,-1.759991,-0.315008,-11.065000,-0.075000,-0.151125,0.024375,0.525546,-0.235718,0.092162,-3.141585,0.000003,-0.000072
21.596513,-1.759993,-0.315014,-11.065000,-0.075000,-0.151125,0.024375,0.525572,-0.235633,0.092161,-3.141585,0.000008,-0.000075
21.600512,-1.759991,-0.315008,-11.065000,-0.075000,-0.151125,0.024375,0.525597,-0.235551,0.092163,-3.141585,0.000002,-0.000077
21.604511,-1.759993,-0.315014,-11.065000,-0.075000,-0.151125,0.024375,0.525622,-0.235469,0.092162,-3.141585,0.000008,-0.000072
21.608511,-1.759989,-0.315002,-11.065000,-0.075000,-0.151125,0.024375,0.525650,-0.235387,0.092165,-3.141586,-0.000004,-0.000053
21.612512,-1.839990,-0.355003,-10.965000,-0.073000,-0.150125,0.025375,0.525675,-0.235304,0.092166,-3.141586,-0.000003,-0.000048
21.616512,-1.839991,-0.355009,-10.965000,-0.073000,-0.150125,0.025375,0.525700,-0.235222,0.092165,-3.141585,0.000003,-0.000036
21.620514,-1.839990,-0.355002,-10.965000,-0.073000,-0.150125,0.025375,0.525726,-0.235140,0.092167,-3.141586,-0.000003,-0.000018
21.624512,-1.839991,-0.355008,-10.965000,-0.073000,-0.150125,0.025375,0.525752,-0.235055,0.092165,-3.141585,0.000002,-0.000001
21.628513,-1.839990,-0.355003,-10.965000,-0.073000,-0.150125,0.025375,0.525779,-0.234973,0.092168,-3.141586,-0.000002,0.000011
21.632512,-1.839990,-0.355004,-10.965000,-0.073000,-0.150125,0.025375,0.525805,-0.234888,0.092169,-3.141586,-0.000001,0.000013
21.636517,-1.839988,-0.354998,-10.965000,-0.073000,-0.150125,0.025375,0.525832,-0.234804,0.092171,-3.141587,-0.000007,0.000010
21.640511,-1.839989,-0.354999,-10.965000,-0.073000,-0.150125,0.025375,0.525858,-0.234719,0.092172,-3.141587,-0.000006,0.000006
21.644510,-1.839989,-0.355000,-10.965000,-0.073000,-0.150125,0.025375,0.525885,-0.234632,0.092174,-3.141587,-0.000005,-0.000000
21.648510,-1.839989,-0.355001,-10.965000,-0.073000,-0.150125,0.025375,0.525912,-0.234545,0.092175,-3.141587,-0.000004,-0.000013
21.652514,-1.839987,-0.354995,-10.965000,-0.073000,-0.150125,0.025375,0.525939,-0.234460,0.092177,-3.141587,-0.000010,-0.000024
21.656510,-1.839988,-0.334996,-10.844999,-0.074000,-0.149125,0.024375,0.525966,-0.234373,0.092178,-3.141587,-0.000009,-0.000037
21.660511,-1.839988,-0.334995,-10.844999,-0.074000,-0.149125,0.024375,0.525991,-0.234286,0.092178,-3.141587,-0.000010,-0.000049
21.664510,-1.839987,-0.334991,-10.844999,-0.074000,-0.149125,0.024375,0.526019,-0.234199,0.092182,-3.141588,-0.000013,-0.000109
21.668512,-1.839987,-0.334991,-10.844999,-0.074000,-0.149125,0.024375,0.526019,-0.234199,0.092182,-3.141588,-0.000013,-0.000109
21.672518,-1.839985,-0.334986,-10.844999,-0.074000,-0.149125,0.024375,0.526072,-0.234027,0.092185,-3.141589,-0.000018,-0.000126
21.676513,-1.839985,-0.334986,-10.844999,-0.074000,-0.149125,0.024375,0.526072,-0.234027,0.092185,-3.141589,-0.000018,-0.000126
21.680514,-1.839984,-0.334982,-10.844999,-0.074000,-0.149125,0.024375,0.526134,-0.233831,0.092188,-3.141589,-0.000022,-0.000077
21.684520,-1.839984,-0.334982,-10.844999,-0.074000,-0.149125,0.024375,0.526160,-0.233747,0.092190,-3.141589,-0.000021,-0.000074
21.688512,-1.839984,-0.334982,-10.844999,-0.074000,-0.149125,0.024375,0.526160,-0.233747,0.092190,-3.141589,-0.000021,-0.000074
21.692480,-1.839982,-0.334976,-10.844998,-0.074000,-0.149125,0.024375,0.526188,-0.233660,0.092191,-3.141590,-0.000027,-0.000060
21.696513,-1.839982,-0.334977,-10.844998,-0.074000,-0.149125,0.024375,0.526214,-0.233575,0.092193,-3.141590,-0.000026,-0.000057
21.700517,-1.839984,-0.334983,-10.844999,-0.074000,-0.149125,0.024375,0.526240,-0.233488,0.092191,-3.141589,-0.000021,-0.000050
21.704513,-1.649982,-0.314977,-10.534999,-0.074000,-0.138125,0.022375,0.526267,-0.233403,0.092193,-3.141590,-0.000026,-0.000047
21.708512,-1.649983,-0.314978,-10.534999,-0.074000,-0.138125,0.022375,0.526294,-0.233316,0.092194,-3.141590,-0.000025,-0.000040
21.712494,-1.649983,-0.314979,-10.534999,-0.074000,-0.138125,0.022375,0.526320,-0.233231,0.092195,-3.141590,-0.000025,-0.000043
21.716510,-1.649983,-0.314980,-10.534999,-0.074000,-0.138125,0.022375,0.526345,-0.233147,0.092197,-3.141590,-0.000024,-0.000047
21.720512,-1.649985,-0.314986,-10.534999,-0.074000,-0.138125,0.022375,0.526372,-0.233059,0.092195,-3.141589,-0.000018,-0.000053
21.724512,-1.649983,-0.314979,-10.534999,-0.074000,-0.138125,0.022375,0.526398,-0.232975,0.092197,-3.141590,-0.000024,-0.000057
21.728512,-1.649983,-0.314980,-10.534999,-0.074000,-0.138125,0.022375,0.526425,-0.232888,0.092198,-3.141589,-0.000023,-0.000063
21.732520,-1.649983,-0.314980,-10.534999,-0.074000,-0.138125,0.022375,0.526477,-0.232718,0.092199,-3.141590,-0.000024,-0.000091
21.736474,-1.649983,-0.314980,-10.534999,-0.074000,-0.138125,0.022375,0.526477,-0.232718,0.092199,-3.141590,-0.000024,-0.000091
21.740521,-1.479985,-0.304987,-10.274999,-0.071000,-0.132125,0.021375,0.526501,-0.232633,0.092198,-3.141589,-0.000017,-0.000102
21.744481,-1.479985,-0.304986,-10.274999,-0.071000,-0.132125,0.021375,0.526551,-0.232466,0.092199,-3.141589,-0.000018,-0.000121
21.748546,-1.479985,-0.304986,-10.274999,-0.071000,-0.132125,0.021375,0.526551,-0.232466,0.092199,-3.141589,-0.000018,-0.000121
21.752539,-1.479985,-0.304987,-10.274999,-0.071000,-0.132125,0.021375,0.526577,-0.232381,0.092200,-3.141588,-0.000017,-0.000124
21.756542,-1.479987,-0.304993,-10.275000,-0.071000,-0.132125,0.021375,0.526601,-0.232299,0.092199,-3.141588,-0.000012,-0.000119
21.760530,-1.479987,-0.304994,-10.275000,-0.071000,-0.132125,0.021375,0.526626,-0.232216,0.092200,-3.141587,-0.000011,-0.000114
21.764526,-1.479989,-0.305001,-10.275000,-0.071000,-0.132125,0.021375,0.526649,-0.232131,0.092199,-3.141587,-0.000004,-0.000098
21.768523,-1.479991,-0.305007,-10.275000,-0.071000,-0.132125,0.021375,0.526674,-0.232049,0.092198,-3.141586,0.000001,-0.000086
21.772521,-1.479991,-0.305008,-10.275000,-0.071000,-0.132125,0.021375,0.526699,-0.231964,0.092199,-3.141586,0.000002,-0.000070
21.776518,-1.529991,-0.225006,-10.025000,-0.071000,-0.135125,0.020375,0.526724,-0.231881,0.092198,-3.141586,0.000000,-0.000065
21.780517,-1.529991,-0.225007,-10.025000,-0.071000,-0.135125,0.020375,0.526750,-0.231797,0.092200,-3.141586,0.000001,-0.000055
21.784515,-1.529989,-0.225001,-10.025000,-0.071000,-0.135125,0.020375,0.526775,-0.231714,0.092201,-3.141587,-0.000004,-0.000050
21.788515,-1.529989,-0.225002,-10.025000,-0.071000,-0.135125,0.020375,0.526799,-0.231632,0.092202,-3.141586,-0.000003,-0.000045
21.792504,-1.529991,-0.225008,-10.025000,-0.071000,-0.135125,0.020375,0.526825,-0.231547,0.092201,-3.141586,0.000002,-0.000042
21.796506,-1.529991,-0.225008,-10.025000,-0.071000,-0.135125,0.020375,0.526825,-0.231547,0.092201,-3.141586,0.000002,-0.000042
21.800506,-1.529991,-0.225008,-10.025000,-0.071000,-0.135125,0.020375,0.526873,-0.231380,0.092202,-3.141585,0.000002,-0.000088
21.804478,-1.529993,-0.225014,-10.025000,-0.071000,-0.135125,0.020375,0.526897,-0.231297,0.092201,-3.141585,0.000008,-0.000096
21.808493,-1.529991,-0.225009,-10.025000,-0.071000,-0.135125,0.020375,0.526921,-0.231212,0.092204,-3.141585,0.000003,-0.000107
21.812518,-1.529992,-0.225010,-10.025000,-0.071000,-0.135125,0.020375,0.526955,-0.231108,0.092205,-3.141585,0.000004,-0.000074
21.816512,-1.569994,-0.225016,-10.015000,-0.071000,-0.137125,0.020375,0.526978,-0.231023,0.092204,-3.141584,0.000010,-0.000085
21.820512,-1.609994,-0.245017,-10.065001,-0.071000,-0.139125,0.021375,0.527003,-0.230941,0.092206,-3.141584,0.000011,-0.000093
21.824512,-1.609994,-0.245017,-10.065001,-0.071000,-0.139125,0.021375,0.527030,-0.230856,0.092206,-3.141584,0.000011,-0.000090
21.828512,-1.609992,-0.245011,-10.065000,-0.071000,-0.139125,0.021375,0.527055,-0.230774,0.092208,-3.141585,0.000005,-0.000092
21.832512,-1.609993,-0.245012,-10.065000,-0.071000,-0.139125,0.021375,0.527081,-0.230689,0.092209,-3.141585,0.000006,-0.000082
21.836525,-1.609994,-0.245018,-10.065001,-0.071000,-0.139125,0.021375,0.527105,-0.230607,0.092208,-3.141584,0.000011,-0.000084
21.840512,-1.609993,-0.245013,-10.065000,-0.071000,-0.139125,0.021375,0.527132,-0.230522,0.092210,-3.141585,0.000007,-0.000074
21.844517,-1.609993,-0.245013,-10.065000,-0.071000,-0.139125,0.021375,0.527159,-0.230440,0.092211,-3.141585,0.000007,-0.000062
21.848510,-1.609993,-0.245014,-10.065000,-0.071000,-0.139125,0.021375,0.527183,-0.230358,0.092212,-3.141585,0.000008,-0.000057
21.852514,-1.609993,-0.245014,-10.065000,-0.071000,-0.139125,0.021375,0.527209,-0.230275,0.092212,-3.141585,0.000008,-0.000052
21.856512,-1.609991,-0.245007,-10.065000,-0.071000,-0.139125,0.021375,0.527237,-0.230191,0.092213,-3.141586,0.000001,-0.000043
21.860511,-1.639990,-0.325002,-10.095000,-0.069000,-0.137125,0.021375,0.527264,-0.230109,0.092216,-3.141586,-0.000003,-0.000038
21.864512,-1.639990,-0.325002,-10.095000,-0.069000,-0.137125,0.021375,0.527290,-0.230027,0.092217,-3.141586,-0.000003,-0.000039
21.868512,-1.639992,-0.325009,-10.095000,-0.069000,-0.137125,0.021375,0.527315,-0.229944,0.092216,-3.141585,0.000003,-0.000034
21.872512,-1.639992,-0.325009,-10.095000,-0.069000,-0.137125,0.021375,0.527342,-0.229862,0.092217,-3.141585,0.000003,-0.000029
21.876512,-1.639992,-0.325010,-10.095000,-0.069000,-0.137125,0.021375,0.527366,-0.229780,0.092218,-3.141585,0.000004,-0.000030
21.880513,-1.639992,-0.325010,-10.095000,-0.069000,-0.137125,0.021375,0.527393,-0.229695,0.092218,-3.141585,0.000004,-0.000028
21.884512,-1.639992,-0.325010,-10.095000,-0.069000,-0.137125,0.021375,0.527419,-0.229613,0.092219,-3.141585,0.000004,-0.000036
21.888512,-1.639992,-0.325010,-10.095000,-0.069000,-0.137125,0.021375,0.527445,-0.229531,0.092219,-3.141585,0.000004,-0.000044
21.892474,-1.639992,-0.325010,-10.095000,-0.069000,-0.137125,0.021375,0.527471,-0.229449,0.092219,-3.141585,0.000004,-0.000053
21.896483,-1.579991,-0.375006,-10.025000,-0.067000,-0.132125,0.022375,0.527499,-0.229364,0.092222,-3.141586,-0.000000,-0.000056
21.900513,-1.579991,-0.375006,-10.025000,-0.067000,-0.132125,0.022375,0.527499,-0.229364,0.092222,-3.141586,-0.000000,-0.000056
21.904512,-1.579990,-0.375004,-10.025000,-0.067000,-0.132125,0.022375,0.527549,-0.229199,0.092222,-3.141586,-0.000001,-0.000053
21.908518,-1.579992,-0.375011,-10.025000,-0.067000,-0.132125,0.022375,0.527575,-0.229117,0.092222,-3.141585,0.000005,-0.000055
21.912512,-1.579992,-0.375011,-10.025000,-0.067000,-0.132125,0.022375,0.527601,-0.229035,0.092222,-3.141585,0.000005,-0.000090
21.916509,-1.579992,-0.375011,-10.025000,-0.067000,-0.132125,0.022375,0.527628,-0.228950,0.092222,-3.141585,0.000005,-0.000047
21.920512,-1.579990,-0.375005,-10.025000,-0.067000,-0.132125,0.022375,0.527661,-0.228849,0.092224,-3.141586,-0.000000,-0.000046
21.924518,-1.579990,-0.375004,-10.025000,-0.067000,-0.132125,0.022375,0.527681,-0.228786,0.092224,-3.141586,-0.000001,-0.000043
21.928512,-1.579994,-0.375017,-10.025001,-0.067000,-0.132125,0.022375,0.527704,-0.228703,0.092222,-3.141584,0.000011,-0.000045
21.932513,-1.579994,-0.375017,-10.025001,-0.067000,-0.132125,0.022375,0.527731,-0.228619,0.092222,-3.141584,0.000011,-0.000075
21.936512,-1.509994,-0.365017,-9.905000,-0.067000,-0.127125,0.020375,0.527757,-0.228537,0.092222,-3.141584,0.000011,-0.000030
21.940512,-1.499992,-0.365011,-9.895000,-0.067000,-0.126125,0.020375,0.527781,-0.228454,0.092224,-3.141585,0.000005,-0.000065
21.944512,-1.499994,-0.365017,-9.895000,-0.067000,-0.126125,0.020375,0.527813,-0.228353,0.092223,-3.141584,0.000010,-0.000031
21.948517,-1.499992,-0.365012,-9.895000,-0.067000,-0.126125,0.020375,0.527841,-0.228268,0.092226,-3.141585,0.000006,-0.000035
21.952517,-1.499994,-0.365018,-9.895001,-0.067000,-0.126125,0.020375,0.527864,-0.228186,0.092224,-3.141584,0.000011,-0.000036
21.956512,-1.499994,-0.365018,-9.895001,-0.067000,-0.126125,0.020375,0.527890,-0.228103,0.092225,-3.141584,0.000011,-0.000038
21.960511,-1.499994,-0.365018,-9.895001,-0.067000,-0.126125,0.020375,0.527916,-0.228021,0.092225,-3.141584,0.000011,-0.000046
21.964512,-1.499993,-0.365013,-9.895000,-0.067000,-0.126125,0.020375,0.527942,-0.227939,0.092228,-3.141585,0.000007,-0.000048
21.968475,-1.499994,-0.365019,-9.895001,-0.067000,-0.126125,0.020375,0.527966,-0.227856,0.092227,-3.141584,0.000012,-0.000049
21.972512,-1.499994,-0.365019,-9.895001,-0.067000,-0.126125,0.020375,0.527992,-0.227774,0.092227,-3.141584,0.000012,-0.000051
21.976512,-1.519995,-0.355020,-9.925000,-0.066000,-0.130125,0.020375,0.528016,-0.227692,0.092228,-3.141584,0.000013,-0.000053
21.980512,-1.519995,-0.355020,-9.925000,-0.066000,-0.130125,0.020375,0.528042,-0.227609,0.092228,-3.141584,0.000013,-0.000054
21.984517,-1.519993,-0.355014,-9.925000,-0.066000,-0.130125,0.020375,0.528070,-0.227527,0.092231,-3.141585,0.000008,-0.000056
21.988512,-1.519993,-0.355015,-9.925000,-0.066000,-0.130125,0.020375,0.528094,-0.227445,0.092232,-3.141585,0.000009,-0.000057
21.992513,-1.519993,-0.355015,-9.925000,-0.066000,-0.130125,0.020375,0.528119,-0.227363,0.092232,-3.141585,0.000009,-0.000059
21.996511,-1.519994,-0.355017,-9.925000,-0.066000,-0.130125,0.020375,0.528145,-0.227280,0.092234,-3.141584,0.000011,-0.000061
22.000512,-1.519996,-0.355023,-9.925000,-0.066000,-0.130125,0.020375,0.528168,-0.227198,0.092233,-3.141584,0.000016,-0.000062
22.004512,-1.519996,-0.355023,-9.925000,-0.066000,-0.130125,0.020375,0.528194,-0.227115,0.092233,-3.141584,0.000016,-0.000071
22.008513,-1.519993,-0.355013,-9.925000,-0.066000,-0.130125,0.020375,0.528223,-0.227031,0.092238,-3.141585,0.000006,-0.000075
22.012512,-1.519994,-0.355018,-9.925000,-0.066000,-0.130125,0.020375,0.528247,-0.226949,0.092237,-3.141584,0.000012,-0.000076
22.016512,-1.519993,-0.355014,-9.945000,-0.065000,-0.133125,0.019375,0.528273,-0.226866,0.092239,-3.141585,0.000007,-0.000078
22.020511,-1.519991,-0.355006,-9.945000,-0.065000,-0.133125,0.019375,0.528299,-0.226784,0.092240,-3.141586,0.000001,-0.000079
22.024512,-1.519993,-0.355014,-9.945000,-0.065000,-0.133125,0.019375,0.528324,-0.226702,0.092240,-3.141585,0.000007,-0.000081
22.028515,-1.519991,-0.355009,-9.945000,-0.065000,-0.133125,0.019375,0.528350,-0.226620,0.092243,-3.141585,0.000003,-0.000083
22.032512,-1.519991,-0.355009,-9.945000,-0.065000,-0.133125,0.019375,0.528376,-0.226537,0.092243,-3.141585,0.000003,-0.000091
22.036513,-1.519991,-0.355009,-9.945000,-0.065000,-0.133125,0.019375,0.528402,-0.226455,0.092244,-3.141585,0.000003,-0.000093
22.040512,-1.519990,-0.355004,-9.945000,-0.065000,-0.133125,0.019375,0.528427,-0.226373,0.092247,-3.141586,-0.000002,-0.000094
22.044477,-1.519990,-0.355004,-9.945000,-0.065000,-0.133125,0.019375,0.528453,-0.226291,0.092247,-3.141586,-0.000002,-0.000096
22.048512,-1.519992,-0.355010,-9.945000,-0.065000,-0.133125,0.019375,0.528476,-0.226208,0.092246,-3.141585,0.000004,-0.000097
22.052512,-1.529992,-0.335010,-9.885000,-0.065000,-0.134125,0.020375,0.528502,-0.226126,0.092246,-3.141585,0.000004,-0.000092
22.056515,-1.549990,-0.335005,-9.745000,-0.063000,-0.133125,0.020375,0.528528,-0.226043,0.092249,-3.141586,-0.000001,-0.000087
22.060532,-1.549990,-0.335005,-9.745000,-0.063000,-0.133125,0.020375,0.528554,-0.225961,0.092249,-3.141586,-0.000001,-0.000082
22.064512,-1.549990,-0.335005,-9.745000,-0.063000,-0.133125,0.020375,0.528579,-0.225879,0.092250,-3.141586,-0.000001,-0.000084
22.068520,-1.549991,-0.335006,-9.745000,-0.063000,-0.133125,0.020375,0.528604,-0.225794,0.092251,-3.141586,0.000000,-0.000114
22.072518,-1.549991,-0.335006,-9.745000,-0.063000,-0.133125,0.020375,0.528629,-0.225712,0.092251,-3.141586,0.000000,-0.000109
22.076511,-1.549993,-0.335013,-9.745000,-0.063000,-0.133125,0.020375,0.528659,-0.225610,0.092251,-3.141585,0.000007,-0.000075
22.080512,-1.549993,-0.335013,-9.745000,-0.063000,-0.133125,0.020375,0.528685,-0.225525,0.092251,-3.141585,0.000007,-0.000085
22.084513,-1.549994,-0.335019,-9.745000,-0.063000,-0.133125,0.020375,0.528708,-0.225442,0.092250,-3.141584,0.000012,-0.000087
22.088510,-1.549994,-0.335019,-9.745000,-0.063000,-0.133125,0.020375,0.528734,-0.225360,0.092250,-3.141584,0.000012,-0.000095
22.092517,-1.629995,-0.315019,-9.465001,-0.062000,-0.134125,0.020375,0.528759,-0.225278,0.092250,-3.141584,0.000012,-0.000104
22.096512,-1.629995,-0.315019,-9.465001,-0.062000,-0.134125,0.020375,0.528785,-0.225195,0.092251,-3.141584,0.000012,-0.000112
22.100516,-1.629995,-0.315019,-9.465001,-0.062000,-0.134125,0.020375,0.528785,-0.225195,0.092251,-3.141584,0.000012,-0.000112
22.104512,-1.629996,-0.315024,-9.465001,-0.062000,-0.134125,0.020375,0.528835,-0.225028,0.092250,-3.141583,0.000017,-0.000111
22.108512,-1.629996,-0.315024,-9.465001,-0.062000,-0.134125,0.020375,0.528860,-0.224946,0.092250,-3.141583,0.000017,-0.000112
22.112512,-1.629998,-0.315029,-9.465001,-0.062000,-0.134125,0.020375,0.528885,-0.224863,0.092248,-3.141583,0.000022,-0.000107
22.116510,-1.629996,-0.315024,-9.465001,-0.062000,-0.134125,0.020375,0.528911,-0.224781,0.092251,-3.141583,0.000017,-0.000102
22.120512,-1.630000,-0.315035,-9.465001,-0.062000,-0.134125,0.020375,0.528934,-0.224698,0.092247,-3.141582,0.000027,-0.000097
22.124511,-1.630000,-0.315035,-9.465001,-0.062000,-0.134125,0.020375,0.528959,-0.224616,0.092247,-3.141582,0.000027,-0.000085
22.128512,-1.630000,-0.315035,-9.465001,-0.062000,-0.134125,0.020375,0.528984,-0.224534,0.092248,-3.141582,0.000027,-0.000073
22.132512,-1.630000,-0.315035,-9.465001,-0.062000,-0.134125,0.020375,0.529011,-0.224449,0.092248,-3.141582,0.000027,-0.000057
22.136512,-1.590002,-0.325041,-9.425001,-0.064000,-0.128125,0.021375,0.529035,-0.224364,0.092247,-3.141581,0.000033,-0.000047
22.140512,-1.590002,-0.325041,-9.425001,-0.064000,-0.128125,0.021375,0.529061,-0.224279,0.092247,-3.141581,0.000033,-0.000044
22.144512,-1.590002,-0.325041,-9.425001,-0.064000,-0.128125,0.021375,0.529087,-0.224194,0.092247,-3.141581,0.000033,-0.000048
22.148512,-1.590003,-0.325047,-9.425002,-0.063999,-0.128125,0.021375,0.529112,-0.224107,0.092246,-3.141581,0.000038,-0.000048
22.152512,-1.590003,-0.325047,-9.425002,-0.063999,-0.128125,0.021375,0.529140,-0.224020,0.092246,-3.141581,0.000038,-0.000047
22.156476,-1.590003,-0.325047,-9.425002,-0.063999,-0.128125,0.021375,0.529167,-0.223933,0.092247,-3.141581,0.000038,-0.000053
22.160482,-1.590003,-0.325047,-9.425002,-0.063999,-0.128125,0.021375,0.529193,-0.223848,0.092247,-3.141581,0.000038,-0.000064
22.164540,-1.590005,-0.325053,-9.425002,-0.063999,-0.128125,0.021375,0.529218,-0.223760,0.092246,-3.141580,0.000043,-0.000070
22.168496,-1.590005,-0.325053,-9.425002,-0.063999,-0.128125,0.021375,0.529244,-0.223676,0.092246,-3.141580,0.000043,-0.000080
22.172536,-1.470007,-0.345058,-9.615002,-0.064999,-0.126125,0.021375,0.529269,-0.223588,0.092245,-3.141579,0.000049,-0.000080
22.176491,-1.470005,-0.345053,-9.615002,-0.064999,-0.126125,0.021375,0.529299,-0.223501,0.092247,-3.141580,0.000043,-0.000086
22.180503,-1.470003,-0.345045,-9.615002,-0.064999,-0.126125,0.021375,0.529327,-0.223414,0.092248,-3.141581,0.000037,-0.000092
22.184518,-1.470003,-0.345045,-9.615002,-0.064999,-0.126125,0.021375,0.529353,-0.223330,0.092248,-3.141581,0.000037,-0.000089
22.188514,-1.470003,-0.345045,-9.615002,-0.064999,-0.126125,0.021375,0.529380,-0.223243,0.092249,-3.141581,0.000037,-0.000088
22.192494,-1.470003,-0.345046,-9.615002,-0.064999,-0.126125,0.021375,0.529405,-0.223155,0.092250,-3.141581,0.000038,-0.000074
22.196518,-1.470003,-0.345046,-9.615002,-0.064999,-0.126125,0.021375,0.529431,-0.223070,0.092250,-3.141581,0.000038,-0.000064
22.200514,-1.470003,-0.345046,-9.615002,-0.064999,-0.126125,0.021375,0.529431,-0.223070,0.092250,-3.141581,0.000038,-0.000064
22.204514,-1.470004,-0.345047,-9.615002,-0.064999,-0.126125,0.021375,0.529457,-0.222983,0.092251,-3.141581,0.000039,-0.000084
22.208517,-1.470004,-0.345047,-9.615002,-0.064999,-0.126125,0.021375,0.529492,-0.222877,0.092252,-3.141581,0.000039,-0.000034
22.212513,-1.470005,-0.345053,-9.615002,-0.064999,-0.126125,0.021375,0.529506,-0.222813,0.092250,-3.141580,0.000044,-0.000058
22.216500,-1.500004,-0.305048,-9.785002,-0.065999,-0.129125,0.021375,0.529569,-0.222620,0.092253,-3.141580,0.000040,-0.000000
22.220511,-1.500004,-0.305048,-9.785002,-0.065999,-0.129125,0.021375,0.529569,-0.222620,0.092253,-3.141580,0.000040,-0.000000
22.224512,-1.500004,-0.305048,-9.785002,-0.065999,-0.129125,0.021375,0.529595,-0.222535,0.092254,-3.141580,0.000040,-0.000004
22.228514,-1.500002,-0.305041,-9.785001,-0.066000,-0.129125,0.021375,0.529649,-0.222363,0.092255,-3.141581,0.000033,-0.000014
22.232517,-1.500002,-0.305041,-9.785001,-0.066000,-0.129125,0.021375,0.529676,-0.222276,0.092256,-3.141581,0.000033,-0.000020
22.236512,-1.500002,-0.305041,-9.785001,-0.066000,-0.129125,0.021375,0.529676,-0.222276,0.092256,-3.141581,0.000033,-0.000020
22.240513,-1.500002,-0.305041,-9.785001,-0.066000,-0.129125,0.021375,0.529703,-0.222189,0.092256,-3.141581,0.000033,-0.000026
22.244518,-1.500000,-0.305036,-9.785001,-0.066000,-0.129125,0.021375,0.529730,-0.222101,0.092259,-3.141582,0.000028,-0.000039
22.248512,-1.500002,-0.305041,-9.785001,-0.066000,-0.129125,0.021375,0.529758,-0.222012,0.092257,-3.141581,0.000033,-0.000047
22.252546,-1.500004,-0.305049,-9.785002,-0.065999,-0.129125,0.021375,0.529784,-0.221925,0.092256,-3.141581,0.000040,-0.000060
22.256512,-1.600002,-0.275043,-9.755002,-0.067000,-0.135125,0.021375,0.529813,-0.221838,0.092258,-3.141581,0.000034,-0.000080
22.260512,-1.600001,-0.275038,-9.755002,-0.067000,-0.135125,0.021375,0.529841,-0.221748,0.092261,-3.141582,0.000030,-0.000088
22.264517,-1.600001,-0.275038,-9.755002,-0.067000,-0.135125,0.021375,0.529868,-0.221661,0.092262,-3.141582,0.000030,-0.000087
22.268540,-1.599999,-0.275032,-9.755001,-0.067000,-0.135125,0.021375,0.529898,-0.221572,0.092264,-3.141583,0.000025,-0.000069
22.272519,-1.599999,-0.275032,-9.755001,-0.067000,-0.135125,0.021375,0.529925,-0.221484,0.092264,-3.141583,0.000025,-0.000054
22.276546,-1.600001,-0.275037,-9.755002,-0.067000,-0.135125,0.021375,0.529951,-0.221400,0.092262,-3.141582,0.000029,-0.000045
22.280540,-1.600003,-0.275044,-9.755002,-0.067000,-0.135125,0.021375,0.529978,-0.221310,0.092262,-3.141581,0.000036,-0.000026
22.284532,-1.599999,-0.275031,-9.755001,-0.067000,-0.135125,0.021375,0.530008,-0.221223,0.092264,-3.141583,0.000024,-0.000019
22.288536,-1.600001,-0.275038,-9.755002,-0.067000,-0.135125,0.021375,0.530034,-0.221136,0.092264,-3.141582,0.000030,-0.000005
22.292453,-1.600001,-0.275039,-9.755002,-0.067000,-0.135125,0.021375,0.530061,-0.221049,0.092264,-3.141582,0.000030,-0.000004
22.296534,-1.569999,-0.335033,-9.675001,-0.065000,-0.132125,0.021375,0.530091,-0.220959,0.092266,-3.141583,0.000025,-0.000006
22.300519,-1.569999,-0.335033,-9.675001,-0.065000,-0.132125,0.021375,0.530117,-0.220872,0.092267,-3.141583,0.000025,-0.000005
22.304516,-1.569999,-0.335033,-9.675001,-0.065000,-0.132125,0.021375,0.530144,-0.220785,0.092267,-3.141583,0.000025,-0.000011
22.308514,-1.569999,-0.335032,-9.675001,-0.065000,-0.132125,0.021375,0.530173,-0.220698,0.092267,-3.141583,0.000024,-0.000017
22.312514,-1.569999,-0.335032,-9.675001,-0.065000,-0.132125,0.021375,0.530200,-0.220611,0.092267,-3.141583,0.000024,-0.000037
22.316514,-1.569999,-0.335033,-9.675001,-0.065000,-0.132125,0.021375,0.530234,-0.220499,0.092268,-3.141583,0.000025,-0.000051
22.320503,-1.569999,-0.335032,-9.675001,-0.065000,-0.132125,0.021375,0.530254,-0.220434,0.092268,-3.141583,0.000024,-0.000105
22.324506,-1.569999,-0.335032,-9.675001,-0.065000,-0.132125,0.021375,0.530290,-0.220325,0.092268,-3.141583,0.000024,-0.000077
22.328484,-1.569999,-0.335032,-9.675001,-0.065000,-0.132125,0.021375,0.530316,-0.220238,0.092268,-3.141583,0.000024,-0.000097
22.332512,-1.569997,-0.335026,-9.675001,-0.065000,-0.132125,0.021375,0.530345,-0.220151,0.092270,-3.141583,0.000019,-0.000103
22.336512,-1.569997,-0.335026,-9.675001,-0.065000,-0.132125,0.021375,0.530371,-0.220066,0.092271,-3.141583,0.000019,-0.000106
22.340513,-1.599999,-0.365032,-9.585001,-0.065000,-0.131125,0.022375,0.530398,-0.219981,0.092270,-3.141583,0.000025,-0.000097
22.344513,-1.599999,-0.365032,-9.585001,-0.065000,-0.131125,0.022375,0.530422,-0.219899,0.092270,-3.141583,0.000025,-0.000092
22.348513,-1.599997,-0.365027,-9.585001,-0.065000,-0.131125,0.022375,0.530449,-0.219817,0.092272,-3.141583,0.000019,-0.000080
22.352512,-1.599999,-0.365031,-9.585001,-0.065000,-0.131125,0.022375,0.530474,-0.219734,0.092270,-3.141583,0.000024,-0.000068
22.356512,-1.599997,-0.365026,-9.585001,-0.065000,-0.131125,0.022375,0.530500,-0.219652,0.092272,-3.141583,0.000019,-0.000056
22.360513,-1.599995,-0.365020,-9.585001,-0.065000,-0.131125,0.022375,0.530527,-0.219570,0.092274,-3.141584,0.000013,-0.000044
22.364516,-1.599997,-0.365025,-9.585001,-0.065000,-0.131125,0.022375,0.530553,-0.219485,0.092272,-3.141584,0.000018,-0.000035
22.368516,-1.599995,-0.365019,-9.585001,-0.065000,-0.131125,0.022375,0.530578,-0.219405,0.092274,-3.141584,0.000012,-0.000041
22.372510,-1.599995,-0.365019,-9.585001,-0.065000,-0.131125,0.022375,0.530603,-0.219322,0.092274,-3.141584,0.000012,-0.000042
22.376512,-1.569994,-0.305018,-9.595000,-0.069000,-0.128125,0.022375,0.530629,-0.219240,0.092274,-3.141584,0.000012,-0.000051
22.380516,-1.569994,-0.305018,-9.595000,-0.069000,-0.128125,0.022375,0.530655,-0.219155,0.092274,-3.141584,0.000012,-0.000055
22.384513,-1.569995,-0.305019,-9.595000,-0.069000,-0.128125,0.022375,0.530681,-0.219073,0.092276,-3.141584,0.000013,-0.000056
22.388512,-1.569995,-0.305019,-9.595000,-0.069000,-0.128125,0.022375,0.530705,-0.218990,0.092276,-3.141584,0.000013,-0.000071
22.392513,-1.569995,-0.305019,-9.595000,-0.069000,-0.128125,0.022375,0.530733,-0.218906,0.092276,-3.141584,0.000012,-0.000075
22.396513,-1.569993,-0.305013,-9.595000,-0.069000,-0.128125,0.022375,0.530760,-0.218824,0.092278,-3.141585,0.000007,-0.000090
22.400514,-1.569993,-0.305013,-9.595000,-0.069000,-0.128125,0.022375,0.530784,-0.218741,0.092278,-3.141585,0.000007,-0.000105
22.404512,-1.569993,-0.305014,-9.595000,-0.069000,-0.128125,0.022375,0.530811,-0.218656,0.092279,-3.141585,0.000008,-0.000109
22.408476,-1.569993,-0.305014,-9.595000,-0.069000,-0.128125,0.022375,0.530835,-0.218574,0.092280,-3.141585,0.000008,-0.000117
22.412512,-1.569993,-0.305014,-9.595000,-0.069000,-0.128125,0.022375,0.530835,-0.218574,0.092280,-3.141585,0.000008,-0.000117
22.416512,-1.519993,-0.325013,-9.645000,-0.068000,-0.127125,0.022375,0.530887,-0.218407,0.092280,-3.141585,0.000007,-0.000123
22.420512,-1.519991,-0.325008,-9.645000,-0.068000,-0.127125,0.022375,0.530914,-0.218324,0.092282,-3.141586,0.000002,-0.000111
22.424512,-1.519991,-0.325008,-9.645000,-0.068000,-0.127125,0.022375,0.530938,-0.218242,0.092282,-3.141586,0.000002,-0.000133
22.428498,-1.519991,-0.325008,-9.645000,-0.068000,-0.127125,0.022375,0.530971,-0.218138,0.092282,-3.141586,0.000002,-0.000080
22.432512,-1.519989,-0.325002,-9.645000,-0.068000,-0.127125,0.022375,0.530998,-0.218056,0.092284,-3.141586,-0.000004,-0.000069
22.436512,-1.519989,-0.325002,-9.645000,-0.068000,-0.127125,0.022375,0.531022,-0.217973,0.092285,-3.141586,-0.000004,-0.000057
22.440513,-1.519987,-0.324996,-9.645000,-0.068000,-0.127125,0.022375,0.531049,-0.217891,0.092287,-3.141587,-0.000009,-0.000045
22.444512,-1.519987,-0.324996,-9.645000,-0.068000,-0.127125,0.022375,0.531073,-0.217808,0.092287,-3.141587,-0.000009,-0.000040
22.448513,-1.519986,-0.324990,-9.644999,-0.068000,-0.127125,0.022375,0.531099,-0.217728,0.092289,-3.141588,-0.000014,-0.000032
22.452512,-1.429990,-0.355002,-9.625000,-0.065000,-0.126125,0.021375,0.531122,-0.217646,0.092286,-3.141586,-0.000003,-0.000027
22.456512,-1.429988,-0.354997,-9.625000,-0.065000,-0.126125,0.021375,0.531148,-0.217566,0.092288,-3.141587,-0.000008,-0.000027
22.460512,-1.429988,-0.354997,-9.625000,-0.065000,-0.126125,0.021375,0.531171,-0.217486,0.092289,-3.141587,-0.000008,-0.000033
22.464514,-1.429986,-0.354991,-9.624999,-0.065000,-0.126125,0.021375,0.531197,-0.217403,0.092291,-3.141588,-0.000014,-0.000041
22.468516,-1.429986,-0.354991,-9.624999,-0.065000,-0.126125,0.021375,0.531222,-0.217321,0.092291,-3.141588,-0.000014,-0.000050
22.472514,-1.429986,-0.354992,-9.624999,-0.065000,-0.126125,0.021375,0.531247,-0.217238,0.092293,-3.141587,-0.000012,-0.000058
22.476517,-1.429986,-0.354992,-9.624999,-0.065000,-0.126125,0.021375,0.531271,-0.217158,0.092293,-3.141587,-0.000012,-0.000077
22.480512,-1.429984,-0.354986,-9.624999,-0.065000,-0.126125,0.021375,0.531297,-0.217076,0.092295,-3.141588,-0.000018,-0.000086
22.484513,-1.429984,-0.354986,-9.624999,-0.065000,-0.126125,0.021375,0.531320,-0.216996,0.092295,-3.141588,-0.000018,-0.000092
22.488477,-1.429982,-0.354981,-9.624999,-0.065000,-0.126125,0.021375,0.531347,-0.216914,0.092297,-3.141589,-0.000023,-0.000087
22.492513,-1.429984,-0.354986,-9.624999,-0.065000,-0.126125,0.021375,0.531371,-0.216831,0.092295,-3.141588,-0.000019,-0.000088
22.496520,-1.479984,-0.284986,-9.454999,-0.065000,-0.127125,0.021375,0.531394,-0.216751,0.092296,-3.141588,-0.000019,-0.000081
22.500514,-1.479982,-0.284980,-9.454999,-0.065000,-0.127125,0.021375,0.531420,-0.216668,0.092298,-3.141589,-0.000024,-0.000076
22.504513,-1.479982,-0.284979,-9.454999,-0.065000,-0.127125,0.021375,0.531445,-0.216588,0.092297,-3.141589,-0.000025,-0.000069
22.508469,-1.479982,-0.284979,-9.454999,-0.065000,-0.127125,0.021375,0.531469,-0.216506,0.092298,-3.141589,-0.000025,-0.000057
22.512512,-1.479980,-0.284973,-9.454998,-0.065000,-0.127125,0.021375,0.531496,-0.216424,0.092300,-3.141590,-0.000030,-0.000038
22.516513,-1.479982,-0.284979,-9.454999,-0.065000,-0.127125,0.021375,0.531525,-0.216322,0.092298,-3.141589,-0.000025,-0.000024
22.520511,-1.479982,-0.284979,-9.454999,-0.065000,-0.127125,0.021375,0.531525,-0.216322,0.092298,-3.141589,-0.000025,-0.000024
22.524502,-1.479980,-0.284972,-9.454998,-0.065000,-0.127125,0.021375,0.531577,-0.216159,0.092300,-3.141590,-0.000031,-0.000011
22.528512,-1.479982,-0.284979,-9.454999,-0.065000,-0.127125,0.021375,0.531594,-0.216096,0.092299,-3.141589,-0.000025,-0.000009
22.532512,-1.479981,-0.284978,-9.454999,-0.065000,-0.127125,0.021375,0.531620,-0.216014,0.092298,-3.141589,-0.000026,-0.000004
22.536513,-1.519979,-0.284972,-9.274999,-0.065000,-0.128125,0.021375,0.531646,-0.215931,0.092300,-3.141590,-0.000031,-0.000012
22.540513,-1.519982,-0.284979,-9.274999,-0.065000,-0.128125,0.021375,0.531671,-0.215846,0.092300,-3.141589,-0.000025,-0.000009
22.544513,-1.519981,-0.284978,-9.274999,-0.065000,-0.128125,0.021375,0.531698,-0.215762,0.092300,-3.141589,-0.000026,-0.000013
22.548516,-1.519983,-0.284983,-9.274999,-0.065000,-0.128125,0.021375,0.531723,-0.215674,0.092298,-3.141588,-0.000021,-0.000019
22.552495,-1.519983,-0.284983,-9.274999,-0.065000,-0.128125,0.021375,0.531748,-0.215589,0.092298,-3.141588,-0.000021,-0.000030
22.556512,-1.519980,-0.284975,-9.274999,-0.065000,-0.128125,0.021375,0.531777,-0.215502,0.092298,-3.141589,-0.000029,-0.000076
22.560512,-1.519982,-0.284981,-9.274999,-0.065000,-0.128125,0.021375,0.531808,-0.215395,0.092297,-3.141589,-0.000023,-0.000039
22.564515,-1.519980,-0.284975,-9.274999,-0.065000,-0.128125,0.021375,0.531836,-0.215308,0.092299,-3.141589,-0.000029,-0.000032
22.568485,-1.519982,-0.284980,-9.274999,-0.065000,-0.128125,0.021375,0.531861,-0.215223,0.092297,-3.141589,-0.000024,-0.000036
22.572513,-1.519980,-0.284974,-9.274999,-0.065000,-0.128125,0.021375,0.531889,-0.215136,0.092299,-3.141589,-0.000029,-0.000035
22.576511,-1.549982,-0.294979,-9.254999,-0.066000,-0.125125,0.020375,0.531913,-0.215051,0.092297,-3.141589,-0.000025,-0.000032
22.580526,-1.549980,-0.294973,-9.254999,-0.066000,-0.125125,0.020375,0.531940,-0.214966,0.092299,-3.141590,-0.000030,-0.000029
22.584512,-1.549981,-0.294978,-9.254999,-0.066000,-0.125125,0.020375,0.531966,-0.214878,0.092296,-3.141589,-0.000026,-0.000022
22.588484,-1.549979,-0.294972,-9.254999,-0.066000,-0.125125,0.020375,0.531993,-0.214794,0.092298,-3.141590,-0.000031,-0.000026
22.592513,-1.549983,-0.294984,-9.254999,-0.066000,-0.125125,0.020375,0.532017,-0.214709,0.092296,-3.141588,-0.000020,-0.000030
22.596513,-1.549981,-0.294978,-9.254999,-0.066000,-0.125125,0.020375,0.532044,-0.214624,0.092298,-3.141589,-0.000025,-0.000027
22.600469,-1.549981,-0.294978,-9.254999,-0.066000,-0.125125,0.020375,0.532069,-0.214536,0.092298,-3.141589,-0.000025,-0.000026
22.604516,-1.549981,-0.294977,-9.254999,-0.066000,-0.125125,0.020375,0.532096,-0.214452,0.092298,-3.141589,-0.000026,-0.000030
22.608512,-1.549981,-0.294977,-9.254999,-0.066000,-0.125125,0.020375,0.532096,-0.214452,0.092298,-3.141589,-0.000026,-0.000030
22.612476,-1.549981,-0.294977,-9.254999,-0.066000,-0.125125,0.020375,0.532121,-0.214367,0.092298,-3.141589,-0.000026,-0.000027
22.616512,-1.549981,-0.294976,-9.254999,-0.066000,-0.125125,0.020375,0.532148,-0.214282,0.092298,-3.141589,-0.000027,-0.000031
22.620471,-1.539981,-0.334978,-9.454999,-0.066000,-0.124125,0.021375,0.532200,-0.214109,0.092299,-3.141589,-0.000026,-0.000034
22.624522,-1.539983,-0.334983,-9.454999,-0.066000,-0.124125,0.021375,0.532224,-0.214024,0.092297,-3.141588,-0.000021,-0.000045
22.628512,-1.539983,-0.334983,-9.454999,-0.066000,-0.124125,0.021375,0.532224,-0.214024,0.092297,-3.141588,-0.000021,-0.000045
22.632513,-1.539983,-0.334982,-9.454999,-0.066000,-0.124125,0.021375,0.532276,-0.213852,0.092297,-3.141589,-0.000022,-0.000054
22.636513,-1.539981,-0.334976,-9.454999,-0.066000,-0.124125,0.021375,0.532304,-0.213765,0.092299,-3.141589,-0.000027,-0.000054
22.640520,-1.539982,-0.334981,-9.454999,-0.066000,-0.124125,0.021375,0.532329,-0.213677,0.092297,-3.141589,-0.000023,-0.000053
22.644513,-1.539984,-0.334987,-9.454999,-0.066000,-0.124125,0.021375,0.532355,-0.213592,0.092296,-3.141588,-0.000017,-0.000057
22.648512,-1.539982,-0.334981,-9.454999,-0.066000,-0.124125,0.021375,0.532383,-0.213505,0.092298,-3.141589,-0.000023,-0.000056
22.652510,-1.539980,-0.334976,-9.454999,-0.066000,-0.124125,0.021375,0.532411,-0.213418,0.092300,-3.141589,-0.000028,-0.000049
22.656512,-1.469985,-0.244988,-9.564999,-0.071000,-0.123125,0.020375,0.532435,-0.213330,0.092297,-3.141588,-0.000017,-0.000055
22.660511,-1.469983,-0.244982,-9.564999,-0.071000,-0.123125,0.020375,0.532463,-0.213243,0.092299,-3.141588,-0.000022,-0.000061
22.664511,-1.469982,-0.244981,-9.564999,-0.071000,-0.123125,0.020375,0.532491,-0.213156,0.092299,-3.141589,-0.000023,-0.000060
22.668512,-1.469982,-0.244981,-9.564999,-0.071000,-0.123125,0.020375,0.532516,-0.213068,0.092299,-3.141589,-0.000023,-0.000060
22.672513,-1.469984,-0.244987,-9.564999,-0.071000,-0.123125,0.020375,0.532543,-0.212981,0.092298,-3.141588,-0.000017,-0.000066
22.676513,-1.469984,-0.244986,-9.564999,-0.071000,-0.123125,0.020375,0.532570,-0.212894,0.092298,-3.141588,-0.000018,-0.000065
22.680512,-1.469982,-0.244981,-9.564999,-0.071000,-0.123125,0.020375,0.532597,-0.212809,0.092300,-3.141589,-0.000023,-0.000076
22.684515,-1.469984,-0.244985,-9.564999,-0.071000,-0.123125,0.020375,0.532622,-0.212722,0.092297,-3.141588,-0.000019,-0.000075
22.688511,-1.469984,-0.244985,-9.564999,-0.071000,-0.123125,0.020375,0.532622,-0.212722,0.092297,-3.141588,-0.000019,-0.000075
22.692512,-1.469982,-0.244980,-9.564999,-0.071000,-0.123125,0.020375,0.532650,-0.212634,0.092300,-3.141589,-0.000024,-0.000081
22.696513,-1.509984,-0.294985,-9.714999,-0.069000,-0.128125,0.021375,0.532704,-0.212460,0.092298,-3.141588,-0.000019,-0.000080
22.700513,-1.509984,-0.294985,-9.714999,-0.069000,-0.128125,0.021375,0.532704,-0.212460,0.092298,-3.141588,-0.000019,-0.000080
22.704512,-1.509982,-0.294979,-9.714999,-0.069000,-0.128125,0.021375,0.532731,-0.212372,0.092300,-3.141589,-0.000025,-0.000119
22.708512,-1.509985,-0.294990,-9.714999,-0.069000,-0.128125,0.021375,0.532754,-0.212285,0.092296,-3.141588,-0.000015,-0.000112
22.712511,-1.509983,-0.294984,-9.714999,-0.069000,-0.128125,0.021375,0.532789,-0.212178,0.092298,-3.141588,-0.000020,-0.000069
22.716512,-1.509981,-0.294978,-9.714999,-0.069000,-0.128125,0.021375,0.532817,-0.212091,0.092300,-3.141589,-0.000025,-0.000068
22.720529,-1.509983,-0.294985,-9.714999,-0.069000,-0.128125,0.021375,0.532868,-0.211918,0.092300,-3.141588,-0.000020,-0.000064
22.724520,-1.509983,-0.294985,-9.714999,-0.069000,-0.128125,0.021375,0.532868,-0.211918,0.092300,-3.141588,-0.000020,-0.000064
22.728512,-1.509985,-0.294991,-9.714999,-0.069000,-0.128125,0.021375,0.532895,-0.211831,0.092298,-3.141587,-0.000014,-0.000070
22.732515,-1.509985,-0.294990,-9.714999,-0.069000,-0.128125,0.021375,0.532922,-0.211744,0.092298,-3.141588,-0.000015,-0.000070
22.736514,-1.519985,-0.294990,-9.794999,-0.068000,-0.131125,0.020375,0.532974,-0.211574,0.092299,-3.141588,-0.000014,-0.000084
22.740512,-1.519985,-0.294990,-9.794999,-0.068000,-0.131125,0.020375,0.532974,-0.211574,0.092299,-3.141588,-0.000014,-0.000084
22.744512,-1.519985,-0.294989,-9.794999,-0.068000,-0.131125,0.020375,0.533000,-0.211489,0.092298,-3.141588,-0.000015,-0.000088
22.748512,-1.519983,-0.294983,-9.794999,-0.068000,-0.131125,0.020375,0.533028,-0.211407,0.092300,-3.141588,-0.000021,-0.000096
22.752512,-1.519985,-0.294989,-9.794999,-0.068000,-0.131125,0.020375,0.533052,-0.211324,0.092299,-3.141588,-0.000016,-0.000111
22.756514,-1.519985,-0.294988,-9.794999,-0.068000,-0.131125,0.020375,0.533078,-0.211239,0.092298,-3.141588,-0.000016,-0.000109
22.760512,-1.519984,-0.294987,-9.794999,-0.068000,-0.131125,0.020375,0.533104,-0.211157,0.092298,-3.141588,-0.000017,-0.000117
22.764513,-1.519984,-0.294988,-9.794999,-0.068000,-0.131125,0.020375,0.533131,-0.211072,0.092298,-3.141588,-0.000017,-0.000114
22.768512,-1.519984,-0.294987,-9.794999,-0.068000,-0.131125,0.020375,0.533157,-0.210989,0.092298,-3.141588,-0.000018,-0.000109
22.772512,-1.519986,-0.294993,-9.794999,-0.068000,-0.131125,0.020375,0.533182,-0.210904,0.092297,-3.141587,-0.000012,-0.000099
22.776515,-1.649986,-0.304992,-9.894999,-0.068000,-0.134125,0.022375,0.533207,-0.210822,0.092296,-3.141587,-0.000013,-0.000094
22.780512,-1.649988,-0.304998,-9.895000,-0.068000,-0.134125,0.022375,0.533233,-0.210737,0.092295,-3.141587,-0.000007,-0.000078
22.784511,-1.649984,-0.304987,-9.894999,-0.068000,-0.134125,0.022375,0.533260,-0.210655,0.092299,-3.141588,-0.000018,-0.000073
22.788514,-1.649986,-0.304993,-9.894999,-0.068000,-0.134125,0.022375,0.533286,-0.210570,0.092298,-3.141587,-0.000012,-0.000056
22.792473,-1.649986,-0.304992,-9.894999,-0.068000,-0.134125,0.022375,0.533311,-0.210487,0.092297,-3.141587,-0.000013,-0.000051
22.796511,-1.649988,-0.304998,-9.895000,-0.068000,-0.134125,0.022375,0.533336,-0.210402,0.092296,-3.141587,-0.000007,-0.000048
22.800512,-1.649986,-0.304992,-9.894999,-0.068000,-0.134125,0.022375,0.533364,-0.210320,0.092297,-3.141587,-0.000013,-0.000050
22.804512,-1.649985,-0.304991,-9.894999,-0.068000,-0.134125,0.022375,0.533389,-0.210237,0.092297,-3.141587,-0.000014,-0.000051
22.808516,-1.649988,-0.304997,-9.895000,-0.068000,-0.134125,0.022375,0.533414,-0.210152,0.092296,-3.141587,-0.000008,-0.000049
22.812519,-1.649987,-0.304996,-9.895000,-0.068000,-0.134125,0.022375,0.533439,-0.210070,0.092295,-3.141587,-0.000009,-0.000064
22.816513,-1.649989,-0.305002,-9.895000,-0.068000,-0.134125,0.022375,0.533465,-0.209985,0.092294,-3.141586,-0.000003,-0.000068
22.820518,-1.709987,-0.364995,-10.065000,-0.070000,-0.135125,0.022375,0.533492,-0.209902,0.092296,-3.141587,-0.000009,-0.000076
22.824520,-1.709989,-0.365002,-10.065000,-0.070000,-0.135125,0.022375,0.533517,-0.209817,0.092294,-3.141586,-0.000004,-0.000120
22.828512,-1.709987,-0.364995,-10.065000,-0.070000,-0.135125,0.022375,0.533544,-0.209735,0.092296,-3.141587,-0.000010,-0.000128
22.832513,-1.709987,-0.364995,-10.065000,-0.070000,-0.135125,0.022375,0.533577,-0.209628,0.092296,-3.141587,-0.000010,-0.000085
22.836512,-1.709987,-0.364996,-10.065000,-0.070000,-0.135125,0.022375,0.533603,-0.209546,0.092297,-3.141587,-0.000009,-0.000093
22.840528,-1.709987,-0.364995,-10.065000,-0.070000,-0.135125,0.022375,0.533628,-0.209463,0.092296,-3.141587,-0.000010,-0.000095
22.844475,-1.709989,-0.365001,-10.065000,-0.070000,-0.135125,0.022375,0.533653,-0.209380,0.092295,-3.141586,-0.000005,-0.000090
22.848512,-1.709989,-0.365001,-10.065000,-0.070000,-0.135125,0.022375,0.533678,-0.209300,0.092296,-3.141586,-0.000004,-0.000082
22.852512,-1.709989,-0.365000,-10.065000,-0.070000,-0.135125,0.022375,0.533703,-0.209218,0.092295,-3.141586,-0.000005,-0.000071
22.856511,-1.709989,-0.365001,-10.065000,-0.070000,-0.135125,0.022375,0.533730,-0.209135,0.092296,-3.141586,-0.000004,-0.000052
22.860516,-1.619989,-0.405000,-10.295000,-0.071000,-0.132125,0.022375,0.533754,-0.209055,0.092295,-3.141586,-0.000005,-0.000038
22.864510,-1.619989,-0.405000,-10.295000,-0.071000,-0.132125,0.022375,0.533780,-0.208973,0.092296,-3.141586,-0.000005,-0.000019
22.868512,-1.619988,-0.404999,-10.295000,-0.071000,-0.132125,0.022375,0.533804,-0.208893,0.092295,-3.141587,-0.000006,-0.000012
22.872511,-1.619986,-0.404993,-10.294999,-0.071000,-0.132125,0.022375,0.533831,-0.208810,0.092297,-3.141587,-0.000012,0.000007
22.876509,-1.619988,-0.404999,-10.295000,-0.071000,-0.132125,0.022375,0.533855,-0.208730,0.092296,-3.141587,-0.000006,0.000014
22.880510,-1.619989,-0.404999,-10.295000,-0.071000,-0.132125,0.022375,0.533881,-0.208648,0.092296,-3.141587,-0.000006,0.000019
22.884509,-1.619988,-0.404998,-10.295000,-0.071000,-0.132125,0.022375,0.533906,-0.208565,0.092296,-3.141587,-0.000007,0.000017
22.888512,-1.619988,-0.404999,-10.295000,-0.071000,-0.132125,0.022375,0.533931,-0.208485,0.092296,-3.141587,-0.000006,0.000005
22.892516,-1.619991,-0.405005,-10.295000,-0.071000,-0.132125,0.022375,0.533955,-0.208402,0.092295,-3.141586,-0.000000,-0.000004
22.896512,-1.519991,-0.395006,-10.485000,-0.072000,-0.133125,0.021375,0.533982,-0.208320,0.092296,-3.141586,0.000000,-0.000012
22.900517,-1.519990,-0.395005,-10.485000,-0.072000,-0.133125,0.021375,0.534006,-0.208240,0.092295,-3.141586,-0.000001,-0.000025
22.904510,-1.519990,-0.395005,-10.485000,-0.072000,-0.133125,0.021375,0.534032,-0.208157,0.092296,-3.141586,-0.000000,-0.000040
22.908512,-1.519990,-0.395004,-10.485000,-0.072000,-0.133125,0.021375,0.534057,-0.208075,0.092295,-3.141586,-0.000001,-0.000048
22.912512,-1.519990,-0.395005,-10.485000,-0.072000,-0.133125,0.021375,0.534083,-0.207992,0.092296,-3.141586,-0.000001,-0.000063
22.916513,-1.519992,-0.395011,-10.485000,-0.072000,-0.133125,0.021375,0.534107,-0.207909,0.092295,-3.141585,0.000005,-0.000079
22.920513,-1.519990,-0.395005,-10.485000,-0.072000,-0.133125,0.021375,0.534140,-0.207808,0.092297,-3.141586,-0.000000,-0.000091
22.924507,-1.519990,-0.395005,-10.485000,-0.072000,-0.133125,0.021375,0.534140,-0.207808,0.092297,-3.141586,-0.000000,-0.000091
22.928514,-1.519989,-0.395000,-10.485000,-0.072000,-0.133125,0.021375,0.534191,-0.207642,0.092300,-3.141586,-0.000005,-0.000061
22.932493,-1.639991,-0.345005,-10.535000,-0.073000,-0.140125,0.022375,0.534208,-0.207582,0.092298,-3.141586,-0.000000,-0.000049
22.936511,-1.639991,-0.345006,-10.535000,-0.073000,-0.140125,0.022375,0.534235,-0.207499,0.092298,-3.141586,0.000000,-0.000037
22.940512,-1.639987,-0.344994,-10.534999,-0.073000,-0.140125,0.022375,0.534262,-0.207417,0.092302,-3.141587,-0.000011,-0.000019
22.944516,-1.639989,-0.345000,-10.535000,-0.073000,-0.140125,0.022375,0.534285,-0.207336,0.092301,-3.141586,-0.000005,-0.000005
22.948512,-1.639989,-0.345001,-10.535000,-0.073000,-0.140125,0.022375,0.534311,-0.207254,0.092302,-3.141586,-0.000004,-0.000026
22.952512,-1.639987,-0.344995,-10.534999,-0.073000,-0.140125,0.022375,0.534345,-0.207150,0.092304,-3.141587,-0.000010,0.000026
22.956514,-1.639989,-0.345001,-10.535000,-0.073000,-0.140125,0.022375,0.534360,-0.207089,0.092302,-3.141586,-0.000004,-0.000016
22.960512,-1.639988,-0.344997,-10.534999,-0.073000,-0.140125,0.022375,0.534394,-0.206987,0.092306,-3.141587,-0.000008,0.000018
22.964512,-1.639985,-0.344990,-10.534999,-0.073000,-0.140125,0.022375,0.534421,-0.206905,0.092307,-3.141587,-0.000014,0.000017
22.968510,-1.639988,-0.344997,-10.534999,-0.073000,-0.140125,0.022375,0.534445,-0.206822,0.092306,-3.141587,-0.000008,0.000002
22.972513,-1.639986,-0.344992,-10.534999,-0.073000,-0.140125,0.022375,0.534471,-0.206739,0.092309,-3.141587,-0.000012,-0.000014
22.976512,-1.719988,-0.354999,-10.585000,-0.073000,-0.144125,0.023375,0.534495,-0.206657,0.092308,-3.141587,-0.000007,-0.000029
22.980512,-1.719984,-0.354987,-10.584999,-0.073000,-0.144125,0.023375,0.534522,-0.206574,0.092311,-3.141588,-0.000017,-0.000044
22.984515,-1.719984,-0.354988,-10.584999,-0.073000,-0.144125,0.023375,0.534548,-0.206492,0.092312,-3.141588,-0.000017,-0.000059
22.988512,-1.719984,-0.354988,-10.584999,-0.073000,-0.144125,0.023375,0.534574,-0.206409,0.092313,-3.141588,-0.000016,-0.000074
22.992513,-1.719982,-0.354982,-10.584999,-0.073000,-0.144125,0.023375,0.534599,-0.206326,0.092315,-3.141588,-0.000022,-0.000082
22.996512,-1.719983,-0.354983,-10.584999,-0.073000,-0.144125,0.023375,0.534625,-0.206244,0.092315,-3.141588,-0.000021,-0.000091
23.000512,-1.719983,-0.354983,-10.584999,-0.073000,-0.144125,0.023375,0.534651,-0.206161,0.092316,-3.141588,-0.000021,-0.000092
23.004517,-1.719985,-0.354990,-10.584999,-0.073000,-0.144125,0.023375,0.534675,-0.206079,0.092315,-3.141587,-0.000015,-0.000087
23.008511,-1.719983,-0.354983,-10.584999,-0.073000,-0.144125,0.023375,0.534701,-0.205999,0.092316,-3.141588,-0.000021,-0.000086
23.012542,-1.719983,-0.354983,-10.584999,-0.073000,-0.144125,0.023375,0.534727,-0.205916,0.092316,-3.141588,-0.000021,-0.000075
23.016543,-1.729983,-0.394985,-10.474999,-0.071000,-0.140125,0.023375,0.534751,-0.205833,0.092318,-3.141588,-0.000019,-0.000063
23.020450,-1.729983,-0.394984,-10.474999,-0.071000,-0.140125,0.023375,0.534783,-0.205731,0.092317,-3.141588,-0.000020,-0.000048
23.024539,-1.729983,-0.394984,-10.474999,-0.071000,-0.140125,0.023375,0.534783,-0.205731,0.092317,-3.141588,-0.000020,-0.000048
23.028508,-1.729983,-0.394985,-10.474999,-0.071000,-0.140125,0.023375,0.534827,-0.205586,0.092319,-3.141588,-0.000019,-0.000020
23.032520,-1.729983,-0.394985,-10.474999,-0.071000,-0.140125,0.023375,0.534853,-0.205503,0.092319,-3.141588,-0.000019,-0.000022
23.036522,-1.729986,-0.394992,-10.474999,-0.071000,-0.140125,0.023375,0.534877,-0.205420,0.092318,-3.141587,-0.000013,-0.000024
23.040520,-1.729986,-0.394992,-10.474999,-0.071000,-0.140125,0.023375,0.534904,-0.205335,0.092319,-3.141587,-0.000013,-0.000027
23.044515,-1.729984,-0.394986,-10.474999,-0.071000,-0.140125,0.023375,0.534930,-0.205248,0.092321,-3.141588,-0.000018,-0.000027
23.048513,-1.729986,-0.394993,-10.474999,-0.071000,-0.140125,0.023375,0.534955,-0.205163,0.092320,-3.141587,-0.000012,-0.000044
23.052514,-1.729986,-0.394992,-10.474999,-0.071000,-0.140125,0.023375,0.534981,-0.205075,0.092319,-3.141587,-0.000013,-0.000097
23.056515,-1.769988,-0.374998,-10.304999,-0.071000,-0.137125,0.022375,0.535005,-0.204990,0.092318,-3.141587,-0.000007,-0.000115
23.060517,-1.769986,-0.374992,-10.304999,-0.071000,-0.137125,0.022375,0.535032,-0.204902,0.092320,-3.141587,-0.000013,-0.000121
23.064515,-1.769988,-0.374998,-10.304999,-0.071000,-0.137125,0.022375,0.535057,-0.204815,0.092319,-3.141587,-0.000007,-0.000134
23.068513,-1.769984,-0.374987,-10.304999,-0.071000,-0.137125,0.022375,0.535093,-0.204708,0.092323,-3.141588,-0.000018,-0.000104
23.072475,-1.769986,-0.374993,-10.304999,-0.071000,-0.137125,0.022375,0.535119,-0.204620,0.092322,-3.141587,-0.000012,-0.000110
23.076511,-1.769988,-0.374999,-10.305000,-0.071000,-0.137125,0.022375,0.535143,-0.204535,0.092320,-3.141586,-0.000006,-0.000113
23.080512,-1.769988,-0.375000,-10.305000,-0.071000,-0.137125,0.022375,0.535171,-0.204448,0.092321,-3.141586,-0.000005,-0.000106
23.084512,-1.769986,-0.374994,-10.304999,-0.071000,-0.137125,0.022375,0.535196,-0.204363,0.092323,-3.141587,-0.000011,-0.000103
23.088498,-1.769987,-0.374995,-10.304999,-0.071000,-0.137125,0.022375,0.535223,-0.204278,0.092324,-3.141587,-0.000010,-0.000093
23.092512,-1.769989,-0.375001,-10.305000,-0.071000,-0.137125,0.022375,0.535248,-0.204190,0.092323,-3.141586,-0.000005,-0.000073
23.096481,-1.769991,-0.285007,-10.285000,-0.076000,-0.137125,0.022375,0.535273,-0.204105,0.092321,-3.141586,0.000001,-0.000063
23.100516,-1.769989,-0.285003,-10.285000,-0.076000,-0.137125,0.022375,0.535300,-0.204020,0.092325,-3.141586,-0.000003,-0.000053
23.104513,-1.769989,-0.285002,-10.285000,-0.076000,-0.137125,0.022375,0.535326,-0.203932,0.092324,-3.141586,-0.000004,-0.000046
23.108517,-1.769989,-0.285002,-10.285000,-0.076000,-0.137125,0.022375,0.535353,-0.203845,0.092325,-3.141586,-0.000003,-0.000039
23.112510,-1.769992,-0.285008,-10.285000,-0.076000,-0.137125,0.022375,0.535377,-0.203760,0.092324,-3.141586,0.000003,-0.000036
23.116510,-1.769989,-0.285002,-10.285000,-0.076000,-0.137125,0.022375,0.535405,-0.203675,0.092325,-3.141586,-0.000004,-0.000040
23.120481,-1.769989,-0.285002,-10.285000,-0.076000,-0.137125,0.022375,0.535405,-0.203675,0.092325,-3.141586,-0.000004,-0.000040
23.124516,-1.769991,-0.285008,-10.285000,-0.076000,-0.137125,0.022375,0.535429,-0.203589,0.092324,-3.141586,0.000002,-0.000043
23.128521,-1.769991,-0.285008,-10.285000,-0.076000,-0.137125,0.022375,0.535481,-0.203417,0.092324,-3.141586,0.000002,-0.000060
23.132514,-1.769991,-0.285008,-10.285000,-0.076000,-0.137125,0.022375,0.535481,-0.203417,0.092324,-3.141586,0.000002,-0.000060
23.136512,-1.699994,-0.335014,-10.425000,-0.075000,-0.138125,0.022375,0.535533,-0.203244,0.092323,-3.141585,0.000008,-0.000090
23.140518,-1.699994,-0.335015,-10.425000,-0.075000,-0.138125,0.022375,0.535561,-0.203157,0.092324,-3.141585,0.000009,-0.000096
23.144475,-1.699994,-0.335015,-10.425000,-0.075000,-0.138125,0.022375,0.535588,-0.203069,0.092324,-3.141585,0.000009,-0.000102
23.148474,-1.699992,-0.335008,-10.425000,-0.075000,-0.138125,0.022375,0.535616,-0.202982,0.092326,-3.141586,0.000003,-0.000102
23.152509,-1.699994,-0.335015,-10.425000,-0.075000,-0.138125,0.022375,0.535641,-0.202894,0.092325,-3.141585,0.000009,-0.000094
23.156510,-1.699996,-0.335020,-10.425000,-0.075000,-0.138125,0.022375,0.535668,-0.202807,0.092323,-3.141585,0.000013,-0.000080
23.160513,-1.699998,-0.335026,-10.425001,-0.075000,-0.138125,0.022375,0.535692,-0.202721,0.092322,-3.141584,0.000019,-0.000077
23.164514,-1.699998,-0.335027,-10.425001,-0.075000,-0.138125,0.022375,0.535720,-0.202634,0.092322,-3.141584,0.000020,-0.000070
23.168510,-1.699998,-0.335027,-10.425001,-0.075000,-0.138125,0.022375,0.535720,-0.202634,0.092322,-3.141584,0.000020,-0.000070
23.172511,-1.699999,-0.335028,-10.425001,-0.075000,-0.138125,0.022375,0.535774,-0.202459,0.092323,-3.141584,0.000021,-0.000048
23.176511,-1.699999,-0.335028,-10.425001,-0.075000,-0.138125,0.022375,0.535774,-0.202459,0.092323,-3.141584,0.000021,-0.000048
23.180512,-1.619998,-0.365027,-10.565001,-0.074000,-0.139125,0.022375,0.535800,-0.202371,0.092323,-3.141584,0.000020,-0.000041
23.184510,-1.619996,-0.365021,-10.565001,-0.074000,-0.139125,0.022375,0.535855,-0.202196,0.092325,-3.141585,0.000014,-0.000066
23.188512,-1.619996,-0.365021,-10.565001,-0.074000,-0.139125,0.022375,0.535855,-0.202196,0.092325,-3.141585,0.000014,-0.000066
23.192511,-1.619998,-0.365027,-10.565001,-0.074000,-0.139125,0.022375,0.535888,-0.202087,0.092324,-3.141584,0.000020,-0.000025
23.196517,-1.619998,-0.365027,-10.565001,-0.074000,-0.139125,0.022375,0.535915,-0.202002,0.092324,-3.141584,0.000020,-0.000022
23.200512,-1.620001,-0.365033,-10.565001,-0.074000,-0.139125,0.022375,0.535940,-0.201914,0.092323,-3.141583,0.000026,-0.000022
23.204513,-1.620001,-0.365034,-10.565001,-0.074000,-0.139125,0.022375,0.535967,-0.201826,0.092324,-3.141583,0.000027,-0.000021
23.208513,-1.620001,-0.365034,-10.565001,-0.074000,-0.139125,0.022375,0.535994,-0.201739,0.092324,-3.141583,0.000027,-0.000027
23.212511,-1.620001,-0.365035,-10.565001,-0.074000,-0.139125,0.022375,0.536020,-0.201654,0.092325,-3.141583,0.000027,-0.000044
23.216480,-1.720003,-0.335040,-10.695001,-0.074000,-0.142125,0.023375,0.536074,-0.201479,0.092324,-3.141583,0.000033,-0.000050
23.220476,-1.720003,-0.335040,-10.695001,-0.074000,-0.142125,0.023375,0.536074,-0.201479,0.092324,-3.141583,0.000033,-0.000050
23.224519,-1.720003,-0.335041,-10.695001,-0.074000,-0.142125,0.023375,0.536101,-0.201394,0.092324,-3.141583,0.000033,-0.000054
23.228542,-1.720004,-0.335041,-10.695001,-0.074000,-0.142125,0.023375,0.536128,-0.201306,0.092325,-3.141583,0.000034,-0.000053
23.232537,-1.720004,-0.335042,-10.695001,-0.074000,-0.142125,0.023375,0.536155,-0.201219,0.092325,-3.141583,0.000034,-0.000052
23.236537,-1.720001,-0.335035,-10.695001,-0.074000,-0.142125,0.023375,0.536183,-0.201131,0.092327,-3.141583,0.000028,-0.000045
23.240534,-1.720002,-0.335036,-10.695001,-0.074000,-0.142125,0.023375,0.536209,-0.201046,0.092327,-3.141583,0.000028,-0.000042
23.244477,-1.720002,-0.335036,-10.695001,-0.074000,-0.142125,0.023375,0.536236,-0.200958,0.092328,-3.141583,0.000029,-0.000041
23.248505,-1.720002,-0.335037,-10.695001,-0.074000,-0.142125,0.023375,0.536262,-0.200873,0.092328,-3.141583,0.000029,-0.000038
23.252523,-1.720002,-0.335037,-10.695001,-0.074000,-0.142125,0.023375,0.536288,-0.200788,0.092329,-3.141583,0.000030,-0.000035
23.256517,-1.900002,-0.335038,-10.745001,-0.077000,-0.149125,0.025375,0.536315,-0.200701,0.092329,-3.141583,0.000030,-0.000028
23.260515,-1.900000,-0.335032,-10.745001,-0.077000,-0.149125,0.025375,0.536344,-0.200616,0.092332,-3.141583,0.000025,-0.000025
23.264485,-1.900001,-0.335033,-10.745001,-0.077000,-0.149125,0.025375,0.536397,-0.200443,0.092333,-3.141583,0.000026,-0.000028
23.268514,-1.900001,-0.335033,-10.745001,-0.077000,-0.149125,0.025375,0.536397,-0.200443,0.092333,-3.141583,0.000026,-0.000028
23.272506,-1.900001,-0.335034,-10.745001,-0.077000,-0.149125,0.025375,0.536424,-0.200355,0.092333,-3.141583,0.000027,-0.000028
23.276513,-1.900001,-0.335034,-10.745001,-0.077000,-0.149125,0.025375,0.536450,-0.200270,0.092334,-3.141583,0.000027,-0.000031
23.280518,-1.900004,-0.335042,-10.745002,-0.077000,-0.149125,0.025375,0.536476,-0.200183,0.092334,-3.141583,0.000034,-0.000031
23.284517,-1.900004,-0.335042,-10.745002,-0.077000,-0.149125,0.025375,0.536502,-0.200097,0.092335,-3.141583,0.000035,-0.000041
23.288515,-1.900002,-0.335037,-10.745001,-0.077000,-0.149125,0.025375,0.536530,-0.200013,0.092337,-3.141583,0.000030,-0.000052
23.292513,-1.900002,-0.335038,-10.745001,-0.077000,-0.149125,0.025375,0.536557,-0.199925,0.092337,-3.141583,0.000030,-0.000051
23.296474,-1.900003,-0.335038,-10.745001,-0.077000,-0.149125,0.025375,0.536584,-0.199837,0.092338,-3.141583,0.000031,-0.000051
23.300512,-1.840001,-0.415033,-10.765001,-0.075000,-0.143125,0.026375,0.536612,-0.199752,0.092340,-3.141583,0.000026,-0.000054
23.304511,-1.840001,-0.415033,-10.765001,-0.075000,-0.143125,0.026375,0.536639,-0.199665,0.092341,-3.141583,0.000026,-0.000054
23.308509,-1.839999,-0.415029,-10.765001,-0.075000,-0.143125,0.026375,0.536665,-0.199580,0.092344,-3.141584,0.000022,-0.000051
23.312512,-1.840000,-0.415030,-10.765001,-0.075000,-0.143125,0.026375,0.536691,-0.199494,0.092344,-3.141584,0.000023,-0.000055
23.316512,-1.840000,-0.415030,-10.765001,-0.075000,-0.143125,0.026375,0.536718,-0.199407,0.092345,-3.141584,0.000023,-0.000054
23.320476,-1.840000,-0.415031,-10.765001,-0.075000,-0.143125,0.026375,0.536744,-0.199322,0.092346,-3.141584,0.000024,-0.000058
23.324509,-1.840000,-0.415031,-10.765001,-0.075000,-0.143125,0.026375,0.536779,-0.199212,0.092346,-3.141584,0.000024,-0.000064
23.328511,-1.839998,-0.415026,-10.765001,-0.075000,-0.143125,0.026375,0.536807,-0.199127,0.092348,-3.141584,0.000019,-0.000068
23.332511,-1.840001,-0.415033,-10.765001,-0.075000,-0.143125,0.026375,0.536832,-0.199042,0.092348,-3.141583,0.000026,-0.000072
23.336512,-1.840001,-0.415034,-10.765001,-0.075000,-0.143125,0.026375,0.536858,-0.198957,0.092349,-3.141583,0.000027,-0.000069
23.340511,-1.690001,-0.405034,-10.645001,-0.073000,-0.138125,0.023375,0.536884,-0.198872,0.092350,-3.141583,0.000027,-0.000072
23.344512,-1.689999,-0.405029,-10.645001,-0.073000,-0.138125,0.023375,0.536911,-0.198789,0.092352,-3.141584,0.000022,-0.000074
23.348511,-1.690000,-0.405030,-10.645001,-0.073000,-0.138125,0.023375,0.536936,-0.198706,0.092352,-3.141584,0.000023,-0.000082
23.352517,-1.690000,-0.405030,-10.645001,-0.073000,-0.138125,0.023375,0.536961,-0.198623,0.092353,-3.141584,0.000023,-0.000084
23.356493,-1.689998,-0.405025,-10.645001,-0.073000,-0.138125,0.023375,0.536988,-0.198541,0.092355,-3.141584,0.000018,-0.000092
23.360515,-1.689998,-0.405025,-10.645001,-0.073000,-0.138125,0.023375,0.537013,-0.198458,0.092356,-3.141584,0.000019,-0.000087
23.364511,-1.689998,-0.405026,-10.645001,-0.073000,-0.138125,0.023375,0.537038,-0.198375,0.092356,-3.141584,0.000019,-0.000089
23.368510,-1.689998,-0.405026,-10.645001,-0.073000,-0.138125,0.023375,0.537063,-0.198292,0.092357,-3.141584,0.000019,-0.000084
23.372471,-1.689999,-0.405028,-10.645001,-0.073000,-0.138125,0.023375,0.537089,-0.198210,0.092359,-3.141584,0.000021,-0.000079
23.376509,-1.569999,-0.325029,-10.395001,-0.074000,-0.135125,0.023375,0.537114,-0.198127,0.092359,-3.141584,0.000022,-0.000074
23.380511,-1.569999,-0.325029,-10.395001,-0.074000,-0.135125,0.023375,0.537139,-0.198044,0.092360,-3.141584,0.000022,-0.000075
23.384511,-1.569997,-0.325024,-10.395001,-0.074000,-0.135125,0.023375,0.537166,-0.197962,0.092362,-3.141584,0.000017,-0.000077
23.388511,-1.569997,-0.325024,-10.395001,-0.074000,-0.135125,0.023375,0.537192,-0.197876,0.092363,-3.141584,0.000018,-0.000074
23.392512,-1.569998,-0.325026,-10.395001,-0.074000,-0.135125,0.023375,0.537218,-0.197794,0.092364,-3.141584,0.000019,-0.000075
23.396512,-1.569998,-0.325027,-10.395001,-0.074000,-0.135125,0.023375,0.537243,-0.197711,0.092365,-3.141584,0.000020,-0.000084
23.400511,-1.569998,-0.325026,-10.395001,-0.074000,-0.135125,0.023375,0.537269,-0.197628,0.092365,-3.141584,0.000019,-0.000092
23.404511,-1.569998,-0.325027,-10.395001,-0.074000,-0.135125,0.023375,0.537295,-0.197543,0.092365,-3.141584,0.000020,-0.000089
23.408511,-1.570001,-0.325034,-10.395001,-0.074000,-0.135125,0.023375,0.537319,-0.197460,0.092365,-3.141583,0.000027,-0.000098
23.412512,-1.569999,-0.325029,-10.395001,-0.074000,-0.135125,0.023375,0.537346,-0.197377,0.092367,-3.141584,0.000022,-0.000106
23.416511,-1.569999,-0.325030,-10.395001,-0.074000,-0.135125,0.023375,0.537371,-0.197294,0.092368,-3.141584,0.000023,-0.000108
23.420512,-1.679998,-0.255024,-10.115001,-0.073000,-0.138125,0.023375,0.537399,-0.197209,0.092370,-3.141584,0.000018,-0.000105
23.424483,-1.680000,-0.255030,-10.115001,-0.073000,-0.138125,0.023375,0.537423,-0.197126,0.092368,-3.141584,0.000023,-0.000106
23.428471,-1.680000,-0.255030,-10.115001,-0.073000,-0.138125,0.023375,0.537448,-0.197044,0.092369,-3.141584,0.000023,-0.000101
23.432463,-1.679998,-0.255025,-10.115001,-0.073000,-0.138125,0.023375,0.537475,-0.196961,0.092371,-3.141584,0.000018,-0.000130
23.436474,-1.679998,-0.255025,-10.115001,-0.073000,-0.138125,0.023375,0.537499,-0.196878,0.092372,-3.141584,0.000019,-0.000091
23.440464,-1.679999,-0.255027,-10.115001,-0.073000,-0.138125,0.023375,0.537525,-0.196795,0.092373,-3.141584,0.000020,-0.000119
23.444510,-1.679998,-0.255025,-10.115001,-0.073000,-0.138125,0.023375,0.537549,-0.196715,0.092372,-3.141584,0.000019,-0.000112
23.448513,-1.679999,-0.255027,-10.115001,-0.073000,-0.138125,0.023375,0.537576,-0.196632,0.092374,-3.141584,0.000020,-0.000100
23.452511,-1.639997,-0.325023,-9.915001,-0.069000,-0.133125,0.023375,0.537608,-0.196530,0.092377,-3.141584,0.000016,-0.000052
23.456511,-1.639999,-0.325028,-9.915001,-0.069000,-0.133125,0.023375,0.537631,-0.196450,0.092375,-3.141584,0.000021,-0.000045
23.460512,-1.640002,-0.325036,-9.915001,-0.069000,-0.133125,0.023375,0.537655,-0.196367,0.092375,-3.141583,0.000028,-0.000040
23.464514,-1.640000,-0.325030,-9.915001,-0.069000,-0.133125,0.023375,0.537681,-0.196286,0.092377,-3.141584,0.000024,-0.000039
23.468512,-1.640003,-0.325038,-9.915001,-0.069000,-0.133125,0.023375,0.537705,-0.196203,0.092377,-3.141583,0.000031,-0.000041
23.472511,-1.640003,-0.325038,-9.915001,-0.069000,-0.133125,0.023375,0.537730,-0.196123,0.092377,-3.141583,0.000030,-0.000047
23.476511,-1.640003,-0.325038,-9.915001,-0.069000,-0.133125,0.023375,0.537755,-0.196040,0.092377,-3.141583,0.000031,-0.000055
23.480511,-1.640001,-0.325033,-9.915001,-0.069000,-0.133125,0.023375,0.537782,-0.195958,0.092380,-3.141584,0.000026,-0.000057
23.484514,-1.640001,-0.325033,-9.915001,-0.069000,-0.133125,0.023375,0.537805,-0.195877,0.092380,-3.141584,0.000026,-0.000063
23.488512,-1.640001,-0.325033,-9.915001,-0.069000,-0.133125,0.023375,0.537832,-0.195794,0.092380,-3.141584,0.000026,-0.000071
23.492511,-1.640001,-0.325033,-9.915001,-0.069000,-0.133125,0.023375,0.537855,-0.195714,0.092381,-3.141584,0.000026,-0.000078
23.496510,-1.609999,-0.345028,-9.745001,-0.069000,-0.127125,0.021375,0.537882,-0.195631,0.092383,-3.141584,0.000021,-0.000086
23.500510,-1.609997,-0.345023,-9.745001,-0.069000,-0.127125,0.021375,0.537909,-0.195548,0.092385,-3.141584,0.000016,-0.000088
23.504520,-1.609997,-0.345022,-9.745001,-0.069000,-0.127125,0.021375,0.537935,-0.195466,0.092385,-3.141585,0.000016,-0.000089
23.508510,-1.609997,-0.345023,-9.745001,-0.069000,-0.127125,0.021375,0.537958,-0.195385,0.092385,-3.141585,0.000016,-0.000089
23.512512,-1.609998,-0.345025,-9.745001,-0.069000,-0.127125,0.021375,0.537984,-0.195302,0.092387,-3.141584,0.000018,-0.000077
23.516512,-1.609998,-0.345025,-9.745001,-0.069000,-0.127125,0.021375,0.538009,-0.195219,0.092388,-3.141584,0.000019,-0.000065
23.520511,-1.609998,-0.345025,-9.745001,-0.069000,-0.127125,0.021375,0.538034,-0.195139,0.092387,-3.141584,0.000018,-0.000051
23.524512,-1.609999,-0.345027,-9.745001,-0.069000,-0.127125,0.021375,0.538060,-0.195056,0.092389,-3.141584,0.000020,-0.000025
23.528517,-1.609999,-0.345027,-9.745001,-0.069000,-0.127125,0.021375,0.538085,-0.194973,0.092390,-3.141584,0.000020,-0.000007
23.532512,-1.609999,-0.345028,-9.745001,-0.069000,-0.127125,0.021375,0.538116,-0.194871,0.092390,-3.141584,0.000021,0.000001
23.536510,-1.529999,-0.265027,-9.575001,-0.072000,-0.122125,0.020375,0.538135,-0.194808,0.092390,-3.141584,0.000020,0.000010
23.540511,-1.529997,-0.265022,-9.575001,-0.072000,-0.122125,0.020375,0.538163,-0.194723,0.092392,-3.141585,0.000016,0.000013
23.544512,-1.530000,-0.265030,-9.575001,-0.072000,-0.122125,0.020375,0.538187,-0.194637,0.092392,-3.141584,0.000023,0.000009
23.548512,-1.529997,-0.265022,-9.575001,-0.072000,-0.122125,0.020375,0.538215,-0.194552,0.092393,-3.141585,0.000016,-0.000001
23.552512,-1.529997,-0.265022,-9.575001,-0.072000,-0.122125,0.020375,0.538241,-0.194464,0.092393,-3.141585,0.000016,-0.000001
23.556511,-1.529995,-0.265017,-9.575000,-0.072000,-0.122125,0.020375,0.538268,-0.194379,0.092395,-3.141585,0.000011,-0.000011
23.560512,-1.529996,-0.265019,-9.575000,-0.072000,-0.122125,0.020375,0.538295,-0.194294,0.092397,-3.141585,0.000013,-0.000022
23.564512,-1.529996,-0.265020,-9.575000,-0.072000,-0.122125,0.020375,0.538321,-0.194206,0.092398,-3.141585,0.000013,-0.000028
23.568511,-1.529998,-0.265025,-9.575001,-0.072000,-0.122125,0.020375,0.538346,-0.194120,0.092396,-3.141584,0.000018,-0.000039
23.572511,-1.529996,-0.265020,-9.575000,-0.072000,-0.122125,0.020375,0.538373,-0.194035,0.092398,-3.141585,0.000013,-0.000096
23.576511,-1.439994,-0.245014,-9.395000,-0.070000,-0.120125,0.020375,0.538401,-0.193948,0.092400,-3.141585,0.000008,-0.000109
23.580512,-1.439994,-0.245015,-9.395000,-0.070000,-0.120125,0.020375,0.538434,-0.193840,0.092401,-3.141585,0.000009,-0.000072
23.584511,-1.439997,-0.245023,-9.395001,-0.070000,-0.120125,0.020375,0.538451,-0.193777,0.092401,-3.141585,0.000016,-0.000117
23.588512,-1.439995,-0.245017,-9.395001,-0.070000,-0.120125,0.020375,0.538486,-0.193670,0.092403,-3.141585,0.000011,-0.000067
23.592511,-1.439993,-0.245012,-9.395000,-0.070000,-0.120125,0.020375,0.538513,-0.193584,0.092405,-3.141585,0.000006,-0.000050
23.596512,-1.439995,-0.245017,-9.395001,-0.070000,-0.120125,0.020375,0.538538,-0.193499,0.092403,-3.141585,0.000011,-0.000041
23.600512,-1.439993,-0.245012,-9.395000,-0.070000,-0.120125,0.020375,0.538566,-0.193411,0.092406,-3.141585,0.000006,-0.000020
23.604512,-1.439991,-0.245007,-9.395000,-0.070000,-0.120125,0.020375,0.538593,-0.193326,0.092408,-3.141586,0.000001,-0.000003
23.608511,-1.439993,-0.245012,-9.395000,-0.070000,-0.120125,0.020375,0.538618,-0.193241,0.092406,-3.141585,0.000006,-0.000000
23.612489,-1.439993,-0.245013,-9.395000,-0.070000,-0.120125,0.020375,0.538643,-0.193155,0.092407,-3.141585,0.000007,0.000003
23.616472,-1.389991,-0.295007,-9.225000,-0.066000,-0.120125,0.020375,0.538670,-0.193070,0.092409,-3.141586,0.000002,0.000005
23.620512,-1.389992,-0.295009,-9.225000,-0.066000,-0.120125,0.020375,0.538696,-0.192985,0.092410,-3.141586,0.000003,-0.000005
23.624505,-1.389992,-0.295009,-9.225000,-0.066000,-0.120125,0.020375,0.538723,-0.192899,0.092410,-3.141586,0.000003,-0.000009
23.628513,-1.389992,-0.295009,-9.225000,-0.066000,-0.120125,0.020375,0.538748,-0.192814,0.092411,-3.141586,0.000003,-0.000020
23.632517,-1.389992,-0.295010,-9.225000,-0.066000,-0.120125,0.020375,0.538774,-0.192726,0.092411,-3.141586,0.000004,-0.000032
23.636512,-1.389992,-0.295009,-9.225000,-0.066000,-0.120125,0.020375,0.538801,-0.192641,0.092411,-3.141586,0.000003,-0.000043
23.640511,-1.389990,-0.295004,-9.225000,-0.066000,-0.120125,0.020375,0.538829,-0.192553,0.092413,-3.141586,-0.000001,-0.000056
23.644516,-1.389993,-0.295012,-9.225000,-0.066000,-0.120125,0.020375,0.538854,-0.192465,0.092413,-3.141585,0.000006,-0.000069
23.648512,-1.389991,-0.295006,-9.225000,-0.066000,-0.120125,0.020375,0.538882,-0.192378,0.092416,-3.141586,0.000001,-0.000081
23.652511,-1.389993,-0.295012,-9.225000,-0.066000,-0.120125,0.020375,0.538906,-0.192292,0.092414,-3.141585,0.000006,-0.000092
23.656517,-1.409991,-0.275006,-8.965000,-0.064000,-0.119125,0.020375,0.538934,-0.192204,0.092416,-3.141586,0.000001,-0.000091
23.660512,-1.409989,-0.275001,-8.965000,-0.064000,-0.119125,0.020375,0.538962,-0.192117,0.092418,-3.141586,-0.000004,-0.000091
23.664511,-1.409989,-0.275001,-8.965000,-0.064000,-0.119125,0.020375,0.538989,-0.192029,0.092418,-3.141586,-0.000005,-0.000083
23.668511,-1.409992,-0.275008,-8.965000,-0.064000,-0.119125,0.020375,0.539013,-0.191943,0.092418,-3.141586,0.000003,-0.000080
23.672513,-1.409992,-0.275008,-8.965000,-0.064000,-0.119125,0.020375,0.539041,-0.191856,0.092418,-3.141586,0.000002,-0.000066
23.676513,-1.409987,-0.274996,-8.965000,-0.064000,-0.119125,0.020375,0.539070,-0.191768,0.092421,-3.141587,-0.000010,-0.000052
23.680511,-1.409989,-0.275001,-8.965000,-0.064000,-0.119125,0.020375,0.539094,-0.191682,0.092419,-3.141586,-0.000005,-0.000049
23.684509,-1.409987,-0.274996,-8.965000,-0.064000,-0.119125,0.020375,0.539122,-0.191595,0.092421,-3.141587,-0.000009,-0.000075
23.688512,-1.409987,-0.274995,-8.965000,-0.064000,-0.119125,0.020375,0.539148,-0.191509,0.092421,-3.141587,-0.000010,-0.000039
23.692515,-1.409987,-0.274995,-8.965000,-0.064000,-0.119125,0.020375,0.539148,-0.191509,0.092421,-3.141587,-0.000010,-0.000039
23.696538,-1.429989,-0.265002,-8.885000,-0.063000,-0.119125,0.020375,0.539200,-0.191336,0.092421,-3.141586,-0.000003,-0.000049
23.700507,-1.449987,-0.294997,-8.784999,-0.063000,-0.119125,0.020375,0.539228,-0.191248,0.092423,-3.141587,-0.000008,-0.000095
23.704509,-1.449987,-0.294997,-8.784999,-0.063000,-0.119125,0.020375,0.539228,-0.191248,0.092423,-3.141587,-0.000008,-0.000095
23.708491,-1.449989,-0.295002,-8.785000,-0.063000,-0.119125,0.020375,0.539252,-0.191163,0.092421,-3.141586,-0.000003,-0.000106
23.712513,-1.449992,-0.295009,-8.785000,-0.063000,-0.119125,0.020375,0.539311,-0.190968,0.092421,-3.141586,0.000004,-0.000089
23.716517,-1.449992,-0.295009,-8.785000,-0.063000,-0.119125,0.020375,0.539311,-0.190968,0.092421,-3.141586,0.000004,-0.000089
23.720548,-1.449992,-0.295009,-8.785000,-0.063000,-0.119125,0.020375,0.539338,-0.190880,0.092420,-3.141586,0.000003,-0.000095
23.724512,-1.449992,-0.295009,-8.785000,-0.063000,-0.119125,0.020375,0.539364,-0.190792,0.092421,-3.141586,0.000004,-0.000114
23.728523,-1.449989,-0.295001,-8.785000,-0.063000,-0.119125,0.020375,0.539418,-0.190619,0.092421,-3.141586,-0.000004,-0.000131
23.732512,-1.449989,-0.295001,-8.785000,-0.063000,-0.119125,0.020375,0.539418,-0.190619,0.092421,-3.141586,-0.000004,-0.000131
23.736480,-1.449987,-0.294996,-8.784999,-0.063000,-0.119125,0.020375,0.539446,-0.190531,0.092423,-3.141587,-0.000009,-0.000123
23.740512,-1.459987,-0.314996,-8.744999,-0.062000,-0.115125,0.019375,0.539473,-0.190443,0.092423,-3.141587,-0.000009,-0.000123
23.744512,-1.459989,-0.315002,-8.745000,-0.062000,-0.115125,0.019375,0.539500,-0.190355,0.092422,-3.141586,-0.000003,-0.000109
23.748512,-1.459989,-0.315002,-8.745000,-0.062000,-0.115125,0.019375,0.539527,-0.190267,0.092422,-3.141586,-0.000004,-0.000094
23.752513,-1.459989,-0.315001,-8.745000,-0.062000,-0.115125,0.019375,0.539554,-0.190182,0.092422,-3.141586,-0.000004,-0.000085
23.756513,-1.459987,-0.314996,-8.744999,-0.062000,-0.115125,0.019375,0.539608,-0.190006,0.092424,-3.141587,-0.000009,-0.000057
23.760515,-1.459987,-0.314996,-8.744999,-0.062000,-0.115125,0.019375,0.539608,-0.190006,0.092424,-3.141587,-0.000009,-0.000057
23.764513,-1.459989,-0.315002,-8.745000,-0.062000,-0.115125,0.019375,0.539635,-0.189918,0.092423,-3.141586,-0.000003,-0.000049
23.768512,-1.459989,-0.315002,-8.745000,-0.062000,-0.115125,0.019375,0.539662,-0.189831,0.092423,-3.141586,-0.000004,-0.000049
23.772526,-1.459989,-0.315001,-8.745000,-0.062000,-0.115125,0.019375,0.539689,-0.189743,0.092423,-3.141586,-0.000004,-0.000048
23.776511,-1.459989,-0.315001,-8.745000,-0.062000,-0.115125,0.019375,0.539716,-0.189657,0.092422,-3.141586,-0.000004,-0.000045
23.780512,-1.379991,-0.365008,-8.875000,-0.061000,-0.112125,0.018375,0.539742,-0.189569,0.092421,-3.141586,0.000002,-0.000051
23.784511,-1.379991,-0.365007,-8.875000,-0.061000,-0.112125,0.018375,0.539769,-0.189482,0.092421,-3.141586,0.000001,-0.000057
23.788512,-1.379991,-0.365007,-8.875000,-0.061000,-0.112125,0.018375,0.539797,-0.189394,0.092421,-3.141586,0.000001,-0.000070
23.792512,-1.379991,-0.365006,-8.875000,-0.061000,-0.112125,0.018375,0.539824,-0.189306,0.092421,-3.141586,0.000001,-0.000076
23.796513,-1.379991,-0.365006,-8.875000,-0.061000,-0.112125,0.018375,0.539850,-0.189220,0.092421,-3.141586,0.000000,-0.000093
23.800511,-1.379991,-0.365005,-8.875000,-0.061000,-0.112125,0.018375,0.539877,-0.189133,0.092420,-3.141586,-0.000000,-0.000099
23.804512,-1.379990,-0.365005,-8.875000,-0.061000,-0.112125,0.018375,0.539904,-0.189045,0.092420,-3.141586,-0.000001,-0.000099
23.808512,-1.379988,-0.364999,-8.875000,-0.061000,-0.112125,0.018375,0.539933,-0.188959,0.092422,-3.141586,-0.000007,-0.000096
23.812511,-1.379988,-0.364998,-8.875000,-0.061000,-0.112125,0.018375,0.539960,-0.188872,0.092421,-3.141586,-0.000007,-0.000088
23.816513,-1.379990,-0.365005,-8.875000,-0.061000,-0.112125,0.018375,0.539986,-0.188784,0.092420,-3.141586,-0.000001,-0.000081
23.820512,-1.349987,-0.354997,-9.045000,-0.062000,-0.114125,0.017375,0.540014,-0.188696,0.092421,-3.141586,-0.000008,-0.000107
23.824511,-1.349990,-0.355004,-9.045000,-0.062000,-0.114125,0.017375,0.540040,-0.188608,0.092420,-3.141586,-0.000002,-0.000100
23.828512,-1.349990,-0.355003,-9.045000,-0.062000,-0.114125,0.017375,0.540066,-0.188522,0.092420,-3.141586,-0.000002,-0.000090
23.832512,-1.349992,-0.355009,-9.045000,-0.062000,-0.114125,0.017375,0.540099,-0.188412,0.092418,-3.141586,0.000003,-0.000042
23.836511,-1.349992,-0.355009,-9.045000,-0.062000,-0.114125,0.017375,0.540119,-0.188349,0.092419,-3.141586,0.000004,-0.000073
23.840518,-1.349992,-0.355009,-9.045000,-0.062000,-0.114125,0.017375,0.540152,-0.188244,0.092418,-3.141586,0.000003,-0.000034
23.844515,-1.349992,-0.355009,-9.045000,-0.062000,-0.114125,0.017375,0.540177,-0.188161,0.092418,-3.141586,0.000003,-0.000029
23.848518,-1.349992,-0.355008,-9.045000,-0.062000,-0.114125,0.017375,0.540201,-0.188080,0.092418,-3.141586,0.000002,-0.000035
23.852513,-1.349994,-0.355014,-9.045000,-0.062000,-0.114125,0.017375,0.540227,-0.188000,0.092416,-3.141585,0.000008,-0.000035
23.856511,-1.429994,-0.345013,-9.265000,-0.064000,-0.122125,0.019375,0.540252,-0.187917,0.092416,-3.141585,0.000007,-0.000029
23.860512,-1.429994,-0.345013,-9.265000,-0.064000,-0.122125,0.019375,0.540277,-0.187836,0.092416,-3.141585,0.000007,-0.000042
23.864511,-1.429991,-0.345007,-9.265000,-0.064000,-0.122125,0.019375,0.540304,-0.187753,0.092417,-3.141586,0.000001,-0.000044
23.868517,-1.429991,-0.345006,-9.265000,-0.064000,-0.122125,0.019375,0.540329,-0.187670,0.092417,-3.141586,0.000001,-0.000052
23.872513,-1.429991,-0.345006,-9.265000,-0.064000,-0.122125,0.019375,0.540354,-0.187587,0.092417,-3.141586,0.000000,-0.000054
23.876478,-1.429991,-0.345007,-9.265000,-0.064000,-0.122125,0.019375,0.540380,-0.187507,0.092418,-3.141586,0.000001,-0.000067
23.880512,-1.429993,-0.345011,-9.265000,-0.064000,-0.122125,0.019375,0.540405,-0.187424,0.092415,-3.141586,0.000005,-0.000068
23.884512,-1.429995,-0.345018,-9.265000,-0.064000,-0.122125,0.019375,0.540430,-0.187340,0.092414,-3.141585,0.000011,-0.000063
23.888512,-1.429993,-0.345011,-9.265000,-0.064000,-0.122125,0.019375,0.540457,-0.187257,0.092416,-3.141586,0.000006,-0.000058
23.892490,-1.429993,-0.345011,-9.265000,-0.064000,-0.122125,0.019375,0.540481,-0.187177,0.092415,-3.141586,0.000005,-0.000058
23.896471,-1.519990,-0.365005,-9.565000,-0.064000,-0.126125,0.020375,0.540509,-0.187094,0.092417,-3.141586,-0.000001,-0.000046
23.900512,-1.519993,-0.365012,-9.565000,-0.064000,-0.126125,0.020375,0.540533,-0.187011,0.092416,-3.141586,0.000006,-0.000041
23.904511,-1.519992,-0.365010,-9.565000,-0.064000,-0.126125,0.020375,0.540560,-0.186928,0.092415,-3.141586,0.000004,-0.000042
23.908512,-1.519992,-0.365010,-9.565000,-0.064000,-0.126125,0.020375,0.540585,-0.186845,0.092415,-3.141586,0.000004,-0.000044
23.912511,-1.519995,-0.365016,-9.565001,-0.064000,-0.126125,0.020375,0.540609,-0.186764,0.092414,-3.141585,0.000010,-0.000043
23.916513,-1.519992,-0.365010,-9.565000,-0.064000,-0.126125,0.020375,0.540636,-0.186681,0.092415,-3.141586,0.000004,-0.000045
23.920509,-1.519990,-0.365004,-9.565000,-0.064000,-0.126125,0.020375,0.540663,-0.186598,0.092417,-3.141586,-0.000001,-0.000040
23.924518,-1.519992,-0.365008,-9.565000,-0.064000,-0.126125,0.020375,0.540688,-0.186515,0.092414,-3.141586,0.000003,-0.000035
23.928512,-1.519991,-0.365008,-9.565000,-0.064000,-0.126125,0.020375,0.540720,-0.186412,0.092414,-3.141586,0.000002,-0.000041
23.932517,-1.519992,-0.365009,-9.565000,-0.064000,-0.126125,0.020375,0.540739,-0.186351,0.092415,-3.141586,0.000003,-0.000083
23.936517,-1.549992,-0.365008,-9.655000,-0.065000,-0.127125,0.020375,0.540770,-0.186249,0.092414,-3.141586,0.000003,-0.000048
23.940488,-1.549992,-0.365008,-9.655000,-0.065000,-0.127125,0.020375,0.540770,-0.186249,0.092414,-3.141586,0.000003,-0.000048
23.944509,-1.569991,-0.375008,-9.675000,-0.066000,-0.128125,0.020375,0.540788,-0.186188,0.092414,-3.141586,0.000002,-0.000084
23.948512,-1.569993,-0.375013,-9.675000,-0.066000,-0.128125,0.020375,0.540845,-0.186004,0.092412,-3.141585,0.000007,-0.000062
23.952520,-1.569991,-0.375007,-9.675000,-0.066000,-0.128125,0.020375,0.540871,-0.185924,0.092414,-3.141586,0.000001,-0.000061
23.956512,-1.569994,-0.375014,-9.675000,-0.066000,-0.128125,0.020375,0.540895,-0.185841,0.092413,-3.141585,0.000008,-0.000056
23.960513,-1.569991,-0.375007,-9.675000,-0.066000,-0.128125,0.020375,0.540922,-0.185760,0.092414,-3.141586,0.000002,-0.000062
23.964512,-1.569994,-0.375014,-9.675000,-0.066000,-0.128125,0.020375,0.540946,-0.185677,0.092413,-3.141585,0.000008,-0.000057
23.968513,-1.569994,-0.375014,-9.675000,-0.066000,-0.128125,0.020375,0.540970,-0.185596,0.092413,-3.141585,0.000008,-0.000090
23.972517,-1.569993,-0.375012,-9.675000,-0.066000,-0.128125,0.020375,0.540996,-0.185516,0.092412,-3.141585,0.000006,-0.000056
23.976512,-1.619991,-0.335006,-9.815000,-0.069000,-0.129125,0.020375,0.541023,-0.185433,0.092414,-3.141586,0.000000,-0.000051
23.980513,-1.619994,-0.335013,-9.815000,-0.069000,-0.129125,0.020375,0.541046,-0.185352,0.092413,-3.141585,0.000007,-0.000057
23.984511,-1.619991,-0.335006,-9.815000,-0.069000,-0.129125,0.020375,0.541073,-0.185271,0.092414,-3.141586,0.000001,-0.000063
23.988512,-1.619991,-0.335006,-9.815000,-0.069000,-0.129125,0.020375,0.541097,-0.185190,0.092414,-3.141586,0.000000,-0.000069
23.992512,-1.619990,-0.335005,-9.815000,-0.069000,-0.129125,0.020375,0.541123,-0.185107,0.092413,-3.141586,-0.000001,-0.000071
23.996511,-1.619993,-0.335011,-9.815000,-0.069000,-0.129125,0.020375,0.541147,-0.185027,0.092412,-3.141586,0.000005,-0.000077
24.000512,-1.619990,-0.335005,-9.815000,-0.069000,-0.129125,0.020375,0.541174,-0.184944,0.092413,-3.141586,-0.000000,-0.000079
24.004512,-1.619993,-0.335012,-9.815000,-0.069000,-0.129125,0.020375,0.541197,-0.184863,0.092413,-3.141586,0.000006,-0.000119
24.008511,-1.619993,-0.335011,-9.815000,-0.069000,-0.129125,0.020375,0.541221,-0.184782,0.092412,-3.141586,0.000005,-0.000084
24.012512,-1.619995,-0.335017,-9.815001,-0.069000,-0.129125,0.020375,0.541247,-0.184699,0.092411,-3.141585,0.000011,-0.000086
24.016512,-1.589993,-0.315011,-9.955000,-0.071000,-0.128125,0.020375,0.541273,-0.184618,0.092412,-3.141586,0.000005,-0.000132
24.020514,-1.589993,-0.315010,-9.955000,-0.071000,-0.128125,0.020375,0.541304,-0.184516,0.092412,-3.141586,0.000005,-0.000091
24.024511,-1.589993,-0.315011,-9.955000,-0.071000,-0.128125,0.020375,0.541330,-0.184435,0.092413,-3.141586,0.000005,-0.000091
24.028512,-1.589993,-0.315011,-9.955000,-0.071000,-0.128125,0.020375,0.541354,-0.184352,0.092412,-3.141586,0.000005,-0.000085
24.032511,-1.589990,-0.315005,-9.955000,-0.071000,-0.128125,0.020375,0.541381,-0.184269,0.092414,-3.141586,-0.000001,-0.000080
24.036511,-1.589993,-0.315011,-9.955000,-0.071000,-0.128125,0.020375,0.541405,-0.184186,0.092413,-3.141586,0.000005,-0.000075
24.040466,-1.589993,-0.315011,-9.955000,-0.071000,-0.128125,0.020375,0.541405,-0.184186,0.092413,-3.141586,0.000005,-0.000075
24.044514,-1.589991,-0.315005,-9.955000,-0.071000,-0.128125,0.020375,0.541433,-0.184100,0.092414,-3.141586,-0.000000,-0.000079
24.048512,-1.589993,-0.315010,-9.955000,-0.071000,-0.128125,0.020375,0.541485,-0.183929,0.092413,-3.141586,0.000005,-0.000080
24.052512,-1.579992,-0.345010,-10.005000,-0.070000,-0.129125,0.020375,0.541511,-0.183843,0.092412,-3.141586,0.000004,-0.000077
24.056512,-1.549993,-0.355011,-10.145000,-0.070000,-0.131125,0.020375,0.541538,-0.183758,0.092413,-3.141586,0.000005,-0.000081
24.060516,-1.549992,-0.355010,-10.145000,-0.070000,-0.131125,0.020375,0.541564,-0.183670,0.092413,-3.141586,0.000005,-0.000080
24.064520,-1.549992,-0.355010,-10.145000,-0.070000,-0.131125,0.020375,0.541589,-0.183584,0.092413,-3.141586,0.000004,-0.000091
24.068516,-1.549993,-0.355011,-10.145000,-0.070000,-0.131125,0.020375,0.541616,-0.183498,0.092414,-3.141586,0.000005,-0.000101
24.072497,-1.549990,-0.355005,-10.145000,-0.070000,-0.131125,0.020375,0.541644,-0.183413,0.092415,-3.141586,-0.000001,-0.000105
24.076511,-1.549993,-0.355011,-10.145000,-0.070000,-0.131125,0.020375,0.541669,-0.183327,0.092414,-3.141586,0.000005,-0.000116
24.080512,-1.549993,-0.355011,-10.145000,-0.070000,-0.131125,0.020375,0.541694,-0.183241,0.092414,-3.141586,0.000005,-0.000113
24.084512,-1.549995,-0.355016,-10.145000,-0.070000,-0.131125,0.020375,0.541721,-0.183156,0.092412,-3.141585,0.000010,-0.000117
24.088517,-1.549992,-0.355010,-10.145000,-0.070000,-0.131125,0.020375,0.541748,-0.183070,0.092414,-3.141586,0.000005,-0.000114
24.092513,-1.549992,-0.355010,-10.145000,-0.070000,-0.131125,0.020375,0.541748,-0.183070,0.092414,-3.141586,0.000005,-0.000114
24.096512,-1.549992,-0.355010,-10.145000,-0.070000,-0.131125,0.020375,0.541748,-0.183070,0.092414,-3.141586,0.000005,-0.000114
24.100522,-1.549992,-0.355010,-10.145000,-0.070000,-0.131125,0.020375,0.541774,-0.182982,0.092413,-3.141586,0.000004,-0.000100
24.104512,-1.559990,-0.305004,-10.185000,-0.071000,-0.133125,0.020375,0.541854,-0.182725,0.092415,-3.141586,-0.000001,-0.000078
24.108512,-1.559993,-0.305011,-10.185000,-0.071000,-0.133125,0.020375,0.541878,-0.182639,0.092415,-3.141586,0.000005,-0.000108
24.112511,-1.559993,-0.305011,-10.185000,-0.071000,-0.133125,0.020375,0.541878,-0.182639,0.092415,-3.141586,0.000005,-0.000108
24.116516,-1.559990,-0.305005,-10.185000,-0.071000,-0.133125,0.020375,0.541906,-0.182554,0.092416,-3.141586,-0.000001,-0.000099
24.120509,-1.559993,-0.305011,-10.185000,-0.071000,-0.133125,0.020375,0.541937,-0.182449,0.092415,-3.141586,0.000006,-0.000060
24.124516,-1.559990,-0.305005,-10.185000,-0.071000,-0.133125,0.020375,0.541964,-0.182363,0.092417,-3.141586,-0.000000,-0.000057
24.128520,-1.559992,-0.305009,-10.185000,-0.071000,-0.133125,0.020375,0.541989,-0.182277,0.092414,-3.141586,0.000004,-0.000054
24.132511,-1.559992,-0.305009,-10.185000,-0.071000,-0.133125,0.020375,0.541989,-0.182277,0.092414,-3.141586,0.000004,-0.000054
24.136485,-1.559993,-0.305010,-10.185000,-0.071000,-0.133125,0.020375,0.542023,-0.182172,0.092415,-3.141586,0.000005,-0.000062
24.140484,-1.729993,-0.315011,-10.245000,-0.073000,-0.139125,0.022375,0.542067,-0.182023,0.092415,-3.141586,0.000005,-0.000070
24.144511,-1.729993,-0.315011,-10.245000,-0.073000,-0.139125,0.022375,0.542067,-0.182023,0.092415,-3.141586,0.000005,-0.000070
24.148512,-1.729991,-0.315006,-10.245000,-0.073000,-0.139125,0.022375,0.542120,-0.181856,0.092418,-3.141586,0.000000,-0.000080
24.152483,-1.729993,-0.315011,-10.245000,-0.073000,-0.139125,0.022375,0.542170,-0.181690,0.092416,-3.141586,0.000005,-0.000090
24.156512,-1.729993,-0.315011,-10.245000,-0.073000,-0.139125,0.022375,0.542170,-0.181690,0.092416,-3.141586,0.000005,-0.000090
24.160513,-1.729993,-0.315012,-10.245000,-0.073000,-0.139125,0.022375,0.542196,-0.181604,0.092416,-3.141586,0.000006,-0.000094
24.164518,-1.729991,-0.315006,-10.245000,-0.073000,-0.139125,0.022375,0.542223,-0.181521,0.092418,-3.141586,0.000000,-0.000095
24.168510,-1.729991,-0.315007,-10.245000,-0.073000,-0.139125,0.022375,0.542249,-0.181438,0.092419,-3.141586,0.000001,-0.000097
24.172517,-1.729994,-0.315013,-10.245000,-0.073000,-0.139125,0.022375,0.542273,-0.181352,0.092418,-3.141585,0.000007,-0.000087
24.176512,-1.719993,-0.325012,-10.275000,-0.074000,-0.136125,0.022375,0.542298,-0.181271,0.092417,-3.141586,0.000006,-0.000080
24.180519,-1.719994,-0.325013,-10.275000,-0.074000,-0.136125,0.022375,0.542325,-0.181186,0.092418,-3.141586,0.000007,-0.000064
24.184513,-1.719991,-0.325007,-10.275000,-0.074000,-0.136125,0.022375,0.542351,-0.181102,0.092419,-3.141586,0.000001,-0.000045
24.188514,-1.719991,-0.325008,-10.275000,-0.074000,-0.136125,0.022375,0.542377,-0.181019,0.092420,-3.141586,0.000002,-0.000027
24.192513,-1.719989,-0.325002,-10.275000,-0.074000,-0.136125,0.022375,0.542404,-0.180936,0.092421,-3.141586,-0.000004,-0.000015
24.196514,-1.719991,-0.325007,-10.275000,-0.074000,-0.136125,0.022375,0.542430,-0.180850,0.092420,-3.141586,0.000002,0.000002
24.200513,-1.719992,-0.325008,-10.275000,-0.074000,-0.136125,0.022375,0.542456,-0.180767,0.092420,-3.141586,0.000002,0.000007
24.204513,-1.719992,-0.325009,-10.275000,-0.074000,-0.136125,0.022375,0.542481,-0.180684,0.092421,-3.141586,0.000003,0.000012
24.208513,-1.719992,-0.325009,-10.275000,-0.074000,-0.136125,0.022375,0.542505,-0.180600,0.092421,-3.141586,0.000003,0.000010
24.212513,-1.719991,-0.325007,-10.275000,-0.074000,-0.136125,0.022375,0.542531,-0.180517,0.092420,-3.141586,0.000002,-0.000032
24.216512,-1.669992,-0.385008,-10.315000,-0.071000,-0.132125,0.022375,0.542557,-0.180434,0.092421,-3.141586,0.000002,-0.000047
24.220514,-1.659992,-0.405009,-10.345000,-0.071000,-0.132125,0.023375,0.542590,-0.180329,0.092422,-3.141586,0.000003,-0.000021
24.224517,-1.659992,-0.405009,-10.345000,-0.071000,-0.132125,0.023375,0.542614,-0.180245,0.092421,-3.141586,0.000003,-0.000030
24.228517,-1.659992,-0.405010,-10.345000,-0.071000,-0.132125,0.023375,0.542640,-0.180162,0.092422,-3.141586,0.000004,-0.000045
24.232512,-1.659992,-0.405008,-10.345000,-0.071000,-0.132125,0.023375,0.542666,-0.180079,0.092421,-3.141586,0.000002,-0.000053
24.236513,-1.659992,-0.405009,-10.345000,-0.071000,-0.132125,0.023375,0.542691,-0.179995,0.092422,-3.141586,0.000003,-0.000061
24.240513,-1.659992,-0.405010,-10.345000,-0.071000,-0.132125,0.023375,0.542717,-0.179912,0.092423,-3.141586,0.000004,-0.000077
24.244512,-1.659992,-0.405009,-10.345000,-0.071000,-0.132125,0.023375,0.542742,-0.179831,0.092422,-3.141586,0.000003,-0.000089
24.248510,-1.659992,-0.405010,-10.345000,-0.071000,-0.132125,0.023375,0.542768,-0.179748,0.092423,-3.141586,0.000004,-0.000084
24.252513,-1.659993,-0.405010,-10.345000,-0.071000,-0.132125,0.023375,0.542792,-0.179667,0.092423,-3.141586,0.000005,-0.000070
24.256512,-1.659990,-0.405004,-10.345000,-0.071000,-0.132125,0.023375,0.542819,-0.179584,0.092425,-3.141586,-0.000001,-0.000045
24.260513,-1.619993,-0.325010,-10.275000,-0.074000,-0.131125,0.022375,0.542843,-0.179503,0.092423,-3.141586,0.000004,-0.000031
24.264514,-1.619993,-0.325011,-10.275000,-0.074000,-0.131125,0.022375,0.542869,-0.179420,0.092424,-3.141586,0.000005,-0.000012
24.268511,-1.619993,-0.325012,-10.275000,-0.074000,-0.131125,0.022375,0.542893,-0.179339,0.092425,-3.141586,0.000006,-0.000005
24.272512,-1.619991,-0.325006,-10.275000,-0.074000,-0.131125,0.022375,0.542919,-0.179256,0.092426,-3.141586,0.000000,0.000014
24.276513,-1.619993,-0.325011,-10.275000,-0.074000,-0.131125,0.022375,0.542945,-0.179172,0.092425,-3.141586,0.000006,0.000019
24.280513,-1.619991,-0.325005,-10.275000,-0.074000,-0.131125,0.022375,0.542970,-0.179091,0.092426,-3.141586,-0.000000,0.000026
24.284513,-1.619991,-0.325006,-10.275000,-0.074000,-0.131125,0.022375,0.542995,-0.179011,0.092427,-3.141586,0.000001,0.000020
24.288513,-1.619993,-0.325012,-10.275000,-0.074000,-0.131125,0.022375,0.543020,-0.178927,0.092425,-3.141586,0.000006,-0.000029
24.292512,-1.619991,-0.325006,-10.275000,-0.074000,-0.131125,0.022375,0.543045,-0.178846,0.092427,-3.141586,0.000000,-0.000042
24.296522,-1.589991,-0.305007,-10.265000,-0.073000,-0.133125,0.023375,0.543071,-0.178763,0.092427,-3.141586,0.000001,-0.000050
24.300511,-1.589992,-0.305008,-10.265000,-0.073000,-0.133125,0.023375,0.543096,-0.178680,0.092428,-3.141586,0.000002,-0.000065
24.304513,-1.589991,-0.305006,-10.265000,-0.073000,-0.133125,0.023375,0.543127,-0.178579,0.092427,-3.141586,0.000001,-0.000048
24.308513,-1.589991,-0.305007,-10.265000,-0.073000,-0.133125,0.023375,0.543153,-0.178496,0.092428,-3.141586,0.000002,-0.000057
24.312513,-1.589992,-0.305008,-10.265000,-0.073000,-0.133125,0.023375,0.543177,-0.178415,0.092429,-3.141586,0.000002,-0.000076
24.316512,-1.589989,-0.305002,-10.265000,-0.073000,-0.133125,0.023375,0.543203,-0.178332,0.092430,-3.141586,-0.000003,-0.000085
24.320511,-1.589992,-0.305009,-10.265000,-0.073000,-0.133125,0.023375,0.543230,-0.178248,0.092430,-3.141586,0.000003,-0.000093
24.324518,-1.589990,-0.305003,-10.265000,-0.073000,-0.133125,0.023375,0.543256,-0.178165,0.092431,-3.141586,-0.000002,-0.000095
24.328515,-1.589990,-0.305004,-10.265000,-0.073000,-0.133125,0.023375,0.543280,-0.178084,0.092432,-3.141586,-0.000002,-0.000094
24.332512,-1.589992,-0.305010,-10.265000,-0.073000,-0.133125,0.023375,0.543306,-0.178001,0.092430,-3.141586,0.000004,-0.000082
24.336513,-1.589990,-0.305003,-10.265000,-0.073000,-0.133125,0.023375,0.543332,-0.177915,0.092432,-3.141586,-0.000002,-0.000073
24.340513,-1.579990,-0.325004,-10.255000,-0.071000,-0.135125,0.023375,0.543365,-0.177810,0.092432,-3.141586,-0.000001,-0.000054
24.344513,-1.579990,-0.325003,-10.255000,-0.071000,-0.135125,0.023375,0.543384,-0.177746,0.092431,-3.141586,-0.000002,-0.000051
24.348484,-1.579990,-0.325004,-10.255000,-0.071000,-0.135125,0.023375,0.543410,-0.177660,0.092432,-3.141586,-0.000002,-0.000042
24.352477,-1.579988,-0.324999,-10.255000,-0.071000,-0.135125,0.023375,0.543438,-0.177574,0.092435,-3.141586,-0.000006,-0.000039
24.356512,-1.579988,-0.324999,-10.255000,-0.071000,-0.135125,0.023375,0.543438,-0.177574,0.092435,-3.141586,-0.000006,-0.000039
24.360483,-1.579991,-0.325006,-10.255000,-0.071000,-0.135125,0.023375,0.543490,-0.177403,0.092434,-3.141586,0.000000,-0.000080
24.364512,-1.579988,-0.325000,-10.255000,-0.071000,-0.135125,0.023375,0.543517,-0.177317,0.092435,-3.141586,-0.000006,-0.000043
24.368513,-1.579991,-0.325005,-10.255000,-0.071000,-0.135125,0.023375,0.543542,-0.177231,0.092434,-3.141586,-0.000000,-0.000047
24.372515,-1.579991,-0.325006,-10.255000,-0.071000,-0.135125,0.023375,0.543568,-0.177145,0.092434,-3.141586,0.000001,-0.000058
24.376513,-1.659993,-0.295012,-10.205000,-0.072000,-0.135125,0.023375,0.543594,-0.177059,0.092433,-3.141586,0.000006,-0.000109
24.380519,-1.659991,-0.295007,-10.205000,-0.072000,-0.135125,0.023375,0.543622,-0.176973,0.092435,-3.141586,0.000002,-0.000119
24.384513,-1.659989,-0.295001,-10.205000,-0.072000,-0.135125,0.023375,0.543649,-0.176888,0.092437,-3.141586,-0.000004,-0.000130
24.388515,-1.659991,-0.295007,-10.205000,-0.072000,-0.135125,0.023375,0.543682,-0.176780,0.092435,-3.141586,0.000001,-0.000100
24.392514,-1.659992,-0.295008,-10.205000,-0.072000,-0.135125,0.023375,0.543708,-0.176694,0.092436,-3.141586,0.000002,-0.000111
24.396525,-1.659992,-0.295008,-10.205000,-0.072000,-0.135125,0.023375,0.543708,-0.176694,0.092436,-3.141586,0.000002,-0.000111
24.400475,-1.659992,-0.295009,-10.205000,-0.072000,-0.135125,0.023375,0.543761,-0.176525,0.092437,-3.141586,0.000003,-0.000116
24.404481,-1.659992,-0.295010,-10.205000,-0.072000,-0.135125,0.023375,0.543786,-0.176439,0.092437,-3.141586,0.000004,-0.000113
24.408512,-1.659992,-0.295008,-10.205000,-0.072000,-0.135125,0.023375,0.543813,-0.176353,0.092436,-3.141586,0.000002,-0.000103
24.412475,-1.759992,-0.275009,-10.195000,-0.074000,-0.136125,0.024375,0.543839,-0.176267,0.092437,-3.141586,0.000003,-0.000087
24.416476,-1.769987,-0.274997,-10.205000,-0.074000,-0.136125,0.024375,0.543867,-0.176181,0.092440,-3.141586,-0.000008,-0.000071
24.420512,-1.769989,-0.275003,-10.205000,-0.074000,-0.136125,0.024375,0.543893,-0.176095,0.092439,-3.141586,-0.000002,-0.000061
24.424485,-1.769990,-0.275004,-10.205000,-0.074000,-0.136125,0.024375,0.543919,-0.176009,0.092439,-3.141586,-0.000002,-0.000051
24.428513,-1.769990,-0.275004,-10.205000,-0.074000,-0.136125,0.024375,0.543946,-0.175923,0.092439,-3.141586,-0.000002,-0.000042
24.432513,-1.769990,-0.275005,-10.205000,-0.074000,-0.136125,0.024375,0.543972,-0.175838,0.092440,-3.141586,-0.000001,-0.000039
24.436514,-1.769988,-0.274999,-10.205000,-0.074000,-0.136125,0.024375,0.543999,-0.175752,0.092442,-3.141586,-0.000007,-0.000036
24.440513,-1.769990,-0.275004,-10.205000,-0.074000,-0.136125,0.024375,0.544024,-0.175666,0.092440,-3.141586,-0.000001,-0.000040
24.444513,-1.769990,-0.275004,-10.205000,-0.074000,-0.136125,0.024375,0.544024,-0.175666,0.092440,-3.141586,-0.000001,-0.000040
24.448513,-1.769988,-0.275000,-10.205000,-0.074000,-0.136125,0.024375,0.544053,-0.175577,0.092442,-3.141586,-0.000006,-0.000039
24.452513,-1.769990,-0.275005,-10.205000,-0.074000,-0.136125,0.024375,0.544078,-0.175492,0.092441,-3.141586,-0.000000,-0.000050
24.456512,-1.769990,-0.275005,-10.205000,-0.074000,-0.136125,0.024375,0.544078,-0.175492,0.092441,-3.141586,-0.000000,-0.000050
24.460483,-1.699991,-0.335007,-10.295000,-0.074000,-0.131125,0.023375,0.544159,-0.175229,0.092442,-3.141586,0.000002,-0.000079
24.464474,-1.699992,-0.335008,-10.295000,-0.074000,-0.131125,0.023375,0.544185,-0.175143,0.092443,-3.141586,0.000002,-0.000090
24.468476,-1.699991,-0.335007,-10.295000,-0.074000,-0.131125,0.023375,0.544211,-0.175055,0.092442,-3.141586,0.000001,-0.000089
24.472481,-1.699991,-0.335007,-10.295000,-0.074000,-0.131125,0.023375,0.544211,-0.175055,0.092442,-3.141586,0.000001,-0.000089
24.476481,-1.699989,-0.335002,-10.295000,-0.074000,-0.131125,0.023375,0.544239,-0.174969,0.092445,-3.141586,-0.000003,-0.000093
24.480525,-1.699992,-0.335008,-10.295000,-0.074000,-0.131125,0.023375,0.544265,-0.174880,0.092443,-3.141586,0.000002,-0.000126
24.484454,-1.699989,-0.335002,-10.295000,-0.074000,-0.131125,0.023375,0.544326,-0.174686,0.092444,-3.141586,-0.000004,-0.000073
24.488462,-1.699989,-0.335002,-10.295000,-0.074000,-0.131125,0.023375,0.544326,-0.174686,0.092444,-3.141586,-0.000004,-0.000073
24.492514,-1.699989,-0.335003,-10.295000,-0.074000,-0.131125,0.023375,0.544352,-0.174600,0.092445,-3.141586,-0.000003,-0.000063
24.496496,-1.679992,-0.345008,-10.305000,-0.074000,-0.131125,0.023375,0.544378,-0.174512,0.092444,-3.141586,0.000002,-0.000056
24.500453,-1.609990,-0.385004,-10.365000,-0.073000,-0.130125,0.023375,0.544432,-0.174338,0.092447,-3.141586,-0.000001,-0.000039
24.504529,-1.609990,-0.385004,-10.365000,-0.073000,-0.130125,0.023375,0.544432,-0.174338,0.092447,-3.141586,-0.000001,-0.000039
24.508527,-1.609987,-0.384997,-10.364999,-0.073000,-0.130125,0.023375,0.544460,-0.174252,0.092448,-3.141586,-0.000008,-0.000036
24.512522,-1.609988,-0.384998,-10.364999,-0.073000,-0.130125,0.023375,0.544486,-0.174163,0.092448,-3.141586,-0.000007,-0.000029
24.516522,-1.609990,-0.385004,-10.365000,-0.073000,-0.130125,0.023375,0.544512,-0.174077,0.092447,-3.141586,-0.000002,-0.000032
24.520481,-1.609988,-0.384999,-10.364999,-0.073000,-0.130125,0.023375,0.544539,-0.173991,0.092449,-3.141586,-0.000006,-0.000029
24.524514,-1.609988,-0.384999,-10.364999,-0.073000,-0.130125,0.023375,0.544568,-0.173903,0.092449,-3.141586,-0.000006,-0.000029
24.528514,-1.609988,-0.385000,-10.364999,-0.073000,-0.130125,0.023375,0.544592,-0.173820,0.092450,-3.141586,-0.000005,-0.000037
24.532511,-1.609991,-0.385006,-10.365000,-0.073000,-0.130125,0.023375,0.544618,-0.173731,0.092448,-3.141586,0.000000,-0.000037
24.536514,-1.609989,-0.385001,-10.365000,-0.073000,-0.130125,0.023375,0.544645,-0.173648,0.092451,-3.141586,-0.000004,-0.000052
24.540506,-1.549989,-0.325001,-10.375000,-0.073000,-0.132125,0.022375,0.544672,-0.173564,0.092451,-3.141586,-0.000004,-0.000053
24.544507,-1.549989,-0.325002,-10.375000,-0.073000,-0.132125,0.022375,0.544696,-0.173481,0.092452,-3.141586,-0.000003,-0.000055
24.548515,-1.549989,-0.325002,-10.375000,-0.073000,-0.132125,0.022375,0.544722,-0.173400,0.092452,-3.141586,-0.000003,-0.000061
24.552514,-1.549984,-0.324990,-10.374999,-0.073000,-0.132125,0.022375,0.544750,-0.173316,0.092455,-3.141587,-0.000015,-0.000056
24.556532,-1.549986,-0.324996,-10.375000,-0.073000,-0.132125,0.022375,0.544773,-0.173235,0.092453,-3.141586,-0.000009,-0.000055
24.560513,-1.549987,-0.324997,-10.375000,-0.073000,-0.132125,0.022375,0.544798,-0.173151,0.092454,-3.141586,-0.000008,-0.000050
24.564512,-1.549987,-0.324997,-10.375000,-0.073000,-0.132125,0.022375,0.544824,-0.173070,0.092454,-3.141586,-0.000008,-0.000049
24.568518,-1.549985,-0.324992,-10.374999,-0.073000,-0.132125,0.022375,0.544850,-0.172987,0.092456,-3.141586,-0.000013,-0.000078
24.572517,-1.549990,-0.325003,-10.375000,-0.073000,-0.132125,0.022375,0.544879,-0.172884,0.092453,-3.141586,-0.000002,-0.000037
24.576522,-1.549988,-0.324999,-10.375000,-0.073000,-0.132125,0.022375,0.544898,-0.172822,0.092455,-3.141586,-0.000007,-0.000079
24.580514,-1.649988,-0.304999,-10.344999,-0.075000,-0.137125,0.022375,0.544925,-0.172739,0.092455,-3.141586,-0.000007,-0.000074
24.584517,-1.649988,-0.305000,-10.344999,-0.075000,-0.137125,0.022375,0.544956,-0.172635,0.092456,-3.141586,-0.000006,-0.000039
24.588517,-1.649988,-0.305000,-10.344999,-0.075000,-0.137125,0.022375,0.544982,-0.172552,0.092456,-3.141586,-0.000006,-0.000034
24.592513,-1.649986,-0.304995,-10.344999,-0.075000,-0.137125,0.022375,0.545009,-0.172468,0.092459,-3.141586,-0.000010,-0.000029
24.596512,-1.649989,-0.305001,-10.345000,-0.075000,-0.137125,0.022375,0.545032,-0.172387,0.092457,-3.141586,-0.000005,-0.000029
24.600513,-1.649986,-0.304996,-10.344999,-0.075000,-0.137125,0.022375,0.545059,-0.172304,0.092460,-3.141586,-0.000009,-0.000030
24.604511,-1.649989,-0.305002,-10.345000,-0.075000,-0.137125,0.022375,0.545083,-0.172220,0.092458,-3.141586,-0.000004,-0.000039
24.608513,-1.649989,-0.305002,-10.345000,-0.075000,-0.137125,0.022375,0.545109,-0.172139,0.092458,-3.141586,-0.000004,-0.000045
24.612512,-1.649989,-0.305002,-10.345000,-0.075000,-0.137125,0.022375,0.545133,-0.172055,0.092459,-3.141586,-0.000003,-0.000053
24.616513,-1.639987,-0.324997,-10.364999,-0.073000,-0.134125,0.023375,0.545162,-0.171972,0.092460,-3.141586,-0.000008,-0.000055
24.620513,-1.639987,-0.324998,-10.364999,-0.073000,-0.134125,0.023375,0.545185,-0.171891,0.092461,-3.141586,-0.000007,-0.000061
24.624517,-1.639987,-0.324998,-10.364999,-0.073000,-0.134125,0.023375,0.545212,-0.171807,0.092461,-3.141586,-0.000007,-0.000056
24.628513,-1.639988,-0.324999,-10.364999,-0.073000,-0.134125,0.023375,0.545236,-0.171724,0.092462,-3.141586,-0.000007,-0.000057
24.632513,-1.639988,-0.324999,-10.364999,-0.073000,-0.134125,0.023375,0.545261,-0.171642,0.092462,-3.141586,-0.000007,-0.000057
24.636520,-1.639986,-0.324994,-10.364999,-0.073000,-0.134125,0.023375,0.545288,-0.171559,0.092464,-3.141586,-0.000011,-0.000058
24.640513,-1.639988,-0.325000,-10.364999,-0.073000,-0.134125,0.023375,0.545311,-0.171478,0.092463,-3.141586,-0.000006,-0.000058
24.644513,-1.639988,-0.325000,-10.364999,-0.073000,-0.134125,0.023375,0.545337,-0.171397,0.092463,-3.141586,-0.000006,-0.000064
24.648483,-1.639986,-0.324995,-10.364999,-0.073000,-0.134125,0.023375,0.545363,-0.171315,0.092465,-3.141586,-0.000010,-0.000063
24.652513,-1.639986,-0.324995,-10.364999,-0.073000,-0.134125,0.023375,0.545389,-0.171232,0.092465,-3.141586,-0.000010,-0.000065
24.656513,-1.639990,-0.415003,-10.345000,-0.070000,-0.132125,0.023375,0.545411,-0.171153,0.092465,-3.141586,-0.000003,-0.000075
24.660513,-1.639990,-0.415003,-10.345000,-0.070000,-0.132125,0.023375,0.545443,-0.171050,0.092465,-3.141586,-0.000003,-0.000075
24.664513,-1.639990,-0.415003,-10.345000,-0.070000,-0.132125,0.023375,0.545463,-0.170988,0.092465,-3.141586,-0.000003,-0.000117
24.668512,-1.639987,-0.414997,-10.344999,-0.070000,-0.132125,0.023375,0.545494,-0.170885,0.092467,-3.141586,-0.000008,-0.000076
24.672515,-1.639990,-0.415004,-10.345000,-0.070000,-0.132125,0.023375,0.545518,-0.170804,0.092466,-3.141586,-0.000002,-0.000082
24.676513,-1.639988,-0.414999,-10.344999,-0.070000,-0.132125,0.023375,0.545544,-0.170723,0.092469,-3.141586,-0.000006,-0.000081
24.680512,-1.639985,-0.414994,-10.344999,-0.070000,-0.132125,0.023375,0.545572,-0.170642,0.092470,-3.141586,-0.000012,-0.000087
24.684513,-1.639986,-0.414995,-10.344999,-0.070000,-0.132125,0.023375,0.545596,-0.170558,0.092471,-3.141586,-0.000011,-0.000089
24.688517,-1.639986,-0.414995,-10.344999,-0.070000,-0.132125,0.023375,0.545621,-0.170477,0.092471,-3.141586,-0.000011,-0.000088
24.692519,-1.639988,-0.415000,-10.345000,-0.070000,-0.132125,0.023375,0.545644,-0.170396,0.092469,-3.141586,-0.000005,-0.000088
24.696513,-1.649986,-0.384996,-10.284999,-0.074000,-0.131125,0.023375,0.545670,-0.170314,0.092472,-3.141586,-0.000010,-0.000087
24.700513,-1.649986,-0.384996,-10.284999,-0.074000,-0.131125,0.023375,0.545695,-0.170233,0.092472,-3.141586,-0.000010,-0.000086
24.704512,-1.649989,-0.385001,-10.285000,-0.074000,-0.131125,0.023375,0.545718,-0.170152,0.092470,-3.141586,-0.000004,-0.000086
24.708512,-1.649987,-0.384996,-10.284999,-0.074000,-0.131125,0.023375,0.545745,-0.170068,0.092473,-3.141586,-0.000009,-0.000074
24.712516,-1.649987,-0.384996,-10.284999,-0.074000,-0.131125,0.023375,0.545769,-0.169990,0.092473,-3.141586,-0.000009,-0.000078
24.716512,-1.649982,-0.384986,-10.284999,-0.074000,-0.131125,0.023375,0.545798,-0.169906,0.092477,-3.141587,-0.000019,-0.000066
24.720511,-1.649985,-0.384992,-10.284999,-0.074000,-0.131125,0.023375,0.545821,-0.169825,0.092475,-3.141586,-0.000013,-0.000065
24.724511,-1.649985,-0.384992,-10.284999,-0.074000,-0.131125,0.023375,0.545846,-0.169744,0.092475,-3.141586,-0.000013,-0.000072
24.728512,-1.649982,-0.384987,-10.284999,-0.074000,-0.131125,0.023375,0.545872,-0.169662,0.092478,-3.141587,-0.000018,-0.000078
24.732513,-1.649982,-0.384987,-10.284999,-0.074000,-0.131125,0.023375,0.545898,-0.169579,0.092478,-3.141587,-0.000018,-0.000079
24.736512,-1.579983,-0.414988,-10.224999,-0.071000,-0.129125,0.022375,0.545922,-0.169495,0.092479,-3.141587,-0.000017,-0.000128
24.740512,-1.579980,-0.414982,-10.224999,-0.071000,-0.129125,0.022375,0.545951,-0.169409,0.092480,-3.141587,-0.000022,-0.000098
24.744512,-1.579984,-0.414989,-10.224999,-0.071000,-0.129125,0.022375,0.545984,-0.169301,0.092480,-3.141586,-0.000016,-0.000102
24.748512,-1.579984,-0.414989,-10.224999,-0.071000,-0.129125,0.022375,0.545984,-0.169301,0.092480,-3.141586,-0.000016,-0.000102
24.752512,-1.579981,-0.414985,-10.224999,-0.071000,-0.129125,0.022375,0.546031,-0.169151,0.092482,-3.141587,-0.000020,-0.000110
24.756513,-1.579981,-0.414985,-10.224999,-0.071000,-0.129125,0.022375,0.546031,-0.169151,0.092482,-3.141587,-0.000020,-0.000110
24.760478,-1.579984,-0.414990,-10.224999,-0.071000,-0.129125,0.022375,0.546055,-0.169064,0.092480,-3.141586,-0.000015,-0.000147
24.764513,-1.579982,-0.414986,-10.224999,-0.071000,-0.129125,0.022375,0.546115,-0.168870,0.092483,-3.141587,-0.000019,-0.000101
24.768512,-1.579984,-0.414991,-10.224999,-0.071000,-0.129125,0.022375,0.546133,-0.168806,0.092481,-3.141586,-0.000014,-0.000132
24.772510,-1.539982,-0.444986,-10.134999,-0.068000,-0.130125,0.022375,0.546169,-0.168698,0.092483,-3.141587,-0.000019,-0.000082
24.776512,-1.539980,-0.444981,-10.134999,-0.068000,-0.130125,0.022375,0.546196,-0.168611,0.092485,-3.141587,-0.000024,-0.000072
24.780512,-1.539983,-0.444988,-10.134999,-0.068000,-0.130125,0.022375,0.546222,-0.168525,0.092485,-3.141587,-0.000017,-0.000062
24.784512,-1.539985,-0.444994,-10.134999,-0.068000,-0.130125,0.022375,0.546246,-0.168439,0.092483,-3.141586,-0.000012,-0.000053
24.788512,-1.539981,-0.444983,-10.134999,-0.068000,-0.130125,0.022375,0.546274,-0.168355,0.092487,-3.141587,-0.000022,-0.000048
24.792517,-1.539981,-0.444983,-10.134999,-0.068000,-0.130125,0.022375,0.546301,-0.168269,0.092487,-3.141587,-0.000022,-0.000045
24.796518,-1.539978,-0.444979,-10.134998,-0.068000,-0.130125,0.022375,0.546328,-0.168183,0.092490,-3.141587,-0.000026,-0.000042
24.800511,-1.539978,-0.444979,-10.134998,-0.068000,-0.130125,0.022375,0.546354,-0.168097,0.092490,-3.141587,-0.000026,-0.000052
24.804512,-1.539981,-0.444984,-10.134999,-0.068000,-0.130125,0.022375,0.546378,-0.168013,0.092488,-3.141587,-0.000021,-0.000061
24.808513,-1.539981,-0.444985,-10.134999,-0.068000,-0.130125,0.022375,0.546402,-0.167927,0.092489,-3.141587,-0.000020,-0.000065
24.812513,-1.529982,-0.414987,-10.024999,-0.068000,-0.129125,0.021375,0.546430,-0.167841,0.092490,-3.141587,-0.000018,-0.000068
24.816512,-1.549984,-0.374992,-9.924999,-0.068000,-0.128125,0.021375,0.546454,-0.167754,0.092488,-3.141586,-0.000013,-0.000079
24.820485,-1.549980,-0.374982,-9.924999,-0.068000,-0.128125,0.021375,0.546483,-0.167671,0.092492,-3.141587,-0.000023,-0.000087
24.824517,-1.549980,-0.374982,-9.924999,-0.068000,-0.128125,0.021375,0.546509,-0.167584,0.092492,-3.141587,-0.000023,-0.000091
24.828512,-1.549980,-0.374982,-9.924999,-0.068000,-0.128125,0.021375,0.546536,-0.167498,0.092492,-3.141587,-0.000023,-0.000095
24.832482,-1.549986,-0.374994,-9.924999,-0.068000,-0.128125,0.021375,0.546559,-0.167412,0.092490,-3.141586,-0.000011,-0.000099
24.836483,-1.549983,-0.374990,-9.924999,-0.068000,-0.128125,0.021375,0.546586,-0.167326,0.092492,-3.141586,-0.000015,-0.000096
24.840482,-1.549983,-0.374990,-9.924999,-0.068000,-0.128125,0.021375,0.546613,-0.167237,0.092492,-3.141586,-0.000015,-0.000082
24.844512,-1.549983,-0.374990,-9.924999,-0.068000,-0.128125,0.021375,0.546613,-0.167237,0.092492,-3.141586,-0.000015,-0.000082
24.848513,-1.549981,-0.374984,-9.924999,-0.068000,-0.128125,0.021375,0.546642,-0.167151,0.092494,-3.141587,-0.000021,-0.000072
24.852512,-1.549981,-0.374984,-9.924999,-0.068000,-0.128125,0.021375,0.546669,-0.167062,0.092494,-3.141587,-0.000021,-0.000058
24.856484,-1.619981,-0.334985,-9.774999,-0.069000,-0.129125,0.021375,0.546719,-0.166889,0.092495,-3.141587,-0.000020,-0.000032
24.860512,-1.619981,-0.334985,-9.774999,-0.069000,-0.129125,0.021375,0.546719,-0.166889,0.092495,-3.141587,-0.000020,-0.000032
24.864483,-1.619985,-0.334992,-9.774999,-0.069000,-0.129125,0.021375,0.546746,-0.166801,0.092494,-3.141586,-0.000013,-0.000018
24.868512,-1.619983,-0.334987,-9.774999,-0.069000,-0.129125,0.021375,0.546779,-0.166692,0.092497,-3.141586,-0.000018,-0.000008
24.872512,-1.619983,-0.334989,-9.774999,-0.069000,-0.129125,0.021375,0.546807,-0.166606,0.092498,-3.141586,-0.000016,-0.000005
24.876480,-1.619985,-0.334993,-9.774999,-0.069000,-0.129125,0.021375,0.546833,-0.166520,0.092495,-3.141586,-0.000012,-0.000009
24.880512,-1.619983,-0.334989,-9.774999,-0.069000,-0.129125,0.021375,0.546860,-0.166434,0.092498,-3.141586,-0.000016,-0.000013
24.884483,-1.619981,-0.334984,-9.774999,-0.069000,-0.129125,0.021375,0.546913,-0.166259,0.092498,-3.141586,-0.000016,-0.000030
24.888513,-1.619983,-0.334989,-9.774999,-0.069000,-0.129125,0.021375,0.546913,-0.166259,0.092498,-3.141586,-0.000016,-0.000030
24.892513,-1.619983,-0.334989,-9.774999,-0.069000,-0.129125,0.021375,0.546939,-0.166172,0.092498,-3.141586,-0.000016,-0.000040
24.896483,-1.639984,-0.364991,-9.744999,-0.069000,-0.126125,0.021375,0.546991,-0.166000,0.092500,-3.141586,-0.000014,-0.000068
24.900516,-1.639984,-0.364991,-9.744999,-0.069000,-0.126125,0.021375,0.546991,-0.166000,0.092500,-3.141586,-0.000014,-0.000068
24.904487,-1.639984,-0.364991,-9.744999,-0.069000,-0.126125,0.021375,0.547018,-0.165911,0.092500,-3.141586,-0.000014,-0.000074
24.908521,-1.639982,-0.364987,-9.744999,-0.069000,-0.126125,0.021375,0.547045,-0.165825,0.092502,-3.141586,-0.000018,-0.000091
24.912486,-1.639985,-0.364994,-9.744999,-0.069000,-0.126125,0.021375,0.547071,-0.165736,0.092502,-3.141586,-0.000012,-0.000091
24.916513,-1.639985,-0.364994,-9.744999,-0.069000,-0.126125,0.021375,0.547097,-0.165649,0.092502,-3.141586,-0.000012,-0.000088
24.920520,-1.639983,-0.364988,-9.744999,-0.069000,-0.126125,0.021375,0.547126,-0.165563,0.092503,-3.141586,-0.000017,-0.000078
24.924518,-1.639981,-0.364983,-9.744999,-0.069000,-0.126125,0.021375,0.547152,-0.165477,0.092506,-3.141587,-0.000022,-0.000062
24.928514,-1.639983,-0.364989,-9.744999,-0.069000,-0.126125,0.021375,0.547176,-0.165388,0.092504,-3.141586,-0.000016,-0.000041
24.932512,-1.639986,-0.364995,-9.744999,-0.069000,-0.126125,0.021375,0.547204,-0.165302,0.092503,-3.141586,-0.000010,-0.000018
24.936512,-1.569983,-0.364990,-9.664999,-0.069000,-0.122125,0.020375,0.547230,-0.165215,0.092505,-3.141586,-0.000015,-0.000002
24.940513,-1.569983,-0.364990,-9.664999,-0.069000,-0.122125,0.020375,0.547256,-0.165129,0.092505,-3.141586,-0.000015,0.000008
24.944512,-1.569984,-0.364992,-9.664999,-0.069000,-0.122125,0.020375,0.547284,-0.165043,0.092506,-3.141586,-0.000014,0.000011
24.948510,-1.569987,-0.364997,-9.665000,-0.069000,-0.122125,0.020375,0.547314,-0.164934,0.092504,-3.141586,-0.000008,0.000014
24.952512,-1.569984,-0.364992,-9.664999,-0.069000,-0.122125,0.020375,0.547336,-0.164870,0.092506,-3.141586,-0.000014,0.000010
24.956510,-1.569987,-0.364999,-9.665000,-0.069000,-0.122125,0.020375,0.547361,-0.164784,0.092505,-3.141586,-0.000007,-0.000001
24.960512,-1.569987,-0.364999,-9.665000,-0.069000,-0.122125,0.020375,0.547387,-0.164697,0.092505,-3.141586,-0.000007,-0.000051
24.964512,-1.569987,-0.364999,-9.665000,-0.069000,-0.122125,0.020375,0.547413,-0.164611,0.092505,-3.141586,-0.000007,-0.000062
24.968513,-1.569985,-0.364993,-9.664999,-0.069000,-0.122125,0.020375,0.547448,-0.164505,0.092507,-3.141586,-0.000012,-0.000043
24.972510,-1.569988,-0.365000,-9.665000,-0.069000,-0.122125,0.020375,0.547473,-0.164419,0.092506,-3.141586,-0.000006,-0.000061
24.976512,-1.569985,-0.364994,-9.664999,-0.069000,-0.122125,0.020375,0.547501,-0.164332,0.092508,-3.141586,-0.000011,-0.000078
24.980512,-1.469989,-0.305001,-9.605000,-0.070000,-0.121125,0.019375,0.547526,-0.164246,0.092507,-3.141586,-0.000004,-0.000088
24.984513,-1.469989,-0.305001,-9.605000,-0.070000,-0.121125,0.019375,0.547552,-0.164160,0.092507,-3.141586,-0.000004,-0.000099
24.988512,-1.469989,-0.305001,-9.605000,-0.070000,-0.121125,0.019375,0.547578,-0.164073,0.092507,-3.141586,-0.000004,-0.000103
24.992512,-1.469992,-0.305008,-9.605000,-0.070000,-0.121125,0.019375,0.547603,-0.163987,0.092507,-3.141586,0.000003,-0.000100
24.996512,-1.469989,-0.305003,-9.605000,-0.070000,-0.121125,0.019375,0.547632,-0.163898,0.092509,-3.141586,-0.000003,-0.000086
25.000512,-1.469992,-0.305010,-9.605000,-0.070000,-0.121125,0.019375,0.547657,-0.163811,0.092508,-3.141586,0.000004,-0.000076
25.004517,-1.469992,-0.305010,-9.605000,-0.070000,-0.121125,0.019375,0.547683,-0.163725,0.092508,-3.141586,0.000004,-0.000067
25.008510,-1.469990,-0.305004,-9.605000,-0.070000,-0.121125,0.019375,0.547711,-0.163639,0.092510,-3.141586,-0.000002,-0.000050
25.012512,-1.469987,-0.304998,-9.605000,-0.070000,-0.121125,0.019375,0.547739,-0.163552,0.092511,-3.141586,-0.000007,-0.000047
25.016513,-1.479990,-0.275005,-9.585000,-0.070000,-0.125125,0.019375,0.547765,-0.163466,0.092511,-3.141586,-0.000000,-0.000038
25.020512,-1.479988,-0.275000,-9.585000,-0.070000,-0.125125,0.019375,0.547792,-0.163382,0.092512,-3.141586,-0.000006,-0.000046
25.024511,-1.479991,-0.275007,-9.585000,-0.070000,-0.125125,0.019375,0.547817,-0.163296,0.092512,-3.141586,0.000001,-0.000050
25.028512,-1.479991,-0.275007,-9.585000,-0.070000,-0.125125,0.019375,0.547843,-0.163209,0.092512,-3.141586,0.000001,-0.000047
25.032514,-1.479992,-0.275008,-9.585000,-0.070000,-0.125125,0.019375,0.547869,-0.163125,0.092513,-3.141586,0.000002,-0.000055
25.036513,-1.479989,-0.275001,-9.585000,-0.070000,-0.125125,0.019375,0.547896,-0.163039,0.092513,-3.141586,-0.000004,-0.000059
25.040513,-1.479989,-0.275003,-9.585000,-0.070000,-0.125125,0.019375,0.547922,-0.162957,0.092514,-3.141586,-0.000003,-0.000072
25.044512,-1.479992,-0.275010,-9.585000,-0.070000,-0.125125,0.019375,0.547945,-0.162876,0.092514,-3.141586,0.000004,-0.000078
25.048512,-1.479990,-0.275004,-9.585000,-0.070000,-0.125125,0.019375,0.547972,-0.162794,0.092515,-3.141586,-0.000002,-0.000091
25.052512,-1.479990,-0.275005,-9.585000,-0.070000,-0.125125,0.019375,0.547998,-0.162713,0.092516,-3.141586,-0.000000,-0.000111
25.056512,-1.559990,-0.265005,-9.555000,-0.069000,-0.128125,0.020375,0.548023,-0.162629,0.092516,-3.141586,-0.000000,-0.000119
25.060512,-1.559988,-0.265000,-9.555000,-0.069000,-0.128125,0.020375,0.548049,-0.162548,0.092518,-3.141586,-0.000006,-0.000125
25.064513,-1.559988,-0.265001,-9.555000,-0.069000,-0.128125,0.020375,0.548075,-0.162466,0.092519,-3.141586,-0.000004,-0.000131
25.068512,-1.559992,-0.265008,-9.555000,-0.069000,-0.128125,0.020375,0.548098,-0.162384,0.092518,-3.141586,0.000002,-0.000131
25.072513,-1.559989,-0.265003,-9.555000,-0.069000,-0.128125,0.020375,0.548126,-0.162301,0.092520,-3.141586,-0.000003,-0.000159
25.076513,-1.559990,-0.265004,-9.555000,-0.069000,-0.128125,0.020375,0.548151,-0.162219,0.092521,-3.141586,-0.000002,-0.000145
25.080518,-1.559987,-0.264998,-9.554999,-0.069000,-0.128125,0.020375,0.548184,-0.162115,0.092523,-3.141586,-0.000007,-0.000090
25.084512,-1.559988,-0.265000,-9.555000,-0.069000,-0.128125,0.020375,0.548210,-0.162034,0.092524,-3.141586,-0.000006,-0.000076
25.088513,-1.559988,-0.265000,-9.555000,-0.069000,-0.128125,0.020375,0.548234,-0.161952,0.092524,-3.141586,-0.000006,-0.000062
25.092512,-1.559985,-0.264994,-9.554999,-0.069000,-0.128125,0.020375,0.548261,-0.161868,0.092526,-3.141586,-0.000011,-0.000044
25.096477,-1.609989,-0.275001,-9.505000,-0.069000,-0.125125,0.021375,0.548285,-0.161787,0.092525,-3.141586,-0.000004,-0.000036
25.100512,-1.609983,-0.274990,-9.504999,-0.069000,-0.125125,0.021375,0.548313,-0.161705,0.092528,-3.141586,-0.000015,-0.000036
25.104513,-1.609987,-0.274997,-9.505000,-0.069000,-0.125125,0.021375,0.548337,-0.161621,0.092528,-3.141586,-0.000008,-0.000024
25.108517,-1.609984,-0.274991,-9.504999,-0.069000,-0.125125,0.021375,0.548364,-0.161540,0.092529,-3.141586,-0.000014,-0.000023
25.112511,-1.609982,-0.274986,-9.504999,-0.069000,-0.125125,0.021375,0.548391,-0.161456,0.092531,-3.141586,-0.000019,-0.000032
25.116511,-1.609982,-0.274987,-9.504999,-0.069000,-0.125125,0.021375,0.548416,-0.161374,0.092532,-3.141586,-0.000018,-0.000038
25.120510,-1.609984,-0.274992,-9.504999,-0.069000,-0.125125,0.021375,0.548440,-0.161293,0.092530,-3.141586,-0.000013,-0.000051
25.124518,-1.609985,-0.274993,-9.504999,-0.069000,-0.125125,0.021375,0.548466,-0.161209,0.092531,-3.141586,-0.000012,-0.000052
25.128512,-1.609982,-0.274988,-9.504999,-0.069000,-0.125125,0.021375,0.548493,-0.161127,0.092532,-3.141586,-0.000017,-0.000072
25.132512,-1.639986,-0.314995,-9.424999,-0.069000,-0.124125,0.021375,0.548516,-0.161045,0.092532,-3.141586,-0.000011,-0.000078
25.136512,-1.639983,-0.314989,-9.424999,-0.069000,-0.124125,0.021375,0.548542,-0.160964,0.092533,-3.141586,-0.000016,-0.000091
25.140512,-1.639980,-0.314983,-9.424999,-0.069000,-0.124125,0.021375,0.548569,-0.160880,0.092535,-3.141586,-0.000022,-0.000086
25.144512,-1.639981,-0.314985,-9.424999,-0.069000,-0.124125,0.021375,0.548594,-0.160801,0.092536,-3.141586,-0.000020,-0.000090
25.148512,-1.639981,-0.314985,-9.424999,-0.069000,-0.124125,0.021375,0.548619,-0.160717,0.092536,-3.141586,-0.000020,-0.000118
25.152511,-1.639981,-0.314984,-9.424999,-0.069000,-0.124125,0.021375,0.548645,-0.160635,0.092535,-3.141586,-0.000021,-0.000077
25.156513,-1.639981,-0.314985,-9.424999,-0.069000,-0.124125,0.021375,0.548670,-0.160554,0.092536,-3.141586,-0.000020,-0.000063
25.160488,-1.639979,-0.314981,-9.424998,-0.069000,-0.124125,0.021375,0.548694,-0.160472,0.092539,-3.141586,-0.000024,-0.000056
25.164512,-1.639976,-0.314975,-9.424998,-0.069000,-0.124125,0.021375,0.548720,-0.160390,0.092540,-3.141587,-0.000030,-0.000042
25.168513,-1.639976,-0.314974,-9.424998,-0.069000,-0.124125,0.021375,0.548746,-0.160309,0.092540,-3.141587,-0.000031,-0.000034
25.172514,-1.639979,-0.314981,-9.424998,-0.069000,-0.124125,0.021375,0.548769,-0.160227,0.092539,-3.141586,-0.000024,-0.000020
25.176513,-1.489977,-0.324976,-9.274999,-0.068000,-0.118125,0.020375,0.548796,-0.160146,0.092541,-3.141587,-0.000029,-0.000013
25.180512,-1.489979,-0.324982,-9.274999,-0.068000,-0.118125,0.020375,0.548821,-0.160064,0.092539,-3.141586,-0.000023,-0.000005
25.184517,-1.489977,-0.324976,-9.274999,-0.068000,-0.118125,0.020375,0.548847,-0.159982,0.092541,-3.141586,-0.000029,-0.000005
25.188513,-1.489972,-0.324966,-9.274998,-0.068000,-0.118125,0.020375,0.548873,-0.159901,0.092545,-3.141587,-0.000039,0.000003
25.192513,-1.489977,-0.324977,-9.274999,-0.068000,-0.118125,0.020375,0.548897,-0.159817,0.092542,-3.141586,-0.000027,0.000001
25.196513,-1.489975,-0.324972,-9.274998,-0.068000,-0.118125,0.020375,0.548922,-0.159737,0.092544,-3.141587,-0.000033,-0.000003
25.200512,-1.489975,-0.324973,-9.274998,-0.068000,-0.118125,0.020375,0.548947,-0.159656,0.092545,-3.141587,-0.000031,-0.000043
25.204513,-1.489973,-0.324968,-9.274998,-0.068000,-0.118125,0.020375,0.548973,-0.159574,0.092546,-3.141587,-0.000037,-0.000049
25.208512,-1.489970,-0.324962,-9.274998,-0.068000,-0.118125,0.020375,0.548999,-0.159493,0.092548,-3.141587,-0.000042,-0.000062
25.212517,-1.399971,-0.284964,-9.154998,-0.067000,-0.116125,0.020375,0.549031,-0.159389,0.092549,-3.141587,-0.000041,-0.000027
25.216510,-1.399971,-0.284964,-9.154998,-0.067000,-0.116125,0.020375,0.549055,-0.159307,0.092549,-3.141587,-0.000041,-0.000033
25.220510,-1.399970,-0.284963,-9.154998,-0.067000,-0.116125,0.020375,0.549081,-0.159225,0.092548,-3.141587,-0.000042,-0.000040
25.224513,-1.399973,-0.284969,-9.154998,-0.067000,-0.116125,0.020375,0.549106,-0.159144,0.092547,-3.141587,-0.000036,-0.000039
25.228512,-1.399971,-0.284963,-9.154998,-0.067000,-0.116125,0.020375,0.549132,-0.159060,0.092548,-3.141587,-0.000041,-0.000034
25.232512,-1.399968,-0.284958,-9.154997,-0.067000,-0.116125,0.020375,0.549158,-0.158978,0.092550,-3.141587,-0.000047,-0.000033
25.236513,-1.399968,-0.284957,-9.154997,-0.067000,-0.116125,0.020375,0.549185,-0.158891,0.092549,-3.141587,-0.000048,-0.000024
25.240528,-1.399968,-0.284958,-9.154997,-0.067000,-0.116125,0.020375,0.549211,-0.158807,0.092550,-3.141587,-0.000046,-0.000032
25.244512,-1.399968,-0.284958,-9.154997,-0.067000,-0.116125,0.020375,0.549236,-0.158721,0.092550,-3.141587,-0.000046,-0.000029
25.248510,-1.399969,-0.284960,-9.154997,-0.067000,-0.116125,0.020375,0.549264,-0.158632,0.092551,-3.141587,-0.000045,-0.000028
25.252478,-1.399966,-0.284954,-9.154997,-0.067000,-0.116125,0.020375,0.549291,-0.158545,0.092553,-3.141587,-0.000050,-0.000032
25.256512,-1.379966,-0.244953,-8.964998,-0.066000,-0.116125,0.019375,0.549319,-0.158456,0.092552,-3.141587,-0.000051,-0.000025
25.260512,-1.379969,-0.244959,-8.964998,-0.066000,-0.116125,0.019375,0.549345,-0.158369,0.092551,-3.141587,-0.000045,-0.000022
25.264512,-1.379969,-0.244959,-8.964998,-0.066000,-0.116125,0.019375,0.549370,-0.158282,0.092551,-3.141587,-0.000045,-0.000026
25.268512,-1.379969,-0.244959,-8.964998,-0.066000,-0.116125,0.019375,0.549370,-0.158282,0.092551,-3.141587,-0.000045,-0.000026
25.272481,-1.379966,-0.244953,-8.964998,-0.066000,-0.116125,0.019375,0.549424,-0.158109,0.092552,-3.141587,-0.000052,-0.000074
25.276478,-1.379968,-0.244959,-8.964998,-0.066000,-0.116125,0.019375,0.549450,-0.158023,0.092550,-3.141587,-0.000046,-0.000037
25.280517,-1.379966,-0.244953,-8.964998,-0.066000,-0.116125,0.019375,0.549478,-0.157936,0.092552,-3.141587,-0.000051,-0.000041
25.284479,-1.379965,-0.244952,-8.964997,-0.066000,-0.116125,0.019375,0.549505,-0.157847,0.092551,-3.141587,-0.000052,-0.000040
25.288481,-1.379965,-0.244952,-8.964997,-0.066000,-0.116125,0.019375,0.549530,-0.157760,0.092551,-3.141587,-0.000052,-0.000044
25.292484,-1.439968,-0.244958,-8.884997,-0.065000,-0.117125,0.020375,0.549556,-0.157673,0.092550,-3.141587,-0.000046,-0.000048
25.296479,-1.439965,-0.244953,-8.884997,-0.065000,-0.117125,0.020375,0.549583,-0.157587,0.092551,-3.141587,-0.000052,-0.000045
25.300517,-1.439965,-0.244953,-8.884997,-0.065000,-0.117125,0.020375,0.549583,-0.157587,0.092551,-3.141587,-0.000052,-0.000045
25.304513,-1.439965,-0.244952,-8.884997,-0.065000,-0.117125,0.020375,0.549610,-0.157500,0.092550,-3.141587,-0.000053,-0.000089
25.308484,-1.439965,-0.244952,-8.884997,-0.065000,-0.117125,0.020375,0.549664,-0.157327,0.092551,-3.141587,-0.000052,-0.000084
25.312490,-1.439965,-0.244951,-8.884997,-0.065000,-0.117125,0.020375,0.549697,-0.157218,0.092550,-3.141587,-0.000053,-0.000047
25.316518,-1.439965,-0.244951,-8.884997,-0.065000,-0.117125,0.020375,0.549697,-0.157218,0.092550,-3.141587,-0.000053,-0.000047
25.320510,-1.439968,-0.244957,-8.884997,-0.065000,-0.117125,0.020375,0.549722,-0.157133,0.092548,-3.141587,-0.000047,-0.000055
25.324517,-1.439965,-0.244952,-8.884997,-0.065000,-0.117125,0.020375,0.549749,-0.157047,0.092550,-3.141587,-0.000053,-0.000059
25.328515,-1.439965,-0.244951,-8.884997,-0.065000,-0.117125,0.020375,0.549776,-0.156960,0.092549,-3.141587,-0.000054,-0.000070
25.332513,-1.439967,-0.244957,-8.884997,-0.065000,-0.117125,0.020375,0.549802,-0.156873,0.092548,-3.141587,-0.000048,-0.000074
25.336515,-1.439970,-0.244961,-8.884998,-0.065000,-0.117125,0.020375,0.549827,-0.156784,0.092545,-3.141587,-0.000043,-0.000066
25.340520,-1.469966,-0.284955,-8.994997,-0.065000,-0.117125,0.020375,0.549856,-0.156697,0.092546,-3.141587,-0.000049,-0.000070
25.344514,-1.469966,-0.284955,-8.994997,-0.065000,-0.117125,0.020375,0.549881,-0.156611,0.092546,-3.141587,-0.000049,-0.000074
25.348516,-1.469969,-0.284961,-8.994998,-0.065000,-0.117125,0.020375,0.549907,-0.156524,0.092545,-3.141587,-0.000044,-0.000078
25.352514,-1.469966,-0.284955,-8.994997,-0.065000,-0.117125,0.020375,0.549936,-0.156437,0.092546,-3.141587,-0.000050,-0.000082
25.356512,-1.469966,-0.284954,-8.994997,-0.065000,-0.117125,0.020375,0.549963,-0.156348,0.092545,-3.141587,-0.000051,-0.000088
25.360513,-1.469965,-0.284953,-8.994997,-0.065000,-0.117125,0.020375,0.549990,-0.156261,0.092544,-3.141587,-0.000052,-0.000085
25.364515,-1.469968,-0.284959,-8.994998,-0.065000,-0.117125,0.020375,0.550016,-0.156175,0.092543,-3.141587,-0.000046,-0.000089
25.368513,-1.469968,-0.284958,-8.994998,-0.065000,-0.117125,0.020375,0.550042,-0.156088,0.092542,-3.141587,-0.000047,-0.000086
25.372512,-1.469971,-0.284964,-8.994998,-0.065000,-0.117125,0.020375,0.550068,-0.156001,0.092540,-3.141586,-0.000041,-0.000083
25.376490,-1.469970,-0.284963,-8.994998,-0.065000,-0.117125,0.020375,0.550095,-0.155914,0.092540,-3.141586,-0.000042,-0.000073
25.380517,-1.509970,-0.354962,-9.264998,-0.066000,-0.119125,0.021375,0.550121,-0.155827,0.092539,-3.141586,-0.000043,-0.000070
25.384512,-1.509973,-0.354968,-9.264998,-0.066000,-0.119125,0.021375,0.550148,-0.155738,0.092537,-3.141586,-0.000037,-0.000063
25.388517,-1.509972,-0.354967,-9.264998,-0.066000,-0.119125,0.021375,0.550174,-0.155654,0.092536,-3.141586,-0.000038,-0.000071
25.392517,-1.509972,-0.354966,-9.264998,-0.066000,-0.119125,0.021375,0.550200,-0.155567,0.092536,-3.141586,-0.000039,-0.000075
25.396512,-1.509971,-0.354965,-9.264998,-0.066000,-0.119125,0.021375,0.550228,-0.155478,0.092535,-3.141586,-0.000040,-0.000074
25.400517,-1.509974,-0.354971,-9.264998,-0.066000,-0.119125,0.021375,0.550253,-0.155391,0.092533,-3.141586,-0.000034,-0.000085
25.404503,-1.509974,-0.354970,-9.264998,-0.066000,-0.119125,0.021375,0.550280,-0.155304,0.092533,-3.141586,-0.000035,-0.000095
25.408513,-1.509973,-0.354969,-9.264998,-0.066000,-0.119125,0.021375,0.550306,-0.155218,0.092532,-3.141586,-0.000035,-0.000099
25.412512,-1.509973,-0.354968,-9.264998,-0.066000,-0.119125,0.021375,0.550334,-0.155128,0.092531,-3.141586,-0.000036,-0.000099
25.416486,-1.499973,-0.374969,-9.384998,-0.067000,-0.119125,0.021375,0.550362,-0.155041,0.092531,-3.141586,-0.000036,-0.000103
25.420520,-1.479972,-0.374968,-9.594998,-0.069000,-0.120125,0.021375,0.550388,-0.154955,0.092530,-3.141586,-0.000037,-0.000100
25.424523,-1.479975,-0.374974,-9.594998,-0.069000,-0.120125,0.021375,0.550414,-0.154868,0.092529,-3.141586,-0.000031,-0.000103
25.428518,-1.479975,-0.374973,-9.594998,-0.069000,-0.120125,0.021375,0.550440,-0.154781,0.092528,-3.141586,-0.000032,-0.000101
25.432513,-1.479974,-0.374972,-9.594998,-0.069000,-0.120125,0.021375,0.550467,-0.154694,0.092527,-3.141586,-0.000033,-0.000131
25.436513,-1.479975,-0.374973,-9.594998,-0.069000,-0.120125,0.021375,0.550494,-0.154610,0.092528,-3.141586,-0.000032,-0.000093
25.440512,-1.479974,-0.374972,-9.594998,-0.069000,-0.120125,0.021375,0.550520,-0.154525,0.092527,-3.141586,-0.000033,-0.000081
25.444513,-1.479977,-0.374978,-9.594998,-0.069000,-0.120125,0.021375,0.550544,-0.154444,0.092525,-3.141586,-0.000027,-0.000073
25.448513,-1.479977,-0.374977,-9.594998,-0.069000,-0.120125,0.021375,0.550569,-0.154362,0.092525,-3.141586,-0.000028,-0.000093
25.452511,-1.479977,-0.374977,-9.594998,-0.069000,-0.120125,0.021375,0.550596,-0.154277,0.092525,-3.141586,-0.000028,-0.000081
25.456511,-1.549979,-0.384981,-10.044999,-0.071000,-0.128125,0.022375,0.550626,-0.154176,0.092521,-3.141586,-0.000024,-0.000038
25.460512,-1.549978,-0.384980,-10.044999,-0.071000,-0.128125,0.022375,0.550651,-0.154094,0.092521,-3.141586,-0.000025,-0.000030
25.464513,-1.549978,-0.384980,-10.044999,-0.071000,-0.128125,0.022375,0.550678,-0.154012,0.092521,-3.141586,-0.000025,-0.000030
25.468512,-1.549978,-0.384980,-10.044999,-0.071000,-0.128125,0.022375,0.550678,-0.154012,0.092521,-3.141586,-0.000025,-0.000030
25.472513,-1.549989,-0.384982,-10.044999,-0.071000,-0.128125,0.022375,0.550727,-0.153846,0.092519,3.141592,-0.000020,-0.000037
25.476513,-1.549989,-0.384981,-10.044999,-0.071000,-0.128125,0.022375,0.550752,-0.153764,0.092518,3.141592,-0.000021,-0.000050
25.480513,-1.549985,-0.384975,-10.044999,-0.071000,-0.128125,0.022375,0.550779,-0.153682,0.092519,3.141592,-0.000027,-0.000056
25.484513,-1.549988,-0.384981,-10.044999,-0.071000,-0.128125,0.022375,0.550804,-0.153601,0.092517,3.141592,-0.000021,-0.000063
25.488512,-1.549988,-0.384980,-10.044999,-0.071000,-0.128125,0.022375,0.550828,-0.153519,0.092516,3.141592,-0.000022,-0.000075
25.492482,-1.549988,-0.384980,-10.044999,-0.071000,-0.128125,0.022375,0.550855,-0.153434,0.092517,3.141592,-0.000021,-0.000077
25.496480,-1.559985,-0.414975,-10.434999,-0.072000,-0.134125,0.024375,0.550881,-0.153352,0.092518,3.141592,-0.000027,-0.000083
25.500512,-1.559988,-0.414980,-10.434999,-0.072000,-0.134125,0.024375,0.550907,-0.153270,0.092516,3.141592,-0.000022,-0.000089
25.504513,-1.559985,-0.414974,-10.434999,-0.072000,-0.134125,0.024375,0.550932,-0.153186,0.092518,3.141592,-0.000027,-0.000084
25.508516,-1.559988,-0.414980,-10.434999,-0.072000,-0.134125,0.024375,0.550957,-0.153102,0.092516,3.141593,-0.000021,-0.000079
25.512513,-1.559988,-0.414981,-10.434999,-0.072000,-0.134125,0.024375,0.550984,-0.153020,0.092517,3.141593,-0.000021,-0.000072
25.516512,-1.559988,-0.414980,-10.434999,-0.072000,-0.134125,0.024375,0.551008,-0.152938,0.092516,3.141593,-0.000022,-0.000058
25.520513,-1.559988,-0.414980,-10.434999,-0.072000,-0.134125,0.024375,0.551035,-0.152853,0.092516,3.141593,-0.000021,-0.000039
25.524517,-1.559988,-0.414979,-10.434999,-0.072000,-0.134125,0.024375,0.551060,-0.152771,0.092515,3.141593,-0.000022,-0.000025
25.528516,-1.559990,-0.414985,-10.434999,-0.072000,-0.134125,0.024375,0.551084,-0.152689,0.092514,3.141593,-0.000017,-0.000011
25.532511,-1.639987,-0.384979,-10.644999,-0.074000,-0.136125,0.024375,0.551111,-0.152607,0.092515,3.141593,-0.000023,-0.000004
25.536513,-1.639990,-0.384985,-10.644999,-0.074000,-0.136125,0.024375,0.551135,-0.152525,0.092513,3.141593,-0.000017,0.000011
25.540516,-1.679987,-0.384979,-10.694999,-0.075000,-0.137125,0.024375,0.551162,-0.152443,0.092514,3.141593,-0.000023,0.000018
25.544513,-1.679990,-0.384984,-10.694999,-0.075000,-0.137125,0.024375,0.551191,-0.152342,0.092513,3.141593,-0.000017,0.000021
25.548512,-1.679990,-0.384984,-10.694999,-0.075000,-0.137125,0.024375,0.551210,-0.152282,0.092512,3.141593,-0.000018,0.000015
25.552512,-1.679990,-0.384984,-10.694999,-0.075000,-0.137125,0.024375,0.551242,-0.152180,0.092512,3.141593,-0.000018,0.000011
25.556512,-1.679991,-0.384985,-10.694999,-0.075000,-0.137125,0.024375,0.551260,-0.152118,0.092513,3.141593,-0.000017,0.000009
25.560512,-1.679991,-0.384986,-10.694999,-0.075000,-0.137125,0.024375,0.551286,-0.152039,0.092513,3.141593,-0.000016,-0.000049
25.564512,-1.679990,-0.384985,-10.694999,-0.075000,-0.137125,0.024375,0.551311,-0.151954,0.092512,3.141593,-0.000017,-0.000057
25.568510,-1.679993,-0.384991,-10.694999,-0.075000,-0.137125,0.024375,0.551340,-0.151855,0.092511,3.141593,-0.000011,-0.000038
25.572512,-1.679993,-0.384991,-10.694999,-0.075000,-0.137125,0.024375,0.551367,-0.151770,0.092511,3.141593,-0.000011,-0.000040
25.576490,-1.679993,-0.384990,-10.694999,-0.075000,-0.137125,0.024375,0.551391,-0.151688,0.092510,3.141593,-0.000012,-0.000053
25.580512,-1.819993,-0.374991,-10.914999,-0.077000,-0.145125,0.026375,0.551417,-0.151609,0.092511,3.141593,-0.000011,-0.000070
25.584513,-1.819996,-0.374997,-10.915000,-0.077000,-0.145125,0.026375,0.551441,-0.151527,0.092509,3.141593,-0.000005,-0.000076
25.588512,-1.819993,-0.374991,-10.914999,-0.077000,-0.145125,0.026375,0.551466,-0.151445,0.092511,3.141593,-0.000011,-0.000076
25.592512,-1.819994,-0.374992,-10.914999,-0.077000,-0.145125,0.026375,0.551492,-0.151363,0.092511,3.141593,-0.000010,-0.000062
25.596512,-1.819996,-0.374998,-10.915000,-0.077000,-0.145125,0.026375,0.551516,-0.151281,0.092510,3.141593,-0.000004,-0.000041
25.600512,-1.819993,-0.374991,-10.914999,-0.077000,-0.145125,0.026375,0.551542,-0.151201,0.092510,3.141593,-0.000011,-0.000031
25.604513,-1.819994,-0.374993,-10.915000,-0.077000,-0.145125,0.026375,0.551566,-0.151116,0.092511,3.141593,-0.000009,-0.000013
25.608512,-1.819991,-0.374986,-10.914999,-0.077000,-0.145125,0.026375,0.551592,-0.151037,0.092512,3.141593,-0.000016,0.000004
25.612512,-1.859997,-0.384999,-11.075000,-0.079000,-0.145125,0.026375,0.551616,-0.150955,0.092510,3.141593,-0.000003,0.000011
25.616513,-1.859994,-0.384993,-11.074999,-0.079000,-0.145125,0.026375,0.551642,-0.150873,0.092511,3.141593,-0.000009,0.000018
25.620518,-1.849995,-0.384994,-11.085000,-0.079000,-0.145125,0.026375,0.551666,-0.150793,0.092512,3.141593,-0.000008,0.000021
25.624511,-1.849995,-0.384994,-11.085000,-0.079000,-0.145125,0.026375,0.551692,-0.150711,0.092512,3.141593,-0.000008,0.000022
25.628516,-1.849998,-0.385000,-11.085000,-0.079000,-0.145125,0.026375,0.551715,-0.150629,0.092511,3.141593,-0.000002,0.000016
25.632517,-1.849995,-0.384994,-11.085000,-0.079000,-0.145125,0.026375,0.551742,-0.150547,0.092512,3.141593,-0.000008,0.000010
25.636517,-1.849995,-0.384994,-11.085000,-0.079000,-0.145125,0.026375,0.551769,-0.150463,0.092512,3.141593,-0.000008,0.000001
25.640512,-1.849993,-0.384990,-11.084999,-0.079000,-0.145125,0.026375,0.551796,-0.150378,0.092515,3.141593,-0.000012,-0.000021
25.644512,-1.849996,-0.384996,-11.085000,-0.079000,-0.145125,0.026375,0.551821,-0.150291,0.092513,3.141593,-0.000006,-0.000031
25.648512,-1.849999,-0.385002,-11.085000,-0.079000,-0.145125,0.026375,0.551846,-0.150204,0.092512,-3.141593,-0.000000,-0.000048
25.652512,-1.849996,-0.384996,-11.085000,-0.079000,-0.145125,0.026375,0.551874,-0.150117,0.092513,3.141593,-0.000006,-0.000059
25.656512,-1.759996,-0.484996,-11.295000,-0.077000,-0.144125,0.027375,0.551900,-0.150032,0.092513,3.141593,-0.000006,-0.000081
25.660512,-1.759994,-0.484992,-11.295000,-0.077000,-0.144125,0.027375,0.551928,-0.149945,0.092516,3.141593,-0.000010,-0.000091
25.664510,-1.759994,-0.484992,-11.295000,-0.077000,-0.144125,0.027375,0.551955,-0.149858,0.092516,3.141593,-0.000010,-0.000088
25.668512,-1.759997,-0.484998,-11.295000,-0.077000,-0.144125,0.027375,0.551979,-0.149774,0.092514,3.141593,-0.000004,-0.000090
25.672512,-1.759994,-0.484992,-11.295000,-0.077000,-0.144125,0.027375,0.552007,-0.149686,0.092515,3.141593,-0.000010,-0.000080
25.676483,-1.759997,-0.484998,-11.295000,-0.077000,-0.144125,0.027375,0.552032,-0.149599,0.092514,3.141593,-0.000004,-0.000071
25.680512,-1.759998,-0.485001,-11.295000,-0.077000,-0.144125,0.027375,0.552058,-0.149515,0.092516,3.141593,-0.000001,-0.000093
25.684526,-1.759998,-0.485001,-11.295000,-0.077000,-0.144125,0.027375,0.552091,-0.149408,0.092516,3.141593,-0.000001,-0.000047
25.688518,-1.759998,-0.485002,-11.295000,-0.077000,-0.144125,0.027375,0.552112,-0.149343,0.092516,-3.141593,-0.000001,-0.000071
25.692512,-1.699999,-0.445002,-11.315000,-0.078000,-0.143125,0.025375,0.552139,-0.149258,0.092517,-3.141593,-0.000000,-0.000073
25.696514,-1.699997,-0.424998,-11.315000,-0.078000,-0.144125,0.025375,0.552172,-0.149149,0.092519,-3.141593,-0.000004,-0.000023
25.700514,-1.700000,-0.425004,-11.315000,-0.078000,-0.144125,0.025375,0.552196,-0.149064,0.092518,3.141593,0.000002,-0.000031
25.704517,-1.699996,-0.424997,-11.315000,-0.078000,-0.144125,0.025375,0.552223,-0.148980,0.092519,-3.141593,-0.000005,-0.000039
25.708512,-1.699994,-0.424993,-11.315000,-0.078000,-0.144125,0.025375,0.552251,-0.148893,0.092521,-3.141593,-0.000009,-0.000043
25.712512,-1.699995,-0.424994,-11.315000,-0.078000,-0.144125,0.025375,0.552277,-0.148808,0.092522,-3.141593,-0.000008,-0.000051
25.716512,-1.699995,-0.424994,-11.315000,-0.078000,-0.144125,0.025375,0.552304,-0.148723,0.092522,-3.141593,-0.000008,-0.000060
25.720513,-1.699995,-0.424995,-11.315000,-0.078000,-0.144125,0.025375,0.552331,-0.148636,0.092522,-3.141593,-0.000007,-0.000070
25.724516,-1.699996,-0.424996,-11.315000,-0.078000,-0.144125,0.025375,0.552355,-0.148551,0.092523,-3.141593,-0.000006,-0.000079
25.728479,-1.699996,-0.424996,-11.315000,-0.078000,-0.144125,0.025375,0.552381,-0.148467,0.092523,-3.141593,-0.000006,-0.000094
25.732513,-1.699996,-0.424997,-11.315000,-0.078000,-0.144125,0.025375,0.552408,-0.148380,0.092524,-3.141593,-0.000005,-0.000104
25.736512,-1.790000,-0.345004,-11.275000,-0.080000,-0.148125,0.024375,0.552435,-0.148292,0.092523,3.141593,0.000002,-0.000115
25.740510,-1.789998,-0.345000,-11.275000,-0.080000,-0.148125,0.024375,0.552462,-0.148205,0.092526,-3.141593,-0.000002,-0.000119
25.744489,-1.789998,-0.345000,-11.275000,-0.080000,-0.148125,0.024375,0.552489,-0.148118,0.092526,-3.141593,-0.000002,-0.000116
25.748513,-1.789998,-0.345001,-11.275000,-0.080000,-0.148125,0.024375,0.552516,-0.148031,0.092526,-3.141593,-0.000001,-0.000100
25.752519,-1.789998,-0.345001,-11.275000,-0.080000,-0.148125,0.024375,0.552516,-0.148031,0.092526,-3.141593,-0.000001,-0.000100
25.756509,-1.789996,-0.344997,-11.275000,-0.080000,-0.148125,0.024375,0.552543,-0.147944,0.092529,-3.141593,-0.000005,-0.000090
25.760513,-1.789996,-0.344998,-11.275000,-0.080000,-0.148125,0.024375,0.552597,-0.147769,0.092530,-3.141593,-0.000004,-0.000071
25.764512,-1.789997,-0.344998,-11.275000,-0.080000,-0.148125,0.024375,0.552624,-0.147682,0.092530,-3.141593,-0.000004,-0.000061
25.768512,-1.789998,-0.345001,-11.275000,-0.080000,-0.148125,0.024375,0.552651,-0.147595,0.092532,-3.141593,-0.000001,-0.000058
25.772513,-1.859998,-0.325001,-11.195000,-0.081000,-0.148125,0.024375,0.552678,-0.147508,0.092532,-3.141593,-0.000001,-0.000049
25.776476,-1.859995,-0.324995,-11.185000,-0.080000,-0.148125,0.025375,0.552705,-0.147421,0.092533,-3.141593,-0.000007,-0.000046
25.780475,-1.859995,-0.324995,-11.185000,-0.080000,-0.148125,0.025375,0.552732,-0.147333,0.092533,-3.141593,-0.000007,-0.000043
25.784516,-1.859995,-0.324995,-11.185000,-0.080000,-0.148125,0.025375,0.552732,-0.147333,0.092533,-3.141593,-0.000007,-0.000043
25.788512,-1.859997,-0.324998,-11.185000,-0.080000,-0.148125,0.025375,0.552758,-0.147246,0.092535,-3.141593,-0.000004,-0.000047
25.792477,-1.859997,-0.324999,-11.185000,-0.080000,-0.148125,0.025375,0.552812,-0.147072,0.092536,-3.141593,-0.000003,-0.000061
25.796519,-1.859995,-0.324995,-11.185000,-0.080000,-0.148125,0.025375,0.552839,-0.146985,0.092538,-3.141593,-0.000007,-0.000072
25.800485,-1.859995,-0.324995,-11.185000,-0.080000,-0.148125,0.025375,0.552866,-0.146897,0.092539,-3.141593,-0.000007,-0.000082
25.804487,-1.859996,-0.324996,-11.185000,-0.080000,-0.148125,0.025375,0.552893,-0.146810,0.092539,-3.141593,-0.000006,-0.000093
25.808509,-1.859996,-0.324996,-11.185000,-0.080000,-0.148125,0.025375,0.552893,-0.146810,0.092539,-3.141593,-0.000006,-0.000093
25.812485,-1.860000,-0.325003,-11.185000,-0.080000,-0.148125,0.025375,0.552946,-0.146636,0.092539,3.141593,0.000001,-0.000094
25.816485,-1.819997,-0.424999,-11.085000,-0.076000,-0.144125,0.024375,0.552973,-0.146548,0.092541,-3.141593,-0.000003,-0.000091
25.820485,-1.819995,-0.424994,-11.085000,-0.076000,-0.144125,0.024375,0.553007,-0.146441,0.092543,-3.141593,-0.000008,-0.000085
25.824486,-1.819998,-0.425002,-11.085000,-0.076000,-0.144125,0.024375,0.553028,-0.146374,0.092543,-3.141593,-0.000001,-0.000119
25.828490,-1.819998,-0.425002,-11.085000,-0.076000,-0.144125,0.024375,0.553028,-0.146374,0.092543,-3.141593,-0.000001,-0.000119
25.832487,-1.819999,-0.425002,-11.085000,-0.076000,-0.144125,0.024375,0.553060,-0.146267,0.092543,-3.141593,-0.000000,-0.000073
25.836460,-1.819995,-0.424996,-11.085000,-0.076000,-0.144125,0.024375,0.553112,-0.146097,0.092546,-3.141593,-0.000004,-0.000056
25.840527,-1.819997,-0.424998,-11.085000,-0.076000,-0.144125,0.024375,0.553112,-0.146097,0.092546,-3.141593,-0.000004,-0.000056
25.844467,-1.819997,-0.424999,-11.085000,-0.076000,-0.144125,0.024375,0.553138,-0.146012,0.092546,-3.141593,-0.000003,-0.000051
25.848512,-1.819997,-0.424999,-11.085000,-0.076000,-0.144125,0.024375,0.553163,-0.145930,0.092546,-3.141593,-0.000003,-0.000044
25.852469,-1.819995,-0.424995,-11.085000,-0.076000,-0.144125,0.024375,0.553190,-0.145845,0.092549,-3.141593,-0.000007,-0.000038
25.856514,-1.739995,-0.364996,-10.895000,-0.079000,-0.140125,0.023375,0.553215,-0.145760,0.092549,-3.141593,-0.000006,-0.000027
25.860477,-1.740002,-0.365008,-10.895000,-0.079000,-0.140125,0.023375,0.553238,-0.145678,0.092547,3.141593,0.000006,-0.000026
25.864548,-1.740000,-0.365004,-10.895000,-0.079000,-0.140125,0.023375,0.553263,-0.145596,0.092550,3.141593,0.000002,-0.000032
25.868540,-1.739997,-0.364999,-10.895000,-0.079000,-0.140125,0.023375,0.553292,-0.145511,0.092552,-3.141593,-0.000003,-0.000027
25.872551,-1.740000,-0.365005,-10.895000,-0.079000,-0.140125,0.023375,0.553315,-0.145429,0.092550,3.141593,0.000003,-0.000033
25.876543,-1.739998,-0.365001,-10.895000,-0.079000,-0.140125,0.023375,0.553341,-0.145344,0.092553,-3.141593,-0.000001,-0.000035
25.880537,-1.740002,-0.365008,-10.895000,-0.079000,-0.140125,0.023375,0.553365,-0.145261,0.092553,3.141593,0.000006,-0.000048
25.884533,-1.740002,-0.365009,-10.895000,-0.079000,-0.140125,0.023375,0.553391,-0.145177,0.092553,3.141593,0.000006,-0.000049
25.888525,-1.740000,-0.365005,-10.895000,-0.079000,-0.140125,0.023375,0.553417,-0.145094,0.092556,3.141593,0.000002,-0.000055
25.892520,-1.740000,-0.365005,-10.895000,-0.079000,-0.140125,0.023375,0.553443,-0.145009,0.092556,3.141593,0.000003,-0.000057
25.896480,-1.740001,-0.365007,-10.895000,-0.079000,-0.140125,0.023375,0.553469,-0.144927,0.092557,3.141593,0.000005,-0.000056
25.900516,-1.679998,-0.355001,-10.745000,-0.077000,-0.139125,0.022375,0.553494,-0.144842,0.092559,-3.141593,-0.000001,-0.000051
25.904502,-1.679999,-0.355002,-10.745000,-0.077000,-0.139125,0.022375,0.553520,-0.144757,0.092559,-3.141593,-0.000000,-0.000053
25.908508,-1.679999,-0.355002,-10.745000,-0.077000,-0.139125,0.022375,0.553545,-0.144675,0.092559,3.141593,0.000000,-0.000052
25.912514,-1.679997,-0.354999,-10.745000,-0.077000,-0.139125,0.022375,0.553578,-0.144570,0.092563,-3.141593,-0.000003,-0.000045
25.916514,-1.679998,-0.355000,-10.745000,-0.077000,-0.139125,0.022375,0.553603,-0.144485,0.092563,-3.141593,-0.000002,-0.000046
25.920512,-1.680001,-0.355007,-10.745000,-0.077000,-0.139125,0.022375,0.553629,-0.144400,0.092563,3.141593,0.000005,-0.000041
25.924516,-1.679999,-0.355002,-10.745000,-0.077000,-0.139125,0.022375,0.553656,-0.144318,0.092565,-3.141593,0.000000,-0.000041
25.928512,-1.679997,-0.354998,-10.745000,-0.077000,-0.139125,0.022375,0.553682,-0.144233,0.092568,-3.141593,-0.000004,-0.000035
25.932521,-1.680000,-0.355005,-10.745000,-0.077000,-0.139125,0.022375,0.553706,-0.144151,0.092567,3.141593,0.000003,-0.000035
25.936485,-1.680001,-0.355006,-10.745000,-0.077000,-0.139125,0.022375,0.553731,-0.144068,0.092567,3.141593,0.000004,-0.000034
25.940537,-1.640001,-0.295006,-10.495000,-0.076000,-0.138125,0.022375,0.553756,-0.143986,0.092568,3.141593,0.000004,-0.000034
25.944522,-1.639999,-0.295002,-10.495000,-0.076000,-0.138125,0.022375,0.553782,-0.143903,0.092570,-3.141593,-0.000000,-0.000033
25.948518,-1.639999,-0.295003,-10.495000,-0.076000,-0.138125,0.022375,0.553806,-0.143824,0.092570,3.141593,0.000000,-0.000044
25.952512,-1.640003,-0.295010,-10.495000,-0.076000,-0.138125,0.022375,0.553830,-0.143741,0.092570,3.141593,0.000008,-0.000043
25.956515,-1.640003,-0.295010,-10.495000,-0.076000,-0.138125,0.022375,0.553855,-0.143661,0.092570,3.141593,0.000008,-0.000054
25.960512,-1.640001,-0.295006,-10.495000,-0.076000,-0.138125,0.022375,0.553881,-0.143576,0.092573,3.141593,0.000004,-0.000055
25.964513,-1.639998,-0.295001,-10.495000,-0.076000,-0.138125,0.022375,0.553907,-0.143496,0.092575,-3.141593,-0.000001,-0.000059
25.968512,-1.640002,-0.295008,-10.495000,-0.076000,-0.138125,0.022375,0.553932,-0.143414,0.092574,3.141593,0.000006,-0.000058
25.972512,-1.640002,-0.295009,-10.495000,-0.076000,-0.138125,0.022375,0.553956,-0.143331,0.092575,3.141593,0.000007,-0.000058
25.976468,-1.589997,-0.324999,-10.385000,-0.074000,-0.135125,0.021375,0.553983,-0.143251,0.092579,-3.141593,-0.000003,-0.000062
25.980515,-1.569997,-0.325000,-10.295000,-0.071000,-0.133125,0.021375,0.554008,-0.143169,0.092579,-3.141593,-0.000002,-0.000054
25.984508,-1.570001,-0.325007,-10.295000,-0.071000,-0.133125,0.021375,0.554032,-0.143087,0.092579,3.141593,0.000005,-0.000054
25.988513,-1.570001,-0.325007,-10.295000,-0.071000,-0.133125,0.021375,0.554057,-0.143007,0.092579,3.141593,0.000005,-0.000058
25.992514,-1.569999,-0.325003,-10.295000,-0.071000,-0.133125,0.021375,0.554082,-0.142924,0.092582,3.141593,0.000001,-0.000057
25.996512,-1.570000,-0.325005,-10.295000,-0.071000,-0.133125,0.021375,0.554108,-0.142842,0.092583,3.141593,0.000003,-0.000056
26.000512,-1.570000,-0.325006,-10.295000,-0.071000,-0.133125,0.021375,0.554133,-0.142759,0.092583,3.141593,0.000003,-0.000063
26.004511,-1.570001,-0.325006,-10.295000,-0.071000,-0.133125,0.021375,0.554157,-0.142679,0.092584,3.141593,0.000004,-0.000073
26.008512,-1.570002,-0.325008,-10.295000,-0.071000,-0.133125,0.021375,0.554184,-0.142597,0.092585,3.141593,0.000006,-0.000073
26.012512,-1.569999,-0.325004,-10.295000,-0.071000,-0.133125,0.021375,0.554209,-0.142514,0.092588,3.141593,0.000001,-0.000072
26.016513,-1.570000,-0.325004,-10.295000,-0.071000,-0.133125,0.021375,0.554233,-0.142434,0.092588,3.141593,0.000002,-0.000083
26.020512,-1.600000,-0.325005,-9.975000,-0.070000,-0.133125,0.020375,0.554259,-0.142349,0.092588,3.141593,0.000002,-0.000078
26.024511,-1.600000,-0.325005,-9.975000,-0.070000,-0.133125,0.020375,0.554283,-0.142267,0.092588,3.141593,0.000003,-0.000084
26.028512,-1.599998,-0.325000,-9.975000,-0.070000,-0.133125,0.020375,0.554310,-0.142187,0.092590,-3.141593,-0.000002,-0.000088
26.032512,-1.600001,-0.325007,-9.975000,-0.070000,-0.133125,0.020375,0.554334,-0.142104,0.092590,3.141593,0.000005,-0.000094
26.036512,-1.599999,-0.325002,-9.975000,-0.070000,-0.133125,0.020375,0.554361,-0.142022,0.092592,3.141593,0.000000,-0.000093
26.040511,-1.599999,-0.325003,-9.975000,-0.070000,-0.133125,0.020375,0.554385,-0.141942,0.092592,3.141593,0.000000,-0.000090
26.044511,-1.599997,-0.324999,-9.975000,-0.070000,-0.133125,0.020375,0.554411,-0.141857,0.092595,-3.141593,-0.000004,-0.000085
26.048510,-1.599998,-0.325000,-9.975000,-0.070000,-0.133125,0.020375,0.554437,-0.141774,0.092596,-3.141593,-0.000002,-0.000118
26.052512,-1.600000,-0.325005,-9.975000,-0.070000,-0.133125,0.020375,0.554466,-0.141674,0.092594,3.141593,0.000003,-0.000079
26.056512,-1.620001,-0.305007,-9.695000,-0.069000,-0.129125,0.020375,0.554493,-0.141589,0.092595,3.141593,0.000005,-0.000074
26.060512,-1.620002,-0.305008,-9.695000,-0.069000,-0.129125,0.020375,0.554517,-0.141509,0.092595,3.141593,0.000005,-0.000078
26.064512,-1.620003,-0.305009,-9.695000,-0.069000,-0.129125,0.020375,0.554543,-0.141427,0.092596,3.141593,0.000007,-0.000071
26.068513,-1.620003,-0.305010,-9.695000,-0.069000,-0.129125,0.020375,0.554568,-0.141344,0.092597,3.141593,0.000008,-0.000070
26.072512,-1.620000,-0.305005,-9.695000,-0.069000,-0.129125,0.020375,0.554595,-0.141261,0.092598,3.141593,0.000003,-0.000069
26.076511,-1.620004,-0.305012,-9.695000,-0.069000,-0.129125,0.020375,0.554618,-0.141181,0.092598,3.141593,0.000010,-0.000080
26.080511,-1.620004,-0.305012,-9.695000,-0.069000,-0.129125,0.020375,0.554643,-0.141096,0.092598,3.141593,0.000010,-0.000082
26.084513,-1.620002,-0.305007,-9.695000,-0.069000,-0.129125,0.020375,0.554669,-0.141016,0.092600,3.141593,0.000005,-0.000092
26.088512,-1.619999,-0.305002,-9.695000,-0.069000,-0.129125,0.020375,0.554696,-0.140934,0.092602,3.141593,0.000000,-0.000098
26.092485,-1.619999,-0.305003,-9.695000,-0.069000,-0.129125,0.020375,0.554721,-0.140851,0.092602,3.141593,0.000001,-0.000105
26.096523,-1.520003,-0.355010,-9.445000,-0.065000,-0.122125,0.019375,0.554745,-0.140769,0.092602,3.141593,0.000008,-0.000104
26.100468,-1.520000,-0.355005,-9.445000,-0.065000,-0.122125,0.019375,0.554771,-0.140686,0.092604,3.141593,0.000003,-0.000103
26.104511,-1.519998,-0.355000,-9.445000,-0.065000,-0.122125,0.019375,0.554798,-0.140606,0.092606,-3.141593,-0.000002,-0.000107
26.108469,-1.520001,-0.355007,-9.445000,-0.065000,-0.122125,0.019375,0.554821,-0.140523,0.092605,3.141593,0.000005,-0.000100
26.112510,-1.519999,-0.355002,-9.445000,-0.065000,-0.122125,0.019375,0.554848,-0.140441,0.092607,3.141593,0.000000,-0.000099
26.116469,-1.519999,-0.355003,-9.445000,-0.065000,-0.122125,0.019375,0.554873,-0.140358,0.092607,3.141593,0.000001,-0.000092
26.120512,-1.520002,-0.355009,-9.445000,-0.065000,-0.122125,0.019375,0.554899,-0.140275,0.092606,3.141593,0.000007,-0.000085
26.124629,-1.520003,-0.355010,-9.445000,-0.065000,-0.122125,0.019375,0.554922,-0.140195,0.092606,3.141593,0.000007,-0.000075
26.128516,-1.520003,-0.355010,-9.445000,-0.065000,-0.122125,0.019375,0.554947,-0.140110,0.092607,3.141593,0.000008,-0.000056
26.132512,-1.520004,-0.355012,-9.445000,-0.065000,-0.122125,0.019375,0.554973,-0.140030,0.092608,3.141592,0.000010,-0.000047
26.136514,-1.380001,-0.345007,-9.265000,-0.063000,-0.117125,0.019375,0.555000,-0.139945,0.092610,3.141593,0.000005,-0.000035
26.140518,-1.379999,-0.345002,-9.265000,-0.063000,-0.117125,0.019375,0.555027,-0.139862,0.092612,-3.141593,-0.000000,-0.000028
26.144516,-1.380002,-0.345009,-9.265000,-0.063000,-0.117125,0.019375,0.555050,-0.139782,0.092611,3.141593,0.000007,-0.000025
26.148513,-1.379999,-0.345003,-9.265000,-0.063000,-0.117125,0.019375,0.555084,-0.139677,0.092612,3.141593,0.000001,-0.000024
26.152511,-1.380000,-0.345004,-9.265000,-0.063000,-0.117125,0.019375,0.555103,-0.139617,0.092613,3.141593,0.000001,-0.000030
26.156509,-1.380001,-0.345005,-9.265000,-0.063000,-0.117125,0.019375,0.555135,-0.139512,0.092614,3.141593,0.000003,-0.000036
26.160514,-1.379997,-0.344999,-9.265000,-0.063000,-0.117125,0.019375,0.555155,-0.139449,0.092615,-3.141593,-0.000003,-0.000038
26.164511,-1.380001,-0.345006,-9.265000,-0.063000,-0.117125,0.019375,0.555178,-0.139366,0.092614,3.141593,0.000004,-0.000044
26.168512,-1.379998,-0.345001,-9.265000,-0.063000,-0.117125,0.019375,0.555204,-0.139286,0.092616,-3.141593,-0.000001,-0.000062
26.172509,-1.400001,-0.335006,-9.055000,-0.062000,-0.118125,0.019375,0.555228,-0.139204,0.092614,3.141593,0.000004,-0.000108
26.176510,-1.400002,-0.335008,-9.055000,-0.062000,-0.118125,0.019375,0.555254,-0.139121,0.092615,3.141593,0.000006,-0.000114
26.180514,-1.400005,-0.335014,-9.055000,-0.062000,-0.118125,0.019375,0.555286,-0.139016,0.092614,3.141592,0.000012,-0.000080
26.184517,-1.400003,-0.335009,-9.055000,-0.062000,-0.118125,0.019375,0.555312,-0.138933,0.092616,3.141593,0.000007,-0.000079
26.188512,-1.400004,-0.335011,-9.055000,-0.062000,-0.118125,0.019375,0.555338,-0.138850,0.092617,3.141592,0.000009,-0.000085
26.192473,-1.400003,-0.335011,-9.055000,-0.062000,-0.118125,0.019375,0.555364,-0.138768,0.092617,3.141592,0.000008,-0.000078
26.196511,-1.400004,-0.335011,-9.055000,-0.062000,-0.118125,0.019375,0.555388,-0.138685,0.092617,3.141592,0.000009,-0.000064
26.200485,-1.400001,-0.335006,-9.055000,-0.062000,-0.118125,0.019375,0.555415,-0.138602,0.092619,3.141593,0.000004,-0.000050
26.204518,-1.400001,-0.335006,-9.055000,-0.062000,-0.118125,0.019375,0.555441,-0.138519,0.092618,3.141593,0.000004,-0.000036
26.208511,-1.399998,-0.335001,-9.055000,-0.062000,-0.118125,0.019375,0.555468,-0.138437,0.092620,-3.141593,-0.000001,-0.000022
26.212511,-1.410001,-0.325007,-8.995000,-0.062000,-0.119125,0.019375,0.555493,-0.138354,0.092619,3.141593,0.000005,-0.000001
26.216511,-1.410002,-0.315007,-8.845000,-0.060000,-0.118125,0.019375,0.555517,-0.138271,0.092619,3.141593,0.000005,0.000007
26.220511,-1.409999,-0.315003,-8.845000,-0.060000,-0.118125,0.019375,0.555544,-0.138186,0.092621,3.141593,0.000000,0.000025
26.224614,-1.409999,-0.315002,-8.845000,-0.060000,-0.118125,0.019375,0.555570,-0.138106,0.092620,-3.141593,-0.000000,0.000028
26.228512,-1.410000,-0.315004,-8.845000,-0.060000,-0.118125,0.019375,0.555596,-0.138020,0.092622,3.141593,0.000002,0.000033
26.232512,-1.410003,-0.315010,-8.845000,-0.060000,-0.118125,0.019375,0.555622,-0.137938,0.092621,3.141592,0.000008,0.000020
26.236512,-1.410000,-0.315005,-8.845000,-0.060000,-0.118125,0.019375,0.555649,-0.137852,0.092622,3.141593,0.000003,0.000012
26.240512,-1.410001,-0.315006,-8.845000,-0.060000,-0.118125,0.019375,0.555673,-0.137767,0.092623,3.141593,0.000003,0.000004
26.244511,-1.410000,-0.315005,-8.845000,-0.060000,-0.118125,0.019375,0.555700,-0.137682,0.092622,3.141593,0.000003,-0.000012
26.248482,-1.410001,-0.315007,-8.845000,-0.060000,-0.118125,0.019375,0.555727,-0.137594,0.092623,3.141593,0.000005,-0.000022
26.252519,-1.410001,-0.315006,-8.845000,-0.060000,-0.118125,0.019375,0.555754,-0.137509,0.092623,3.141593,0.000004,-0.000037
26.256515,-1.429998,-0.365002,-8.755000,-0.058000,-0.114125,0.019375,0.555781,-0.137421,0.092625,-3.141593,-0.000001,-0.000048
26.260512,-1.429998,-0.365002,-8.755000,-0.058000,-0.114125,0.019375,0.555781,-0.137421,0.092625,-3.141593,-0.000001,-0.000048
26.264510,-1.429999,-0.365003,-8.755000,-0.058000,-0.114125,0.019375,0.555835,-0.137248,0.092625,3.141593,0.000001,-0.000067
26.268512,-1.429999,-0.365002,-8.755000,-0.058000,-0.114125,0.019375,0.555861,-0.137163,0.092625,3.141593,0.000000,-0.000068
26.272512,-1.429996,-0.364997,-8.755000,-0.058000,-0.114125,0.019375,0.555889,-0.137075,0.092627,-3.141593,-0.000005,-0.000059
26.276532,-1.429996,-0.364997,-8.755000,-0.058000,-0.114125,0.019375,0.555915,-0.136990,0.092626,-3.141593,-0.000005,-0.000047
26.280512,-1.429999,-0.365002,-8.755000,-0.058000,-0.114125,0.019375,0.555940,-0.136904,0.092624,-3.141593,-0.000000,-0.000042
26.284511,-1.429996,-0.364997,-8.755000,-0.058000,-0.114125,0.019375,0.555967,-0.136816,0.092626,-3.141593,-0.000005,-0.000025
26.288512,-1.429996,-0.364997,-8.755000,-0.058000,-0.114125,0.019375,0.555967,-0.136816,0.092626,-3.141593,-0.000005,-0.000025
26.292512,-1.429999,-0.365003,-8.755000,-0.058000,-0.114125,0.019375,0.555993,-0.136731,0.092625,3.141593,0.000001,-0.000013
26.296511,-1.459997,-0.314999,-8.675000,-0.061000,-0.113125,0.019375,0.556049,-0.136558,0.092627,-3.141593,-0.000003,0.000008
26.300476,-1.459997,-0.314999,-8.675000,-0.061000,-0.113125,0.019375,0.556049,-0.136558,0.092627,-3.141593,-0.000003,0.000008
26.304476,-1.460000,-0.315005,-8.675000,-0.061000,-0.113125,0.019375,0.556075,-0.136473,0.092626,3.141593,0.000003,-0.000021
26.308512,-1.459998,-0.315000,-8.675000,-0.061000,-0.113125,0.019375,0.556101,-0.136387,0.092628,-3.141593,-0.000002,-0.000029
26.312512,-1.459997,-0.315000,-8.675000,-0.061000,-0.113125,0.019375,0.556160,-0.136191,0.092626,-3.141593,-0.000003,-0.000001
26.316512,-1.459997,-0.315000,-8.675000,-0.061000,-0.113125,0.019375,0.556160,-0.136191,0.092626,-3.141593,-0.000003,-0.000001
26.320509,-1.460001,-0.315006,-8.675000,-0.061000,-0.113125,0.019375,0.556186,-0.136106,0.092625,3.141593,0.000004,-0.000016
26.324528,-1.459998,-0.315001,-8.675000,-0.061000,-0.113125,0.019375,0.556213,-0.136021,0.092627,-3.141593,-0.000001,-0.000031
26.328513,-1.459995,-0.314995,-8.674999,-0.061000,-0.113125,0.019375,0.556242,-0.135935,0.092628,-3.141592,-0.000007,-0.000046
26.332515,-1.459995,-0.314995,-8.674999,-0.061000,-0.113125,0.019375,0.556269,-0.135847,0.092628,-3.141592,-0.000008,-0.000063
26.336514,-1.369992,-0.324989,-8.694999,-0.061000,-0.109125,0.019375,0.556322,-0.135674,0.092629,-3.141592,-0.000013,-0.000089
26.340511,-1.369992,-0.324989,-8.694999,-0.061000,-0.109125,0.019375,0.556322,-0.135674,0.092629,-3.141592,-0.000013,-0.000089
26.344511,-1.369989,-0.324984,-8.694999,-0.061000,-0.109125,0.019375,0.556350,-0.135586,0.092631,-3.141592,-0.000018,-0.000093
26.348512,-1.369995,-0.324996,-8.694999,-0.061000,-0.109125,0.019375,0.556374,-0.135498,0.092628,-3.141592,-0.000006,-0.000096
26.352484,-1.369995,-0.324995,-8.694999,-0.061000,-0.109125,0.019375,0.556401,-0.135410,0.092627,-3.141592,-0.000007,-0.000093
26.356513,-1.369996,-0.324997,-8.694999,-0.061000,-0.109125,0.019375,0.556427,-0.135322,0.092629,-3.141593,-0.000005,-0.000084
26.360512,-1.369996,-0.324997,-8.694999,-0.061000,-0.109125,0.019375,0.556454,-0.135235,0.092628,-3.141593,-0.000005,-0.000074
26.364511,-1.369993,-0.324991,-8.694999,-0.061000,-0.109125,0.019375,0.556509,-0.135056,0.092629,-3.141592,-0.000011,-0.000050
26.368518,-1.369993,-0.324991,-8.694999,-0.061000,-0.109125,0.019375,0.556509,-0.135056,0.092629,-3.141592,-0.000011,-0.000050
26.372519,-1.369996,-0.324998,-8.695000,-0.061000,-0.109125,0.019375,0.556534,-0.134971,0.092628,-3.141593,-0.000005,-0.000045
26.376518,-1.339994,-0.314993,-8.755000,-0.062000,-0.111125,0.019375,0.556562,-0.134883,0.092630,-3.141592,-0.000009,-0.000042
26.380476,-1.339996,-0.314998,-8.755000,-0.062000,-0.111125,0.019375,0.556586,-0.134795,0.092628,-3.141593,-0.000005,-0.000046
26.384476,-1.339994,-0.314993,-8.755000,-0.062000,-0.111125,0.019375,0.556613,-0.134707,0.092630,-3.141592,-0.000009,-0.000043
26.388476,-1.339994,-0.314992,-8.755000,-0.062000,-0.111125,0.019375,0.556640,-0.134619,0.092629,-3.141592,-0.000010,-0.000047
26.392477,-1.339997,-0.314998,-8.755000,-0.062000,-0.111125,0.019375,0.556666,-0.134534,0.092628,-3.141593,-0.000004,-0.000062
26.396477,-1.339991,-0.314987,-8.754999,-0.062000,-0.111125,0.019375,0.556693,-0.134446,0.092630,-3.141592,-0.000015,-0.000073
26.400475,-1.339990,-0.314986,-8.754999,-0.062000,-0.111125,0.019375,0.556720,-0.134358,0.092630,-3.141592,-0.000016,-0.000077
26.404476,-1.339990,-0.314986,-8.754999,-0.062000,-0.111125,0.019375,0.556747,-0.134270,0.092629,-3.141592,-0.000016,-0.000087
26.408476,-1.339994,-0.314992,-8.755000,-0.062000,-0.111125,0.019375,0.556773,-0.134182,0.092628,-3.141592,-0.000010,-0.000098
26.412475,-1.339991,-0.314987,-8.754999,-0.062000,-0.111125,0.019375,0.556800,-0.134094,0.092630,-3.141592,-0.000015,-0.000108
26.416475,-1.339991,-0.314987,-8.754999,-0.062000,-0.111125,0.019375,0.556826,-0.134008,0.092629,-3.141592,-0.000015,-0.000124
26.420475,-1.339990,-0.274986,-8.764999,-0.063000,-0.114125,0.019375,0.556853,-0.133918,0.092629,-3.141592,-0.000016,-0.000123
26.424510,-1.339991,-0.274988,-8.764999,-0.063000,-0.114125,0.019375,0.556879,-0.133832,0.092630,-3.141592,-0.000014,-0.000124
26.428514,-1.339991,-0.274988,-8.764999,-0.063000,-0.114125,0.019375,0.556906,-0.133744,0.092630,-3.141592,-0.000015,-0.000115
26.432514,-1.339994,-0.274994,-8.764999,-0.063000,-0.114125,0.019375,0.556932,-0.133656,0.092628,-3.141592,-0.000008,-0.000098
26.436511,-1.339994,-0.274994,-8.764999,-0.063000,-0.114125,0.019375,0.556958,-0.133571,0.092628,-3.141592,-0.000009,-0.000087
26.440511,-1.339992,-0.274989,-8.764999,-0.063000,-0.114125,0.019375,0.556984,-0.133488,0.092630,-3.141592,-0.000014,-0.000079
26.444512,-1.339991,-0.274988,-8.764999,-0.063000,-0.114125,0.019375,0.557009,-0.133405,0.092629,-3.141592,-0.000014,-0.000058
26.448513,-1.339991,-0.274988,-8.764999,-0.063000,-0.114125,0.019375,0.557034,-0.133322,0.092628,-3.141592,-0.000015,-0.000085
26.452518,-1.339994,-0.274994,-8.764999,-0.063000,-0.114125,0.019375,0.557059,-0.133239,0.092627,-3.141592,-0.000008,-0.000071
26.456518,-1.429991,-0.264988,-8.834999,-0.064000,-0.118125,0.020375,0.557092,-0.133135,0.092628,-3.141592,-0.000014,-0.000034
26.460522,-1.429988,-0.264983,-8.834999,-0.064000,-0.118125,0.020375,0.557117,-0.133055,0.092630,-3.141592,-0.000019,-0.000031
26.464517,-1.429988,-0.264983,-8.834999,-0.064000,-0.118125,0.020375,0.557142,-0.132972,0.092630,-3.141592,-0.000020,-0.000031
26.468512,-1.429988,-0.264982,-8.834999,-0.064000,-0.118125,0.020375,0.557167,-0.132889,0.092629,-3.141592,-0.000020,-0.000030
26.472470,-1.429988,-0.264983,-8.834999,-0.064000,-0.118125,0.020375,0.557194,-0.132806,0.092630,-3.141592,-0.000019,-0.000036
26.476465,-1.429986,-0.264978,-8.834999,-0.064000,-0.118125,0.020375,0.557220,-0.132723,0.092632,-3.141592,-0.000024,-0.000049
26.480511,-1.429986,-0.264978,-8.834999,-0.064000,-0.118125,0.020375,0.557245,-0.132640,0.092631,-3.141592,-0.000025,-0.000055
26.484511,-1.429989,-0.264984,-8.834999,-0.064000,-0.118125,0.020375,0.557270,-0.132557,0.092630,-3.141592,-0.000018,-0.000068
26.488475,-1.429989,-0.264984,-8.834999,-0.064000,-0.118125,0.020375,0.557295,-0.132473,0.092629,-3.141592,-0.000019,-0.000074
26.492475,-1.429988,-0.264983,-8.834999,-0.064000,-0.118125,0.020375,0.557321,-0.132390,0.092629,-3.141592,-0.000019,-0.000087
26.496483,-1.429988,-0.264983,-8.834999,-0.064000,-0.118125,0.020375,0.557346,-0.132307,0.092628,-3.141592,-0.000020,-0.000086
26.500488,-1.429985,-0.264978,-8.834999,-0.064000,-0.118125,0.020375,0.557371,-0.132224,0.092630,-3.141592,-0.000025,-0.000086
26.504515,-1.519989,-0.294984,-9.024999,-0.065000,-0.119125,0.020375,0.557396,-0.132141,0.092629,-3.141592,-0.000018,-0.000078
26.508511,-1.519989,-0.294983,-9.024999,-0.065000,-0.119125,0.020375,0.557421,-0.132058,0.092628,-3.141592,-0.000019,-0.000071
26.512512,-1.519988,-0.294983,-9.024999,-0.065000,-0.119125,0.020375,0.557446,-0.131975,0.092627,-3.141592,-0.000019,-0.000064
26.516512,-1.519988,-0.294983,-9.024999,-0.065000,-0.119125,0.020375,0.557472,-0.131892,0.092627,-3.141592,-0.000020,-0.000056
26.520512,-1.519988,-0.294982,-9.024999,-0.065000,-0.119125,0.020375,0.557497,-0.131809,0.092626,-3.141592,-0.000020,-0.000042
26.524516,-1.519988,-0.294982,-9.024999,-0.065000,-0.119125,0.020375,0.557522,-0.131726,0.092626,-3.141592,-0.000021,-0.000035
26.528512,-1.519987,-0.294981,-9.024999,-0.065000,-0.119125,0.020375,0.557547,-0.131643,0.092625,-3.141592,-0.000021,-0.000021
26.532511,-1.519991,-0.294988,-9.024999,-0.065000,-0.119125,0.020375,0.557572,-0.131559,0.092624,-3.141592,-0.000015,-0.000013
26.536512,-1.509990,-0.344987,-9.144999,-0.066000,-0.119125,0.021375,0.557596,-0.131479,0.092623,-3.141592,-0.000015,-0.000011
26.540512,-1.509987,-0.344981,-9.144999,-0.066000,-0.119125,0.021375,0.557623,-0.131396,0.092624,-3.141592,-0.000021,-0.000037
26.544512,-1.509988,-0.344982,-9.144999,-0.066000,-0.119125,0.021375,0.557650,-0.131315,0.092625,-3.141592,-0.000020,-0.000034
26.548512,-1.509990,-0.344986,-9.144999,-0.066000,-0.119125,0.021375,0.557679,-0.131214,0.092622,-3.141592,-0.000016,0.000005
26.552512,-1.509993,-0.344992,-9.145000,-0.066000,-0.119125,0.021375,0.557702,-0.131134,0.092621,-3.141592,-0.000010,0.000001
26.556513,-1.509993,-0.344992,-9.145000,-0.066000,-0.119125,0.021375,0.557727,-0.131051,0.092620,-3.141592,-0.000010,0.000002
26.560515,-1.509993,-0.344991,-9.144999,-0.066000,-0.119125,0.021375,0.557752,-0.130970,0.092619,-3.141592,-0.000011,-0.000009
26.564512,-1.509993,-0.344991,-9.144999,-0.066000,-0.119125,0.021375,0.557776,-0.130889,0.092619,-3.141592,-0.000011,-0.000013
26.568512,-1.509993,-0.344992,-9.145000,-0.066000,-0.119125,0.021375,0.557802,-0.130809,0.092619,-3.141592,-0.000010,-0.000024
26.572512,-1.509993,-0.344991,-9.144999,-0.066000,-0.119125,0.021375,0.557827,-0.130725,0.092619,-3.141592,-0.000011,-0.000023
26.576510,-1.439995,-0.364996,-9.415000,-0.068000,-0.118125,0.021375,0.557852,-0.130645,0.092616,-3.141592,-0.000007,-0.000034
26.580471,-1.439995,-0.364995,-9.415000,-0.068000,-0.118125,0.021375,0.557876,-0.130564,0.092615,-3.141592,-0.000007,-0.000038
26.584511,-1.439995,-0.364996,-9.415000,-0.068000,-0.118125,0.021375,0.557903,-0.130481,0.092616,-3.141592,-0.000006,-0.000030
26.588512,-1.439995,-0.364996,-9.415000,-0.068000,-0.118125,0.021375,0.557927,-0.130400,0.092615,-3.141592,-0.000007,-0.000034
26.592512,-1.439995,-0.364995,-9.415000,-0.068000,-0.118125,0.021375,0.557951,-0.130320,0.092614,-3.141592,-0.000007,-0.000031
26.596512,-1.439995,-0.364995,-9.415000,-0.068000,-0.118125,0.021375,0.557976,-0.130236,0.092614,-3.141592,-0.000008,-0.000024
26.600511,-1.439998,-0.365000,-9.415000,-0.068000,-0.118125,0.021375,0.558002,-0.130156,0.092612,-3.141593,-0.000002,-0.000014
26.604512,-1.439997,-0.365000,-9.415000,-0.068000,-0.118125,0.021375,0.558026,-0.130075,0.092611,-3.141593,-0.000003,-0.000018
26.608510,-1.439997,-0.364999,-9.415000,-0.068000,-0.118125,0.021375,0.558051,-0.129992,0.092611,-3.141593,-0.000003,-0.000011
26.612516,-1.439997,-0.364999,-9.415000,-0.068000,-0.118125,0.021375,0.558076,-0.129911,0.092610,-3.141593,-0.000004,-0.000008
26.616525,-1.509997,-0.295000,-9.715000,-0.072000,-0.125125,0.021375,0.558101,-0.129830,0.092611,-3.141593,-0.000003,-0.000012
26.620513,-1.509997,-0.294999,-9.715000,-0.072000,-0.125125,0.021375,0.558126,-0.129750,0.092610,-3.141593,-0.000003,-0.000009
26.624519,-1.510003,-0.295010,-9.715001,-0.072000,-0.125125,0.021375,0.558150,-0.129666,0.092606,3.141592,0.000008,-0.000002
26.628476,-1.510003,-0.295009,-9.715001,-0.072000,-0.125125,0.021375,0.558174,-0.129586,0.092606,3.141592,0.000007,-0.000006
26.632475,-1.509999,-0.295004,-9.715000,-0.072000,-0.125125,0.021375,0.558201,-0.129502,0.092607,3.141593,0.000001,-0.000005
26.636475,-1.510003,-0.295010,-9.715001,-0.072000,-0.125125,0.021375,0.558225,-0.129422,0.092606,3.141592,0.000008,-0.000009
26.640476,-1.510005,-0.295014,-9.715001,-0.072000,-0.125125,0.021375,0.558249,-0.129339,0.092602,3.141592,0.000012,-0.000008
26.644475,-1.510002,-0.295008,-9.715001,-0.072000,-0.125125,0.021375,0.558276,-0.129258,0.092604,3.141592,0.000006,-0.000019
26.648475,-1.510002,-0.295008,-9.715000,-0.072000,-0.125125,0.021375,0.558300,-0.129175,0.092603,3.141592,0.000005,-0.000025
26.652476,-1.510005,-0.295013,-9.715001,-0.072000,-0.125125,0.021375,0.558326,-0.129094,0.092601,3.141592,0.000011,-0.000069
26.656475,-1.570004,-0.325012,-10.075000,-0.073000,-0.131125,0.022375,0.558351,-0.129010,0.092600,3.141592,0.000010,-0.000035
26.660476,-1.570005,-0.325013,-10.075000,-0.073000,-0.131125,0.022375,0.558377,-0.128927,0.092601,3.141592,0.000011,-0.000075
26.664475,-1.570005,-0.325013,-10.075000,-0.073000,-0.131125,0.022375,0.558402,-0.128844,0.092600,3.141592,0.000011,-0.000074
26.668476,-1.570008,-0.325018,-10.075001,-0.073000,-0.131125,0.022375,0.558432,-0.128743,0.092598,3.141592,0.000016,-0.000042
26.672475,-1.570008,-0.325019,-10.075001,-0.073000,-0.131125,0.022375,0.558458,-0.128660,0.092599,3.141592,0.000017,-0.000042
26.676475,-1.570008,-0.325019,-10.075001,-0.073000,-0.131125,0.022375,0.558482,-0.128579,0.092598,3.141592,0.000017,-0.000045
26.680468,-1.570011,-0.325024,-10.075001,-0.073000,-0.131125,0.022375,0.558508,-0.128496,0.092596,3.141592,0.000022,-0.000052
26.684511,-1.570014,-0.325030,-10.075001,-0.073000,-0.131125,0.022375,0.558532,-0.128412,0.092595,3.141592,0.000028,-0.000051
26.688511,-1.570011,-0.325024,-10.075001,-0.073000,-0.131125,0.022375,0.558559,-0.128331,0.092596,3.141592,0.000022,-0.000062
26.692516,-1.570008,-0.325019,-10.075001,-0.073000,-0.131125,0.022375,0.558586,-0.128248,0.092597,3.141592,0.000017,-0.000061
26.696478,-1.640008,-0.335019,-10.415001,-0.075000,-0.133125,0.023375,0.558611,-0.128167,0.092597,3.141592,0.000017,-0.000065
26.700516,-1.640008,-0.335019,-10.415001,-0.075000,-0.133125,0.023375,0.558636,-0.128084,0.092597,3.141592,0.000017,-0.000071
26.704476,-1.640008,-0.335019,-10.415001,-0.075000,-0.133125,0.023375,0.558636,-0.128084,0.092597,3.141592,0.000017,-0.000071
26.708517,-1.640011,-0.335024,-10.415001,-0.075000,-0.133125,0.023375,0.558687,-0.127917,0.092594,3.141592,0.000022,-0.000070
26.712517,-1.640008,-0.335018,-10.415001,-0.075000,-0.133125,0.023375,0.558713,-0.127836,0.092595,3.141592,0.000016,-0.000074
26.716511,-1.640007,-0.335018,-10.415001,-0.075000,-0.133125,0.023375,0.558737,-0.127756,0.092595,3.141592,0.000016,-0.000084
26.720470,-1.640008,-0.335019,-10.415001,-0.075000,-0.133125,0.023375,0.558763,-0.127672,0.092595,3.141592,0.000016,-0.000084
26.724481,-1.640008,-0.335019,-10.415001,-0.075000,-0.133125,0.023375,0.558789,-0.127589,0.092596,3.141592,0.000017,-0.000083
26.728488,-1.640005,-0.335014,-10.415001,-0.075000,-0.133125,0.023375,0.558816,-0.127505,0.092597,3.141592,0.000012,-0.000082
26.732511,-1.670008,-0.345019,-10.495001,-0.075000,-0.134125,0.023375,0.558842,-0.127422,0.092595,3.141592,0.000017,-0.000082
26.736513,-1.790008,-0.365019,-10.725001,-0.077000,-0.140125,0.025375,0.558867,-0.127336,0.092594,3.141592,0.000016,-0.000070
26.740511,-1.790008,-0.365019,-10.725001,-0.077000,-0.140125,0.025375,0.558894,-0.127250,0.092595,3.141592,0.000017,-0.000065
26.744524,-1.790006,-0.365015,-10.725001,-0.077000,-0.140125,0.025375,0.558923,-0.127164,0.092597,3.141592,0.000013,-0.000060
26.748478,-1.790006,-0.365016,-10.725001,-0.077000,-0.140125,0.025375,0.558949,-0.127078,0.092597,3.141592,0.000014,-0.000061
26.752476,-1.790004,-0.365011,-10.725000,-0.077000,-0.140125,0.025375,0.558978,-0.126992,0.092599,3.141592,0.000009,-0.000103
26.756475,-1.790006,-0.365015,-10.725001,-0.077000,-0.140125,0.025375,0.559003,-0.126906,0.092596,3.141592,0.000013,-0.000071
26.760475,-1.790006,-0.365015,-10.725001,-0.077000,-0.140125,0.025375,0.559003,-0.126906,0.092596,3.141592,0.000013,-0.000071
26.764475,-1.790007,-0.365018,-10.725001,-0.077000,-0.140125,0.025375,0.559036,-0.126798,0.092598,3.141592,0.000015,-0.000073
26.768478,-1.790004,-0.365011,-10.725000,-0.077000,-0.140125,0.025375,0.559084,-0.126646,0.092598,3.141592,0.000009,-0.000092
26.772475,-1.790004,-0.365012,-10.725000,-0.077000,-0.140125,0.025375,0.559111,-0.126560,0.092599,3.141592,0.000010,-0.000093
26.776475,-1.830007,-0.355017,-10.865001,-0.078000,-0.140125,0.024375,0.559137,-0.126474,0.092597,3.141592,0.000015,-0.000102
26.780476,-1.830005,-0.355013,-10.865000,-0.078000,-0.140125,0.024375,0.559166,-0.126385,0.092599,3.141592,0.000011,-0.000146
26.784470,-1.830005,-0.355013,-10.865000,-0.078000,-0.140125,0.024375,0.559166,-0.126385,0.092599,3.141592,0.000011,-0.000146
26.788475,-1.830004,-0.355012,-10.865000,-0.078000,-0.140125,0.024375,0.559193,-0.126299,0.092598,3.141592,0.000010,-0.000148
26.792475,-1.830005,-0.355013,-10.865000,-0.078000,-0.140125,0.024375,0.559225,-0.126191,0.092598,3.141592,0.000010,-0.000102
26.796477,-1.830006,-0.355014,-10.865000,-0.078000,-0.140125,0.024375,0.559277,-0.126021,0.092599,3.141592,0.000012,-0.000103
26.800475,-1.830006,-0.355014,-10.865000,-0.078000,-0.140125,0.024375,0.559277,-0.126021,0.092599,3.141592,0.000012,-0.000103
26.804475,-1.830009,-0.355020,-10.865001,-0.078000,-0.140125,0.024375,0.559304,-0.125935,0.092597,3.141592,0.000018,-0.000098
26.808476,-1.830009,-0.355020,-10.865001,-0.078000,-0.140125,0.024375,0.559331,-0.125847,0.092597,3.141592,0.000018,-0.000081
26.812514,-1.830003,-0.355009,-10.865000,-0.078000,-0.140125,0.024375,0.559360,-0.125760,0.092600,3.141592,0.000007,-0.000070
26.816515,-1.710004,-0.455011,-10.885000,-0.074000,-0.138125,0.024375,0.559413,-0.125588,0.092601,3.141592,0.000009,-0.000046
26.820511,-1.710004,-0.455012,-10.885000,-0.074000,-0.138125,0.024375,0.559439,-0.125502,0.092601,3.141592,0.000010,-0.000034
26.824511,-1.710004,-0.455012,-10.885000,-0.074000,-0.138125,0.024375,0.559439,-0.125502,0.092601,3.141592,0.000010,-0.000034
26.828516,-1.710004,-0.455012,-10.885000,-0.074000,-0.138125,0.024375,0.559468,-0.125416,0.092601,3.141592,0.000010,-0.000029
26.832468,-1.710005,-0.455013,-10.885000,-0.074000,-0.138125,0.024375,0.559494,-0.125330,0.092602,3.141592,0.000011,-0.000024
26.836511,-1.710004,-0.455011,-10.885000,-0.074000,-0.138125,0.024375,0.559520,-0.125247,0.092600,3.141592,0.000009,-0.000030
26.840514,-1.710004,-0.455012,-10.885000,-0.074000,-0.138125,0.024375,0.559546,-0.125163,0.092601,3.141592,0.000010,-0.000043
26.844511,-1.710005,-0.455013,-10.885000,-0.074000,-0.138125,0.024375,0.559572,-0.125079,0.092601,3.141592,0.000011,-0.000049
26.848511,-1.710005,-0.455014,-10.885000,-0.074000,-0.138125,0.024375,0.559598,-0.124996,0.092602,3.141592,0.000012,-0.000055
26.852518,-1.710002,-0.455008,-10.885000,-0.074000,-0.138125,0.024375,0.559624,-0.124912,0.092603,3.141592,0.000006,-0.000061
26.856511,-1.710005,-0.455014,-10.885000,-0.074000,-0.138125,0.024375,0.559650,-0.124829,0.092601,3.141592,0.000012,-0.000067
26.860512,-1.660009,-0.415020,-10.795001,-0.075000,-0.139125,0.023375,0.559673,-0.124745,0.092599,3.141592,0.000018,-0.000080
26.864511,-1.660009,-0.415021,-10.795001,-0.075000,-0.139125,0.023375,0.559699,-0.124662,0.092600,3.141592,0.000019,-0.000120
26.868513,-1.660006,-0.415015,-10.795001,-0.075000,-0.139125,0.023375,0.559725,-0.124578,0.092601,3.141592,0.000013,-0.000086
26.872512,-1.660010,-0.415023,-10.795001,-0.075000,-0.139125,0.023375,0.559750,-0.124495,0.092601,3.141592,0.000020,-0.000125
26.876468,-1.660009,-0.415021,-10.795001,-0.075000,-0.139125,0.023375,0.559776,-0.124411,0.092599,3.141592,0.000019,-0.000125
26.880469,-1.660010,-0.415022,-10.795001,-0.075000,-0.139125,0.023375,0.559802,-0.124327,0.092600,3.141592,0.000020,-0.000117
26.884476,-1.660007,-0.415018,-10.795001,-0.075000,-0.139125,0.023375,0.559830,-0.124244,0.092602,3.141592,0.000016,-0.000110
26.888468,-1.660010,-0.415023,-10.795001,-0.075000,-0.139125,0.023375,0.559860,-0.124140,0.092600,3.141592,0.000021,-0.000053
26.892475,-1.660007,-0.415017,-10.795001,-0.075000,-0.139125,0.023375,0.559886,-0.124056,0.092601,3.141592,0.000015,-0.000039
26.896469,-1.700008,-0.385018,-10.745001,-0.076000,-0.141125,0.023375,0.559912,-0.123973,0.092602,3.141592,0.000016,-0.000018
26.900475,-1.740008,-0.355019,-10.715001,-0.077000,-0.142125,0.023375,0.560108,-0.123701,0.098000,-3.141593,-0.000000,-0.000000
26.904468,-1.740011,-0.355024,-10.715001,-0.077000,-0.142125,0.023375,0.559963,-0.123805,0.092600,3.141592,0.000022,0.000010
26.908476,-1.740012,-0.355025,-10.715001,-0.077000,-0.142125,0.023375,0.559989,-0.123719,0.092600,3.141592,0.000023,0.000022
26.912475,-1.740012,-0.355026,-10.715001,-0.077000,-0.142125,0.023375,0.560186,-0.123448,0.098000,-3.141593,-0.000000,-0.000000
26.916475,-1.740015,-0.355031,-10.715002,-0.077000,-0.142125,0.023375,0.560040,-0.123552,0.092599,3.141591,0.000029,0.000023
26.920475,-1.740009,-0.355020,-10.715001,-0.077000,-0.142125,0.023375,0.560068,-0.123468,0.092602,3.141592,0.000018,0.000017
26.924485,-1.740009,-0.355021,-10.715001,-0.077000,-0.142125,0.023375,0.560093,-0.123387,0.092602,3.141592,0.000019,0.000006
26.928476,-1.740010,-0.355022,-10.715001,-0.077000,-0.142125,0.023375,0.560119,-0.123301,0.092603,3.141592,0.000020,0.000005
26.932476,-1.760013,-0.345027,-10.745001,-0.077000,-0.143125,0.023375,0.560144,-0.123220,0.092600,3.141591,0.000025,-0.000013
26.936475,-1.760013,-0.345028,-10.745001,-0.077000,-0.143125,0.023375,0.560169,-0.123139,0.092601,3.141591,0.000026,-0.000030
26.940476,-1.770010,-0.345022,-10.775001,-0.077000,-0.141125,0.023375,0.560195,-0.123055,0.092602,3.141592,0.000020,-0.000043
26.944511,-1.770011,-0.345023,-10.775001,-0.077000,-0.141125,0.023375,0.560220,-0.122974,0.092603,3.141592,0.000021,-0.000060
26.948511,-1.770011,-0.345024,-10.775001,-0.077000,-0.141125,0.023375,0.560245,-0.122893,0.092603,3.141592,0.000022,-0.000078
26.952511,-1.770008,-0.345018,-10.775001,-0.077000,-0.141125,0.023375,0.560271,-0.122809,0.092604,3.141592,0.000016,-0.000084
26.956511,-1.770008,-0.345019,-10.775001,-0.077000,-0.141125,0.023375,0.560296,-0.122728,0.092605,3.141592,0.000017,-0.000088
26.960511,-1.770011,-0.345024,-10.775001,-0.077000,-0.141125,0.023375,0.560321,-0.122644,0.092602,3.141592,0.000022,-0.000074
26.964511,-1.770008,-0.345019,-10.775001,-0.077000,-0.141125,0.023375,0.560346,-0.122563,0.092604,3.141592,0.000017,-0.000091
26.968509,-1.770009,-0.345019,-10.775001,-0.077000,-0.141125,0.023375,0.560371,-0.122482,0.092604,3.141592,0.000017,-0.000041
26.972514,-1.770009,-0.345020,-10.775001,-0.077000,-0.141125,0.023375,0.560397,-0.122398,0.092605,3.141592,0.000018,-0.000020
26.976511,-1.770010,-0.445021,-10.815001,-0.074000,-0.138125,0.023375,0.560422,-0.122317,0.092605,3.141592,0.000019,-0.000004
26.980520,-1.770009,-0.445021,-10.815001,-0.074000,-0.138125,0.023375,0.560445,-0.122233,0.092604,3.141592,0.000019,0.000017
26.984511,-1.770012,-0.445026,-10.815001,-0.074000,-0.138125,0.023375,0.560469,-0.122155,0.092602,3.141591,0.000024,0.000022
26.988511,-1.770013,-0.445027,-10.815001,-0.074000,-0.138125,0.023375,0.560495,-0.122071,0.092603,3.141591,0.000025,0.000029
26.992472,-1.770013,-0.445028,-10.815001,-0.074000,-0.138125,0.023375,0.560520,-0.121987,0.092603,3.141591,0.000026,0.000037
26.996511,-1.770014,-0.445029,-10.815001,-0.074000,-0.138125,0.023375,0.560544,-0.121909,0.092604,3.141591,0.000027,0.000028
27.000512,-1.770008,-0.445018,-10.815001,-0.074000,-0.138125,0.023375,0.560570,-0.121825,0.092607,3.141592,0.000016,0.000022
27.004512,-1.770008,-0.445019,-10.815001,-0.074000,-0.138125,0.023375,0.560595,-0.121744,0.092608,3.141592,0.000017,0.000011
27.008475,-1.770009,-0.445020,-10.815001,-0.074000,-0.138125,0.023375,0.560620,-0.121662,0.092608,3.141592,0.000018,0.000001
27.012475,-1.770009,-0.445021,-10.815001,-0.074000,-0.138125,0.023375,0.560645,-0.121579,0.092609,3.141592,0.000019,-0.000012
27.016475,-1.770010,-0.365022,-10.735001,-0.079000,-0.137125,0.022375,0.560670,-0.121497,0.092609,3.141592,0.000020,-0.000029
27.020475,-1.770010,-0.365023,-10.735001,-0.079000,-0.137125,0.022375,0.560695,-0.121416,0.092610,3.141592,0.000021,-0.000047
27.024473,-1.770011,-0.365024,-10.735001,-0.079000,-0.137125,0.022375,0.560720,-0.121332,0.092610,3.141592,0.000022,-0.000100
27.028475,-1.770011,-0.365024,-10.735001,-0.079000,-0.137125,0.022375,0.560751,-0.121231,0.092610,3.141592,0.000022,-0.000075
27.032475,-1.770011,-0.365025,-10.735001,-0.079000,-0.137125,0.022375,0.560776,-0.121147,0.092610,3.141592,0.000023,-0.000087
27.036475,-1.770008,-0.365019,-10.735001,-0.079000,-0.137125,0.022375,0.560801,-0.121066,0.092611,3.141592,0.000017,-0.000091
27.040475,-1.770006,-0.365015,-10.735001,-0.079000,-0.137125,0.022375,0.560827,-0.120982,0.092614,3.141592,0.000013,-0.000091
27.044475,-1.770004,-0.365011,-10.735001,-0.079000,-0.137125,0.022375,0.560854,-0.120898,0.092616,3.141592,0.000009,-0.000083
27.048475,-1.770004,-0.365012,-10.735001,-0.079000,-0.137125,0.022375,0.560879,-0.120817,0.092617,3.141592,0.000010,-0.000074
27.052475,-1.770005,-0.365013,-10.735001,-0.079000,-0.137125,0.022375,0.560904,-0.120733,0.092617,3.141592,0.000010,-0.000060
27.056469,-1.680005,-0.365013,-10.735001,-0.079000,-0.136125,0.022375,0.560929,-0.120649,0.092618,3.141592,0.000011,-0.000046
27.060474,-1.680006,-0.365014,-10.735001,-0.079000,-0.136125,0.022375,0.560954,-0.120565,0.092618,3.141592,0.000012,-0.000032
27.064475,-1.680003,-0.365010,-10.735001,-0.079000,-0.136125,0.022375,0.560981,-0.120484,0.092620,3.141592,0.000008,-0.000022
27.068475,-1.680004,-0.365011,-10.735001,-0.079000,-0.136125,0.022375,0.561006,-0.120400,0.092621,3.141592,0.000009,-0.000015
27.072475,-1.680004,-0.365012,-10.735001,-0.079000,-0.136125,0.022375,0.561031,-0.120316,0.092621,3.141592,0.000009,-0.000007
27.076487,-1.680005,-0.365012,-10.735001,-0.079000,-0.136125,0.022375,0.561056,-0.120235,0.092622,3.141592,0.000010,-0.000011
27.080511,-1.680005,-0.365013,-10.735001,-0.079000,-0.136125,0.022375,0.561081,-0.120151,0.092622,3.141592,0.000011,-0.000011
27.084514,-1.680006,-0.365014,-10.735001,-0.079000,-0.136125,0.022375,0.561106,-0.120067,0.092623,3.141592,0.000012,-0.000010
27.088512,-1.680003,-0.365010,-10.735001,-0.079000,-0.136125,0.022375,0.561133,-0.119986,0.092625,3.141592,0.000008,-0.000021
27.092509,-1.680004,-0.365011,-10.735001,-0.079000,-0.136125,0.022375,0.561158,-0.119902,0.092625,3.141592,0.000008,-0.000034
27.096474,-1.650004,-0.345011,-10.565001,-0.076000,-0.136125,0.022375,0.561182,-0.119821,0.092626,3.141592,0.000009,-0.000051
27.100473,-1.650005,-0.345012,-10.565001,-0.076000,-0.136125,0.022375,0.561207,-0.119737,0.092626,3.141592,0.000010,-0.000070
27.104510,-1.650005,-0.345013,-10.565001,-0.076000,-0.136125,0.022375,0.561232,-0.119653,0.092627,3.141592,0.000011,-0.000083
27.108494,-1.650001,-0.345006,-10.565000,-0.076000,-0.136125,0.022375,0.561259,-0.119572,0.092627,3.141592,0.000004,-0.000101
27.112511,-1.650002,-0.345007,-10.565000,-0.076000,-0.136125,0.022375,0.561284,-0.119490,0.092627,3.141592,0.000005,-0.000118
27.116512,-1.650002,-0.345008,-10.565000,-0.076000,-0.136125,0.022375,0.561309,-0.119404,0.092628,3.141592,0.000006,-0.000113
27.120511,-1.650003,-0.345009,-10.565000,-0.076000,-0.136125,0.022375,0.561334,-0.119323,0.092628,3.141592,0.000007,-0.000110
27.124603,-1.650000,-0.345005,-10.565000,-0.076000,-0.136125,0.022375,0.561361,-0.119238,0.092630,3.141593,0.000002,-0.000096
27.128512,-1.650001,-0.345005,-10.565000,-0.076000,-0.136125,0.022375,0.561386,-0.119155,0.092631,3.141592,0.000003,-0.000082
27.132512,-1.650001,-0.345006,-10.565000,-0.076000,-0.136125,0.022375,0.561411,-0.119071,0.092631,3.141592,0.000004,-0.000075
27.136513,-1.620001,-0.325006,-10.305000,-0.073000,-0.134125,0.021375,0.561438,-0.118984,0.092631,3.141592,0.000004,-0.000056
27.140512,-1.620002,-0.325007,-10.305000,-0.073000,-0.134125,0.021375,0.561463,-0.118900,0.092631,3.141592,0.000005,-0.000042
27.144513,-1.619999,-0.325003,-10.305000,-0.073000,-0.134125,0.021375,0.561491,-0.118814,0.092634,3.141593,0.000001,-0.000030
27.148510,-1.620003,-0.325009,-10.305000,-0.073000,-0.134125,0.021375,0.561517,-0.118727,0.092633,3.141592,0.000007,-0.000025
27.152512,-1.620003,-0.325010,-10.305000,-0.073000,-0.134125,0.021375,0.561543,-0.118641,0.092633,3.141592,0.000008,-0.000027
27.156512,-1.620000,-0.325005,-10.305000,-0.073000,-0.134125,0.021375,0.561577,-0.118531,0.092634,3.141593,0.000003,-0.000015
27.160513,-1.620000,-0.325005,-10.305000,-0.073000,-0.134125,0.021375,0.561600,-0.118467,0.092634,3.141593,0.000003,-0.000057
27.164477,-1.620002,-0.325007,-10.305000,-0.073000,-0.134125,0.021375,0.561631,-0.118358,0.092636,3.141592,0.000005,-0.000024
27.168513,-1.620002,-0.325007,-10.305000,-0.073000,-0.134125,0.021375,0.561631,-0.118358,0.092636,3.141592,0.000005,-0.000024
27.172511,-1.640002,-0.345008,-10.175000,-0.072000,-0.134125,0.022375,0.561684,-0.118185,0.092636,3.141592,0.000006,-0.000041
27.176512,-1.650000,-0.345003,-10.155000,-0.072000,-0.134125,0.022375,0.561712,-0.118098,0.092638,3.141593,0.000001,-0.000050
27.180512,-1.650000,-0.345003,-10.155000,-0.072000,-0.134125,0.022375,0.561739,-0.118012,0.092637,3.141593,0.000001,-0.000065
27.184511,-1.649997,-0.344999,-10.155000,-0.072000,-0.134125,0.022375,0.561766,-0.117928,0.092640,-3.141592,-0.000003,-0.000077
27.188512,-1.650000,-0.345004,-10.155000,-0.072000,-0.134125,0.022375,0.561791,-0.117841,0.092638,3.141593,0.000002,-0.000086
27.192512,-1.650000,-0.345004,-10.155000,-0.072000,-0.134125,0.022375,0.561818,-0.117755,0.092637,3.141593,0.000002,-0.000087
27.196517,-1.649997,-0.345000,-10.155000,-0.072000,-0.134125,0.022375,0.561846,-0.117666,0.092639,-3.141593,-0.000002,-0.000078
27.200511,-1.649995,-0.344995,-10.154999,-0.072000,-0.134125,0.022375,0.561873,-0.117581,0.092642,-3.141592,-0.000007,-0.000077
27.204509,-1.649998,-0.345001,-10.155000,-0.072000,-0.134125,0.022375,0.561898,-0.117495,0.092640,-3.141593,-0.000001,-0.000072
27.208529,-1.650002,-0.345007,-10.155000,-0.072000,-0.134125,0.022375,0.561924,-0.117408,0.092639,3.141592,0.000005,-0.000060
27.212511,-1.649999,-0.345003,-10.155000,-0.072000,-0.134125,0.022375,0.561952,-0.117322,0.092641,3.141593,0.000001,-0.000055
27.216511,-1.730002,-0.375008,-10.065000,-0.071000,-0.133125,0.022375,0.561977,-0.117235,0.092639,3.141592,0.000006,-0.000043
27.220518,-1.730000,-0.375004,-10.065000,-0.071000,-0.133125,0.022375,0.562004,-0.117148,0.092641,3.141593,0.000002,-0.000038
27.224517,-1.730000,-0.375004,-10.065000,-0.071000,-0.133125,0.022375,0.562031,-0.117062,0.092640,3.141593,0.000002,-0.000033
27.228512,-1.729997,-0.374999,-10.065000,-0.071000,-0.133125,0.022375,0.562058,-0.116975,0.092643,-3.141592,-0.000003,-0.000028
27.232470,-1.729997,-0.374999,-10.065000,-0.071000,-0.133125,0.022375,0.562086,-0.116888,0.092642,-3.141592,-0.000003,-0.000023
27.236513,-1.729997,-0.374999,-10.065000,-0.071000,-0.133125,0.022375,0.562113,-0.116802,0.092642,-3.141592,-0.000003,-0.000018
27.240554,-1.730001,-0.375007,-10.065000,-0.071000,-0.133125,0.022375,0.562137,-0.116715,0.092642,3.141592,0.000005,-0.000013
27.244495,-1.730001,-0.375007,-10.065000,-0.071000,-0.133125,0.022375,0.562164,-0.116629,0.092641,3.141592,0.000005,-0.000014
27.248498,-1.729999,-0.375002,-10.065000,-0.071000,-0.133125,0.022375,0.562191,-0.116542,0.092643,3.141593,0.000000,-0.000016
27.252476,-1.729999,-0.375002,-10.065000,-0.071000,-0.133125,0.022375,0.562218,-0.116455,0.092643,3.141593,0.000000,-0.000024
27.256468,-1.669996,-0.414998,-10.025000,-0.069000,-0.129125,0.022375,0.562246,-0.116368,0.092645,-3.141592,-0.000004,-0.000032
27.260512,-1.670003,-0.415010,-10.025001,-0.069000,-0.129125,0.022375,0.562270,-0.116282,0.092643,3.141592,0.000008,-0.000041
27.264469,-1.670001,-0.415005,-10.025000,-0.069000,-0.129125,0.022375,0.562297,-0.116195,0.092645,3.141592,0.000003,-0.000049
27.268545,-1.670001,-0.415005,-10.025000,-0.069000,-0.129125,0.022375,0.562297,-0.116195,0.092645,3.141592,0.000003,-0.000049
27.272469,-1.669990,-0.415005,-10.025000,-0.069000,-0.129125,0.022375,0.562351,-0.116021,0.092647,-3.141586,-0.000001,-0.000052
27.276513,-1.669997,-0.415017,-10.025001,-0.069000,-0.129125,0.022375,0.562375,-0.115934,0.092644,-3.141587,0.000011,-0.000047
27.280482,-1.669994,-0.415012,-10.025000,-0.069000,-0.129125,0.022375,0.562402,-0.115848,0.092646,-3.141586,0.000007,-0.000042
27.284519,-1.669994,-0.415012,-10.025000,-0.069000,-0.129125,0.022375,0.562429,-0.115761,0.092646,-3.141586,0.000007,-0.000044
27.288511,-1.669994,-0.415012,-10.025000,-0.069000,-0.129125,0.022375,0.562456,-0.115674,0.092645,-3.141586,0.000007,-0.000045
27.292512,-1.669994,-0.415012,-10.025000,-0.069000,-0.129125,0.022375,0.562456,-0.115674,0.092645,-3.141586,0.000007,-0.000045
27.296544,-1.669992,-0.415008,-10.025000,-0.069000,-0.129125,0.022375,0.562484,-0.115585,0.092647,-3.141586,0.000002,-0.000036
27.300517,-1.559992,-0.415008,-10.025000,-0.070000,-0.127125,0.021375,0.562510,-0.115501,0.092647,-3.141586,0.000002,-0.000035
27.304521,-1.559992,-0.415009,-10.025000,-0.070000,-0.127125,0.021375,0.562543,-0.115391,0.092648,-3.141586,0.000003,-0.000030
27.308518,-1.559990,-0.415005,-10.025000,-0.070000,-0.127125,0.021375,0.562566,-0.115325,0.092650,-3.141586,-0.000001,-0.000068
27.312509,-1.559990,-0.415005,-10.025000,-0.070000,-0.127125,0.021375,0.562598,-0.115215,0.092650,-3.141586,-0.000001,-0.000022
27.316518,-1.559990,-0.415005,-10.025000,-0.070000,-0.127125,0.021375,0.562598,-0.115215,0.092650,-3.141586,-0.000001,-0.000022
27.320513,-1.559991,-0.415007,-10.025000,-0.070000,-0.127125,0.021375,0.562650,-0.115044,0.092651,-3.141586,0.000001,-0.000030
27.324526,-1.559992,-0.415009,-10.025000,-0.070000,-0.127125,0.021375,0.562677,-0.114957,0.092652,-3.141586,0.000003,-0.000031
27.328518,-1.559992,-0.415009,-10.025000,-0.070000,-0.127125,0.021375,0.562704,-0.114870,0.092652,-3.141586,0.000003,-0.000040
27.332513,-1.559990,-0.415004,-10.025000,-0.070000,-0.127125,0.021375,0.562731,-0.114781,0.092654,-3.141586,-0.000001,-0.000043
27.336512,-1.559991,-0.415007,-10.025000,-0.070000,-0.127125,0.021375,0.562757,-0.114697,0.092656,-3.141586,0.000001,-0.000049
27.340512,-1.579991,-0.325007,-9.915000,-0.072000,-0.129125,0.022375,0.562784,-0.114610,0.092655,-3.141586,0.000001,-0.000058
27.344513,-1.579989,-0.325002,-9.915000,-0.072000,-0.129125,0.022375,0.562811,-0.114523,0.092657,-3.141586,-0.000003,-0.000053
27.348512,-1.579989,-0.325003,-9.915000,-0.072000,-0.129125,0.022375,0.562839,-0.114436,0.092658,-3.141586,-0.000002,-0.000054
27.352512,-1.579987,-0.324999,-9.915000,-0.072000,-0.129125,0.022375,0.562866,-0.114352,0.092660,-3.141585,-0.000007,-0.000054
27.356518,-1.579988,-0.325001,-9.915000,-0.072000,-0.129125,0.022375,0.562919,-0.114178,0.092661,-3.141586,-0.000004,-0.000050
27.360512,-1.579988,-0.325001,-9.915000,-0.072000,-0.129125,0.022375,0.562919,-0.114178,0.092661,-3.141586,-0.000004,-0.000050
27.364512,-1.579988,-0.325001,-9.915000,-0.072000,-0.129125,0.022375,0.562945,-0.114091,0.092661,-3.141586,-0.000004,-0.000052
27.368516,-1.579988,-0.325001,-9.915000,-0.072000,-0.129125,0.022375,0.562971,-0.114007,0.092661,-3.141586,-0.000004,-0.000051
27.372518,-1.579989,-0.325003,-9.915000,-0.072000,-0.129125,0.022375,0.562998,-0.113920,0.092662,-3.141586,-0.000002,-0.000053
27.376512,-1.609989,-0.265003,-9.705000,-0.071000,-0.130125,0.021375,0.563024,-0.113833,0.092662,-3.141586,-0.000002,-0.000061
27.380511,-1.609987,-0.264999,-9.705000,-0.071000,-0.130125,0.021375,0.563050,-0.113749,0.092664,-3.141585,-0.000007,-0.000067
27.384514,-1.609991,-0.265006,-9.705000,-0.071000,-0.130125,0.021375,0.563076,-0.113662,0.092663,-3.141586,-0.000000,-0.000069
27.388513,-1.609991,-0.265006,-9.705000,-0.071000,-0.130125,0.021375,0.563103,-0.113575,0.092663,-3.141586,-0.000000,-0.000071
27.392512,-1.609992,-0.265008,-9.705000,-0.071000,-0.130125,0.021375,0.563129,-0.113488,0.092664,-3.141586,0.000002,-0.000072
27.396485,-1.609989,-0.265003,-9.705000,-0.071000,-0.130125,0.021375,0.563156,-0.113402,0.092666,-3.141586,-0.000002,-0.000074
27.400512,-1.609989,-0.265003,-9.705000,-0.071000,-0.130125,0.021375,0.563182,-0.113317,0.092666,-3.141586,-0.000002,-0.000080
27.404511,-1.609993,-0.265010,-9.705000,-0.071000,-0.130125,0.021375,0.563208,-0.113230,0.092665,-3.141586,0.000004,-0.000081
27.408513,-1.609990,-0.265005,-9.705000,-0.071000,-0.130125,0.021375,0.563237,-0.113143,0.092666,-3.141586,-0.000001,-0.000090
27.412514,-1.609987,-0.265000,-9.705000,-0.071000,-0.130125,0.021375,0.563263,-0.113056,0.092668,-3.141586,-0.000006,-0.000085
27.416512,-1.609987,-0.265000,-9.705000,-0.071000,-0.130125,0.021375,0.563289,-0.112972,0.092668,-3.141586,-0.000006,-0.000091
27.420512,-1.599991,-0.305007,-9.385000,-0.068000,-0.123125,0.022375,0.563315,-0.112885,0.092667,-3.141586,0.000001,-0.000086
27.424512,-1.599991,-0.305007,-9.385000,-0.068000,-0.123125,0.022375,0.563342,-0.112798,0.092667,-3.141586,0.000001,-0.000081
27.428513,-1.599989,-0.305002,-9.385000,-0.068000,-0.123125,0.022375,0.563368,-0.112714,0.092669,-3.141586,-0.000003,-0.000080
27.432515,-1.599993,-0.305009,-9.385000,-0.068000,-0.123125,0.022375,0.563394,-0.112627,0.092668,-3.141586,0.000003,-0.000075
27.436524,-1.599993,-0.305009,-9.385000,-0.068000,-0.123125,0.022375,0.563419,-0.112545,0.092667,-3.141586,0.000003,-0.000079
27.440517,-1.599993,-0.305009,-9.385000,-0.068000,-0.123125,0.022375,0.563445,-0.112458,0.092667,-3.141586,0.000003,-0.000074
27.444512,-1.599997,-0.305015,-9.385000,-0.068000,-0.123125,0.022375,0.563470,-0.112376,0.092666,-3.141587,0.000010,-0.000078
27.448512,-1.599997,-0.305017,-9.385000,-0.068000,-0.123125,0.022375,0.563501,-0.112271,0.092667,-3.141587,0.000011,-0.000081
27.452514,-1.599997,-0.305017,-9.385000,-0.068000,-0.123125,0.022375,0.563527,-0.112189,0.092666,-3.141587,0.000011,-0.000085
27.456512,-1.609997,-0.355017,-9.285000,-0.067000,-0.122125,0.022375,0.563552,-0.112108,0.092666,-3.141587,0.000011,-0.000089
27.460512,-1.610001,-0.355023,-9.285001,-0.067000,-0.122125,0.022375,0.563577,-0.112026,0.092665,-3.141587,0.000018,-0.000100
27.464512,-1.610001,-0.355023,-9.255001,-0.067000,-0.121125,0.021375,0.563603,-0.111941,0.092665,-3.141587,0.000018,-0.000099
27.468512,-1.609999,-0.355019,-9.255001,-0.067000,-0.121125,0.021375,0.563628,-0.111859,0.092667,-3.141587,0.000013,-0.000110
27.472512,-1.609999,-0.355019,-9.255001,-0.067000,-0.121125,0.021375,0.563654,-0.111775,0.092667,-3.141587,0.000013,-0.000109
27.476512,-1.609999,-0.355019,-9.255001,-0.067000,-0.121125,0.021375,0.563680,-0.111690,0.092666,-3.141587,0.000013,-0.000108
27.480512,-1.610002,-0.355025,-9.255001,-0.067000,-0.121125,0.021375,0.563705,-0.111606,0.092665,-3.141587,0.000020,-0.000108
27.484513,-1.610002,-0.355025,-9.255001,-0.067000,-0.121125,0.021375,0.563730,-0.111524,0.092665,-3.141587,0.000020,-0.000112
27.488513,-1.610002,-0.355025,-9.255001,-0.067000,-0.121125,0.021375,0.563755,-0.111442,0.092665,-3.141587,0.000020,-0.000109
27.492491,-1.610002,-0.355025,-9.255001,-0.067000,-0.121125,0.021375,0.563781,-0.111358,0.092664,-3.141587,0.000020,-0.000095
27.496518,-1.610004,-0.355027,-9.255001,-0.067000,-0.121125,0.021375,0.563806,-0.111276,0.092666,-3.141587,0.000022,-0.000085
27.500512,-1.520000,-0.345022,-9.275001,-0.068000,-0.119125,0.021375,0.563834,-0.111191,0.092667,-3.141587,0.000017,-0.000071
27.504513,-1.520000,-0.345022,-9.275001,-0.068000,-0.119125,0.021375,0.563859,-0.111109,0.092667,-3.141587,0.000017,-0.000062
27.508513,-1.520000,-0.345022,-9.275001,-0.068000,-0.119125,0.021375,0.563884,-0.111027,0.092666,-3.141587,0.000017,-0.000052
27.512513,-1.520004,-0.345029,-9.275001,-0.068000,-0.119125,0.021375,0.563910,-0.110940,0.092665,-3.141588,0.000024,-0.000027
27.516512,-1.520004,-0.345029,-9.275001,-0.068000,-0.119125,0.021375,0.563935,-0.110858,0.092665,-3.141588,0.000024,-0.000024
27.520513,-1.520001,-0.345023,-9.275001,-0.068000,-0.119125,0.021375,0.563962,-0.110776,0.092666,-3.141587,0.000018,-0.000021
27.524522,-1.520005,-0.345030,-9.275001,-0.068000,-0.119125,0.021375,0.563987,-0.110692,0.092665,-3.141588,0.000025,-0.000020
27.528512,-1.520003,-0.345026,-9.275001,-0.068000,-0.119125,0.021375,0.564012,-0.110610,0.092667,-3.141587,0.000020,-0.000024
27.532514,-1.520003,-0.345026,-9.275001,-0.068000,-0.119125,0.021375,0.564038,-0.110525,0.092667,-3.141587,0.000020,-0.000024
27.536511,-1.520003,-0.345026,-9.275001,-0.068000,-0.119125,0.021375,0.564063,-0.110443,0.092667,-3.141587,0.000020,-0.000034
27.540513,-1.480000,-0.355021,-9.425001,-0.067000,-0.120125,0.021375,0.564088,-0.110361,0.092669,-3.141587,0.000016,-0.000045
27.544512,-1.480000,-0.355021,-9.425001,-0.067000,-0.120125,0.021375,0.564114,-0.110277,0.092669,-3.141587,0.000016,-0.000044
27.548512,-1.480004,-0.355028,-9.425001,-0.067000,-0.120125,0.021375,0.564137,-0.110200,0.092668,-3.141587,0.000023,-0.000057
27.552513,-1.480004,-0.355028,-9.425001,-0.067000,-0.120125,0.021375,0.564163,-0.110115,0.092667,-3.141587,0.000023,-0.000063
27.556514,-1.480001,-0.355023,-9.425001,-0.067000,-0.120125,0.021375,0.564188,-0.110033,0.092669,-3.141587,0.000018,-0.000067
27.560512,-1.480001,-0.355024,-9.425001,-0.067000,-0.120125,0.021375,0.564221,-0.109930,0.092669,-3.141587,0.000019,-0.000076
27.564513,-1.480002,-0.355025,-9.425001,-0.067000,-0.120125,0.021375,0.564240,-0.109869,0.092670,-3.141587,0.000019,-0.000075
27.568512,-1.480000,-0.355021,-9.425000,-0.067000,-0.120125,0.021375,0.564273,-0.109766,0.092672,-3.141587,0.000015,-0.000077
27.572513,-1.480003,-0.355027,-9.425001,-0.067000,-0.120125,0.021375,0.564289,-0.109705,0.092671,-3.141587,0.000022,-0.000103
27.576513,-1.490000,-0.345021,-9.445000,-0.067000,-0.121125,0.020375,0.564323,-0.109602,0.092671,-3.141587,0.000015,-0.000051
27.580511,-1.489998,-0.345017,-9.445000,-0.067000,-0.121125,0.020375,0.564349,-0.109520,0.092675,-3.141587,0.000012,-0.000041
27.584517,-1.489998,-0.345017,-9.445000,-0.067000,-0.121125,0.020375,0.564374,-0.109438,0.092674,-3.141587,0.000012,-0.000025
27.588513,-1.489998,-0.345017,-9.445000,-0.067000,-0.121125,0.020375,0.564399,-0.109356,0.092674,-3.141587,0.000012,-0.000009
27.592513,-1.489995,-0.345013,-9.445000,-0.067000,-0.121125,0.020375,0.564424,-0.109276,0.092676,-3.141586,0.000008,-0.000003
27.596513,-1.489992,-0.345008,-9.445000,-0.067000,-0.121125,0.020375,0.564452,-0.109192,0.092677,-3.141586,0.000002,0.000017
27.600513,-1.489996,-0.345014,-9.445000,-0.067000,-0.121125,0.020375,0.564475,-0.109112,0.092676,-3.141587,0.000009,0.000022
27.604513,-1.489996,-0.345014,-9.445000,-0.067000,-0.121125,0.020375,0.564500,-0.109030,0.092676,-3.141587,0.000009,0.000032
27.608513,-1.489996,-0.345014,-9.445000,-0.067000,-0.121125,0.020375,0.564525,-0.108948,0.092676,-3.141587,0.000009,0.000035
27.612513,-1.489993,-0.345009,-9.445000,-0.067000,-0.121125,0.020375,0.564552,-0.108866,0.092677,-3.141586,0.000003,0.000031
27.616476,-1.559993,-0.305009,-9.345000,-0.068000,-0.124125,0.022375,0.564577,-0.108784,0.092677,-3.141586,0.000003,0.000027
27.620513,-1.559997,-0.305016,-9.345000,-0.068000,-0.124125,0.022375,0.564601,-0.108704,0.092676,-3.141587,0.000010,0.000012
27.624512,-1.559997,-0.305016,-9.345000,-0.068000,-0.124125,0.022375,0.564626,-0.108619,0.092675,-3.141587,0.000010,0.000006
27.628513,-1.559997,-0.305016,-9.345000,-0.068000,-0.124125,0.022375,0.564651,-0.108537,0.092675,-3.141587,0.000010,-0.000005
27.632512,-1.560000,-0.305022,-9.345001,-0.068000,-0.124125,0.022375,0.564675,-0.108455,0.092674,-3.141587,0.000017,-0.000015
27.636513,-1.560000,-0.305022,-9.345001,-0.068000,-0.124125,0.022375,0.564700,-0.108373,0.092674,-3.141587,0.000017,-0.000033
27.640512,-1.560000,-0.305022,-9.345001,-0.068000,-0.124125,0.022375,0.564724,-0.108291,0.092673,-3.141587,0.000017,-0.000043
27.644513,-1.560001,-0.305023,-9.345001,-0.068000,-0.124125,0.022375,0.564751,-0.108209,0.092674,-3.141587,0.000018,-0.000054
27.648476,-1.559999,-0.305019,-9.345000,-0.068000,-0.124125,0.022375,0.564776,-0.108127,0.092676,-3.141587,0.000014,-0.000065
27.652512,-1.560003,-0.305025,-9.345001,-0.068000,-0.124125,0.022375,0.564800,-0.108045,0.092675,-3.141587,0.000020,-0.000062
27.656518,-1.549999,-0.345020,-9.215001,-0.067000,-0.121125,0.021375,0.564827,-0.107962,0.092676,-3.141587,0.000015,-0.000059
27.660513,-1.549999,-0.345020,-9.215001,-0.067000,-0.121125,0.021375,0.564852,-0.107878,0.092676,-3.141587,0.000015,-0.000038
27.664513,-1.549999,-0.345020,-9.215001,-0.067000,-0.121125,0.021375,0.564876,-0.107798,0.092676,-3.141587,0.000015,-0.000026
27.668514,-1.550002,-0.345025,-9.215001,-0.067000,-0.121125,0.021375,0.564901,-0.107716,0.092673,-3.141587,0.000019,-0.000010
27.672476,-1.549996,-0.345015,-9.215001,-0.067000,-0.121125,0.021375,0.564928,-0.107633,0.092677,-3.141587,0.000010,-0.000001
27.676513,-1.550000,-0.345021,-9.215001,-0.067000,-0.121125,0.021375,0.564954,-0.107551,0.092675,-3.141587,0.000015,-0.000018
27.680474,-1.549996,-0.345015,-9.215001,-0.067000,-0.121125,0.021375,0.564981,-0.107469,0.092676,-3.141587,0.000010,-0.000008
27.684471,-1.550003,-0.345026,-9.215001,-0.067000,-0.121125,0.021375,0.565008,-0.107366,0.092673,-3.141587,0.000021,0.000031
27.688512,-1.550000,-0.345021,-9.215001,-0.067000,-0.121125,0.021375,0.565035,-0.107284,0.092674,-3.141587,0.000016,0.000033
27.692512,-1.550000,-0.345021,-9.215001,-0.067000,-0.121125,0.021375,0.565060,-0.107199,0.092674,-3.141587,0.000016,0.000034
27.696513,-1.550004,-0.395028,-9.305001,-0.066000,-0.121125,0.021375,0.565084,-0.107120,0.092673,-3.141588,0.000022,0.000026
27.700512,-1.550004,-0.395028,-9.305001,-0.066000,-0.121125,0.021375,0.565108,-0.107038,0.092672,-3.141588,0.000022,0.000015
27.704513,-1.550001,-0.395022,-9.305001,-0.066000,-0.121125,0.021375,0.565135,-0.106955,0.092674,-3.141587,0.000017,-0.000002
27.708513,-1.550005,-0.395029,-9.305001,-0.066000,-0.121125,0.021375,0.565158,-0.106876,0.092673,-3.141588,0.000024,-0.000024
27.712513,-1.550001,-0.395022,-9.305001,-0.066000,-0.121125,0.021375,0.565184,-0.106791,0.092673,-3.141587,0.000017,-0.000030
27.716513,-1.549997,-0.395017,-9.305000,-0.066000,-0.121125,0.021375,0.565211,-0.106708,0.092674,-3.141587,0.000012,-0.000048
27.720495,-1.550001,-0.395023,-9.305001,-0.066000,-0.121125,0.021375,0.565237,-0.106623,0.092673,-3.141587,0.000017,-0.000061
27.724478,-1.550001,-0.395023,-9.305001,-0.066000,-0.121125,0.021375,0.565261,-0.106544,0.092672,-3.141587,0.000017,-0.000076
27.728513,-1.550002,-0.395024,-9.305001,-0.066000,-0.121125,0.021375,0.565287,-0.106461,0.092673,-3.141587,0.000019,-0.000086
27.732512,-1.510002,-0.335024,-9.425001,-0.069000,-0.121125,0.020375,0.565312,-0.106379,0.092673,-3.141587,0.000019,-0.000090
27.736513,-1.509999,-0.335019,-9.425000,-0.069000,-0.121125,0.020375,0.565339,-0.106292,0.092674,-3.141587,0.000013,-0.000078
27.740494,-1.510002,-0.335024,-9.425001,-0.069000,-0.121125,0.020375,0.565366,-0.106207,0.092672,-3.141587,0.000019,-0.000078
27.744510,-1.509999,-0.335019,-9.425000,-0.069000,-0.121125,0.020375,0.565393,-0.106119,0.092673,-3.141587,0.000014,-0.000066
27.748518,-1.510003,-0.335026,-9.425001,-0.069000,-0.121125,0.020375,0.565418,-0.106035,0.092672,-3.141587,0.000020,-0.000052
27.752512,-1.510002,-0.335025,-9.425001,-0.069000,-0.121125,0.020375,0.565445,-0.105947,0.092671,-3.141587,0.000020,-0.000040
27.756476,-1.510003,-0.335026,-9.425001,-0.069000,-0.121125,0.020375,0.565472,-0.105860,0.092672,-3.141588,0.000021,-0.000028
27.760517,-1.510000,-0.335021,-9.425000,-0.069000,-0.121125,0.020375,0.565499,-0.105772,0.092673,-3.141587,0.000016,-0.000016
27.764516,-1.510001,-0.335022,-9.425001,-0.069000,-0.121125,0.020375,0.565526,-0.105687,0.092674,-3.141587,0.000017,-0.000016
27.768523,-1.510004,-0.335028,-9.425001,-0.069000,-0.121125,0.020375,0.565552,-0.105602,0.092672,-3.141588,0.000023,-0.000055
27.772516,-1.510004,-0.335028,-9.425001,-0.069000,-0.121125,0.020375,0.565552,-0.105602,0.092672,-3.141588,0.000023,-0.000055
27.776519,-1.530001,-0.375022,-9.605001,-0.068000,-0.124125,0.021375,0.565604,-0.105430,0.092673,-3.141587,0.000017,-0.000030
27.780515,-1.529998,-0.375017,-9.605001,-0.068000,-0.124125,0.021375,0.565632,-0.105342,0.092675,-3.141587,0.000012,-0.000031
27.784477,-1.529994,-0.375012,-9.605000,-0.068000,-0.124125,0.021375,0.565659,-0.105257,0.092676,-3.141586,0.000006,-0.000044
27.788517,-1.529994,-0.375012,-9.605000,-0.068000,-0.124125,0.021375,0.565659,-0.105257,0.092676,-3.141586,0.000006,-0.000044
27.792512,-1.529995,-0.375014,-9.605000,-0.068000,-0.124125,0.021375,0.565718,-0.105064,0.092677,-3.141587,0.000008,-0.000070
27.796512,-1.529995,-0.375014,-9.605000,-0.068000,-0.124125,0.021375,0.565718,-0.105064,0.092677,-3.141587,0.000008,-0.000070
27.800510,-1.529992,-0.375007,-9.605000,-0.068000,-0.124125,0.021375,0.565772,-0.104891,0.092677,-3.141586,0.000002,-0.000097
27.804513,-1.529989,-0.375004,-9.605000,-0.068000,-0.124125,0.021375,0.565801,-0.104806,0.092679,-3.141586,-0.000002,-0.000110
27.808513,-1.529989,-0.375004,-9.605000,-0.068000,-0.124125,0.021375,0.565801,-0.104806,0.092679,-3.141586,-0.000002,-0.000110
27.812520,-1.529990,-0.375005,-9.605000,-0.068000,-0.124125,0.021375,0.565828,-0.104719,0.092680,-3.141586,-0.000001,-0.000112
27.816513,-1.559989,-0.385004,-9.695000,-0.067000,-0.129125,0.021375,0.565854,-0.104634,0.092679,-3.141586,-0.000002,-0.000111
27.820512,-1.559990,-0.385005,-9.695000,-0.067000,-0.129125,0.021375,0.565881,-0.104546,0.092679,-3.141586,-0.000000,-0.000106
27.824511,-1.559986,-0.384999,-9.694999,-0.067000,-0.129125,0.021375,0.565910,-0.104461,0.092680,-3.141585,-0.000007,-0.000099
27.828512,-1.559987,-0.385000,-9.694999,-0.067000,-0.129125,0.021375,0.565936,-0.104376,0.092681,-3.141585,-0.000005,-0.000092
27.832513,-1.559984,-0.384995,-9.694999,-0.067000,-0.129125,0.021375,0.565964,-0.104288,0.092682,-3.141585,-0.000011,-0.000073
27.836512,-1.559983,-0.384994,-9.694999,-0.067000,-0.129125,0.021375,0.565991,-0.104200,0.092681,-3.141585,-0.000012,-0.000054
27.840512,-1.559980,-0.384989,-9.694999,-0.067000,-0.129125,0.021375,0.566018,-0.104115,0.092682,-3.141585,-0.000017,-0.000040
27.844512,-1.559984,-0.384995,-9.694999,-0.067000,-0.129125,0.021375,0.566044,-0.104028,0.092680,-3.141585,-0.000011,-0.000035
27.848517,-1.559983,-0.384994,-9.694999,-0.067000,-0.129125,0.021375,0.566071,-0.103940,0.092679,-3.141585,-0.000012,-0.000023
27.852510,-1.559980,-0.384989,-9.694999,-0.067000,-0.129125,0.021375,0.566098,-0.103852,0.092680,-3.141584,-0.000018,-0.000018
27.856511,-1.579984,-0.374994,-9.634999,-0.067000,-0.127125,0.021375,0.566124,-0.103767,0.092679,-3.141585,-0.000012,-0.000024
27.860512,-1.579980,-0.374988,-9.634999,-0.067000,-0.127125,0.021375,0.566153,-0.103680,0.092679,-3.141584,-0.000018,-0.000026
27.864513,-1.579981,-0.374989,-9.634999,-0.067000,-0.127125,0.021375,0.566180,-0.103592,0.092680,-3.141585,-0.000017,-0.000034
27.868513,-1.579980,-0.374988,-9.634999,-0.067000,-0.127125,0.021375,0.566207,-0.103504,0.092679,-3.141584,-0.000018,-0.000043
27.872512,-1.579980,-0.374988,-9.634999,-0.067000,-0.127125,0.021375,0.566233,-0.103419,0.092678,-3.141584,-0.000018,-0.000062
27.876511,-1.579973,-0.374977,-9.634998,-0.067000,-0.127125,0.021375,0.566263,-0.103331,0.092681,-3.141584,-0.000029,-0.000071
27.880512,-1.579980,-0.374988,-9.634999,-0.067000,-0.127125,0.021375,0.566287,-0.103244,0.092677,-3.141584,-0.000018,-0.000079
27.884512,-1.579980,-0.374988,-9.634999,-0.067000,-0.127125,0.021375,0.566315,-0.103156,0.092677,-3.141584,-0.000018,-0.000081
27.888512,-1.579980,-0.374988,-9.634999,-0.067000,-0.127125,0.021375,0.566342,-0.103071,0.092676,-3.141584,-0.000019,-0.000087
27.892512,-1.579979,-0.374987,-9.634999,-0.067000,-0.127125,0.021375,0.566369,-0.102983,0.092675,-3.141584,-0.000019,-0.000082
27.896496,-1.579982,-0.374992,-9.634999,-0.067000,-0.127125,0.021375,0.566395,-0.102895,0.092673,-3.141585,-0.000014,-0.000076
27.900472,-1.679983,-0.384993,-9.654999,-0.067000,-0.130125,0.021375,0.566423,-0.102810,0.092673,-3.141585,-0.000013,-0.000109
27.904483,-1.679979,-0.384986,-9.654999,-0.067000,-0.130125,0.021375,0.566448,-0.102722,0.092673,-3.141584,-0.000020,-0.000098
27.908513,-1.679985,-0.384997,-9.654999,-0.067000,-0.130125,0.021375,0.566472,-0.102635,0.092669,-3.141585,-0.000009,-0.000052
27.912512,-1.679981,-0.384990,-9.654999,-0.067000,-0.130125,0.021375,0.566507,-0.102526,0.092669,-3.141585,-0.000016,-0.000045
27.916512,-1.679978,-0.384985,-9.654999,-0.067000,-0.130125,0.021375,0.566534,-0.102439,0.092671,-3.141584,-0.000021,-0.000033
27.920512,-1.679981,-0.384991,-9.654999,-0.067000,-0.130125,0.021375,0.566560,-0.102351,0.092669,-3.141585,-0.000015,-0.000021
27.924514,-1.679984,-0.384995,-9.654999,-0.067000,-0.130125,0.021375,0.566584,-0.102266,0.092666,-3.141585,-0.000011,-0.000020
27.928513,-1.679985,-0.384996,-9.654999,-0.067000,-0.130125,0.021375,0.566611,-0.102178,0.092667,-3.141585,-0.000010,-0.000015
27.932512,-1.679984,-0.384995,-9.654999,-0.067000,-0.130125,0.021375,0.566637,-0.102093,0.092665,-3.141585,-0.000011,-0.000015
27.936512,-1.679985,-0.384997,-9.654999,-0.067000,-0.130125,0.021375,0.566663,-0.102008,0.092666,-3.141585,-0.000009,-0.000014
27.940512,-1.679985,-0.384997,-9.654999,-0.067000,-0.130125,0.021375,0.566663,-0.102008,0.092666,-3.141585,-0.000009,-0.000014
27.944511,-1.759984,-0.364996,-9.924999,-0.072000,-0.132125,0.022375,0.566713,-0.101840,0.092665,-3.141585,-0.000010,-0.000017
27.948512,-1.759981,-0.364991,-9.924999,-0.072000,-0.132125,0.022375,0.566739,-0.101755,0.092666,-3.141585,-0.000016,-0.000017
27.952519,-1.759988,-0.365001,-9.924999,-0.072000,-0.132125,0.022375,0.566762,-0.101672,0.092662,-3.141586,-0.000004,-0.000027
27.956510,-1.759985,-0.364996,-9.924999,-0.072000,-0.132125,0.022375,0.566788,-0.101590,0.092664,-3.141585,-0.000010,-0.000031
27.960515,-1.759981,-0.364991,-9.924999,-0.072000,-0.132125,0.022375,0.566815,-0.101504,0.092665,-3.141585,-0.000015,-0.000037
27.964511,-1.759981,-0.364991,-9.924999,-0.072000,-0.132125,0.022375,0.566838,-0.101422,0.092665,-3.141585,-0.000015,-0.000048
27.968510,-1.759981,-0.364990,-9.924999,-0.072000,-0.132125,0.022375,0.566864,-0.101339,0.092664,-3.141585,-0.000016,-0.000052
27.972511,-1.759981,-0.364990,-9.924999,-0.072000,-0.132125,0.022375,0.566895,-0.101236,0.092663,-3.141585,-0.000016,-0.000053
27.976513,-1.739982,-0.384991,-10.424999,-0.074000,-0.136125,0.022375,0.566914,-0.101171,0.092664,-3.141585,-0.000015,-0.000048
27.980512,-1.739978,-0.384986,-10.424999,-0.074000,-0.136125,0.022375,0.566940,-0.101089,0.092665,-3.141584,-0.000020,-0.000045
27.984521,-1.739975,-0.384981,-10.424998,-0.074000,-0.136125,0.022375,0.566966,-0.101006,0.092667,-3.141584,-0.000026,-0.000036
27.988512,-1.739979,-0.384986,-10.424999,-0.074000,-0.136125,0.022375,0.566991,-0.100921,0.092665,-3.141584,-0.000020,-0.000029
27.992511,-1.739979,-0.384987,-10.424999,-0.074000,-0.136125,0.022375,0.567019,-0.100835,0.092665,-3.141584,-0.000019,-0.000055
27.996512,-1.739979,-0.384987,-10.424999,-0.074000,-0.136125,0.022375,0.567042,-0.100753,0.092664,-3.141584,-0.000019,-0.000045
28.000511,-1.739980,-0.384988,-10.424999,-0.074000,-0.136125,0.022375,0.567071,-0.100649,0.092665,-3.141584,-0.000018,-0.000006
28.004511,-1.739980,-0.384988,-10.424999,-0.074000,-0.136125,0.022375,0.567071,-0.100649,0.092665,-3.141584,-0.000018,-0.000006
28.008485,-1.739980,-0.384989,-10.424999,-0.074000,-0.136125,0.022375,0.567122,-0.100481,0.092665,-3.141584,-0.000018,-0.000003
28.012513,-1.739981,-0.384990,-10.424999,-0.074000,-0.136125,0.022375,0.567148,-0.100399,0.092665,-3.141584,-0.000016,-0.000000
28.016520,-1.739984,-0.384995,-10.424999,-0.074000,-0.136125,0.022375,0.567173,-0.100313,0.092663,-3.141585,-0.000010,-0.000040
28.020512,-1.689977,-0.354984,-10.654999,-0.077000,-0.137125,0.022375,0.567199,-0.100231,0.092665,-3.141584,-0.000023,-0.000010
28.024511,-1.689977,-0.354984,-10.654999,-0.077000,-0.137125,0.022375,0.567199,-0.100231,0.092665,-3.141584,-0.000023,-0.000010
28.028519,-1.689980,-0.354989,-10.654999,-0.077000,-0.137125,0.022375,0.567224,-0.100148,0.092664,-3.141584,-0.000017,-0.000021
28.032512,-1.689980,-0.354989,-10.654999,-0.077000,-0.137125,0.022375,0.567224,-0.100148,0.092664,-3.141584,-0.000017,-0.000021
28.036512,-1.689977,-0.354984,-10.654999,-0.077000,-0.137125,0.022375,0.567251,-0.100062,0.092665,-3.141584,-0.000022,-0.000020
28.040511,-1.689977,-0.354984,-10.654999,-0.077000,-0.137125,0.022375,0.567302,-0.099894,0.092665,-3.141584,-0.000022,-0.000030
28.044514,-1.689981,-0.354990,-10.654999,-0.077000,-0.137125,0.022375,0.567327,-0.099812,0.092663,-3.141584,-0.000016,-0.000041
28.048511,-1.689978,-0.354985,-10.654999,-0.077000,-0.137125,0.022375,0.567380,-0.099643,0.092664,-3.141584,-0.000021,-0.000044
28.052486,-1.689981,-0.354991,-10.654999,-0.077000,-0.137125,0.022375,0.567405,-0.099558,0.092662,-3.141585,-0.000015,-0.000037
28.056475,-1.689981,-0.354991,-10.654999,-0.077000,-0.137125,0.022375,0.567405,-0.099558,0.092662,-3.141585,-0.000015,-0.000037
28.060485,-1.689982,-0.354991,-10.654999,-0.077000,-0.137125,0.022375,0.567432,-0.099475,0.092662,-3.141585,-0.000015,-0.000041
28.064487,-1.689982,-0.354991,-10.654999,-0.077000,-0.137125,0.022375,0.567432,-0.099475,0.092662,-3.141585,-0.000015,-0.000041
28.068487,-1.689982,-0.354991,-10.654999,-0.077000,-0.137125,0.022375,0.567432,-0.099475,0.092662,-3.141585,-0.000015,-0.000041
28.072479,-1.759985,-0.304997,-10.715000,-0.079000,-0.142125,0.023375,0.567457,-0.099390,0.092660,-3.141585,-0.000009,-0.000040
28.076485,-1.759986,-0.304998,-10.715000,-0.079000,-0.142125,0.023375,0.567536,-0.099136,0.092660,-3.141585,-0.000008,-0.000043
28.080485,-1.759986,-0.304998,-10.715000,-0.079000,-0.142125,0.023375,0.567563,-0.099053,0.092659,-3.141585,-0.000008,-0.000053
28.084480,-1.759987,-0.305000,-10.715000,-0.079000,-0.142125,0.023375,0.567588,-0.098967,0.092660,-3.141585,-0.000006,-0.000059
28.088478,-1.759983,-0.304994,-10.715000,-0.079000,-0.142125,0.023375,0.567619,-0.098884,0.092661,-3.141585,-0.000012,-0.000104
28.092485,-1.759987,-0.305000,-10.715000,-0.079000,-0.142125,0.023375,0.567648,-0.098778,0.092659,-3.141585,-0.000006,-0.000067
28.096482,-1.759984,-0.304996,-10.715000,-0.079000,-0.142125,0.023375,0.567676,-0.098693,0.092662,-3.141585,-0.000010,-0.000066
28.100481,-1.759984,-0.304996,-10.715000,-0.079000,-0.142125,0.023375,0.567676,-0.098693,0.092662,-3.141585,-0.000010,-0.000066
28.104485,-1.799981,-0.294991,-10.824999,-0.080000,-0.144125,0.023375,0.567755,-0.098441,0.092663,-3.141585,-0.000015,-0.000080
28.108484,-1.799982,-0.294992,-10.824999,-0.080000,-0.144125,0.023375,0.567783,-0.098356,0.092663,-3.141585,-0.000014,-0.000080
28.112477,-1.799979,-0.294988,-10.824999,-0.080000,-0.144125,0.023375,0.567810,-0.098272,0.092665,-3.141584,-0.000018,-0.000084
28.116511,-1.799979,-0.294987,-10.824999,-0.080000,-0.144125,0.023375,0.567835,-0.098187,0.092664,-3.141584,-0.000019,-0.000083
28.120513,-1.799980,-0.294989,-10.824999,-0.080000,-0.144125,0.023375,0.567862,-0.098101,0.092666,-3.141584,-0.000017,-0.000076
28.124522,-1.799980,-0.294990,-10.824999,-0.080000,-0.144125,0.023375,0.567889,-0.098018,0.092665,-3.141584,-0.000016,-0.000073
28.128513,-1.799978,-0.294986,-10.824999,-0.080000,-0.144125,0.023375,0.567917,-0.097933,0.092668,-3.141584,-0.000020,-0.000065
28.132531,-1.799982,-0.294992,-10.824999,-0.080000,-0.144125,0.023375,0.567942,-0.097847,0.092666,-3.141585,-0.000015,-0.000058
28.136516,-1.799979,-0.294988,-10.824999,-0.080000,-0.144125,0.023375,0.567969,-0.097762,0.092668,-3.141584,-0.000019,-0.000058
28.140514,-1.819979,-0.414988,-11.034999,-0.076000,-0.143125,0.023375,0.567996,-0.097678,0.092668,-3.141584,-0.000018,-0.000061
28.144510,-1.819980,-0.414989,-11.034999,-0.076000,-0.143125,0.023375,0.568022,-0.097590,0.092669,-3.141584,-0.000017,-0.000056
28.148468,-1.819980,-0.414990,-11.034999,-0.076000,-0.143125,0.023375,0.568049,-0.097505,0.092669,-3.141584,-0.000016,-0.000062
28.152510,-1.819978,-0.414986,-11.034999,-0.076000,-0.143125,0.023375,0.568076,-0.097419,0.092671,-3.141584,-0.000020,-0.000069
28.156468,-1.819971,-0.414975,-11.034998,-0.076000,-0.143125,0.023375,0.568105,-0.097333,0.092674,-3.141583,-0.000031,-0.000081
28.160511,-1.819971,-0.414976,-11.034998,-0.076000,-0.143125,0.023375,0.568132,-0.097248,0.092674,-3.141583,-0.000031,-0.000088
28.164471,-1.819971,-0.414976,-11.034998,-0.076000,-0.143125,0.023375,0.568132,-0.097248,0.092674,-3.141583,-0.000031,-0.000088
28.168516,-1.819977,-0.414984,-11.034999,-0.076000,-0.143125,0.023375,0.568184,-0.097074,0.092674,-3.141584,-0.000022,-0.000095
28.172493,-1.819977,-0.414984,-11.034999,-0.076000,-0.143125,0.023375,0.568184,-0.097074,0.092674,-3.141584,-0.000022,-0.000095
28.176502,-1.829978,-0.444986,-11.054999,-0.076000,-0.143125,0.023375,0.568216,-0.096968,0.092675,-3.141584,-0.000021,-0.000099
28.180492,-1.779982,-0.424992,-10.964999,-0.078000,-0.140125,0.023375,0.568235,-0.096903,0.092674,-3.141585,-0.000014,-0.000141
28.184487,-1.779979,-0.424987,-10.964999,-0.078000,-0.140125,0.023375,0.568269,-0.096794,0.092676,-3.141584,-0.000019,-0.000100
28.188482,-1.779980,-0.424989,-10.964999,-0.078000,-0.140125,0.023375,0.568321,-0.096620,0.092676,-3.141584,-0.000017,-0.000094
28.192485,-1.779981,-0.424990,-10.964999,-0.078000,-0.140125,0.023375,0.568346,-0.096534,0.092677,-3.141584,-0.000016,-0.000087
28.196485,-1.779981,-0.424990,-10.964999,-0.078000,-0.140125,0.023375,0.568346,-0.096534,0.092677,-3.141584,-0.000016,-0.000087
28.200477,-1.779982,-0.424992,-10.964999,-0.078000,-0.140125,0.023375,0.568398,-0.096363,0.092677,-3.141585,-0.000014,-0.000065
28.204521,-1.779982,-0.424992,-10.964999,-0.078000,-0.140125,0.023375,0.568398,-0.096363,0.092677,-3.141585,-0.000014,-0.000065
28.208552,-1.779982,-0.424992,-10.964999,-0.078000,-0.140125,0.023375,0.568425,-0.096277,0.092677,-3.141585,-0.000014,-0.000058
28.212540,-1.779983,-0.424994,-10.964999,-0.078000,-0.140125,0.023375,0.568451,-0.096189,0.092678,-3.141585,-0.000012,-0.000046
28.216551,-1.719987,-0.384999,-10.725000,-0.077000,-0.136125,0.022375,0.568476,-0.096104,0.092676,-3.141585,-0.000006,-0.000032
28.220481,-1.719991,-0.385006,-10.725000,-0.077000,-0.136125,0.022375,0.568502,-0.096018,0.092675,-3.141586,0.000001,-0.000025
28.224492,-1.719992,-0.385008,-10.725000,-0.077000,-0.136125,0.022375,0.568527,-0.095933,0.092676,-3.141586,0.000002,-0.000018
28.228548,-1.719992,-0.385008,-10.725000,-0.077000,-0.136125,0.022375,0.568554,-0.095847,0.092676,-3.141586,0.000002,-0.000024
28.232551,-1.719993,-0.385009,-10.725000,-0.077000,-0.136125,0.022375,0.568579,-0.095761,0.092677,-3.141586,0.000004,-0.000023
28.236493,-1.719993,-0.385010,-10.725000,-0.077000,-0.136125,0.022375,0.568605,-0.095678,0.092677,-3.141586,0.000004,-0.000034
28.240541,-1.719997,-0.385015,-10.725000,-0.077000,-0.136125,0.022375,0.568630,-0.095592,0.092675,-3.141587,0.000010,-0.000040
28.244536,-1.719998,-0.385017,-10.725000,-0.077000,-0.136125,0.022375,0.568654,-0.095512,0.092675,-3.141587,0.000011,-0.000048
28.248532,-1.719998,-0.385017,-10.725000,-0.077000,-0.136125,0.022375,0.568680,-0.095429,0.092675,-3.141587,0.000012,-0.000059
28.252523,-1.719999,-0.385018,-10.725001,-0.077000,-0.136125,0.022375,0.568705,-0.095346,0.092676,-3.141587,0.000013,-0.000069
28.256453,-1.720002,-0.385024,-10.725001,-0.077000,-0.136125,0.022375,0.568729,-0.095265,0.092674,-3.141588,0.000019,-0.000078
28.260521,-1.750000,-0.355020,-10.685001,-0.078000,-0.139125,0.023375,0.568756,-0.095179,0.092677,-3.141587,0.000015,-0.000077
28.264484,-1.750003,-0.355025,-10.685001,-0.078000,-0.139125,0.023375,0.568780,-0.095096,0.092675,-3.141588,0.000021,-0.000081
28.268515,-1.750004,-0.355027,-10.685001,-0.078000,-0.139125,0.023375,0.568804,-0.095013,0.092676,-3.141588,0.000022,-0.000085
28.272515,-1.750016,-0.355028,-10.685001,-0.078000,-0.139125,0.023375,0.568828,-0.094931,0.092674,3.141590,0.000027,-0.000082
28.276513,-1.750016,-0.355030,-10.685001,-0.078000,-0.139125,0.023375,0.568853,-0.094848,0.092674,3.141590,0.000028,-0.000073
28.280504,-1.750018,-0.355032,-10.685002,-0.078000,-0.139125,0.023375,0.568879,-0.094764,0.092676,3.141590,0.000031,-0.000090
28.284514,-1.750011,-0.355021,-10.685001,-0.078000,-0.139125,0.023375,0.568908,-0.094681,0.092678,3.141591,0.000019,-0.000067
28.288515,-1.750014,-0.355026,-10.685001,-0.078000,-0.139125,0.023375,0.568936,-0.094575,0.092677,3.141590,0.000025,-0.000010
28.292511,-1.750015,-0.355028,-10.685001,-0.078000,-0.139125,0.023375,0.568960,-0.094494,0.092677,3.141590,0.000026,0.000002
28.296511,-1.740015,-0.365028,-10.775002,-0.078000,-0.140125,0.023375,0.568986,-0.094411,0.092677,3.141590,0.000027,0.000011
28.300512,-1.760016,-0.385029,-10.845001,-0.077000,-0.141125,0.024375,0.569011,-0.094325,0.092678,3.141590,0.000028,0.000025
28.304468,-1.760017,-0.385030,-10.845001,-0.077000,-0.141125,0.024375,0.569037,-0.094244,0.092678,3.141590,0.000029,0.000030
28.308493,-1.760017,-0.385030,-10.845001,-0.077000,-0.141125,0.024375,0.569037,-0.094244,0.092678,3.141590,0.000029,0.000030
28.312513,-1.760022,-0.385039,-10.845002,-0.077000,-0.141125,0.024375,0.569085,-0.094078,0.092678,3.141589,0.000038,0.000029
28.316511,-1.760020,-0.385035,-10.845002,-0.077000,-0.141125,0.024375,0.569111,-0.093995,0.092681,3.141589,0.000034,0.000025
28.320511,-1.760020,-0.385035,-10.845002,-0.077000,-0.141125,0.024375,0.569137,-0.093912,0.092681,3.141589,0.000034,0.000015
28.324486,-1.760021,-0.385037,-10.845002,-0.077000,-0.141125,0.024375,0.569162,-0.093828,0.092681,3.141589,0.000036,0.000011
28.328512,-1.760018,-0.385033,-10.845001,-0.077000,-0.141125,0.024375,0.569188,-0.093748,0.092684,3.141590,0.000032,-0.000004
28.332512,-1.760019,-0.385034,-10.845002,-0.077000,-0.141125,0.024375,0.569212,-0.093664,0.092685,3.141589,0.000033,-0.000015
28.336515,-1.760019,-0.385034,-10.845002,-0.077000,-0.141125,0.024375,0.569238,-0.093581,0.092684,3.141589,0.000033,-0.000025
28.340511,-1.880020,-0.425036,-11.015002,-0.078000,-0.146125,0.026375,0.569262,-0.093500,0.092685,3.141589,0.000035,-0.000041
28.344517,-1.880025,-0.425042,-11.015002,-0.078000,-0.146125,0.026375,0.569287,-0.093420,0.092684,3.141589,0.000042,-0.000056
28.348514,-1.880022,-0.425039,-11.015002,-0.078000,-0.146125,0.026375,0.569313,-0.093336,0.092687,3.141589,0.000038,-0.000073
28.352513,-1.880020,-0.425035,-11.015002,-0.078000,-0.146125,0.026375,0.569339,-0.093255,0.092689,3.141589,0.000034,-0.000075
28.356486,-1.880020,-0.425035,-11.015002,-0.078000,-0.146125,0.026375,0.569365,-0.093172,0.092689,3.141589,0.000034,-0.000065
28.360511,-1.880014,-0.425026,-11.015001,-0.078000,-0.146125,0.026375,0.569394,-0.093091,0.092693,3.141590,0.000025,-0.000053
28.364514,-1.880015,-0.425026,-11.015001,-0.078000,-0.146125,0.026375,0.569420,-0.093008,0.092693,3.141590,0.000025,-0.000030
28.368512,-1.880016,-0.425028,-11.015001,-0.078000,-0.146125,0.026375,0.569451,-0.092904,0.092694,3.141590,0.000027,-0.000005
28.372512,-1.880016,-0.425029,-11.015001,-0.078000,-0.146125,0.026375,0.569471,-0.092843,0.092695,3.141590,0.000028,0.000005
28.376511,-1.900014,-0.465026,-10.995001,-0.078000,-0.143125,0.026375,0.569504,-0.092742,0.092697,3.141590,0.000025,0.000019
28.380514,-1.900018,-0.465032,-10.995002,-0.078000,-0.143125,0.026375,0.569522,-0.092682,0.092696,3.141590,0.000031,-0.000006
28.384485,-1.900009,-0.465018,-10.995001,-0.078000,-0.143125,0.026375,0.569553,-0.092598,0.092702,3.141591,0.000016,0.000004
28.388513,-1.900016,-0.465029,-10.995001,-0.078000,-0.143125,0.026375,0.569581,-0.092494,0.092699,3.141590,0.000028,0.000043
28.392469,-1.900010,-0.465020,-10.995001,-0.078000,-0.143125,0.026375,0.569609,-0.092415,0.092703,3.141591,0.000019,0.000037
28.396512,-1.900011,-0.465020,-10.995001,-0.078000,-0.143125,0.026375,0.569635,-0.092335,0.092703,3.141591,0.000019,0.000035
28.400498,-1.900008,-0.465017,-10.995001,-0.078000,-0.143125,0.026375,0.569661,-0.092251,0.092705,3.141591,0.000015,0.000024
28.404512,-1.900008,-0.465017,-10.995001,-0.078000,-0.143125,0.026375,0.569687,-0.092168,0.092705,3.141591,0.000015,0.000014
28.408511,-1.900005,-0.465012,-10.995000,-0.078000,-0.143125,0.026375,0.569715,-0.092086,0.092707,3.141592,0.000010,-0.000001
28.412512,-1.899995,-0.465012,-10.995000,-0.078000,-0.143125,0.026375,0.569740,-0.092005,0.092709,-3.141587,0.000007,-0.000016
28.416513,-1.739999,-0.505019,-10.765001,-0.074000,-0.137125,0.026375,0.569766,-0.091922,0.092708,-3.141587,0.000014,-0.000027
28.420512,-1.739996,-0.505015,-10.765000,-0.074000,-0.137125,0.026375,0.569793,-0.091840,0.092710,-3.141587,0.000009,-0.000049
28.424484,-1.739994,-0.505011,-10.765000,-0.074000,-0.137125,0.026375,0.569819,-0.091759,0.092712,-3.141586,0.000005,-0.000064
28.428512,-1.739998,-0.505018,-10.765000,-0.074000,-0.137125,0.026375,0.569844,-0.091676,0.092711,-3.141587,0.000012,-0.000075
28.432516,-1.739999,-0.505018,-10.765001,-0.074000,-0.137125,0.026375,0.569870,-0.091593,0.092711,-3.141587,0.000013,-0.000079
28.436513,-1.739999,-0.505018,-10.765001,-0.074000,-0.137125,0.026375,0.569896,-0.091509,0.092711,-3.141587,0.000013,-0.000083
28.440511,-1.739999,-0.505018,-10.765001,-0.074000,-0.137125,0.026375,0.569896,-0.091509,0.092711,-3.141587,0.000013,-0.000083
28.444512,-1.740001,-0.505021,-10.765001,-0.074000,-0.137125,0.026375,0.569948,-0.091337,0.092713,-3.141588,0.000016,-0.000075
28.448511,-1.740001,-0.505022,-10.765001,-0.074000,-0.137125,0.026375,0.569974,-0.091251,0.092713,-3.141588,0.000017,-0.000060
28.452511,-1.739998,-0.505018,-10.765000,-0.074000,-0.137125,0.026375,0.570001,-0.091162,0.092715,-3.141587,0.000013,-0.000042
28.456511,-1.609999,-0.455018,-10.475001,-0.073000,-0.131125,0.024375,0.570027,-0.091079,0.092715,-3.141587,0.000013,-0.000032
28.460513,-1.609999,-0.455019,-10.475001,-0.073000,-0.131125,0.024375,0.570053,-0.090993,0.092715,-3.141587,0.000013,-0.000025
28.464512,-1.610001,-0.455021,-10.475001,-0.073000,-0.131125,0.024375,0.570079,-0.090906,0.092717,-3.141588,0.000016,-0.000018
28.468511,-1.610001,-0.455021,-10.475001,-0.073000,-0.131125,0.024375,0.570106,-0.090818,0.092717,-3.141588,0.000017,-0.000046
28.472511,-1.609999,-0.455018,-10.475001,-0.073000,-0.131125,0.024375,0.570132,-0.090734,0.092719,-3.141587,0.000013,-0.000043
28.476516,-1.610003,-0.455024,-10.475001,-0.073000,-0.131125,0.024375,0.570157,-0.090648,0.092718,-3.141588,0.000020,-0.000049
28.480509,-1.609997,-0.455015,-10.475000,-0.073000,-0.131125,0.024375,0.570186,-0.090562,0.092722,-3.141587,0.000010,-0.000056
28.484516,-1.610000,-0.455020,-10.475001,-0.073000,-0.131125,0.024375,0.570215,-0.090455,0.092720,-3.141587,0.000015,-0.000026
28.488511,-1.609998,-0.455016,-10.475000,-0.073000,-0.131125,0.024375,0.570241,-0.090369,0.092722,-3.141587,0.000011,-0.000039
28.492516,-1.609999,-0.455019,-10.475001,-0.073000,-0.131125,0.024375,0.570267,-0.090285,0.092724,-3.141587,0.000014,-0.000049
28.496480,-1.650003,-0.385024,-10.295001,-0.073000,-0.133125,0.024375,0.570291,-0.090199,0.092722,-3.141588,0.000019,-0.000062
28.500511,-1.650000,-0.385020,-10.295001,-0.073000,-0.133125,0.024375,0.570317,-0.090113,0.092724,-3.141588,0.000015,-0.000075
28.504521,-1.650001,-0.385021,-10.295001,-0.073000,-0.133125,0.024375,0.570343,-0.090030,0.092724,-3.141588,0.000016,-0.000099
28.508515,-1.649998,-0.385017,-10.295001,-0.073000,-0.133125,0.024375,0.570369,-0.089943,0.092727,-3.141587,0.000012,-0.000105
28.512511,-1.649998,-0.385017,-10.295001,-0.073000,-0.133125,0.024375,0.570395,-0.089860,0.092727,-3.141587,0.000012,-0.000116
28.516512,-1.649999,-0.385019,-10.295001,-0.073000,-0.133125,0.024375,0.570419,-0.089774,0.092727,-3.141587,0.000014,-0.000108
28.520512,-1.649999,-0.385019,-10.295001,-0.073000,-0.133125,0.024375,0.570445,-0.089688,0.092727,-3.141587,0.000014,-0.000108
28.524484,-1.649997,-0.385015,-10.295001,-0.073000,-0.133125,0.024375,0.570471,-0.089601,0.092730,-3.141587,0.000010,-0.000094
28.528530,-1.649997,-0.385016,-10.295001,-0.073000,-0.133125,0.024375,0.570497,-0.089515,0.092729,-3.141587,0.000010,-0.000080
28.532477,-1.649999,-0.385018,-10.295001,-0.073000,-0.133125,0.024375,0.570522,-0.089429,0.092731,-3.141587,0.000013,-0.000065
28.536512,-1.649999,-0.385018,-10.295001,-0.073000,-0.133125,0.024375,0.570522,-0.089429,0.092731,-3.141587,0.000013,-0.000065
28.540528,-1.759996,-0.295015,-10.155000,-0.074000,-0.137125,0.025375,0.570575,-0.089257,0.092734,-3.141587,0.000009,-0.000044
28.544509,-1.759997,-0.295015,-10.155000,-0.074000,-0.137125,0.025375,0.570601,-0.089168,0.092733,-3.141587,0.000010,-0.000032
28.548519,-1.760001,-0.295022,-10.155001,-0.074000,-0.137125,0.025375,0.570626,-0.089082,0.092733,-3.141588,0.000017,-0.000018
28.552510,-1.759995,-0.295013,-10.155000,-0.074000,-0.137125,0.025375,0.570655,-0.088995,0.092737,-3.141587,0.000008,-0.000011
28.556525,-1.759996,-0.295013,-10.155000,-0.074000,-0.137125,0.025375,0.570681,-0.088906,0.092737,-3.141587,0.000008,-0.000006
28.560509,-1.759996,-0.295014,-10.155000,-0.074000,-0.137125,0.025375,0.570707,-0.088820,0.092737,-3.141587,0.000008,-0.000012
28.564519,-1.760000,-0.295020,-10.155001,-0.074000,-0.137125,0.025375,0.570732,-0.088734,0.092736,-3.141588,0.000015,-0.000018
28.568510,-1.760000,-0.295020,-10.155001,-0.074000,-0.137125,0.025375,0.570732,-0.088734,0.092736,-3.141588,0.000015,-0.000018
28.572502,-1.760001,-0.295021,-10.155001,-0.074000,-0.137125,0.025375,0.570784,-0.088559,0.092736,-3.141588,0.000016,-0.000032
28.576500,-1.760001,-0.295021,-10.155001,-0.074000,-0.137125,0.025375,0.570784,-0.088559,0.092736,-3.141588,0.000016,-0.000032
28.580492,-1.759995,-0.315013,-10.075000,-0.073000,-0.134125,0.025375,0.570819,-0.088451,0.092740,-3.141587,0.000007,-0.000056
28.584486,-1.759999,-0.315019,-10.075000,-0.073000,-0.134125,0.025375,0.570865,-0.088300,0.092738,-3.141587,0.000014,-0.000078
28.588453,-1.760004,-0.315025,-10.075001,-0.073000,-0.134125,0.025375,0.570890,-0.088213,0.092737,-3.141588,0.000021,-0.000084
28.592479,-1.760004,-0.315025,-10.075001,-0.073000,-0.134125,0.025375,0.570890,-0.088213,0.092737,-3.141588,0.000021,-0.000084
28.596479,-1.759995,-0.315012,-10.075000,-0.073000,-0.134125,0.025375,0.570954,-0.088017,0.092743,-3.141587,0.000007,-0.000082
28.600477,-1.759992,-0.315007,-10.075000,-0.073000,-0.134125,0.025375,0.570982,-0.087930,0.092745,-3.141586,0.000002,-0.000075
28.604475,-1.759992,-0.315007,-10.075000,-0.073000,-0.134125,0.025375,0.570982,-0.087930,0.092745,-3.141586,0.000002,-0.000075
28.608481,-1.759999,-0.315018,-10.075000,-0.073000,-0.134125,0.025375,0.571007,-0.087844,0.092741,-3.141587,0.000013,-0.000068
28.612479,-1.759997,-0.315015,-10.075000,-0.073000,-0.134125,0.025375,0.571062,-0.087668,0.092744,-3.141587,0.000010,-0.000042
28.616479,-1.739994,-0.355011,-10.045000,-0.072000,-0.132125,0.024375,0.571090,-0.087582,0.092745,-3.141586,0.000005,-0.000028
28.620478,-1.739994,-0.355011,-10.045000,-0.072000,-0.132125,0.024375,0.571090,-0.087582,0.092745,-3.141586,0.000005,-0.000028
28.624452,-1.739995,-0.355012,-10.045000,-0.072000,-0.132125,0.024375,0.571118,-0.087493,0.092746,-3.141587,0.000007,-0.000016
28.628550,-1.739995,-0.355012,-10.045000,-0.072000,-0.132125,0.024375,0.571145,-0.087406,0.092746,-3.141587,0.000007,-0.000009
28.632553,-1.739992,-0.355007,-10.045000,-0.072000,-0.132125,0.024375,0.571173,-0.087320,0.092747,-3.141586,0.000002,-0.000008
28.636550,-1.739993,-0.355009,-10.045000,-0.072000,-0.132125,0.024375,0.571200,-0.087233,0.092748,-3.141586,0.000003,-0.000001
28.640486,-1.739986,-0.354999,-10.045000,-0.072000,-0.132125,0.024375,0.571231,-0.087146,0.092751,-3.141585,-0.000007,0.000000
28.644548,-1.739987,-0.355001,-10.045000,-0.072000,-0.132125,0.024375,0.571258,-0.087057,0.092752,-3.141585,-0.000005,0.000005
28.648517,-1.739987,-0.355001,-10.045000,-0.072000,-0.132125,0.024375,0.571258,-0.087057,0.092752,-3.141585,-0.000005,0.000005
28.652549,-1.739988,-0.355002,-10.045000,-0.072000,-0.132125,0.024375,0.571313,-0.086884,0.092752,-3.141585,-0.000004,-0.000000
28.656478,-1.659985,-0.354997,-10.014999,-0.073000,-0.129125,0.023375,0.571340,-0.086800,0.092754,-3.141585,-0.000009,-0.000011
28.660548,-1.639986,-0.354999,-10.014999,-0.073000,-0.129125,0.023375,0.571367,-0.086713,0.092755,-3.141585,-0.000007,-0.000017
28.664544,-1.639980,-0.354990,-10.014999,-0.073000,-0.129125,0.023375,0.571399,-0.086626,0.092759,-3.141584,-0.000016,-0.000064
28.668545,-1.639981,-0.354991,-10.014999,-0.073000,-0.129125,0.023375,0.571423,-0.086540,0.092760,-3.141584,-0.000015,-0.000029
28.672476,-1.639985,-0.354997,-10.014999,-0.073000,-0.129125,0.023375,0.571449,-0.086456,0.092758,-3.141585,-0.000008,-0.000080
28.676536,-1.639982,-0.354993,-10.014999,-0.073000,-0.129125,0.023375,0.571481,-0.086366,0.092760,-3.141584,-0.000013,-0.000075
28.680477,-1.639981,-0.354991,-10.014999,-0.073000,-0.129125,0.023375,0.571511,-0.086259,0.092764,-3.141584,-0.000016,-0.000039
28.684509,-1.639981,-0.354991,-10.014999,-0.073000,-0.129125,0.023375,0.571537,-0.086173,0.092763,-3.141584,-0.000015,-0.000038
28.688525,-1.639982,-0.354993,-10.014999,-0.073000,-0.129125,0.023375,0.571563,-0.086089,0.092764,-3.141584,-0.000013,-0.000042
28.692520,-1.639982,-0.354993,-10.014999,-0.073000,-0.129125,0.023375,0.571563,-0.086089,0.092764,-3.141584,-0.000013,-0.000042
28.696517,-1.639983,-0.354994,-10.014999,-0.073000,-0.129125,0.023375,0.571591,-0.086000,0.092765,-3.141585,-0.000012,-0.000030
28.700485,-1.639980,-0.354990,-10.014999,-0.073000,-0.129125,0.023375,0.571618,-0.085913,0.092767,-3.141584,-0.000017,-0.000023
28.704516,-1.539981,-0.384992,-9.934999,-0.070000,-0.127125,0.023375,0.571643,-0.085829,0.092769,-3.141584,-0.000014,-0.000027
28.708496,-1.539986,-0.384999,-9.935000,-0.070000,-0.127125,0.023375,0.571695,-0.085656,0.092767,-3.141585,-0.000007,-0.000019
28.712513,-1.539983,-0.384994,-9.934999,-0.070000,-0.127125,0.023375,0.571723,-0.085569,0.092769,-3.141584,-0.000012,-0.000018
28.716511,-1.539987,-0.385001,-9.935000,-0.070000,-0.127125,0.023375,0.571747,-0.085483,0.092768,-3.141585,-0.000005,-0.000017
28.720510,-1.539984,-0.384996,-9.934999,-0.070000,-0.127125,0.023375,0.571775,-0.085396,0.092769,-3.141585,-0.000010,-0.000017
28.724484,-1.539984,-0.384996,-9.934999,-0.070000,-0.127125,0.023375,0.571775,-0.085396,0.092769,-3.141585,-0.000010,-0.000017
28.728512,-1.539990,-0.385004,-9.935000,-0.070000,-0.127125,0.023375,0.571827,-0.085223,0.092770,-3.141586,-0.000001,-0.000016
28.732512,-1.539987,-0.385001,-9.935000,-0.070000,-0.127125,0.023375,0.571852,-0.085139,0.092772,-3.141585,-0.000005,-0.000026
28.736513,-1.539987,-0.385001,-9.935000,-0.070000,-0.127125,0.023375,0.571852,-0.085139,0.092772,-3.141585,-0.000005,-0.000026
28.740511,-1.539992,-0.385007,-9.935000,-0.070000,-0.127125,0.023375,0.571876,-0.085055,0.092771,-3.141586,0.000002,-0.000037
28.744511,-1.539992,-0.385007,-9.935000,-0.070000,-0.127125,0.023375,0.571876,-0.085055,0.092771,-3.141586,0.000002,-0.000037
28.748516,-1.489993,-0.315009,-9.615000,-0.069000,-0.125125,0.022375,0.571950,-0.084809,0.092771,-3.141586,0.000003,-0.000057
28.752512,-1.489993,-0.315009,-9.615000,-0.069000,-0.125125,0.022375,0.571950,-0.084809,0.092771,-3.141586,0.000003,-0.000057
28.756513,-1.489993,-0.315009,-9.615000,-0.069000,-0.125125,0.022375,0.571950,-0.084809,0.092771,-3.141586,0.000003,-0.000057
28.760511,-1.489994,-0.315011,-9.615000,-0.069000,-0.125125,0.022375,0.571974,-0.084725,0.092773,-3.141587,0.000006,-0.000055
28.764513,-1.489998,-0.315017,-9.615000,-0.069000,-0.125125,0.022375,0.572045,-0.084481,0.092771,-3.141587,0.000012,-0.000039
28.768511,-1.489999,-0.315018,-9.615000,-0.069000,-0.125125,0.022375,0.572070,-0.084399,0.092770,-3.141587,0.000013,-0.000034
28.772511,-1.489999,-0.315018,-9.615000,-0.069000,-0.125125,0.022375,0.572070,-0.084399,0.092770,-3.141587,0.000013,-0.000034
28.776511,-1.489997,-0.315016,-9.615000,-0.069000,-0.125125,0.022375,0.572103,-0.084294,0.092774,-3.141587,0.000011,-0.000029
28.780513,-1.570001,-0.265022,-9.495001,-0.070000,-0.127125,0.021375,0.572150,-0.084132,0.092772,-3.141588,0.000017,-0.000039
28.784509,-1.570001,-0.265022,-9.495001,-0.070000,-0.127125,0.021375,0.572150,-0.084132,0.092772,-3.141588,0.000017,-0.000039
28.788478,-1.570002,-0.265023,-9.495001,-0.070000,-0.127125,0.021375,0.572173,-0.084066,0.092773,-3.141588,0.000018,-0.000068
28.792481,-1.570006,-0.265029,-9.495001,-0.070000,-0.127125,0.021375,0.572198,-0.083966,0.092771,-3.141589,0.000024,-0.000038
28.796530,-1.570003,-0.265025,-9.495001,-0.070000,-0.127125,0.021375,0.572250,-0.083798,0.092773,-3.141588,0.000020,-0.000039
28.800511,-1.570004,-0.265026,-9.495001,-0.070000,-0.127125,0.021375,0.572272,-0.083719,0.092774,-3.141588,0.000021,-0.000052
28.804511,-1.570005,-0.265027,-9.495001,-0.070000,-0.127125,0.021375,0.572298,-0.083635,0.092774,-3.141589,0.000023,-0.000056
28.808483,-1.570009,-0.265033,-9.495001,-0.070000,-0.127125,0.021375,0.572321,-0.083552,0.092773,-3.141589,0.000029,-0.000053
28.812513,-1.570009,-0.265033,-9.495001,-0.070000,-0.127125,0.021375,0.572321,-0.083552,0.092773,-3.141589,0.000029,-0.000053
28.816511,-1.570006,-0.265028,-9.495001,-0.070000,-0.127125,0.021375,0.572347,-0.083470,0.092774,-3.141589,0.000024,-0.000061
28.820511,-1.620007,-0.255030,-9.565001,-0.074000,-0.125125,0.021375,0.572398,-0.083304,0.092775,-3.141589,0.000026,-0.000060
28.824483,-1.620009,-0.255033,-9.565002,-0.074000,-0.125125,0.021375,0.572422,-0.083223,0.092777,-3.141589,0.000029,-0.000062
28.828514,-1.620009,-0.255033,-9.565002,-0.074000,-0.125125,0.021375,0.572446,-0.083141,0.092777,-3.141589,0.000029,-0.000057
28.832517,-1.620006,-0.255029,-9.565001,-0.074000,-0.125125,0.021375,0.572473,-0.083057,0.092778,-3.141589,0.000024,-0.000047
28.836511,-1.620003,-0.255024,-9.565001,-0.074000,-0.125125,0.021375,0.572499,-0.082975,0.092780,-3.141588,0.000019,-0.000042
28.840513,-1.620004,-0.255026,-9.565001,-0.074000,-0.125125,0.021375,0.572525,-0.082891,0.092781,-3.141588,0.000021,-0.000033
28.844511,-1.620009,-0.255032,-9.565001,-0.074000,-0.125125,0.021375,0.572548,-0.082812,0.092780,-3.141589,0.000028,-0.000032
28.848513,-1.620006,-0.255028,-9.565001,-0.074000,-0.125125,0.021375,0.572575,-0.082730,0.092782,-3.141589,0.000023,-0.000027
28.852514,-1.620007,-0.365029,-9.795001,-0.071000,-0.124125,0.022375,0.572601,-0.082649,0.092783,-3.141589,0.000025,-0.000022
28.856531,-1.620000,-0.365019,-9.795001,-0.071000,-0.124125,0.022375,0.572629,-0.082567,0.092786,-3.141588,0.000014,-0.000024
28.860513,-1.620005,-0.365026,-9.795001,-0.071000,-0.124125,0.022375,0.572653,-0.082485,0.092785,-3.141588,0.000022,-0.000019
28.864512,-1.619998,-0.365016,-9.795001,-0.071000,-0.124125,0.022375,0.572681,-0.082403,0.092788,-3.141587,0.000011,-0.000027
28.868511,-1.619999,-0.365018,-9.795001,-0.071000,-0.124125,0.022375,0.572707,-0.082321,0.092789,-3.141587,0.000013,-0.000035
28.872512,-1.619999,-0.365018,-9.795001,-0.071000,-0.124125,0.022375,0.572733,-0.082240,0.092788,-3.141587,0.000013,-0.000044
28.876511,-1.620000,-0.365019,-9.795001,-0.071000,-0.124125,0.022375,0.572759,-0.082161,0.092789,-3.141588,0.000014,-0.000057
28.880511,-1.619993,-0.365009,-9.795000,-0.071000,-0.124125,0.022375,0.572787,-0.082078,0.092793,-3.141586,0.000004,-0.000058
28.884511,-1.619994,-0.365011,-9.795000,-0.071000,-0.124125,0.022375,0.572813,-0.081997,0.092794,-3.141587,0.000006,-0.000067
28.888513,-1.619998,-0.365017,-9.795001,-0.071000,-0.124125,0.022375,0.572838,-0.081915,0.092792,-3.141587,0.000012,-0.000069
28.892477,-1.619995,-0.365012,-9.795000,-0.071000,-0.124125,0.022375,0.572864,-0.081833,0.092794,-3.141587,0.000007,-0.000070
28.896469,-1.549996,-0.375014,-9.805000,-0.071000,-0.123125,0.022375,0.572890,-0.081749,0.092795,-3.141587,0.000009,-0.000067
28.900465,-1.549993,-0.375010,-9.805000,-0.071000,-0.123125,0.022375,0.572920,-0.081669,0.092796,-3.141586,0.000004,-0.000094
28.904512,-1.550001,-0.375022,-9.805001,-0.071000,-0.123125,0.022375,0.572941,-0.081585,0.092794,-3.141588,0.000017,-0.000084
28.908512,-1.549997,-0.375015,-9.805000,-0.071000,-0.123125,0.022375,0.572974,-0.081485,0.092794,-3.141587,0.000010,-0.000041
28.912513,-1.549998,-0.375017,-9.805000,-0.071000,-0.123125,0.022375,0.573000,-0.081401,0.092795,-3.141587,0.000012,-0.000024
28.916511,-1.549995,-0.375012,-9.805000,-0.071000,-0.123125,0.022375,0.573026,-0.081321,0.092796,-3.141587,0.000007,-0.000017
28.920512,-1.549995,-0.375012,-9.805000,-0.071000,-0.123125,0.022375,0.573052,-0.081237,0.092796,-3.141587,0.000006,-0.000001
28.924485,-1.549996,-0.375013,-9.805000,-0.071000,-0.123125,0.022375,0.573078,-0.081155,0.092796,-3.141587,0.000008,0.000004
28.928514,-1.549997,-0.375015,-9.805000,-0.071000,-0.123125,0.022375,0.573103,-0.081073,0.092797,-3.141587,0.000010,0.000009
28.932511,-1.549997,-0.375015,-9.805000,-0.071000,-0.123125,0.022375,0.573130,-0.080989,0.092796,-3.141587,0.000009,0.000019
28.936512,-1.459998,-0.405016,-9.635000,-0.068000,-0.121125,0.020375,0.573155,-0.080905,0.092797,-3.141587,0.000011,0.000022
28.940513,-1.459998,-0.405016,-9.635000,-0.068000,-0.121125,0.020375,0.573155,-0.080905,0.092797,-3.141587,0.000011,0.000022
28.944514,-1.459999,-0.405018,-9.635000,-0.068000,-0.121125,0.020375,0.573208,-0.080731,0.092797,-3.141587,0.000013,0.000009
28.948516,-1.459999,-0.405018,-9.635000,-0.068000,-0.121125,0.020375,0.573208,-0.080731,0.092797,-3.141587,0.000013,0.000009
28.952511,-1.460000,-0.405019,-9.635000,-0.068000,-0.121125,0.020375,0.573261,-0.080559,0.092797,-3.141588,0.000014,-0.000014
28.956512,-1.460001,-0.405020,-9.635001,-0.068000,-0.121125,0.020375,0.573287,-0.080472,0.092798,-3.141588,0.000016,-0.000027
28.960511,-1.460005,-0.405027,-9.635001,-0.068000,-0.121125,0.020375,0.573311,-0.080385,0.092798,-3.141589,0.000023,-0.000033
28.964513,-1.460005,-0.405027,-9.635001,-0.068000,-0.121125,0.020375,0.573337,-0.080298,0.092797,-3.141589,0.000022,-0.000046
28.968515,-1.460010,-0.405034,-9.635001,-0.068000,-0.121125,0.020375,0.573361,-0.080212,0.092796,-3.141589,0.000029,-0.000052
28.972514,-1.460007,-0.365029,-9.655001,-0.068000,-0.124125,0.021375,0.573394,-0.080103,0.092798,-3.141589,0.000025,-0.000062
28.976512,-1.460008,-0.365031,-9.655001,-0.068000,-0.124125,0.021375,0.573414,-0.080038,0.092798,-3.141589,0.000026,-0.000064
28.980513,-1.460008,-0.365031,-9.655001,-0.068000,-0.124125,0.021375,0.573414,-0.080038,0.092798,-3.141589,0.000026,-0.000064
28.984512,-1.460005,-0.365026,-9.655001,-0.068000,-0.124125,0.021375,0.573447,-0.079929,0.092800,-3.141589,0.000022,-0.000061
28.988515,-1.460006,-0.365028,-9.655001,-0.068000,-0.124125,0.021375,0.573497,-0.079758,0.092801,-3.141589,0.000024,-0.000051
28.992509,-1.460006,-0.365028,-9.655001,-0.068000,-0.124125,0.021375,0.573497,-0.079758,0.092801,-3.141589,0.000024,-0.000051
28.996478,-1.460004,-0.365025,-9.655001,-0.068000,-0.124125,0.021375,0.573550,-0.079584,0.092804,-3.141588,0.000021,-0.000016
29.000518,-1.460001,-0.365021,-9.655001,-0.068000,-0.124125,0.021375,0.573577,-0.079497,0.092805,-3.141588,0.000016,-0.000002
29.004515,-1.460004,-0.365025,-9.655001,-0.068000,-0.124125,0.021375,0.573601,-0.079410,0.092803,-3.141588,0.000021,0.000019
29.008511,-1.460004,-0.365025,-9.655001,-0.068000,-0.124125,0.021375,0.573601,-0.079410,0.092803,-3.141588,0.000021,0.000019
29.012515,-1.460009,-0.365032,-9.655001,-0.068000,-0.124125,0.021375,0.573624,-0.079326,0.092802,-3.141589,0.000028,0.000022
29.016514,-1.460005,-0.365027,-9.655001,-0.068000,-0.124125,0.021375,0.573651,-0.079238,0.092803,-3.141589,0.000023,0.000029
29.020514,-1.580007,-0.355029,-9.725001,-0.068000,-0.128125,0.021375,0.573677,-0.079151,0.092804,-3.141589,0.000025,0.000036
29.024517,-1.580007,-0.355029,-9.725001,-0.068000,-0.128125,0.021375,0.573701,-0.079064,0.092804,-3.141589,0.000025,0.000044
29.028529,-1.580008,-0.355031,-9.725001,-0.068000,-0.128125,0.021375,0.573727,-0.078980,0.092805,-3.141589,0.000027,0.000033
29.032523,-1.580013,-0.355037,-9.725002,-0.068000,-0.128125,0.021375,0.573776,-0.078808,0.092804,-3.141590,0.000033,0.000016
29.036513,-1.580013,-0.355037,-9.725002,-0.068000,-0.128125,0.021375,0.573776,-0.078808,0.092804,-3.141590,0.000033,0.000016
29.040515,-1.580014,-0.355039,-9.725002,-0.068000,-0.128125,0.021375,0.573802,-0.078724,0.092804,-3.141590,0.000035,-0.000001
29.044514,-1.580010,-0.355034,-9.725001,-0.068000,-0.128125,0.021375,0.573828,-0.078645,0.092806,-3.141590,0.000030,-0.000021
29.048522,-1.580007,-0.355030,-9.725001,-0.068000,-0.128125,0.021375,0.573853,-0.078562,0.092808,-3.141589,0.000025,-0.000036
29.052484,-1.580007,-0.355029,-9.725001,-0.068000,-0.128125,0.021375,0.573879,-0.078478,0.092807,-3.141589,0.000025,-0.000047
29.056513,-1.580008,-0.355031,-9.725001,-0.068000,-0.128125,0.021375,0.573904,-0.078396,0.092808,-3.141589,0.000027,-0.000062
29.060513,-1.710008,-0.335030,-9.715001,-0.070000,-0.131125,0.021375,0.573930,-0.078311,0.092807,-3.141589,0.000026,-0.000072
29.064514,-1.710009,-0.335032,-9.715002,-0.070000,-0.131125,0.021375,0.573955,-0.078229,0.092808,-3.141589,0.000028,-0.000081
29.068512,-1.710005,-0.335027,-9.715001,-0.070000,-0.131125,0.021375,0.573983,-0.078144,0.092808,-3.141589,0.000022,-0.000071
29.072478,-1.710002,-0.335022,-9.715001,-0.070000,-0.131125,0.021375,0.574009,-0.078062,0.092810,-3.141588,0.000017,-0.000059
29.076515,-1.710006,-0.335028,-9.715001,-0.070000,-0.131125,0.021375,0.574034,-0.077980,0.092809,-3.141589,0.000023,-0.000041
29.080516,-1.710007,-0.335029,-9.715001,-0.070000,-0.131125,0.021375,0.574059,-0.077896,0.092809,-3.141589,0.000025,-0.000025
29.084512,-1.710008,-0.335030,-9.715001,-0.070000,-0.131125,0.021375,0.574086,-0.077814,0.092810,-3.141589,0.000026,-0.000006
29.088511,-1.710001,-0.335020,-9.715001,-0.070000,-0.131125,0.021375,0.574114,-0.077731,0.092813,-3.141588,0.000016,0.000013
29.092512,-1.710001,-0.335021,-9.715001,-0.070000,-0.131125,0.021375,0.574142,-0.077646,0.092813,-3.141588,0.000017,0.000029
29.096508,-1.709995,-0.335011,-9.715000,-0.070000,-0.131125,0.021375,0.574170,-0.077561,0.092816,-3.141587,0.000006,0.000038
29.100487,-1.679999,-0.395017,-9.795001,-0.069000,-0.127125,0.021375,0.574195,-0.077479,0.092815,-3.141587,0.000012,0.000037
29.104517,-1.679995,-0.395012,-9.795000,-0.069000,-0.127125,0.021375,0.574222,-0.077397,0.092816,-3.141587,0.000007,0.000042
29.108509,-1.679993,-0.395008,-9.795000,-0.069000,-0.127125,0.021375,0.574249,-0.077315,0.092818,-3.141586,0.000003,0.000040
29.112514,-1.679992,-0.395008,-9.795000,-0.069000,-0.127125,0.021375,0.574275,-0.077233,0.092817,-3.141586,0.000003,0.000032
29.116512,-1.679990,-0.395005,-9.795000,-0.069000,-0.127125,0.021375,0.574303,-0.077145,0.092820,-3.141586,-0.000001,0.000026
29.120514,-1.679983,-0.394995,-9.794999,-0.069000,-0.127125,0.021375,0.574334,-0.077065,0.092823,-3.141584,-0.000011,-0.000034
29.124517,-1.679985,-0.394997,-9.795000,-0.069000,-0.127125,0.021375,0.574362,-0.076962,0.092824,-3.141585,-0.000009,-0.000020
29.128519,-1.679981,-0.394991,-9.794999,-0.069000,-0.127125,0.021375,0.574389,-0.076877,0.092825,-3.141584,-0.000015,-0.000031
29.132512,-1.679982,-0.394993,-9.794999,-0.069000,-0.127125,0.021375,0.574415,-0.076792,0.092826,-3.141584,-0.000013,-0.000042
29.136512,-1.579975,-0.454983,-9.854999,-0.067000,-0.125125,0.021375,0.574442,-0.076710,0.092829,-3.141583,-0.000023,-0.000057
29.140512,-1.579976,-0.454985,-9.854999,-0.067000,-0.125125,0.021375,0.574467,-0.076628,0.092830,-3.141583,-0.000022,-0.000072
29.144512,-1.579980,-0.454991,-9.854999,-0.067000,-0.125125,0.021375,0.574492,-0.076546,0.092829,-3.141584,-0.000016,-0.000087
29.148517,-1.579978,-0.454987,-9.854999,-0.067000,-0.125125,0.021375,0.574519,-0.076463,0.092831,-3.141583,-0.000019,-0.000089
29.152512,-1.579979,-0.454989,-9.854999,-0.067000,-0.125125,0.021375,0.574544,-0.076381,0.092832,-3.141584,-0.000017,-0.000084
29.156514,-1.579976,-0.454984,-9.854999,-0.067000,-0.125125,0.021375,0.574570,-0.076296,0.092834,-3.141583,-0.000022,-0.000074
29.160512,-1.579977,-0.454986,-9.854999,-0.067000,-0.125125,0.021375,0.574595,-0.076214,0.092835,-3.141583,-0.000021,-0.000062
29.164512,-1.579977,-0.454986,-9.854999,-0.067000,-0.125125,0.021375,0.574620,-0.076132,0.092834,-3.141583,-0.000021,-0.000050
29.168513,-1.579974,-0.454981,-9.854999,-0.067000,-0.125125,0.021375,0.574645,-0.076050,0.092836,-3.141583,-0.000026,-0.000039
29.172513,-1.579971,-0.454978,-9.854998,-0.067000,-0.125125,0.021375,0.574672,-0.075967,0.092838,-3.141582,-0.000030,-0.000027
29.176512,-1.579970,-0.454975,-9.854998,-0.067000,-0.125125,0.021375,0.574701,-0.075885,0.092842,-3.141582,-0.000032,-0.000049
29.180512,-1.459972,-0.364979,-9.564999,-0.066000,-0.122125,0.019375,0.574723,-0.075801,0.092838,-3.141582,-0.000028,-0.000005
29.184510,-1.459969,-0.364975,-9.564998,-0.066000,-0.122125,0.019375,0.574754,-0.075697,0.092840,-3.141582,-0.000033,0.000002
29.188512,-1.459973,-0.364980,-9.564999,-0.066000,-0.122125,0.019375,0.574772,-0.075636,0.092838,-3.141582,-0.000027,-0.000002
29.192515,-1.459974,-0.364982,-9.564999,-0.066000,-0.122125,0.019375,0.574797,-0.075554,0.092839,-3.141583,-0.000025,0.000003
29.196514,-1.459974,-0.364983,-9.564999,-0.066000,-0.122125,0.019375,0.574824,-0.075469,0.092839,-3.141583,-0.000024,-0.000001
29.200514,-1.459976,-0.364984,-9.564999,-0.066000,-0.122125,0.019375,0.574849,-0.075387,0.092840,-3.141583,-0.000023,-0.000009
29.204512,-1.459975,-0.364984,-9.564999,-0.066000,-0.122125,0.019375,0.574874,-0.075307,0.092839,-3.141583,-0.000023,-0.000056
29.208518,-1.459977,-0.364986,-9.564999,-0.066000,-0.122125,0.019375,0.574902,-0.075222,0.092841,-3.141583,-0.000021,-0.000066
29.212512,-1.459984,-0.364996,-9.565000,-0.066000,-0.122125,0.019375,0.574929,-0.075119,0.092836,-3.141585,-0.000010,-0.000039
29.216513,-1.519983,-0.314995,-9.364999,-0.066000,-0.124125,0.019375,0.574954,-0.075040,0.092836,-3.141584,-0.000011,-0.000058
29.220510,-1.519988,-0.315002,-9.365000,-0.066000,-0.124125,0.019375,0.574976,-0.074955,0.092835,-3.141585,-0.000004,-0.000069
29.224511,-1.519988,-0.315002,-9.365000,-0.066000,-0.124125,0.019375,0.575001,-0.074873,0.092834,-3.141585,-0.000004,-0.000084
29.228516,-1.519992,-0.315008,-9.365000,-0.066000,-0.124125,0.019375,0.575026,-0.074791,0.092832,-3.141586,0.000002,-0.000093
29.232512,-1.519988,-0.315002,-9.365000,-0.066000,-0.124125,0.019375,0.575052,-0.074711,0.092833,-3.141585,-0.000004,-0.000106
29.236511,-1.519993,-0.315009,-9.365000,-0.066000,-0.124125,0.019375,0.575075,-0.074626,0.092832,-3.141586,0.000004,-0.000103
29.240519,-1.519989,-0.315003,-9.365000,-0.066000,-0.124125,0.019375,0.575102,-0.074544,0.092833,-3.141586,-0.000002,-0.000091
29.244518,-1.519992,-0.315008,-9.365000,-0.066000,-0.124125,0.019375,0.575125,-0.074462,0.092830,-3.141586,0.000003,-0.000079
29.248544,-1.519993,-0.315010,-9.365000,-0.066000,-0.124125,0.019375,0.575150,-0.074377,0.092831,-3.141586,0.000004,-0.000063
29.252522,-1.519998,-0.315016,-9.365000,-0.066000,-0.124125,0.019375,0.575174,-0.074297,0.092830,-3.141587,0.000011,-0.000049
29.256543,-1.599994,-0.305011,-9.545000,-0.068000,-0.127125,0.021375,0.575199,-0.074212,0.092831,-3.141587,0.000006,-0.000032
29.260540,-1.599999,-0.305017,-9.545001,-0.068000,-0.127125,0.021375,0.575224,-0.074130,0.092830,-3.141587,0.000012,-0.000021
29.264530,-1.599995,-0.305012,-9.545000,-0.068000,-0.127125,0.021375,0.575249,-0.074048,0.092831,-3.141587,0.000007,-0.000009
29.268524,-1.599999,-0.305018,-9.545001,-0.068000,-0.127125,0.021375,0.575273,-0.073965,0.092830,-3.141588,0.000013,-0.000004
29.272522,-1.599997,-0.305015,-9.545001,-0.068000,-0.127125,0.021375,0.575300,-0.073883,0.092832,-3.141587,0.000010,-0.000005
29.276522,-1.600001,-0.305021,-9.545001,-0.068000,-0.127125,0.021375,0.575324,-0.073801,0.092831,-3.141588,0.000016,-0.000000
29.280518,-1.599994,-0.305011,-9.545000,-0.068000,-0.127125,0.021375,0.575351,-0.073718,0.092834,-3.141587,0.000005,-0.000002
29.284514,-1.599995,-0.305012,-9.545000,-0.068000,-0.127125,0.021375,0.575376,-0.073636,0.092835,-3.141587,0.000007,-0.000004
29.288483,-1.599995,-0.305012,-9.545000,-0.068000,-0.127125,0.021375,0.575401,-0.073553,0.092834,-3.141587,0.000007,-0.000005
29.292497,-1.599993,-0.305009,-9.545000,-0.068000,-0.127125,0.021375,0.575427,-0.073471,0.092837,-3.141586,0.000003,-0.000021
29.296513,-1.649989,-0.285004,-9.785000,-0.071000,-0.129125,0.021375,0.575453,-0.073386,0.092838,-3.141586,-0.000002,-0.000024
29.300500,-1.689990,-0.295005,-10.045000,-0.072000,-0.131125,0.022375,0.575479,-0.073306,0.092839,-3.141586,-0.000001,-0.000037
29.304485,-1.689991,-0.295006,-10.045000,-0.072000,-0.131125,0.022375,0.575503,-0.073221,0.092840,-3.141586,0.000001,-0.000041
29.308510,-1.689984,-0.294997,-10.045000,-0.072000,-0.131125,0.022375,0.575530,-0.073141,0.092843,-3.141585,-0.000009,-0.000061
29.312518,-1.689988,-0.295003,-10.045000,-0.072000,-0.131125,0.022375,0.575554,-0.073058,0.092841,-3.141585,-0.000003,-0.000069
29.316515,-1.689982,-0.294993,-10.044999,-0.072000,-0.131125,0.022375,0.575582,-0.072973,0.092845,-3.141584,-0.000013,-0.000066
29.320511,-1.689986,-0.294999,-10.045000,-0.072000,-0.131125,0.022375,0.575606,-0.072893,0.092843,-3.141585,-0.000007,-0.000066
29.324518,-1.689992,-0.295008,-10.045000,-0.072000,-0.131125,0.022375,0.575631,-0.072808,0.092844,-3.141586,0.000002,-0.000083
29.328518,-1.689985,-0.294998,-10.045000,-0.072000,-0.131125,0.022375,0.575659,-0.072726,0.092848,-3.141585,-0.000008,-0.000078
29.332512,-1.689985,-0.294998,-10.045000,-0.072000,-0.131125,0.022375,0.575690,-0.072619,0.092847,-3.141585,-0.000008,-0.000033
29.336513,-1.689986,-0.324999,-10.295000,-0.075000,-0.133125,0.022375,0.575716,-0.072534,0.092847,-3.141585,-0.000007,-0.000023
29.340514,-1.689986,-0.325000,-10.295000,-0.075000,-0.133125,0.022375,0.575743,-0.072449,0.092847,-3.141585,-0.000006,-0.000013
29.344513,-1.689987,-0.325001,-10.295000,-0.075000,-0.133125,0.022375,0.575769,-0.072364,0.092847,-3.141585,-0.000005,-0.000004
29.348512,-1.689988,-0.325001,-10.295000,-0.075000,-0.133125,0.022375,0.575796,-0.072276,0.092848,-3.141585,-0.000004,0.000004
29.352514,-1.689985,-0.324998,-10.295000,-0.075000,-0.133125,0.022375,0.575823,-0.072191,0.092850,-3.141585,-0.000008,0.000013
29.356512,-1.689989,-0.325003,-10.295000,-0.075000,-0.133125,0.022375,0.575849,-0.072105,0.092848,-3.141585,-0.000003,0.000016
29.360512,-1.689985,-0.324998,-10.295000,-0.075000,-0.133125,0.022375,0.575877,-0.072017,0.092849,-3.141585,-0.000008,0.000023
29.364512,-1.689985,-0.324998,-10.295000,-0.075000,-0.133125,0.022375,0.575903,-0.071932,0.092849,-3.141585,-0.000008,0.000026
29.368516,-1.689986,-0.324999,-10.295000,-0.075000,-0.133125,0.022375,0.575930,-0.071844,0.092849,-3.141585,-0.000007,0.000027
29.372514,-1.619987,-0.355000,-10.165000,-0.073000,-0.130125,0.021375,0.575956,-0.071759,0.092849,-3.141585,-0.000006,0.000023
29.376513,-1.619984,-0.354996,-10.164999,-0.073000,-0.130125,0.021375,0.575985,-0.071673,0.092851,-3.141584,-0.000010,0.000019
29.380512,-1.619984,-0.354997,-10.164999,-0.073000,-0.130125,0.021375,0.576012,-0.071586,0.092851,-3.141585,-0.000009,0.000013
29.384512,-1.619988,-0.355002,-10.165000,-0.073000,-0.130125,0.021375,0.576036,-0.071501,0.092849,-3.141585,-0.000003,-0.000005
29.388513,-1.619988,-0.355002,-10.165000,-0.073000,-0.130125,0.021375,0.576036,-0.071501,0.092849,-3.141585,-0.000003,-0.000005
29.392511,-1.619990,-0.355005,-10.165000,-0.073000,-0.130125,0.021375,0.576090,-0.071330,0.092851,-3.141586,-0.000000,-0.000019
29.396515,-1.619991,-0.355006,-10.165000,-0.073000,-0.130125,0.021375,0.576117,-0.071242,0.092851,-3.141586,0.000001,-0.000018
29.400512,-1.619992,-0.355007,-10.165000,-0.073000,-0.130125,0.021375,0.576143,-0.071157,0.092851,-3.141586,0.000002,-0.000016
29.404511,-1.619989,-0.355004,-10.165000,-0.073000,-0.130125,0.021375,0.576170,-0.071071,0.092854,-3.141586,-0.000002,-0.000020
29.408511,-1.619990,-0.355004,-10.165000,-0.073000,-0.130125,0.021375,0.576196,-0.070986,0.092854,-3.141586,-0.000001,-0.000017
29.412514,-1.619990,-0.355005,-10.145000,-0.072000,-0.130125,0.021375,0.576223,-0.070898,0.092854,-3.141586,-0.000000,-0.000009
29.416518,-1.609991,-0.375006,-10.225000,-0.071000,-0.134125,0.022375,0.576249,-0.070813,0.092854,-3.141586,0.000000,-0.000007
29.420510,-1.609992,-0.375007,-10.225000,-0.071000,-0.134125,0.022375,0.576276,-0.070727,0.092854,-3.141586,0.000001,-0.000004
29.424519,-1.609992,-0.375007,-10.225000,-0.071000,-0.134125,0.022375,0.576276,-0.070727,0.092854,-3.141586,0.000001,-0.000004
29.428520,-1.609990,-0.375004,-10.225000,-0.071000,-0.134125,0.022375,0.576329,-0.070554,0.092857,-3.141586,-0.000001,-0.000034
29.432513,-1.609994,-0.375010,-10.225000,-0.071000,-0.134125,0.022375,0.576353,-0.070469,0.092855,-3.141587,0.000005,0.000003
29.436513,-1.609989,-0.375003,-10.225000,-0.071000,-0.134125,0.022375,0.576383,-0.070383,0.092861,-3.141585,-0.000003,-0.000028
29.440514,-1.609992,-0.375008,-10.225000,-0.071000,-0.134125,0.022375,0.576406,-0.070295,0.092858,-3.141586,0.000002,0.000006
29.444512,-1.609992,-0.375008,-10.225000,-0.071000,-0.134125,0.022375,0.576406,-0.070295,0.092858,-3.141586,0.000002,0.000006
29.448520,-1.609993,-0.375008,-10.225000,-0.071000,-0.134125,0.022375,0.576433,-0.070207,0.092858,-3.141586,0.000003,-0.000027
29.452513,-1.609995,-0.375011,-10.225000,-0.071000,-0.134125,0.022375,0.576458,-0.070122,0.092860,-3.141587,0.000006,-0.000038
29.456512,-1.609991,-0.375006,-10.225000,-0.071000,-0.134125,0.022375,0.576492,-0.070013,0.092861,-3.141586,0.000001,-0.000001
29.460514,-1.599992,-0.325007,-10.305000,-0.073000,-0.134125,0.022375,0.576518,-0.069925,0.092861,-3.141586,0.000002,-0.000000
29.464525,-1.599993,-0.325009,-10.305000,-0.073000,-0.134125,0.022375,0.576571,-0.069751,0.092862,-3.141586,0.000003,-0.000017
29.468513,-1.599993,-0.325009,-10.305000,-0.073000,-0.134125,0.022375,0.576571,-0.069751,0.092862,-3.141586,0.000003,-0.000017
29.472514,-1.599993,-0.325009,-10.305000,-0.073000,-0.134125,0.022375,0.576597,-0.069668,0.092862,-3.141586,0.000004,-0.000025
29.476512,-1.599994,-0.325010,-10.305000,-0.073000,-0.134125,0.022375,0.576623,-0.069580,0.092862,-3.141587,0.000005,-0.000025
29.480512,-1.599995,-0.325011,-10.305000,-0.073000,-0.134125,0.022375,0.576649,-0.069492,0.092862,-3.141587,0.000006,-0.000031
29.484514,-1.599995,-0.325012,-10.305000,-0.073000,-0.134125,0.022375,0.576675,-0.069407,0.092862,-3.141587,0.000007,-0.000035
29.488513,-1.599996,-0.325013,-10.305000,-0.073000,-0.134125,0.022375,0.576702,-0.069319,0.092862,-3.141587,0.000008,-0.000034
29.492516,-1.599993,-0.325008,-10.305000,-0.073000,-0.134125,0.022375,0.576730,-0.069231,0.092864,-3.141586,0.000003,-0.000034
29.496517,-1.599993,-0.325009,-10.305000,-0.073000,-0.134125,0.022375,0.576757,-0.069145,0.092864,-3.141586,0.000004,-0.000038
29.500513,-1.679994,-0.345010,-10.285000,-0.072000,-0.135125,0.023375,0.576783,-0.069057,0.092864,-3.141587,0.000005,-0.000037
29.504513,-1.679991,-0.345006,-10.285000,-0.072000,-0.135125,0.023375,0.576811,-0.068971,0.092866,-3.141586,0.000000,-0.000048
29.508519,-1.679990,-0.345005,-10.285000,-0.072000,-0.135125,0.023375,0.576838,-0.068886,0.092865,-3.141586,-0.000001,-0.000051
29.512512,-1.679990,-0.345005,-10.285000,-0.072000,-0.135125,0.023375,0.576864,-0.068798,0.092865,-3.141586,-0.000000,-0.000058
29.516513,-1.679991,-0.345006,-10.285000,-0.072000,-0.135125,0.023375,0.576890,-0.068712,0.092865,-3.141586,0.000001,-0.000061
29.520518,-1.679993,-0.345008,-10.285000,-0.072000,-0.135125,0.023375,0.576917,-0.068626,0.092866,-3.141586,0.000003,-0.000065
29.524510,-1.679993,-0.345009,-10.285000,-0.072000,-0.135125,0.023375,0.576944,-0.068538,0.092866,-3.141586,0.000004,-0.000065
29.528518,-1.679997,-0.345014,-10.285000,-0.072000,-0.135125,0.023375,0.576969,-0.068453,0.092864,-3.141587,0.000009,-0.000075
29.532537,-1.679994,-0.345010,-10.285000,-0.072000,-0.135125,0.023375,0.576998,-0.068362,0.092866,-3.141587,0.000005,-0.000070
29.536512,-1.729994,-0.355011,-10.305000,-0.072000,-0.135125,0.023375,0.577024,-0.068276,0.092866,-3.141587,0.000005,-0.000074
29.540469,-1.729991,-0.355006,-10.305000,-0.072000,-0.135125,0.023375,0.577052,-0.068190,0.092868,-3.141586,0.000001,-0.000085
29.544515,-1.729992,-0.355007,-10.305000,-0.072000,-0.135125,0.023375,0.577078,-0.068102,0.092868,-3.141586,0.000002,-0.000084
29.548488,-1.729989,-0.355003,-10.305000,-0.072000,-0.135125,0.023375,0.577107,-0.068016,0.092869,-3.141585,-0.000003,-0.000081
29.552512,-1.729994,-0.355010,-10.305000,-0.072000,-0.135125,0.023375,0.577132,-0.067931,0.092869,-3.141587,0.000005,-0.000079
29.556477,-1.729991,-0.355006,-10.305000,-0.072000,-0.135125,0.023375,0.577160,-0.067845,0.092871,-3.141586,0.000000,-0.000076
29.560513,-1.729991,-0.355007,-10.305000,-0.072000,-0.135125,0.023375,0.577186,-0.067757,0.092871,-3.141586,0.000001,-0.000062
29.564479,-1.729988,-0.355003,-10.305000,-0.072000,-0.135125,0.023375,0.577214,-0.067671,0.092873,-3.141585,-0.000003,-0.000059
29.568483,-1.729993,-0.355010,-10.305000,-0.072000,-0.135125,0.023375,0.577239,-0.067586,0.092872,-3.141586,0.000004,-0.000056
29.572514,-1.729994,-0.355010,-10.305000,-0.072000,-0.135125,0.023375,0.577265,-0.067497,0.092872,-3.141587,0.000005,-0.000049
29.576514,-1.729991,-0.355006,-10.305000,-0.072000,-0.135125,0.023375,0.577293,-0.067411,0.092874,-3.141586,0.000001,-0.000039
29.580514,-1.669988,-0.405002,-10.395000,-0.072000,-0.133125,0.024375,0.577327,-0.067304,0.092876,-3.141585,-0.000003,-0.000041
29.584513,-1.669989,-0.405003,-10.395000,-0.072000,-0.133125,0.024375,0.577347,-0.067243,0.092876,-3.141585,-0.000003,-0.000045
29.588480,-1.669990,-0.405005,-10.395000,-0.072000,-0.133125,0.024375,0.577381,-0.067133,0.092878,-3.141586,-0.000000,-0.000048
29.592514,-1.669994,-0.405011,-10.395000,-0.072000,-0.133125,0.024375,0.577398,-0.067069,0.092876,-3.141587,0.000005,-0.000095
29.596512,-1.669996,-0.405013,-10.395000,-0.072000,-0.133125,0.024375,0.577425,-0.066983,0.092877,-3.141587,0.000008,-0.000106
29.600512,-1.669996,-0.405013,-10.395000,-0.072000,-0.133125,0.024375,0.577459,-0.066876,0.092877,-3.141587,0.000008,-0.000080
29.604514,-1.669996,-0.405014,-10.395000,-0.072000,-0.133125,0.024375,0.577479,-0.066811,0.092876,-3.141587,0.000008,-0.000127
29.608514,-1.669994,-0.405010,-10.395000,-0.072000,-0.133125,0.024375,0.577513,-0.066702,0.092879,-3.141586,0.000004,-0.000090
29.612512,-1.669997,-0.405015,-10.395000,-0.072000,-0.133125,0.024375,0.577536,-0.066637,0.092876,-3.141587,0.000010,-0.000123
29.616511,-1.559998,-0.375016,-10.335001,-0.072000,-0.130125,0.023375,0.577564,-0.066530,0.092876,-3.141587,0.000011,-0.000085
29.620512,-1.559999,-0.375018,-10.335001,-0.072000,-0.130125,0.023375,0.577591,-0.066444,0.092877,-3.141588,0.000013,-0.000082
29.624518,-1.560003,-0.375023,-10.335001,-0.072000,-0.130125,0.023375,0.577617,-0.066356,0.092875,-3.141588,0.000018,-0.000068
29.628511,-1.560003,-0.375024,-10.335001,-0.072000,-0.130125,0.023375,0.577643,-0.066268,0.092875,-3.141589,0.000019,-0.000060
29.632510,-1.560000,-0.375019,-10.335001,-0.072000,-0.130125,0.023375,0.577670,-0.066185,0.092877,-3.141588,0.000015,-0.000048
29.636514,-1.560004,-0.375024,-10.335001,-0.072000,-0.130125,0.023375,0.577696,-0.066099,0.092875,-3.141589,0.000020,-0.000039
29.640522,-1.560009,-0.375031,-10.335001,-0.072000,-0.130125,0.023375,0.577720,-0.066016,0.092874,-3.141590,0.000027,-0.000027
29.644513,-1.560010,-0.375032,-10.335001,-0.072000,-0.130125,0.023375,0.577745,-0.065933,0.092874,-3.141590,0.000028,-0.000015
29.648511,-1.560007,-0.375028,-10.335001,-0.072000,-0.130125,0.023375,0.577773,-0.065849,0.092876,-3.141589,0.000024,-0.000010
29.652514,-1.560007,-0.375029,-10.335001,-0.072000,-0.130125,0.023375,0.577799,-0.065764,0.092876,-3.141589,0.000025,-0.000001
29.656513,-1.560008,-0.375030,-10.335001,-0.072000,-0.130125,0.023375,0.577823,-0.065683,0.092876,-3.141590,0.000025,-0.000007
29.660516,-1.630009,-0.355030,-10.395001,-0.074000,-0.136125,0.024375,0.577849,-0.065600,0.092877,-3.141590,0.000026,-0.000009
29.664482,-1.630009,-0.355031,-10.395001,-0.074000,-0.136125,0.024375,0.577874,-0.065517,0.092877,-3.141590,0.000027,-0.000010
29.668514,-1.630003,-0.355023,-10.395001,-0.074000,-0.136125,0.024375,0.577902,-0.065434,0.092881,-3.141589,0.000018,-0.000012
29.672517,-1.630004,-0.355024,-10.395001,-0.074000,-0.136125,0.024375,0.577927,-0.065350,0.092881,-3.141589,0.000019,-0.000020
29.676513,-1.630005,-0.355026,-10.395001,-0.074000,-0.136125,0.024375,0.577954,-0.065267,0.092882,-3.141589,0.000021,-0.000022
29.680514,-1.630006,-0.355026,-10.395001,-0.074000,-0.136125,0.024375,0.577979,-0.065184,0.092882,-3.141589,0.000022,-0.000030
29.684514,-1.630003,-0.355023,-10.395001,-0.074000,-0.136125,0.024375,0.578005,-0.065098,0.092885,-3.141589,0.000019,-0.000034
29.688514,-1.630000,-0.355019,-10.395001,-0.074000,-0.136125,0.024375,0.578032,-0.065017,0.092887,-3.141588,0.000014,-0.000047
29.692512,-1.630001,-0.355020,-10.395001,-0.074000,-0.136125,0.024375,0.578057,-0.064931,0.092887,-3.141588,0.000015,-0.000044
29.696480,-1.709999,-0.315017,-10.575000,-0.076000,-0.140125,0.024375,0.578084,-0.064851,0.092891,-3.141588,0.000013,-0.000098
29.700514,-1.710000,-0.315018,-10.575000,-0.076000,-0.140125,0.024375,0.578109,-0.064767,0.092891,-3.141588,0.000014,-0.000099
29.704470,-1.709997,-0.315014,-10.575000,-0.076000,-0.140125,0.024375,0.578142,-0.064660,0.092893,-3.141587,0.000009,-0.000054
29.708511,-1.709998,-0.315015,-10.575000,-0.076000,-0.140125,0.024375,0.578167,-0.064577,0.092893,-3.141587,0.000010,-0.000049
29.712512,-1.709998,-0.315016,-10.575000,-0.076000,-0.140125,0.024375,0.578192,-0.064496,0.092893,-3.141588,0.000011,-0.000041
29.716512,-1.709992,-0.315008,-10.575000,-0.076000,-0.140125,0.024375,0.578220,-0.064410,0.092898,-3.141586,0.000002,-0.000025
29.720512,-1.709993,-0.315009,-10.575000,-0.076000,-0.140125,0.024375,0.578245,-0.064327,0.092898,-3.141586,0.000003,-0.000013
29.724512,-1.709993,-0.315009,-10.575000,-0.076000,-0.140125,0.024375,0.578270,-0.064241,0.092898,-3.141586,0.000004,0.000003
29.728498,-1.709997,-0.315014,-10.575000,-0.076000,-0.140125,0.024375,0.578295,-0.064160,0.092896,-3.141587,0.000009,0.000017
29.732510,-1.710002,-0.375021,-10.505001,-0.074000,-0.137125,0.024375,0.578319,-0.064077,0.092895,-3.141588,0.000017,0.000029
29.736511,-1.709996,-0.375013,-10.505001,-0.074000,-0.137125,0.024375,0.578346,-0.063996,0.092899,-3.141587,0.000008,0.000036
29.740514,-1.710000,-0.395018,-10.435001,-0.073000,-0.135125,0.024375,0.578371,-0.063913,0.092897,-3.141588,0.000013,0.000048
29.744479,-1.710000,-0.395019,-10.435001,-0.073000,-0.135125,0.024375,0.578396,-0.063833,0.092897,-3.141588,0.000014,0.000042
29.748513,-1.710004,-0.395025,-10.435001,-0.073000,-0.135125,0.024375,0.578418,-0.063750,0.092896,-3.141589,0.000020,0.000054
29.752515,-1.710005,-0.395025,-10.435001,-0.073000,-0.135125,0.024375,0.578443,-0.063672,0.092896,-3.141589,0.000021,0.000043
29.756522,-1.710002,-0.395021,-10.435001,-0.073000,-0.135125,0.024375,0.578470,-0.063591,0.092898,-3.141588,0.000017,0.000037
29.760515,-1.710002,-0.395021,-10.435001,-0.073000,-0.135125,0.024375,0.578493,-0.063510,0.092897,-3.141588,0.000016,0.000031
29.764520,-1.710002,-0.395021,-10.435001,-0.073000,-0.135125,0.024375,0.578493,-0.063510,0.092897,-3.141588,0.000016,0.000031
29.768513,-1.710007,-0.395029,-10.435001,-0.073000,-0.135125,0.024375,0.578541,-0.063349,0.092896,-3.141590,0.000025,0.000012
29.772480,-1.710001,-0.395020,-10.435001,-0.073000,-0.135125,0.024375,0.578568,-0.063268,0.092901,-3.141588,0.000016,-0.000001
29.776513,-1.730010,-0.405032,-10.185001,-0.071000,-0.132125,0.025375,0.578590,-0.063188,0.092898,-3.141590,0.000028,-0.000014
29.780512,-1.730010,-0.405033,-10.185001,-0.071000,-0.132125,0.025375,0.578622,-0.063088,0.092898,-3.141590,0.000029,-0.000029
29.784513,-1.730011,-0.405034,-10.185001,-0.071000,-0.132125,0.025375,0.578639,-0.063026,0.092899,-3.141590,0.000030,-0.000040
29.788514,-1.730009,-0.405030,-10.185001,-0.071000,-0.132125,0.025375,0.578672,-0.062927,0.092901,-3.141590,0.000026,-0.000048
29.792478,-1.730006,-0.405026,-10.185001,-0.071000,-0.132125,0.025375,0.578691,-0.062865,0.092903,-3.141589,0.000022,-0.000052
29.796515,-1.730006,-0.405027,-10.185001,-0.071000,-0.132125,0.025375,0.578715,-0.062784,0.092903,-3.141589,0.000023,-0.000045
29.800511,-1.730007,-0.405028,-10.185001,-0.071000,-0.132125,0.025375,0.578740,-0.062703,0.092904,-3.141589,0.000024,-0.000024
29.804514,-1.730009,-0.405031,-10.185001,-0.071000,-0.132125,0.025375,0.578764,-0.062623,0.092906,-3.141590,0.000027,-0.000010
29.808514,-1.730007,-0.405028,-10.185001,-0.071000,-0.132125,0.025375,0.578795,-0.062520,0.092908,-3.141589,0.000024,0.000006
29.812514,-1.730004,-0.405024,-10.185001,-0.071000,-0.132125,0.025375,0.578819,-0.062458,0.092910,-3.141589,0.000019,-0.000018
29.816513,-1.690009,-0.335031,-10.225001,-0.076000,-0.131125,0.024375,0.578838,-0.062378,0.092910,-3.141590,0.000027,-0.000011
29.820523,-1.690002,-0.335021,-10.225001,-0.076000,-0.131125,0.024375,0.578871,-0.062275,0.092913,-3.141588,0.000017,0.000039
29.824513,-1.689999,-0.335018,-10.225001,-0.076000,-0.131125,0.024375,0.578896,-0.062194,0.092916,-3.141588,0.000013,0.000053
29.828520,-1.689996,-0.335014,-10.225000,-0.076000,-0.131125,0.024375,0.578922,-0.062113,0.092918,-3.141587,0.000008,0.000054
29.832517,-1.689998,-0.335016,-10.225000,-0.076000,-0.131125,0.024375,0.578947,-0.062030,0.092920,-3.141588,0.000012,0.000052
29.836510,-1.689995,-0.335012,-10.225000,-0.076000,-0.131125,0.024375,0.578974,-0.061946,0.092922,-3.141587,0.000007,0.000044
29.840509,-1.689997,-0.335014,-10.225000,-0.076000,-0.131125,0.024375,0.579000,-0.061860,0.092923,-3.141587,0.000009,0.000040
29.844515,-1.689994,-0.335010,-10.225000,-0.076000,-0.131125,0.024375,0.579027,-0.061774,0.092925,-3.141587,0.000005,0.000029
29.848512,-1.689991,-0.335006,-10.225000,-0.076000,-0.131125,0.024375,0.579055,-0.061688,0.092926,-3.141586,0.000000,0.000012
29.852487,-1.629992,-0.335008,-10.195000,-0.074000,-0.131125,0.024375,0.579081,-0.061601,0.092928,-3.141586,0.000002,-0.000006
29.856515,-1.629990,-0.335005,-10.195000,-0.074000,-0.131125,0.024375,0.579110,-0.061512,0.092931,-3.141586,-0.000001,-0.000018
29.860512,-1.629987,-0.335001,-10.194999,-0.074000,-0.131125,0.024375,0.579137,-0.061426,0.092932,-3.141585,-0.000005,-0.000029
29.864512,-1.629987,-0.335001,-10.194999,-0.074000,-0.131125,0.024375,0.579137,-0.061426,0.092932,-3.141585,-0.000005,-0.000029
29.868512,-1.629989,-0.335003,-10.195000,-0.074000,-0.131125,0.024375,0.579190,-0.061253,0.092933,-3.141585,-0.000003,-0.000064
29.872518,-1.629989,-0.335004,-10.195000,-0.074000,-0.131125,0.024375,0.579215,-0.061167,0.092933,-3.141586,-0.000002,-0.000074
29.876513,-1.629989,-0.335004,-10.195000,-0.074000,-0.131125,0.024375,0.579242,-0.061083,0.092932,-3.141586,-0.000002,-0.000083
29.880516,-1.629991,-0.335006,-10.195000,-0.074000,-0.131125,0.024375,0.579268,-0.060997,0.092934,-3.141586,0.000000,-0.000080
29.884510,-1.629988,-0.335001,-10.194999,-0.074000,-0.131125,0.024375,0.579295,-0.060911,0.092935,-3.141585,-0.000004,-0.000070
29.888516,-1.629987,-0.335001,-10.194999,-0.074000,-0.131125,0.024375,0.579322,-0.060822,0.092935,-3.141585,-0.000004,-0.000056
29.892510,-1.629987,-0.335001,-10.194999,-0.074000,-0.131125,0.024375,0.579322,-0.060822,0.092935,-3.141585,-0.000004,-0.000056
29.896513,-1.529989,-0.365004,-9.755000,-0.069000,-0.126125,0.022375,0.579373,-0.060649,0.092936,-3.141586,-0.000001,-0.000024
29.900475,-1.529989,-0.365004,-9.755000,-0.069000,-0.126125,0.022375,0.579400,-0.060563,0.092935,-3.141586,-0.000001,-0.000014
29.904515,-1.529991,-0.365006,-9.755000,-0.069000,-0.126125,0.022375,0.579426,-0.060477,0.092937,-3.141586,0.000001,-0.000005
29.908514,-1.529992,-0.365008,-9.755000,-0.069000,-0.126125,0.022375,0.579453,-0.060390,0.092938,-3.141586,0.000003,-0.000002
29.912515,-1.529989,-0.365004,-9.755000,-0.069000,-0.126125,0.022375,0.579480,-0.060304,0.092940,-3.141586,-0.000002,0.000001
29.916512,-1.529995,-0.365011,-9.755000,-0.069000,-0.126125,0.022375,0.579504,-0.060218,0.092939,-3.141587,0.000006,0.000004
29.920513,-1.529995,-0.365011,-9.755000,-0.069000,-0.126125,0.022375,0.579530,-0.060134,0.092938,-3.141587,0.000006,-0.000005
29.924498,-1.529996,-0.365013,-9.755001,-0.069000,-0.126125,0.022375,0.579556,-0.060048,0.092940,-3.141587,0.000008,-0.000015
29.928519,-1.529993,-0.365009,-9.755000,-0.069000,-0.126125,0.022375,0.579583,-0.059961,0.092941,-3.141586,0.000004,-0.000026
29.932514,-1.529993,-0.365009,-9.755000,-0.069000,-0.126125,0.022375,0.579583,-0.059961,0.092941,-3.141586,0.000004,-0.000026
29.936517,-1.609992,-0.345007,-9.545000,-0.068000,-0.127125,0.022375,0.579636,-0.059791,0.092945,-3.141586,0.000001,-0.000045
29.940511,-1.609992,-0.345007,-9.545000,-0.068000,-0.127125,0.022375,0.579636,-0.059791,0.092945,-3.141586,0.000001,-0.000045
29.944513,-1.609999,-0.345017,-9.545001,-0.068000,-0.127125,0.022375,0.579688,-0.059613,0.092946,-3.141588,0.000012,-0.000104
29.948513,-1.609999,-0.345017,-9.545001,-0.068000,-0.127125,0.022375,0.579688,-0.059613,0.092946,-3.141588,0.000012,-0.000104
29.952513,-1.609995,-0.345011,-9.545000,-0.068000,-0.127125,0.022375,0.579719,-0.059529,0.092947,-3.141587,0.000006,-0.000126
29.956521,-1.609990,-0.345004,-9.545000,-0.068000,-0.127125,0.022375,0.579776,-0.059332,0.092951,-3.141586,-0.000002,-0.000100
29.960516,-1.609991,-0.345006,-9.545000,-0.068000,-0.127125,0.022375,0.579803,-0.059246,0.092952,-3.141586,0.000001,-0.000097
29.964516,-1.609993,-0.345008,-9.545000,-0.068000,-0.127125,0.022375,0.579828,-0.059162,0.092954,-3.141586,0.000003,-0.000092
29.968513,-1.609993,-0.345008,-9.545000,-0.068000,-0.127125,0.022375,0.579828,-0.059162,0.092954,-3.141586,0.000003,-0.000092
29.972515,-1.609989,-0.345004,-9.545000,-0.068000,-0.127125,0.022375,0.579855,-0.059078,0.092956,-3.141586,-0.000002,-0.000080
29.976518,-1.709995,-0.305012,-9.675000,-0.072000,-0.127125,0.022375,0.579902,-0.058919,0.092955,-3.141587,0.000007,-0.000043
29.980515,-1.709995,-0.305012,-9.675000,-0.072000,-0.127125,0.022375,0.579902,-0.058919,0.092955,-3.141587,0.000007,-0.000043
29.984513,-1.709998,-0.305015,-9.675000,-0.072000,-0.127125,0.022375,0.579943,-0.058783,0.092957,-3.141587,0.000010,-0.000027
29.988523,-1.709998,-0.305015,-9.675000,-0.072000,-0.127125,0.022375,0.579943,-0.058783,0.092957,-3.141587,0.000010,-0.000027
29.992514,-1.709993,-0.305009,-9.675000,-0.072000,-0.127125,0.022375,0.579962,-0.058729,0.092958,-3.141586,0.000004,-0.000017
29.996479,-1.709994,-0.305011,-9.675000,-0.072000,-0.127125,0.022375,0.579977,-0.058678,0.092958,-3.141587,0.000005,-0.000006
30.000514,-1.709991,-0.305006,-9.675000,-0.072000,-0.127125,0.022375,0.580002,-0.058607,0.092960,-3.141586,0.000001,-0.000003
30.004514,-1.709995,-0.305012,-9.675000,-0.072000,-0.127125,0.022375,0.580010,-0.058580,0.092959,-3.141587,0.000007,0.000008
30.008515,-1.709987,-0.305001,-9.674999,-0.072000,-0.127125,0.022375,0.580018,-0.058563,0.092962,-3.141585,-0.000005,0.000009
30.012514,-1.659988,-0.405002,-9.665000,-0.068000,-0.124125,0.022375,0.580022,-0.058552,0.092962,-3.141585,-0.000004,-0.000000
30.016513,-1.659992,-0.405008,-9.665000,-0.068000,-0.124125,0.022375,0.580023,-0.058544,0.092961,-3.141586,0.000003,0.000006
30.020513,-1.659989,-0.405003,-9.665000,-0.068000,-0.124125,0.022375,0.580025,-0.058544,0.092963,-3.141585,-0.000003,0.000006
30.024511,-1.659989,-0.405003,-9.665000,-0.068000,-0.124125,0.022375,0.580025,-0.058544,0.092963,-3.141585,-0.000003,0.000006
30.028520,-1.659992,-0.405008,-9.665000,-0.068000,-0.124125,0.022375,0.580022,-0.058550,0.092961,-3.141586,0.000003,0.000004
30.032515,-1.659989,-0.405003,-9.665000,-0.068000,-0.124125,0.022375,0.580024,-0.058552,0.092963,-3.141585,-0.000003,-0.000000
30.036513,-1.659989,-0.405003,-9.665000,-0.068000,-0.124125,0.022375,0.580024,-0.058552,0.092963,-3.141585,-0.000003,-0.000000
30.040518,-1.659992,-0.405008,-9.665000,-0.068000,-0.124125,0.022375,0.580021,-0.058558,0.092961,-3.141586,0.000003,-0.000009
30.044518,-1.659992,-0.405008,-9.665000,-0.068000,-0.124125,0.022375,0.580021,-0.058560,0.092961,-3.141586,0.000003,-0.000007
30.048513,-1.659996,-0.405013,-9.665000,-0.068000,-0.124125,0.022375,0.580019,-0.058563,0.092959,-3.141587,0.000008,-0.000012
