timestamp_s,Fx_N,Fy_N,Fz_N,Mx_Nm,My_Nm,Mz_Nm,TCP_x_m,TCP_y_m,TCP_z_m,TCP_rx_rad,TCP_ry_rad,TCP_rz_rad
0.000447,-0.010000,0.008750,-0.010000,0.000000,0.001000,-0.000875,0.295001,-0.455999,0.098000,-3.141587,-0.000003,0.000006
0.004578,-0.010000,0.008750,-0.010000,0.000000,0.001000,-0.000875,0.295001,-0.455999,0.098000,-3.141587,-0.000003,0.000006
0.008544,-0.010000,0.008750,-0.010000,0.000000,0.001000,-0.000875,0.295001,-0.455999,0.098000,-3.141587,-0.000003,0.000006
0.012609,-0.010000,0.008750,-0.010000,0.000000,0.001000,-0.000875,0.295001,-0.455999,0.098000,-3.141587,-0.000003,0.000006
0.016580,-0.010000,0.008750,-0.010000,0.000000,0.001000,-0.000875,0.295001,-0.455999,0.098000,-3.141587,-0.000003,0.000006
0.020570,-0.010000,0.008750,-0.010000,0.000000,0.001000,-0.000875,0.295001,-0.455999,0.098000,-3.141587,-0.000003,0.000006
0.024577,0.000000,0.008750,0.000000,0.000000,0.001000,-0.000875,0.295001,-0.455999,0.098000,-3.141587,-0.000003,0.000006
0.028572,0.000000,0.008750,0.000000,0.000000,0.001000,-0.000875,0.295001,-0.455999,0.098000,-3.141587,-0.000003,0.000006
0.032587,0.000000,0.008750,0.000000,0.000000,0.001000,-0.000875,0.295001,-0.455999,0.098000,-3.141587,-0.000003,0.000006
0.036570,0.000000,0.008750,0.000000,0.000000,0.001000,-0.000875,0.295001,-0.455999,0.098000,-3.141587,-0.000003,0.000006
0.040546,0.000000,0.008750,0.000000,0.000000,0.001000,-0.000875,0.295001,-0.455999,0.098000,-3.141587,-0.000003,0.000006
0.044627,-0.000003,0.008757,0.000000,-0.000000,0.001000,-0.000875,0.295006,-0.455996,0.098001,-3.141591,-0.000008,0.000015
0.048502,-0.000001,0.008752,0.000000,-0.000000,0.001000,-0.000875,0.295012,-0.455992,0.097998,-3.141588,-0.000005,0.000022
0.052554,-0.000004,0.008761,0.000000,-0.000000,0.001000,-0.000875,0.295021,-0.455985,0.097998,3.141592,-0.000011,0.000024
0.056628,-0.000001,0.008752,0.000000,-0.000000,0.001000,-0.000875,0.295034,-0.455971,0.097993,-3.141588,-0.000005,0.000034
0.060525,0.000000,0.008750,-0.000000,0.000000,0.001000,-0.000875,0.295052,-0.455956,0.097989,-3.141586,-0.000003,0.000038
0.064598,0.009998,0.018754,0.000000,-0.000000,-0.000000,-0.000875,0.295077,-0.455934,0.097986,-3.141589,-0.000006,0.000041
0.068600,0.009996,0.018762,0.000000,-0.000000,-0.000000,-0.000875,0.295108,-0.455904,0.097981,3.141592,-0.000011,0.000048
0.072531,0.009993,0.018768,0.000001,-0.000000,-0.000000,-0.000875,0.295141,-0.455871,0.097977,3.141588,-0.000016,0.000050
0.076530,0.009992,0.018771,0.000001,-0.000000,-0.000000,-0.000875,0.295183,-0.455830,0.097969,3.141586,-0.000018,0.000055
0.080507,0.009989,0.018780,0.000001,-0.000000,-0.000000,-0.000875,0.295230,-0.455783,0.097963,3.141581,-0.000024,0.000067
0.084505,0.009989,0.018780,0.000001,-0.000000,-0.000000,-0.000875,0.295281,-0.455730,0.097952,3.141581,-0.000024,0.000065
0.088504,0.009989,0.018780,0.000001,-0.000000,-0.000000,-0.000875,0.295339,-0.455672,0.097941,3.141581,-0.000024,0.000075
0.092599,0.009989,0.018780,0.000001,-0.000000,-0.000000,-0.000875,0.295401,-0.455607,0.097930,3.141581,-0.000024,0.000071
0.096595,0.009991,0.018774,0.000001,-0.000000,-0.000000,-0.000875,0.295467,-0.455537,0.097917,3.141584,-0.000020,0.000068
0.100537,0.009995,0.018764,0.000000,-0.000000,-0.000000,-0.000875,0.295537,-0.455463,0.097902,3.141590,-0.000013,0.000006
0.104537,-0.010003,-0.011243,-0.010000,0.001000,-0.000000,-0.000875,0.295607,-0.455381,0.097884,-3.141591,-0.000008,0.000004
0.108505,-0.010001,-0.011247,-0.010000,0.001000,-0.000000,-0.000875,0.295687,-0.455301,0.097871,-3.141588,-0.000005,-0.000002
0.112538,-0.009997,-0.011257,-0.010000,0.001000,0.000000,-0.000875,0.295789,-0.455202,0.097855,-3.141582,0.000002,0.000053
0.116579,-0.009993,-0.011269,-0.010001,0.001000,0.000000,-0.000875,0.295869,-0.455120,0.097840,-3.141575,0.000010,0.000059
0.120575,-0.009991,-0.011274,-0.010001,0.001000,0.000000,-0.000875,0.295947,-0.455037,0.097827,-3.141572,0.000013,0.000060
0.124540,-0.009986,-0.011286,-0.010001,0.001000,0.000000,-0.000875,0.296028,-0.454952,0.097814,-3.141565,0.000022,0.000063
0.128529,-0.009984,-0.011292,-0.010001,0.001001,0.000000,-0.000875,0.296109,-0.454867,0.097800,-3.141562,0.000025,0.000073
0.132532,-0.009980,-0.011303,-0.010002,0.001001,0.000000,-0.000875,0.296195,-0.454777,0.097786,-3.141555,0.000033,0.000076
0.136568,-0.009978,-0.011310,-0.010002,0.001001,0.000000,-0.000875,0.296288,-0.454680,0.097774,-3.141551,0.000038,0.000077
0.140593,-0.039975,-0.031315,-0.010002,0.001001,0.000000,-0.000875,0.296384,-0.454579,0.097761,-3.141548,0.000042,0.000087
0.144584,-0.039973,-0.031322,-0.010002,0.001001,0.000000,-0.000875,0.296484,-0.454473,0.097749,-3.141544,0.000046,0.000084
0.148584,-0.039972,-0.031326,-0.010002,0.001001,0.000000,-0.000875,0.296585,-0.454367,0.097736,-3.141541,0.000049,0.000074
0.152581,-0.039972,-0.031325,-0.010002,0.001001,0.000000,-0.000875,0.296687,-0.454260,0.097725,-3.141542,0.000049,0.000061
0.156583,-0.039974,-0.031319,-0.010002,0.001001,0.000000,-0.000875,0.296786,-0.454156,0.097716,-3.141545,0.000045,0.000047
0.160582,-0.039972,-0.031326,-0.010002,0.001001,0.000000,-0.000875,0.296886,-0.454049,0.097704,-3.141541,0.000049,0.000043
0.164547,-0.039972,-0.031325,-0.010002,0.001001,0.000000,-0.000875,0.296984,-0.453945,0.097692,-3.141542,0.000049,0.000042
0.168576,-0.039974,-0.031319,-0.010002,0.001001,0.000000,-0.000875,0.297085,-0.453839,0.097684,-3.141545,0.000045,0.000046
0.172578,-0.039969,-0.031332,-0.010003,0.001001,0.000000,-0.000875,0.297179,-0.453734,0.097670,-3.141538,0.000053,0.000040
0.176594,-0.039969,-0.031332,-0.010003,0.001001,0.000000,-0.000875,0.297179,-0.453734,0.097670,-3.141538,0.000053,0.000040
0.180573,-0.029968,-0.031336,-0.010003,0.001001,0.000000,-0.000875,0.297372,-0.453525,0.097646,-3.141535,0.000056,0.000027
0.184544,-0.009968,-0.011335,-0.000002,0.000001,0.000000,-0.000875,0.297468,-0.453422,0.097635,-3.141536,0.000056,0.000014
0.188539,-0.009966,-0.011342,-0.000003,0.000001,0.000000,-0.000875,0.297564,-0.453318,0.097623,-3.141532,0.000060,0.000009
0.192578,-0.009966,-0.011341,-0.000003,0.000001,0.000000,-0.000875,0.297660,-0.453215,0.097612,-3.141532,0.000060,-0.000004
0.196539,-0.009966,-0.011340,-0.000003,0.000001,0.000000,-0.000875,0.297756,-0.453112,0.097600,-3.141533,0.000059,-0.000016
0.200557,-0.009967,-0.011340,-0.000003,0.000001,0.000000,-0.000875,0.297852,-0.453008,0.097589,-3.141533,0.000059,-0.000015
0.204590,-0.009967,-0.011340,-0.000003,0.000001,0.000000,-0.000875,0.297952,-0.452905,0.097579,-3.141533,0.000059,-0.000009
0.208546,-0.009967,-0.011338,-0.000003,0.000001,0.000000,-0.000875,0.298049,-0.452803,0.097567,-3.141534,0.000058,-0.000008
0.212579,-0.009967,-0.011338,-0.000003,0.000001,0.000000,-0.000875,0.298049,-0.452803,0.097567,-3.141534,0.000058,-0.000008
0.216550,-0.009969,-0.011334,-0.000002,0.000001,0.000000,-0.000875,0.298267,-0.452575,0.097542,-3.141537,0.000055,-0.000024
0.220585,-0.009979,-0.011306,-0.000002,0.000001,0.000000,-0.000875,0.298341,-0.452499,0.097535,-3.141553,0.000036,-0.000097
0.224573,-0.009979,-0.011306,-0.000002,0.000001,0.000000,-0.000875,0.298341,-0.452499,0.097535,-3.141553,0.000036,-0.000097
0.228543,0.010025,0.018682,-0.000002,0.000001,0.001000,-0.002875,0.298461,-0.452373,0.097522,-3.141546,0.000044,-0.000040
0.232549,0.010022,0.018690,-0.000002,0.000001,0.001000,-0.002875,0.298527,-0.452294,0.097511,-3.141551,0.000039,-0.000104
0.236547,0.010019,0.018698,-0.000001,0.000001,0.001000,-0.002875,0.298646,-0.452182,0.097500,-3.141556,0.000033,-0.000042
0.240592,0.010016,0.018707,-0.000001,0.000001,0.001000,-0.002875,0.298814,-0.452014,0.097478,-3.141561,0.000026,-0.000024
0.244536,0.010013,0.018716,-0.000001,0.000000,0.001000,-0.002875,0.298893,-0.451933,0.097467,-3.141566,0.000021,-0.000003
0.248585,0.010013,0.018716,-0.000001,0.000000,0.001000,-0.002875,0.298893,-0.451933,0.097467,-3.141566,0.000021,-0.000003
0.252548,0.010012,0.018717,-0.000001,0.000000,0.001000,-0.002875,0.298971,-0.451854,0.097455,-3.141567,0.000019,0.000007
0.256541,0.010011,0.018721,-0.000001,0.000000,0.001000,-0.002875,0.299050,-0.451773,0.097442,-3.141569,0.000017,0.000021
0.260529,0.010010,0.018722,-0.000001,0.000000,0.001000,-0.002875,0.299128,-0.451695,0.097429,-3.141570,0.000016,0.000024
0.264549,0.010009,0.018726,-0.000001,0.000000,0.001000,-0.002875,0.299204,-0.451615,0.097416,-3.141572,0.000014,0.000014
0.268539,0.010008,0.018729,-0.000001,0.000000,0.001000,-0.002875,0.299283,-0.451534,0.097403,-3.141574,0.000011,0.000008
0.272542,0.010004,0.018738,-0.000000,0.000000,0.001000,-0.002875,0.299363,-0.451454,0.097392,-3.141580,0.000005,0.000002
0.276541,0.010010,0.018723,-0.000001,0.000000,0.001000,-0.002875,0.299439,-0.451371,0.097374,-3.141571,0.000015,-0.000004
0.280536,0.010009,0.018726,-0.000001,0.000000,0.001000,-0.002875,0.299518,-0.451290,0.097361,-3.141573,0.000013,-0.000010
0.284544,0.010007,0.018730,-0.000001,0.000000,0.001000,-0.002875,0.299596,-0.451209,0.097348,-3.141575,0.000011,-0.000022
0.288507,0.010011,0.018721,-0.000001,0.000000,0.001000,-0.002875,0.299676,-0.451126,0.097331,-3.141569,0.000017,-0.000017
0.292506,0.010012,0.018718,-0.000001,0.000000,0.001000,-0.002875,0.299755,-0.451042,0.097317,-3.141568,0.000019,-0.000018
0.296511,0.010013,0.018715,-0.000001,0.000000,0.001000,-0.002875,0.299834,-0.450958,0.097302,-3.141566,0.000021,-0.000006
0.300523,0.010013,0.018714,-0.000001,0.000000,0.001000,-0.002875,0.299912,-0.450877,0.097286,-3.141565,0.000022,0.000008
0.304513,0.010012,0.018717,-0.000001,0.000000,0.001000,-0.002875,0.299992,-0.450794,0.097273,-3.141567,0.000020,0.000027
0.308510,0.020015,0.038709,-0.010001,0.000000,0.001000,-0.002875,0.300069,-0.450711,0.097256,-3.141563,0.000025,0.000042
0.312512,0.020014,0.038712,-0.010001,0.000000,0.001000,-0.002875,0.300149,-0.450629,0.097243,-3.141564,0.000023,0.000054
0.316511,0.020012,0.038718,-0.010001,0.000000,0.001000,-0.002875,0.300230,-0.450546,0.097228,-3.141568,0.000019,0.000066
0.320506,0.020012,0.038716,-0.010001,0.000000,0.001000,-0.002875,0.300308,-0.450465,0.097213,-3.141567,0.000020,0.000060
0.324506,0.020005,0.038735,-0.010001,0.000000,0.001000,-0.002875,0.300389,-0.450386,0.097200,-3.141578,0.000007,0.000054
0.328504,0.020003,0.038741,-0.010000,0.000000,0.001000,-0.002875,0.300469,-0.450304,0.097185,-3.141581,0.000003,0.000046
0.332503,0.019999,0.038753,-0.010000,-0.000000,0.001000,-0.002875,0.300550,-0.450224,0.097172,-3.141588,-0.000005,-0.000020
0.336531,0.019998,0.038757,-0.010000,-0.000000,0.001000,-0.002875,0.300625,-0.450147,0.097158,-3.141591,-0.000008,0.000019
0.340506,0.019996,0.038762,-0.010000,-0.000000,0.001000,-0.002875,0.300701,-0.450072,0.097144,3.141591,-0.000012,-0.000048
0.344508,-0.000010,0.018777,0.000001,-0.000000,0.001000,-0.003875,0.300768,-0.449997,0.097128,3.141583,-0.000022,-0.000056
0.348506,-0.000013,-0.001213,0.000001,-0.000000,0.001000,-0.003875,0.300860,-0.449912,0.097116,3.141577,-0.000029,-0.000006
0.352503,-0.000014,-0.001210,0.000001,-0.000000,0.001000,-0.003875,0.300929,-0.449841,0.097103,3.141575,-0.000031,0.000002
0.356504,-0.000018,-0.001200,0.000001,-0.000001,0.001000,-0.003875,0.300998,-0.449771,0.097091,3.141569,-0.000038,0.000009
0.360531,-0.000017,-0.001202,0.000001,-0.000001,0.001000,-0.003875,0.301067,-0.449700,0.097076,3.141571,-0.000037,0.000024
0.364556,-0.000021,-0.001192,0.000002,-0.000001,0.001000,-0.003875,0.301138,-0.449628,0.097064,3.141565,-0.000044,0.000042
0.368532,-0.000023,-0.001187,0.000002,-0.000001,0.001000,-0.003875,0.301207,-0.449557,0.097049,3.141562,-0.000047,0.000050
0.372529,-0.000029,-0.001171,0.000002,-0.000001,0.001000,-0.003875,0.301280,-0.449487,0.097038,3.141552,-0.000058,0.000055
0.376601,-0.000028,-0.001171,0.000002,-0.000001,0.001000,-0.003875,0.301347,-0.449415,0.097022,3.141553,-0.000058,0.000049
0.380502,-0.000034,-0.001155,0.000003,-0.000001,0.001000,-0.003875,0.301420,-0.449345,0.097012,3.141543,-0.000069,0.000048
0.384594,0.019964,0.018850,0.000003,-0.000001,0.001000,-0.004875,0.301491,-0.449273,0.096997,3.141540,-0.000073,0.000040
0.388537,0.019960,0.018863,0.000003,-0.000001,0.001000,-0.004875,0.301563,-0.449201,0.096983,3.141533,-0.000082,0.000025
0.392609,0.019961,0.018861,0.000003,-0.000001,0.001000,-0.004875,0.301633,-0.449129,0.096968,3.141534,-0.000080,0.000010
0.396529,0.019956,0.018873,0.000004,-0.000001,0.001000,-0.004875,0.301705,-0.449057,0.096954,3.141527,-0.000089,-0.000005
0.400597,0.019956,0.018873,0.000004,-0.000001,0.001000,-0.004875,0.301772,-0.448985,0.096938,3.141527,-0.000088,-0.000031
0.404537,0.019954,0.018880,0.000004,-0.000002,0.001000,-0.004875,0.301843,-0.448913,0.096922,3.141522,-0.000094,-0.000040
0.408585,0.019954,0.018880,0.000004,-0.000002,0.001000,-0.004875,0.301914,-0.448841,0.096905,3.141522,-0.000094,-0.000041
0.412580,0.019956,0.018875,0.000004,-0.000002,0.001000,-0.004875,0.301982,-0.448767,0.096886,3.141526,-0.000090,-0.000042
0.416580,0.019959,0.018864,0.000003,-0.000001,0.001000,-0.004875,0.302053,-0.448692,0.096865,3.141532,-0.000083,-0.000026
0.420577,0.019957,0.018872,0.000004,-0.000001,0.001000,-0.004875,0.302124,-0.448620,0.096849,3.141527,-0.000088,-0.000021
0.424577,0.009960,0.008861,0.000003,-0.000001,0.001000,-0.004875,0.302193,-0.448546,0.096828,3.141534,-0.000081,-0.000009
0.428576,0.009954,0.008879,0.000004,-0.000002,0.001000,-0.004875,0.302265,-0.448475,0.096811,3.141523,-0.000093,-0.000044
0.432571,0.009963,0.008853,0.000003,-0.000001,0.001000,-0.004875,0.302334,-0.448398,0.096789,3.141538,-0.000075,0.000013
0.436578,0.009967,0.008844,0.000003,-0.000001,0.001000,-0.004875,0.302420,-0.448305,0.096762,3.141544,-0.000068,0.000008
0.440534,0.009969,0.008836,0.000002,-0.000001,0.001000,-0.004875,0.302474,-0.448247,0.096745,3.141548,-0.000063,0.000006
0.444553,0.009971,0.008833,0.000002,-0.000001,0.001000,-0.004875,0.302545,-0.448172,0.096724,3.141550,-0.000061,0.000002
0.448584,0.009974,0.008824,0.000002,-0.000001,0.001000,-0.004875,0.302617,-0.448094,0.096703,3.141556,-0.000055,-0.000010
0.452580,0.009972,0.008828,0.000002,-0.000001,0.001000,-0.004875,0.302690,-0.448018,0.096683,3.141553,-0.000058,-0.000023
0.456549,0.009975,0.008821,0.000002,-0.000001,0.001000,-0.004875,0.302759,-0.447942,0.096660,3.141557,-0.000053,-0.000040
0.460562,0.009973,0.008825,0.000002,-0.000001,0.001000,-0.004875,0.302833,-0.447866,0.096640,3.141555,-0.000056,-0.000113
0.464551,0.009969,0.008836,-0.009998,-0.000001,0.001000,-0.005875,0.302927,-0.447770,0.096616,3.141548,-0.000063,-0.000065
0.468551,0.009972,0.008830,-0.009998,-0.000001,0.001000,-0.005875,0.302996,-0.447694,0.096592,3.141552,-0.000059,-0.000069
0.472580,0.009968,0.008840,-0.009998,-0.000001,0.001000,-0.005875,0.303072,-0.447620,0.096574,3.141546,-0.000066,-0.000061
0.476580,0.009968,0.008841,-0.009998,-0.000001,0.001000,-0.005875,0.303143,-0.447542,0.096552,3.141546,-0.000066,-0.000047
0.480581,0.009968,0.008840,-0.009998,-0.000001,0.001000,-0.005875,0.303217,-0.447466,0.096530,3.141546,-0.000066,-0.000033
0.484561,0.009966,0.008845,-0.009997,-0.000001,0.001000,-0.005875,0.303289,-0.447393,0.096510,3.141543,-0.000069,-0.000023
0.488592,0.009962,0.008857,-0.009997,-0.000001,0.001000,-0.005875,0.303363,-0.447317,0.096491,3.141537,-0.000078,-0.000009
0.492581,0.009964,0.008851,-0.009997,-0.000001,0.001000,-0.005875,0.303436,-0.447241,0.096466,3.141540,-0.000074,0.000006
0.496555,0.009962,0.008858,-0.009997,-0.000001,0.001000,-0.005875,0.303508,-0.447166,0.096445,3.141536,-0.000078,0.000009
0.500590,0.009962,0.008857,-0.009997,-0.000001,0.001000,-0.005875,0.303581,-0.447090,0.096423,3.141537,-0.000078,0.000010
0.504586,0.009963,0.008856,-0.009997,-0.000001,0.001000,-0.005875,0.303654,-0.447013,0.096402,3.141537,-0.000077,0.000010
0.508579,-0.000040,0.008863,0.000003,-0.000001,0.001000,-0.005875,0.303725,-0.446939,0.096380,3.141533,-0.000082,0.000000
0.512592,-0.000035,0.008851,0.000003,-0.000001,0.001000,-0.005875,0.303796,-0.446861,0.096355,3.141540,-0.000074,-0.000006
0.516582,-0.000033,0.008845,0.000003,-0.000001,0.001000,-0.005875,0.303867,-0.446786,0.096330,3.141543,-0.000070,-0.000023
0.520585,-0.000031,0.008840,0.000003,-0.000001,0.001000,-0.005875,0.303940,-0.446709,0.096306,3.141547,-0.000066,-0.000029
0.524588,-0.000032,0.008841,0.000003,-0.000001,0.001000,-0.005875,0.304013,-0.446633,0.096283,3.141546,-0.000067,-0.000035
0.528585,-0.000030,0.008835,0.000002,-0.000001,0.001000,-0.005875,0.304083,-0.446558,0.096259,3.141549,-0.000063,-0.000032
0.532594,-0.000028,0.008830,0.000002,-0.000001,0.001000,-0.005875,0.304158,-0.446480,0.096234,3.141552,-0.000059,-0.000020
0.536583,-0.000026,0.008823,0.000002,-0.000001,0.001000,-0.005875,0.304233,-0.446399,0.096211,3.141556,-0.000054,-0.000010
0.540577,-0.000024,0.008819,0.000002,-0.000001,0.001000,-0.005875,0.304308,-0.446319,0.096186,3.141559,-0.000051,0.000000
0.544578,0.009980,0.018807,-0.009999,-0.000001,0.001000,-0.004875,0.304387,-0.446235,0.096160,3.141566,-0.000043,0.000012
0.548542,0.009979,0.018809,-0.009999,-0.000001,0.001000,-0.004875,0.304466,-0.446155,0.096137,3.141565,-0.000044,0.000020
0.552577,0.009984,0.018797,-0.009999,-0.000001,0.001000,-0.004875,0.304543,-0.446073,0.096111,3.141571,-0.000036,0.000027
0.556580,0.009985,0.018793,-0.009999,-0.000001,0.001000,-0.004875,0.304624,-0.445988,0.096086,3.141574,-0.000033,0.000037
0.560593,0.009989,0.018781,-0.009999,-0.000000,0.001000,-0.004875,0.304701,-0.445906,0.096060,3.141581,-0.000025,0.000045
0.564549,0.009991,0.018775,-0.009999,-0.000000,0.001000,-0.004875,0.304782,-0.445824,0.096036,3.141584,-0.000021,0.000044
0.568590,0.009993,0.018771,-0.010000,-0.000000,0.001000,-0.004875,0.304857,-0.445743,0.096011,3.141586,-0.000018,0.000026
0.572529,0.009995,0.018765,-0.010000,-0.000000,0.001000,-0.004875,0.304935,-0.445662,0.095987,3.141590,-0.000014,0.000021
0.576579,0.009988,0.018759,-0.010000,-0.000000,0.001000,-0.004875,0.305012,-0.445581,0.095961,3.141587,-0.000007,0.000015
0.580540,-0.000009,0.018750,-0.010000,-0.000000,0.001000,-0.004875,0.305109,-0.445479,0.095929,-3.141593,0.000000,0.000016
0.584532,-0.000009,0.018750,-0.010000,-0.000000,0.001000,-0.004875,0.305109,-0.445479,0.095929,-3.141593,0.000000,0.000016
0.588504,-0.010010,0.008751,-0.010000,0.001000,0.001000,-0.004875,0.305164,-0.445415,0.095905,3.141592,-0.000001,-0.000044
0.592535,-0.010010,0.008753,-0.010000,0.001000,0.001000,-0.004875,0.305345,-0.445234,0.095854,3.141591,-0.000002,0.000030
0.596533,-0.010013,0.008762,-0.010000,0.001000,0.001000,-0.004875,0.305422,-0.445155,0.095831,3.141586,-0.000008,0.000026
0.600531,-0.010015,0.008767,-0.010000,0.001000,0.001000,-0.004875,0.305500,-0.445074,0.095805,3.141582,-0.000012,0.000034
0.604530,-0.010015,0.008767,-0.010000,0.001000,0.001000,-0.004875,0.305500,-0.445074,0.095805,3.141582,-0.000012,0.000034
0.608538,-0.010024,0.008794,-0.009999,0.000999,0.001000,-0.004875,0.305658,-0.444913,0.095759,3.141567,-0.000031,0.000042
0.612578,-0.010026,0.008800,-0.009999,0.000999,0.001000,-0.004875,0.305737,-0.444830,0.095733,3.141564,-0.000035,0.000048
0.616528,-0.010026,0.008798,-0.009999,0.000999,0.001000,-0.004875,0.305817,-0.444747,0.095706,3.141565,-0.000034,0.000046
0.620529,-0.010027,0.008802,-0.009999,0.000999,0.001000,-0.004875,0.305895,-0.444666,0.095681,3.141562,-0.000037,0.000034
0.624503,-0.000029,0.008808,0.000001,-0.000001,0.001000,-0.003875,0.305971,-0.444586,0.095655,3.141559,-0.000041,0.000023
0.628603,-0.000030,0.008812,0.000002,-0.000001,0.001000,-0.003875,0.306052,-0.444505,0.095630,3.141557,-0.000044,0.000029
0.632532,-0.000030,0.008810,0.000002,-0.000001,0.001000,-0.003875,0.306129,-0.444423,0.095603,3.141558,-0.000042,0.000023
0.636530,-0.000027,0.008804,0.000001,-0.000001,0.001000,-0.003875,0.306206,-0.444341,0.095574,3.141562,-0.000038,0.000017
0.640598,-0.000027,0.008804,0.000001,-0.000001,0.001000,-0.003875,0.306206,-0.444341,0.095574,3.141562,-0.000038,0.000017
0.644603,-0.000026,0.008799,0.000001,-0.000001,0.001000,-0.003875,0.306365,-0.444178,0.095521,3.141564,-0.000035,0.000017
0.648531,-0.000024,0.008793,0.000001,-0.000001,0.001000,-0.003875,0.306446,-0.444093,0.095492,3.141568,-0.000030,0.000020
0.652603,-0.000021,0.008784,0.000001,-0.000000,0.001000,-0.003875,0.306526,-0.444010,0.095464,3.141573,-0.000024,0.000012
0.656541,-0.000018,0.008776,0.000001,-0.000000,0.001000,-0.003875,0.306606,-0.443928,0.095436,3.141577,-0.000019,0.000004
0.660603,-0.000016,0.008770,0.000000,-0.000000,0.001000,-0.003875,0.306686,-0.443846,0.095406,3.141581,-0.000014,0.000002
0.664604,-0.000014,0.008764,0.000000,-0.000000,0.001000,-0.003875,0.306765,-0.443762,0.095377,3.141585,-0.000010,0.000001
0.668602,-0.000009,0.008750,-0.000000,-0.000000,0.001000,-0.003875,0.306845,-0.443679,0.095346,3.141592,-0.000000,-0.000000
0.672529,-0.000006,0.008742,-0.000000,0.000000,0.001000,-0.003875,0.306924,-0.443597,0.095318,-3.141588,0.000005,-0.000008
0.676534,-0.000004,0.008735,-0.000001,0.000000,0.001000,-0.003875,0.307003,-0.443513,0.095289,-3.141584,0.000010,-0.000016
0.680533,0.000002,0.008717,-0.000001,0.000000,0.001000,-0.003875,0.307082,-0.443430,0.095257,-3.141574,0.000023,-0.000018
0.684601,0.000005,0.008709,-0.000001,0.000000,0.001000,-0.003875,0.307162,-0.443348,0.095229,-3.141569,0.000029,-0.000012
0.688589,0.000007,0.008703,-0.000002,0.000001,0.001000,-0.003875,0.307242,-0.443265,0.095199,-3.141566,0.000033,-0.000007
0.692532,0.000005,0.008710,-0.000001,0.000000,0.001000,-0.003875,0.307323,-0.443183,0.095172,-3.141570,0.000028,-0.000002
0.696535,0.000007,0.008704,-0.000002,0.000001,0.001000,-0.003875,0.307403,-0.443101,0.095142,-3.141566,0.000032,0.000004
0.700537,0.000004,0.008710,-0.000001,0.000000,0.001000,-0.002875,0.307482,-0.443020,0.095115,-3.141570,0.000028,-0.000002
0.704576,0.000004,0.008712,-0.000001,0.000000,0.001000,-0.002875,0.307565,-0.442937,0.095086,-3.141571,0.000026,-0.000012
0.708534,0.000004,0.008712,-0.000001,0.000000,0.001000,-0.002875,0.307565,-0.442937,0.095086,-3.141571,0.000026,-0.000012
0.712547,-0.000004,0.008735,-0.000001,0.000000,0.001000,-0.002875,0.307725,-0.442775,0.095032,-3.141584,0.000010,-0.000026
0.716542,-0.000007,0.008744,-0.000000,0.000000,0.001000,-0.002875,0.307806,-0.442694,0.095003,-3.141589,0.000004,-0.000034
0.720548,-0.000010,0.008753,-0.000000,-0.000000,0.001000,-0.002875,0.307887,-0.442612,0.094975,3.141591,-0.000002,-0.000042
0.724561,-0.000013,0.008762,0.000000,-0.000000,0.001000,-0.002875,0.307968,-0.442530,0.094947,3.141585,-0.000009,-0.000097
0.728566,-0.000013,0.008762,0.000000,-0.000000,0.001000,-0.002875,0.307968,-0.442530,0.094947,3.141585,-0.000009,-0.000097
0.732586,-0.000021,0.008785,0.000001,-0.000000,0.001000,-0.002875,0.308124,-0.442365,0.094881,3.141573,-0.000025,-0.000078
0.736588,-0.000021,0.008785,0.000001,-0.000000,0.001000,-0.002875,0.308124,-0.442365,0.094881,3.141573,-0.000025,-0.000078
0.740582,-0.000022,0.008789,0.000001,-0.000000,0.001000,-0.002875,0.308224,-0.442269,0.094850,3.141570,-0.000028,-0.000014
0.744591,-0.010024,-0.001205,-0.009999,-0.000001,0.001000,-0.001875,0.308377,-0.442111,0.094791,3.141567,-0.000032,0.000006
0.748553,-0.010026,-0.001200,-0.009999,-0.000001,0.001000,-0.001875,0.308453,-0.442034,0.094759,3.141564,-0.000035,0.000011
0.752593,-0.010026,-0.001200,-0.009999,-0.000001,0.001000,-0.001875,0.308453,-0.442034,0.094759,3.141564,-0.000035,0.000011
0.756590,-0.010023,-0.001210,-0.009999,-0.000001,0.001000,-0.001875,0.308528,-0.441953,0.094726,3.141569,-0.000029,0.000014
0.760595,-0.010023,-0.001207,-0.009999,-0.000001,0.001000,-0.001875,0.308603,-0.441876,0.094696,3.141568,-0.000030,0.000006
0.764580,-0.010020,-0.001216,-0.009999,-0.000000,0.001000,-0.001875,0.308678,-0.441795,0.094663,3.141573,-0.000024,-0.000004
0.768579,-0.010019,-0.001221,-0.010000,-0.000000,0.001000,-0.001875,0.308753,-0.441718,0.094633,3.141576,-0.000020,-0.000012
0.772582,-0.010015,-0.001232,-0.010000,-0.000000,0.001000,-0.001875,0.308828,-0.441638,0.094601,3.141582,-0.000013,-0.000016
0.776554,-0.010012,-0.001243,-0.010000,-0.000000,0.001000,-0.001875,0.308904,-0.441558,0.094569,3.141588,-0.000005,-0.000026
0.780568,-0.010008,-0.001254,-0.010001,0.000000,0.001000,-0.001875,0.308977,-0.441479,0.094537,-3.141591,0.000002,-0.000034
0.784584,-0.000003,0.018731,-0.010001,0.000000,0.001000,-0.001875,0.309054,-0.441397,0.094502,-3.141582,0.000013,-0.000033
0.788580,0.000001,0.018720,-0.010001,0.000000,0.001000,-0.001875,0.309128,-0.441319,0.094470,-3.141576,0.000021,-0.000028
0.792577,0.000004,0.018709,-0.010002,0.000000,0.001000,-0.001875,0.309203,-0.441239,0.094438,-3.141570,0.000029,-0.000012
0.796588,0.000010,0.018693,-0.010002,0.000001,0.001000,-0.001875,0.309278,-0.441158,0.094404,-3.141561,0.000040,-0.000042
0.800584,0.000013,0.018683,-0.010002,0.000001,0.001000,-0.001875,0.309353,-0.441078,0.094372,-3.141554,0.000047,0.000022
0.804576,0.000014,0.018679,-0.010003,0.000001,0.001000,-0.001875,0.309429,-0.440998,0.094341,-3.141553,0.000050,0.000038
0.808575,0.000017,0.018671,-0.010003,0.000001,0.001000,-0.001875,0.309503,-0.440920,0.094307,-3.141548,0.000056,0.000044
0.812583,0.000017,0.018670,-0.010003,0.000001,0.001000,-0.001875,0.309579,-0.440840,0.094274,-3.141547,0.000056,0.000053
0.816587,0.000018,0.018668,-0.010003,0.000001,0.001000,-0.001875,0.309656,-0.440761,0.094242,-3.141546,0.000058,0.000050
0.820578,0.000018,0.018667,-0.010003,0.000001,0.001000,-0.001875,0.309732,-0.440682,0.094209,-3.141546,0.000059,0.000046
0.824573,0.000013,0.018684,-0.000002,0.000001,0.001000,-0.001875,0.309810,-0.440604,0.094180,-3.141555,0.000046,0.000036
0.828574,0.000010,0.018691,-0.000002,0.000001,0.001000,-0.001875,0.309887,-0.440525,0.094148,-3.141559,0.000042,0.000019
0.832558,0.000003,0.018714,-0.000001,0.000000,0.001000,-0.001875,0.309985,-0.440430,0.094110,-3.141572,0.000025,0.000004
0.836590,0.000000,0.018722,-0.000001,0.000000,0.001000,-0.001875,0.310041,-0.440374,0.094088,-3.141577,0.000020,-0.000011
0.840560,-0.000005,0.018739,-0.000001,0.000000,0.001000,-0.001875,0.310137,-0.440277,0.094049,-3.141586,0.000008,-0.000019
0.844553,-0.000005,0.018739,-0.000001,0.000000,0.001000,-0.001875,0.310137,-0.440277,0.094049,-3.141586,0.000008,-0.000019
0.848551,-0.000015,0.018769,0.000000,-0.000000,0.001000,-0.001875,0.310268,-0.440146,0.093995,3.141582,-0.000014,-0.000006
0.852555,-0.000020,0.018782,0.000001,-0.000000,0.001000,-0.001875,0.310344,-0.440070,0.093964,3.141575,-0.000023,-0.000028
0.856589,-0.000027,0.018805,0.000001,-0.000001,0.001000,-0.001875,0.310417,-0.439993,0.093926,3.141562,-0.000039,-0.000013
0.860604,-0.000029,0.018812,0.000002,-0.000001,0.001000,-0.001875,0.310514,-0.439901,0.093893,3.141557,-0.000044,0.000055
0.864558,0.009964,0.008831,0.000002,-0.000001,0.001000,-0.001875,0.310592,-0.439826,0.093864,3.141547,-0.000057,0.000060
0.868557,0.009964,0.008831,0.000002,-0.000001,0.001000,-0.001875,0.310665,-0.439750,0.093830,3.141547,-0.000057,0.000061
0.872574,0.009964,0.008831,0.000002,-0.000001,0.001000,-0.001875,0.310741,-0.439673,0.093797,3.141547,-0.000057,0.000060
0.876563,0.009964,0.008831,0.000002,-0.000001,0.001000,-0.001875,0.310814,-0.439597,0.093763,3.141547,-0.000057,0.000047
0.880564,0.009967,0.008824,0.000002,-0.000001,0.001000,-0.001875,0.310887,-0.439521,0.093729,3.141551,-0.000052,0.000034
0.884529,0.009968,0.008819,0.000002,-0.000001,0.001000,-0.001875,0.310962,-0.439444,0.093693,3.141554,-0.000049,0.000020
0.888508,0.009973,0.008805,0.000001,-0.000001,0.001000,-0.001875,0.311033,-0.439366,0.093657,3.141561,-0.000039,-0.000007
0.892508,0.009975,0.008798,0.000001,-0.000001,0.001000,-0.001875,0.311107,-0.439288,0.093622,3.141565,-0.000034,-0.000021
0.896509,0.009980,0.008783,0.000001,-0.000000,0.001000,-0.001875,0.311179,-0.439212,0.093587,3.141574,-0.000024,-0.000041
0.900511,0.009986,0.008765,0.000000,-0.000000,0.001000,-0.001875,0.311252,-0.439132,0.093549,3.141584,-0.000011,-0.000042
0.904505,0.009990,0.008754,-0.010000,-0.000000,0.001000,-0.001875,0.311325,-0.439054,0.093512,3.141590,-0.000003,-0.000037
0.908541,0.009992,0.008747,-0.010001,0.000000,0.001000,-0.001875,0.311398,-0.438977,0.093477,-3.141591,0.000002,-0.000022
0.912539,0.009995,0.008736,-0.010001,0.000000,0.001000,-0.001875,0.311471,-0.438898,0.093440,-3.141585,0.000010,-0.000004
0.916509,0.009995,0.008738,-0.010001,0.000000,0.001000,-0.001875,0.311546,-0.438821,0.093404,-3.141586,0.000008,0.000008
0.920544,0.009995,0.008736,-0.010001,0.000000,0.001000,-0.001875,0.311619,-0.438745,0.093367,-3.141585,0.000010,0.000016
0.924503,0.009997,0.008733,-0.010001,0.000000,0.001000,-0.001875,0.311692,-0.438667,0.093330,-3.141583,0.000012,0.000021
0.928502,0.009997,0.008730,-0.010001,0.000000,0.001000,-0.001875,0.311765,-0.438591,0.093292,-3.141582,0.000014,0.000022
0.932524,0.010000,0.008722,-0.010001,0.000000,0.001000,-0.001875,0.311838,-0.438512,0.093253,-3.141577,0.000020,0.000014
0.936530,0.009998,0.008727,-0.010001,0.000000,0.001000,-0.001875,0.311914,-0.438435,0.093216,-3.141580,0.000016,0.000013
0.940533,0.009999,0.008726,-0.010001,0.000000,0.001000,-0.001875,0.311986,-0.438358,0.093177,-3.141579,0.000017,0.000000
0.944503,0.009997,0.018732,-0.010001,0.000000,0.001000,-0.001875,0.312060,-0.438280,0.093139,-3.141583,0.000012,-0.000022
0.948504,0.009993,0.018745,-0.010001,0.000000,0.001000,-0.001875,0.312136,-0.438203,0.093103,-3.141590,0.000004,-0.000036
0.952562,0.009991,0.018751,-0.010000,-0.000000,0.001000,-0.001875,0.312210,-0.438125,0.093065,3.141592,-0.000001,-0.000045
0.956503,0.009986,0.018764,-0.010000,-0.000000,0.001000,-0.001875,0.312286,-0.438049,0.093029,3.141585,-0.000010,-0.000053
0.960527,0.009984,0.018770,-0.010000,-0.000000,0.001000,-0.001875,0.312358,-0.437972,0.092991,3.141581,-0.000014,-0.000052
0.964526,0.009983,0.018775,-0.010000,-0.000000,0.001000,-0.001875,0.312435,-0.437894,0.092954,3.141578,-0.000018,-0.000035
0.968540,0.009984,0.018773,-0.010000,-0.000000,0.001000,-0.001875,0.312508,-0.437818,0.092916,3.141580,-0.000016,-0.000028
0.972504,0.009986,0.018765,-0.010000,-0.000000,0.001000,-0.001875,0.312584,-0.437738,0.092876,3.141584,-0.000011,-0.000004
0.976506,0.009987,0.018763,-0.010000,-0.000000,0.001000,-0.001875,0.312657,-0.437662,0.092838,3.141585,-0.000009,-0.000004
0.980502,0.009989,0.008756,-0.010000,-0.000000,0.001000,-0.002875,0.312731,-0.437585,0.092798,3.141589,-0.000004,0.000009
0.984536,0.009988,0.008761,-0.010000,-0.000000,0.001000,-0.002875,0.312807,-0.437508,0.092761,3.141587,-0.000008,-0.000040
0.988502,0.009979,0.008786,-0.009999,-0.000000,0.001000,-0.002875,0.312885,-0.437433,0.092727,3.141572,-0.000026,-0.000035
0.992502,0.009990,0.008752,-0.010000,-0.000000,0.001000,-0.002875,0.312976,-0.437336,0.092677,3.141591,-0.000002,0.000014
0.996502,0.009984,0.008771,-0.010000,-0.000000,0.001000,-0.002875,0.313054,-0.437261,0.092643,3.141581,-0.000015,0.000005
1.000507,0.009983,0.008774,-0.010000,-0.000000,0.001000,-0.002875,0.313128,-0.437186,0.092607,3.141579,-0.000017,-0.000014
1.004504,0.009976,0.008798,-0.009999,-0.000001,0.001000,-0.002875,0.313206,-0.437111,0.092574,3.141566,-0.000034,-0.000022
1.008503,0.009972,0.008809,-0.009999,-0.000001,0.001000,-0.002875,0.313283,-0.437035,0.092539,3.141560,-0.000042,-0.000030
1.012502,0.009965,0.008832,-0.009998,-0.000001,0.001000,-0.002875,0.313360,-0.436960,0.092506,3.141547,-0.000058,-0.000025
1.016535,0.009957,0.008855,-0.009997,-0.000001,0.001000,-0.002875,0.313436,-0.436886,0.092474,3.141534,-0.000075,-0.000024
1.020503,0.009953,0.008868,-0.009997,-0.000001,0.001000,-0.002875,0.313512,-0.436809,0.092438,3.141527,-0.000084,-0.000012
1.024541,-0.100048,-0.141127,-1.469997,0.000999,-0.019000,0.000125,0.313587,-0.436732,0.092401,3.141524,-0.000087,0.000000
1.028535,-0.100056,-0.141102,-1.469996,0.000998,-0.019001,0.000125,0.313663,-0.436655,0.092368,3.141510,-0.000105,0.000012
1.032506,-0.100062,-0.141082,-1.469995,0.000998,-0.019001,0.000125,0.313737,-0.436580,0.092332,3.141499,-0.000119,0.000013
1.036605,-0.100069,-0.141062,-1.469995,0.000998,-0.019001,0.000125,0.313815,-0.436502,0.092296,3.141488,-0.000133,0.000030
1.040602,-0.100075,-0.141042,-1.469994,0.000997,-0.019001,0.000125,0.313891,-0.436426,0.092261,3.141477,-0.000148,0.000028
1.044615,-0.100083,-0.141015,-1.469993,0.000997,-0.019001,0.000125,0.313967,-0.436350,0.092226,3.141461,-0.000167,0.000034
1.048504,-0.100090,-0.140995,-1.469993,0.000997,-0.019001,0.000125,0.314043,-0.436273,0.092190,3.141450,-0.000181,0.000039
1.052601,-0.100096,-0.140973,-1.469992,0.000997,-0.019001,0.000125,0.314119,-0.436194,0.092154,3.141438,-0.000197,0.000035
1.056503,-0.100103,-0.140953,-1.469992,0.000996,-0.019001,0.000125,0.314195,-0.436118,0.092118,3.141427,-0.000211,0.000034
1.060592,-0.660107,-0.830939,-9.629991,-0.004004,-0.121001,0.019125,0.314269,-0.436039,0.092081,3.141420,-0.000221,0.000026
1.064578,-0.660119,-0.830928,-9.629991,-0.004004,-0.121001,0.019125,0.314346,-0.435962,0.092045,3.141407,-0.000225,0.000029
1.068575,-0.660120,-0.830927,-9.629991,-0.004004,-0.121001,0.019125,0.314419,-0.435883,0.092004,3.141407,-0.000227,0.000021
1.072506,-0.660119,-0.830928,-9.629991,-0.004004,-0.121001,0.019125,0.314492,-0.435804,0.091966,3.141407,-0.000226,0.000019
1.076534,-0.660121,-0.830923,-9.629991,-0.004004,-0.121001,0.019125,0.314567,-0.435726,0.091929,3.141404,-0.000230,0.000018
1.080576,-0.660119,-0.830929,-9.629991,-0.004004,-0.121001,0.019125,0.314639,-0.435647,0.091888,3.141408,-0.000225,0.000023
1.084545,-0.660119,-0.830930,-9.629991,-0.004004,-0.121001,0.019125,0.314712,-0.435568,0.091850,3.141408,-0.000225,0.000029
1.088575,-0.660118,-0.830932,-9.629991,-0.004004,-0.121001,0.019125,0.314786,-0.435490,0.091812,3.141410,-0.000223,0.000027
1.092581,-0.660117,-0.830933,-9.629991,-0.004004,-0.121001,0.019125,0.314861,-0.435410,0.091774,3.141410,-0.000222,0.000037
1.096587,-0.660117,-0.830933,-9.629991,-0.004004,-0.121001,0.019125,0.314861,-0.435410,0.091774,3.141410,-0.000222,0.000037
1.100582,-0.660119,-0.830928,-9.629991,-0.004004,-0.121001,0.019125,0.314936,-0.435333,0.091737,3.141408,-0.000226,-0.000011
1.104591,-0.660116,-0.830935,-9.629991,-0.004004,-0.121001,0.019125,0.315010,-0.435254,0.091697,3.141412,-0.000221,-0.000013
1.108563,-1.340119,-1.670928,-22.409991,-0.025004,-0.266001,0.048125,0.315160,-0.435098,0.091625,3.141408,-0.000226,-0.000011
1.112591,-1.340127,-1.670900,-22.409990,-0.025004,-0.266001,0.048125,0.315233,-0.435019,0.091590,3.141392,-0.000246,-0.000019
1.116585,-1.340127,-1.670902,-22.409990,-0.025004,-0.266001,0.048125,0.315309,-0.434939,0.091558,3.141394,-0.000244,-0.000016
1.120587,-1.340122,-1.670916,-22.409990,-0.025004,-0.266001,0.048125,0.315407,-0.434845,0.091523,3.141401,-0.000235,0.000030
1.124556,-1.340133,-1.670910,-22.409990,-0.025004,-0.266001,0.048125,0.315479,-0.434769,0.091496,3.141392,-0.000236,0.000017
1.128586,-1.340132,-1.670911,-22.409990,-0.025004,-0.266001,0.048125,0.315556,-0.434690,0.091469,3.141393,-0.000235,0.000020
1.132586,-1.340133,-1.670908,-22.409990,-0.025004,-0.266001,0.048125,0.315633,-0.434611,0.091444,3.141391,-0.000238,0.000017
1.136589,-1.340133,-1.670907,-22.409990,-0.025004,-0.266001,0.048125,0.315710,-0.434530,0.091416,3.141391,-0.000238,0.000024
1.140554,-1.340135,-1.670902,-22.409990,-0.025004,-0.266001,0.048125,0.315788,-0.434449,0.091391,3.141388,-0.000242,0.000019
1.144551,-2.080135,-2.410902,-33.999990,-0.050004,-0.389001,0.073125,0.315866,-0.434368,0.091363,3.141388,-0.000242,0.000006
1.148536,-2.080138,-2.410892,-33.999990,-0.050004,-0.389001,0.073125,0.315947,-0.434284,0.091340,3.141382,-0.000249,0.000002
1.152557,-2.080143,-2.410876,-33.999989,-0.050005,-0.389001,0.073125,0.316029,-0.434204,0.091319,3.141373,-0.000261,0.000001
1.156535,-2.080143,-2.410875,-33.999989,-0.050005,-0.389001,0.073125,0.316108,-0.434121,0.091296,3.141373,-0.000261,-0.000007
1.160581,-2.080143,-2.410875,-33.999989,-0.050005,-0.389001,0.073125,0.316185,-0.434039,0.091280,3.141373,-0.000261,-0.000013
1.164574,-2.080140,-2.410885,-33.999990,-0.050004,-0.389001,0.073125,0.316263,-0.433955,0.091265,3.141379,-0.000254,-0.000021
1.168553,-2.080137,-2.410892,-33.999990,-0.050004,-0.389001,0.073125,0.316341,-0.433872,0.091253,3.141383,-0.000249,-0.000022
1.172542,-2.080132,-2.410909,-33.999990,-0.050004,-0.389001,0.073125,0.316418,-0.433787,0.091243,3.141392,-0.000237,-0.000024
1.176547,-2.080126,-2.410928,-33.999991,-0.050004,-0.389001,0.073125,0.316495,-0.433703,0.091234,3.141403,-0.000223,-0.000018
1.180547,-2.080119,-2.410950,-33.999992,-0.050004,-0.389001,0.073125,0.316570,-0.433619,0.091227,3.141415,-0.000208,-0.000011
1.184554,-2.790109,-2.900983,-44.379992,-0.067003,-0.494001,0.093125,0.316645,-0.433534,0.091221,3.141433,-0.000185,-0.000005
1.188548,-2.790102,-2.901006,-44.379992,-0.067003,-0.494001,0.093125,0.316723,-0.433450,0.091221,3.141446,-0.000168,-0.000007
1.192576,-2.790094,-2.901030,-44.379993,-0.067003,-0.494001,0.093125,0.316797,-0.433366,0.091221,3.141459,-0.000151,-0.000012
1.196556,-2.790086,-2.901057,-44.379994,-0.067002,-0.494001,0.093125,0.316873,-0.433281,0.091223,3.141474,-0.000132,-0.000014
1.200558,-2.790086,-2.901057,-44.379994,-0.067002,-0.494001,0.093125,0.316873,-0.433281,0.091223,3.141474,-0.000132,-0.000014
1.204579,-2.790068,-2.901116,-44.379996,-0.067002,-0.494001,0.093125,0.317022,-0.433111,0.091225,3.141506,-0.000090,-0.000028
1.208545,-2.790068,-2.901116,-44.379996,-0.067002,-0.494001,0.093125,0.317022,-0.433111,0.091225,3.141506,-0.000090,-0.000028
1.212545,-2.790054,-2.901162,-44.379997,-0.067001,-0.494001,0.093125,0.317171,-0.432942,0.091229,3.141532,-0.000057,-0.000042
1.216554,-2.790049,-2.901179,-44.379998,-0.067001,-0.494001,0.093125,0.317249,-0.432855,0.091236,3.141541,-0.000045,-0.000032
1.220580,-2.790042,-2.901201,-44.379998,-0.067001,-0.494000,0.093125,0.317323,-0.432771,0.091246,3.141553,-0.000029,-0.000031
1.224536,-3.470042,-2.781200,-50.050000,-0.091001,-0.556000,0.101125,0.317400,-0.432686,0.091264,3.141553,-0.000030,-0.000025
1.228557,-3.470044,-2.781196,-50.050000,-0.091001,-0.556000,0.101125,0.317478,-0.432603,0.091290,3.141551,-0.000033,-0.000006
1.232598,-3.470044,-2.781196,-50.050000,-0.091001,-0.556000,0.101125,0.317478,-0.432603,0.091290,3.141551,-0.000033,-0.000006
1.236600,-3.470040,-2.781208,-50.050001,-0.091001,-0.556000,0.101125,0.317570,-0.432498,0.091322,3.141557,-0.000024,0.000001
1.240581,-3.470037,-2.781219,-50.050001,-0.091000,-0.556000,0.101125,0.317628,-0.432434,0.091341,3.141563,-0.000017,0.000013
1.244584,-3.470023,-2.781235,-50.050001,-0.091000,-0.556000,0.101125,0.317725,-0.432329,0.091377,3.141578,-0.000008,0.000019
1.248552,-3.470017,-2.781253,-50.050002,-0.091000,-0.556000,0.101125,0.317781,-0.432264,0.091396,3.141588,0.000005,-0.000037
1.252564,-3.470002,-2.781304,-50.050003,-0.090999,-0.556000,0.101125,0.317951,-0.432075,0.091455,-3.141569,0.000041,0.000004
1.256556,-3.469997,-2.781321,-50.050004,-0.090999,-0.556000,0.101125,0.318027,-0.431992,0.091485,-3.141560,0.000054,-0.000009
1.260553,-3.469989,-2.781347,-50.050004,-0.090999,-0.556000,0.101125,0.318102,-0.431907,0.091514,-3.141546,0.000072,-0.000017
1.264540,-4.179984,-1.871364,-49.840006,-0.129999,-0.583000,0.097125,0.318179,-0.431823,0.091549,-3.141537,0.000084,-0.000025
1.268560,-4.179984,-1.871364,-49.840006,-0.129999,-0.583000,0.097125,0.318179,-0.431823,0.091549,-3.141537,0.000084,-0.000025
1.272554,-4.179974,-1.871397,-49.840007,-0.129998,-0.583000,0.097125,0.318333,-0.431657,0.091630,-3.141518,0.000108,-0.000032
1.276552,-4.179974,-1.871397,-49.840007,-0.129998,-0.583000,0.097125,0.318333,-0.431657,0.091630,-3.141518,0.000108,-0.000032
1.280542,-4.179970,-1.871409,-49.840007,-0.129998,-0.583000,0.097125,0.318410,-0.431573,0.091673,-3.141512,0.000117,-0.000020
1.284560,-4.179962,-1.871437,-49.840008,-0.129998,-0.583000,0.097125,0.318566,-0.431405,0.091757,-3.141497,0.000137,0.000018
1.288596,-4.179962,-1.871437,-49.840008,-0.129998,-0.583000,0.097125,0.318566,-0.431405,0.091757,-3.141497,0.000137,0.000018
1.292584,-4.179955,-1.871459,-49.840009,-0.129998,-0.583000,0.097125,0.318641,-0.431322,0.091795,-3.141485,0.000152,0.000032
1.296550,-4.179953,-1.871468,-49.840009,-0.129997,-0.583000,0.097125,0.318720,-0.431239,0.091836,-3.141480,0.000159,0.000051
1.300560,-4.179950,-1.871476,-49.840009,-0.129997,-0.583000,0.097125,0.318799,-0.431156,0.091876,-3.141475,0.000165,0.000056
1.304538,-4.179950,-1.871477,-49.840009,-0.129997,-0.583000,0.097125,0.318878,-0.431074,0.091918,-3.141475,0.000165,0.000062
1.308582,-3.759946,-1.221491,-42.050009,-0.129997,-0.513000,0.080125,0.318955,-0.430992,0.091956,-3.141467,0.000175,0.000049
1.312586,-3.759934,-1.221503,-42.050009,-0.129997,-0.512999,0.080125,0.319112,-0.430825,0.092035,-3.141455,0.000181,0.000026
1.316580,-3.759931,-1.221512,-42.050009,-0.129997,-0.512999,0.080125,0.319190,-0.430741,0.092071,-3.141450,0.000187,0.000011
1.320587,-3.759931,-1.221512,-42.050009,-0.129997,-0.512999,0.080125,0.319190,-0.430741,0.092071,-3.141450,0.000187,0.000011
1.324588,-3.759928,-1.221523,-42.050010,-0.129997,-0.512999,0.080125,0.319347,-0.430575,0.092148,-3.141444,0.000195,-0.000018
1.328593,-3.759928,-1.221523,-42.050010,-0.129997,-0.512999,0.080125,0.319347,-0.430575,0.092148,-3.141444,0.000195,-0.000018
1.332586,-3.759927,-1.221526,-42.050010,-0.129997,-0.512999,0.080125,0.319422,-0.430495,0.092185,-3.141442,0.000198,-0.000022
1.336585,-3.759928,-1.221524,-42.050010,-0.129997,-0.512999,0.080125,0.319503,-0.430414,0.092224,-3.141443,0.000196,-0.000003
1.340580,-3.759929,-1.221518,-42.050009,-0.129997,-0.512999,0.080125,0.319580,-0.430339,0.092260,-3.141447,0.000192,0.000016
1.344593,-3.759928,-1.221522,-42.050010,-0.129997,-0.512999,0.080125,0.319659,-0.430262,0.092292,-3.141444,0.000195,0.000039
1.348549,-2.579928,-0.881522,-30.170008,-0.094997,-0.375999,0.057125,0.319736,-0.430186,0.092321,-3.141445,0.000194,0.000051
1.352590,-2.579927,-0.881526,-30.170009,-0.094997,-0.375999,0.057125,0.319813,-0.430111,0.092341,-3.141443,0.000198,0.000057
1.356586,-2.579919,-0.881525,-30.170008,-0.094997,-0.375999,0.057125,0.319890,-0.430034,0.092359,-3.141437,0.000194,0.000062
1.360582,-2.579920,-0.881519,-30.170008,-0.094997,-0.375999,0.057125,0.319968,-0.429959,0.092379,-3.141440,0.000190,0.000061
1.364583,-2.579923,-0.881511,-30.170008,-0.094997,-0.375999,0.057125,0.320046,-0.429885,0.092396,-3.141445,0.000184,0.000052
1.368590,-2.579923,-0.881510,-30.170008,-0.094997,-0.375999,0.057125,0.320124,-0.429810,0.092413,-3.141445,0.000183,0.000038
1.372588,-2.579923,-0.881510,-30.170008,-0.094997,-0.375999,0.057125,0.320202,-0.429735,0.092431,-3.141446,0.000183,0.000016
1.376591,-2.579920,-0.881523,-30.170008,-0.094997,-0.375999,0.057125,0.320277,-0.429658,0.092446,-3.141439,0.000192,0.000001
1.380581,-2.579920,-0.881521,-30.170008,-0.094997,-0.375999,0.057125,0.320353,-0.429582,0.092462,-3.141440,0.000191,-0.000020
1.384605,-2.579919,-0.881524,-30.170008,-0.094997,-0.375999,0.057125,0.320427,-0.429504,0.092482,-3.141438,0.000193,-0.000089
1.388599,-1.439919,-0.661524,-17.260008,-0.046997,-0.218999,0.031125,0.320508,-0.429431,0.092494,-3.141438,0.000193,-0.000037
1.392512,-1.439920,-0.661521,-17.260008,-0.046997,-0.218999,0.031125,0.320588,-0.429355,0.092509,-3.141440,0.000191,-0.000034
1.396566,-1.439919,-0.661527,-17.260009,-0.046997,-0.218999,0.031125,0.320662,-0.429277,0.092520,-3.141436,0.000196,-0.000069
1.400537,-1.439922,-0.661515,-17.260008,-0.046997,-0.218999,0.031125,0.320763,-0.429184,0.092535,-3.141443,0.000187,-0.000002
1.404572,-1.439920,-0.661522,-17.260008,-0.046997,-0.218999,0.031125,0.320842,-0.429108,0.092540,-3.141439,0.000192,0.000014
1.408598,-1.439919,-0.661528,-17.260009,-0.046997,-0.218999,0.031125,0.320918,-0.429032,0.092545,-3.141436,0.000196,0.000019
1.412580,-1.439915,-0.661541,-17.260009,-0.046997,-0.218999,0.031125,0.320994,-0.428955,0.092548,-3.141429,0.000205,0.000025
1.416568,-1.439914,-0.661544,-17.260009,-0.046996,-0.218999,0.031125,0.321073,-0.428878,0.092551,-3.141428,0.000208,0.000028
1.420596,-0.789912,-0.481552,-10.120009,-0.022996,-0.127999,0.017125,0.321148,-0.428801,0.092557,-3.141423,0.000213,0.000020
1.424584,-0.789908,-0.481565,-10.120010,-0.022996,-0.127999,0.017125,0.321224,-0.428725,0.092560,-3.141416,0.000223,0.000005
1.428589,-0.789910,-0.481559,-10.120010,-0.022996,-0.127999,0.017125,0.321302,-0.428650,0.092568,-3.141419,0.000219,-0.000010
1.432593,-0.789908,-0.481565,-10.120010,-0.022996,-0.127999,0.017125,0.321379,-0.428574,0.092573,-3.141417,0.000223,-0.000032
1.436552,-0.789909,-0.481563,-10.120010,-0.022996,-0.127999,0.017125,0.321455,-0.428498,0.092578,-3.141418,0.000221,-0.000046
1.440582,-0.789907,-0.481569,-10.120010,-0.022996,-0.127999,0.017125,0.321530,-0.428421,0.092577,-3.141414,0.000226,-0.000055
1.444586,-0.789909,-0.481565,-10.120010,-0.022996,-0.127999,0.017125,0.321605,-0.428347,0.092574,-3.141417,0.000223,-0.000060
1.448589,-0.789910,-0.481559,-10.120010,-0.022996,-0.127999,0.017125,0.321681,-0.428270,0.092571,-3.141420,0.000219,-0.000055
1.452592,-0.789913,-0.481551,-10.120009,-0.022996,-0.127999,0.017125,0.321755,-0.428196,0.092566,-3.141424,0.000213,-0.000048
1.456579,-0.789916,-0.481541,-10.120009,-0.022997,-0.127999,0.017125,0.321833,-0.428120,0.092560,-3.141430,0.000206,-0.000029
1.460580,-0.789918,-0.481533,-10.120009,-0.022997,-0.127999,0.017125,0.321907,-0.428046,0.092555,-3.141434,0.000200,-0.000014
1.464573,-0.489921,-0.311524,-5.830009,-0.011997,-0.074999,0.009125,0.321983,-0.427969,0.092550,-3.141439,0.000194,-0.000002
1.468592,-0.489925,-0.311510,-5.830008,-0.011997,-0.074999,0.009125,0.322061,-0.427894,0.092547,-3.141447,0.000184,0.000003
1.472586,-0.489928,-0.311499,-5.830008,-0.011997,-0.074999,0.009125,0.322135,-0.427820,0.092540,-3.141452,0.000176,0.000011
1.476586,-0.489932,-0.311486,-5.830007,-0.011997,-0.074999,0.009125,0.322211,-0.427744,0.092532,-3.141460,0.000166,0.000016
1.480578,-0.489936,-0.311472,-5.830007,-0.011997,-0.074999,0.009125,0.322286,-0.427669,0.092523,-3.141467,0.000157,0.000010
1.484593,-0.489944,-0.311443,-5.830006,-0.011998,-0.074999,0.009125,0.322365,-0.427595,0.092516,-3.141483,0.000136,0.000009
1.488573,-0.489951,-0.311421,-5.830005,-0.011998,-0.075000,0.009125,0.322442,-0.427522,0.092507,-3.141495,0.000120,-0.000011
1.492578,-0.489957,-0.311400,-5.830005,-0.011998,-0.075000,0.009125,0.322519,-0.427447,0.092499,-3.141506,0.000105,-0.000019
1.496573,-0.489965,-0.311371,-5.830004,-0.011999,-0.075000,0.009125,0.322596,-0.427374,0.092492,-3.141522,0.000084,-0.000031
1.500588,-0.429974,-0.331339,-5.270003,-0.009999,-0.067000,0.008125,0.322675,-0.427300,0.092488,-3.141539,0.000061,-0.000033
1.504545,-0.429978,-0.331326,-5.270003,-0.009999,-0.067000,0.008125,0.322749,-0.427225,0.092480,-3.141546,0.000051,-0.000032
1.508577,-0.429985,-0.331304,-5.270002,-0.009999,-0.067000,0.008125,0.322828,-0.427151,0.092471,-3.141558,0.000036,-0.000020
1.512584,-0.429989,-0.331288,-5.270001,-0.010000,-0.067000,0.008125,0.322902,-0.427076,0.092461,-3.141566,0.000024,-0.000012
1.516603,-0.430002,-0.331274,-5.270001,-0.010000,-0.067000,0.008125,0.322977,-0.427003,0.092451,-3.141580,0.000017,-0.000005
1.520601,-0.430010,-0.331248,-5.270000,-0.010000,-0.067000,0.008125,0.323054,-0.426927,0.092440,3.141591,-0.000002,-0.000040
1.524575,-0.430017,-0.331224,-5.270000,-0.010000,-0.067000,0.008125,0.323133,-0.426853,0.092430,3.141578,-0.000019,-0.000028
1.528500,-0.430026,-0.331192,-5.269999,-0.010001,-0.067000,0.008125,0.323229,-0.426760,0.092415,3.141562,-0.000042,0.000034
1.532536,-0.430034,-0.331164,-5.269998,-0.010001,-0.067000,0.008125,0.323306,-0.426685,0.092403,3.141546,-0.000062,0.000039
1.536600,-0.430041,-0.331138,-5.269997,-0.010001,-0.067000,0.008125,0.323383,-0.426609,0.092392,3.141533,-0.000081,0.000038
1.540604,-0.420046,-0.351122,-5.649997,-0.010002,-0.070000,0.009125,0.323457,-0.426531,0.092376,3.141524,-0.000093,0.000036
1.544566,-0.480050,-0.461107,-7.249996,-0.011002,-0.089000,0.013125,0.323534,-0.426453,0.092361,3.141516,-0.000103,0.000033
1.548528,-0.480054,-0.461093,-7.249996,-0.011002,-0.089001,0.013125,0.323608,-0.426374,0.092347,3.141509,-0.000113,0.000018
1.552593,-0.480056,-0.461083,-7.249995,-0.011002,-0.089001,0.013125,0.323684,-0.426296,0.092329,3.141503,-0.000120,0.000014
1.556590,-0.480057,-0.461080,-7.249995,-0.011002,-0.089001,0.013125,0.323759,-0.426216,0.092311,3.141501,-0.000123,0.000017
1.560584,-0.480058,-0.461076,-7.249995,-0.011002,-0.089001,0.013125,0.323832,-0.426137,0.092292,3.141499,-0.000126,0.000016
1.564581,-0.480061,-0.461066,-7.249995,-0.011002,-0.089001,0.013125,0.323909,-0.426058,0.092275,3.141494,-0.000133,0.000026
1.568575,-0.480060,-0.461070,-7.249995,-0.011002,-0.089001,0.013125,0.323981,-0.425979,0.092255,3.141496,-0.000130,0.000024
1.572540,-0.480061,-0.461065,-7.249995,-0.011002,-0.089001,0.013125,0.324056,-0.425902,0.092236,3.141494,-0.000133,0.000023
1.576534,-0.480062,-0.461063,-7.249995,-0.011002,-0.089001,0.013125,0.324132,-0.425823,0.092218,3.141492,-0.000135,0.000033
1.580571,-0.480062,-0.461061,-7.249995,-0.011002,-0.089001,0.013125,0.324208,-0.425744,0.092200,3.141491,-0.000137,0.000043
1.584545,-0.710061,-0.681064,-10.209995,-0.015002,-0.128001,0.020125,0.324280,-0.425664,0.092180,3.141493,-0.000134,0.000048
1.588558,-0.710064,-0.681054,-10.209994,-0.015002,-0.128001,0.020125,0.324355,-0.425587,0.092163,3.141488,-0.000141,0.000047
1.592582,-0.710063,-0.681058,-10.209994,-0.015002,-0.128001,0.020125,0.324429,-0.425507,0.092144,3.141490,-0.000139,0.000043
1.596580,-0.710065,-0.681051,-10.209994,-0.015002,-0.128001,0.020125,0.324505,-0.425428,0.092128,3.141486,-0.000144,0.000046
1.600577,-0.710063,-0.681057,-10.209994,-0.015002,-0.128001,0.020125,0.324577,-0.425348,0.092110,3.141490,-0.000139,0.000038
1.604584,-0.710063,-0.681056,-10.209994,-0.015002,-0.128001,0.020125,0.324651,-0.425268,0.092093,3.141489,-0.000140,0.000035
1.608600,-0.710064,-0.681055,-10.209994,-0.015002,-0.128001,0.020125,0.324724,-0.425189,0.092076,3.141488,-0.000141,0.000026
1.612584,-0.710062,-0.681061,-10.209994,-0.015002,-0.128001,0.020125,0.324797,-0.425108,0.092058,3.141492,-0.000137,0.000016
1.616589,-0.710062,-0.681062,-10.209994,-0.015002,-0.128001,0.020125,0.324869,-0.425029,0.092043,3.141492,-0.000136,0.000015
1.620587,-0.710060,-0.681068,-10.209995,-0.015002,-0.128001,0.020125,0.324943,-0.424948,0.092025,3.141496,-0.000131,0.000018
1.624587,-1.040059,-0.941069,-14.949994,-0.025002,-0.185001,0.031125,0.325015,-0.424869,0.092010,3.141496,-0.000131,0.000016
1.628581,-1.040061,-0.941065,-14.949994,-0.025002,-0.185001,0.031125,0.325089,-0.424791,0.091996,3.141494,-0.000134,0.000015
1.632588,-1.040060,-0.941066,-14.949994,-0.025002,-0.185001,0.031125,0.325165,-0.424709,0.091980,3.141495,-0.000133,0.000009
1.636542,-1.040058,-0.941072,-14.949995,-0.025002,-0.185001,0.031125,0.325257,-0.424607,0.091963,3.141498,-0.000128,0.000006
1.640581,-1.040057,-0.941076,-14.949995,-0.025002,-0.185001,0.031125,0.325332,-0.424524,0.091949,3.141500,-0.000126,-0.000000
1.644578,-1.040056,-0.941082,-14.949995,-0.025002,-0.185001,0.031125,0.325409,-0.424440,0.091937,3.141503,-0.000121,-0.000001
1.648555,-1.040054,-0.941088,-14.949995,-0.025002,-0.185001,0.031125,0.325485,-0.424357,0.091925,3.141507,-0.000117,-0.000014
1.652588,-1.040052,-0.941095,-14.949995,-0.025002,-0.185001,0.031125,0.325562,-0.424273,0.091913,3.141510,-0.000112,-0.000015
1.656593,-1.040053,-0.941092,-14.949995,-0.025002,-0.185001,0.031125,0.325639,-0.424192,0.091901,3.141509,-0.000114,-0.000021
1.660578,-1.040052,-0.941093,-14.949995,-0.025002,-0.185001,0.031125,0.325716,-0.424108,0.091891,3.141509,-0.000113,-0.000016
1.664541,-1.370051,-1.191100,-20.529996,-0.045002,-0.246000,0.043125,0.325793,-0.424024,0.091879,3.141513,-0.000109,-0.000010
1.668544,-1.370049,-1.191105,-20.529996,-0.045002,-0.246000,0.043125,0.325870,-0.423943,0.091866,3.141516,-0.000105,-0.000003
1.672587,-1.370048,-1.191108,-20.529997,-0.045002,-0.246000,0.043125,0.325947,-0.423858,0.091858,3.141517,-0.000103,0.000003
1.676588,-1.370046,-1.191116,-20.529997,-0.045002,-0.246000,0.043125,0.326023,-0.423777,0.091847,3.141522,-0.000097,0.000004
1.680542,-1.370043,-1.191127,-20.529997,-0.045001,-0.246000,0.043125,0.326098,-0.423694,0.091838,3.141527,-0.000089,-0.000002
1.684580,-1.370039,-1.191140,-20.529998,-0.045001,-0.246000,0.043125,0.326176,-0.423610,0.091830,3.141534,-0.000080,-0.000004
1.688551,-1.370036,-1.191152,-20.529998,-0.045001,-0.246000,0.043125,0.326251,-0.423528,0.091822,3.141541,-0.000071,-0.000016
1.692575,-1.370032,-1.191165,-20.529998,-0.045001,-0.246000,0.043125,0.326327,-0.423446,0.091814,3.141548,-0.000062,-0.000029
1.696581,-1.370028,-1.191180,-20.529999,-0.045001,-0.246000,0.043125,0.326405,-0.423362,0.091808,3.141556,-0.000051,-0.000037
1.700571,-1.370026,-1.191188,-20.529999,-0.045001,-0.246000,0.043125,0.326481,-0.423280,0.091803,3.141560,-0.000045,-0.000043
1.704547,-1.790023,-1.441198,-25.599999,-0.066001,-0.300000,0.054125,0.326556,-0.423197,0.091799,3.141565,-0.000038,-0.000049
1.708538,-1.790023,-1.441198,-25.599999,-0.066001,-0.300000,0.054125,0.326556,-0.423197,0.091799,3.141565,-0.000038,-0.000049
1.712546,-1.790020,-1.441208,-25.599999,-0.066001,-0.300000,0.054125,0.326634,-0.423114,0.091795,3.141570,-0.000031,-0.000043
1.716575,-1.790015,-1.441228,-25.600000,-0.066000,-0.300000,0.054125,0.326787,-0.422947,0.091793,3.141581,-0.000016,-0.000017
1.720588,-1.790012,-1.441238,-25.600000,-0.066000,-0.300000,0.054125,0.326862,-0.422865,0.091795,3.141586,-0.000009,-0.000009
1.724589,-1.790010,-1.441246,-25.600000,-0.066000,-0.300000,0.054125,0.326939,-0.422781,0.091800,3.141590,-0.000003,0.000010
1.728556,-1.790006,-1.441261,-25.600001,-0.066000,-0.300000,0.054125,0.327016,-0.422697,0.091806,-3.141587,0.000007,0.000015
1.732554,-1.790006,-1.441261,-25.600001,-0.066000,-0.300000,0.054125,0.327016,-0.422697,0.091806,-3.141587,0.000007,0.000015
1.736558,-1.790003,-1.441273,-25.600001,-0.066000,-0.300000,0.054125,0.327170,-0.422534,0.091821,-3.141580,0.000017,0.000010
1.740547,-1.790004,-1.441270,-25.600001,-0.066000,-0.300000,0.054125,0.327249,-0.422451,0.091831,-3.141582,0.000014,-0.000045
1.744590,-1.790004,-1.441270,-25.600001,-0.066000,-0.300000,0.054125,0.327249,-0.422451,0.091831,-3.141582,0.000014,-0.000045
1.748569,-2.120000,-1.541283,-28.530002,-0.072000,-0.338000,0.060125,0.327324,-0.422366,0.091841,-3.141575,0.000024,-0.000053
1.752585,-2.120000,-1.541282,-28.530002,-0.072000,-0.338000,0.060125,0.327424,-0.422267,0.091852,-3.141576,0.000023,-0.000005
1.756578,-2.120000,-1.541284,-28.530002,-0.072000,-0.338000,0.060125,0.327502,-0.422184,0.091865,-3.141575,0.000024,-0.000013
1.760543,-2.120003,-1.541274,-28.530002,-0.072000,-0.338000,0.060125,0.327583,-0.422102,0.091882,-3.141580,0.000017,-0.000014
1.764563,-2.120005,-1.541267,-28.530001,-0.072000,-0.338000,0.060125,0.327739,-0.421938,0.091918,-3.141584,0.000012,-0.000008
1.768589,-2.120005,-1.541267,-28.530001,-0.072000,-0.338000,0.060125,0.327739,-0.421938,0.091918,-3.141584,0.000012,-0.000008
1.772543,-2.120004,-1.541268,-28.530001,-0.072000,-0.338000,0.060125,0.327817,-0.421855,0.091936,-3.141583,0.000013,0.000011
1.776576,-2.120003,-1.541272,-28.530002,-0.072000,-0.338000,0.060125,0.327895,-0.421771,0.091957,-3.141581,0.000016,0.000030
1.780584,-2.120002,-1.541278,-28.530002,-0.072000,-0.338000,0.060125,0.327971,-0.421689,0.091979,-3.141578,0.000020,0.000044
1.784566,-2.370000,-1.341283,-28.240001,-0.076000,-0.347000,0.059125,0.328052,-0.421605,0.092000,-3.141575,0.000024,0.000061
1.788582,-2.369996,-1.341297,-28.240001,-0.075999,-0.347000,0.059125,0.328127,-0.421523,0.092021,-3.141568,0.000034,0.000068
1.792577,-2.369995,-1.341304,-28.240002,-0.075999,-0.347000,0.059125,0.328203,-0.421441,0.092043,-3.141565,0.000039,0.000063
1.796591,-2.369994,-1.341306,-28.240002,-0.075999,-0.347000,0.059125,0.328284,-0.421357,0.092068,-3.141563,0.000041,0.000066
1.800556,-2.369990,-1.341323,-28.240002,-0.075999,-0.347000,0.059125,0.328359,-0.421274,0.092091,-3.141555,0.000052,0.000060
1.804580,-2.369987,-1.341334,-28.240003,-0.075999,-0.347000,0.059125,0.328436,-0.421190,0.092116,-3.141549,0.000061,0.000045
1.808579,-2.369985,-1.341342,-28.240003,-0.075999,-0.347000,0.059125,0.328515,-0.421107,0.092145,-3.141545,0.000066,0.000030
1.812579,-2.369981,-1.341355,-28.240003,-0.075999,-0.347000,0.059125,0.328589,-0.421024,0.092171,-3.141538,0.000076,0.000011
1.816583,-2.369975,-1.341379,-28.240004,-0.075998,-0.347000,0.059125,0.328665,-0.420939,0.092199,-3.141525,0.000094,-0.000004
1.820588,-2.309974,-1.261382,-27.230004,-0.073998,-0.338000,0.057125,0.328742,-0.420858,0.092230,-3.141524,0.000096,-0.000016
1.824591,-2.109971,-1.101392,-24.380006,-0.064998,-0.307000,0.049125,0.328821,-0.420774,0.092260,-3.141518,0.000103,0.000003
1.828589,-2.109967,-1.101408,-24.380006,-0.064998,-0.307000,0.049125,0.328895,-0.420691,0.092289,-3.141510,0.000115,0.000017
1.832592,-2.109967,-1.101407,-24.380006,-0.064998,-0.307000,0.049125,0.328975,-0.420610,0.092323,-3.141510,0.000114,0.000042
1.836560,-2.109964,-1.101419,-24.380007,-0.064998,-0.307000,0.049125,0.329053,-0.420529,0.092354,-3.141504,0.000123,0.000050
1.840584,-2.109962,-1.101428,-24.380007,-0.064998,-0.307000,0.049125,0.329125,-0.420447,0.092394,-3.141500,0.000129,0.000013
1.844588,-2.109961,-1.101431,-24.380007,-0.064998,-0.307000,0.049125,0.329205,-0.420373,0.092420,-3.141498,0.000132,0.000065
1.848551,-2.109957,-1.101447,-24.380007,-0.064998,-0.307000,0.049125,0.329299,-0.420276,0.092459,-3.141490,0.000143,0.000064
1.852589,-2.109954,-1.101456,-24.380008,-0.064998,-0.307000,0.049125,0.329356,-0.420217,0.092483,-3.141485,0.000150,0.000054
1.856586,-2.109951,-1.101470,-24.380008,-0.064997,-0.307000,0.049125,0.329431,-0.420140,0.092515,-3.141478,0.000159,0.000039
1.860585,-2.109948,-1.101483,-24.380008,-0.064997,-0.307000,0.049125,0.329504,-0.420065,0.092547,-3.141471,0.000169,0.000019
1.864576,-1.479941,-0.691506,-16.590008,-0.043997,-0.213000,0.030125,0.329579,-0.419987,0.092579,-3.141459,0.000186,-0.000056
1.868585,-1.479941,-0.691508,-16.590008,-0.043997,-0.212999,0.030125,0.329673,-0.419891,0.092621,-3.141458,0.000188,-0.000024
1.872587,-1.479937,-0.691522,-16.590009,-0.043997,-0.212999,0.030125,0.329749,-0.419814,0.092653,-3.141451,0.000198,-0.000038
1.876585,-1.479937,-0.691522,-16.590009,-0.043997,-0.212999,0.030125,0.329826,-0.419736,0.092688,-3.141451,0.000198,-0.000035
1.880582,-1.479935,-0.691530,-16.590009,-0.043997,-0.212999,0.030125,0.329902,-0.419659,0.092722,-3.141447,0.000204,-0.000030
1.884584,-1.479936,-0.691529,-16.590009,-0.043997,-0.212999,0.030125,0.329980,-0.419581,0.092756,-3.141448,0.000203,-0.000013
1.888583,-1.479937,-0.691523,-16.590009,-0.043997,-0.212999,0.030125,0.330057,-0.419506,0.092792,-3.141450,0.000199,-0.000001
1.892583,-1.479941,-0.691509,-16.590008,-0.043997,-0.213000,0.030125,0.330134,-0.419430,0.092828,-3.141458,0.000188,0.000011
1.896584,-1.479946,-0.691491,-16.590008,-0.043997,-0.213000,0.030125,0.330214,-0.419354,0.092868,-3.141467,0.000175,0.000021
1.900568,-1.479949,-0.691479,-16.590007,-0.043997,-0.213000,0.030125,0.330291,-0.419278,0.092906,-3.141474,0.000167,0.000019
1.904583,-0.629954,-0.321461,-6.750007,-0.014998,-0.087000,0.009125,0.330369,-0.419204,0.092945,-3.141483,0.000154,0.000018
1.908582,-0.629960,-0.321438,-6.750006,-0.014998,-0.087000,0.009125,0.330450,-0.419128,0.092987,-3.141495,0.000137,0.000007
1.912576,-0.629963,-0.321425,-6.750006,-0.014998,-0.087000,0.009125,0.330528,-0.419053,0.093024,-3.141502,0.000127,-0.000001
1.916585,-0.629970,-0.321400,-6.750005,-0.014998,-0.087000,0.009125,0.330607,-0.418979,0.093064,-3.141515,0.000109,-0.000016
1.920581,-0.629970,-0.321400,-6.750005,-0.014998,-0.087000,0.009125,0.330607,-0.418979,0.093064,-3.141515,0.000109,-0.000016
1.924590,-0.629974,-0.321384,-6.750005,-0.014998,-0.087000,0.009125,0.330685,-0.418904,0.093099,-3.141523,0.000098,-0.000037
1.928547,-0.629985,-0.321344,-6.750003,-0.014999,-0.087000,0.009125,0.330843,-0.418753,0.093170,-3.141544,0.000069,-0.000056
1.932589,-0.629990,-0.321325,-6.750003,-0.014999,-0.087000,0.009125,0.330920,-0.418677,0.093203,-3.141554,0.000055,-0.000057
1.936587,-0.629993,-0.321313,-6.750002,-0.014999,-0.087000,0.009125,0.330997,-0.418601,0.093235,-3.141560,0.000046,-0.000052
1.940582,-0.629995,-0.321303,-6.750002,-0.014999,-0.087000,0.009125,0.331075,-0.418527,0.093268,-3.141565,0.000038,-0.000087
1.944588,-0.039989,-0.021326,-0.530003,0.000001,-0.006000,-0.004875,0.331146,-0.418447,0.093295,-3.141554,0.000055,-0.000068
1.948548,-0.039996,-0.021301,-0.530002,0.000001,-0.006000,-0.004875,0.331244,-0.418355,0.093336,-3.141566,0.000037,-0.000006
1.952582,-0.039998,-0.021294,-0.530002,0.000001,-0.006000,-0.004875,0.331318,-0.418280,0.093366,-3.141570,0.000032,0.000001
1.956590,-0.039995,-0.021303,-0.530002,0.000001,-0.006000,-0.004875,0.331394,-0.418204,0.093389,-3.141566,0.000038,0.000007
1.960588,-0.039999,-0.021288,-0.530002,0.000000,-0.006000,-0.004875,0.331471,-0.418128,0.093413,-3.141573,0.000028,0.000019
1.964595,-0.039999,-0.021290,-0.530002,0.000000,-0.006000,-0.004875,0.331543,-0.418052,0.093432,-3.141572,0.000029,0.000013
1.968585,-0.040002,-0.021277,-0.530001,0.000000,-0.006000,-0.004875,0.331622,-0.417978,0.093452,-3.141579,0.000020,0.000011
1.972591,-0.040006,-0.021263,-0.530001,0.000000,-0.006000,-0.004875,0.331700,-0.417903,0.093472,-3.141586,0.000009,-0.000003
1.976588,-0.040008,-0.021254,-0.530001,0.000000,-0.006000,-0.004875,0.331775,-0.417828,0.093489,-3.141591,0.000003,-0.000016
1.980596,-0.040012,-0.021240,-0.530000,-0.000000,-0.006000,-0.004875,0.331852,-0.417753,0.093508,3.141587,-0.000008,-0.000024
1.984587,0.009986,0.018769,-0.040000,-0.000000,0.001000,-0.005875,0.331927,-0.417679,0.093525,3.141582,-0.000014,-0.000030
1.988546,0.009987,0.018765,-0.040000,-0.000000,0.001000,-0.005875,0.332002,-0.417602,0.093539,3.141585,-0.000011,-0.000025
1.992582,0.009988,0.018762,-0.040000,-0.000000,0.001000,-0.005875,0.332076,-0.417527,0.093553,3.141586,-0.000009,-0.000024
1.996574,0.009991,0.018750,-0.040001,-0.000000,0.001000,-0.005875,0.332151,-0.417449,0.093562,3.141593,-0.000000,-0.000012
2.000584,0.009992,0.018745,-0.040001,0.000000,0.001000,-0.005875,0.332224,-0.417374,0.093571,-3.141590,0.000003,-0.000004
2.004576,0.009992,0.018747,-0.040001,0.000000,0.001000,-0.005875,0.332300,-0.417298,0.093582,-3.141591,0.000002,0.000008
2.008586,0.009995,0.018732,-0.040001,0.000000,0.001000,-0.005875,0.332373,-0.417222,0.093586,-3.141584,0.000013,-0.000039
2.012573,0.009997,0.018725,-0.040001,0.000000,0.001000,-0.005875,0.332448,-0.417145,0.093591,-3.141580,0.000018,0.000021
2.016587,0.009996,0.018730,-0.040001,0.000000,0.001000,-0.005875,0.332525,-0.417069,0.093600,-3.141582,0.000015,0.000026
2.020575,0.009996,0.018730,-0.040001,0.000000,0.001000,-0.005875,0.332525,-0.417069,0.093600,-3.141582,0.000015,0.000026
2.024580,0.010001,0.018712,-0.040002,0.000000,0.001000,-0.005875,0.332693,-0.416897,0.093613,-3.141573,0.000028,0.000032
2.028574,0.010002,0.018705,-0.030002,0.000001,0.001000,-0.005875,0.332768,-0.416820,0.093618,-3.141570,0.000033,0.000031
2.032580,0.010004,0.018697,-0.030002,0.000001,0.001000,-0.005875,0.332839,-0.416743,0.093624,-3.141566,0.000039,0.000025
2.036550,0.010005,0.018695,-0.030002,0.000001,0.001000,-0.005875,0.332914,-0.416666,0.093631,-3.141565,0.000040,0.000017
2.040581,0.010005,0.018695,-0.030002,0.000001,0.001000,-0.005875,0.332914,-0.416666,0.093631,-3.141565,0.000040,0.000017
2.044558,0.010009,0.018678,-0.030003,0.000001,0.001000,-0.005875,0.333058,-0.416508,0.093644,-3.141556,0.000052,0.000014
2.048583,0.010009,0.018678,-0.030003,0.000001,0.001000,-0.005875,0.333133,-0.416428,0.093650,-3.141556,0.000053,0.000017
2.052580,0.010013,0.018664,-0.030003,0.000001,0.001000,-0.005875,0.333205,-0.416348,0.093654,-3.141548,0.000063,0.000023
2.056580,0.010015,0.018656,-0.030003,0.000001,0.001000,-0.005875,0.333277,-0.416270,0.093660,-3.141544,0.000069,0.000028
2.060581,0.010015,0.018654,-0.020004,0.000001,0.001000,-0.005875,0.333349,-0.416190,0.093667,-3.141544,0.000070,0.000027
2.064580,0.010017,0.018646,-0.010004,0.000001,0.001000,-0.005875,0.333422,-0.416112,0.093673,-3.141540,0.000076,0.000039
2.068580,0.010017,0.018646,-0.010004,0.000001,0.001000,-0.005875,0.333496,-0.416034,0.093680,-3.141539,0.000076,0.000037
2.072584,0.010018,0.018643,-0.010004,0.000001,0.001000,-0.005875,0.333569,-0.415955,0.093688,-3.141538,0.000078,0.000036
2.076579,0.010018,0.018642,-0.010004,0.000001,0.001000,-0.005875,0.333642,-0.415877,0.093694,-3.141538,0.000079,0.000041
2.080578,0.010020,0.018634,-0.010004,0.000001,0.001000,-0.005875,0.333715,-0.415799,0.093700,-3.141533,0.000084,0.000040
2.084580,0.010022,0.018628,-0.010004,0.000001,0.001000,-0.005875,0.333786,-0.415719,0.093705,-3.141530,0.000089,0.000032
2.088580,0.010020,0.018633,-0.010004,0.000001,0.001000,-0.005875,0.333864,-0.415641,0.093713,-3.141533,0.000085,0.000035
2.092602,0.010019,0.018638,-0.010004,0.000001,0.001000,-0.005875,0.333937,-0.415563,0.093722,-3.141535,0.000082,0.000027
2.096573,0.010020,0.018632,-0.010004,0.000001,0.001000,-0.005875,0.334010,-0.415484,0.093726,-3.141533,0.000086,0.000025
2.100579,0.010020,0.018632,-0.000004,0.001001,0.000000,-0.004875,0.334083,-0.415406,0.093733,-3.141532,0.000086,0.000017
2.104581,0.010019,0.018638,-0.000004,0.001001,0.000000,-0.004875,0.334156,-0.415327,0.093741,-3.141536,0.000082,0.000023
2.108581,0.010016,0.018651,-0.000003,0.001001,0.000000,-0.004875,0.334231,-0.415250,0.093749,-3.141542,0.000072,0.000021
2.112578,0.010018,0.018640,-0.000004,0.001001,0.000000,-0.004875,0.334302,-0.415171,0.093752,-3.141536,0.000081,0.000020
2.116582,0.010017,0.018647,-0.000003,0.001001,0.000000,-0.004875,0.334376,-0.415093,0.093759,-3.141540,0.000075,0.000012
2.120574,0.010016,0.018648,-0.000003,0.001001,0.000000,-0.004875,0.334448,-0.415013,0.093765,-3.141541,0.000075,0.000010
2.124579,0.010013,0.018661,-0.000003,0.001001,0.000000,-0.004875,0.334524,-0.414937,0.093773,-3.141547,0.000065,0.000002
2.128579,0.010013,0.018660,-0.000003,0.001001,0.000000,-0.004875,0.334597,-0.414858,0.093780,-3.141547,0.000065,0.000001
2.132583,0.010013,0.018662,-0.000003,0.001001,0.000000,-0.004875,0.334672,-0.414779,0.093785,-3.141548,0.000064,-0.000003
2.136585,0.010011,0.018670,-0.000003,0.001001,0.000000,-0.004875,0.334749,-0.414698,0.093792,-3.141552,0.000059,-0.000015
2.140587,0.010009,0.018678,-0.000002,0.001001,0.000000,-0.004875,0.334828,-0.414618,0.093798,-3.141556,0.000053,-0.000015
2.144581,0.010009,0.018678,-0.000002,0.001001,0.000000,-0.004875,0.334828,-0.414618,0.093798,-3.141556,0.000053,-0.000015
2.148574,0.000008,0.008680,-0.020003,0.001001,0.000000,-0.003875,0.334905,-0.414537,0.093803,-3.141557,0.000051,-0.000020
2.152576,0.000007,0.008687,-0.020003,0.001001,0.000000,-0.003875,0.334983,-0.414456,0.093810,-3.141561,0.000046,-0.000013
2.156586,0.000008,0.008682,-0.020003,0.001001,0.000000,-0.003875,0.335081,-0.414352,0.093814,-3.141558,0.000050,-0.000061
2.160577,0.000005,0.008692,-0.020003,0.001001,0.000000,-0.003875,0.335140,-0.414293,0.093819,-3.141563,0.000042,-0.000067
2.164584,0.000012,0.008701,-0.020002,0.001001,0.000000,-0.003875,0.335239,-0.414189,0.093826,-3.141562,0.000033,-0.000055
2.168585,0.000012,0.008701,-0.020002,0.001001,0.000000,-0.003875,0.335239,-0.414189,0.093826,-3.141562,0.000033,-0.000055
2.172576,0.000011,0.008706,-0.020002,0.001001,0.000000,-0.003875,0.335397,-0.414026,0.093835,-3.141564,0.000029,-0.000008
2.176583,0.000011,0.008703,-0.020002,0.001001,0.000000,-0.003875,0.335472,-0.413946,0.093837,-3.141563,0.000032,-0.000018
2.180549,0.000010,0.008707,-0.020002,0.001001,0.000000,-0.003875,0.335549,-0.413865,0.093841,-3.141565,0.000028,-0.000024
2.184586,0.000009,0.018712,-0.010001,0.000000,0.001000,-0.003875,0.335706,-0.413702,0.093850,-3.141567,0.000025,-0.000038
2.188580,0.000008,0.018717,-0.010001,0.000000,0.001000,-0.003875,0.335782,-0.413623,0.093853,-3.141570,0.000021,-0.000042
2.192584,0.000008,0.018717,-0.010001,0.000000,0.001000,-0.003875,0.335782,-0.413623,0.093853,-3.141570,0.000021,-0.000042
2.196579,0.000007,0.018720,-0.010001,0.000000,0.001000,-0.003875,0.335862,-0.413541,0.093857,-3.141571,0.000019,-0.000030
2.200581,0.000005,0.018727,-0.010001,0.000000,0.001000,-0.003875,0.336018,-0.413379,0.093864,-3.141575,0.000013,-0.000028
2.204579,0.000005,0.018727,-0.010001,0.000000,0.001000,-0.003875,0.336018,-0.413379,0.093864,-3.141575,0.000013,-0.000028
2.208586,0.000006,0.018724,-0.010001,0.000000,0.001000,-0.003875,0.336096,-0.413296,0.093867,-3.141574,0.000016,-0.000009
2.212585,0.000004,0.018732,-0.010001,0.000000,0.001000,-0.003875,0.336251,-0.413135,0.093874,-3.141577,0.000010,0.000006
2.216598,0.000004,0.018732,-0.010001,0.000000,0.001000,-0.003875,0.336251,-0.413135,0.093874,-3.141577,0.000010,0.000006
2.220579,0.000002,0.018742,-0.010000,0.000000,0.001000,-0.003875,0.336332,-0.413053,0.093879,-3.141583,0.000002,0.000018
2.224576,0.000002,0.018742,-0.010000,0.000000,0.001000,-0.003875,0.336332,-0.413053,0.093879,-3.141583,0.000002,0.000018
2.228575,0.000002,0.018739,-0.010001,0.000000,0.001000,-0.003875,0.336409,-0.412972,0.093881,-3.141581,0.000005,0.000013
2.232578,0.009998,0.008756,-0.010000,-0.000000,0.001000,-0.002875,0.336566,-0.412811,0.093888,-3.141589,-0.000007,0.000001
2.236589,0.009997,0.008760,-0.010000,-0.000000,0.001000,-0.002875,0.336643,-0.412730,0.093891,-3.141592,-0.000011,-0.000005
2.240582,0.009997,0.008763,-0.010000,-0.000000,0.001000,-0.002875,0.336722,-0.412650,0.093896,3.141592,-0.000013,-0.000018
2.244586,0.009995,0.008769,-0.010000,-0.000000,0.001000,-0.002875,0.336821,-0.412548,0.093898,3.141589,-0.000017,-0.000025
2.248573,0.009995,0.008769,-0.010000,-0.000000,0.001000,-0.002875,0.336821,-0.412548,0.093898,3.141589,-0.000017,-0.000025
2.252575,0.009994,0.008774,-0.009999,-0.000000,0.001000,-0.002875,0.336980,-0.412383,0.093901,3.141586,-0.000021,-0.000028
2.256573,0.009995,0.008772,-0.010000,-0.000000,0.001000,-0.002875,0.337058,-0.412302,0.093903,3.141587,-0.000019,-0.000020
2.260574,0.009994,0.008773,-0.010000,-0.000000,0.001000,-0.002875,0.337138,-0.412220,0.093903,3.141587,-0.000020,-0.000002
2.264574,0.009996,0.008767,-0.010000,-0.000000,0.001000,-0.002875,0.337216,-0.412137,0.093902,3.141590,-0.000016,0.000017
2.268577,0.009994,0.008773,-0.010000,-0.000000,0.001000,-0.002875,0.337295,-0.412057,0.093904,3.141587,-0.000020,0.000032
2.272579,0.009994,0.008773,-0.010000,-0.000000,0.001000,-0.002875,0.337377,-0.411973,0.093904,3.141587,-0.000020,0.000055
2.276574,0.009996,0.008766,-0.010000,-0.000000,0.001000,-0.002875,0.337454,-0.411892,0.093904,3.141591,-0.000015,0.000056
2.280577,0.009996,0.008766,-0.010000,-0.000000,0.001000,-0.002875,0.337535,-0.411810,0.093904,3.141590,-0.000015,0.000061
2.284574,0.009998,0.008756,-0.010000,-0.000000,0.001000,-0.002875,0.337610,-0.411728,0.093900,-3.141590,-0.000008,0.000049
2.288574,0.009997,0.008764,-0.010000,-0.000000,0.001000,-0.002875,0.337691,-0.411646,0.093901,3.141592,-0.000013,0.000041
2.292729,0.009998,0.008758,-0.010000,-0.000000,0.001000,-0.002875,0.337769,-0.411563,0.093899,-3.141591,-0.000009,0.000026
2.296578,0.009999,0.008754,-0.010000,-0.000000,0.001000,-0.002875,0.337847,-0.411482,0.093897,-3.141589,-0.000006,0.000007
2.300575,0.010000,0.008749,-0.010000,0.000000,0.001000,-0.002875,0.337926,-0.411400,0.093895,-3.141586,-0.000003,-0.000008
2.304573,0.009998,-0.001243,-0.010000,-0.000000,0.001000,-0.001875,0.338007,-0.411318,0.093896,-3.141590,-0.000008,-0.000023
2.308574,0.010001,-0.001253,-0.010000,0.000000,0.001000,-0.001875,0.338083,-0.411236,0.093892,-3.141585,-0.000001,-0.000022
2.312573,0.010001,-0.001253,-0.010000,0.000000,0.001000,-0.001875,0.338083,-0.411236,0.093892,-3.141585,-0.000001,-0.000022
2.316577,0.010000,-0.001250,-0.010000,-0.000000,0.001000,-0.001875,0.338243,-0.411072,0.093891,-3.141587,-0.000003,0.000022
2.320574,0.010001,-0.001255,-0.010000,0.000000,0.001000,-0.001875,0.338322,-0.410990,0.093888,-3.141584,0.000000,0.000041
2.324575,0.010002,-0.001258,-0.010000,0.000000,0.001000,-0.001875,0.338400,-0.410906,0.093885,-3.141583,0.000002,0.000053
2.328572,0.010001,-0.001256,-0.010000,0.000000,0.001000,-0.001875,0.338480,-0.410827,0.093885,-3.141584,0.000001,0.000007
2.332579,0.010001,-0.001253,-0.010000,0.000000,0.001000,-0.001875,0.338558,-0.410746,0.093883,-3.141585,-0.000001,0.000008
2.336576,0.010002,-0.001257,-0.010000,0.000000,0.001000,-0.001875,0.338633,-0.410663,0.093881,-3.141583,0.000002,0.000002
2.340578,0.010002,-0.001259,-0.010001,0.000000,0.001000,-0.001875,0.338729,-0.410567,0.093877,-3.141582,0.000004,0.000041
2.344598,0.010003,-0.001264,-0.010001,0.001000,0.001000,-0.002875,0.338803,-0.410489,0.093875,-3.141580,0.000007,0.000026
2.348574,0.010002,0.008739,-0.000000,0.001000,0.001000,-0.002875,0.338878,-0.410412,0.093873,-3.141581,0.000005,0.000012
2.352569,0.010002,0.008742,-0.000000,0.001000,0.001000,-0.002875,0.338952,-0.410334,0.093872,-3.141583,0.000003,-0.000010
2.356573,0.010002,0.008740,-0.000000,0.001000,0.001000,-0.002875,0.339026,-0.410257,0.093868,-3.141582,0.000004,-0.000025
2.360576,0.010001,0.008743,-0.000000,0.001000,0.001000,-0.002875,0.339100,-0.410179,0.093867,-3.141583,0.000002,-0.000033
2.364575,0.010002,0.008741,-0.000000,0.001000,0.001000,-0.002875,0.339174,-0.410101,0.093863,-3.141582,0.000004,-0.000034
2.368580,0.010001,0.008744,-0.000000,0.001000,0.001000,-0.002875,0.339251,-0.410022,0.093861,-3.141584,0.000001,-0.000018
2.372576,0.010003,0.008736,-0.000000,0.001000,0.001000,-0.002875,0.339323,-0.409943,0.093856,-3.141580,0.000007,-0.000006
2.376593,0.010001,0.008745,-0.000000,0.001000,0.001000,-0.002875,0.339401,-0.409865,0.093856,-3.141584,0.000001,0.000011
2.380574,0.020002,0.018743,-0.010000,0.000000,0.001000,-0.002875,0.339475,-0.409787,0.093852,-3.141583,0.000002,0.000016
2.384573,0.020002,0.018743,-0.010000,0.000000,0.001000,-0.002875,0.339475,-0.409787,0.093852,-3.141583,0.000002,0.000016
2.388581,0.020004,0.018731,-0.010001,0.000000,0.001000,-0.002875,0.339624,-0.409630,0.093844,-3.141577,0.000011,0.000018
2.392982,0.020005,0.018729,-0.010001,0.000000,0.001000,-0.002875,0.339698,-0.409552,0.093840,-3.141576,0.000012,0.000017
2.396576,0.020004,0.018734,-0.010001,0.000000,0.001000,-0.002875,0.339773,-0.409475,0.093837,-3.141579,0.000008,0.000008
2.400585,0.020004,0.018732,-0.010001,0.000000,0.001000,-0.002875,0.339848,-0.409395,0.093833,-3.141578,0.000010,-0.000009
2.404575,0.020004,0.018730,-0.010001,0.000000,0.001000,-0.002875,0.339922,-0.409317,0.093829,-3.141577,0.000011,-0.000023
2.408577,0.020003,0.018736,-0.010001,0.000000,0.001000,-0.002875,0.339999,-0.409238,0.093826,-3.141580,0.000007,-0.000034
2.412579,0.020003,0.018736,-0.010001,0.000000,0.001000,-0.002875,0.339999,-0.409238,0.093826,-3.141580,0.000007,-0.000034
2.416580,0.020004,0.018734,-0.010001,0.000000,0.001000,-0.002875,0.340147,-0.409083,0.093817,-3.141579,0.000009,-0.000050
2.420582,0.020004,0.018734,-0.010001,0.000000,0.001000,-0.002875,0.340147,-0.409083,0.093817,-3.141579,0.000009,-0.000050
2.424574,0.020004,0.018734,-0.010001,0.000000,0.001000,-0.002875,0.340147,-0.409083,0.093817,-3.141579,0.000009,-0.000050
2.428574,0.020003,0.018734,-0.010001,0.000000,0.001000,-0.002875,0.340223,-0.409003,0.093811,-3.141579,0.000008,-0.000054
2.432576,0.010004,0.008732,-0.010001,0.000000,0.001000,-0.003875,0.340296,-0.408925,0.093807,-3.141578,0.000010,-0.000042
2.436539,0.010005,0.008726,-0.010001,0.000000,0.001000,-0.003875,0.340448,-0.408766,0.093796,-3.141575,0.000015,-0.000069
2.440545,0.010002,0.008740,-0.010001,0.000000,0.001000,-0.003875,0.340524,-0.408690,0.093793,-3.141582,0.000004,-0.000057
2.444577,0.010005,0.008728,-0.010001,0.000000,0.001000,-0.003875,0.340598,-0.408607,0.093784,-3.141576,0.000013,-0.000049
2.448577,0.010004,0.008733,-0.010001,0.000000,0.001000,-0.003875,0.340696,-0.408509,0.093781,-3.141578,0.000009,0.000008
2.452574,0.010006,0.008722,-0.010001,0.000000,0.001000,-0.003875,0.340849,-0.408348,0.093767,-3.141573,0.000018,0.000012
2.456577,0.010005,0.008728,-0.010001,0.000000,0.001000,-0.003875,0.340928,-0.408269,0.093763,-3.141576,0.000013,0.000006
2.460581,0.010005,-0.001271,-0.010001,0.000000,0.001000,-0.003875,0.341004,-0.408189,0.093758,-3.141576,0.000013,-0.000011
2.464579,0.010005,-0.001271,-0.010001,0.000000,0.001000,-0.003875,0.341082,-0.408108,0.093752,-3.141576,0.000012,-0.000024
2.468574,0.010005,-0.001271,-0.010001,0.000000,0.001000,-0.003875,0.341082,-0.408108,0.093752,-3.141576,0.000012,-0.000024
2.472576,0.010006,-0.001276,-0.010001,0.000000,0.001000,-0.003875,0.341157,-0.408029,0.093744,-3.141574,0.000016,-0.000034
2.476579,0.010005,-0.001274,-0.010001,0.000000,0.001000,-0.003875,0.341312,-0.407869,0.093733,-3.141575,0.000014,-0.000030
2.480574,0.010003,-0.001266,-0.010001,0.000000,0.001000,-0.003875,0.341392,-0.407787,0.093728,-3.141579,0.000009,-0.000011
2.484573,0.010003,-0.001264,-0.010001,0.000000,0.001000,-0.003875,0.341468,-0.407710,0.093722,-3.141580,0.000008,-0.000006
2.488577,0.010004,-0.001269,-0.010001,0.000000,0.001000,-0.003875,0.341545,-0.407629,0.093714,-3.141577,0.000011,0.000015
2.492728,0.010002,-0.001260,-0.010001,0.000000,0.001000,-0.003875,0.341623,-0.407551,0.093708,-3.141582,0.000004,0.000018
2.496578,0.010002,-0.001260,-0.010001,0.000000,0.001000,-0.003875,0.341700,-0.407470,0.093703,-3.141582,0.000004,0.000026
2.500575,0.010002,-0.001259,-0.010001,0.000000,0.001000,-0.003875,0.341776,-0.407390,0.093697,-3.141582,0.000004,0.000036
2.504574,0.010004,-0.011269,-0.000001,0.000000,0.001000,-0.003875,0.341851,-0.407310,0.093687,-3.141577,0.000011,0.000039
2.508578,0.010002,-0.011260,-0.000000,0.000000,0.001000,-0.003875,0.341931,-0.407231,0.093682,-3.141582,0.000004,0.000040
2.512580,0.010002,-0.011260,-0.000000,0.000000,0.001000,-0.003875,0.342006,-0.407151,0.093676,-3.141582,0.000004,0.000036
2.516575,0.010003,-0.011264,-0.000000,0.000000,0.001000,-0.003875,0.342083,-0.407070,0.093669,-3.141580,0.000007,0.000024
2.520575,0.010002,-0.011260,-0.000000,0.000000,0.001000,-0.003875,0.342161,-0.406992,0.093661,-3.141582,0.000004,0.000020
2.524576,0.010002,-0.011260,-0.000000,0.000000,0.001000,-0.003875,0.342238,-0.406910,0.093655,-3.141582,0.000004,0.000014
2.528584,0.010000,-0.011251,-0.000000,0.000000,0.001000,-0.003875,0.342316,-0.406832,0.093650,-3.141586,-0.000003,0.000017
2.532577,0.009998,-0.011242,0.000000,-0.000000,0.001000,-0.003875,0.342393,-0.406754,0.093644,-3.141591,-0.000009,0.000020
2.536573,0.009997,-0.011238,0.000000,-0.000000,0.001000,-0.003875,0.342471,-0.406676,0.093636,-3.141593,-0.000012,0.000024
2.540577,0.009996,-0.001235,0.000000,-0.000000,0.001000,-0.004875,0.342546,-0.406596,0.093629,3.141591,-0.000014,-0.000020
2.544578,0.009996,-0.001235,0.000000,-0.000000,0.001000,-0.004875,0.342546,-0.406596,0.093629,3.141591,-0.000014,-0.000020
2.548581,0.009994,-0.001222,0.000001,-0.000000,0.001000,-0.004875,0.342717,-0.406422,0.093616,3.141585,-0.000024,0.000038
2.552580,0.009993,-0.001219,0.000001,-0.000000,0.001000,-0.004875,0.342792,-0.406343,0.093609,3.141583,-0.000026,0.000041
2.556585,0.009993,-0.001219,0.000001,-0.000000,0.001000,-0.004875,0.342792,-0.406343,0.093609,3.141583,-0.000026,0.000041
2.560534,0.009990,-0.001206,0.000001,-0.000001,0.001000,-0.004875,0.342944,-0.406189,0.093595,3.141577,-0.000036,0.000045
2.564582,0.009988,-0.001197,0.000002,-0.000001,0.001000,-0.004875,0.343021,-0.406111,0.093590,3.141572,-0.000043,0.000041
2.568530,0.009987,-0.001193,0.000002,-0.000001,0.001000,-0.004875,0.343098,-0.406032,0.093582,3.141571,-0.000046,0.000037
2.572531,0.009986,-0.001189,0.000002,-0.000001,0.001000,-0.004875,0.343174,-0.405955,0.093574,3.141569,-0.000048,0.000029
2.576586,0.009986,-0.001189,0.000002,-0.000001,0.001000,-0.004875,0.343174,-0.405955,0.093574,3.141569,-0.000048,0.000029
2.580536,0.009982,0.008831,-0.009998,-0.000001,0.001000,-0.004875,0.343327,-0.405800,0.093561,3.141559,-0.000064,0.000018
2.584542,0.009982,0.008831,-0.009998,-0.000001,0.001000,-0.004875,0.343327,-0.405800,0.093561,3.141559,-0.000064,0.000018
2.588537,0.009979,0.008844,-0.009997,-0.000001,0.001000,-0.004875,0.343480,-0.405645,0.093548,3.141552,-0.000073,0.000019
2.592535,0.009979,0.008844,-0.009997,-0.000001,0.001000,-0.004875,0.343480,-0.405645,0.093548,3.141552,-0.000073,0.000019
2.596543,0.009977,0.008854,-0.009997,-0.000001,0.001000,-0.004875,0.343631,-0.405488,0.093531,3.141548,-0.000080,0.000014
2.600579,0.009977,0.008854,-0.009997,-0.000001,0.001000,-0.004875,0.343631,-0.405488,0.093531,3.141548,-0.000080,0.000014
2.604574,0.009973,0.008871,-0.009996,-0.000001,0.001000,-0.004875,0.343711,-0.405411,0.093526,3.141539,-0.000093,0.000017
2.608572,0.009974,0.008869,-0.009996,-0.000001,0.001000,-0.004875,0.343784,-0.405333,0.093516,3.141540,-0.000092,0.000009
2.612580,0.009972,0.008876,-0.009996,-0.000001,0.001000,-0.004875,0.343859,-0.405256,0.093507,3.141537,-0.000096,0.000001
2.616577,0.009974,0.008868,-0.009996,-0.000001,0.001000,-0.004875,0.343934,-0.405176,0.093495,3.141541,-0.000091,0.000004
2.620577,0.009972,0.008876,-0.009996,-0.000001,0.001000,-0.004875,0.344008,-0.405098,0.093485,3.141537,-0.000097,-0.000064
2.624576,0.009972,0.008877,-0.009996,-0.000001,0.001000,-0.005875,0.344106,-0.405000,0.093474,3.141537,-0.000097,-0.000014
2.628577,0.009972,0.008878,-0.009996,-0.000002,0.001000,-0.005875,0.344161,-0.404940,0.093462,3.141536,-0.000098,-0.000072
2.632576,0.009974,0.008871,-0.009996,-0.000001,0.001000,-0.005875,0.344256,-0.404842,0.093450,3.141540,-0.000093,-0.000019
2.636588,0.009974,0.008871,-0.009996,-0.000001,0.001000,-0.005875,0.344256,-0.404842,0.093450,3.141540,-0.000093,-0.000019
2.640581,0.009973,0.008872,-0.009996,-0.000001,0.001000,-0.005875,0.344333,-0.404764,0.093439,3.141539,-0.000094,-0.000023
2.644578,0.009974,0.008868,-0.009996,-0.000001,0.001000,-0.005875,0.344487,-0.404601,0.093414,3.141541,-0.000091,-0.000007
2.648582,0.009976,0.008861,-0.009997,-0.000001,0.001000,-0.005875,0.344582,-0.404499,0.093397,3.141544,-0.000086,0.000001
2.652577,0.009976,0.008861,-0.009997,-0.000001,0.001000,-0.005875,0.344582,-0.404499,0.093397,3.141544,-0.000086,0.000001
2.656582,0.009976,0.008861,-0.009997,-0.000001,0.001000,-0.005875,0.344716,-0.404358,0.093375,3.141544,-0.000086,-0.000009
2.660584,0.009977,0.008858,0.000003,-0.000001,0.001000,-0.005875,0.344791,-0.404275,0.093360,3.141546,-0.000084,-0.000015
2.664573,0.009979,0.008848,0.000003,-0.000001,0.001000,-0.005875,0.344867,-0.404194,0.093345,3.141551,-0.000076,-0.000021
2.668580,0.009980,0.008844,0.000003,-0.000001,0.001000,-0.005875,0.344942,-0.404113,0.093332,3.141553,-0.000073,-0.000038
2.672582,0.009979,0.008846,0.000003,-0.000001,0.001000,-0.005875,0.345020,-0.404032,0.093319,3.141552,-0.000075,-0.000044
2.676575,0.009980,0.008844,0.000003,-0.000001,0.001000,-0.005875,0.345097,-0.403951,0.093304,3.141553,-0.000073,-0.000050
2.680550,0.009981,0.008839,0.000003,-0.000001,0.001000,-0.005875,0.345173,-0.403869,0.093291,3.141555,-0.000070,-0.000042
2.684547,0.009981,0.008837,0.000003,-0.000001,0.001000,-0.005875,0.345248,-0.403789,0.093276,3.141556,-0.000068,-0.000046
2.688582,0.009982,0.008835,0.000003,-0.000001,0.001000,-0.005875,0.345327,-0.403706,0.093261,3.141557,-0.000067,-0.000027
2.692616,0.009982,0.008833,0.000003,-0.000001,0.001000,-0.005875,0.345402,-0.403626,0.093246,3.141558,-0.000065,-0.000017
2.696600,0.009983,0.008831,0.000003,-0.000001,0.001000,-0.005875,0.345481,-0.403543,0.093231,3.141559,-0.000063,0.000002
2.700597,0.009985,0.008821,0.000002,-0.000001,0.001000,-0.005875,0.345555,-0.403462,0.093215,3.141564,-0.000056,0.000005
2.704531,0.009984,0.008826,-0.009998,-0.000001,-0.000000,-0.005875,0.345633,-0.403381,0.093201,3.141562,-0.000060,0.000013
2.708579,0.009975,0.008823,-0.009998,-0.000001,-0.000000,-0.005875,0.345709,-0.403300,0.093186,3.141557,-0.000055,0.000014
2.712575,0.009975,0.008827,-0.009998,-0.000001,-0.000000,-0.005875,0.345786,-0.403221,0.093172,3.141555,-0.000058,0.000003
2.716581,0.009976,0.008820,-0.009998,-0.000001,-0.000000,-0.005875,0.345862,-0.403139,0.093155,3.141559,-0.000052,0.000004
2.720576,0.009978,0.008810,-0.009999,-0.000001,-0.000000,-0.005875,0.345937,-0.403059,0.093139,3.141563,-0.000045,-0.000006
2.724586,0.009979,0.008808,-0.009999,-0.000001,-0.000000,-0.005875,0.346014,-0.402977,0.093124,3.141565,-0.000043,-0.000019
2.728550,0.009975,0.008827,-0.009998,-0.000001,-0.000000,-0.005875,0.346091,-0.402899,0.093112,3.141555,-0.000057,-0.000076
2.732582,0.009979,0.008807,-0.009999,-0.000001,-0.000000,-0.005875,0.346164,-0.402815,0.093092,3.141565,-0.000043,-0.000082
2.736589,0.009979,0.008807,-0.009999,-0.000001,-0.000000,-0.005875,0.346164,-0.402815,0.093092,3.141565,-0.000043,-0.000082
2.740583,0.009982,0.008792,-0.019999,-0.000001,0.001000,-0.005875,0.346336,-0.402639,0.093058,3.141572,-0.000032,-0.000020
2.744592,0.019982,0.008791,-0.009999,0.000999,0.001000,-0.006875,0.346413,-0.402560,0.093042,3.141573,-0.000031,-0.000003
2.748575,0.019984,0.008782,-0.009999,0.001000,0.001000,-0.006875,0.346489,-0.402480,0.093025,3.141577,-0.000024,0.000020
2.752580,0.019985,0.008781,-0.009999,0.001000,0.001000,-0.006875,0.346563,-0.402403,0.093010,3.141577,-0.000023,0.000032
2.756573,0.019985,0.008780,-0.009999,0.001000,0.001000,-0.006875,0.346638,-0.402325,0.092994,3.141578,-0.000023,0.000044
2.760576,0.019985,0.008779,-0.010000,0.001000,0.001000,-0.006875,0.346714,-0.402246,0.092978,3.141579,-0.000022,0.000054
2.764583,0.019984,0.008784,-0.009999,0.001000,0.001000,-0.006875,0.346791,-0.402170,0.092964,3.141576,-0.000025,0.000053
2.768571,0.019984,0.008782,-0.009999,0.001000,0.001000,-0.006875,0.346866,-0.402092,0.092949,3.141577,-0.000024,0.000045
2.772558,0.019986,0.008774,-0.010000,0.001000,0.001000,-0.006875,0.346941,-0.402013,0.092932,3.141581,-0.000018,0.000048
2.776597,0.019985,0.008780,-0.009999,0.001000,0.001000,-0.006875,0.347017,-0.401935,0.092917,3.141578,-0.000023,0.000033
2.780596,0.009985,0.008780,-0.009999,-0.000000,-0.000000,-0.006875,0.347095,-0.401857,0.092901,3.141578,-0.000022,0.000016
2.784585,0.009986,0.008774,-0.010000,-0.000000,-0.000000,-0.006875,0.347169,-0.401779,0.092883,3.141581,-0.000018,-0.000006
2.788535,0.009988,0.008765,-0.010000,-0.000000,-0.000000,-0.006875,0.347245,-0.401700,0.092866,3.141585,-0.000011,-0.000023
2.792587,0.009988,0.008765,-0.010000,-0.000000,-0.000000,-0.006875,0.347321,-0.401623,0.092850,3.141586,-0.000011,-0.000031
2.796577,0.009989,0.008758,-0.010000,-0.000000,-0.000000,-0.006875,0.347395,-0.401545,0.092832,3.141589,-0.000006,-0.000025
2.800545,0.009989,0.008760,-0.010000,-0.000000,-0.000000,-0.006875,0.347472,-0.401466,0.092815,3.141588,-0.000007,-0.000002
2.804593,0.009990,0.008753,-0.010000,-0.000000,-0.000000,-0.006875,0.347548,-0.401387,0.092797,3.141591,-0.000003,0.000028
2.808572,0.009990,0.008753,-0.010000,-0.000000,-0.000000,-0.006875,0.347626,-0.401309,0.092780,3.141591,-0.000002,0.000044
2.812577,0.009990,0.008754,-0.010000,-0.000000,-0.000000,-0.006875,0.347700,-0.401231,0.092763,3.141590,-0.000003,0.000057
2.816560,0.009992,0.008743,-0.010001,0.000000,-0.000000,-0.006875,0.347776,-0.401151,0.092743,-3.141589,0.000005,0.000066
2.820581,0.019991,0.008750,-0.010000,-0.000000,0.001000,-0.006875,0.347854,-0.401074,0.092727,3.141592,-0.000000,0.000070
2.824574,0.009993,-0.001261,-0.000001,0.000000,0.001000,-0.005875,0.347928,-0.400995,0.092707,-3.141588,0.000008,0.000061
2.828576,0.009994,-0.001265,-0.000001,0.000000,0.001000,-0.005875,0.348004,-0.400916,0.092687,-3.141586,0.000011,0.000051
2.832575,0.009992,-0.001255,-0.000000,0.000000,0.001000,-0.005875,0.348081,-0.400840,0.092670,-3.141590,0.000003,0.000036
2.836577,0.009992,-0.001255,-0.000000,0.000000,0.001000,-0.005875,0.348081,-0.400840,0.092670,-3.141590,0.000003,0.000036
2.840581,0.009994,-0.001264,-0.000001,0.000000,0.001000,-0.005875,0.348235,-0.400682,0.092631,-3.141586,0.000010,-0.000018
2.844577,0.009995,-0.001270,-0.000001,0.000000,0.001000,-0.005875,0.348314,-0.400599,0.092613,-3.141583,0.000015,-0.000094
2.848578,0.009996,-0.001275,-0.000001,0.000000,0.001000,-0.005875,0.348411,-0.400500,0.092589,-3.141581,0.000019,-0.000050
2.852577,0.009992,-0.001256,-0.000000,0.000000,0.001000,-0.005875,0.348469,-0.400442,0.092577,-3.141590,0.000005,-0.000101
2.856599,0.009997,-0.001279,-0.000001,0.000000,0.001000,-0.005875,0.348568,-0.400339,0.092553,-3.141579,0.000021,-0.000028
2.860578,0.009998,-0.001283,-0.000001,0.000000,0.001000,-0.005875,0.348646,-0.400258,0.092533,-3.141577,0.000024,-0.000007
2.864550,0.009996,0.008727,-0.010001,0.001000,0.001000,-0.004875,0.348724,-0.400180,0.092516,-3.141582,0.000017,0.000003
2.868579,0.009995,0.008728,-0.010001,0.001000,0.001000,-0.004875,0.348802,-0.400099,0.092499,-3.141582,0.000016,0.000011
2.872574,0.009993,0.008738,-0.010001,0.001000,0.001000,-0.004875,0.348883,-0.400020,0.092481,-3.141587,0.000009,0.000018
2.876575,0.009990,0.008753,-0.010000,0.001000,0.001000,-0.004875,0.348963,-0.399940,0.092466,3.141591,-0.000003,0.000019
2.880580,0.009988,0.008762,-0.010000,0.001000,0.001000,-0.004875,0.349040,-0.399861,0.092449,3.141587,-0.000009,0.000009
2.884581,0.009985,0.008780,-0.009999,0.001000,0.001000,-0.004875,0.349121,-0.399782,0.092433,3.141578,-0.000022,-0.000004
2.888585,0.009982,0.008795,-0.009999,0.000999,0.001000,-0.004875,0.349201,-0.399703,0.092418,3.141571,-0.000034,-0.000016
2.892579,0.009978,0.008817,-0.009998,0.000999,0.001000,-0.004875,0.349282,-0.399624,0.092403,3.141560,-0.000050,-0.000029
2.896576,0.009977,0.008821,-0.009998,0.000999,0.001000,-0.004875,0.349358,-0.399544,0.092384,3.141559,-0.000053,-0.000053
2.900576,0.009974,0.008836,-0.009998,0.000999,0.001000,-0.004875,0.349439,-0.399465,0.092369,3.141552,-0.000065,-0.000059
2.904580,-0.080027,-0.081160,-0.949998,0.000999,-0.012000,-0.000875,0.349517,-0.399384,0.092350,3.141550,-0.000067,-0.000064
2.908577,-0.080028,-0.081157,-0.949997,0.000999,-0.012000,-0.000875,0.349593,-0.399305,0.092331,3.141548,-0.000070,-0.000061
2.912576,-0.080031,-0.081142,-0.949997,0.000999,-0.012000,-0.000875,0.349674,-0.399225,0.092316,3.141541,-0.000081,-0.000047
2.916576,-0.080031,-0.081138,-0.949997,0.000999,-0.012000,-0.000875,0.349752,-0.399144,0.092297,3.141539,-0.000084,-0.000033
2.920578,-0.080033,-0.081127,-0.949997,0.000999,-0.012000,-0.000875,0.349827,-0.399064,0.092274,3.141534,-0.000092,-0.000077
2.924583,-0.080034,-0.081124,-0.949996,0.000999,-0.012000,-0.000875,0.349908,-0.398985,0.092261,3.141533,-0.000095,-0.000062
2.928555,-0.080034,-0.081124,-0.949996,0.000999,-0.012000,-0.000875,0.349908,-0.398985,0.092261,3.141533,-0.000095,-0.000062
2.932583,-0.080035,-0.081118,-0.949996,0.000998,-0.012000,-0.000875,0.350084,-0.398803,0.092218,3.141529,-0.000100,0.000007
2.936582,-0.080035,-0.081118,-0.949996,0.000998,-0.012000,-0.000875,0.350084,-0.398803,0.092218,3.141529,-0.000100,0.000007
2.940550,-0.080036,-0.081114,-0.949996,0.000998,-0.012000,-0.000875,0.350162,-0.398722,0.092199,3.141528,-0.000102,0.000008
2.944582,-0.080038,-0.081105,-0.949996,0.000998,-0.012000,-0.000875,0.350320,-0.398556,0.092160,3.141523,-0.000109,-0.000001
2.948596,-0.400037,-0.441108,-4.919996,-0.009002,-0.061000,0.008125,0.350398,-0.398475,0.092141,3.141525,-0.000106,-0.000014
2.952596,-0.400037,-0.441105,-4.919996,-0.009002,-0.061000,0.008125,0.350474,-0.398393,0.092122,3.141524,-0.000109,-0.000033
2.956582,-0.400037,-0.441105,-4.919996,-0.009002,-0.061000,0.008125,0.350474,-0.398393,0.092122,3.141524,-0.000109,-0.000033
2.960581,-0.400038,-0.441102,-4.919996,-0.009002,-0.061000,0.008125,0.350553,-0.398310,0.092103,3.141522,-0.000111,-0.000028
2.964586,-0.400038,-0.441104,-4.919996,-0.009002,-0.061000,0.008125,0.350629,-0.398228,0.092083,3.141523,-0.000110,-0.000027
2.968577,-0.400039,-0.441095,-4.919995,-0.009002,-0.061000,0.008125,0.350706,-0.398148,0.092066,3.141519,-0.000116,-0.000024
2.972577,-0.400039,-0.441094,-4.919995,-0.009002,-0.061000,0.008125,0.350785,-0.398065,0.092049,3.141518,-0.000117,-0.000005
2.976573,-0.400039,-0.441096,-4.919995,-0.009002,-0.061000,0.008125,0.350861,-0.397983,0.092029,3.141520,-0.000116,0.000003
2.980564,-0.400039,-0.441097,-4.919995,-0.009002,-0.061000,0.008125,0.351014,-0.397819,0.091991,3.141520,-0.000115,0.000018
2.984601,-0.400039,-0.441097,-4.919995,-0.009002,-0.061000,0.008125,0.351014,-0.397819,0.091991,3.141520,-0.000115,0.000018
2.988593,-0.730039,-0.771096,-10.289996,-0.024002,-0.122000,0.020125,0.351093,-0.397736,0.091973,3.141519,-0.000116,0.000030
2.992573,-0.730039,-0.771094,-10.289996,-0.024002,-0.122000,0.020125,0.351171,-0.397655,0.091956,3.141519,-0.000117,0.000031
2.996575,-0.730040,-0.771091,-10.289995,-0.024002,-0.122000,0.020125,0.351250,-0.397572,0.091937,3.141517,-0.000120,0.000043
3.000576,-0.730040,-0.771092,-10.289995,-0.024002,-0.122000,0.020125,0.351327,-0.397490,0.091922,3.141518,-0.000119,0.000037
3.004577,-0.730040,-0.771090,-10.289995,-0.024002,-0.122000,0.020125,0.351405,-0.397409,0.091904,3.141517,-0.000120,0.000025
3.008577,-0.730038,-0.771099,-10.289996,-0.024002,-0.122000,0.020125,0.351481,-0.397327,0.091888,3.141521,-0.000113,0.000012
3.012582,-0.730039,-0.771095,-10.289996,-0.024002,-0.122000,0.020125,0.351560,-0.397244,0.091875,3.141519,-0.000116,0.000011
3.016577,-0.730038,-0.771099,-10.289996,-0.024002,-0.122000,0.020125,0.351637,-0.397162,0.091861,3.141521,-0.000114,0.000012
3.020579,-0.730037,-0.771103,-10.289996,-0.024002,-0.122000,0.020125,0.351714,-0.397080,0.091847,3.141523,-0.000111,0.000012
3.024580,-1.100036,-1.071112,-15.269996,-0.036002,-0.180000,0.033125,0.351790,-0.396998,0.091830,3.141527,-0.000104,0.000020
3.028577,-1.140036,-1.111109,-15.979996,-0.038002,-0.189000,0.035125,0.351871,-0.396916,0.091818,3.141526,-0.000106,0.000025
3.032586,-1.140036,-1.111108,-15.979996,-0.038002,-0.189000,0.035125,0.351948,-0.396834,0.091806,3.141525,-0.000107,0.000026
3.036579,-1.140036,-1.111111,-15.979996,-0.038002,-0.189000,0.035125,0.352021,-0.396750,0.091792,3.141527,-0.000105,-0.000020
3.040548,-1.140043,-1.111120,-15.979997,-0.038002,-0.189000,0.035125,0.352100,-0.396668,0.091781,3.141525,-0.000095,-0.000014
3.044578,-1.140041,-1.111128,-15.979997,-0.038001,-0.189000,0.035125,0.352198,-0.396567,0.091770,3.141529,-0.000089,0.000041
3.048588,-1.140040,-1.111133,-15.979997,-0.038001,-0.189000,0.035125,0.352276,-0.396485,0.091763,3.141532,-0.000085,0.000035
3.052576,-1.140039,-1.111139,-15.979997,-0.038001,-0.189000,0.035125,0.352353,-0.396404,0.091755,3.141534,-0.000081,0.000029
3.056577,-1.140039,-1.111139,-15.979997,-0.038001,-0.189000,0.035125,0.352431,-0.396323,0.091750,3.141534,-0.000081,0.000030
3.060576,-1.480037,-1.341150,-20.569998,-0.049001,-0.244000,0.045125,0.352509,-0.396239,0.091741,3.141539,-0.000073,0.000028
3.064582,-1.480035,-1.341158,-20.569998,-0.049001,-0.244000,0.045125,0.352586,-0.396157,0.091735,3.141543,-0.000067,0.000023
3.068580,-1.480035,-1.341158,-20.569998,-0.049001,-0.244000,0.045125,0.352664,-0.396076,0.091730,3.141543,-0.000067,0.000023
3.072574,-1.480034,-1.341164,-20.569998,-0.049001,-0.244000,0.045125,0.352740,-0.395994,0.091723,3.141546,-0.000062,0.000024
3.076577,-1.480033,-1.341168,-20.569998,-0.049001,-0.244000,0.045125,0.352819,-0.395913,0.091720,3.141548,-0.000059,0.000025
3.080573,-1.480030,-1.341184,-20.569999,-0.049001,-0.244000,0.045125,0.352894,-0.395830,0.091715,3.141556,-0.000047,0.000019
3.084568,-1.480030,-1.341183,-20.569999,-0.049001,-0.244000,0.045125,0.352975,-0.395748,0.091714,3.141555,-0.000048,0.000018
3.088549,-1.480027,-1.341203,-20.570000,-0.049001,-0.244000,0.045125,0.353051,-0.395666,0.091711,3.141565,-0.000032,0.000012
3.092581,-1.480024,-1.341216,-20.570000,-0.049000,-0.244000,0.045125,0.353128,-0.395584,0.091708,3.141571,-0.000023,0.000006
3.096581,-1.480021,-1.341231,-20.570000,-0.049000,-0.244000,0.045125,0.353203,-0.395504,0.091707,3.141578,-0.000011,0.000003
3.100579,-1.480019,-1.341244,-20.570001,-0.049000,-0.244000,0.045125,0.353281,-0.395420,0.091705,3.141584,-0.000002,0.000001
3.104584,-1.910017,-1.541253,-24.210002,-0.059000,-0.289000,0.054125,0.353359,-0.395339,0.091706,3.141588,0.000005,-0.000004
3.108575,-1.910014,-1.541268,-24.210002,-0.059000,-0.289000,0.054125,0.353436,-0.395257,0.091705,-3.141590,0.000017,-0.000010
3.112577,-1.910013,-1.541278,-24.210002,-0.059000,-0.289000,0.054125,0.353512,-0.395175,0.091706,-3.141586,0.000024,-0.000016
3.116577,-1.910012,-1.541280,-24.210002,-0.059000,-0.289000,0.054125,0.353593,-0.395092,0.091713,-3.141585,0.000025,-0.000011
3.120574,-1.910012,-1.541280,-24.210002,-0.059000,-0.289000,0.054125,0.353670,-0.395011,0.091719,-3.141585,0.000025,-0.000010
3.124581,-1.910013,-1.541276,-24.210002,-0.059000,-0.289000,0.054125,0.353748,-0.394930,0.091728,-3.141587,0.000022,-0.000009
3.128556,-1.910014,-1.541274,-24.210002,-0.059000,-0.289000,0.054125,0.353824,-0.394850,0.091738,-3.141588,0.000021,-0.000006
3.132578,-1.910014,-1.541272,-24.210002,-0.059000,-0.289000,0.054125,0.353902,-0.394769,0.091749,-3.141588,0.000020,-0.000005
3.136581,-1.910014,-1.541271,-24.210002,-0.059000,-0.289000,0.054125,0.353979,-0.394690,0.091760,-3.141589,0.000019,-0.000009
3.140548,-2.080014,-1.491270,-25.680001,-0.073000,-0.304000,0.056125,0.354055,-0.394610,0.091770,-3.141589,0.000018,-0.000012
3.144583,-2.080014,-1.491271,-25.680001,-0.073000,-0.304000,0.056125,0.354130,-0.394532,0.091783,-3.141589,0.000019,-0.000020
3.148588,-2.080015,-1.491267,-25.680001,-0.073000,-0.304000,0.056125,0.354206,-0.394456,0.091797,-3.141591,0.000015,-0.000028
3.152579,-2.080013,-1.491278,-25.680002,-0.073000,-0.304000,0.056125,0.354278,-0.394379,0.091810,-3.141586,0.000024,-0.000041
3.156577,-2.080012,-1.491284,-25.680002,-0.073000,-0.304000,0.056125,0.354354,-0.394302,0.091825,-3.141583,0.000028,-0.000036
3.160573,-2.080011,-1.491290,-25.680002,-0.073000,-0.304000,0.056125,0.354428,-0.394223,0.091841,-3.141580,0.000033,-0.000037
3.164573,-2.080010,-1.491293,-25.680002,-0.073000,-0.304000,0.056125,0.354503,-0.394146,0.091860,-3.141579,0.000035,-0.000039
3.168575,-2.079999,-1.491303,-25.680002,-0.072999,-0.304000,0.056125,0.354579,-0.394068,0.091878,-3.141568,0.000040,-0.000026
3.172576,-2.079999,-1.491308,-25.680002,-0.072999,-0.304000,0.056125,0.354654,-0.393990,0.091899,-3.141566,0.000044,-0.000014
3.176581,-2.079998,-1.491313,-25.680003,-0.072999,-0.304000,0.056125,0.354729,-0.393913,0.091919,-3.141563,0.000048,-0.000049
3.180581,-2.079996,-1.491319,-25.680003,-0.072999,-0.304000,0.056125,0.354824,-0.393815,0.091946,-3.141560,0.000052,0.000017
3.184575,-2.089995,-1.271326,-24.540004,-0.079999,-0.293000,0.052125,0.354897,-0.393736,0.091968,-3.141557,0.000057,0.000022
3.188568,-2.089994,-1.271334,-24.540004,-0.079999,-0.293000,0.052125,0.354972,-0.393658,0.091990,-3.141554,0.000063,0.000027
3.192578,-2.089992,-1.271344,-24.540004,-0.079999,-0.293000,0.052125,0.355047,-0.393581,0.092014,-3.141549,0.000071,0.000026
3.196576,-2.089992,-1.271347,-24.540004,-0.079999,-0.293000,0.052125,0.355122,-0.393503,0.092038,-3.141548,0.000073,0.000011
3.200577,-2.089991,-1.271352,-24.540005,-0.079999,-0.293000,0.052125,0.355197,-0.393425,0.092064,-3.141545,0.000077,0.000010
3.204580,-2.089990,-1.271359,-24.540005,-0.079999,-0.293000,0.052125,0.355270,-0.393346,0.092091,-3.141542,0.000082,0.000002
3.208577,-2.089988,-1.271366,-24.540005,-0.079999,-0.293000,0.052125,0.355345,-0.393268,0.092119,-3.141539,0.000088,-0.000013
3.212579,-2.089986,-1.271377,-24.540005,-0.079999,-0.293000,0.052125,0.355417,-0.393192,0.092143,-3.141534,0.000096,-0.000019
3.216575,-2.089984,-1.271390,-24.540006,-0.079998,-0.293000,0.052125,0.355491,-0.393114,0.092168,-3.141528,0.000105,-0.000027
3.220578,-2.089983,-1.271397,-24.540006,-0.079998,-0.293000,0.052125,0.355566,-0.393036,0.092196,-3.141524,0.000111,-0.000022
3.224573,-1.849983,-0.951397,-19.780006,-0.071998,-0.241000,0.041125,0.355641,-0.392958,0.092225,-3.141524,0.000111,-0.000017
3.228577,-1.849982,-0.951400,-19.780006,-0.071998,-0.241000,0.041125,0.355716,-0.392880,0.092255,-3.141523,0.000113,0.000002
3.232574,-1.849980,-0.951414,-19.780006,-0.071998,-0.241000,0.041125,0.355788,-0.392801,0.092281,-3.141517,0.000124,0.000021
3.236585,-1.849977,-0.951429,-19.780007,-0.071998,-0.241000,0.041125,0.355862,-0.392722,0.092308,-3.141510,0.000136,0.000040
3.240579,-1.849977,-0.951432,-19.780007,-0.071998,-0.241000,0.041125,0.355935,-0.392646,0.092338,-3.141508,0.000138,0.000054
3.244582,-1.849975,-0.951440,-19.780007,-0.071998,-0.241000,0.041125,0.356009,-0.392568,0.092366,-3.141505,0.000144,0.000066
3.248580,-1.849976,-0.951437,-19.780007,-0.071998,-0.241000,0.041125,0.356084,-0.392493,0.092397,-3.141506,0.000141,0.000067
3.252580,-1.849973,-0.951450,-19.780008,-0.071998,-0.241000,0.041125,0.356156,-0.392413,0.092424,-3.141500,0.000151,0.000066
3.256578,-1.849973,-0.951453,-19.780008,-0.071998,-0.241000,0.041125,0.356229,-0.392337,0.092454,-3.141499,0.000154,0.000060
3.260576,-1.209967,-0.561485,-12.390008,-0.044997,-0.154000,0.023125,0.356298,-0.392258,0.092480,-3.141484,0.000177,-0.000007
3.264578,-1.209971,-0.561466,-12.390008,-0.044998,-0.154000,0.023125,0.356376,-0.392182,0.092513,-3.141493,0.000163,0.000039
3.268579,-1.209969,-0.561474,-12.390008,-0.044997,-0.154000,0.023125,0.356448,-0.392106,0.092541,-3.141489,0.000169,0.000020
3.272576,-1.209969,-0.561477,-12.390008,-0.044997,-0.154000,0.023125,0.356523,-0.392027,0.092571,-3.141488,0.000171,0.000005
3.276575,-1.209967,-0.561490,-12.390008,-0.044997,-0.154000,0.023125,0.356595,-0.391951,0.092597,-3.141482,0.000181,-0.000001
3.280579,-1.209967,-0.561487,-12.390008,-0.044997,-0.154000,0.023125,0.356668,-0.391875,0.092623,-3.141483,0.000179,-0.000014
3.284575,-1.209970,-0.561474,-12.390008,-0.044997,-0.154000,0.023125,0.356745,-0.391798,0.092654,-3.141490,0.000169,-0.000002
3.288583,-1.209970,-0.561470,-12.390008,-0.044997,-0.154000,0.023125,0.356820,-0.391723,0.092680,-3.141491,0.000167,0.000013
3.292568,-1.209968,-0.561483,-12.390008,-0.044997,-0.154000,0.023125,0.356894,-0.391645,0.092706,-3.141485,0.000177,-0.000009
3.296539,-1.209973,-0.561454,-12.390007,-0.044998,-0.154000,0.023125,0.356973,-0.391571,0.092737,-3.141499,0.000154,0.000005
3.300576,-0.959977,-0.461435,-9.770007,-0.033998,-0.121000,0.017125,0.357069,-0.391477,0.092775,-3.141508,0.000140,0.000067
3.304579,-0.299977,-0.161434,-3.380007,-0.009998,-0.042000,0.002125,0.357124,-0.391420,0.092803,-3.141508,0.000139,0.000012
3.308574,-0.299977,-0.161433,-3.380007,-0.009998,-0.042000,0.002125,0.357220,-0.391325,0.092831,-3.141508,0.000139,0.000060
3.312574,-0.299980,-0.161417,-3.380006,-0.009998,-0.042000,0.002125,0.357298,-0.391249,0.092860,-3.141516,0.000127,0.000058
3.316577,-0.299980,-0.161418,-3.380006,-0.009998,-0.042000,0.002125,0.357371,-0.391172,0.092882,-3.141516,0.000127,0.000039
3.320573,-0.299980,-0.161417,-3.380006,-0.009998,-0.042000,0.002125,0.357446,-0.391097,0.092905,-3.141516,0.000126,0.000020
3.324580,-0.299981,-0.161412,-3.380006,-0.009998,-0.042000,0.002125,0.357519,-0.391021,0.092924,-3.141518,0.000123,0.000000
3.328548,-0.299984,-0.161396,-3.380005,-0.009998,-0.042000,0.002125,0.357597,-0.390945,0.092948,-3.141526,0.000111,-0.000015
3.332578,-0.299984,-0.161397,-3.380005,-0.009998,-0.042000,0.002125,0.357672,-0.390867,0.092965,-3.141525,0.000111,-0.000029
3.336584,-0.299986,-0.161384,-3.380005,-0.009998,-0.042000,0.002125,0.357750,-0.390788,0.092985,-3.141531,0.000102,-0.000033
3.340582,-0.299986,-0.161381,-3.380005,-0.009998,-0.042000,0.002125,0.357828,-0.390710,0.093006,-3.141533,0.000099,-0.000030
3.344583,-0.299986,-0.161381,-3.380005,-0.009998,-0.042000,0.002125,0.357828,-0.390710,0.093006,-3.141533,0.000099,-0.000030
3.348581,0.010011,-0.001369,-0.130004,0.000001,-0.001000,-0.005875,0.357986,-0.390549,0.093043,-3.141538,0.000090,-0.000001
3.352581,0.010012,-0.001372,-0.130004,0.000001,-0.001000,-0.005875,0.358065,-0.390468,0.093056,-3.141537,0.000092,0.000006
3.356578,0.010011,-0.001365,-0.130004,0.000001,-0.001000,-0.005875,0.358144,-0.390387,0.093069,-3.141540,0.000087,0.000014
3.360582,0.010011,-0.001366,-0.130004,0.000001,-0.001000,-0.005875,0.358220,-0.390307,0.093075,-3.141540,0.000088,0.000017
3.364580,0.010009,-0.001356,-0.130004,0.000001,-0.001000,-0.005875,0.358302,-0.390225,0.093081,-3.141544,0.000081,0.000016
3.368605,0.010010,-0.001359,-0.130004,0.000001,-0.001000,-0.005875,0.358379,-0.390146,0.093083,-3.141543,0.000083,0.000012
3.372578,0.010011,-0.001369,-0.130004,0.000001,-0.001000,-0.005875,0.358456,-0.390064,0.093083,-3.141539,0.000090,-0.000000
3.376540,0.010009,-0.001359,-0.130004,0.000001,-0.001000,-0.005875,0.358536,-0.389984,0.093089,-3.141543,0.000082,-0.000006
3.380580,0.020009,0.008643,-0.030004,0.000001,0.000000,-0.005875,0.358614,-0.389905,0.093093,-3.141544,0.000081,-0.000023
3.384577,0.020009,-0.001356,-0.030004,0.000001,0.000000,-0.006875,0.358692,-0.389823,0.093098,-3.141544,0.000080,-0.000036
3.388577,0.020009,-0.001355,-0.030004,0.000001,0.000000,-0.006875,0.358769,-0.389742,0.093103,-3.141545,0.000079,-0.000048
3.392571,0.020008,-0.001348,-0.030004,0.000001,0.000000,-0.006875,0.358847,-0.389663,0.093110,-3.141548,0.000074,-0.000059
3.396544,0.020008,-0.001352,-0.030004,0.000001,0.000000,-0.006875,0.358924,-0.389581,0.093113,-3.141546,0.000077,-0.000044
3.400579,0.020010,-0.001361,-0.030004,0.000001,0.000000,-0.006875,0.358999,-0.389500,0.093114,-3.141542,0.000084,-0.000041
3.404578,0.020009,-0.001356,-0.030004,0.000001,0.000000,-0.006875,0.359079,-0.389420,0.093117,-3.141544,0.000080,-0.000034
3.408578,0.020010,-0.001365,-0.030004,0.000001,0.000000,-0.006875,0.359156,-0.389338,0.093117,-3.141540,0.000087,-0.000019
3.412576,0.020010,-0.001361,-0.030004,0.000001,0.000000,-0.006875,0.359234,-0.389259,0.093120,-3.141542,0.000084,-0.000010
3.416576,0.020009,-0.001356,-0.030004,0.000001,0.000000,-0.006875,0.359313,-0.389178,0.093123,-3.141544,0.000080,-0.000002
3.420579,0.020008,-0.001352,-0.030004,0.000001,0.000000,-0.006875,0.359393,-0.389098,0.093126,-3.141547,0.000077,0.000012
3.424575,0.010008,0.008645,-0.020004,0.000001,0.001000,-0.006875,0.359470,-0.389018,0.093128,-3.141545,0.000079,-0.000045
3.428581,0.010008,0.008650,-0.020004,0.000001,0.001000,-0.006875,0.359549,-0.388938,0.093131,-3.141547,0.000076,-0.000044
3.432574,0.010009,0.008642,-0.020004,0.000001,0.001000,-0.006875,0.359644,-0.388837,0.093130,-3.141544,0.000082,-0.000000
3.436557,0.010007,0.008652,-0.020004,0.000001,0.001000,-0.006875,0.359724,-0.388757,0.093135,-3.141548,0.000074,-0.000013
3.440585,0.010007,0.008652,-0.020004,0.000001,0.001000,-0.006875,0.359724,-0.388757,0.093135,-3.141548,0.000074,-0.000013
3.444582,0.010008,0.008645,-0.020004,0.000001,0.001000,-0.006875,0.359797,-0.388678,0.093134,-3.141545,0.000079,-0.000028
3.448606,0.010008,0.008644,-0.020004,0.000001,0.001000,-0.006875,0.359873,-0.388597,0.093136,-3.141545,0.000080,-0.000031
3.452584,0.010009,0.008642,-0.020004,0.000001,0.001000,-0.006875,0.359948,-0.388517,0.093137,-3.141544,0.000082,-0.000022
3.456583,0.010017,0.008645,-0.020004,0.000001,0.001000,-0.006875,0.360100,-0.388356,0.093136,-3.141539,0.000077,-0.000009
3.460578,0.010017,0.008645,-0.020004,0.000001,0.001000,-0.006875,0.360100,-0.388356,0.093136,-3.141539,0.000077,-0.000009
3.464576,0.010017,0.008644,-0.000004,0.000001,0.001000,-0.006875,0.360176,-0.388276,0.093137,-3.141538,0.000078,0.000001
3.468578,0.010016,0.008651,-0.000003,0.000001,0.001000,-0.006875,0.360254,-0.388197,0.093139,-3.141542,0.000072,0.000011
3.472576,0.010015,0.008658,-0.000003,0.000001,0.001000,-0.006875,0.360406,-0.388037,0.093140,-3.141545,0.000067,0.000024
3.476575,0.010014,0.008665,-0.000003,0.000001,0.001000,-0.006875,0.360483,-0.387958,0.093141,-3.141548,0.000062,0.000034
3.480577,0.010014,0.008665,-0.000003,0.000001,0.001000,-0.006875,0.360483,-0.387958,0.093141,-3.141548,0.000062,0.000034
3.484576,0.010014,0.008665,-0.000003,0.000001,0.001000,-0.006875,0.360636,-0.387798,0.093142,-3.141548,0.000061,0.000033
3.488578,0.010013,0.008666,-0.000003,0.000001,0.001000,-0.006875,0.360712,-0.387718,0.093141,-3.141549,0.000061,0.000030
3.492580,0.010012,0.008673,-0.000003,0.000001,0.001000,-0.006875,0.360790,-0.387639,0.093142,-3.141552,0.000055,0.000019
3.496589,0.010012,0.008674,-0.000003,0.000001,0.001000,-0.006875,0.360865,-0.387559,0.093142,-3.141552,0.000054,0.000009
3.500568,0.010012,0.008674,-0.000003,0.000001,0.001000,-0.006875,0.360865,-0.387559,0.093142,-3.141552,0.000054,0.000009
3.504596,0.010012,0.008675,-0.000003,0.000001,0.001000,-0.006875,0.360941,-0.387479,0.093142,-3.141553,0.000054,0.000012
3.508591,0.010011,0.008682,-0.000002,0.000001,0.000000,-0.006875,0.361019,-0.387399,0.093143,-3.141556,0.000048,0.000015
3.512584,0.010011,0.008678,-0.000002,0.000001,0.000000,-0.006875,0.361094,-0.387319,0.093140,-3.141554,0.000051,0.000018
3.516580,0.010011,0.008682,-0.000002,0.000001,0.000000,-0.006875,0.361170,-0.387239,0.093138,-3.141556,0.000049,0.000022
3.520582,0.010010,0.008689,-0.000002,0.000001,0.000000,-0.006875,0.361248,-0.387160,0.093139,-3.141559,0.000043,0.000031
3.524583,0.010010,0.008685,-0.000002,0.000001,0.000000,-0.006875,0.361323,-0.387079,0.093137,-3.141557,0.000047,0.000028
3.528589,0.010008,0.008699,-0.000002,0.000001,0.000000,-0.006875,0.361401,-0.387000,0.093138,-3.141564,0.000035,0.000038
3.532588,0.010009,0.008695,-0.000002,0.000001,0.000000,-0.006875,0.361476,-0.386920,0.093136,-3.141562,0.000038,0.000034
3.536584,0.010007,0.008705,-0.000002,0.000001,0.000000,-0.006875,0.361554,-0.386841,0.093135,-3.141566,0.000031,0.000044
3.540583,0.010008,0.008701,-0.000002,0.000001,0.000000,-0.006875,0.361627,-0.386762,0.093133,-3.141565,0.000034,0.000042
3.544586,0.010007,0.008703,-0.010002,0.001001,0.001000,-0.005875,0.361701,-0.386686,0.093132,-3.141566,0.000033,0.000037
3.548583,0.010007,0.008707,-0.010002,0.001000,0.001000,-0.005875,0.361777,-0.386608,0.093129,-3.141568,0.000029,-0.000019
3.552586,0.010007,0.008703,-0.010002,0.001001,0.001000,-0.005875,0.361850,-0.386529,0.093126,-3.141566,0.000032,-0.000027
3.556582,0.010007,0.008707,-0.010002,0.001000,0.001000,-0.005875,0.361944,-0.386432,0.093124,-3.141567,0.000030,0.000021
3.560582,0.010007,0.008704,-0.010002,0.001001,0.001000,-0.005875,0.362019,-0.386354,0.093121,-3.141566,0.000032,0.000020
3.564586,0.010007,0.008706,-0.010002,0.001001,0.001000,-0.005875,0.362094,-0.386277,0.093120,-3.141567,0.000031,0.000019
3.568579,0.010007,0.008704,-0.010002,0.001001,0.001000,-0.005875,0.362166,-0.386199,0.093115,-3.141566,0.000032,0.000013
3.572580,0.010007,0.008706,-0.010002,0.001001,0.001000,-0.005875,0.362241,-0.386121,0.093114,-3.141567,0.000030,0.000018
3.576585,0.010006,0.008711,-0.010002,0.001000,0.001000,-0.005875,0.362317,-0.386044,0.093111,-3.141569,0.000027,0.000017
3.580576,0.010005,0.008715,-0.010001,0.001000,0.001000,-0.005875,0.362391,-0.385968,0.093109,-3.141571,0.000023,0.000004
3.584577,0.010005,0.008720,-0.010001,0.001000,0.001000,-0.004875,0.362467,-0.385890,0.093106,-3.141573,0.000020,-0.000004
3.588578,0.010003,0.008729,-0.010001,0.001000,0.001000,-0.004875,0.362541,-0.385814,0.093106,-3.141577,0.000013,-0.000003
3.592575,0.010002,0.008734,-0.010001,0.001000,0.001000,-0.004875,0.362616,-0.385736,0.093103,-3.141579,0.000009,-0.000011
3.596584,0.010002,0.008738,-0.010001,0.001000,0.001000,-0.004875,0.362692,-0.385658,0.093100,-3.141581,0.000006,-0.000013
3.600582,0.010001,0.008743,-0.010000,0.001000,0.001000,-0.004875,0.362766,-0.385582,0.093097,-3.141584,0.000002,-0.000019
3.604576,0.010000,0.008747,-0.010000,0.001000,0.001000,-0.004875,0.362841,-0.385504,0.093095,-3.141586,-0.000001,-0.000020
3.608580,0.010000,0.008746,-0.010000,0.001000,0.001000,-0.004875,0.362915,-0.385425,0.093090,-3.141585,0.000000,-0.000015
3.612576,0.010001,0.008743,-0.010000,0.001000,0.001000,-0.004875,0.362989,-0.385347,0.093087,-3.141583,0.000002,-0.000009
3.616579,0.010000,0.008747,-0.010000,0.001000,0.001000,-0.004875,0.363065,-0.385269,0.093084,-3.141585,-0.000001,-0.000011
3.620577,0.009999,0.008752,-0.020000,0.001000,0.001000,-0.004875,0.363140,-0.385191,0.093081,-3.141587,-0.000005,-0.000005
3.624575,0.010000,0.008751,-0.020000,0.001000,0.001000,-0.004875,0.363216,-0.385113,0.093076,-3.141587,-0.000004,-0.000000
3.628585,0.019998,-0.001238,-0.020000,0.001000,0.001000,-0.004875,0.363288,-0.385036,0.093075,-3.141592,-0.000013,0.000001
3.632576,0.019997,-0.001233,-0.020000,0.001000,0.001000,-0.004875,0.363364,-0.384959,0.093072,3.141591,-0.000016,-0.000007
3.636553,0.019997,-0.001234,-0.020000,0.001000,0.001000,-0.004875,0.363439,-0.384880,0.093067,3.141591,-0.000016,-0.000009
3.640581,0.019997,-0.001229,-0.020000,0.001000,0.001000,-0.004875,0.363512,-0.384804,0.093065,3.141589,-0.000019,-0.000021
3.644580,0.019996,-0.001222,-0.020000,0.001000,0.001000,-0.004875,0.363586,-0.384728,0.093060,3.141586,-0.000024,-0.000034
3.648581,0.019995,-0.001218,-0.019999,0.001000,0.001000,-0.004875,0.363662,-0.384650,0.093057,3.141584,-0.000028,-0.000083
3.652583,0.019995,-0.001218,-0.019999,0.001000,0.001000,-0.004875,0.363662,-0.384650,0.093057,3.141584,-0.000028,-0.000083
3.656576,0.019993,-0.001206,-0.019999,0.000999,0.001000,-0.004875,0.363830,-0.384478,0.093050,3.141579,-0.000037,-0.000040
3.660572,0.019991,-0.001194,-0.019999,0.000999,0.001000,-0.004875,0.363906,-0.384400,0.093048,3.141574,-0.000046,-0.000028
3.664571,0.009991,-0.001195,-0.009998,0.000999,0.001000,-0.003875,0.363979,-0.384324,0.093043,3.141574,-0.000046,-0.000027
3.668574,0.009989,-0.001183,-0.009998,0.000999,0.001000,-0.003875,0.364055,-0.384246,0.093041,3.141569,-0.000055,-0.000015
3.672578,0.009990,-0.001183,-0.009998,0.000999,0.001000,-0.003875,0.364130,-0.384168,0.093036,3.141569,-0.000054,-0.000003
3.676577,0.009989,-0.001176,-0.009998,0.000999,0.001000,-0.003875,0.364203,-0.384091,0.093032,3.141566,-0.000060,0.000011
3.680578,0.009988,-0.001172,-0.009998,0.000999,0.001000,-0.003875,0.364279,-0.384013,0.093029,3.141564,-0.000063,0.000016
3.684576,0.009987,-0.001164,-0.009997,0.000999,0.001000,-0.003875,0.364352,-0.383937,0.093025,3.141561,-0.000069,0.000017
3.688573,0.009986,-0.001159,-0.009997,0.000999,0.001000,-0.003875,0.364429,-0.383860,0.093021,3.141558,-0.000073,0.000016
3.692580,0.009985,-0.001152,-0.009997,0.000999,0.001000,-0.003875,0.364503,-0.383784,0.093017,3.141555,-0.000078,0.000010
3.696623,0.009985,-0.001150,-0.009997,0.000999,0.001000,-0.003875,0.364578,-0.383705,0.093010,3.141554,-0.000080,0.000002
3.700603,0.009985,-0.001151,-0.019997,-0.000001,0.001000,-0.003875,0.364651,-0.383629,0.093005,3.141554,-0.000079,-0.000004
3.704608,0.009985,-0.001149,-0.019997,0.000999,0.001000,-0.003875,0.364725,-0.383552,0.092998,3.141554,-0.000081,-0.000017
3.708576,0.009984,-0.001147,-0.019997,0.000999,0.001000,-0.003875,0.364800,-0.383474,0.092992,3.141553,-0.000082,-0.000025
3.712579,0.009983,-0.001139,-0.019997,0.000999,0.001000,-0.003875,0.364875,-0.383399,0.092987,3.141549,-0.000088,-0.000024
3.716575,0.009983,-0.001137,-0.019997,0.000999,0.001000,-0.003875,0.364949,-0.383322,0.092980,3.141548,-0.000090,-0.000030
3.720582,0.009983,-0.001140,-0.019997,0.000999,0.001000,-0.003875,0.365024,-0.383244,0.092971,3.141550,-0.000088,-0.000018
3.724547,0.009984,-0.001143,-0.019997,0.000999,0.001000,-0.003875,0.365097,-0.383167,0.092962,3.141551,-0.000085,-0.000010
3.728567,0.009983,-0.001140,-0.019997,0.000999,0.001000,-0.003875,0.365173,-0.383090,0.092955,3.141550,-0.000087,0.000009
3.732583,0.009984,-0.001143,-0.019997,0.000999,0.001000,-0.003875,0.365250,-0.383010,0.092946,3.141551,-0.000085,0.000032
3.736583,0.009984,-0.001146,-0.019997,0.000999,0.001000,-0.003875,0.365325,-0.382931,0.092937,3.141553,-0.000083,0.000044
3.740581,0.009985,-0.001150,-0.019997,0.000999,0.001000,-0.003875,0.365401,-0.382851,0.092928,3.141554,-0.000080,0.000054
3.744583,0.019985,-0.001153,0.000003,0.000999,0.001000,-0.002875,0.365481,-0.382768,0.092919,3.141556,-0.000078,0.000066
3.748584,0.019986,-0.001156,0.000003,0.000999,0.001000,-0.002875,0.365556,-0.382689,0.092910,3.141557,-0.000075,0.000058
3.752582,0.019987,-0.001164,0.000003,0.000999,0.001000,-0.002875,0.365635,-0.382606,0.092899,3.141561,-0.000069,0.000050
3.756583,0.019987,-0.001165,0.000003,0.000999,0.001000,-0.002875,0.365712,-0.382526,0.092888,3.141561,-0.000069,0.000026
3.760583,0.019988,-0.001168,0.000003,0.000999,0.001000,-0.002875,0.365790,-0.382444,0.092879,3.141562,-0.000066,0.000013
3.764587,0.019989,-0.001176,0.000003,0.000999,0.001000,-0.002875,0.365866,-0.382363,0.092868,3.141566,-0.000060,-0.000004
3.768580,0.019988,-0.001172,0.000003,0.000999,0.001000,-0.002875,0.365945,-0.382282,0.092860,3.141564,-0.000063,-0.000070
3.772578,0.019989,-0.001178,0.000002,0.000999,0.001000,-0.002875,0.366021,-0.382199,0.092847,3.141567,-0.000058,-0.000069
3.776583,0.019989,-0.001178,0.000002,0.000999,0.001000,-0.002875,0.366120,-0.382100,0.092836,3.141567,-0.000058,-0.000012
3.780583,0.019989,-0.001179,0.000002,0.000999,0.001000,-0.002875,0.366196,-0.382020,0.092825,3.141567,-0.000058,0.000005
3.784572,0.019990,-0.001182,0.000002,-0.000001,0.001000,-0.002875,0.366274,-0.381938,0.092816,3.141569,-0.000056,0.000032
3.788573,0.019990,-0.001182,0.000002,-0.000001,0.001000,-0.002875,0.366351,-0.381858,0.092806,3.141569,-0.000055,0.000049
3.792572,0.019991,-0.001191,0.000002,-0.000001,0.001000,-0.002875,0.366429,-0.381776,0.092795,3.141572,-0.000049,0.000063
3.796539,0.019991,-0.001191,0.000002,-0.000001,0.001000,-0.002875,0.366507,-0.381694,0.092784,3.141573,-0.000048,0.000071
3.800580,0.019993,-0.001200,0.000002,-0.000001,0.001000,-0.002875,0.366583,-0.381614,0.092773,3.141576,-0.000042,0.000061
3.804577,0.019993,-0.001200,0.000002,-0.000001,0.001000,-0.002875,0.366659,-0.381533,0.092762,3.141577,-0.000041,0.000050
3.808582,0.019993,-0.001201,0.000002,-0.000001,0.001000,-0.002875,0.366737,-0.381452,0.092752,3.141577,-0.000041,0.000044
3.812574,0.019994,-0.001209,0.000001,-0.000000,0.001000,-0.002875,0.366813,-0.381371,0.092740,3.141581,-0.000035,0.000021
3.816578,0.019993,-0.001204,0.000002,-0.000001,0.001000,-0.002875,0.366892,-0.381292,0.092731,3.141578,-0.000039,-0.000003
3.820584,0.019995,-0.001215,0.000001,-0.000000,0.001000,-0.002875,0.366967,-0.381209,0.092717,3.141583,-0.000030,-0.000023
3.824584,0.009994,-0.001210,-0.009999,-0.000000,-0.000000,-0.002875,0.367046,-0.381130,0.092708,3.141581,-0.000034,-0.000040
3.828580,0.009994,-0.001211,-0.009999,-0.000000,-0.000000,-0.002875,0.367124,-0.381048,0.092697,3.141581,-0.000033,-0.000046
3.832576,0.009994,-0.001211,-0.009999,-0.000000,-0.000000,-0.002875,0.367202,-0.380966,0.092687,3.141582,-0.000033,-0.000038
3.836556,0.009995,-0.001217,-0.009999,-0.000000,-0.000000,-0.002875,0.367280,-0.380884,0.092674,3.141584,-0.000029,-0.000024
3.840582,0.009996,-0.001225,-0.009999,-0.000000,-0.000000,-0.002875,0.367357,-0.380801,0.092663,3.141588,-0.000022,-0.000009
3.844587,0.009995,-0.001217,-0.009999,-0.000000,-0.000000,-0.002875,0.367437,-0.380721,0.092652,3.141584,-0.000028,0.000005
3.848583,0.009997,-0.001231,-0.010000,-0.000000,-0.000000,-0.002875,0.367514,-0.380638,0.092638,3.141590,-0.000018,0.000013
3.852583,0.009988,-0.001229,-0.010000,-0.000000,-0.000000,-0.002875,0.367594,-0.380555,0.092626,3.141583,-0.000016,0.000025
3.856587,0.009988,-0.001229,-0.010000,-0.000000,-0.000000,-0.002875,0.367594,-0.380555,0.092626,3.141583,-0.000016,0.000025
3.860587,0.009988,-0.001231,-0.010000,-0.000000,-0.000000,-0.002875,0.367674,-0.380474,0.092617,3.141584,-0.000015,0.000012
3.864555,0.009988,-0.001229,-0.010000,-0.000000,-0.000000,-0.002875,0.367752,-0.380392,0.092604,3.141584,-0.000016,0.000007
3.868579,0.009988,-0.001228,-0.010000,-0.000000,0.001000,-0.002875,0.367830,-0.380310,0.092592,3.141583,-0.000017,-0.000060
3.872580,0.009990,-0.001241,-0.010000,-0.000000,0.001000,-0.002875,0.367987,-0.380147,0.092567,3.141588,-0.000007,-0.000031
3.876579,0.009990,-0.001246,-0.010000,-0.000000,0.001000,-0.002875,0.368064,-0.380064,0.092554,3.141591,-0.000003,-0.000057
3.880577,0.009991,-0.001251,-0.010000,-0.000000,0.001000,-0.002875,0.368143,-0.379983,0.092541,-3.141592,0.000001,-0.000063
3.884574,0.009992,-0.001257,-0.010001,0.000000,0.001000,-0.002875,0.368221,-0.379901,0.092528,-3.141590,0.000005,-0.000055
3.888575,0.009992,-0.001255,-0.010001,0.000000,0.001000,-0.002875,0.368301,-0.379817,0.092516,-3.141591,0.000004,-0.000043
3.892578,0.009992,-0.001254,-0.010001,0.000000,0.001000,-0.002875,0.368380,-0.379736,0.092504,-3.141591,0.000003,-0.000036
3.896576,0.009992,-0.001260,-0.010001,0.000000,0.001000,-0.002875,0.368458,-0.379653,0.092492,-3.141588,0.000008,-0.000021
3.900574,0.009992,-0.001258,-0.010001,0.000000,0.001000,-0.002875,0.368536,-0.379571,0.092479,-3.141589,0.000006,-0.000000
3.904579,0.009992,-0.001258,-0.010001,0.000000,0.001000,-0.002875,0.368536,-0.379571,0.092479,-3.141589,0.000006,-0.000000
3.908577,0.009992,-0.001261,-0.000001,0.001000,0.001000,-0.002875,0.368693,-0.379408,0.092454,-3.141588,0.000008,0.000015
3.912582,0.009992,-0.001261,-0.000001,0.001000,0.001000,-0.002875,0.368693,-0.379408,0.092454,-3.141588,0.000008,0.000015
3.916579,0.009991,-0.001249,-0.000000,0.001000,0.001000,-0.002875,0.368772,-0.379326,0.092440,3.141592,-0.000001,-0.000045
3.920576,0.009989,-0.001239,0.000000,0.001000,0.001000,-0.002875,0.368954,-0.379140,0.092417,3.141588,-0.000008,0.000007
3.924544,0.009989,-0.001239,0.000000,0.001000,0.001000,-0.002875,0.368954,-0.379140,0.092417,3.141588,-0.000008,0.000007
3.928583,0.009989,-0.001237,0.000000,0.001000,0.001000,-0.002875,0.369032,-0.379058,0.092405,3.141587,-0.000010,-0.000006
3.932580,0.009985,-0.001209,0.000001,0.001000,0.001000,-0.002875,0.369192,-0.378896,0.092387,3.141575,-0.000032,-0.000031
3.936543,0.009985,-0.001209,0.000001,0.001000,0.001000,-0.002875,0.369192,-0.378896,0.092387,3.141575,-0.000032,-0.000031
3.940585,0.009982,-0.001185,0.000002,0.000999,0.001000,-0.002875,0.369353,-0.378734,0.092366,3.141564,-0.000050,-0.000023
3.944599,0.009982,-0.001185,0.000002,0.000999,0.001000,-0.002875,0.369353,-0.378734,0.092366,3.141564,-0.000050,-0.000023
3.948587,-0.030019,-0.041175,-0.349998,-0.000001,-0.004000,-0.002875,0.369510,-0.378571,0.092343,3.141560,-0.000058,-0.000001
3.952588,-0.030020,-0.041167,-0.349998,-0.000001,-0.004000,-0.002875,0.369590,-0.378490,0.092333,3.141557,-0.000064,0.000007
3.956577,-0.030020,-0.041167,-0.349998,-0.000001,-0.004000,-0.002875,0.369590,-0.378490,0.092333,3.141557,-0.000064,0.000007
3.960580,-0.030021,-0.041164,-0.349998,-0.000001,-0.004000,-0.002875,0.369671,-0.378407,0.092320,3.141555,-0.000066,0.000019
3.964578,-0.030021,-0.041162,-0.349998,-0.000001,-0.004000,-0.002875,0.369749,-0.378325,0.092307,3.141555,-0.000068,0.000027
3.968573,-0.030023,-0.041147,-0.349997,-0.000001,-0.004000,-0.002875,0.369829,-0.378244,0.092297,3.141548,-0.000080,0.000034
3.972575,-0.030023,-0.041144,-0.349997,-0.000001,-0.004000,-0.002875,0.369909,-0.378162,0.092285,3.141547,-0.000082,0.000035
3.976581,-0.030025,-0.041133,-0.349997,-0.000001,-0.004000,-0.002875,0.369989,-0.378081,0.092272,3.141542,-0.000090,0.000036
3.980577,-0.030026,-0.041125,-0.349996,-0.000001,-0.004000,-0.002875,0.370069,-0.378000,0.092262,3.141539,-0.000096,0.000030
3.984579,-0.200026,-0.201118,-2.219996,-0.004002,-0.027000,0.002125,0.370228,-0.377835,0.092235,3.141536,-0.000102,0.000023
3.988582,-0.200028,-0.201108,-2.219996,-0.004002,-0.027000,0.002125,0.370308,-0.377754,0.092223,3.141531,-0.000110,0.000017
3.992576,-0.200028,-0.201105,-2.219996,-0.004002,-0.027000,0.002125,0.370389,-0.377671,0.092210,3.141530,-0.000112,0.000023
3.996575,-0.200028,-0.201105,-2.219996,-0.004002,-0.027000,0.002125,0.370389,-0.377671,0.092210,3.141530,-0.000112,0.000023
4.000576,-0.200029,-0.201094,-2.219995,-0.004002,-0.027000,0.002125,0.370469,-0.377590,0.092197,3.141525,-0.000120,0.000024
4.004580,-0.200030,-0.201091,-2.219995,-0.004002,-0.027000,0.002125,0.370548,-0.377508,0.092184,3.141524,-0.000123,0.000031
4.008596,-0.200030,-0.201094,-2.219995,-0.004002,-0.027000,0.002125,0.370627,-0.377426,0.092169,3.141525,-0.000121,0.000039
4.012579,-0.200030,-0.201088,-2.219995,-0.004002,-0.027000,0.002125,0.370787,-0.377262,0.092143,3.141523,-0.000125,0.000038
4.016576,-0.200030,-0.201088,-2.219995,-0.004002,-0.027000,0.002125,0.370787,-0.377262,0.092143,3.141523,-0.000125,0.000038
4.020574,-0.200030,-0.201090,-2.219995,-0.004002,-0.027000,0.002125,0.370866,-0.377180,0.092128,3.141524,-0.000124,0.000039
4.024573,-0.360030,-0.351087,-4.259995,-0.009002,-0.052000,0.006125,0.370946,-0.377098,0.092115,3.141523,-0.000126,0.000047
4.028575,-0.500031,-0.511078,-6.039995,-0.012002,-0.074000,0.009125,0.371028,-0.377016,0.092104,3.141519,-0.000133,0.000046
4.032572,-0.500031,-0.511081,-6.039995,-0.012002,-0.074000,0.009125,0.371104,-0.376935,0.092089,3.141520,-0.000130,0.000042
4.036551,-0.500032,-0.511073,-6.039994,-0.012002,-0.074000,0.009125,0.371259,-0.376775,0.092067,3.141517,-0.000137,0.000028
4.040576,-0.500032,-0.511073,-6.039994,-0.012002,-0.074000,0.009125,0.371259,-0.376775,0.092067,3.141517,-0.000137,0.000028
4.044580,-0.500032,-0.511075,-6.039994,-0.012002,-0.074000,0.009125,0.371332,-0.376698,0.092058,3.141518,-0.000135,0.000015
4.048583,-0.500032,-0.511075,-6.039994,-0.012002,-0.074000,0.009125,0.371407,-0.376620,0.092052,3.141517,-0.000136,0.000021
4.052579,-0.500031,-0.511077,-6.039994,-0.012002,-0.074000,0.009125,0.371481,-0.376543,0.092048,3.141518,-0.000134,0.000022
4.056577,-0.500030,-0.511086,-6.039995,-0.012002,-0.074000,0.009125,0.371555,-0.376463,0.092043,3.141522,-0.000127,-0.000034
4.060585,-0.770030,-0.761089,-9.379995,-0.018002,-0.117000,0.017125,0.371648,-0.376366,0.092039,3.141523,-0.000125,0.000021
4.064580,-0.770029,-0.761093,-9.379995,-0.018002,-0.117000,0.017125,0.371721,-0.376289,0.092036,3.141525,-0.000121,0.000015
4.068573,-0.770027,-0.761109,-9.379995,-0.018002,-0.117000,0.017125,0.371793,-0.376208,0.092030,3.141532,-0.000109,0.000014
4.072577,-0.770027,-0.761107,-9.379995,-0.018002,-0.117000,0.017125,0.371868,-0.376132,0.092029,3.141532,-0.000110,0.000008
4.076572,-0.770027,-0.761110,-9.379995,-0.018002,-0.117000,0.017125,0.371941,-0.376055,0.092025,3.141532,-0.000109,0.000002
4.080575,-0.770026,-0.761114,-9.379996,-0.018002,-0.117000,0.017125,0.372015,-0.375976,0.092023,3.141534,-0.000105,-0.000006
4.084574,-0.770026,-0.761119,-9.379996,-0.018002,-0.117000,0.017125,0.372090,-0.375897,0.092020,3.141536,-0.000102,-0.000007
4.088575,-0.770024,-0.761131,-9.379996,-0.018001,-0.117000,0.017125,0.372162,-0.375819,0.092017,3.141542,-0.000092,-0.000020
4.092573,-0.770023,-0.761141,-9.379997,-0.018001,-0.117000,0.017125,0.372236,-0.375740,0.092012,3.141546,-0.000085,-0.000021
4.096576,-0.770023,-0.761143,-9.379997,-0.018001,-0.117000,0.017125,0.372311,-0.375661,0.092008,3.141547,-0.000083,-0.000023
4.100575,-0.770021,-0.761152,-9.379997,-0.018001,-0.117000,0.017125,0.372383,-0.375583,0.092003,3.141551,-0.000076,-0.000022
4.104575,-1.110021,-0.881155,-12.589997,-0.027001,-0.161000,0.025125,0.372458,-0.375504,0.091999,3.141552,-0.000074,-0.000017
4.108597,-1.110020,-0.881162,-12.589997,-0.027001,-0.161000,0.025125,0.372532,-0.375425,0.091993,3.141555,-0.000069,-0.000005
4.112573,-1.110020,-0.881161,-12.589997,-0.027001,-0.161000,0.025125,0.372607,-0.375346,0.091987,3.141555,-0.000069,0.000001
4.116573,-1.110020,-0.881163,-12.589997,-0.027001,-0.161000,0.025125,0.372681,-0.375267,0.091983,3.141556,-0.000067,-0.000001
4.120577,-1.110020,-0.881165,-12.589997,-0.027001,-0.161000,0.025125,0.372754,-0.375190,0.091979,3.141557,-0.000066,-0.000006
4.124550,-1.110021,-0.881156,-12.589997,-0.027001,-0.161000,0.025125,0.372831,-0.375112,0.091979,3.141553,-0.000073,-0.000015
4.128542,-1.110019,-0.881174,-12.589998,-0.027001,-0.161000,0.025125,0.372903,-0.375034,0.091973,3.141560,-0.000059,-0.000027
4.132581,-1.110018,-0.881178,-12.589998,-0.027001,-0.161000,0.025125,0.372977,-0.374954,0.091971,3.141562,-0.000056,-0.000029
4.136565,-1.110018,-0.881177,-12.589998,-0.027001,-0.161000,0.025125,0.373051,-0.374878,0.091970,3.141561,-0.000057,-0.000035
4.140585,-1.110017,-0.881189,-12.589998,-0.027001,-0.161000,0.025125,0.373123,-0.374800,0.091967,3.141567,-0.000048,-0.000040
4.144582,-1.270017,-0.911187,-13.769999,-0.033001,-0.177000,0.028125,0.373198,-0.374723,0.091966,3.141566,-0.000049,-0.000040
4.148585,-1.270015,-0.911199,-13.769999,-0.033001,-0.177000,0.028125,0.373271,-0.374646,0.091962,3.141571,-0.000040,-0.000039
4.152580,-1.270015,-0.911197,-13.769999,-0.033001,-0.177000,0.028125,0.373346,-0.374570,0.091961,3.141570,-0.000041,-0.000024
4.156578,-1.270015,-0.911198,-13.769999,-0.033001,-0.177000,0.028125,0.373420,-0.374493,0.091962,3.141571,-0.000040,-0.000017
4.160588,-1.270014,-0.911210,-13.769999,-0.033000,-0.177000,0.028125,0.373490,-0.374417,0.091959,3.141576,-0.000031,-0.000007
4.164590,-1.270014,-0.911211,-13.769999,-0.033000,-0.177000,0.028125,0.373585,-0.374320,0.091960,3.141576,-0.000030,0.000007
4.168579,-1.270013,-0.911220,-13.770000,-0.033000,-0.177000,0.028125,0.373640,-0.374261,0.091960,3.141580,-0.000023,-0.000028
4.172577,-1.270012,-0.911221,-13.770000,-0.033000,-0.177000,0.028125,0.373712,-0.374186,0.091960,3.141580,-0.000023,-0.000031
4.176581,-1.270011,-0.911230,-13.770000,-0.033000,-0.177000,0.028125,0.373786,-0.374109,0.091960,3.141584,-0.000016,-0.000037
4.180581,-1.270011,-0.911231,-13.770000,-0.033000,-0.177000,0.028125,0.373880,-0.374012,0.091961,3.141584,-0.000015,0.000011
4.184577,-1.360010,-1.001239,-14.800000,-0.038000,-0.185000,0.030125,0.373952,-0.373937,0.091961,3.141588,-0.000009,0.000000
4.188584,-1.360010,-1.001240,-14.800000,-0.038000,-0.185000,0.030125,0.374026,-0.373860,0.091962,3.141588,-0.000008,-0.000006
4.192579,-1.360009,-1.001249,-14.800000,-0.038000,-0.185000,0.030125,0.374099,-0.373783,0.091962,3.141592,-0.000001,-0.000018
4.196580,-1.360009,-1.001252,-14.800000,-0.038000,-0.185000,0.030125,0.374173,-0.373706,0.091964,-3.141592,0.000002,-0.000024
4.200577,-1.360008,-1.001258,-14.800001,-0.038000,-0.185000,0.030125,0.374246,-0.373628,0.091968,-3.141589,0.000006,-0.000023
4.204577,-1.360008,-1.001258,-14.800001,-0.038000,-0.185000,0.030125,0.374320,-0.373554,0.091974,-3.141589,0.000006,-0.000027
4.208576,-1.360007,-1.001264,-14.800001,-0.038000,-0.185000,0.030125,0.374395,-0.373475,0.091978,-3.141587,0.000011,-0.000015
4.212576,-1.360006,-1.001278,-14.800001,-0.038000,-0.185000,0.030125,0.374466,-0.373399,0.091981,-3.141581,0.000022,-0.000005
4.216578,-1.360006,-1.001279,-14.800001,-0.038000,-0.185000,0.030125,0.374540,-0.373322,0.091988,-3.141580,0.000022,0.000016
4.220575,-1.410005,-1.051282,-15.140002,-0.043000,-0.189000,0.032125,0.374615,-0.373246,0.091995,-3.141579,0.000024,0.000030
4.224579,-1.410004,-1.051290,-15.140002,-0.043000,-0.189000,0.032125,0.374688,-0.373168,0.092000,-3.141576,0.000031,0.000045
4.228573,-1.410003,-1.051301,-15.140002,-0.042999,-0.189000,0.032125,0.374761,-0.373091,0.092008,-3.141571,0.000040,0.000059
4.232576,-1.410002,-1.051310,-15.140003,-0.042999,-0.189000,0.032125,0.374835,-0.373012,0.092013,-3.141568,0.000046,0.000064
4.236552,-1.410001,-1.051315,-15.140003,-0.042999,-0.189000,0.032125,0.374912,-0.372933,0.092022,-3.141565,0.000050,0.000056
4.240578,-1.410001,-1.051318,-15.140003,-0.042999,-0.189000,0.032125,0.374988,-0.372853,0.092030,-3.141564,0.000053,0.000046
4.244582,-1.410000,-1.051324,-15.140003,-0.042999,-0.189000,0.032125,0.375065,-0.372772,0.092040,-3.141562,0.000057,0.000035
4.248579,-1.409999,-1.051332,-15.140003,-0.042999,-0.189000,0.032125,0.375142,-0.372692,0.092050,-3.141558,0.000063,0.000025
4.252576,-1.409998,-1.051345,-15.140004,-0.042999,-0.189000,0.032125,0.375218,-0.372610,0.092059,-3.141553,0.000074,0.000008
4.256580,-1.409998,-1.051345,-15.140004,-0.042999,-0.189000,0.032125,0.375296,-0.372530,0.092070,-3.141553,0.000074,-0.000009
4.260586,-1.369997,-1.011352,-14.940004,-0.042999,-0.186000,0.030125,0.375376,-0.372449,0.092081,-3.141550,0.000080,-0.000015
4.264572,-1.359996,-0.931360,-14.420004,-0.040999,-0.181000,0.029125,0.375454,-0.372368,0.092091,-3.141546,0.000085,-0.000019
4.268581,-1.359994,-0.931377,-14.420005,-0.040999,-0.181000,0.029125,0.375547,-0.372266,0.092102,-3.141539,0.000099,0.000005
4.272579,-1.359994,-0.931382,-14.420005,-0.040999,-0.181000,0.029125,0.375605,-0.372206,0.092111,-3.141537,0.000103,0.000015
4.276570,-1.359994,-0.931385,-14.420005,-0.040998,-0.181000,0.029125,0.375683,-0.372126,0.092124,-3.141536,0.000105,0.000031
4.280572,-1.359992,-0.931395,-14.420005,-0.040998,-0.181000,0.029125,0.375760,-0.372045,0.092136,-3.141532,0.000112,0.000048
4.284571,-1.359992,-0.931397,-14.420005,-0.040998,-0.181000,0.029125,0.375840,-0.371964,0.092149,-3.141531,0.000114,0.000062
4.288574,-1.359990,-0.931413,-14.420006,-0.040998,-0.181000,0.029125,0.375915,-0.371882,0.092159,-3.141524,0.000127,0.000065
4.292583,-1.359991,-0.931410,-14.420006,-0.040998,-0.181000,0.029125,0.375993,-0.371802,0.092175,-3.141526,0.000125,0.000062
4.296576,-1.359991,-0.931413,-14.420006,-0.040998,-0.181000,0.029125,0.376071,-0.371722,0.092187,-3.141525,0.000127,0.000051
4.300581,-1.219989,-0.771429,-12.110007,-0.031998,-0.157000,0.023125,0.376146,-0.371640,0.092198,-3.141518,0.000139,0.000041
4.304578,-1.219989,-0.771426,-12.110006,-0.031998,-0.157000,0.023125,0.376222,-0.371562,0.092213,-3.141519,0.000137,0.000013
4.308573,-1.219988,-0.771436,-12.110007,-0.031998,-0.157000,0.023125,0.376301,-0.371480,0.092225,-3.141515,0.000145,0.000000
4.312571,-1.219988,-0.771434,-12.110007,-0.031998,-0.157000,0.023125,0.376378,-0.371401,0.092240,-3.141516,0.000143,-0.000082
4.316572,-1.219988,-0.771438,-12.110007,-0.031998,-0.157000,0.023125,0.376455,-0.371321,0.092254,-3.141514,0.000147,-0.000099
4.320576,-1.219986,-0.771452,-12.110007,-0.031998,-0.157000,0.023125,0.376550,-0.371219,0.092269,-3.141508,0.000157,-0.000042
4.324542,-1.219985,-0.771462,-12.110008,-0.031998,-0.157000,0.023125,0.376627,-0.371138,0.092281,-3.141504,0.000165,-0.000025
4.328568,-1.219985,-0.771461,-12.110008,-0.031998,-0.157000,0.023125,0.376707,-0.371059,0.092297,-3.141505,0.000164,-0.000016
4.332584,-1.219985,-0.771463,-12.110008,-0.031998,-0.157000,0.023125,0.376786,-0.370977,0.092310,-3.141504,0.000166,-0.000001
4.336556,-1.219983,-0.771479,-12.110008,-0.031997,-0.157000,0.023125,0.376863,-0.370893,0.092320,-3.141497,0.000178,0.000013
4.340579,-1.219983,-0.771483,-12.110008,-0.031997,-0.157000,0.023125,0.376945,-0.370810,0.092334,-3.141496,0.000182,0.000025
4.344544,-0.779983,-0.511486,-8.000009,-0.015997,-0.106000,0.014125,0.377023,-0.370730,0.092347,-3.141495,0.000183,0.000022
4.348585,-0.779983,-0.511488,-8.000009,-0.015997,-0.106000,0.014125,0.377104,-0.370646,0.092359,-3.141494,0.000185,0.000027
4.352584,-0.779982,-0.511490,-8.000009,-0.015997,-0.106000,0.014125,0.377185,-0.370562,0.092372,-3.141493,0.000187,0.000019
4.356579,-0.779983,-0.511487,-8.000009,-0.015997,-0.106000,0.014125,0.377266,-0.370481,0.092386,-3.141494,0.000184,-0.000000
4.360589,-0.779982,-0.511494,-8.000009,-0.015997,-0.106000,0.014125,0.377345,-0.370399,0.092397,-3.141491,0.000190,-0.000020
4.364583,-0.779984,-0.511480,-8.000008,-0.015997,-0.106000,0.014125,0.377427,-0.370319,0.092410,-3.141497,0.000179,-0.000039
4.368585,-0.779982,-0.511494,-8.000009,-0.015997,-0.106000,0.014125,0.377506,-0.370233,0.092419,-3.141491,0.000190,-0.000054
4.372581,-0.779984,-0.511483,-8.000009,-0.015997,-0.106000,0.014125,0.377587,-0.370153,0.092434,-3.141496,0.000181,-0.000060
4.376577,-0.779984,-0.511482,-8.000009,-0.015997,-0.106000,0.014125,0.377667,-0.370071,0.092445,-3.141496,0.000181,-0.000059
4.380576,-0.779984,-0.511485,-8.000009,-0.015997,-0.106000,0.014125,0.377748,-0.369987,0.092458,-3.141495,0.000183,-0.000047
4.384578,-0.359984,-0.251479,-3.740008,-0.004997,-0.050000,0.005125,0.377829,-0.369906,0.092471,-3.141498,0.000178,-0.000032
4.388573,-0.359985,-0.251476,-3.740008,-0.004997,-0.050000,0.005125,0.377911,-0.369822,0.092480,-3.141499,0.000176,-0.000013
4.392576,-0.359986,-0.251466,-3.740008,-0.004998,-0.050000,0.005125,0.377991,-0.369740,0.092490,-3.141503,0.000168,-0.000006
4.396575,-0.359987,-0.251460,-3.740008,-0.004998,-0.050000,0.005125,0.378072,-0.369660,0.092497,-3.141506,0.000163,0.000002
4.400588,-0.359988,-0.251449,-3.740007,-0.004998,-0.050000,0.005125,0.378153,-0.369578,0.092502,-3.141510,0.000155,0.000010
4.404581,-0.359989,-0.251433,-3.740007,-0.004998,-0.050000,0.005125,0.378237,-0.369496,0.092508,-3.141517,0.000143,0.000015
4.408580,-0.359990,-0.251425,-3.740007,-0.004998,-0.050000,0.005125,0.378317,-0.369414,0.092514,-3.141520,0.000137,0.000009
4.412576,-0.359992,-0.251409,-3.740006,-0.004998,-0.050000,0.005125,0.378400,-0.369334,0.092521,-3.141527,0.000124,0.000003
4.416576,-0.359992,-0.251406,-3.740006,-0.004998,-0.050000,0.005125,0.378482,-0.369250,0.092524,-3.141528,0.000122,-0.000012
4.420589,-0.359992,-0.251406,-3.740006,-0.004998,-0.050000,0.005125,0.378562,-0.369169,0.092529,-3.141532,0.000114,-0.000024
4.424577,-0.039994,-0.051388,-0.570005,0.001002,-0.007000,-0.001875,0.378644,-0.369088,0.092534,-3.141536,0.000107,-0.000084
4.428575,-0.039995,-0.051382,-0.570005,0.001001,-0.007000,-0.001875,0.378722,-0.369008,0.092537,-3.141538,0.000103,-0.000087
4.432585,-0.039995,-0.051380,-0.570005,0.001001,-0.007000,-0.001875,0.378804,-0.368924,0.092541,-3.141539,0.000101,-0.000075
4.436554,-0.039995,-0.051380,-0.570005,0.001001,-0.007000,-0.001875,0.378882,-0.368844,0.092541,-3.141539,0.000101,-0.000072
4.440585,-0.039996,-0.051375,-0.570005,0.001001,-0.007000,-0.001875,0.378982,-0.368741,0.092543,-3.141541,0.000097,-0.000004
4.444580,-0.039996,-0.051375,-0.570005,0.001001,-0.007000,-0.001875,0.378982,-0.368741,0.092543,-3.141541,0.000097,-0.000004
4.448580,-0.039996,-0.051370,-0.570005,0.001001,-0.007000,-0.001875,0.379062,-0.368659,0.092545,-3.141543,0.000093,0.000011
4.452582,-0.039998,-0.051358,-0.570004,0.001001,-0.007000,-0.001875,0.379142,-0.368580,0.092549,-3.141548,0.000085,0.000020
4.456589,-0.039999,-0.051347,-0.570004,0.001001,-0.007000,-0.001875,0.379303,-0.368419,0.092553,-3.141553,0.000076,0.000031
4.460585,-0.039999,-0.051347,-0.570004,0.001001,-0.007000,-0.001875,0.379303,-0.368419,0.092553,-3.141553,0.000076,0.000031
4.464585,0.020000,0.008663,-0.020004,0.001001,0.001000,-0.002875,0.379461,-0.368257,0.092558,-3.141557,0.000068,0.000028
4.468578,0.020000,0.008663,-0.020004,0.001001,0.001000,-0.002875,0.379461,-0.368257,0.092558,-3.141557,0.000068,0.000028
4.472579,0.020000,0.008663,-0.020004,0.001001,0.001000,-0.002875,0.379461,-0.368257,0.092558,-3.141557,0.000068,0.000028
4.476576,0.019999,0.008668,-0.020004,0.001001,0.001000,-0.002875,0.379619,-0.368095,0.092560,-3.141559,0.000064,0.000012
4.480579,0.019999,0.008674,-0.020003,0.001001,0.001000,-0.002875,0.379701,-0.368014,0.092561,-3.141562,0.000059,0.000013
4.484581,0.019999,0.008677,-0.020003,0.001001,0.001000,-0.002875,0.379779,-0.367933,0.092560,-3.141563,0.000057,0.000016
4.488583,0.019999,0.008677,-0.020003,0.001001,0.001000,-0.002875,0.379858,-0.367851,0.092560,-3.141563,0.000057,0.000017
4.492583,0.019998,0.008681,-0.020003,0.001001,0.001000,-0.002875,0.380016,-0.367686,0.092557,-3.141564,0.000054,0.000032
4.496580,0.019998,0.008681,-0.020003,0.001001,0.001000,-0.002875,0.380016,-0.367686,0.092557,-3.141564,0.000054,0.000032
4.500585,0.019998,0.008682,-0.020003,0.001001,0.001000,-0.002875,0.380096,-0.367607,0.092556,-3.141565,0.000053,0.000029
4.504585,0.019996,0.008697,-0.010002,0.001001,0.001000,-0.002875,0.380255,-0.367444,0.092558,-3.141571,0.000041,0.000033
4.508577,0.019996,0.008697,-0.010002,0.001001,0.001000,-0.002875,0.380255,-0.367444,0.092558,-3.141571,0.000041,0.000033
4.512575,0.019996,0.008699,-0.010002,0.001001,0.001000,-0.002875,0.380334,-0.367362,0.092556,-3.141572,0.000039,0.000040
4.516578,0.019995,0.008710,-0.010002,0.001000,0.001000,-0.002875,0.380493,-0.367200,0.092555,-3.141576,0.000031,0.000044
4.520577,0.019995,0.008710,-0.010002,0.001000,0.001000,-0.002875,0.380493,-0.367200,0.092555,-3.141576,0.000031,0.000044
4.524549,0.019994,0.008720,-0.010002,0.001000,0.001000,-0.002875,0.380571,-0.367120,0.092554,-3.141580,0.000024,0.000041
4.528547,0.019993,0.008730,-0.010001,0.001000,0.001000,-0.002875,0.380651,-0.367038,0.092553,-3.141585,0.000016,0.000035
4.532580,0.019991,0.008746,-0.010001,0.001000,0.001000,-0.002875,0.380732,-0.366959,0.092554,-3.141591,0.000003,0.000031
4.536585,0.019992,0.008745,-0.010001,0.001000,0.001000,-0.002875,0.380808,-0.366877,0.092549,-3.141591,0.000004,0.000028
4.540584,0.019998,0.008769,-0.010000,0.001000,0.001000,-0.002875,0.380887,-0.366801,0.092550,3.141591,-0.000018,0.000015
4.544549,0.009997,-0.001224,-0.009999,-0.000000,-0.000000,-0.001875,0.380962,-0.366722,0.092546,3.141588,-0.000023,0.000020
4.548582,0.009996,-0.001214,-0.009999,-0.000000,-0.000000,-0.001875,0.381037,-0.366645,0.092545,3.141584,-0.000031,0.000021
4.552584,0.009996,-0.001208,-0.009999,-0.000000,-0.000000,-0.001875,0.381111,-0.366567,0.092541,3.141581,-0.000036,0.000022
4.556579,0.009994,-0.001193,-0.009998,-0.000001,-0.000000,-0.001875,0.381205,-0.366472,0.092537,3.141575,-0.000048,0.000012
4.560579,0.009994,-0.001193,-0.009998,-0.000001,-0.000000,-0.001875,0.381279,-0.366395,0.092531,3.141575,-0.000048,0.000013
4.564579,0.009994,-0.001186,-0.009998,-0.000001,-0.000000,-0.001875,0.381353,-0.366317,0.092527,3.141573,-0.000053,0.000007
4.568578,0.009992,-0.001172,-0.009998,-0.000001,-0.000000,-0.001875,0.381428,-0.366243,0.092523,3.141567,-0.000064,-0.000004
4.572581,0.009992,-0.001171,-0.009997,-0.000001,-0.000000,-0.001875,0.381503,-0.366163,0.092517,3.141566,-0.000065,-0.000005
4.576574,0.009991,-0.001163,-0.009997,-0.000001,-0.000000,-0.001875,0.381578,-0.366086,0.092512,3.141563,-0.000071,-0.000004
4.580583,0.009992,-0.001169,-0.009997,-0.000001,-0.000000,-0.001875,0.381652,-0.366009,0.092504,3.141565,-0.000067,-0.000010
4.584574,0.019992,0.018833,-0.019998,-0.000001,0.001000,-0.002875,0.381725,-0.365931,0.092498,3.141565,-0.000068,-0.000023
4.588585,0.019992,0.018835,-0.019997,-0.000001,0.001000,-0.002875,0.381800,-0.365853,0.092491,3.141564,-0.000070,-0.000022
4.592572,0.019993,0.018826,-0.019998,-0.000001,0.001000,-0.002875,0.381871,-0.365774,0.092480,3.141568,-0.000062,-0.000014
4.596576,0.019992,0.018828,-0.019998,-0.000001,0.001000,-0.002875,0.381947,-0.365695,0.092473,3.141567,-0.000064,-0.000009
4.600575,0.019992,0.018831,-0.019998,-0.000001,0.001000,-0.002875,0.382022,-0.365618,0.092466,3.141566,-0.000066,-0.000001
4.604576,0.019992,0.018828,-0.019998,-0.000001,0.001000,-0.002875,0.382097,-0.365541,0.092456,3.141567,-0.000064,-0.000000
4.608575,0.019993,0.018824,-0.019998,-0.000001,0.001000,-0.002875,0.382171,-0.365461,0.092448,3.141568,-0.000061,0.000005
4.612576,0.019992,0.018834,-0.019997,-0.000001,0.001000,-0.002875,0.382246,-0.365384,0.092441,3.141564,-0.000069,-0.000001
4.616577,0.019993,0.018826,-0.019998,-0.000001,0.001000,-0.002875,0.382319,-0.365306,0.092430,3.141568,-0.000062,-0.000000
4.620579,0.019992,0.008829,-0.019998,-0.000001,0.001000,-0.002875,0.382392,-0.365227,0.092422,3.141566,-0.000066,-0.000013
4.624578,0.019993,0.008827,-0.019998,-0.000001,0.001000,-0.002875,0.382466,-0.365150,0.092412,3.141567,-0.000064,-0.000019
4.628577,0.019992,0.008829,-0.019998,-0.000001,0.001000,-0.002875,0.382541,-0.365073,0.092405,3.141566,-0.000065,-0.000031
4.632576,0.019993,0.008821,-0.019998,-0.000001,0.001000,-0.002875,0.382613,-0.364994,0.092394,3.141570,-0.000059,-0.000031
4.636555,0.019994,0.008817,-0.019998,-0.000001,0.001000,-0.002875,0.382686,-0.364916,0.092385,3.141572,-0.000056,-0.000030
4.640546,0.019993,0.008822,-0.019998,-0.000001,0.001000,-0.002875,0.382759,-0.364841,0.092377,3.141570,-0.000060,-0.000033
4.644537,0.019993,0.008819,-0.019998,-0.000001,0.001000,-0.002875,0.382833,-0.364763,0.092367,3.141571,-0.000058,-0.000026
4.648582,0.019993,0.008823,-0.019998,-0.000001,0.001000,-0.002875,0.382905,-0.364687,0.092359,3.141569,-0.000061,-0.000023
4.652579,0.019993,0.008828,-0.019998,-0.000001,0.001000,-0.002875,0.382980,-0.364609,0.092350,3.141567,-0.000065,-0.000008
4.656584,0.019993,0.008825,-0.019998,-0.000001,0.001000,-0.002875,0.383051,-0.364533,0.092341,3.141569,-0.000062,0.000001
4.660574,0.019993,0.008828,-0.019998,-0.000001,0.001000,-0.002875,0.383124,-0.364455,0.092333,3.141567,-0.000065,0.000009
4.664584,0.009992,-0.011170,-0.059998,-0.000001,-0.000000,-0.002875,0.383215,-0.364357,0.092321,3.141566,-0.000066,0.000019
4.668574,0.009991,-0.011156,-0.059997,-0.000001,-0.000000,-0.002875,0.383274,-0.364300,0.092318,3.141561,-0.000077,0.000024
4.672576,0.009991,-0.011155,-0.059997,-0.000001,-0.000000,-0.002875,0.383363,-0.364205,0.092306,3.141560,-0.000078,0.000016
4.676578,0.009992,-0.011161,-0.059997,-0.000001,-0.000000,-0.002875,0.383417,-0.364145,0.092299,3.141563,-0.000073,0.000014
4.680595,0.009991,-0.011150,-0.059997,-0.000001,-0.000000,-0.002875,0.383489,-0.364069,0.092291,3.141558,-0.000082,-0.000050
4.684574,0.009990,-0.011140,-0.059997,-0.000001,-0.000000,-0.002875,0.383564,-0.363992,0.092285,3.141554,-0.000090,-0.000056
4.688575,0.009990,-0.011141,-0.059997,-0.000001,-0.000000,-0.002875,0.383635,-0.363915,0.092274,3.141555,-0.000089,-0.000066
4.692578,0.009990,-0.011138,-0.059996,-0.000001,-0.000000,-0.002875,0.383708,-0.363839,0.092267,3.141554,-0.000091,-0.000077
4.696581,0.009990,-0.011138,-0.059996,-0.000001,-0.000000,-0.002875,0.383800,-0.363743,0.092256,3.141554,-0.000091,-0.000026
4.700573,-0.140011,-0.141134,-1.279996,-0.003001,-0.016000,0.000125,0.383872,-0.363666,0.092248,3.141552,-0.000094,-0.000023
4.704581,-0.140011,-0.141130,-1.279996,-0.003001,-0.016000,0.000125,0.383944,-0.363588,0.092240,3.141551,-0.000097,-0.000009
4.708563,-0.140010,-0.141139,-1.279996,-0.003001,-0.016000,0.000125,0.384015,-0.363511,0.092229,3.141554,-0.000090,0.000008
4.712586,-0.140011,-0.141123,-1.279996,-0.003001,-0.016000,0.000125,0.384092,-0.363434,0.092224,3.141548,-0.000103,0.000029
4.716562,-0.140019,-0.141132,-1.279996,-0.003001,-0.016000,0.000125,0.384163,-0.363356,0.092213,3.141545,-0.000093,0.000043
4.720536,-0.140020,-0.141122,-1.279996,-0.003001,-0.016000,0.000125,0.384237,-0.363281,0.092206,3.141541,-0.000101,0.000060
4.724599,-0.140020,-0.141123,-1.279996,-0.003001,-0.016000,0.000125,0.384309,-0.363202,0.092196,3.141542,-0.000100,0.000067
4.728530,-0.140021,-0.141118,-1.279996,-0.003002,-0.016000,0.000125,0.384384,-0.363125,0.092187,3.141540,-0.000104,0.000068
4.732560,-0.140020,-0.141119,-1.279996,-0.003002,-0.016000,0.000125,0.384455,-0.363048,0.092177,3.141540,-0.000103,0.000058
4.736590,-0.140020,-0.141125,-1.279996,-0.003001,-0.016000,0.000125,0.384527,-0.362969,0.092164,3.141543,-0.000098,0.000052
4.740580,-0.310020,-0.281122,-2.819996,-0.008001,-0.035000,0.003125,0.384603,-0.362892,0.092156,3.141541,-0.000101,0.000039
4.744578,-0.390021,-0.341117,-3.809996,-0.011002,-0.048000,0.006125,0.384677,-0.362815,0.092147,3.141539,-0.000105,0.000026
4.748584,-0.390021,-0.341117,-3.809996,-0.011002,-0.048000,0.006125,0.384752,-0.362737,0.092136,3.141539,-0.000105,0.000007
4.752576,-0.390020,-0.341120,-3.809996,-0.011002,-0.048000,0.006125,0.384826,-0.362659,0.092127,3.141540,-0.000103,-0.000006
4.756575,-0.390020,-0.341127,-3.809996,-0.011001,-0.048000,0.006125,0.384899,-0.362581,0.092115,3.141544,-0.000097,-0.000005
4.760578,-0.390020,-0.341116,-3.809996,-0.011002,-0.048000,0.006125,0.384976,-0.362505,0.092108,3.141539,-0.000105,-0.000004
4.764577,-0.390020,-0.341119,-3.809996,-0.011002,-0.048000,0.006125,0.385050,-0.362427,0.092098,3.141540,-0.000103,0.000010
4.768576,-0.390019,-0.341135,-3.809996,-0.011001,-0.048000,0.006125,0.385121,-0.362347,0.092086,3.141547,-0.000091,0.000031
4.772579,-0.390020,-0.341127,-3.809996,-0.011001,-0.048000,0.006125,0.385197,-0.362271,0.092081,3.141543,-0.000097,0.000046
4.776585,-0.390020,-0.341124,-3.809996,-0.011001,-0.048000,0.006125,0.385273,-0.362191,0.092074,3.141542,-0.000099,0.000065
4.780577,-0.390020,-0.341124,-3.809996,-0.011001,-0.048000,0.006125,0.385273,-0.362191,0.092074,3.141542,-0.000099,0.000065
4.784578,-0.700019,-0.611134,-6.939996,-0.018001,-0.088000,0.013125,0.385421,-0.362036,0.092063,3.141546,-0.000092,0.000066
4.788573,-0.700018,-0.611144,-6.939997,-0.018001,-0.088000,0.013125,0.385494,-0.361957,0.092058,3.141550,-0.000084,0.000060
4.792584,-0.700018,-0.611140,-6.939997,-0.018001,-0.088000,0.013125,0.385570,-0.361880,0.092056,3.141549,-0.000087,0.000054
4.796577,-0.700017,-0.611152,-6.939997,-0.018001,-0.088000,0.013125,0.385641,-0.361801,0.092052,3.141553,-0.000078,0.000042
4.800579,-0.700017,-0.611150,-6.939997,-0.018001,-0.088000,0.013125,0.385716,-0.361723,0.092051,3.141553,-0.000079,0.000022
4.804579,-0.700016,-0.611161,-6.939997,-0.018001,-0.088000,0.013125,0.385789,-0.361645,0.092047,3.141557,-0.000071,0.000003
4.808621,-0.700016,-0.611160,-6.939997,-0.018001,-0.088000,0.013125,0.385864,-0.361567,0.092046,3.141557,-0.000071,-0.000063
4.812553,-0.700017,-0.611151,-6.939997,-0.018001,-0.088000,0.013125,0.385940,-0.361490,0.092046,3.141553,-0.000078,-0.000083
4.816583,-0.700016,-0.611161,-6.939997,-0.018001,-0.088000,0.013125,0.386012,-0.361412,0.092041,3.141557,-0.000070,-0.000082
4.820573,-0.700016,-0.611161,-6.939997,-0.018001,-0.088000,0.013125,0.386012,-0.361412,0.092041,3.141557,-0.000070,-0.000082
4.824581,-0.950015,-0.801170,-9.769998,-0.021001,-0.127000,0.020125,0.386178,-0.361237,0.092036,3.141561,-0.000063,-0.000017
4.828576,-0.950015,-0.801175,-9.769998,-0.021001,-0.127000,0.020125,0.386251,-0.361158,0.092034,3.141563,-0.000059,-0.000003
4.832572,-0.950015,-0.801181,-9.769998,-0.021001,-0.127000,0.020125,0.386326,-0.361078,0.092031,3.141565,-0.000055,0.000009
4.836577,-0.950015,-0.801179,-9.769998,-0.021001,-0.127000,0.020125,0.386406,-0.360998,0.092030,3.141564,-0.000057,0.000019
4.840572,-0.950014,-0.801184,-9.769998,-0.021001,-0.127000,0.020125,0.386482,-0.360916,0.092028,3.141566,-0.000053,0.000022
4.844573,-0.950015,-0.801177,-9.769998,-0.021001,-0.127000,0.020125,0.386564,-0.360834,0.092028,3.141563,-0.000058,0.000023
4.848582,-0.950014,-0.801189,-9.769999,-0.021001,-0.127000,0.020125,0.386640,-0.360752,0.092025,3.141569,-0.000048,0.000013
4.852588,-0.950014,-0.801182,-9.769998,-0.021001,-0.127000,0.020125,0.386722,-0.360670,0.092026,3.141566,-0.000054,0.000000
4.856562,-0.950014,-0.801181,-9.769998,-0.021001,-0.127000,0.020125,0.386801,-0.360587,0.092026,3.141565,-0.000055,-0.000012
4.860572,-1.090014,-0.851185,-10.929998,-0.024001,-0.144000,0.022125,0.386881,-0.360504,0.092023,3.141567,-0.000051,-0.000025
4.864574,-1.090014,-0.851184,-10.929998,-0.024001,-0.144000,0.022125,0.386961,-0.360422,0.092022,3.141567,-0.000052,-0.000044
4.868572,-1.090014,-0.851183,-10.929998,-0.024001,-0.144000,0.022125,0.387039,-0.360341,0.092021,3.141566,-0.000053,-0.000055
4.872572,-1.090013,-0.851195,-10.929999,-0.024001,-0.144000,0.022125,0.387118,-0.360257,0.092017,3.141571,-0.000044,-0.000054
4.876532,-1.090014,-0.851183,-10.929998,-0.024001,-0.144000,0.022125,0.387198,-0.360177,0.092021,3.141566,-0.000053,-0.000044
4.880572,-1.090014,-0.851183,-10.929998,-0.024001,-0.144000,0.022125,0.387198,-0.360177,0.092021,3.141566,-0.000053,-0.000044
4.884573,-1.090015,-0.851178,-10.929998,-0.024001,-0.144000,0.022125,0.387355,-0.360015,0.092023,3.141564,-0.000057,-0.000024
4.888547,-1.090015,-0.851179,-10.929998,-0.024001,-0.144000,0.022125,0.387436,-0.359933,0.092023,3.141564,-0.000057,-0.000010
4.892578,-1.090015,-0.851174,-10.929998,-0.024001,-0.144000,0.022125,0.387516,-0.359853,0.092026,3.141563,-0.000060,-0.000000
4.896576,-1.090014,-0.851183,-10.929998,-0.024001,-0.144000,0.022125,0.387595,-0.359769,0.092026,3.141566,-0.000053,0.000008
4.900580,-1.070014,-0.821185,-11.389998,-0.028001,-0.145000,0.022125,0.387672,-0.359688,0.092027,3.141567,-0.000052,0.000011
4.904572,-1.070014,-0.821188,-11.389998,-0.028001,-0.145000,0.022125,0.387753,-0.359606,0.092029,3.141568,-0.000049,0.000018
4.908580,-1.070013,-0.821197,-11.389999,-0.028001,-0.145000,0.022125,0.387830,-0.359524,0.092029,3.141572,-0.000042,0.000001
4.912576,-1.070013,-0.821200,-11.389999,-0.028001,-0.145000,0.022125,0.387910,-0.359443,0.092031,3.141573,-0.000040,-0.000009
4.916570,-1.070013,-0.821204,-11.389999,-0.028001,-0.145000,0.022125,0.387989,-0.359360,0.092033,3.141574,-0.000037,-0.000015
4.920579,-1.070012,-0.821214,-11.389999,-0.028000,-0.145000,0.022125,0.388067,-0.359279,0.092034,3.141579,-0.000028,-0.000032
4.924600,-1.070011,-0.821220,-11.389999,-0.028000,-0.145000,0.022125,0.388148,-0.359196,0.092038,3.141581,-0.000024,-0.000031
4.928575,-1.070010,-0.821244,-11.390000,-0.028000,-0.145000,0.022125,0.388224,-0.359114,0.092037,3.141590,-0.000005,-0.000028
4.932575,-1.070009,-0.821250,-11.390001,-0.028000,-0.145000,0.022125,0.388304,-0.359031,0.092040,3.141593,-0.000000,-0.000014
4.936601,-1.070009,-0.821255,-11.390001,-0.028000,-0.145000,0.022125,0.388383,-0.358951,0.092044,-3.141591,0.000004,-0.000058
4.940580,-1.070007,-0.821272,-11.390001,-0.028000,-0.145000,0.022125,0.388461,-0.358867,0.092043,-3.141584,0.000017,-0.000043
4.944582,-1.070007,-0.821272,-11.390001,-0.028000,-0.145000,0.022125,0.388461,-0.358867,0.092043,-3.141584,0.000017,-0.000043
4.948584,-1.030006,-0.781292,-11.240002,-0.034000,-0.138000,0.021125,0.388640,-0.358682,0.092050,-3.141576,0.000033,0.000021
4.952578,-1.030005,-0.781298,-11.240002,-0.033999,-0.138000,0.021125,0.388719,-0.358601,0.092054,-3.141574,0.000038,0.000025
4.956580,-1.030005,-0.781298,-11.240002,-0.033999,-0.138000,0.021125,0.388719,-0.358601,0.092054,-3.141574,0.000038,0.000025
4.960581,-1.030003,-0.781325,-11.240003,-0.033999,-0.138000,0.021125,0.388875,-0.358436,0.092060,-3.141563,0.000059,0.000042
4.964573,-1.030003,-0.781333,-11.240003,-0.033999,-0.138000,0.021125,0.388955,-0.358353,0.092065,-3.141560,0.000066,0.000036
4.968582,-1.030002,-0.781341,-11.240004,-0.033999,-0.138000,0.021125,0.389034,-0.358272,0.092070,-3.141557,0.000072,0.000026
4.972575,-1.030002,-0.781350,-11.240004,-0.033999,-0.138000,0.021125,0.389113,-0.358189,0.092076,-3.141554,0.000079,0.000020
4.976583,-1.030002,-0.781350,-11.240004,-0.033999,-0.138000,0.021125,0.389113,-0.358189,0.092076,-3.141554,0.000079,0.000020
4.980581,-1.030001,-0.781358,-11.240004,-0.033999,-0.138000,0.021125,0.389192,-0.358108,0.092081,-3.141551,0.000085,0.000010
4.984585,-1.040000,-0.781373,-11.170005,-0.033999,-0.138000,0.021125,0.389271,-0.358025,0.092085,-3.141545,0.000097,0.000011
4.988580,-1.049999,-0.791384,-10.670005,-0.031998,-0.133000,0.021125,0.389349,-0.357943,0.092092,-3.141541,0.000106,-0.000040
4.992582,-1.050000,-0.791382,-10.670005,-0.031999,-0.133000,0.021125,0.389510,-0.357778,0.092107,-3.141541,0.000105,0.000036
4.996551,-1.050000,-0.791382,-10.670005,-0.031999,-0.133000,0.021125,0.389510,-0.357778,0.092107,-3.141541,0.000105,0.000036
5.000583,-1.049999,-0.791385,-10.670005,-0.031998,-0.133000,0.021125,0.389589,-0.357697,0.092115,-3.141540,0.000107,0.000032
5.004582,-1.049999,-0.791399,-10.670006,-0.031998,-0.133000,0.021125,0.389747,-0.357532,0.092129,-3.141535,0.000118,0.000036
5.008579,-1.049999,-0.791399,-10.670006,-0.031998,-0.133000,0.021125,0.389747,-0.357532,0.092129,-3.141535,0.000118,0.000036
5.012582,-1.049998,-0.791402,-10.670006,-0.031998,-0.133000,0.021125,0.389825,-0.357451,0.092136,-3.141534,0.000120,0.000032
5.016581,-1.049998,-0.791407,-10.670006,-0.031998,-0.133000,0.021125,0.389903,-0.357369,0.092145,-3.141532,0.000124,0.000036
5.020581,-1.049998,-0.791410,-10.670006,-0.031998,-0.133000,0.021125,0.389983,-0.357286,0.092152,-3.141531,0.000127,0.000036
5.024585,-0.999998,-0.701408,-9.440006,-0.027998,-0.121000,0.018125,0.390062,-0.357205,0.092162,-3.141531,0.000125,0.000033
5.028581,-0.999998,-0.701413,-9.440006,-0.027998,-0.121000,0.018125,0.390142,-0.357122,0.092171,-3.141529,0.000129,0.000027
5.032578,-0.999997,-0.701416,-9.440006,-0.027998,-0.121000,0.018125,0.390220,-0.357041,0.092178,-3.141528,0.000132,0.000023
5.036577,-0.999997,-0.701422,-9.440006,-0.027998,-0.121000,0.018125,0.390298,-0.356959,0.092188,-3.141526,0.000136,0.000026
5.040583,-0.999997,-0.701427,-9.440007,-0.027998,-0.121000,0.018125,0.390373,-0.356881,0.092197,-3.141524,0.000140,0.000021
5.044579,-0.999997,-0.701430,-9.440007,-0.027998,-0.121000,0.018125,0.390448,-0.356803,0.092204,-3.141523,0.000143,0.000021
5.048580,-0.999996,-0.701436,-9.440007,-0.027998,-0.121000,0.018125,0.390523,-0.356725,0.092213,-3.141521,0.000147,0.000022
5.052619,-0.999996,-0.701433,-9.440007,-0.027998,-0.121000,0.018125,0.390598,-0.356648,0.092223,-3.141522,0.000146,0.000023
5.056595,-0.999996,-0.701436,-9.440007,-0.027998,-0.121000,0.018125,0.390674,-0.356570,0.092230,-3.141520,0.000148,0.000017
5.060603,-0.999996,-0.701442,-9.440007,-0.027998,-0.121000,0.018125,0.390747,-0.356493,0.092239,-3.141518,0.000152,-0.000040
5.064556,-0.999997,-0.701426,-9.440007,-0.027998,-0.121000,0.018125,0.390825,-0.356417,0.092251,-3.141525,0.000140,-0.000046
5.068568,-0.829997,-0.581420,-7.640007,-0.020998,-0.102000,0.014125,0.390919,-0.356321,0.092264,-3.141527,0.000135,-0.000003
5.072572,-0.829997,-0.581423,-7.640007,-0.020998,-0.102000,0.014125,0.390995,-0.356243,0.092271,-3.141526,0.000137,-0.000008
5.076579,-0.829998,-0.581421,-7.640007,-0.020998,-0.102000,0.014125,0.391068,-0.356167,0.092281,-3.141527,0.000136,-0.000019
5.080572,-0.829997,-0.581424,-7.640007,-0.020998,-0.102000,0.014125,0.391143,-0.356089,0.092288,-3.141525,0.000138,-0.000018
5.084573,-0.829997,-0.581427,-7.640007,-0.020998,-0.102000,0.014125,0.391218,-0.356011,0.092296,-3.141524,0.000140,-0.000024
5.088588,-0.829998,-0.581422,-7.640007,-0.020998,-0.102000,0.014125,0.391295,-0.355931,0.092304,-3.141526,0.000137,-0.000019
5.092590,-0.829997,-0.581425,-7.640007,-0.020998,-0.102000,0.014125,0.391370,-0.355853,0.092311,-3.141525,0.000139,-0.000011
5.096588,-0.829998,-0.581423,-7.640007,-0.020998,-0.102000,0.014125,0.391445,-0.355775,0.092321,-3.141526,0.000137,-0.000010
5.100593,-0.829998,-0.581412,-7.640006,-0.020998,-0.102000,0.014125,0.391521,-0.355700,0.092330,-3.141530,0.000129,-0.000007
5.104579,-0.529998,-0.391421,-4.960007,-0.009998,-0.068000,0.008125,0.391596,-0.355622,0.092335,-3.141527,0.000135,-0.000006
5.108576,-0.529998,-0.391421,-4.960007,-0.009998,-0.068000,0.008125,0.391671,-0.355544,0.092341,-3.141527,0.000136,-0.000005
5.112577,-0.529998,-0.391421,-4.960007,-0.009998,-0.068000,0.008125,0.391746,-0.355466,0.092347,-3.141527,0.000136,-0.000005
5.116575,-0.529998,-0.391419,-4.960007,-0.009998,-0.068000,0.008125,0.391822,-0.355388,0.092351,-3.141528,0.000134,-0.000011
5.120575,-0.529999,-0.391410,-4.960006,-0.009998,-0.068000,0.008125,0.391898,-0.355311,0.092356,-3.141531,0.000127,-0.000016
5.124575,-0.529999,-0.391399,-4.960006,-0.009998,-0.068000,0.008125,0.391976,-0.355234,0.092360,-3.141535,0.000118,-0.000029
5.128583,-0.530000,-0.391394,-4.960006,-0.009998,-0.068000,0.008125,0.392051,-0.355156,0.092362,-3.141537,0.000115,-0.000035
5.132583,-0.530000,-0.391390,-4.960005,-0.009998,-0.068000,0.008125,0.392125,-0.355080,0.092365,-3.141539,0.000111,-0.000045
5.136581,-0.530001,-0.391380,-4.960005,-0.009999,-0.068000,0.008125,0.392201,-0.355002,0.092369,-3.141543,0.000103,-0.000092
5.140579,-0.530001,-0.391375,-4.960005,-0.009999,-0.068000,0.008125,0.392275,-0.354926,0.092372,-3.141545,0.000100,-0.000089
5.144578,-0.219992,-0.181373,-2.180005,-0.001999,-0.029000,0.001125,0.392351,-0.354848,0.092376,-3.141539,0.000095,-0.000074
5.148561,-0.219994,-0.181355,-2.180004,-0.001999,-0.029000,0.001125,0.392428,-0.354773,0.092381,-3.141546,0.000080,-0.000064
5.152581,-0.219994,-0.181350,-2.180004,-0.001999,-0.029000,0.001125,0.392519,-0.354678,0.092383,-3.141548,0.000077,-0.000005
5.156582,-0.219994,-0.181346,-2.180004,-0.001999,-0.029000,0.001125,0.392593,-0.354602,0.092386,-3.141550,0.000073,0.000005
5.160577,-0.219994,-0.181341,-2.180004,-0.001999,-0.029000,0.001125,0.392667,-0.354525,0.092388,-3.141552,0.000069,0.000008
5.164555,-0.219995,-0.181325,-2.180003,-0.001999,-0.029000,0.001125,0.392745,-0.354449,0.092394,-3.141558,0.000057,0.000015
5.168543,-0.219996,-0.181318,-2.180003,-0.001999,-0.029000,0.001125,0.392820,-0.354373,0.092395,-3.141561,0.000051,0.000012
5.172529,-0.219996,-0.181314,-2.180003,-0.001999,-0.029000,0.001125,0.392894,-0.354297,0.092398,-3.141562,0.000047,0.000008
5.176511,-0.219997,-0.181309,-2.180002,-0.001999,-0.029000,0.001125,0.392969,-0.354219,0.092400,-3.141564,0.000044,0.000002
5.180582,0.000003,-0.021304,-0.340002,0.001001,-0.003000,-0.001875,0.393043,-0.354142,0.092403,-3.141566,0.000040,-0.000002
5.184576,0.000002,-0.021292,-0.340002,0.001000,-0.003000,-0.001875,0.393118,-0.354066,0.092406,-3.141571,0.000030,-0.000012
5.188575,0.000002,-0.021288,-0.340002,0.001000,-0.003000,-0.001875,0.393191,-0.353990,0.092408,-3.141572,0.000027,-0.000016
5.192582,0.000002,-0.021283,-0.340001,0.001000,-0.003000,-0.001875,0.393265,-0.353914,0.092411,-3.141574,0.000023,-0.000019
5.196549,0.000002,-0.021284,-0.340001,0.001000,-0.003000,-0.001875,0.393339,-0.353838,0.092411,-3.141574,0.000024,-0.000023
5.200584,0.000001,-0.021265,-0.340001,0.001000,-0.003000,-0.001875,0.393415,-0.353763,0.092415,-3.141581,0.000009,-0.000020
5.204582,0.000000,-0.021261,-0.340001,0.001000,-0.003000,-0.001875,0.393489,-0.353686,0.092418,-3.141583,0.000005,-0.000010
5.208581,0.000000,-0.021261,-0.340001,0.001000,-0.003000,-0.001875,0.393564,-0.353608,0.092418,-3.141582,0.000006,0.000011
5.212582,0.000000,-0.021254,-0.340000,0.001000,-0.003000,-0.001875,0.393638,-0.353532,0.092419,-3.141585,-0.000000,0.000027
5.216583,-0.000001,-0.021242,-0.340000,0.001000,-0.003000,-0.001875,0.393713,-0.353456,0.092422,-3.141590,-0.000010,0.000037
5.220580,0.009999,-0.001228,-0.129999,0.001000,-0.001000,-0.001875,0.393789,-0.353381,0.092424,3.141590,-0.000020,0.000047
5.224585,0.009998,0.008779,-0.019999,0.001000,0.000000,-0.002875,0.393863,-0.353305,0.092425,3.141588,-0.000026,0.000057
5.228577,0.009998,0.008786,-0.019999,0.001000,0.000000,-0.002875,0.393939,-0.353227,0.092426,3.141585,-0.000032,0.000058
5.232577,0.009998,0.008780,-0.019999,0.001000,0.000000,-0.002875,0.394013,-0.353148,0.092424,3.141587,-0.000027,0.000058
5.236575,0.009997,0.008790,-0.019999,0.001000,0.000000,-0.002875,0.394089,-0.353070,0.092423,3.141583,-0.000035,0.000046
5.240580,0.009998,0.008786,-0.019999,0.001000,0.000000,-0.002875,0.394164,-0.352989,0.092420,3.141585,-0.000032,0.000038
5.244581,0.009997,0.008795,-0.019999,0.000999,0.000000,-0.002875,0.394242,-0.352910,0.092419,3.141581,-0.000039,0.000023
5.248580,0.009998,0.008786,-0.019999,0.001000,0.000000,-0.002875,0.394318,-0.352827,0.092414,3.141585,-0.000032,0.000006
5.252581,0.009997,0.008791,-0.019999,0.001000,0.000000,-0.002875,0.394395,-0.352747,0.092411,3.141583,-0.000036,-0.000009
5.256574,0.009998,0.008788,-0.019999,0.001000,0.000000,-0.002875,0.394473,-0.352665,0.092407,3.141584,-0.000033,-0.000013
5.260575,0.009998,0.008786,-0.019999,0.001000,0.000000,-0.002875,0.394549,-0.352582,0.092403,3.141585,-0.000032,-0.000010
5.264575,0.019998,0.008778,-0.009999,-0.000000,0.001000,-0.002875,0.394626,-0.352502,0.092397,3.141588,-0.000025,0.000002
5.268583,0.019999,0.008772,-0.009999,-0.000000,0.001000,-0.002875,0.394721,-0.352400,0.092389,3.141590,-0.000021,0.000028
5.272580,0.019999,0.008771,-0.009999,-0.000000,0.001000,-0.002875,0.394779,-0.352339,0.092384,3.141591,-0.000020,0.000038
5.276534,0.019999,0.008773,-0.009999,-0.000000,0.001000,-0.002875,0.394875,-0.352238,0.092377,3.141590,-0.000021,0.000057
5.280572,0.019999,0.008767,-0.010000,-0.000000,0.001000,-0.002875,0.394934,-0.352177,0.092370,3.141592,-0.000017,0.000013
5.284581,0.019999,0.008766,-0.010000,-0.000000,0.001000,-0.002875,0.395028,-0.352077,0.092364,3.141592,-0.000016,0.000061
5.288575,0.019999,0.008766,-0.010000,-0.000000,0.001000,-0.002875,0.395028,-0.352077,0.092364,3.141592,-0.000016,0.000061
5.292545,0.019999,0.008768,-0.010000,-0.000000,0.001000,-0.002875,0.395107,-0.351995,0.092357,3.141592,-0.000018,0.000057
5.296545,0.019999,0.008765,-0.010000,-0.000000,0.001000,-0.002875,0.395262,-0.351833,0.092342,-3.141592,-0.000015,0.000032
5.300545,0.019999,0.008767,-0.010000,-0.000000,0.001000,-0.002875,0.395339,-0.351753,0.092335,3.141592,-0.000016,0.000010
5.304546,0.019999,-0.001230,-0.020000,-0.000000,0.001000,-0.002875,0.395414,-0.351672,0.092327,3.141591,-0.000019,-0.000011
5.308546,0.019999,-0.001233,-0.020000,-0.000000,0.001000,-0.002875,0.395491,-0.351592,0.092318,3.141592,-0.000017,-0.000026
5.312549,0.019998,-0.001224,-0.020000,-0.000000,0.001000,-0.002875,0.395568,-0.351512,0.092312,3.141589,-0.000024,-0.000034
5.316548,0.019999,-0.001228,-0.020000,-0.000000,0.001000,-0.002875,0.395643,-0.351431,0.092303,3.141590,-0.000021,-0.000036
5.320543,0.019998,-0.001223,-0.019999,-0.000000,0.001000,-0.002875,0.395722,-0.351349,0.092295,3.141589,-0.000025,-0.000019
5.324543,0.019998,-0.001221,-0.019999,-0.000000,0.001000,-0.002875,0.395799,-0.351269,0.092288,3.141588,-0.000026,-0.000007
5.328545,0.019998,-0.001212,-0.019999,-0.000000,0.001000,-0.002875,0.395876,-0.351189,0.092281,3.141584,-0.000034,0.000005
5.332547,0.019998,-0.001215,-0.019999,-0.000000,0.001000,-0.002875,0.395953,-0.351109,0.092272,3.141585,-0.000031,0.000017
5.336550,0.019998,-0.001207,-0.019999,-0.000000,0.001000,-0.002875,0.396035,-0.351026,0.092266,3.141582,-0.000038,0.000025
5.340548,-0.020002,-0.041210,-0.339999,-0.000000,-0.004000,-0.000875,0.396111,-0.350946,0.092257,3.141584,-0.000035,0.000017
5.344547,-0.020003,-0.041194,-0.339998,-0.000001,-0.004000,-0.000875,0.396194,-0.350863,0.092252,3.141578,-0.000048,0.000018
5.348550,-0.020003,-0.041197,-0.339998,-0.000001,-0.004000,-0.000875,0.396272,-0.350781,0.092243,3.141579,-0.000045,0.000007
5.352545,-0.020003,-0.041188,-0.339998,-0.000001,-0.004000,-0.000875,0.396351,-0.350699,0.092237,3.141575,-0.000053,-0.000003
5.356577,-0.020003,-0.041191,-0.339998,-0.000001,-0.004000,-0.000875,0.396429,-0.350617,0.092227,3.141576,-0.000050,-0.000020
5.360582,-0.020003,-0.041186,-0.339998,-0.000001,-0.004000,-0.000875,0.396508,-0.350535,0.092219,3.141575,-0.000054,-0.000037
5.364586,-0.020003,-0.041185,-0.339998,-0.000001,-0.004000,-0.000875,0.396586,-0.350453,0.092212,3.141574,-0.000056,-0.000054
5.368577,-0.020004,-0.041174,-0.339997,-0.000001,-0.004000,-0.000875,0.396667,-0.350372,0.092204,3.141570,-0.000064,-0.000065
5.372578,-0.020004,-0.041171,-0.339997,-0.000001,-0.004000,-0.000875,0.396747,-0.350291,0.092197,3.141569,-0.000066,-0.000055
5.376546,-0.020004,-0.041166,-0.339997,-0.000001,-0.004000,-0.000875,0.396825,-0.350209,0.092188,3.141567,-0.000070,-0.000045
5.380582,-0.070004,-0.081170,-0.719997,-0.000001,-0.010000,-0.000875,0.396903,-0.350126,0.092179,3.141569,-0.000067,-0.000028
5.384584,-0.240004,-0.231165,-2.099997,-0.000001,-0.029000,0.003125,0.396982,-0.350044,0.092170,3.141567,-0.000071,-0.000012
5.388579,-0.240004,-0.231168,-2.099997,-0.000001,-0.029000,0.003125,0.397060,-0.349962,0.092161,3.141568,-0.000069,-0.000002
5.392581,-0.240004,-0.231168,-2.099997,-0.000001,-0.029000,0.003125,0.397060,-0.349962,0.092161,3.141568,-0.000069,-0.000002
5.396584,-0.240004,-0.231166,-2.099997,-0.000001,-0.029000,0.003125,0.397218,-0.349798,0.092142,3.141567,-0.000070,0.000018
5.400569,-0.240005,-0.231155,-2.099997,-0.000001,-0.029000,0.003125,0.397298,-0.349717,0.092135,3.141563,-0.000079,0.000021
5.404536,-0.240004,-0.231164,-2.099997,-0.000001,-0.029000,0.003125,0.397376,-0.349635,0.092123,3.141566,-0.000072,0.000011
5.408582,-0.240004,-0.231159,-2.099997,-0.000001,-0.029000,0.003125,0.397454,-0.349553,0.092115,3.141565,-0.000076,0.000007
5.412578,-0.240004,-0.231159,-2.099997,-0.000001,-0.029000,0.003125,0.397454,-0.349553,0.092115,3.141565,-0.000076,0.000007
5.416586,-0.240005,-0.231154,-2.099997,-0.000001,-0.029000,0.003125,0.397535,-0.349471,0.092105,3.141563,-0.000080,-0.000064
5.420583,-0.440004,-0.401162,-4.219997,-0.007001,-0.055000,0.007125,0.397711,-0.349286,0.092082,3.141566,-0.000074,-0.000037
5.424572,-0.440005,-0.401153,-4.219997,-0.007001,-0.055000,0.007125,0.397791,-0.349204,0.092076,3.141563,-0.000081,-0.000034
5.428584,-0.440013,-0.401164,-4.219997,-0.007001,-0.055000,0.007125,0.397866,-0.349124,0.092066,3.141561,-0.000069,-0.000029
5.432582,-0.440013,-0.401159,-4.219997,-0.007001,-0.055000,0.007125,0.397946,-0.349042,0.092063,3.141559,-0.000074,-0.000019
5.436578,-0.440013,-0.401167,-4.219997,-0.007001,-0.055000,0.007125,0.398022,-0.348961,0.092057,3.141562,-0.000067,-0.000000
5.440582,-0.440013,-0.401164,-4.219997,-0.007001,-0.055000,0.007125,0.398098,-0.348883,0.092054,3.141560,-0.000069,0.000007
5.444583,-0.440013,-0.401161,-4.219997,-0.007001,-0.055000,0.007125,0.398174,-0.348805,0.092052,3.141559,-0.000072,0.000015
5.448596,-0.440013,-0.401164,-4.219997,-0.007001,-0.055000,0.007125,0.398249,-0.348726,0.092048,3.141561,-0.000069,0.000022
5.452581,-0.440013,-0.401163,-4.219997,-0.007001,-0.055000,0.007125,0.398325,-0.348647,0.092048,3.141560,-0.000070,0.000030
5.456583,-0.440013,-0.401166,-4.219997,-0.007001,-0.055000,0.007125,0.398400,-0.348566,0.092044,3.141562,-0.000067,0.000035
5.460576,-0.770013,-0.661163,-7.219997,-0.018001,-0.093000,0.015125,0.398477,-0.348488,0.092042,3.141560,-0.000070,0.000043
5.464580,-0.770013,-0.661166,-7.219997,-0.018001,-0.093000,0.015125,0.398551,-0.348409,0.092038,3.141562,-0.000067,0.000037
5.468576,-0.770012,-0.661171,-7.219998,-0.018001,-0.093000,0.015125,0.398628,-0.348328,0.092035,3.141563,-0.000064,0.000036
5.472585,-0.770013,-0.661155,-7.219997,-0.018001,-0.093000,0.015125,0.398705,-0.348251,0.092036,3.141557,-0.000076,0.000023
5.476572,-0.770013,-0.661155,-7.219997,-0.018001,-0.093000,0.015125,0.398705,-0.348251,0.092036,3.141557,-0.000076,0.000023
5.480575,-0.770013,-0.661166,-7.219997,-0.018001,-0.093000,0.015125,0.398778,-0.348171,0.092032,3.141561,-0.000068,0.000017
5.484577,-0.770013,-0.661163,-7.219997,-0.018001,-0.093000,0.015125,0.398930,-0.348011,0.092030,3.141561,-0.000070,0.000023
5.488579,-0.770013,-0.661160,-7.219997,-0.018001,-0.093000,0.015125,0.399006,-0.347933,0.092028,3.141559,-0.000072,0.000024
5.492547,-0.770013,-0.661160,-7.219997,-0.018001,-0.093000,0.015125,0.399006,-0.347933,0.092028,3.141559,-0.000072,0.000024
5.496576,-0.770013,-0.661160,-7.219997,-0.018001,-0.093000,0.015125,0.399082,-0.347855,0.092027,3.141559,-0.000073,0.000032
5.500582,-0.770013,-0.661157,-7.219997,-0.018001,-0.093000,0.015125,0.399158,-0.347776,0.092025,3.141558,-0.000075,0.000039
5.504533,-0.770013,-0.661162,-7.219997,-0.018001,-0.093000,0.015125,0.399233,-0.347695,0.092023,3.141560,-0.000071,0.000045
5.508538,-0.990013,-0.751154,-9.019997,-0.029001,-0.115000,0.020125,0.399386,-0.347538,0.092022,3.141557,-0.000077,0.000046
5.512554,-0.990013,-0.751154,-9.019997,-0.029001,-0.115000,0.020125,0.399386,-0.347538,0.092022,3.141557,-0.000077,0.000046
5.516552,-0.990013,-0.751153,-9.019997,-0.029001,-0.115000,0.020125,0.399463,-0.347458,0.092022,3.141557,-0.000078,0.000052
5.520528,-0.990013,-0.751152,-9.019997,-0.029001,-0.115000,0.020125,0.399614,-0.347300,0.092021,3.141557,-0.000079,0.000040
5.524557,-0.990013,-0.751152,-9.019997,-0.029001,-0.115000,0.020125,0.399692,-0.347220,0.092020,3.141556,-0.000079,0.000038
5.528553,-0.990012,-0.751165,-9.019998,-0.029001,-0.115000,0.020125,0.399765,-0.347140,0.092017,3.141561,-0.000069,0.000026
5.532599,-0.990012,-0.751165,-9.019998,-0.029001,-0.115000,0.020125,0.399765,-0.347140,0.092017,3.141561,-0.000069,0.000026
5.536596,-0.990012,-0.751166,-9.019998,-0.029001,-0.115000,0.020125,0.399840,-0.347064,0.092018,3.141562,-0.000068,0.000022
5.540599,-0.990012,-0.751173,-9.019998,-0.029001,-0.115000,0.020125,0.399915,-0.346985,0.092016,3.141564,-0.000062,-0.000031
5.544601,-1.050012,-0.761173,-9.609998,-0.030001,-0.124000,0.021125,0.399989,-0.346908,0.092016,3.141564,-0.000062,0.000019
5.548533,-1.050012,-0.761172,-9.609998,-0.030001,-0.124000,0.021125,0.400064,-0.346831,0.092015,3.141564,-0.000063,0.000022
5.552534,-1.050012,-0.761174,-9.609998,-0.030001,-0.124000,0.021125,0.400137,-0.346754,0.092016,3.141565,-0.000061,-0.000028
5.556537,-1.050012,-0.761175,-9.609998,-0.030001,-0.124000,0.021125,0.400213,-0.346678,0.092017,3.141565,-0.000060,-0.000025
5.560542,-1.050012,-0.761179,-9.609998,-0.030001,-0.124000,0.021125,0.400305,-0.346581,0.092019,3.141566,-0.000058,0.000020
5.564540,-1.050012,-0.761181,-9.609998,-0.030001,-0.124000,0.021125,0.400379,-0.346504,0.092020,3.141567,-0.000056,0.000010
5.568543,-1.050011,-0.761190,-9.609998,-0.030001,-0.124000,0.021125,0.400452,-0.346427,0.092020,3.141571,-0.000048,0.000006
5.572541,-1.050011,-0.761189,-9.609998,-0.030001,-0.124000,0.021125,0.400528,-0.346351,0.092025,3.141570,-0.000050,0.000003
5.576543,-1.050011,-0.761198,-9.609998,-0.030001,-0.124000,0.021125,0.400599,-0.346275,0.092025,3.141574,-0.000042,-0.000005
5.580557,-1.050011,-0.761208,-9.609999,-0.030000,-0.124000,0.021125,0.400672,-0.346197,0.092025,3.141577,-0.000034,-0.000009
5.584572,-1.070011,-0.781206,-9.789999,-0.026001,-0.131000,0.020125,0.400748,-0.346121,0.092030,3.141577,-0.000035,-0.000020
5.588572,-1.070011,-0.781211,-9.789999,-0.026000,-0.131000,0.020125,0.400821,-0.346044,0.092032,3.141578,-0.000032,-0.000023
5.592550,-1.070010,-0.781220,-9.790000,-0.026000,-0.131000,0.020125,0.400894,-0.345966,0.092033,3.141582,-0.000024,-0.000020
5.596576,-1.070010,-0.781211,-9.789999,-0.026000,-0.131000,0.020125,0.400972,-0.345888,0.092038,3.141578,-0.000031,-0.000013
5.600559,-1.070010,-0.781221,-9.790000,-0.026000,-0.131000,0.020125,0.401043,-0.345812,0.092038,3.141582,-0.000024,-0.000014
5.604577,-1.070010,-0.781227,-9.790000,-0.026000,-0.131000,0.020125,0.401119,-0.345734,0.092042,3.141584,-0.000019,0.000000
5.608577,-1.070010,-0.781231,-9.790000,-0.026000,-0.131000,0.020125,0.401191,-0.345658,0.092045,3.141586,-0.000015,-0.000001
5.612579,-1.070010,-0.781237,-9.790000,-0.026000,-0.131000,0.020125,0.401267,-0.345580,0.092048,3.141588,-0.000010,-0.000000
5.616577,-1.070009,-0.781242,-9.790000,-0.026000,-0.131000,0.020125,0.401341,-0.345502,0.092051,3.141590,-0.000007,-0.000004
5.620582,-1.070009,-0.781254,-9.790001,-0.026000,-0.131000,0.020125,0.401413,-0.345425,0.092053,-3.141591,0.000003,-0.000014
5.624584,-1.080009,-0.771253,-9.510001,-0.024000,-0.128000,0.020125,0.401488,-0.345348,0.092057,-3.141592,0.000002,-0.000025
5.628575,-1.080009,-0.771265,-9.510001,-0.024000,-0.128000,0.020125,0.401561,-0.345270,0.092059,-3.141587,0.000012,-0.000028
5.632578,-1.080008,-0.771271,-9.510001,-0.024000,-0.128000,0.020125,0.401636,-0.345193,0.092063,-3.141585,0.000016,-0.000039
5.636585,-1.080008,-0.771283,-9.510002,-0.024000,-0.128000,0.020125,0.401708,-0.345116,0.092065,-3.141581,0.000026,-0.000043
5.640582,-1.080008,-0.771276,-9.510001,-0.024000,-0.128000,0.020125,0.401784,-0.345039,0.092072,-3.141583,0.000021,-0.000040
5.644583,-1.080008,-0.771286,-9.510002,-0.024000,-0.128000,0.020125,0.401857,-0.344961,0.092072,-3.141580,0.000029,-0.000043
5.648582,-1.080008,-0.771292,-9.510002,-0.024000,-0.128000,0.020125,0.401931,-0.344884,0.092076,-3.141578,0.000033,-0.000033
5.652584,-1.080008,-0.771285,-9.510002,-0.024000,-0.128000,0.020125,0.402007,-0.344808,0.092082,-3.141580,0.000028,-0.000071
5.656582,-1.080008,-0.771293,-9.510002,-0.024000,-0.128000,0.020125,0.402083,-0.344732,0.092087,-3.141577,0.000034,-0.000054
5.660585,-1.080007,-0.771305,-9.510002,-0.023999,-0.128000,0.020125,0.402172,-0.344634,0.092089,-3.141573,0.000044,0.000005
5.664577,-0.980007,-0.671303,-8.600002,-0.023999,-0.114000,0.016125,0.402248,-0.344557,0.092093,-3.141573,0.000043,0.000015
5.668582,-0.980007,-0.671309,-8.600003,-0.023999,-0.114000,0.016125,0.402322,-0.344480,0.092097,-3.141571,0.000048,0.000018
5.672578,-0.980007,-0.671310,-8.600003,-0.023999,-0.114000,0.016125,0.402397,-0.344403,0.092103,-3.141571,0.000048,0.000021
5.676578,-0.980007,-0.671315,-8.600003,-0.023999,-0.114000,0.016125,0.402472,-0.344324,0.092106,-3.141569,0.000052,0.000015
5.680583,-0.980007,-0.671316,-8.600003,-0.023999,-0.114000,0.016125,0.402546,-0.344247,0.092111,-3.141569,0.000053,0.000005
5.684595,-0.980007,-0.671322,-8.600003,-0.023999,-0.114000,0.016125,0.402621,-0.344170,0.092115,-3.141567,0.000058,-0.000006
5.688575,-0.980007,-0.671315,-8.600003,-0.023999,-0.114000,0.016125,0.402695,-0.344095,0.092122,-3.141569,0.000052,-0.000014
5.692534,-0.980007,-0.671327,-8.600003,-0.023999,-0.114000,0.016125,0.402769,-0.344015,0.092124,-3.141565,0.000062,-0.000020
5.696536,-0.980006,-0.671333,-8.600003,-0.023999,-0.114000,0.016125,0.402841,-0.343940,0.092127,-3.141563,0.000067,-0.000028
5.700533,-0.980007,-0.671326,-8.600003,-0.023999,-0.114000,0.016125,0.402917,-0.343863,0.092134,-3.141565,0.000062,-0.000032
5.704533,-0.980006,-0.671332,-8.600003,-0.023999,-0.114000,0.016125,0.402991,-0.343786,0.092138,-3.141563,0.000066,-0.000028
5.708530,-0.800006,-0.581340,-7.250004,-0.021999,-0.093000,0.011125,0.403064,-0.343708,0.092142,-3.141560,0.000072,-0.000019
5.712531,-0.800007,-0.581333,-7.250004,-0.021999,-0.093000,0.011125,0.403141,-0.343629,0.092149,-3.141563,0.000067,0.000002
5.716534,-0.800006,-0.581339,-7.250004,-0.021999,-0.093000,0.011125,0.403215,-0.343552,0.092152,-3.141561,0.000072,0.000019
5.720559,-0.800007,-0.581332,-7.250003,-0.021999,-0.093000,0.011125,0.403290,-0.343475,0.092159,-3.141563,0.000066,0.000035
5.724535,-0.800006,-0.581344,-7.250004,-0.021999,-0.093000,0.011125,0.403362,-0.343397,0.092161,-3.141559,0.000076,0.000052
5.728531,-0.800006,-0.581338,-7.250004,-0.021999,-0.093000,0.011125,0.403438,-0.343320,0.092167,-3.141561,0.000071,0.000055
5.732575,-0.800006,-0.581344,-7.250004,-0.021999,-0.093000,0.011125,0.403513,-0.343241,0.092171,-3.141559,0.000075,0.000063
5.736575,-0.800007,-0.581337,-7.250004,-0.021999,-0.093000,0.011125,0.403590,-0.343163,0.092178,-3.141561,0.000070,0.000057
5.740584,-0.680006,-0.501349,-5.990004,-0.020999,-0.076000,0.009125,0.403665,-0.343081,0.092180,-3.141557,0.000080,0.000049
5.744576,-0.680006,-0.501348,-5.990004,-0.020999,-0.076000,0.009125,0.403743,-0.343000,0.092184,-3.141558,0.000079,0.000040
5.748590,-0.680006,-0.501346,-5.990004,-0.020999,-0.076000,0.009125,0.403821,-0.342919,0.092188,-3.141558,0.000077,0.000019
5.752580,-0.680006,-0.501350,-5.990004,-0.020999,-0.076000,0.009125,0.403899,-0.342839,0.092190,-3.141557,0.000080,0.000004
5.756579,-0.680007,-0.501340,-5.990004,-0.020999,-0.076000,0.009125,0.403979,-0.342756,0.092195,-3.141560,0.000073,-0.000006
5.760583,-0.680007,-0.501331,-5.990003,-0.020999,-0.076000,0.009125,0.404058,-0.342676,0.092200,-3.141564,0.000065,-0.000015
5.764578,-0.680007,-0.501316,-5.990003,-0.020999,-0.076000,0.009125,0.404138,-0.342596,0.092207,-3.141569,0.000053,-0.000063
5.768583,-0.680007,-0.501307,-5.990003,-0.020999,-0.076000,0.009125,0.404218,-0.342514,0.092212,-3.141572,0.000046,-0.000046
5.772579,-0.680008,-0.501297,-5.990002,-0.020999,-0.076000,0.009125,0.404297,-0.342434,0.092217,-3.141576,0.000038,-0.000028
5.776581,-0.680008,-0.501290,-5.990002,-0.021000,-0.076000,0.009125,0.404394,-0.342334,0.092223,-3.141579,0.000032,0.000041
5.780555,-0.680008,-0.501281,-5.990002,-0.021000,-0.076000,0.009125,0.404472,-0.342253,0.092227,-3.141582,0.000024,0.000053
5.784586,-0.460008,-0.361271,-4.230001,-0.015000,-0.054000,0.005125,0.404552,-0.342171,0.092232,-3.141585,0.000017,0.000063
5.788578,-0.460009,-0.361267,-4.230001,-0.015000,-0.054000,0.005125,0.404630,-0.342090,0.092235,-3.141587,0.000014,0.000068
5.792550,-0.460009,-0.361258,-4.230001,-0.015000,-0.054000,0.005125,0.404708,-0.342009,0.092240,-3.141590,0.000006,0.000060
5.796582,-0.460009,-0.361254,-4.230001,-0.015000,-0.054000,0.005125,0.404786,-0.341929,0.092243,-3.141591,0.000003,0.000052
5.800732,-0.460009,-0.361245,-4.230000,-0.015000,-0.054000,0.005125,0.404865,-0.341848,0.092248,3.141591,-0.000004,0.000037
5.804579,-0.460009,-0.361235,-4.230000,-0.015000,-0.054000,0.005125,0.404945,-0.341768,0.092252,3.141587,-0.000013,0.000022
5.808585,-0.460009,-0.361230,-4.230000,-0.015000,-0.054000,0.005125,0.405023,-0.341687,0.092254,3.141586,-0.000016,0.000000
5.812584,-0.460009,-0.361226,-4.230000,-0.015000,-0.054000,0.005125,0.405101,-0.341606,0.092257,3.141584,-0.000019,-0.000021
5.816579,-0.460009,-0.361226,-4.230000,-0.015000,-0.054000,0.005125,0.405101,-0.341606,0.092257,3.141584,-0.000019,-0.000021
5.820583,-0.460010,-0.361221,-4.229999,-0.015000,-0.054000,0.005125,0.405256,-0.341445,0.092264,3.141582,-0.000024,-0.000031
5.824579,-0.340010,-0.281217,-2.919999,-0.007000,-0.039000,0.002125,0.405334,-0.341364,0.092267,3.141581,-0.000027,-0.000025
5.828580,-0.340010,-0.281218,-2.919999,-0.007000,-0.039000,0.002125,0.405412,-0.341283,0.092267,3.141581,-0.000026,-0.000020
5.832576,-0.340010,-0.281213,-2.919999,-0.007000,-0.039000,0.002125,0.405490,-0.341202,0.092270,3.141580,-0.000030,-0.000001
5.836583,-0.340010,-0.281214,-2.919999,-0.007000,-0.039000,0.002125,0.405569,-0.341119,0.092270,3.141580,-0.000029,-0.000038
5.840583,-0.340010,-0.281209,-2.919999,-0.007000,-0.039000,0.002125,0.405667,-0.341017,0.092272,3.141578,-0.000033,0.000014
5.844585,-0.340010,-0.281209,-2.919999,-0.007000,-0.039000,0.002125,0.405726,-0.340955,0.092271,3.141578,-0.000034,0.000017
5.848586,-0.340010,-0.281205,-2.919999,-0.007001,-0.039000,0.002125,0.405806,-0.340872,0.092274,3.141576,-0.000037,0.000020
5.852581,-0.340010,-0.281203,-2.919999,-0.007001,-0.039000,0.002125,0.405885,-0.340789,0.092273,3.141576,-0.000038,-0.000037
5.856577,-0.340010,-0.281203,-2.919999,-0.007001,-0.039000,0.002125,0.405885,-0.340789,0.092273,3.141576,-0.000038,-0.000037
5.860583,-0.340010,-0.281205,-2.919999,-0.007001,-0.039000,0.002125,0.405985,-0.340688,0.092273,3.141576,-0.000037,0.000002
5.864581,-0.150010,-0.131209,-1.349999,-0.002000,-0.018000,-0.000875,0.406141,-0.340524,0.092270,3.141578,-0.000033,-0.000030
5.868574,-0.150010,-0.131209,-1.349999,-0.002000,-0.018000,-0.000875,0.406220,-0.340443,0.092270,3.141578,-0.000033,-0.000052
5.872576,-0.150010,-0.131209,-1.349999,-0.002000,-0.018000,-0.000875,0.406220,-0.340443,0.092270,3.141578,-0.000033,-0.000052
5.876575,-0.150010,-0.131208,-1.349999,-0.002000,-0.018000,-0.000875,0.406300,-0.340360,0.092269,3.141578,-0.000034,-0.000055
5.880581,-0.150010,-0.131214,-1.349999,-0.002000,-0.018000,-0.000875,0.406377,-0.340279,0.092267,3.141580,-0.000030,-0.000057
5.884576,-0.150010,-0.131219,-1.349999,-0.002000,-0.018000,-0.000875,0.406457,-0.340196,0.092264,3.141582,-0.000025,-0.000053
5.888576,-0.150010,-0.131217,-1.349999,-0.002000,-0.018000,-0.000875,0.406535,-0.340115,0.092263,3.141581,-0.000027,-0.000041
5.892550,-0.150010,-0.131221,-1.349999,-0.002000,-0.018000,-0.000875,0.406693,-0.339952,0.092259,3.141582,-0.000024,-0.000013
5.896583,-0.150010,-0.131221,-1.349999,-0.002000,-0.018000,-0.000875,0.406693,-0.339952,0.092259,3.141582,-0.000024,-0.000013
5.900573,-0.150009,-0.131225,-1.349999,-0.002000,-0.018000,-0.000875,0.406772,-0.339869,0.092255,3.141584,-0.000021,0.000004
5.904575,-0.080009,-0.101236,-0.840000,-0.000000,-0.011000,-0.001875,0.406851,-0.339785,0.092251,3.141588,-0.000012,0.000014
5.908579,-0.060009,-0.091236,-0.770000,-0.000000,-0.010000,-0.001875,0.407011,-0.339622,0.092245,3.141588,-0.000012,0.000015
5.912576,-0.060009,-0.091236,-0.770000,-0.000000,-0.010000,-0.001875,0.407011,-0.339622,0.092245,3.141588,-0.000012,0.000015
5.916575,-0.060009,-0.091244,-0.770000,-0.000000,-0.010000,-0.001875,0.407088,-0.339541,0.092239,3.141591,-0.000005,0.000007
5.920582,-0.060009,-0.091239,-0.770000,-0.000000,-0.010000,-0.001875,0.407169,-0.339459,0.092235,3.141589,-0.000009,0.000004
5.924575,-0.060009,-0.091240,-0.770000,-0.000000,-0.010000,-0.001875,0.407247,-0.339377,0.092230,3.141589,-0.000008,-0.000011
5.928582,-0.060009,-0.091247,-0.770000,-0.000000,-0.010000,-0.001875,0.407326,-0.339294,0.092222,3.141591,-0.000003,-0.000021
5.932581,-0.060009,-0.091247,-0.770000,-0.000000,-0.010000,-0.001875,0.407405,-0.339213,0.092216,3.141591,-0.000003,-0.000030
5.936582,-0.060009,-0.091248,-0.770000,-0.000000,-0.010000,-0.001875,0.407481,-0.339134,0.092211,3.141592,-0.000002,-0.000022
5.940583,-0.060009,-0.091248,-0.770000,-0.000000,-0.010000,-0.001875,0.407559,-0.339055,0.092205,3.141592,-0.000002,-0.000021
5.944546,-0.120009,-0.111254,-1.100001,-0.003000,-0.013000,-0.000875,0.407633,-0.338977,0.092198,-3.141591,0.000003,-0.000059
5.948581,-0.120009,-0.111259,-1.100001,-0.003000,-0.013000,-0.000875,0.407726,-0.338880,0.092189,-3.141590,0.000007,0.000001
5.952575,-0.120009,-0.111265,-1.100001,-0.003000,-0.013000,-0.000875,0.407800,-0.338802,0.092182,-3.141587,0.000012,0.000011
5.956551,-0.120009,-0.111260,-1.100001,-0.003000,-0.013000,-0.000875,0.407877,-0.338725,0.092178,-3.141589,0.000008,0.000020
5.960580,-0.120009,-0.111259,-1.100001,-0.003000,-0.013000,-0.000875,0.407951,-0.338648,0.092171,-3.141590,0.000007,0.000023
5.964580,-0.120009,-0.111260,-1.100001,-0.003000,-0.013000,-0.000875,0.408026,-0.338570,0.092166,-3.141589,0.000008,0.000033
5.968577,-0.120009,-0.111266,-1.100001,-0.003000,-0.013000,-0.000875,0.408100,-0.338492,0.092159,-3.141587,0.000013,0.000030
5.972578,-0.120009,-0.111266,-1.100001,-0.003000,-0.013000,-0.000875,0.408178,-0.338413,0.092153,-3.141587,0.000013,0.000037
5.976580,-0.120009,-0.111267,-1.100001,-0.003000,-0.013000,-0.000875,0.408252,-0.338335,0.092147,-3.141587,0.000014,0.000034
5.980578,-0.120009,-0.111266,-1.100001,-0.003000,-0.013000,-0.000875,0.408327,-0.338258,0.092141,-3.141587,0.000012,0.000030
5.984577,-0.120009,-0.111266,-1.100001,-0.003000,-0.013000,-0.000875,0.408403,-0.338181,0.092135,-3.141587,0.000013,0.000019
5.988584,-0.270009,-0.251267,-2.400001,-0.007000,-0.030000,0.004125,0.408478,-0.338101,0.092129,-3.141587,0.000013,0.000014
5.992550,-0.270009,-0.251265,-2.400001,-0.007000,-0.030000,0.004125,0.408553,-0.338023,0.092123,-3.141587,0.000012,0.000017
5.996589,-0.270009,-0.251273,-2.400001,-0.007000,-0.030000,0.004125,0.408629,-0.337946,0.092116,-3.141585,0.000018,0.000013
6.000582,-0.270009,-0.251271,-2.400001,-0.007000,-0.030000,0.004125,0.408703,-0.337868,0.092109,-3.141585,0.000017,0.000016
6.004576,-0.270009,-0.251270,-2.400001,-0.007000,-0.030000,0.004125,0.408778,-0.337790,0.092102,-3.141586,0.000016,0.000019
6.008579,-0.270009,-0.251270,-2.400001,-0.007000,-0.030000,0.004125,0.408854,-0.337713,0.092096,-3.141586,0.000016,0.000029
6.012577,-0.270009,-0.251270,-2.400001,-0.007000,-0.030000,0.004125,0.408931,-0.337634,0.092090,-3.141586,0.000016,0.000030
6.016576,-0.270009,-0.251269,-2.400001,-0.007000,-0.030000,0.004125,0.409006,-0.337556,0.092083,-3.141586,0.000015,0.000033
6.020581,-0.270009,-0.251275,-2.400001,-0.007000,-0.030000,0.004125,0.409081,-0.337476,0.092076,-3.141584,0.000020,0.000040
6.024577,-0.480009,-0.401270,-4.390001,-0.012000,-0.057000,0.008125,0.409158,-0.337399,0.092072,-3.141586,0.000016,0.000043
6.028577,-0.480009,-0.401276,-4.390001,-0.012000,-0.057000,0.008125,0.409231,-0.337321,0.092065,-3.141584,0.000021,0.000040
6.032577,-0.480009,-0.401266,-4.390001,-0.012000,-0.057000,0.008125,0.409308,-0.337244,0.092063,-3.141587,0.000013,0.000043
6.036582,-0.480009,-0.401262,-4.390001,-0.012000,-0.057000,0.008125,0.409381,-0.337167,0.092060,-3.141589,0.000009,0.000035
6.040577,-0.480009,-0.401246,-4.390000,-0.012000,-0.057000,0.008125,0.409458,-0.337090,0.092061,3.141591,-0.000003,0.000024
6.044576,-0.480009,-0.401236,-4.390000,-0.012000,-0.057000,0.008125,0.409534,-0.337013,0.092060,3.141588,-0.000011,0.000020
6.048578,-0.480009,-0.401235,-4.390000,-0.012000,-0.057000,0.008125,0.409607,-0.336937,0.092059,3.141587,-0.000013,0.000012
6.052577,-0.480009,-0.401225,-4.390000,-0.012000,-0.057000,0.008125,0.409683,-0.336860,0.092057,3.141584,-0.000021,0.000015
6.056577,-0.480009,-0.401216,-4.389999,-0.012000,-0.057000,0.008125,0.409756,-0.336784,0.092057,3.141581,-0.000028,0.000014
6.060577,-0.480009,-0.401214,-4.389999,-0.012000,-0.057000,0.008125,0.409829,-0.336708,0.092055,3.141580,-0.000029,-0.000035
6.064578,-0.730009,-0.671199,-6.359999,-0.014001,-0.086000,0.015125,0.409906,-0.336630,0.092056,3.141575,-0.000042,-0.000032
6.068577,-0.730009,-0.671191,-6.359998,-0.014001,-0.086000,0.015125,0.409980,-0.336555,0.092057,3.141572,-0.000048,-0.000040
6.072573,-0.730009,-0.671189,-6.359998,-0.014001,-0.086000,0.015125,0.410071,-0.336459,0.092055,3.141571,-0.000050,0.000008
6.076576,-0.730009,-0.671181,-6.359998,-0.014001,-0.086000,0.015125,0.410147,-0.336382,0.092055,3.141569,-0.000056,0.000005
6.080575,-0.730009,-0.671173,-6.359998,-0.014001,-0.086000,0.015125,0.410222,-0.336306,0.092055,3.141566,-0.000063,-0.000004
6.084579,-0.730009,-0.671178,-6.359998,-0.014001,-0.086000,0.015125,0.410312,-0.336210,0.092053,3.141568,-0.000058,-0.000009
6.088575,-0.730009,-0.671178,-6.359998,-0.014001,-0.086000,0.015125,0.410312,-0.336210,0.092053,3.141568,-0.000058,-0.000009
6.092548,-0.730009,-0.671173,-6.359998,-0.014001,-0.086000,0.015125,0.410442,-0.336075,0.092054,3.141566,-0.000063,-0.000017
6.096575,-0.730009,-0.671180,-6.359998,-0.014001,-0.086000,0.015125,0.410515,-0.335999,0.092053,3.141569,-0.000057,-0.000025
6.100581,-0.730009,-0.671187,-6.359998,-0.014001,-0.086000,0.015125,0.410588,-0.335921,0.092051,3.141571,-0.000052,-0.000022
6.104575,-0.890009,-0.731187,-7.529998,-0.015001,-0.103000,0.018125,0.410662,-0.335845,0.092051,3.141571,-0.000052,-0.000023
6.108575,-0.890009,-0.731187,-7.529998,-0.015001,-0.103000,0.018125,0.410662,-0.335845,0.092051,3.141571,-0.000052,-0.000023
6.112578,-0.890009,-0.731181,-7.529998,-0.015001,-0.103000,0.018125,0.410812,-0.335691,0.092052,3.141569,-0.000056,-0.000008
6.116574,-0.890009,-0.731188,-7.529998,-0.015001,-0.103000,0.018125,0.410883,-0.335615,0.092050,3.141571,-0.000051,-0.000010
6.120578,-0.890009,-0.731188,-7.529998,-0.015001,-0.103000,0.018125,0.410959,-0.335537,0.092050,3.141571,-0.000051,0.000000
6.124578,-0.890009,-0.731190,-7.529998,-0.015001,-0.103000,0.018125,0.411032,-0.335461,0.092051,3.141572,-0.000049,-0.000001
6.128541,-0.890009,-0.731196,-7.529998,-0.015001,-0.103000,0.018125,0.411105,-0.335382,0.092049,3.141574,-0.000044,-0.000005
6.132583,-0.890009,-0.731199,-7.529999,-0.015001,-0.103000,0.018125,0.411180,-0.335304,0.092050,3.141575,-0.000042,-0.000015
6.136585,-0.890009,-0.731194,-7.529998,-0.015001,-0.103000,0.018125,0.411256,-0.335226,0.092052,3.141573,-0.000046,-0.000026
6.140583,-0.890009,-0.731207,-7.529999,-0.015001,-0.103000,0.018125,0.411332,-0.335144,0.092050,3.141578,-0.000035,-0.000034
6.144583,-0.830009,-0.691202,-7.649999,-0.018001,-0.100000,0.018125,0.411409,-0.335064,0.092052,3.141576,-0.000039,-0.000040
6.148587,-0.830009,-0.691202,-7.649999,-0.018001,-0.100000,0.018125,0.411487,-0.334982,0.092051,3.141576,-0.000039,-0.000041
6.152579,-0.830009,-0.691202,-7.649999,-0.018001,-0.100000,0.018125,0.411565,-0.334901,0.092051,3.141576,-0.000039,-0.000043
6.156576,-0.830009,-0.691197,-7.649999,-0.018001,-0.100000,0.018125,0.411642,-0.334821,0.092053,3.141574,-0.000043,-0.000042
6.160577,-0.830009,-0.691198,-7.649999,-0.018001,-0.100000,0.018125,0.411722,-0.334740,0.092053,3.141575,-0.000042,-0.000077
6.164579,-0.830009,-0.691206,-7.649999,-0.018001,-0.100000,0.018125,0.411816,-0.334638,0.092052,3.141578,-0.000036,-0.000015
6.168582,-0.830009,-0.691201,-7.649999,-0.018001,-0.100000,0.018125,0.411893,-0.334558,0.092054,3.141576,-0.000040,-0.000008
6.172577,-0.830009,-0.691208,-7.649999,-0.018000,-0.100000,0.018125,0.411971,-0.334476,0.092053,3.141578,-0.000034,0.000004
6.176586,-0.830009,-0.691203,-7.649999,-0.018001,-0.100000,0.018125,0.412048,-0.334396,0.092055,3.141577,-0.000038,0.000012
6.180579,-0.800009,-0.641211,-7.639999,-0.023000,-0.095000,0.016125,0.412125,-0.334314,0.092054,3.141579,-0.000032,0.000024
6.184577,-0.800009,-0.641206,-7.639999,-0.023001,-0.095000,0.016125,0.412204,-0.334233,0.092056,3.141578,-0.000036,0.000023
6.188577,-0.800009,-0.641206,-7.639999,-0.023001,-0.095000,0.016125,0.412204,-0.334233,0.092056,3.141578,-0.000036,0.000023
6.192550,-0.800009,-0.641208,-7.639999,-0.023000,-0.095000,0.016125,0.412356,-0.334073,0.092057,3.141578,-0.000034,0.000004
6.196583,-0.800009,-0.641216,-7.639999,-0.023000,-0.095000,0.016125,0.412434,-0.333990,0.092056,3.141581,-0.000028,0.000003
6.200586,-0.800009,-0.641211,-7.639999,-0.023000,-0.095000,0.016125,0.412511,-0.333911,0.092058,3.141579,-0.000032,-0.000017
6.204583,-0.800009,-0.641219,-7.639999,-0.023000,-0.095000,0.016125,0.412587,-0.333830,0.092057,3.141582,-0.000026,-0.000023
6.208576,-0.800009,-0.641219,-7.639999,-0.023000,-0.095000,0.016125,0.412587,-0.333830,0.092057,3.141582,-0.000026,-0.000023
6.212581,-0.800009,-0.641213,-7.639999,-0.023000,-0.095000,0.016125,0.412665,-0.333749,0.092059,3.141580,-0.000030,-0.000024
6.216574,-0.800009,-0.641213,-7.639999,-0.023000,-0.095000,0.016125,0.412665,-0.333749,0.092059,3.141580,-0.000030,-0.000024
6.220578,-0.800009,-0.641221,-7.639999,-0.023000,-0.095000,0.016125,0.412817,-0.333588,0.092057,3.141583,-0.000024,-0.000016
6.224574,-0.760009,-0.621230,-7.460000,-0.027000,-0.090000,0.014125,0.412969,-0.333425,0.092057,3.141586,-0.000017,0.000018
6.228575,-0.760009,-0.621224,-7.460000,-0.027000,-0.090000,0.014125,0.413046,-0.333345,0.092059,3.141584,-0.000021,0.000032
6.232572,-0.760009,-0.621226,-7.460000,-0.027000,-0.090000,0.014125,0.413125,-0.333264,0.092059,3.141584,-0.000020,0.000051
6.236577,-0.760009,-0.621228,-7.460000,-0.027000,-0.090000,0.014125,0.413203,-0.333182,0.092060,3.141585,-0.000018,0.000056
6.240580,-0.760009,-0.621236,-7.460000,-0.027000,-0.090000,0.014125,0.413280,-0.333099,0.092059,3.141588,-0.000012,0.000061
6.244576,-0.760009,-0.621244,-7.460000,-0.027000,-0.090000,0.014125,0.413358,-0.333017,0.092058,3.141590,-0.000005,0.000060
6.248577,-0.760009,-0.621239,-7.460000,-0.027000,-0.090000,0.014125,0.413457,-0.332914,0.092060,3.141589,-0.000009,0.000052
6.252578,-0.760009,-0.621247,-7.460000,-0.027000,-0.090000,0.014125,0.413518,-0.332852,0.092059,3.141591,-0.000003,-0.000006
6.256579,-0.760009,-0.621249,-7.460000,-0.027000,-0.090000,0.014125,0.413595,-0.332770,0.092061,3.141592,-0.000001,-0.000014
6.260576,-0.760009,-0.621249,-7.460000,-0.027000,-0.090000,0.014125,0.413595,-0.332770,0.092061,3.141592,-0.000001,-0.000014
6.264574,-0.770009,-0.621251,-7.260000,-0.027000,-0.089000,0.014125,0.413769,-0.332586,0.092061,-3.141593,0.000000,0.000006
6.268578,-0.770009,-0.621251,-7.260000,-0.027000,-0.089000,0.014125,0.413769,-0.332586,0.092061,-3.141593,0.000000,0.000006
6.272574,-0.770009,-0.621239,-7.260000,-0.027000,-0.089000,0.014125,0.413849,-0.332505,0.092064,3.141589,-0.000009,0.000005
6.276581,-0.770009,-0.621255,-7.260001,-0.027000,-0.089000,0.014125,0.414004,-0.332340,0.092062,-3.141591,0.000004,0.000015
6.280578,-0.770009,-0.621257,-7.260001,-0.027000,-0.089000,0.014125,0.414083,-0.332256,0.092064,-3.141590,0.000006,0.000039
6.284578,-0.770009,-0.621257,-7.260001,-0.027000,-0.089000,0.014125,0.414083,-0.332256,0.092064,-3.141590,0.000006,0.000039
6.288578,-0.770009,-0.621259,-7.260001,-0.027000,-0.089000,0.014125,0.414162,-0.332174,0.092064,-3.141590,0.000007,0.000058
6.292549,-0.770009,-0.621259,-7.260001,-0.027000,-0.089000,0.014125,0.414239,-0.332092,0.092064,-3.141590,0.000007,0.000070
6.296574,-0.770009,-0.621266,-7.260001,-0.027000,-0.089000,0.014125,0.414317,-0.332010,0.092063,-3.141587,0.000013,0.000068
6.300578,-0.770009,-0.621264,-7.260001,-0.027000,-0.089000,0.014125,0.414475,-0.331846,0.092066,-3.141588,0.000011,0.000065
6.304575,-0.770009,-0.621264,-7.260001,-0.027000,-0.089000,0.014125,0.414475,-0.331846,0.092066,-3.141588,0.000011,0.000065
6.308572,-0.790009,-0.661264,-7.120001,-0.022000,-0.091000,0.014125,0.414553,-0.331764,0.092066,-3.141588,0.000011,0.000057
6.312588,-0.790009,-0.661272,-7.120001,-0.022000,-0.091000,0.014125,0.414630,-0.331681,0.092065,-3.141585,0.000018,0.000036
6.316572,-0.790009,-0.661272,-7.120001,-0.022000,-0.091000,0.014125,0.414630,-0.331681,0.092065,-3.141585,0.000018,0.000036
6.320574,-0.790009,-0.661276,-7.120001,-0.022000,-0.091000,0.014125,0.414785,-0.331519,0.092067,-3.141584,0.000021,-0.000005
6.324574,-0.790009,-0.661272,-7.120001,-0.022000,-0.091000,0.014125,0.414864,-0.331438,0.092069,-3.141585,0.000018,-0.000027
6.328544,-0.790009,-0.661280,-7.120001,-0.022000,-0.091000,0.014125,0.414943,-0.331353,0.092068,-3.141583,0.000024,-0.000030
6.332584,-0.790009,-0.661275,-7.120001,-0.022000,-0.091000,0.014125,0.415023,-0.331274,0.092070,-3.141584,0.000020,-0.000036
6.336583,-0.790009,-0.661278,-7.120001,-0.022000,-0.091000,0.014125,0.415100,-0.331191,0.092072,-3.141583,0.000022,-0.000024
6.340585,-0.790009,-0.661281,-7.120001,-0.022000,-0.091000,0.014125,0.415258,-0.331028,0.092073,-3.141582,0.000025,-0.000000
6.344580,-0.790009,-0.661281,-7.120001,-0.022000,-0.091000,0.014125,0.415258,-0.331028,0.092073,-3.141582,0.000025,-0.000000
6.348584,-0.790009,-0.661276,-6.960001,-0.018000,-0.092000,0.013125,0.415338,-0.330949,0.092075,-3.141584,0.000021,0.000007
6.352573,-0.790009,-0.661277,-6.960002,-0.018000,-0.092000,0.013125,0.415417,-0.330867,0.092075,-3.141584,0.000022,0.000020
6.356576,-0.790009,-0.661281,-6.960002,-0.018000,-0.092000,0.013125,0.415495,-0.330785,0.092078,-3.141582,0.000026,-0.000029
6.360574,-0.790009,-0.661271,-6.960001,-0.018000,-0.092000,0.013125,0.415579,-0.330705,0.092081,-3.141586,0.000017,-0.000030
6.364577,-0.790009,-0.661271,-6.960001,-0.018000,-0.092000,0.013125,0.415676,-0.330603,0.092081,-3.141586,0.000017,0.000011
6.368576,-0.790009,-0.661273,-6.960001,-0.018000,-0.092000,0.013125,0.415753,-0.330523,0.092082,-3.141585,0.000018,-0.000002
6.372573,-0.790009,-0.661274,-6.960001,-0.018000,-0.092000,0.013125,0.415832,-0.330441,0.092082,-3.141585,0.000020,-0.000010
6.376574,-0.790009,-0.661272,-6.960001,-0.018000,-0.092000,0.013125,0.415912,-0.330361,0.092086,-3.141585,0.000018,-0.000029
6.380561,-0.790009,-0.661274,-6.960001,-0.018000,-0.092000,0.013125,0.415990,-0.330279,0.092086,-3.141585,0.000019,-0.000044
6.384588,-0.770009,-0.671266,-6.720001,-0.017000,-0.088000,0.012125,0.416072,-0.330198,0.092087,-3.141587,0.000013,-0.000052
6.388574,-0.770009,-0.671263,-6.720001,-0.017000,-0.088000,0.012125,0.416150,-0.330118,0.092090,-3.141588,0.000010,-0.000058
6.392567,-0.770009,-0.671258,-6.720001,-0.017000,-0.088000,0.012125,0.416231,-0.330037,0.092092,-3.141590,0.000007,-0.000053
6.396555,-0.770009,-0.671260,-6.720001,-0.017000,-0.088000,0.012125,0.416308,-0.329957,0.092092,-3.141589,0.000008,-0.000045
6.400567,-0.770009,-0.671260,-6.720001,-0.017000,-0.088000,0.012125,0.416389,-0.329876,0.092092,-3.141589,0.000008,-0.000026
6.404535,-0.770009,-0.671262,-6.720001,-0.017000,-0.088000,0.012125,0.416467,-0.329794,0.092093,-3.141589,0.000009,-0.000014
6.408504,-0.770009,-0.671257,-6.720001,-0.017000,-0.088000,0.012125,0.416547,-0.329714,0.092095,-3.141590,0.000006,-0.000007
6.412543,-0.770009,-0.671259,-6.720001,-0.017000,-0.088000,0.012125,0.416626,-0.329632,0.092095,-3.141590,0.000007,0.000006
6.416584,-0.770009,-0.671259,-6.720001,-0.017000,-0.088000,0.012125,0.416706,-0.329551,0.092095,-3.141590,0.000007,0.000011
6.420576,-0.770009,-0.671261,-6.720001,-0.017000,-0.088000,0.012125,0.416784,-0.329470,0.092096,-3.141589,0.000009,0.000012
6.424574,-0.690009,-0.611264,-6.320001,-0.017000,-0.080000,0.010125,0.416864,-0.329389,0.092097,-3.141588,0.000011,0.000010
6.428579,-0.690009,-0.611264,-6.320001,-0.017000,-0.080000,0.010125,0.416943,-0.329309,0.092097,-3.141588,0.000011,-0.000002
6.432580,-0.690009,-0.611266,-6.320001,-0.017000,-0.080000,0.010125,0.417020,-0.329229,0.092098,-3.141588,0.000013,-0.000015
6.436578,-0.690009,-0.611267,-6.320001,-0.017000,-0.080000,0.010125,0.417097,-0.329148,0.092098,-3.141587,0.000014,-0.000021
6.440607,-0.690009,-0.611263,-6.320001,-0.017000,-0.080000,0.010125,0.417175,-0.329071,0.092100,-3.141589,0.000010,-0.000038
6.444545,-0.690009,-0.611270,-6.320001,-0.017000,-0.080000,0.010125,0.417247,-0.328993,0.092099,-3.141586,0.000016,-0.000033
6.448556,-0.690009,-0.611264,-6.320001,-0.017000,-0.080000,0.010125,0.417324,-0.328915,0.092100,-3.141588,0.000011,-0.000023
6.452583,-0.690009,-0.611259,-6.320001,-0.017000,-0.080000,0.010125,0.417400,-0.328839,0.092102,-3.141590,0.000007,-0.000024
6.456590,-0.690009,-0.611261,-6.320001,-0.017000,-0.080000,0.010125,0.417474,-0.328762,0.092103,-3.141589,0.000009,-0.000012
6.460539,-0.690009,-0.611262,-6.320001,-0.017000,-0.080000,0.010125,0.417550,-0.328684,0.092104,-3.141589,0.000010,-0.000003
6.464577,-0.690009,-0.611256,-6.320001,-0.017000,-0.080000,0.010125,0.417625,-0.328607,0.092105,-3.141591,0.000005,-0.000038
6.468544,-0.600009,-0.531250,-5.910000,-0.018000,-0.071000,0.009125,0.417699,-0.328531,0.092106,3.141593,-0.000000,-0.000032
6.472596,-0.600009,-0.531258,-5.910001,-0.018000,-0.071000,0.009125,0.417791,-0.328434,0.092105,-3.141590,0.000007,0.000022
6.476587,-0.600009,-0.531252,-5.910001,-0.018000,-0.071000,0.009125,0.417867,-0.328355,0.092106,-3.141592,0.000002,0.000026
6.480586,-0.600009,-0.531259,-5.910001,-0.018000,-0.071000,0.009125,0.417941,-0.328278,0.092105,-3.141590,0.000007,0.000024
6.484582,-0.600009,-0.531255,-5.910001,-0.018000,-0.071000,0.009125,0.418017,-0.328200,0.092107,-3.141591,0.000004,0.000027
6.488575,-0.600009,-0.531250,-5.910000,-0.018000,-0.071000,0.009125,0.418093,-0.328124,0.092109,-3.141593,0.000000,0.000026
6.492547,-0.600009,-0.531257,-5.910001,-0.018000,-0.071000,0.009125,0.418168,-0.328045,0.092108,-3.141590,0.000006,0.000022
6.496574,-0.600009,-0.531259,-5.910001,-0.018000,-0.071000,0.009125,0.418242,-0.327968,0.092108,-3.141590,0.000007,0.000007
6.500575,-0.600009,-0.531259,-5.910001,-0.018000,-0.071000,0.009125,0.418242,-0.327968,0.092108,-3.141590,0.000007,0.000007
6.504578,-0.610009,-0.541262,-5.700001,-0.018000,-0.071000,0.009125,0.418392,-0.327812,0.092109,-3.141589,0.000009,0.000009
6.508578,-0.610009,-0.541250,-5.700000,-0.018000,-0.071000,0.009125,0.418468,-0.327734,0.092113,-3.141593,0.000000,0.000012
6.512581,-0.610009,-0.541252,-5.700001,-0.018000,-0.071000,0.009125,0.418542,-0.327657,0.092113,-3.141592,0.000001,0.000010
6.516574,-0.610009,-0.541252,-5.700001,-0.018000,-0.071000,0.009125,0.418542,-0.327657,0.092113,-3.141592,0.000001,0.000010
6.520574,-0.610009,-0.541252,-5.700001,-0.018000,-0.071000,0.009125,0.418542,-0.327657,0.092113,-3.141592,0.000001,0.000010
6.524530,-0.610009,-0.541249,-5.700000,-0.018000,-0.071000,0.009125,0.418766,-0.327424,0.092116,3.141592,-0.000001,0.000024
6.528502,-0.610009,-0.541250,-5.700000,-0.018000,-0.071000,0.009125,0.418841,-0.327345,0.092116,3.141593,-0.000000,-0.000013
6.532587,-0.610009,-0.541252,-5.700001,-0.018000,-0.071000,0.009125,0.418915,-0.327268,0.092117,-3.141592,0.000001,-0.000022
6.536584,-0.610009,-0.541252,-5.700001,-0.018000,-0.071000,0.009125,0.419010,-0.327168,0.092117,-3.141592,0.000002,0.000036
6.540583,-0.610009,-0.541246,-5.700000,-0.018000,-0.071000,0.009125,0.419087,-0.327087,0.092118,3.141591,-0.000003,0.000043
6.544584,-0.600009,-0.531248,-5.400000,-0.015000,-0.070000,0.009125,0.419163,-0.327008,0.092118,3.141592,-0.000002,0.000033
6.548624,-0.600009,-0.531257,-5.400001,-0.015000,-0.070000,0.009125,0.419239,-0.326927,0.092118,-3.141591,0.000005,0.000034
6.552577,-0.600009,-0.531251,-5.400000,-0.015000,-0.070000,0.009125,0.419316,-0.326846,0.092119,-3.141593,0.000000,0.000021
6.556579,-0.600009,-0.531250,-5.400000,-0.015000,-0.070000,0.009125,0.419393,-0.326765,0.092118,3.141592,-0.000001,0.000022
6.560579,-0.600009,-0.531257,-5.400001,-0.015000,-0.070000,0.009125,0.419466,-0.326686,0.092117,-3.141590,0.000006,0.000011
6.564583,-0.600009,-0.531253,-5.400001,-0.015000,-0.070000,0.009125,0.419545,-0.326605,0.092119,-3.141592,0.000002,0.000012
6.568584,-0.600009,-0.531254,-5.400001,-0.015000,-0.070000,0.009125,0.419622,-0.326524,0.092120,-3.141591,0.000003,0.000013
6.572579,-0.600009,-0.531255,-5.400001,-0.015000,-0.070000,0.009125,0.419699,-0.326443,0.092120,-3.141591,0.000004,0.000014
6.576583,-0.600009,-0.531257,-5.400001,-0.015000,-0.070000,0.009125,0.419775,-0.326362,0.092121,-3.141590,0.000006,0.000015
6.580579,-0.620009,-0.551258,-5.170001,-0.012000,-0.070000,0.009125,0.419850,-0.326283,0.092122,-3.141590,0.000007,0.000011
6.584576,-0.610009,-0.541260,-5.110001,-0.012000,-0.069000,0.008125,0.419927,-0.326202,0.092122,-3.141589,0.000008,0.000005
6.588575,-0.610009,-0.541259,-5.110001,-0.012000,-0.069000,0.008125,0.420002,-0.326123,0.092121,-3.141590,0.000007,-0.000005
6.592538,-0.610009,-0.541259,-5.110001,-0.012000,-0.069000,0.008125,0.420002,-0.326123,0.092121,-3.141590,0.000007,-0.000005
6.596579,-0.610009,-0.541259,-5.110001,-0.012000,-0.069000,0.008125,0.420154,-0.325963,0.092120,-3.141590,0.000008,-0.000008
6.600551,-0.610009,-0.541261,-5.110001,-0.012000,-0.069000,0.008125,0.420231,-0.325882,0.092121,-3.141589,0.000009,-0.000014
6.604587,-0.610009,-0.541262,-5.110001,-0.012000,-0.069000,0.008125,0.420306,-0.325803,0.092121,-3.141589,0.000010,-0.000024
6.608582,-0.610009,-0.541263,-5.110001,-0.012000,-0.069000,0.008125,0.420385,-0.325722,0.092121,-3.141589,0.000010,-0.000024
6.612584,-0.610009,-0.541269,-5.110001,-0.012000,-0.069000,0.008125,0.420461,-0.325641,0.092120,-3.141586,0.000016,-0.000023
6.616586,-0.610009,-0.541269,-5.110001,-0.012000,-0.069000,0.008125,0.420461,-0.325641,0.092120,-3.141586,0.000016,-0.000023
6.620574,-0.610009,-0.541269,-5.110001,-0.012000,-0.069000,0.008125,0.420461,-0.325641,0.092120,-3.141586,0.000016,-0.000023
6.624577,-0.570009,-0.501272,-4.880001,-0.012000,-0.065000,0.008125,0.420709,-0.325380,0.092120,-3.141586,0.000018,-0.000009
6.628573,-0.570009,-0.501272,-4.880001,-0.012000,-0.065000,0.008125,0.420786,-0.325301,0.092119,-3.141585,0.000018,-0.000006
6.632577,-0.570010,-0.501279,-4.880002,-0.012000,-0.065000,0.008125,0.420863,-0.325218,0.092118,-3.141583,0.000024,-0.000007
6.636584,-0.570010,-0.501279,-4.880002,-0.012000,-0.065000,0.008125,0.420942,-0.325138,0.092118,-3.141583,0.000024,-0.000013
6.640574,-0.570010,-0.501279,-4.880002,-0.012000,-0.065000,0.008125,0.420942,-0.325138,0.092118,-3.141583,0.000024,-0.000013
6.644574,-0.570010,-0.501273,-4.880001,-0.012000,-0.065000,0.008125,0.421100,-0.324975,0.092118,-3.141585,0.000019,-0.000020
6.648577,-0.570010,-0.501273,-4.880001,-0.012000,-0.065000,0.008125,0.421178,-0.324894,0.092118,-3.141585,0.000019,-0.000033
6.652577,-0.570010,-0.501281,-4.880002,-0.012000,-0.065000,0.008125,0.421258,-0.324811,0.092117,-3.141583,0.000026,-0.000034
6.656578,-0.570010,-0.501281,-4.880002,-0.012000,-0.065000,0.008125,0.421258,-0.324811,0.092117,-3.141583,0.000026,-0.000034
6.660578,-0.570010,-0.501274,-4.880001,-0.012000,-0.065000,0.008125,0.421336,-0.324731,0.092117,-3.141585,0.000020,-0.000040
6.664579,-0.570010,-0.501275,-4.880001,-0.012000,-0.065000,0.008125,0.421415,-0.324650,0.092117,-3.141585,0.000020,-0.000039
6.668578,-0.540010,-0.471275,-4.760001,-0.014000,-0.061000,0.008125,0.421494,-0.324568,0.092117,-3.141585,0.000021,-0.000034
6.672576,-0.540010,-0.471275,-4.760001,-0.014000,-0.061000,0.008125,0.421574,-0.324488,0.092116,-3.141585,0.000020,-0.000026
6.676577,-0.540010,-0.471283,-4.760002,-0.014000,-0.061000,0.008125,0.421652,-0.324407,0.092115,-3.141582,0.000027,-0.000019
6.680574,-0.540010,-0.471283,-4.760002,-0.014000,-0.061000,0.008125,0.421732,-0.324324,0.092115,-3.141582,0.000027,-0.000007
6.684575,-0.540010,-0.471276,-4.760001,-0.014000,-0.061000,0.008125,0.421810,-0.324244,0.092115,-3.141584,0.000021,-0.000040
6.688574,-0.540010,-0.471284,-4.760002,-0.014000,-0.061000,0.008125,0.421889,-0.324161,0.092115,-3.141582,0.000028,0.000013
6.692551,-0.540010,-0.471285,-4.760002,-0.014000,-0.061000,0.008125,0.421987,-0.324061,0.092115,-3.141581,0.000029,0.000016
6.696573,-0.540010,-0.471285,-4.760002,-0.014000,-0.061000,0.008125,0.422047,-0.323998,0.092114,-3.141581,0.000029,0.000019
6.700574,-0.540010,-0.471286,-4.760002,-0.014000,-0.061000,0.008125,0.422125,-0.323917,0.092114,-3.141581,0.000029,0.000013
6.704575,-0.540010,-0.471294,-4.760002,-0.014000,-0.061000,0.008125,0.422203,-0.323836,0.092113,-3.141579,0.000036,-0.000047
6.708572,-0.450010,-0.411281,-4.740002,-0.018000,-0.055000,0.007125,0.422288,-0.323755,0.092115,-3.141583,0.000026,-0.000055
6.712583,-0.450010,-0.411282,-4.740002,-0.018000,-0.055000,0.007125,0.422383,-0.323654,0.092115,-3.141583,0.000026,-0.000011
6.716579,-0.450010,-0.411274,-4.740001,-0.018000,-0.055000,0.007125,0.422461,-0.323573,0.092116,-3.141585,0.000020,-0.000024
6.720581,-0.450010,-0.411274,-4.740001,-0.018000,-0.055000,0.007125,0.422461,-0.323573,0.092116,-3.141585,0.000020,-0.000024
6.724581,-0.450010,-0.411270,-4.740001,-0.018000,-0.055000,0.007125,0.422619,-0.323409,0.092117,-3.141586,0.000017,-0.000018
6.728539,-0.450010,-0.411272,-4.740001,-0.018000,-0.055000,0.007125,0.422698,-0.323329,0.092118,-3.141586,0.000018,-0.000010
6.732578,-0.450010,-0.411273,-4.740001,-0.018000,-0.055000,0.007125,0.422775,-0.323250,0.092118,-3.141585,0.000019,-0.000000
6.736580,-0.450009,-0.411268,-4.740001,-0.018000,-0.055000,0.007125,0.422853,-0.323169,0.092120,-3.141587,0.000015,0.000021
6.740565,-0.450010,-0.411269,-4.740001,-0.018000,-0.055000,0.007125,0.422930,-0.323090,0.092120,-3.141587,0.000015,0.000037
6.744587,-0.450010,-0.411269,-4.740001,-0.018000,-0.055000,0.007125,0.423005,-0.323013,0.092120,-3.141587,0.000016,0.000049
6.748580,-0.480009,-0.421265,-4.770001,-0.017000,-0.058000,0.007125,0.423081,-0.322934,0.092122,-3.141588,0.000012,0.000059
6.752575,-0.480009,-0.421265,-4.770001,-0.017000,-0.058000,0.007125,0.423156,-0.322857,0.092122,-3.141588,0.000012,0.000058
6.756580,-0.480009,-0.421266,-4.770001,-0.017000,-0.058000,0.007125,0.423233,-0.322777,0.092121,-3.141588,0.000013,0.000061
6.760578,-0.480009,-0.421261,-4.770001,-0.017000,-0.058000,0.007125,0.423308,-0.322700,0.092124,-3.141589,0.000009,0.000053
6.764578,-0.480009,-0.421261,-4.770001,-0.017000,-0.058000,0.007125,0.423383,-0.322623,0.092123,-3.141589,0.000009,0.000038
6.768578,-0.480009,-0.421249,-4.770000,-0.017000,-0.058000,0.007125,0.423459,-0.322546,0.092126,3.141592,-0.000001,0.000023
6.772575,-0.480009,-0.421256,-4.770001,-0.017000,-0.058000,0.007125,0.423533,-0.322466,0.092124,-3.141591,0.000005,0.000012
6.776583,-0.480009,-0.421256,-4.770001,-0.017000,-0.058000,0.007125,0.423606,-0.322390,0.092124,-3.141591,0.000005,-0.000007
6.780573,-0.480009,-0.421257,-4.770001,-0.017000,-0.058000,0.007125,0.423683,-0.322311,0.092124,-3.141591,0.000005,-0.000024
6.784576,-0.480009,-0.421252,-4.600001,-0.014000,-0.058000,0.008125,0.423758,-0.322234,0.092126,-3.141592,0.000002,-0.000026
6.788574,-0.480009,-0.421245,-4.600000,-0.014000,-0.058000,0.008125,0.423833,-0.322157,0.092127,3.141591,-0.000004,-0.000014
6.792545,-0.480009,-0.421246,-4.600000,-0.014000,-0.058000,0.008125,0.423913,-0.322079,0.092127,3.141591,-0.000003,-0.000044
6.796574,-0.480009,-0.421254,-4.600001,-0.014000,-0.058000,0.008125,0.423987,-0.322001,0.092126,-3.141591,0.000003,-0.000025
6.800563,-0.480009,-0.421255,-4.600001,-0.014000,-0.058000,0.008125,0.424078,-0.321903,0.092126,-3.141591,0.000004,0.000036
6.804580,-0.480009,-0.421261,-4.600001,-0.014000,-0.058000,0.008125,0.424152,-0.321822,0.092124,-3.141589,0.000009,0.000053
6.808580,-0.480009,-0.421262,-4.600001,-0.014000,-0.058000,0.008125,0.424227,-0.321745,0.092124,-3.141589,0.000010,0.000058
6.812582,-0.480009,-0.421262,-4.600001,-0.014000,-0.058000,0.008125,0.424303,-0.321666,0.092123,-3.141589,0.000010,0.000061
6.816583,-0.480009,-0.421263,-4.600001,-0.014000,-0.058000,0.008125,0.424378,-0.321588,0.092123,-3.141589,0.000010,0.000053
6.820582,-0.480009,-0.421263,-4.600001,-0.014000,-0.058000,0.008125,0.424378,-0.321588,0.092123,-3.141589,0.000010,0.000053
6.824592,-0.480009,-0.421263,-4.600001,-0.014000,-0.058000,0.008125,0.424454,-0.321509,0.092123,-3.141589,0.000011,0.000042
6.828575,-0.480009,-0.421263,-4.600001,-0.014000,-0.058000,0.008125,0.424454,-0.321509,0.092123,-3.141589,0.000011,0.000042
6.832572,-0.500010,-0.441264,-4.310001,-0.011000,-0.058000,0.008125,0.424605,-0.321352,0.092123,-3.141588,0.000012,0.000017
6.836574,-0.500010,-0.441265,-4.310001,-0.011000,-0.058000,0.008125,0.424753,-0.321198,0.092122,-3.141588,0.000012,-0.000024
6.840569,-0.500009,-0.441258,-4.310001,-0.011000,-0.058000,0.008125,0.424826,-0.321123,0.092123,-3.141590,0.000006,-0.000037
6.844573,-0.500009,-0.441258,-4.310001,-0.011000,-0.058000,0.008125,0.424901,-0.321045,0.092123,-3.141590,0.000007,-0.000038
6.848576,-0.500010,-0.441265,-4.310001,-0.011000,-0.058000,0.008125,0.424971,-0.320971,0.092121,-3.141588,0.000012,-0.000042
6.852581,-0.500010,-0.441265,-4.310001,-0.011000,-0.058000,0.008125,0.425044,-0.320895,0.092121,-3.141588,0.000013,-0.000028
6.856595,-0.500010,-0.441264,-4.310001,-0.011000,-0.058000,0.008125,0.425115,-0.320818,0.092120,-3.141588,0.000012,-0.000020
6.860582,-0.500010,-0.441265,-4.310001,-0.011000,-0.058000,0.008125,0.425187,-0.320745,0.092119,-3.141588,0.000012,-0.000010
6.864583,-0.480009,-0.431265,-4.200001,-0.009000,-0.056000,0.008125,0.425260,-0.320669,0.092119,-3.141588,0.000013,-0.000003
6.868578,-0.480009,-0.431261,-4.200001,-0.009000,-0.056000,0.008125,0.425334,-0.320593,0.092121,-3.141589,0.000009,0.000005
6.872574,-0.480010,-0.431269,-4.200001,-0.009000,-0.056000,0.008125,0.425408,-0.320515,0.092120,-3.141587,0.000016,0.000003
6.876574,-0.480009,-0.431264,-4.200001,-0.009000,-0.056000,0.008125,0.425481,-0.320439,0.092123,-3.141588,0.000012,0.000004
6.880574,-0.480009,-0.431265,-4.200001,-0.009000,-0.056000,0.008125,0.425554,-0.320363,0.092122,-3.141588,0.000012,-0.000002
6.884574,-0.480009,-0.431258,-4.200001,-0.009000,-0.056000,0.008125,0.425628,-0.320288,0.092123,-3.141590,0.000006,-0.000015
6.888574,-0.480009,-0.431258,-4.200001,-0.009000,-0.056000,0.008125,0.425628,-0.320288,0.092123,-3.141590,0.000006,-0.000015
6.892543,-0.480009,-0.431260,-4.200001,-0.009000,-0.056000,0.008125,0.425791,-0.320115,0.092123,-3.141590,0.000008,-0.000038
6.896575,-0.480009,-0.431260,-4.200001,-0.009000,-0.056000,0.008125,0.425846,-0.320057,0.092123,-3.141590,0.000008,-0.000048
6.900582,-0.480009,-0.431261,-4.200001,-0.009000,-0.056000,0.008125,0.425919,-0.319981,0.092123,-3.141589,0.000009,-0.000068
6.904575,-0.490009,-0.401256,-4.220001,-0.013000,-0.055000,0.008125,0.425993,-0.319906,0.092125,-3.141591,0.000005,-0.000074
6.908573,-0.490009,-0.401257,-4.220001,-0.013000,-0.055000,0.008125,0.426065,-0.319830,0.092125,-3.141591,0.000005,-0.000073
6.912580,-0.490009,-0.401249,-4.220000,-0.013000,-0.055000,0.008125,0.426139,-0.319754,0.092125,3.141592,-0.000001,-0.000065
6.916580,-0.490009,-0.401258,-4.220001,-0.013000,-0.055000,0.008125,0.426211,-0.319678,0.092124,-3.141590,0.000006,-0.000058
6.920574,-0.490009,-0.401258,-4.220001,-0.013000,-0.055000,0.008125,0.426284,-0.319602,0.092124,-3.141590,0.000006,-0.000044
6.924577,-0.490009,-0.401258,-4.220001,-0.013000,-0.055000,0.008125,0.426284,-0.319602,0.092124,-3.141590,0.000006,-0.000044
6.928585,-0.490009,-0.401254,-4.220001,-0.013000,-0.055000,0.008125,0.426430,-0.319450,0.092126,-3.141592,0.000003,-0.000069
6.932574,-0.490009,-0.401254,-4.220001,-0.013000,-0.055000,0.008125,0.426505,-0.319372,0.092126,-3.141591,0.000003,-0.000016
6.936582,-0.490009,-0.401255,-4.220001,-0.013000,-0.055000,0.008125,0.426581,-0.319292,0.092126,-3.141591,0.000004,-0.000061
6.940584,-0.440009,-0.391261,-4.200001,-0.014000,-0.051000,0.006125,0.426677,-0.319190,0.092123,-3.141589,0.000009,-0.000003
6.944576,-0.430009,-0.391255,-4.200001,-0.015000,-0.051000,0.006125,0.426756,-0.319109,0.092125,-3.141591,0.000004,-0.000009
6.948541,-0.430009,-0.391255,-4.200001,-0.015000,-0.051000,0.006125,0.426837,-0.319026,0.092124,-3.141591,0.000004,-0.000011
6.952577,-0.430009,-0.391249,-4.200000,-0.015000,-0.051000,0.006125,0.426916,-0.318945,0.092125,3.141592,-0.000001,-0.000030
6.956580,-0.430009,-0.391262,-4.200001,-0.015000,-0.051000,0.006125,0.426992,-0.318862,0.092122,-3.141589,0.000010,-0.000036
6.960576,-0.430009,-0.391262,-4.200001,-0.015000,-0.051000,0.006125,0.427073,-0.318779,0.092121,-3.141589,0.000010,-0.000044
6.964578,-0.430009,-0.391256,-4.200001,-0.015000,-0.051000,0.006125,0.427152,-0.318698,0.092122,-3.141591,0.000005,-0.000043
6.968574,-0.430009,-0.391256,-4.200001,-0.015000,-0.051000,0.006125,0.427231,-0.318617,0.092122,-3.141591,0.000005,-0.000036
6.972576,-0.430009,-0.391250,-4.200000,-0.015000,-0.051000,0.006125,0.427312,-0.318533,0.092123,3.141593,-0.000000,-0.000024
6.976579,-0.430009,-0.391250,-4.200000,-0.015000,-0.051000,0.006125,0.427390,-0.318452,0.092122,3.141592,-0.000001,-0.000016
6.980543,-0.430009,-0.391249,-4.200000,-0.015000,-0.051000,0.006125,0.427468,-0.318373,0.092121,3.141592,-0.000001,-0.000006
6.984573,-0.390009,-0.361256,-4.140001,-0.016000,-0.048000,0.006125,0.427546,-0.318291,0.092120,-3.141591,0.000005,0.000001
6.988574,-0.390009,-0.361251,-4.140000,-0.016000,-0.048000,0.006125,0.427625,-0.318210,0.092121,-3.141593,0.000000,0.000009
6.992543,-0.390009,-0.361256,-4.140001,-0.016000,-0.048000,0.006125,0.427702,-0.318128,0.092118,-3.141591,0.000005,0.000016
6.996580,-0.390009,-0.361257,-4.140001,-0.016000,-0.048000,0.006125,0.427783,-0.318047,0.092118,-3.141591,0.000006,0.000024
7.000590,-0.390010,-0.361263,-4.140001,-0.016000,-0.048000,0.006125,0.427859,-0.317964,0.092116,-3.141589,0.000010,0.000025
7.004584,-0.390009,-0.361257,-4.140001,-0.016000,-0.048000,0.006125,0.427938,-0.317883,0.092117,-3.141591,0.000006,0.000032
7.008586,-0.390009,-0.361257,-4.140001,-0.016000,-0.048000,0.006125,0.428017,-0.317802,0.092116,-3.141591,0.000005,0.000027
7.012585,-0.390010,-0.361264,-4.140001,-0.016000,-0.048000,0.006125,0.428095,-0.317720,0.092115,-3.141589,0.000011,0.000021
7.016596,-0.390009,-0.361258,-4.140001,-0.016000,-0.048000,0.006125,0.428174,-0.317638,0.092116,-3.141590,0.000006,0.000015
7.020599,-0.390009,-0.361258,-4.140001,-0.016000,-0.048000,0.006125,0.428252,-0.317559,0.092115,-3.141590,0.000006,0.000004
7.024601,-0.390009,-0.361258,-4.140001,-0.016000,-0.048000,0.006125,0.428252,-0.317559,0.092115,-3.141590,0.000006,0.000004
7.028594,-0.420009,-0.411251,-4.240001,-0.015000,-0.051000,0.006125,0.428410,-0.317396,0.092116,-3.141592,0.000001,0.000013
7.032532,-0.420009,-0.411258,-4.240001,-0.015000,-0.051000,0.006125,0.428488,-0.317314,0.092114,-3.141590,0.000007,0.000014
7.036589,-0.420009,-0.411253,-4.240001,-0.015000,-0.051000,0.006125,0.428567,-0.317232,0.092115,-3.141592,0.000002,0.000021
7.040534,-0.420009,-0.411252,-4.240001,-0.015000,-0.051000,0.006125,0.428645,-0.317151,0.092115,-3.141592,0.000002,0.000029
7.044578,-0.420009,-0.411247,-4.240000,-0.015000,-0.051000,0.006125,0.428726,-0.317067,0.092116,3.141592,-0.000003,-0.000013
7.048527,-0.420009,-0.411254,-4.240001,-0.015000,-0.051000,0.006125,0.428825,-0.316964,0.092115,-3.141591,0.000003,0.000042
7.052579,-0.420009,-0.411248,-4.240000,-0.015000,-0.051000,0.006125,0.428884,-0.316902,0.092116,3.141592,-0.000002,-0.000014
7.056579,-0.420009,-0.411248,-4.240000,-0.015000,-0.051000,0.006125,0.428966,-0.316822,0.092115,3.141592,-0.000002,-0.000006
7.060590,-0.480009,-0.441250,-4.410000,-0.014000,-0.056000,0.007125,0.429062,-0.316716,0.092116,3.141593,-0.000000,0.000049
7.064577,-0.480009,-0.441250,-4.410000,-0.014000,-0.056000,0.007125,0.429140,-0.316635,0.092115,3.141592,-0.000001,0.000043
7.068578,-0.490009,-0.451249,-4.420000,-0.014000,-0.056000,0.007125,0.429219,-0.316553,0.092114,3.141592,-0.000001,0.000037
7.072577,-0.490009,-0.451243,-4.420000,-0.014000,-0.056000,0.007125,0.429299,-0.316469,0.092115,3.141591,-0.000006,0.000029
7.076590,-0.490009,-0.451243,-4.420000,-0.014000,-0.056000,0.007125,0.429378,-0.316387,0.092114,3.141590,-0.000006,0.000023
7.080599,-0.490009,-0.451250,-4.420000,-0.014000,-0.056000,0.007125,0.429456,-0.316305,0.092113,3.141593,-0.000000,0.000017
7.084587,-0.490009,-0.451243,-4.420000,-0.014000,-0.056000,0.007125,0.429536,-0.316224,0.092113,3.141591,-0.000006,0.000018
7.088583,-0.490008,-0.451238,-4.420000,-0.014000,-0.056000,0.007125,0.429617,-0.316141,0.092115,3.141589,-0.000010,0.000023
7.092539,-0.490008,-0.451238,-4.420000,-0.014000,-0.056000,0.007125,0.429617,-0.316141,0.092115,3.141589,-0.000010,0.000023
7.096573,-0.490008,-0.451231,-4.420000,-0.014000,-0.056000,0.007125,0.429697,-0.316060,0.092115,3.141587,-0.000016,0.000017
7.100578,-0.490008,-0.451232,-4.420000,-0.014000,-0.056000,0.007125,0.429857,-0.315894,0.092114,3.141587,-0.000015,0.000010
7.104576,-0.490008,-0.451232,-4.420000,-0.014000,-0.056000,0.007125,0.429857,-0.315894,0.092114,3.141587,-0.000015,0.000010
7.108578,-0.500008,-0.461237,-4.390000,-0.013000,-0.057000,0.007125,0.429934,-0.315812,0.092112,3.141589,-0.000011,0.000004
7.112592,-0.500008,-0.461238,-4.390000,-0.013000,-0.057000,0.007125,0.430092,-0.315648,0.092111,3.141589,-0.000010,-0.000001
7.116571,-0.500008,-0.461237,-4.390000,-0.013000,-0.057000,0.007125,0.430170,-0.315566,0.092110,3.141589,-0.000011,-0.000007
7.120573,-0.500008,-0.461238,-4.390000,-0.013000,-0.057000,0.007125,0.430250,-0.315485,0.092110,3.141589,-0.000010,-0.000013
7.124571,-0.500008,-0.461238,-4.390000,-0.013000,-0.057000,0.007125,0.430250,-0.315485,0.092110,3.141589,-0.000010,-0.000013
7.128580,-0.500009,-0.461245,-4.390000,-0.013000,-0.057000,0.007125,0.430408,-0.315319,0.092108,3.141591,-0.000005,-0.000020
7.132577,-0.500008,-0.461238,-4.390000,-0.013000,-0.057000,0.007125,0.430487,-0.315239,0.092108,3.141589,-0.000010,-0.000024
7.136575,-0.500008,-0.461238,-4.390000,-0.013000,-0.057000,0.007125,0.430487,-0.315239,0.092108,3.141589,-0.000010,-0.000024
7.140583,-0.500008,-0.431239,-4.390000,-0.015000,-0.055000,0.007125,0.430645,-0.315076,0.092107,3.141589,-0.000010,-0.000008
7.144577,-0.500008,-0.431232,-4.390000,-0.015000,-0.055000,0.007125,0.430726,-0.314994,0.092108,3.141587,-0.000015,-0.000001
7.148577,-0.500008,-0.431232,-4.390000,-0.015000,-0.055000,0.007125,0.430726,-0.314994,0.092108,3.141587,-0.000015,-0.000001
7.152576,-0.500008,-0.431231,-4.390000,-0.015000,-0.055000,0.007125,0.430802,-0.314914,0.092107,3.141587,-0.000016,-0.000005
7.156572,-0.500008,-0.431238,-4.390000,-0.015000,-0.055000,0.007125,0.430880,-0.314832,0.092105,3.141589,-0.000010,-0.000004
7.160581,-0.500008,-0.431239,-4.390000,-0.015000,-0.055000,0.007125,0.431037,-0.314670,0.092105,3.141589,-0.000009,-0.000020
7.164587,-0.500008,-0.431227,-4.390000,-0.015000,-0.055000,0.007125,0.431116,-0.314590,0.092107,3.141586,-0.000019,-0.000024
7.168578,-0.500008,-0.431234,-4.390000,-0.015000,-0.055000,0.007125,0.431194,-0.314508,0.092106,3.141588,-0.000013,-0.000030
7.172576,-0.500008,-0.431234,-4.390000,-0.015000,-0.055000,0.007125,0.431194,-0.314508,0.092106,3.141588,-0.000013,-0.000030
7.176584,-0.500008,-0.431234,-4.390000,-0.015000,-0.055000,0.007125,0.431270,-0.314428,0.092105,3.141588,-0.000014,-0.000040
7.180585,-0.500008,-0.431229,-4.390000,-0.015000,-0.055000,0.007125,0.431429,-0.314264,0.092106,3.141586,-0.000018,-0.000038
7.184577,-0.500008,-0.431229,-4.390000,-0.015000,-0.055000,0.007125,0.431429,-0.314264,0.092106,3.141586,-0.000018,-0.000038
7.188578,-0.450008,-0.401236,-4.530000,-0.018000,-0.053000,0.007125,0.431505,-0.314183,0.092105,3.141588,-0.000012,-0.000035
7.192547,-0.450008,-0.401237,-4.530000,-0.018000,-0.053000,0.007125,0.431661,-0.314021,0.092104,3.141589,-0.000011,-0.000018
7.196582,-0.450008,-0.401237,-4.530000,-0.018000,-0.053000,0.007125,0.431661,-0.314021,0.092104,3.141589,-0.000011,-0.000018
7.200579,-0.450008,-0.401231,-4.530000,-0.018000,-0.053000,0.007125,0.431739,-0.313939,0.092105,3.141587,-0.000016,-0.000004
7.204579,-0.450008,-0.401232,-4.530000,-0.018000,-0.053000,0.007125,0.431818,-0.313859,0.092105,3.141587,-0.000015,0.000006
7.208581,-0.450008,-0.401232,-4.530000,-0.018000,-0.053000,0.007125,0.431896,-0.313776,0.092104,3.141587,-0.000016,0.000014
7.212582,-0.450007,-0.401225,-4.529999,-0.018000,-0.053000,0.007125,0.431975,-0.313697,0.092105,3.141585,-0.000021,-0.000037
7.216582,-0.450008,-0.401232,-4.530000,-0.018000,-0.053000,0.007125,0.432052,-0.313614,0.092103,3.141587,-0.000015,-0.000036
7.220579,-0.450008,-0.401231,-4.530000,-0.018000,-0.053000,0.007125,0.432149,-0.313514,0.092102,3.141587,-0.000016,0.000003
7.224581,-0.450008,-0.401238,-4.530000,-0.018000,-0.053000,0.007125,0.432227,-0.313431,0.092100,3.141589,-0.000010,0.000004
7.228578,-0.450008,-0.391239,-4.600000,-0.019000,-0.053000,0.006125,0.432305,-0.313351,0.092100,3.141589,-0.000009,-0.000007
7.232576,-0.450008,-0.391239,-4.600000,-0.019000,-0.053000,0.006125,0.432305,-0.313351,0.092100,3.141589,-0.000009,-0.000007
7.236583,-0.450008,-0.391237,-4.600000,-0.019000,-0.053000,0.006125,0.432460,-0.313191,0.092098,3.141589,-0.000011,-0.000021
7.240580,-0.450009,-0.391244,-4.600000,-0.019000,-0.053000,0.006125,0.432534,-0.313112,0.092096,3.141591,-0.000005,-0.000022
7.244578,-0.450009,-0.391244,-4.600000,-0.019000,-0.053000,0.006125,0.432610,-0.313033,0.092095,3.141591,-0.000006,-0.000024
7.248576,-0.450009,-0.391245,-4.600000,-0.019000,-0.053000,0.006125,0.432686,-0.312955,0.092095,3.141591,-0.000005,-0.000012
7.252577,-0.450009,-0.391249,-4.600000,-0.019000,-0.053000,0.006125,0.432760,-0.312878,0.092092,3.141592,-0.000001,-0.000004
7.256572,-0.450009,-0.391256,-4.600001,-0.019000,-0.053000,0.006125,0.432834,-0.312799,0.092090,-3.141591,0.000005,0.000015
7.260585,-0.500009,-0.461256,-4.680001,-0.016000,-0.058000,0.007125,0.432908,-0.312722,0.092089,-3.141591,0.000005,0.000029
7.264577,-0.500010,-0.461262,-4.680001,-0.016000,-0.058000,0.007125,0.432984,-0.312644,0.092087,-3.141589,0.000010,0.000048
7.268574,-0.500010,-0.461261,-4.680001,-0.016000,-0.058000,0.007125,0.433059,-0.312565,0.092086,-3.141589,0.000009,0.000053
7.272581,-0.500010,-0.461268,-4.680001,-0.016000,-0.058000,0.007125,0.433132,-0.312488,0.092085,-3.141587,0.000015,0.000054
7.276550,-0.500010,-0.461262,-4.680001,-0.016000,-0.058000,0.007125,0.433209,-0.312410,0.092085,-3.141589,0.000010,0.000052
7.280587,-0.500010,-0.461266,-4.680001,-0.016000,-0.058000,0.007125,0.433284,-0.312331,0.092082,-3.141588,0.000013,0.000051
7.284575,-0.500010,-0.461267,-4.680001,-0.016000,-0.058000,0.007125,0.433360,-0.312253,0.092082,-3.141588,0.000014,0.000043
7.288573,-0.500010,-0.461261,-4.680001,-0.016000,-0.058000,0.007125,0.433441,-0.312176,0.092083,-3.141589,0.000009,-0.000019
7.292548,-0.500010,-0.461268,-4.680001,-0.016000,-0.058000,0.007125,0.433512,-0.312096,0.092081,-3.141587,0.000015,0.000013
7.296573,-0.500009,-0.461255,-4.680001,-0.016000,-0.058000,0.007125,0.433609,-0.312000,0.092083,-3.141591,0.000004,-0.000004
7.300573,-0.500010,-0.461262,-4.680001,-0.016000,-0.058000,0.007125,0.433664,-0.311941,0.092082,-3.141589,0.000010,-0.000021
7.304574,-0.520009,-0.491255,-4.930001,-0.017000,-0.061000,0.008125,0.433741,-0.311863,0.092082,-3.141591,0.000004,-0.000023
7.308574,-0.520009,-0.491256,-4.930001,-0.017000,-0.061000,0.008125,0.433817,-0.311784,0.092082,-3.141591,0.000005,-0.000018
7.312573,-0.520009,-0.491251,-4.930000,-0.017000,-0.061000,0.008125,0.433891,-0.311707,0.092084,-3.141592,0.000000,-0.000003
7.316573,-0.520009,-0.491252,-4.930001,-0.017000,-0.061000,0.008125,0.433968,-0.311629,0.092084,-3.141592,0.000001,0.000009
7.320581,-0.520009,-0.491246,-4.930000,-0.017000,-0.061000,0.008125,0.434062,-0.311532,0.092085,3.141591,-0.000004,0.000025
7.324573,-0.520009,-0.491246,-4.930000,-0.017000,-0.061000,0.008125,0.434120,-0.311474,0.092084,3.141591,-0.000003,0.000042
7.328572,-0.520008,-0.491240,-4.930000,-0.017000,-0.061000,0.008125,0.434197,-0.311396,0.092085,3.141589,-0.000009,0.000007
7.332574,-0.520008,-0.491240,-4.930000,-0.017000,-0.061000,0.008125,0.434275,-0.311318,0.092084,3.141589,-0.000009,0.000012
7.336574,-0.520008,-0.491240,-4.930000,-0.017000,-0.061000,0.008125,0.434275,-0.311318,0.092084,3.141589,-0.000009,0.000012
7.340584,-0.520008,-0.491234,-4.930000,-0.017000,-0.061000,0.008125,0.434441,-0.311144,0.092085,3.141588,-0.000014,0.000043
7.344579,-0.610008,-0.561241,-5.290000,-0.016000,-0.068000,0.008125,0.434513,-0.311066,0.092083,3.141590,-0.000008,0.000037
7.348578,-0.610008,-0.561240,-5.290000,-0.016000,-0.068000,0.008125,0.434587,-0.310989,0.092082,3.141590,-0.000008,0.000017
7.352579,-0.610008,-0.561241,-5.290000,-0.016000,-0.068000,0.008125,0.434662,-0.310912,0.092082,3.141590,-0.000007,-0.000002
7.356575,-0.610008,-0.561241,-5.290000,-0.016000,-0.068000,0.008125,0.434735,-0.310835,0.092081,3.141590,-0.000008,-0.000021
7.360578,-0.610009,-0.561248,-5.290000,-0.016000,-0.068000,0.008125,0.434808,-0.310758,0.092080,3.141592,-0.000002,-0.000041
7.364579,-0.610009,-0.561247,-5.290000,-0.016000,-0.068000,0.008125,0.434881,-0.310680,0.092079,3.141592,-0.000002,-0.000054
7.368576,-0.610009,-0.561254,-5.290001,-0.016000,-0.068000,0.008125,0.434953,-0.310603,0.092077,-3.141591,0.000004,-0.000060
7.372583,-0.610009,-0.561253,-5.290001,-0.016000,-0.068000,0.008125,0.435027,-0.310528,0.092076,-3.141592,0.000002,-0.000057
7.376581,-0.610010,-0.561260,-5.290001,-0.016000,-0.068000,0.008125,0.435100,-0.310451,0.092074,-3.141590,0.000008,-0.000042
7.380579,-0.620010,-0.561259,-5.300001,-0.017000,-0.068000,0.008125,0.435173,-0.310373,0.092073,-3.141590,0.000008,-0.000028
7.384577,-0.600010,-0.561260,-5.320001,-0.018000,-0.066000,0.008125,0.435248,-0.310297,0.092073,-3.141590,0.000009,-0.000014
7.388580,-0.600010,-0.561260,-5.320001,-0.018000,-0.066000,0.008125,0.435321,-0.310219,0.092072,-3.141590,0.000008,-0.000006
7.392539,-0.600010,-0.561267,-5.320001,-0.018000,-0.066000,0.008125,0.435393,-0.310142,0.092071,-3.141588,0.000014,-0.000006
7.396576,-0.600010,-0.561266,-5.320001,-0.018000,-0.066000,0.008125,0.435467,-0.310064,0.092070,-3.141588,0.000014,-0.000005
7.400575,-0.600010,-0.561267,-5.320001,-0.018000,-0.066000,0.008125,0.435541,-0.309987,0.092070,-3.141588,0.000014,-0.000011
7.404579,-0.600011,-0.561274,-5.320001,-0.018000,-0.066000,0.008125,0.435614,-0.309910,0.092068,-3.141586,0.000020,-0.000010
7.408579,-0.600011,-0.561274,-5.320001,-0.018000,-0.066000,0.008125,0.435687,-0.309832,0.092067,-3.141586,0.000020,-0.000023
7.412555,-0.600011,-0.561275,-5.320001,-0.018000,-0.066000,0.008125,0.435762,-0.309756,0.092067,-3.141585,0.000021,-0.000035
7.416580,-0.600011,-0.561282,-5.320002,-0.018000,-0.066000,0.008125,0.435834,-0.309678,0.092066,-3.141583,0.000027,-0.000048
7.420581,-0.600011,-0.561278,-5.320002,-0.018000,-0.066000,0.008125,0.435909,-0.309601,0.092068,-3.141585,0.000023,-0.000067
7.424576,-0.590010,-0.531271,-5.520001,-0.021000,-0.065000,0.008125,0.435984,-0.309524,0.092069,-3.141586,0.000018,-0.000080
7.428582,-0.590011,-0.531278,-5.520002,-0.021000,-0.065000,0.008125,0.436057,-0.309447,0.092067,-3.141584,0.000024,-0.000086
7.432599,-0.590011,-0.531279,-5.520002,-0.021000,-0.065000,0.008125,0.436131,-0.309370,0.092067,-3.141584,0.000024,-0.000079
7.436577,-0.590011,-0.531279,-5.520002,-0.021000,-0.065000,0.008125,0.436131,-0.309370,0.092067,-3.141584,0.000024,-0.000079
7.440576,-0.590011,-0.531275,-5.520001,-0.021000,-0.065000,0.008125,0.436279,-0.309215,0.092068,-3.141586,0.000021,-0.000063
7.444581,-0.590011,-0.531283,-5.520002,-0.021000,-0.065000,0.008125,0.436355,-0.309136,0.092068,-3.141583,0.000028,-0.000092
7.448579,-0.590011,-0.531277,-5.520002,-0.021000,-0.065000,0.008125,0.436449,-0.309039,0.092069,-3.141585,0.000023,-0.000028
7.452576,-0.590011,-0.531278,-5.520002,-0.021000,-0.065000,0.008125,0.436523,-0.308961,0.092069,-3.141585,0.000023,-0.000027
7.456584,-0.590011,-0.531273,-5.520001,-0.021000,-0.065000,0.008125,0.436601,-0.308883,0.092070,-3.141586,0.000019,-0.000015
7.460581,-0.580010,-0.541269,-5.650001,-0.022000,-0.066000,0.010125,0.436676,-0.308806,0.092072,-3.141587,0.000016,-0.000008
7.464578,-0.570010,-0.521270,-5.890001,-0.024000,-0.068000,0.010125,0.436751,-0.308729,0.092072,-3.141587,0.000017,-0.000007
7.468576,-0.570010,-0.521263,-5.890001,-0.024000,-0.068000,0.010125,0.436827,-0.308650,0.092073,-3.141589,0.000011,-0.000008
7.472576,-0.570010,-0.521264,-5.890001,-0.024000,-0.068000,0.010125,0.436902,-0.308573,0.092073,-3.141589,0.000012,-0.000021
7.476549,-0.570010,-0.521265,-5.890001,-0.024000,-0.068000,0.010125,0.436976,-0.308496,0.092073,-3.141588,0.000013,-0.000034
7.480575,-0.570010,-0.521260,-5.890001,-0.024000,-0.068000,0.010125,0.437053,-0.308419,0.092075,-3.141590,0.000008,-0.000046
7.484587,-0.570010,-0.521261,-5.890001,-0.024000,-0.068000,0.010125,0.437128,-0.308340,0.092075,-3.141589,0.000009,-0.000048
7.488574,-0.570010,-0.521262,-5.890001,-0.024000,-0.068000,0.010125,0.437203,-0.308263,0.092075,-3.141589,0.000010,-0.000054
7.492543,-0.570009,-0.521250,-5.890000,-0.024000,-0.068000,0.010125,0.437280,-0.308187,0.092077,3.141592,-0.000001,-0.000053
7.496581,-0.570009,-0.521251,-5.890000,-0.024000,-0.068000,0.010125,0.437356,-0.308107,0.092077,-3.141593,0.000000,-0.000041
7.500576,-0.630009,-0.561245,-5.860000,-0.021000,-0.070000,0.011125,0.437433,-0.308031,0.092078,3.141591,-0.000004,-0.000034
7.504573,-0.630009,-0.561246,-5.860000,-0.021000,-0.070000,0.011125,0.437507,-0.307954,0.092078,3.141592,-0.000003,-0.000026
7.508551,-0.630009,-0.561246,-5.860000,-0.021000,-0.070000,0.011125,0.437583,-0.307877,0.092078,3.141592,-0.000003,-0.000019
7.512532,-0.630009,-0.561247,-5.860000,-0.021000,-0.070000,0.011125,0.437659,-0.307798,0.092078,3.141592,-0.000002,-0.000007
7.516572,-0.630008,-0.561242,-5.860000,-0.021000,-0.070000,0.011125,0.437735,-0.307721,0.092079,3.141590,-0.000007,0.000001
7.520572,-0.630009,-0.561251,-5.860001,-0.021000,-0.070000,0.011125,0.437809,-0.307643,0.092079,-3.141592,0.000001,0.000009
7.524581,-0.630009,-0.561246,-5.860000,-0.021000,-0.070000,0.011125,0.437886,-0.307567,0.092080,3.141591,-0.000004,0.000009
7.528575,-0.630008,-0.561233,-5.860000,-0.021000,-0.070000,0.011125,0.437963,-0.307490,0.092082,3.141588,-0.000014,0.000010
7.532573,-0.630008,-0.561239,-5.860000,-0.021000,-0.070000,0.011125,0.438038,-0.307411,0.092080,3.141589,-0.000009,0.000009
7.536574,-0.630007,-0.561229,-5.860000,-0.021000,-0.070000,0.011125,0.438116,-0.307332,0.092084,3.141587,-0.000018,0.000007
7.540586,-0.610008,-0.561235,-5.700000,-0.020000,-0.069000,0.011125,0.438193,-0.307251,0.092082,3.141588,-0.000013,-0.000003
7.544575,-0.600008,-0.561236,-5.680000,-0.020000,-0.069000,0.011125,0.438271,-0.307167,0.092082,3.141589,-0.000012,-0.000002
7.548577,-0.600007,-0.561226,-5.680000,-0.020000,-0.069000,0.011125,0.438351,-0.307087,0.092086,3.141586,-0.000021,-0.000006
7.552574,-0.600007,-0.561227,-5.680000,-0.020000,-0.069000,0.011125,0.438429,-0.307003,0.092086,3.141586,-0.000020,-0.000005
7.556574,-0.600007,-0.561222,-5.679999,-0.020000,-0.069000,0.011125,0.438508,-0.306923,0.092087,3.141584,-0.000024,-0.000009
7.560575,-0.600007,-0.561223,-5.679999,-0.020000,-0.069000,0.011125,0.438585,-0.306841,0.092087,3.141585,-0.000023,0.000001
7.564573,-0.600007,-0.561223,-5.679999,-0.020000,-0.069000,0.011125,0.438585,-0.306841,0.092087,3.141585,-0.000023,0.000001
7.568572,-0.600006,-0.561219,-5.679999,-0.020000,-0.069000,0.011125,0.438743,-0.306677,0.092089,3.141584,-0.000027,0.000012
7.572574,-0.600007,-0.561227,-5.680000,-0.020000,-0.069000,0.011125,0.438819,-0.306595,0.092088,3.141586,-0.000019,0.000015
7.576578,-0.600007,-0.561228,-5.680000,-0.020000,-0.069000,0.011125,0.438896,-0.306513,0.092088,3.141586,-0.000019,0.000018
7.580545,-0.600007,-0.561229,-5.680000,-0.020000,-0.069000,0.011125,0.438974,-0.306430,0.092088,3.141587,-0.000018,0.000025
7.584576,-0.630007,-0.581224,-5.509999,-0.019000,-0.069000,0.012125,0.439052,-0.306351,0.092090,3.141585,-0.000022,-0.000023
7.588577,-0.630008,-0.581240,-5.510000,-0.019000,-0.069000,0.012125,0.439127,-0.306269,0.092088,3.141590,-0.000009,-0.000020
7.592539,-0.630007,-0.581228,-5.510000,-0.019000,-0.069000,0.012125,0.439227,-0.306166,0.092091,3.141586,-0.000019,0.000030
7.596575,-0.630007,-0.581229,-5.510000,-0.019000,-0.069000,0.012125,0.439304,-0.306084,0.092091,3.141587,-0.000018,0.000026
7.600580,-0.630007,-0.581229,-5.510000,-0.019000,-0.069000,0.012125,0.439304,-0.306084,0.092091,3.141587,-0.000018,0.000026
7.604581,-0.630008,-0.581238,-5.510000,-0.019000,-0.069000,0.012125,0.439459,-0.305921,0.092089,3.141589,-0.000011,0.000019
7.608588,-0.630008,-0.581239,-5.510000,-0.019000,-0.069000,0.012125,0.439536,-0.305839,0.092089,3.141589,-0.000010,0.000015
7.612604,-0.630008,-0.581233,-5.510000,-0.019000,-0.069000,0.012125,0.439614,-0.305758,0.092091,3.141588,-0.000014,0.000012
7.616578,-0.630008,-0.581239,-5.510000,-0.019000,-0.069000,0.012125,0.439691,-0.305676,0.092089,3.141590,-0.000009,0.000008
7.620581,-0.630008,-0.581240,-5.510000,-0.019000,-0.069000,0.012125,0.439768,-0.305595,0.092089,3.141590,-0.000008,0.000011
7.624578,-0.620008,-0.531235,-5.340000,-0.020000,-0.066000,0.011125,0.439845,-0.305516,0.092090,3.141588,-0.000013,0.000010
7.628576,-0.620008,-0.531235,-5.340000,-0.020000,-0.066000,0.011125,0.439845,-0.305516,0.092090,3.141588,-0.000013,0.000010
7.632580,-0.620009,-0.531249,-5.340000,-0.020000,-0.066000,0.011125,0.439999,-0.305352,0.092086,3.141592,-0.000001,-0.000004
7.636576,-0.620009,-0.531249,-5.340000,-0.020000,-0.066000,0.011125,0.439999,-0.305352,0.092086,3.141592,-0.000001,-0.000004
7.640577,-0.620009,-0.531250,-5.340000,-0.020000,-0.066000,0.011125,0.440076,-0.305270,0.092086,3.141593,-0.000000,-0.000008
7.644570,-0.620010,-0.531260,-5.340001,-0.020000,-0.066000,0.011125,0.440234,-0.305106,0.092086,-3.141590,0.000008,-0.000011
7.648578,-0.620010,-0.531267,-5.340001,-0.020000,-0.066000,0.011125,0.440312,-0.305024,0.092085,-3.141588,0.000014,-0.000015
7.652575,-0.620010,-0.531267,-5.340001,-0.020000,-0.066000,0.011125,0.440391,-0.304941,0.092084,-3.141588,0.000014,-0.000014
7.656578,-0.620010,-0.531262,-5.340001,-0.020000,-0.066000,0.011125,0.440469,-0.304862,0.092085,-3.141589,0.000010,-0.000022
7.660578,-0.620011,-0.531270,-5.340001,-0.020000,-0.066000,0.011125,0.440548,-0.304778,0.092084,-3.141587,0.000017,-0.000021
7.664578,-0.600010,-0.481265,-5.320001,-0.023000,-0.063000,0.011125,0.440627,-0.304697,0.092086,-3.141589,0.000012,-0.000018
7.668578,-0.600010,-0.481265,-5.320001,-0.023000,-0.063000,0.011125,0.440705,-0.304615,0.092085,-3.141589,0.000012,-0.000015
7.672583,-0.600010,-0.481265,-5.320001,-0.023000,-0.063000,0.011125,0.440705,-0.304615,0.092085,-3.141589,0.000012,-0.000015
7.676576,-0.600009,-0.481254,-5.320001,-0.023000,-0.063000,0.011125,0.440788,-0.304533,0.092088,-3.141592,0.000003,-0.000007
7.680577,-0.600010,-0.481258,-5.320001,-0.023000,-0.063000,0.011125,0.440946,-0.304371,0.092089,-3.141591,0.000006,-0.000008
7.684586,-0.600010,-0.481258,-5.320001,-0.023000,-0.063000,0.011125,0.440946,-0.304371,0.092089,-3.141591,0.000006,-0.000008
7.688576,-0.600010,-0.481257,-5.320001,-0.023000,-0.063000,0.011125,0.441024,-0.304289,0.092088,-3.141591,0.000006,-0.000005
7.692551,-0.600010,-0.481259,-5.320001,-0.023000,-0.063000,0.011125,0.441123,-0.304187,0.092089,-3.141590,0.000008,-0.000020
7.696586,-0.600009,-0.481254,-5.320001,-0.023000,-0.063000,0.011125,0.441183,-0.304127,0.092090,-3.141592,0.000003,-0.000026
7.700577,-0.600009,-0.481250,-5.320000,-0.023000,-0.063000,0.011125,0.441283,-0.304026,0.092092,3.141593,-0.000000,-0.000034
7.704577,-0.600008,-0.471244,-5.330000,-0.024000,-0.063000,0.010125,0.441343,-0.303965,0.092093,3.141591,-0.000005,-0.000040
7.708541,-0.580009,-0.501252,-5.500001,-0.024000,-0.064000,0.010125,0.441423,-0.303881,0.092092,-3.141592,0.000001,-0.000086
7.712577,-0.580009,-0.501256,-5.500001,-0.024000,-0.064000,0.010125,0.441502,-0.303800,0.092094,-3.141591,0.000005,-0.000090
7.716549,-0.580008,-0.501244,-5.500000,-0.024000,-0.064000,0.010125,0.441588,-0.303721,0.092096,3.141591,-0.000005,-0.000087
7.720575,-0.580009,-0.501252,-5.500001,-0.024000,-0.064000,0.010125,0.441681,-0.303618,0.092095,-3.141592,0.000001,-0.000034
7.724578,-0.580009,-0.501245,-5.500000,-0.024000,-0.064000,0.010125,0.441762,-0.303537,0.092096,3.141591,-0.000004,-0.000024
7.728574,-0.580009,-0.501245,-5.500000,-0.024000,-0.064000,0.010125,0.441840,-0.303455,0.092095,3.141591,-0.000004,-0.000008
7.732575,-0.580009,-0.501245,-5.500000,-0.024000,-0.064000,0.010125,0.441917,-0.303375,0.092094,3.141591,-0.000004,-0.000003
7.736577,-0.580009,-0.501247,-5.500000,-0.024000,-0.064000,0.010125,0.441995,-0.303296,0.092095,3.141592,-0.000003,0.000003
7.740580,-0.580009,-0.501247,-5.500000,-0.024000,-0.064000,0.010125,0.442072,-0.303216,0.092094,3.141592,-0.000003,0.000015
7.744577,-0.570009,-0.491253,-5.410001,-0.022000,-0.064000,0.009125,0.442146,-0.303136,0.092092,-3.141592,0.000002,0.000020
7.748575,-0.570009,-0.491245,-5.410000,-0.022000,-0.064000,0.009125,0.442222,-0.303058,0.092091,3.141591,-0.000004,0.000014
7.752583,-0.570009,-0.491245,-5.410000,-0.022000,-0.064000,0.009125,0.442298,-0.302981,0.092091,3.141591,-0.000004,0.000008
7.756576,-0.570009,-0.491251,-5.410000,-0.022000,-0.064000,0.009125,0.442372,-0.302900,0.092088,-3.141592,0.000001,0.000007
7.760582,-0.570009,-0.491251,-5.410000,-0.022000,-0.064000,0.009125,0.442448,-0.302822,0.092088,-3.141592,0.000001,0.000001
7.764580,-0.570010,-0.491257,-5.410001,-0.022000,-0.064000,0.009125,0.442521,-0.302744,0.092085,-3.141591,0.000006,-0.000012
7.768578,-0.570010,-0.491257,-5.410001,-0.022000,-0.064000,0.009125,0.442596,-0.302666,0.092085,-3.141591,0.000006,-0.000018
7.772578,-0.570011,-0.491271,-5.410001,-0.022000,-0.064000,0.009125,0.442669,-0.302587,0.092082,-3.141587,0.000018,-0.000024
7.776579,-0.570011,-0.491271,-5.410001,-0.022000,-0.064000,0.009125,0.442744,-0.302509,0.092081,-3.141587,0.000017,-0.000030
7.780583,-0.570011,-0.491277,-5.410001,-0.022000,-0.064000,0.009125,0.442817,-0.302431,0.092079,-3.141585,0.000023,-0.000029
7.784581,-0.540011,-0.521278,-5.260002,-0.018000,-0.063000,0.009125,0.442891,-0.302352,0.092079,-3.141585,0.000023,-0.000021
7.788580,-0.540012,-0.521285,-5.260002,-0.018000,-0.063000,0.009125,0.442965,-0.302274,0.092077,-3.141583,0.000030,-0.000007
7.792540,-0.540012,-0.521280,-5.260002,-0.018000,-0.063000,0.009125,0.443041,-0.302196,0.092079,-3.141584,0.000026,0.000007
7.796575,-0.540012,-0.521281,-5.260002,-0.018000,-0.063000,0.009125,0.443115,-0.302116,0.092079,-3.141584,0.000026,0.000026
7.800574,-0.540011,-0.521274,-5.260001,-0.018000,-0.063000,0.009125,0.443191,-0.302038,0.092079,-3.141586,0.000020,0.000040
7.804583,-0.540011,-0.521275,-5.260001,-0.018000,-0.063000,0.009125,0.443265,-0.301959,0.092079,-3.141586,0.000021,0.000041
7.808582,-0.540011,-0.521277,-5.260002,-0.018000,-0.063000,0.009125,0.443341,-0.301879,0.092080,-3.141585,0.000023,0.000046
7.812583,-0.540011,-0.521277,-5.260002,-0.018000,-0.063000,0.009125,0.443417,-0.301799,0.092079,-3.141585,0.000023,0.000045
7.816589,-0.540012,-0.521278,-5.260002,-0.018000,-0.063000,0.009125,0.443491,-0.301720,0.092079,-3.141585,0.000024,0.000039
7.820575,-0.540012,-0.521278,-5.260002,-0.018000,-0.063000,0.009125,0.443566,-0.301642,0.092078,-3.141585,0.000024,0.000026
7.824575,-0.540012,-0.521281,-5.260002,-0.018000,-0.063000,0.009125,0.443641,-0.301564,0.092079,-3.141584,0.000026,0.000013
7.828577,-0.630011,-0.581276,-5.590001,-0.018000,-0.071000,0.011125,0.443717,-0.301484,0.092081,-3.141586,0.000021,0.000005
7.832575,-0.630011,-0.581276,-5.590001,-0.018000,-0.071000,0.011125,0.443791,-0.301408,0.092080,-3.141586,0.000021,-0.000012
7.836577,-0.630012,-0.581283,-5.590002,-0.018000,-0.071000,0.011125,0.443866,-0.301329,0.092078,-3.141584,0.000028,-0.000072
7.840580,-0.630011,-0.581267,-5.590001,-0.018000,-0.071000,0.011125,0.443946,-0.301255,0.092084,-3.141588,0.000014,-0.000082
7.844551,-0.630012,-0.581285,-5.590002,-0.018000,-0.071000,0.011125,0.444033,-0.301157,0.092078,-3.141583,0.000029,-0.000023
7.848630,-0.630011,-0.581274,-5.590001,-0.018000,-0.071000,0.011125,0.444109,-0.301081,0.092081,-3.141586,0.000020,-0.000007
7.852571,-0.630011,-0.581268,-5.590001,-0.018000,-0.071000,0.011125,0.444185,-0.301006,0.092082,-3.141588,0.000015,0.000010
7.856576,-0.630011,-0.581275,-5.590001,-0.018000,-0.071000,0.011125,0.444260,-0.300927,0.092081,-3.141586,0.000021,0.000024
7.860580,-0.630011,-0.581269,-5.590001,-0.018000,-0.071000,0.011125,0.444336,-0.300852,0.092082,-3.141587,0.000016,0.000034
7.864578,-0.670010,-0.611263,-5.810001,-0.019000,-0.074000,0.011125,0.444412,-0.300776,0.092082,-3.141589,0.000011,0.000044
7.868576,-0.670010,-0.611257,-5.810001,-0.019000,-0.074000,0.011125,0.444489,-0.300699,0.092083,-3.141591,0.000006,0.000044
7.872584,-0.670009,-0.611246,-5.810000,-0.019000,-0.074000,0.011125,0.444565,-0.300623,0.092086,3.141591,-0.000004,0.000041
7.876579,-0.670009,-0.611246,-5.810000,-0.019000,-0.074000,0.011125,0.444639,-0.300547,0.092086,3.141591,-0.000004,0.000030
7.880583,-0.670009,-0.611247,-5.810000,-0.019000,-0.074000,0.011125,0.444715,-0.300469,0.092086,3.141592,-0.000002,0.000018
7.884574,-0.670008,-0.611241,-5.810000,-0.019000,-0.074000,0.011125,0.444791,-0.300394,0.092087,3.141590,-0.000008,0.000000
7.888589,-0.670008,-0.611243,-5.810000,-0.019000,-0.074000,0.011125,0.444867,-0.300316,0.092087,3.141591,-0.000006,-0.000012
7.892577,-0.670008,-0.611243,-5.810000,-0.019000,-0.074000,0.011125,0.444941,-0.300239,0.092086,3.141591,-0.000006,-0.000030
7.896581,-0.670008,-0.611244,-5.810000,-0.019000,-0.074000,0.011125,0.445016,-0.300163,0.092086,3.141591,-0.000005,-0.000047
7.900578,-0.640009,-0.601247,-5.810000,-0.021000,-0.071000,0.010125,0.445089,-0.300087,0.092087,3.141592,-0.000003,-0.000104
7.904575,-0.590008,-0.581241,-5.770000,-0.022000,-0.068000,0.010125,0.445167,-0.300009,0.092088,3.141590,-0.000008,-0.000056
7.908577,-0.590008,-0.581241,-5.770000,-0.022000,-0.068000,0.010125,0.445240,-0.299933,0.092087,3.141590,-0.000008,-0.000053
7.912576,-0.590008,-0.581243,-5.770000,-0.022000,-0.068000,0.010125,0.445313,-0.299856,0.092088,3.141591,-0.000006,-0.000050
7.916582,-0.590008,-0.581245,-5.770000,-0.022000,-0.068000,0.010125,0.445390,-0.299778,0.092088,3.141591,-0.000005,-0.000036
7.920578,-0.590008,-0.581239,-5.770000,-0.022000,-0.068000,0.010125,0.445463,-0.299702,0.092090,3.141590,-0.000009,-0.000026
7.924577,-0.590008,-0.581239,-5.770000,-0.022000,-0.068000,0.010125,0.445537,-0.299625,0.092089,3.141590,-0.000009,-0.000017
7.928577,-0.590007,-0.581234,-5.770000,-0.022000,-0.068000,0.010125,0.445612,-0.299547,0.092091,3.141588,-0.000014,-0.000016
7.932581,-0.590007,-0.581236,-5.770000,-0.022000,-0.068000,0.010125,0.445688,-0.299469,0.092091,3.141589,-0.000012,-0.000008
7.936584,-0.590008,-0.581238,-5.770000,-0.022000,-0.068000,0.010125,0.445763,-0.299390,0.092092,3.141589,-0.000010,-0.000014
7.940585,-0.590008,-0.581238,-5.770000,-0.022000,-0.068000,0.010125,0.445839,-0.299309,0.092091,3.141589,-0.000010,-0.000023
7.944586,-0.590008,-0.581238,-5.770000,-0.022000,-0.068000,0.010125,0.445839,-0.299309,0.092091,3.141589,-0.000010,-0.000023
7.948587,-0.540009,-0.501248,-5.650000,-0.024000,-0.065000,0.008125,0.445993,-0.299144,0.092091,3.141592,-0.000002,-0.000037
7.952582,-0.540009,-0.501248,-5.650000,-0.024000,-0.065000,0.008125,0.446070,-0.299061,0.092090,3.141592,-0.000002,-0.000047
7.956578,-0.540008,-0.501245,-5.650000,-0.024000,-0.065000,0.008125,0.446148,-0.298981,0.092093,3.141591,-0.000005,-0.000062
7.960583,-0.540008,-0.501245,-5.650000,-0.024000,-0.065000,0.008125,0.446226,-0.298898,0.092092,3.141591,-0.000005,-0.000126
7.964578,-0.540009,-0.501252,-5.650001,-0.024000,-0.065000,0.008125,0.446301,-0.298817,0.092090,-3.141592,0.000002,-0.000134
7.968580,-0.540009,-0.501254,-5.650001,-0.024000,-0.065000,0.008125,0.446398,-0.298714,0.092091,-3.141592,0.000003,-0.000075
7.972580,-0.540010,-0.501261,-5.650001,-0.024000,-0.065000,0.008125,0.446476,-0.298634,0.092089,-3.141590,0.000009,-0.000070
7.976581,-0.540010,-0.501256,-5.650001,-0.024000,-0.065000,0.008125,0.446553,-0.298551,0.092090,-3.141591,0.000004,-0.000053
7.980582,-0.550010,-0.491263,-5.640001,-0.024000,-0.065000,0.008125,0.446628,-0.298470,0.092089,-3.141589,0.000011,-0.000041
7.984577,-0.560010,-0.451257,-5.600001,-0.024000,-0.066000,0.008125,0.446707,-0.298390,0.092090,-3.141591,0.000006,-0.000029
7.988574,-0.560010,-0.451264,-5.600001,-0.024000,-0.066000,0.008125,0.446783,-0.298307,0.092088,-3.141589,0.000012,-0.000013
7.992577,-0.560010,-0.451258,-5.600001,-0.024000,-0.066000,0.008125,0.446861,-0.298227,0.092089,-3.141590,0.000007,-0.000014
7.996577,-0.560011,-0.451266,-5.600001,-0.024000,-0.066000,0.008125,0.446937,-0.298146,0.092088,-3.141588,0.000013,-0.000009
8.000578,-0.560010,-0.451262,-5.600001,-0.024000,-0.066000,0.008125,0.447016,-0.298063,0.092090,-3.141589,0.000010,-0.000006
8.004580,-0.560011,-0.451270,-5.600001,-0.024000,-0.066000,0.008125,0.447091,-0.297982,0.092089,-3.141587,0.000017,-0.000007
8.008581,-0.560011,-0.451271,-5.600001,-0.024000,-0.066000,0.008125,0.447168,-0.297902,0.092089,-3.141587,0.000018,-0.000015
8.012579,-0.560011,-0.451265,-5.600001,-0.024000,-0.066000,0.008125,0.447248,-0.297819,0.092090,-3.141589,0.000013,-0.000026
8.016576,-0.560010,-0.451262,-5.600001,-0.024000,-0.066000,0.008125,0.447326,-0.297739,0.092092,-3.141590,0.000010,-0.000034
8.020576,-0.620010,-0.521263,-5.720001,-0.022000,-0.070000,0.009125,0.447403,-0.297659,0.092093,-3.141589,0.000011,-0.000042
8.024578,-0.620010,-0.521259,-5.720001,-0.022000,-0.070000,0.009125,0.447483,-0.297579,0.092094,-3.141590,0.000007,-0.000044
8.028578,-0.620010,-0.521260,-5.720001,-0.022000,-0.070000,0.009125,0.447560,-0.297498,0.092095,-3.141590,0.000008,-0.000038
8.032576,-0.620009,-0.521250,-5.720000,-0.022000,-0.070000,0.009125,0.447641,-0.297417,0.092099,-3.141593,0.000000,-0.000035
8.036581,-0.620011,-0.521264,-5.720001,-0.022000,-0.070000,0.009125,0.447719,-0.297334,0.092096,-3.141589,0.000012,-0.000019
8.040582,-0.620010,-0.521255,-5.720001,-0.022000,-0.070000,0.009125,0.447799,-0.297254,0.092100,-3.141591,0.000004,-0.000013
8.044570,-0.620010,-0.521255,-5.720001,-0.022000,-0.070000,0.009125,0.447880,-0.297172,0.092099,-3.141591,0.000004,-0.000004
8.048604,-0.620010,-0.521255,-5.720001,-0.022000,-0.070000,0.009125,0.447880,-0.297172,0.092099,-3.141591,0.000004,-0.000004
8.052580,-0.620009,-0.521246,-5.720000,-0.022000,-0.070000,0.009125,0.448041,-0.297008,0.092103,3.141592,-0.000004,0.000016
8.056579,-0.620009,-0.521248,-5.720000,-0.022000,-0.070000,0.009125,0.448119,-0.296927,0.092103,3.141592,-0.000002,0.000021
8.060550,-0.630008,-0.571242,-5.790000,-0.020000,-0.071000,0.009125,0.448201,-0.296846,0.092104,3.141590,-0.000007,0.000024
8.064578,-0.630009,-0.571251,-5.790000,-0.020000,-0.071000,0.009125,0.448278,-0.296765,0.092104,-3.141592,0.000001,0.000023
8.068583,-0.630009,-0.571251,-5.790000,-0.020000,-0.071000,0.009125,0.448358,-0.296683,0.092103,-3.141592,0.000001,0.000019
8.072578,-0.630009,-0.571247,-5.790000,-0.020000,-0.071000,0.009125,0.448439,-0.296601,0.092105,3.141592,-0.000003,0.000016
8.076580,-0.630008,-0.571242,-5.790000,-0.020000,-0.071000,0.009125,0.448520,-0.296519,0.092107,3.141591,-0.000007,0.000012
8.080580,-0.630009,-0.571250,-5.790000,-0.020000,-0.071000,0.009125,0.448599,-0.296438,0.092105,-3.141593,0.000000,0.000004
8.084583,-0.630008,-0.571238,-5.790000,-0.020000,-0.071000,0.009125,0.448680,-0.296356,0.092108,3.141589,-0.000010,0.000007
8.088582,-0.630009,-0.571249,-5.790000,-0.020000,-0.071000,0.009125,0.448762,-0.296277,0.092109,3.141592,-0.000001,-0.000042
8.092585,-0.630009,-0.571249,-5.790000,-0.020000,-0.071000,0.009125,0.448762,-0.296277,0.092109,3.141592,-0.000001,-0.000042
8.096577,-0.630009,-0.571255,-5.790001,-0.020000,-0.071000,0.009125,0.448856,-0.296172,0.092106,-3.141591,0.000004,0.000011
8.100580,-0.630009,-0.571255,-5.790001,-0.020000,-0.071000,0.009125,0.448856,-0.296172,0.092106,-3.141591,0.000004,0.000011
8.104579,-0.620009,-0.621252,-5.520001,-0.016000,-0.069000,0.009125,0.449014,-0.296009,0.092108,-3.141592,0.000001,0.000026
8.108580,-0.620010,-0.621258,-5.520001,-0.016000,-0.069000,0.009125,0.449091,-0.295928,0.092106,-3.141591,0.000007,0.000024
8.112582,-0.620010,-0.621263,-5.520001,-0.016000,-0.069000,0.009125,0.449248,-0.295765,0.092107,-3.141589,0.000011,0.000033
8.116577,-0.620011,-0.621264,-5.520001,-0.016000,-0.069000,0.009125,0.449326,-0.295682,0.092107,-3.141589,0.000012,0.000036
8.120575,-0.620011,-0.621266,-5.520001,-0.016000,-0.069000,0.009125,0.449403,-0.295601,0.092107,-3.141589,0.000013,0.000034
8.124576,-0.620011,-0.621267,-5.520001,-0.016000,-0.069000,0.009125,0.449482,-0.295518,0.092107,-3.141588,0.000014,0.000037
8.128574,-0.620011,-0.621268,-5.520001,-0.016000,-0.069000,0.009125,0.449559,-0.295437,0.092108,-3.141588,0.000016,0.000029
8.132544,-0.620011,-0.621265,-5.520001,-0.016000,-0.069000,0.009125,0.449635,-0.295358,0.092110,-3.141589,0.000012,0.000017
8.136583,-0.620011,-0.621265,-5.520001,-0.016000,-0.069000,0.009125,0.449635,-0.295358,0.092110,-3.141589,0.000012,0.000017
8.140583,-0.600011,-0.591272,-5.420001,-0.018000,-0.067000,0.009125,0.449782,-0.295199,0.092108,-3.141587,0.000019,0.000011
8.144580,-0.590012,-0.571275,-5.400001,-0.019000,-0.066000,0.008125,0.449855,-0.295121,0.092109,-3.141586,0.000021,0.000008
8.148579,-0.590012,-0.571275,-5.400001,-0.019000,-0.066000,0.008125,0.449855,-0.295121,0.092109,-3.141586,0.000021,0.000008
8.152582,-0.590012,-0.571276,-5.400001,-0.019000,-0.066000,0.008125,0.449929,-0.295044,0.092109,-3.141586,0.000022,0.000004
8.156577,-0.590011,-0.571270,-5.400001,-0.019000,-0.066000,0.008125,0.450076,-0.294890,0.092109,-3.141587,0.000017,0.000003
8.160578,-0.590012,-0.571278,-5.400002,-0.019000,-0.066000,0.008125,0.450148,-0.294812,0.092108,-3.141585,0.000023,0.000006
8.164574,-0.590012,-0.571278,-5.400002,-0.019000,-0.066000,0.008125,0.450148,-0.294812,0.092108,-3.141585,0.000023,0.000006
8.168576,-0.590012,-0.571279,-5.400002,-0.019000,-0.066000,0.008125,0.450223,-0.294735,0.092108,-3.141585,0.000025,-0.000004
8.172580,-0.590012,-0.571273,-5.400001,-0.019000,-0.066000,0.008125,0.450297,-0.294658,0.092109,-3.141587,0.000020,-0.000008
8.176578,-0.590012,-0.571281,-5.400002,-0.019000,-0.066000,0.008125,0.450369,-0.294580,0.092107,-3.141585,0.000026,-0.000018
8.180596,-0.590011,-0.571268,-5.400001,-0.019000,-0.066000,0.008125,0.450446,-0.294504,0.092110,-3.141588,0.000016,-0.000022
8.184584,-0.590011,-0.571270,-5.400001,-0.019000,-0.066000,0.008125,0.450521,-0.294427,0.092110,-3.141587,0.000017,-0.000026
8.188580,-0.570012,-0.461276,-5.270002,-0.023000,-0.062000,0.008125,0.450596,-0.294347,0.092108,-3.141586,0.000022,-0.000032
8.192574,-0.570010,-0.461264,-5.270001,-0.023000,-0.062000,0.008125,0.450678,-0.294273,0.092110,-3.141589,0.000012,-0.000083
8.196578,-0.570011,-0.461265,-5.270001,-0.023000,-0.062000,0.008125,0.450766,-0.294175,0.092110,-3.141589,0.000013,-0.000041
8.200582,-0.570011,-0.461264,-5.270001,-0.023000,-0.062000,0.008125,0.450840,-0.294098,0.092109,-3.141589,0.000012,-0.000045
8.204585,-0.570010,-0.461260,-5.270001,-0.023000,-0.062000,0.008125,0.450918,-0.294019,0.092110,-3.141590,0.000008,-0.000044
8.208581,-0.570009,-0.461253,-5.270001,-0.023000,-0.062000,0.008125,0.450994,-0.293943,0.092110,-3.141592,0.000002,-0.000041
8.212581,-0.570009,-0.461254,-5.270001,-0.023000,-0.062000,0.008125,0.451068,-0.293865,0.092111,-3.141592,0.000003,-0.000032
8.216576,-0.570010,-0.461261,-5.270001,-0.023000,-0.062000,0.008125,0.451143,-0.293786,0.092108,-3.141590,0.000009,-0.000031
8.220581,-0.570009,-0.461249,-5.270000,-0.023000,-0.062000,0.008125,0.451220,-0.293710,0.092111,3.141592,-0.000001,-0.000028
8.224578,-0.570009,-0.461250,-5.270000,-0.023000,-0.062000,0.008125,0.451294,-0.293632,0.092111,3.141593,-0.000000,-0.000031
8.228579,-0.520008,-0.441243,-5.220000,-0.023000,-0.061000,0.008125,0.451371,-0.293556,0.092111,3.141591,-0.000006,-0.000035
8.232584,-0.520008,-0.441244,-5.220000,-0.023000,-0.061000,0.008125,0.451445,-0.293478,0.092111,3.141591,-0.000005,-0.000046
8.236578,-0.520008,-0.441240,-5.220000,-0.023000,-0.061000,0.008125,0.451522,-0.293399,0.092113,3.141590,-0.000009,-0.000052
8.240578,-0.520007,-0.441234,-5.220000,-0.023000,-0.061000,0.008125,0.451596,-0.293324,0.092114,3.141588,-0.000014,-0.000067
8.244544,-0.520007,-0.441235,-5.220000,-0.023000,-0.061000,0.008125,0.451670,-0.293247,0.092114,3.141589,-0.000013,-0.000070
8.248581,-0.520006,-0.441223,-5.219999,-0.023000,-0.061000,0.008125,0.451746,-0.293170,0.092117,3.141586,-0.000023,-0.000074
8.252575,-0.520006,-0.441225,-5.219999,-0.023000,-0.061000,0.008125,0.451820,-0.293093,0.092117,3.141586,-0.000022,-0.000071
8.256580,-0.520007,-0.441231,-5.220000,-0.023000,-0.061000,0.008125,0.451893,-0.293017,0.092115,3.141588,-0.000016,-0.000079
8.260575,-0.520006,-0.441225,-5.219999,-0.023000,-0.061000,0.008125,0.451967,-0.292940,0.092116,3.141586,-0.000022,-0.000070
8.264583,-0.530006,-0.501227,-5.169999,-0.019000,-0.062000,0.008125,0.452041,-0.292862,0.092116,3.141586,-0.000020,-0.000060
8.268582,-0.530006,-0.501222,-5.169999,-0.019000,-0.062000,0.008125,0.452116,-0.292787,0.092117,3.141585,-0.000024,-0.000055
8.272576,-0.530006,-0.501221,-5.169999,-0.019000,-0.062000,0.008125,0.452190,-0.292710,0.092116,3.141585,-0.000025,-0.000045
8.276581,-0.530006,-0.501228,-5.170000,-0.019000,-0.062000,0.008125,0.452262,-0.292632,0.092115,3.141587,-0.000019,-0.000035
8.280580,-0.530006,-0.501227,-5.170000,-0.019000,-0.062000,0.008125,0.452336,-0.292554,0.092113,3.141587,-0.000020,-0.000025
8.284581,-0.530006,-0.501229,-5.170000,-0.019000,-0.062000,0.008125,0.452408,-0.292478,0.092113,3.141587,-0.000018,-0.000020
8.288579,-0.530006,-0.501228,-5.170000,-0.019000,-0.062000,0.008125,0.452483,-0.292401,0.092112,3.141587,-0.000019,-0.000024
8.292578,-0.530007,-0.501235,-5.170000,-0.019000,-0.062000,0.008125,0.452554,-0.292323,0.092110,3.141589,-0.000013,-0.000028
8.296582,-0.530008,-0.501241,-5.170000,-0.019000,-0.062000,0.008125,0.452646,-0.292226,0.092108,3.141590,-0.000008,-0.000033
8.300578,-0.530007,-0.501230,-5.170000,-0.019000,-0.062000,0.008125,0.452704,-0.292168,0.092111,3.141587,-0.000018,-0.000035
8.304573,-0.530008,-0.461242,-4.940000,-0.019000,-0.061000,0.008125,0.452794,-0.292071,0.092106,3.141590,-0.000007,-0.000048
8.308579,-0.530007,-0.461238,-4.940000,-0.019000,-0.061000,0.008125,0.452850,-0.292014,0.092109,3.141589,-0.000011,-0.000054
8.312577,-0.530008,-0.461243,-4.940000,-0.019000,-0.061000,0.008125,0.452922,-0.291936,0.092106,3.141591,-0.000006,-0.000057
8.316576,-0.530008,-0.461243,-4.940000,-0.019000,-0.061000,0.008125,0.452998,-0.291859,0.092105,3.141591,-0.000006,-0.000061
8.320576,-0.530008,-0.461244,-4.940000,-0.019000,-0.061000,0.008125,0.453077,-0.291783,0.092105,3.141591,-0.000005,-0.000105
8.324539,-0.530008,-0.461246,-4.940000,-0.019000,-0.061000,0.008125,0.453149,-0.291707,0.092105,3.141591,-0.000004,-0.000107
8.328565,-0.530007,-0.461234,-4.940000,-0.019000,-0.061000,0.008125,0.453239,-0.291610,0.092107,3.141588,-0.000014,-0.000045
8.332540,-0.530007,-0.461235,-4.940000,-0.019000,-0.061000,0.008125,0.453312,-0.291532,0.092108,3.141589,-0.000013,-0.000029
8.336585,-0.530008,-0.461242,-4.940000,-0.019000,-0.061000,0.008125,0.453386,-0.291454,0.092105,3.141590,-0.000007,-0.000019
8.340546,-0.530006,-0.461223,-4.939999,-0.019000,-0.061000,0.008125,0.453465,-0.291378,0.092110,3.141586,-0.000023,-0.000003
8.344535,-0.530005,-0.461219,-4.939999,-0.019000,-0.061000,0.008125,0.453540,-0.291300,0.092111,3.141585,-0.000027,0.000007
8.348583,-0.600006,-0.551225,-4.959999,-0.015000,-0.065000,0.010125,0.453614,-0.291222,0.092109,3.141586,-0.000021,0.000017
8.352581,-0.600005,-0.551215,-4.959999,-0.015000,-0.065000,0.010125,0.453692,-0.291146,0.092113,3.141584,-0.000030,0.000020
8.356587,-0.600005,-0.551215,-4.959999,-0.015000,-0.065000,0.010125,0.453767,-0.291068,0.092112,3.141584,-0.000030,0.000016
8.360631,-0.600004,-0.551211,-4.959999,-0.015000,-0.065000,0.010125,0.453843,-0.290991,0.092114,3.141583,-0.000034,0.000006
8.364594,-0.600004,-0.551211,-4.959999,-0.015000,-0.065000,0.010125,0.453919,-0.290914,0.092113,3.141583,-0.000034,-0.000005
8.368586,-0.600004,-0.551213,-4.959999,-0.015000,-0.065000,0.010125,0.453992,-0.290836,0.092113,3.141583,-0.000032,-0.000015
8.372579,-0.600005,-0.551221,-4.959999,-0.015000,-0.065000,0.010125,0.454068,-0.290756,0.092112,3.141585,-0.000025,-0.000021
8.376588,-0.600005,-0.551221,-4.959999,-0.015000,-0.065000,0.010125,0.454144,-0.290678,0.092112,3.141585,-0.000025,-0.000032
8.380581,-0.600005,-0.551216,-4.959999,-0.015000,-0.065000,0.010125,0.454219,-0.290601,0.092113,3.141584,-0.000029,-0.000049
8.384580,-0.600005,-0.561217,-4.969999,-0.017000,-0.063000,0.010125,0.454295,-0.290524,0.092113,3.141584,-0.000029,-0.000059
8.388579,-0.600005,-0.561217,-4.969999,-0.017000,-0.063000,0.010125,0.454370,-0.290446,0.092112,3.141584,-0.000028,-0.000050
8.392574,-0.600006,-0.561225,-4.969999,-0.017000,-0.063000,0.010125,0.454445,-0.290368,0.092111,3.141586,-0.000021,-0.000040
8.396573,-0.600006,-0.561224,-4.969999,-0.017000,-0.063000,0.010125,0.454519,-0.290290,0.092110,3.141586,-0.000022,-0.000023
8.400582,-0.600007,-0.561232,-4.970000,-0.017000,-0.063000,0.010125,0.454594,-0.290213,0.092108,3.141588,-0.000015,-0.000007
8.404506,-0.600006,-0.561228,-4.970000,-0.017000,-0.063000,0.010125,0.454669,-0.290135,0.092110,3.141587,-0.000019,0.000003
8.408530,-0.600007,-0.561236,-4.970000,-0.017000,-0.063000,0.010125,0.454744,-0.290057,0.092109,3.141589,-0.000012,0.000019
8.412531,-0.600007,-0.561236,-4.970000,-0.017000,-0.063000,0.010125,0.454818,-0.289982,0.092108,3.141589,-0.000012,0.000018
8.416536,-0.600007,-0.561232,-4.970000,-0.017000,-0.063000,0.010125,0.454894,-0.289904,0.092110,3.141588,-0.000016,0.000021
8.420581,-0.600007,-0.561232,-4.970000,-0.017000,-0.063000,0.010125,0.454970,-0.289824,0.092110,3.141588,-0.000016,0.000022
8.424580,-0.550009,-0.501248,-4.790000,-0.019000,-0.058000,0.008125,0.455048,-0.289747,0.092108,3.141592,-0.000002,-0.000036
8.428577,-0.520009,-0.461251,-4.740000,-0.021000,-0.056000,0.008125,0.455136,-0.289649,0.092109,-3.141592,0.000001,-0.000008
8.432577,-0.520009,-0.461252,-4.740001,-0.021000,-0.056000,0.008125,0.455194,-0.289588,0.092109,-3.141592,0.000002,-0.000066
8.436579,-0.520010,-0.461260,-4.740001,-0.021000,-0.056000,0.008125,0.455275,-0.289510,0.092107,-3.141590,0.000008,-0.000085
8.440579,-0.520011,-0.461269,-4.740001,-0.021000,-0.056000,0.008125,0.455365,-0.289405,0.092107,-3.141588,0.000016,-0.000051
8.444569,-0.520012,-0.461277,-4.740002,-0.021000,-0.056000,0.008125,0.455442,-0.289323,0.092106,-3.141586,0.000023,-0.000066
8.448578,-0.520013,-0.461285,-4.740002,-0.021000,-0.056000,0.008125,0.455521,-0.289239,0.092105,-3.141584,0.000029,-0.000069
8.452578,-0.520013,-0.461279,-4.740002,-0.021000,-0.056000,0.008125,0.455601,-0.289157,0.092106,-3.141585,0.000025,-0.000071
8.456547,-0.520013,-0.461279,-4.740002,-0.021000,-0.056000,0.008125,0.455601,-0.289157,0.092106,-3.141585,0.000025,-0.000071
8.460586,-0.520014,-0.461287,-4.740002,-0.021000,-0.056000,0.008125,0.455679,-0.289073,0.092104,-3.141583,0.000032,-0.000054
8.464576,-0.520014,-0.461288,-4.740002,-0.021000,-0.056000,0.008125,0.455836,-0.288907,0.092103,-3.141583,0.000032,-0.000026
8.468580,-0.510014,-0.441288,-4.790002,-0.021000,-0.057000,0.008125,0.455914,-0.288825,0.092103,-3.141583,0.000033,-0.000020
8.472577,-0.510014,-0.441290,-4.790002,-0.021000,-0.057000,0.008125,0.455994,-0.288742,0.092103,-3.141583,0.000034,-0.000011
8.476576,-0.510014,-0.441291,-4.790002,-0.021000,-0.057000,0.008125,0.456072,-0.288660,0.092103,-3.141582,0.000035,-0.000012
8.480582,-0.510015,-0.441299,-4.790002,-0.020999,-0.057000,0.008125,0.456149,-0.288577,0.092101,-3.141580,0.000042,-0.000013
8.484576,-0.510015,-0.441298,-4.790002,-0.020999,-0.057000,0.008125,0.456230,-0.288494,0.092100,-3.141581,0.000041,-0.000017
8.488586,-0.510015,-0.441299,-4.790002,-0.020999,-0.057000,0.008125,0.456308,-0.288412,0.092100,-3.141581,0.000042,-0.000025
8.492585,-0.510016,-0.441300,-4.790003,-0.020999,-0.057000,0.008125,0.456388,-0.288328,0.092100,-3.141580,0.000043,-0.000036
8.496577,-0.510016,-0.441301,-4.790003,-0.020999,-0.057000,0.008125,0.456466,-0.288246,0.092099,-3.141580,0.000044,-0.000051
8.500582,-0.540016,-0.451303,-4.860003,-0.019999,-0.060000,0.008125,0.456545,-0.288164,0.092100,-3.141579,0.000045,-0.000065
8.504542,-0.540016,-0.451304,-4.870003,-0.019999,-0.060000,0.008125,0.456644,-0.288061,0.092100,-3.141579,0.000047,-0.000078
8.508579,-0.540016,-0.451304,-4.870003,-0.019999,-0.060000,0.008125,0.456644,-0.288061,0.092100,-3.141579,0.000047,-0.000078
8.512582,-0.540016,-0.451300,-4.870002,-0.019999,-0.060000,0.008125,0.456783,-0.287917,0.092101,-3.141580,0.000043,-0.000072
8.516580,-0.540016,-0.451300,-4.870002,-0.019999,-0.060000,0.008125,0.456860,-0.287834,0.092100,-3.141580,0.000043,-0.000060
8.520579,-0.540015,-0.451295,-4.870002,-0.020000,-0.060000,0.008125,0.456940,-0.287753,0.092101,-3.141582,0.000038,-0.000048
8.524580,-0.540014,-0.451289,-4.870002,-0.020000,-0.060000,0.008125,0.457020,-0.287671,0.092102,-3.141583,0.000034,-0.000029
8.528578,-0.540013,-0.451284,-4.870002,-0.020000,-0.060000,0.008125,0.457100,-0.287590,0.092103,-3.141584,0.000029,-0.000017
8.532577,-0.540014,-0.451286,-4.870002,-0.020000,-0.060000,0.008125,0.457179,-0.287508,0.092104,-3.141584,0.000030,-0.000005
8.536539,-0.540013,-0.451280,-4.870002,-0.020000,-0.060000,0.008125,0.457259,-0.287426,0.092105,-3.141585,0.000026,0.000000
8.540577,-0.540012,-0.451274,-4.870001,-0.020000,-0.060000,0.008125,0.457340,-0.287342,0.092106,-3.141587,0.000021,0.000003
8.544582,-0.560012,-0.461274,-5.030001,-0.019000,-0.062000,0.009125,0.457419,-0.287260,0.092104,-3.141587,0.000020,-0.000045
8.548550,-0.560014,-0.461291,-5.030002,-0.019000,-0.062000,0.009125,0.457497,-0.287178,0.092103,-3.141583,0.000035,-0.000047
8.552579,-0.560012,-0.461271,-5.030001,-0.019000,-0.062000,0.009125,0.457598,-0.287078,0.092106,-3.141587,0.000018,-0.000017
8.556557,-0.560012,-0.461271,-5.030001,-0.019000,-0.062000,0.009125,0.457678,-0.286994,0.092105,-3.141588,0.000018,-0.000020
8.560548,-0.560012,-0.461270,-5.030001,-0.019000,-0.062000,0.009125,0.457756,-0.286914,0.092104,-3.141588,0.000017,-0.000040
8.564547,-0.560012,-0.461272,-5.030001,-0.019000,-0.062000,0.009125,0.457835,-0.286832,0.092104,-3.141587,0.000019,-0.000048
8.568561,-0.560012,-0.461272,-5.030001,-0.019000,-0.062000,0.009125,0.457835,-0.286832,0.092104,-3.141587,0.000019,-0.000048
8.572575,-0.560012,-0.461271,-5.030001,-0.019000,-0.062000,0.009125,0.457994,-0.286669,0.092101,-3.141587,0.000018,-0.000037
8.576546,-0.560013,-0.461278,-5.030002,-0.019000,-0.062000,0.009125,0.458073,-0.286586,0.092099,-3.141586,0.000024,-0.000032
8.580577,-0.560012,-0.541273,-4.900001,-0.015000,-0.063000,0.009125,0.458152,-0.286505,0.092100,-3.141587,0.000019,-0.000020
8.584539,-0.560012,-0.541272,-4.900001,-0.015000,-0.063000,0.009125,0.458231,-0.286423,0.092099,-3.141587,0.000019,-0.000008
8.588538,-0.560012,-0.541272,-4.900001,-0.015000,-0.063000,0.009125,0.458231,-0.286423,0.092099,-3.141587,0.000019,-0.000008
8.592537,-0.560010,-0.541258,-4.900001,-0.015000,-0.063000,0.009125,0.458391,-0.286259,0.092100,-3.141591,0.000007,0.000009
8.596575,-0.560010,-0.541258,-4.900001,-0.015000,-0.063000,0.009125,0.458391,-0.286259,0.092100,-3.141591,0.000007,0.000009
8.600581,-0.560009,-0.541254,-4.900001,-0.015000,-0.063000,0.009125,0.458550,-0.286097,0.092100,-3.141592,0.000003,0.000015
8.604573,-0.560009,-0.541254,-4.900001,-0.015000,-0.063000,0.009125,0.458550,-0.286097,0.092100,-3.141592,0.000003,0.000015
8.608575,-0.560009,-0.541253,-4.900001,-0.015000,-0.063000,0.009125,0.458629,-0.286015,0.092099,-3.141592,0.000003,0.000021
8.612577,-0.560009,-0.541248,-4.900000,-0.015000,-0.063000,0.009125,0.458708,-0.285933,0.092100,3.141592,-0.000002,0.000026
8.616547,-0.560008,-0.541243,-4.900000,-0.015000,-0.063000,0.009125,0.458869,-0.285769,0.092101,3.141591,-0.000006,0.000016
8.620570,-0.560008,-0.541243,-4.900000,-0.015000,-0.063000,0.009125,0.458869,-0.285769,0.092101,3.141591,-0.000006,0.000016
8.624547,-0.560007,-0.541239,-4.900000,-0.015000,-0.063000,0.009125,0.458948,-0.285690,0.092103,3.141590,-0.000010,0.000010
8.628580,-0.570007,-0.591234,-4.770000,-0.014000,-0.062000,0.010125,0.459028,-0.285607,0.092104,3.141589,-0.000014,0.000002
8.632589,-0.570008,-0.591241,-4.770000,-0.014000,-0.062000,0.010125,0.459105,-0.285527,0.092102,3.141590,-0.000008,-0.000004
8.636580,-0.570006,-0.591229,-4.770000,-0.014000,-0.062000,0.010125,0.459185,-0.285448,0.092104,3.141587,-0.000018,0.000004
8.640577,-0.570006,-0.591230,-4.770000,-0.014000,-0.062000,0.010125,0.459260,-0.285369,0.092104,3.141588,-0.000018,-0.000000
8.644547,-0.570005,-0.591222,-4.769999,-0.014000,-0.062000,0.010125,0.459410,-0.285214,0.092103,3.141586,-0.000024,0.000015
8.648569,-0.570005,-0.591222,-4.769999,-0.014000,-0.062000,0.010125,0.459410,-0.285214,0.092103,3.141586,-0.000024,0.000015
8.652579,-0.570004,-0.591216,-4.769999,-0.014000,-0.062000,0.010125,0.459485,-0.285138,0.092104,3.141584,-0.000029,0.000013
8.656576,-0.570005,-0.591222,-4.769999,-0.014000,-0.062000,0.010125,0.459558,-0.285062,0.092101,3.141586,-0.000025,0.000012
8.660572,-0.570005,-0.591222,-4.769999,-0.014000,-0.062000,0.010125,0.459631,-0.284985,0.092100,3.141586,-0.000024,0.000017
8.664580,-0.570004,-0.591217,-4.769999,-0.014000,-0.062000,0.010125,0.459707,-0.284909,0.092101,3.141584,-0.000029,0.000016
8.668579,-0.510005,-0.521225,-4.759999,-0.018000,-0.056000,0.008125,0.459781,-0.284830,0.092100,3.141586,-0.000022,-0.000029
8.672581,-0.510004,-0.521218,-4.759999,-0.018000,-0.056000,0.008125,0.459854,-0.284753,0.092100,3.141585,-0.000028,-0.000030
8.676580,-0.510005,-0.521219,-4.759999,-0.018000,-0.056000,0.008125,0.459947,-0.284658,0.092100,3.141585,-0.000027,0.000014
8.680579,-0.510005,-0.521220,-4.759999,-0.018000,-0.056000,0.008125,0.460021,-0.284581,0.092099,3.141585,-0.000026,0.000012
8.684580,-0.510005,-0.521222,-4.759999,-0.018000,-0.056000,0.008125,0.460095,-0.284505,0.092100,3.141586,-0.000025,0.000004
8.688580,-0.510005,-0.521222,-4.759999,-0.018000,-0.056000,0.008125,0.460170,-0.284426,0.092099,3.141586,-0.000024,0.000000
8.692575,-0.510004,-0.521217,-4.759999,-0.018000,-0.056000,0.008125,0.460245,-0.284349,0.092100,3.141584,-0.000029,-0.000001
8.696580,-0.510005,-0.521224,-4.759999,-0.018000,-0.056000,0.008125,0.460319,-0.284270,0.092099,3.141586,-0.000022,-0.000005
8.700579,-0.510005,-0.521219,-4.759999,-0.018000,-0.056000,0.008125,0.460394,-0.284194,0.092100,3.141585,-0.000027,-0.000007
8.704582,-0.510005,-0.521221,-4.759999,-0.018000,-0.056000,0.008125,0.460470,-0.284116,0.092101,3.141586,-0.000025,-0.000004
8.708537,-0.470006,-0.461229,-4.680000,-0.018000,-0.054000,0.007125,0.460542,-0.284038,0.092099,3.141587,-0.000018,-0.000005
8.712535,-0.470006,-0.461229,-4.680000,-0.018000,-0.054000,0.007125,0.460617,-0.283959,0.092099,3.141588,-0.000018,-0.000009
8.716533,-0.470006,-0.461231,-4.680000,-0.018000,-0.054000,0.007125,0.460691,-0.283883,0.092099,3.141588,-0.000016,-0.000017
8.720579,-0.470005,-0.461226,-4.679999,-0.018000,-0.054000,0.007125,0.460766,-0.283807,0.092100,3.141587,-0.000021,-0.000025
8.724629,-0.470006,-0.461233,-4.680000,-0.018000,-0.054000,0.007125,0.460842,-0.283728,0.092098,3.141588,-0.000015,-0.000029
8.728600,-0.470006,-0.461227,-4.680000,-0.018000,-0.054000,0.007125,0.460917,-0.283652,0.092099,3.141587,-0.000020,-0.000031
8.732600,-0.470006,-0.461229,-4.680000,-0.018000,-0.054000,0.007125,0.460992,-0.283575,0.092100,3.141588,-0.000018,-0.000039
8.736602,-0.470008,-0.461242,-4.680000,-0.018000,-0.054000,0.007125,0.461064,-0.283498,0.092096,3.141591,-0.000007,-0.000047
8.740594,-0.470007,-0.461237,-4.680000,-0.018000,-0.054000,0.007125,0.461140,-0.283419,0.092097,3.141589,-0.000012,-0.000044
8.744589,-0.510007,-0.461239,-4.730000,-0.019000,-0.057000,0.007125,0.461215,-0.283343,0.092098,3.141590,-0.000010,-0.000052
8.748582,-0.510010,-0.461254,-4.730001,-0.019000,-0.057000,0.007125,0.461286,-0.283265,0.092096,-3.141592,0.000003,-0.000054
8.752579,-0.510011,-0.461261,-4.730001,-0.019000,-0.057000,0.007125,0.461360,-0.283188,0.092094,-3.141590,0.000009,-0.000055
8.756578,-0.510011,-0.461263,-4.730001,-0.019000,-0.057000,0.007125,0.461434,-0.283114,0.092094,-3.141590,0.000011,-0.000055
8.760574,-0.510011,-0.461263,-4.730001,-0.019000,-0.057000,0.007125,0.461506,-0.283037,0.092094,-3.141590,0.000011,-0.000049
8.764580,-0.510011,-0.461265,-4.730001,-0.019000,-0.057000,0.007125,0.461581,-0.282960,0.092094,-3.141589,0.000013,-0.000051
8.768575,-0.510011,-0.461265,-4.730001,-0.019000,-0.057000,0.007125,0.461581,-0.282960,0.092094,-3.141589,0.000013,-0.000051
8.772575,-0.510014,-0.461286,-4.730002,-0.019000,-0.057000,0.007125,0.461725,-0.282805,0.092089,-3.141584,0.000031,-0.000040
8.776576,-0.510013,-0.461281,-4.730002,-0.019000,-0.057000,0.007125,0.461800,-0.282729,0.092090,-3.141585,0.000026,-0.000042
8.780564,-0.510015,-0.461289,-4.730002,-0.019000,-0.057000,0.007125,0.461872,-0.282651,0.092089,-3.141583,0.000033,-0.000050
8.784578,-0.560016,-0.501297,-4.810002,-0.018000,-0.060000,0.008125,0.461944,-0.282574,0.092088,-3.141582,0.000040,-0.000058
8.788582,-0.560016,-0.501297,-4.810002,-0.018000,-0.060000,0.008125,0.462017,-0.282496,0.092087,-3.141581,0.000041,-0.000060
8.792581,-0.560015,-0.501291,-4.810002,-0.018000,-0.060000,0.008125,0.462092,-0.282420,0.092088,-3.141583,0.000036,-0.000061
8.796582,-0.560015,-0.501292,-4.810002,-0.018000,-0.060000,0.008125,0.462166,-0.282340,0.092088,-3.141583,0.000036,-0.000065
8.800582,-0.560016,-0.501300,-4.810003,-0.017999,-0.060000,0.008125,0.462237,-0.282265,0.092087,-3.141581,0.000043,-0.000071
8.804585,-0.560016,-0.501295,-4.810002,-0.018000,-0.060000,0.008125,0.462310,-0.282188,0.092089,-3.141582,0.000039,-0.000073
8.808582,-0.560017,-0.501303,-4.810003,-0.017999,-0.060000,0.008125,0.462382,-0.282110,0.092087,-3.141580,0.000046,-0.000074
8.812583,-0.560016,-0.501298,-4.810002,-0.018000,-0.060000,0.008125,0.462457,-0.282033,0.092088,-3.141581,0.000041,-0.000076
8.816585,-0.560017,-0.501306,-4.810003,-0.017999,-0.060000,0.008125,0.462529,-0.281956,0.092087,-3.141579,0.000048,-0.000070
8.820586,-0.560017,-0.501306,-4.810003,-0.017999,-0.060000,0.008125,0.462601,-0.281878,0.092087,-3.141579,0.000049,-0.000058
8.824578,-0.600016,-0.511301,-4.980003,-0.017999,-0.063000,0.008125,0.462676,-0.281802,0.092088,-3.141581,0.000044,-0.000094
8.828579,-0.600015,-0.511292,-4.980002,-0.018000,-0.063000,0.008125,0.462757,-0.281726,0.092092,-3.141583,0.000036,-0.000082
8.832578,-0.600017,-0.511303,-4.980003,-0.017999,-0.063000,0.008125,0.462841,-0.281628,0.092087,-3.141580,0.000045,-0.000025
8.836575,-0.600018,-0.511309,-4.980003,-0.017999,-0.063000,0.008125,0.462915,-0.281551,0.092085,-3.141579,0.000051,-0.000026
8.840578,-0.600018,-0.511311,-4.980003,-0.017999,-0.063000,0.008125,0.462991,-0.281472,0.092085,-3.141578,0.000053,-0.000023
8.844578,-0.600019,-0.511318,-4.980003,-0.017999,-0.063000,0.008125,0.463064,-0.281394,0.092083,-3.141576,0.000059,-0.000031
8.848581,-0.600017,-0.511307,-4.980003,-0.017999,-0.063000,0.008125,0.463143,-0.281316,0.092086,-3.141579,-0.000001,0.000003
8.852575,-0.600019,-0.511314,-4.980003,-0.017999,-0.063000,0.008125,0.463218,-0.281237,0.092084,-3.141578,0.000055,-0.000039
8.856580,-0.600018,-0.511310,-4.980003,-0.017999,-0.063000,0.008125,0.463297,-0.281156,0.092086,-3.141579,0.000052,-0.000045
8.860576,-0.680017,-0.571303,-5.130003,-0.016999,-0.068000,0.008125,0.463374,-0.281080,0.092086,-3.141580,0.000046,-0.000060
8.864580,-0.680017,-0.571305,-5.130003,-0.016999,-0.068000,0.008125,0.463449,-0.281000,0.092087,-3.141580,0.000048,-0.000063
8.868573,-0.680016,-0.571294,-5.130002,-0.017000,-0.068000,0.008125,0.463527,-0.280922,0.092089,-3.141582,0.000038,-0.000067
8.872580,-0.680017,-0.571301,-5.130003,-0.016999,-0.068000,0.008125,0.463602,-0.280843,0.092088,-3.141581,0.000044,-0.000064
8.876582,-0.680015,-0.571289,-5.130002,-0.017000,-0.068000,0.008125,0.463680,-0.280764,0.092090,-3.141583,0.000034,-0.000061
8.880579,-0.680014,-0.571285,-5.130002,-0.017000,-0.068000,0.008125,0.463757,-0.280687,0.092092,-3.141584,0.000030,-0.000056
8.884579,-0.680013,-0.571273,-5.130001,-0.017000,-0.068000,0.008125,0.463835,-0.280609,0.092095,-3.141587,0.000020,-0.000039
8.888579,-0.680012,-0.571269,-5.130001,-0.017000,-0.068000,0.008125,0.463911,-0.280532,0.092097,-3.141588,0.000017,-0.000027
8.892591,-0.680011,-0.571263,-5.130001,-0.017000,-0.068000,0.008125,0.463989,-0.280454,0.092097,-3.141590,0.000011,-0.000011
8.896578,-0.680011,-0.571265,-5.130001,-0.017000,-0.068000,0.008125,0.464064,-0.280374,0.092098,-3.141589,0.000013,0.000005
8.900578,-0.680010,-0.571258,-5.130001,-0.017000,-0.068000,0.008125,0.464159,-0.280278,0.092097,-3.141591,0.000007,0.000015
8.904563,-0.650010,-0.571258,-5.210001,-0.020000,-0.065000,0.008125,0.464216,-0.280218,0.092097,-3.141591,0.000007,0.000014
8.908578,-0.650009,-0.571253,-5.210001,-0.020000,-0.065000,0.008125,0.464311,-0.280122,0.092098,-3.141592,0.000003,0.000010
8.912579,-0.650009,-0.571253,-5.210001,-0.020000,-0.065000,0.008125,0.464368,-0.280062,0.092097,-3.141592,0.000003,0.000008
8.916581,-0.650011,-0.571260,-5.210001,-0.020000,-0.065000,0.008125,0.464443,-0.279983,0.092095,-3.141590,0.000009,0.000005
8.920586,-0.650010,-0.571255,-5.210001,-0.020000,-0.065000,0.008125,0.464519,-0.279903,0.092096,-3.141592,0.000004,-0.000012
8.924579,-0.650010,-0.571254,-5.210001,-0.020000,-0.065000,0.008125,0.464593,-0.279826,0.092095,-3.141592,0.000003,-0.000021
8.928580,-0.650011,-0.571261,-5.210001,-0.020000,-0.065000,0.008125,0.464668,-0.279746,0.092093,-3.141590,0.000009,-0.000085
8.932584,-0.650010,-0.571254,-5.210001,-0.020000,-0.065000,0.008125,0.464746,-0.279667,0.092093,-3.141592,0.000004,-0.000042
8.936578,-0.650010,-0.571254,-5.210001,-0.020000,-0.065000,0.008125,0.464821,-0.279588,0.092092,-3.141592,0.000003,-0.000106
8.940578,-0.650009,-0.571253,-5.210001,-0.020000,-0.065000,0.008125,0.464898,-0.279506,0.092091,-3.141592,0.000003,-0.000098
8.944614,-0.530010,-0.481254,-4.940001,-0.022000,-0.057000,0.007125,0.464994,-0.279406,0.092090,-3.141592,0.000003,-0.000046
8.948578,-0.530009,-0.481248,-4.940000,-0.022000,-0.057000,0.007125,0.465071,-0.279324,0.092091,3.141592,-0.000002,-0.000025
8.952576,-0.530010,-0.481255,-4.940001,-0.022000,-0.057000,0.007125,0.465147,-0.279242,0.092089,-3.141591,0.000004,-0.000011
8.956574,-0.530010,-0.481255,-4.940001,-0.022000,-0.057000,0.007125,0.465224,-0.279160,0.092088,-3.141592,0.000004,0.000004
8.960577,-0.530008,-0.481243,-4.940000,-0.022000,-0.057000,0.007125,0.465303,-0.279079,0.092090,3.141591,-0.000006,0.000018
8.964574,-0.530008,-0.481245,-4.940000,-0.022000,-0.057000,0.007125,0.465379,-0.278998,0.092091,3.141591,-0.000004,0.000025
8.968580,-0.530008,-0.481246,-4.940000,-0.022000,-0.057000,0.007125,0.465462,-0.278920,0.092090,3.141592,-0.000004,-0.000025
8.972571,-0.530008,-0.481246,-4.940000,-0.022000,-0.057000,0.007125,0.465462,-0.278920,0.092090,3.141592,-0.000004,-0.000025
8.976574,-0.530008,-0.481242,-4.940000,-0.022000,-0.057000,0.007125,0.465611,-0.278755,0.092091,3.141591,-0.000008,0.000016
8.980576,-0.530008,-0.481243,-4.910000,-0.022000,-0.057000,0.007125,0.465688,-0.278676,0.092091,3.141591,-0.000007,-0.000001
8.984574,-0.540007,-0.481239,-5.040000,-0.022000,-0.060000,0.008125,0.465767,-0.278595,0.092093,3.141590,-0.000010,-0.000013
8.988579,-0.540006,-0.481234,-5.040000,-0.022000,-0.060000,0.008125,0.465845,-0.278514,0.092095,3.141589,-0.000014,-0.000033
8.992587,-0.540007,-0.481235,-5.040000,-0.022000,-0.060000,0.008125,0.465923,-0.278432,0.092094,3.141589,-0.000013,-0.000052
8.996588,-0.540006,-0.481229,-5.040000,-0.022000,-0.060000,0.008125,0.466001,-0.278353,0.092095,3.141588,-0.000019,-0.000069
9.000599,-0.540005,-0.481224,-5.039999,-0.022000,-0.060000,0.008125,0.466081,-0.278272,0.092096,3.141587,-0.000023,-0.000075
9.004589,-0.540005,-0.481225,-5.039999,-0.022000,-0.060000,0.008125,0.466159,-0.278191,0.092095,3.141587,-0.000022,-0.000068
9.008586,-0.540004,-0.481218,-5.039999,-0.022000,-0.060000,0.008125,0.466237,-0.278111,0.092096,3.141585,-0.000028,-0.000065
9.012596,-0.540002,-0.481208,-5.039999,-0.022000,-0.060000,0.008125,0.466316,-0.278033,0.092099,3.141583,-0.000037,-0.000055
9.016590,-0.540002,-0.481209,-5.039999,-0.022000,-0.060000,0.008125,0.466394,-0.277951,0.092099,3.141583,-0.000036,-0.000041
9.020580,-0.540002,-0.481204,-5.039999,-0.022001,-0.060000,0.008125,0.466473,-0.277872,0.092100,3.141582,-0.000040,-0.000031
9.024578,-0.540002,-0.481204,-5.039999,-0.022001,-0.060000,0.008125,0.466473,-0.277872,0.092100,3.141582,-0.000040,-0.000031
9.028584,-0.550003,-0.511213,-5.179999,-0.020000,-0.063000,0.008125,0.466551,-0.277790,0.092099,3.141584,-0.000033,-0.000071
9.032586,-0.550002,-0.511209,-5.179999,-0.020000,-0.063000,0.008125,0.466727,-0.277611,0.092101,3.141583,-0.000036,-0.000022
9.036580,-0.550002,-0.511205,-5.179999,-0.020001,-0.063000,0.008125,0.466806,-0.277529,0.092103,3.141582,-0.000039,-0.000028
9.040581,-0.550002,-0.511206,-5.179999,-0.020000,-0.063000,0.008125,0.466885,-0.277445,0.092102,3.141583,-0.000038,-0.000029
9.044580,-0.550003,-0.511215,-5.179999,-0.020000,-0.063000,0.008125,0.466962,-0.277364,0.092101,3.141585,-0.000031,-0.000042
9.048582,-0.550003,-0.511216,-5.179999,-0.020000,-0.063000,0.008125,0.467040,-0.277282,0.092101,3.141585,-0.000030,-0.000048
9.052582,-0.550003,-0.511212,-5.179999,-0.020000,-0.063000,0.008125,0.467118,-0.277200,0.092103,3.141584,-0.000034,-0.000061
9.056581,-0.550004,-0.511220,-5.179999,-0.020000,-0.063000,0.008125,0.467197,-0.277116,0.092102,3.141586,-0.000026,-0.000076
9.060582,-0.560004,-0.521221,-5.179999,-0.020000,-0.063000,0.008125,0.467273,-0.277036,0.092101,3.141586,-0.000025,-0.000086
9.064582,-0.540007,-0.491236,-5.000000,-0.018000,-0.061000,0.008125,0.467348,-0.276954,0.092099,3.141589,-0.000013,-0.000085
9.068593,-0.540007,-0.491236,-5.000000,-0.018000,-0.061000,0.008125,0.467348,-0.276954,0.092099,3.141589,-0.000013,-0.000085
9.072586,-0.540007,-0.491236,-5.000000,-0.018000,-0.061000,0.008125,0.467426,-0.276872,0.092099,3.141590,-0.000012,-0.000084
9.076588,-0.540008,-0.491246,-5.000000,-0.018000,-0.061000,0.008125,0.467581,-0.276708,0.092097,3.141592,-0.000004,-0.000076
9.080586,-0.540009,-0.491252,-5.000001,-0.018000,-0.061000,0.008125,0.467659,-0.276626,0.092094,-3.141592,0.000001,-0.000062
9.084551,-0.540011,-0.491261,-5.000001,-0.018000,-0.061000,0.008125,0.467734,-0.276544,0.092094,-3.141590,0.000010,-0.000048
9.088581,-0.540013,-0.491275,-5.000001,-0.018000,-0.061000,0.008125,0.467811,-0.276462,0.092091,-3.141587,0.000021,-0.000033
9.092584,-0.540013,-0.491276,-5.000002,-0.018000,-0.061000,0.008125,0.467889,-0.276380,0.092091,-3.141587,0.000022,-0.000033
9.096572,-0.540013,-0.491276,-5.000002,-0.018000,-0.061000,0.008125,0.467889,-0.276380,0.092091,-3.141587,0.000022,-0.000033
9.100582,-0.540015,-0.491284,-5.000002,-0.018000,-0.061000,0.008125,0.467966,-0.276298,0.092090,-3.141585,0.000029,-0.000025
9.104574,-0.580015,-0.531287,-4.910002,-0.016000,-0.062000,0.008125,0.468123,-0.276134,0.092090,-3.141584,0.000032,-0.000024
9.108577,-0.580015,-0.531287,-4.910002,-0.016000,-0.062000,0.008125,0.468123,-0.276134,0.092090,-3.141584,0.000032,-0.000024
9.112549,-0.580015,-0.531287,-4.910002,-0.016000,-0.062000,0.008125,0.468202,-0.276053,0.092089,-3.141584,0.000032,-0.000077
9.116585,-0.580015,-0.531285,-4.910002,-0.016000,-0.062000,0.008125,0.468360,-0.275892,0.092091,-3.141585,0.000030,-0.000053
9.120575,-0.580015,-0.531285,-4.910002,-0.016000,-0.062000,0.008125,0.468360,-0.275892,0.092091,-3.141585,0.000030,-0.000053
9.124574,-0.580014,-0.531282,-4.910002,-0.016000,-0.062000,0.008125,0.468520,-0.275728,0.092092,-3.141585,0.000028,-0.000065
9.128577,-0.580012,-0.531271,-4.910001,-0.016000,-0.062000,0.008125,0.468601,-0.275650,0.092095,-3.141588,0.000018,-0.000062
9.132574,-0.580012,-0.531271,-4.910001,-0.016000,-0.062000,0.008125,0.468601,-0.275650,0.092095,-3.141588,0.000018,-0.000062
9.136575,-0.580013,-0.531272,-4.910001,-0.016000,-0.062000,0.008125,0.468677,-0.275570,0.092095,-3.141588,0.000019,-0.000059
9.140577,-0.580013,-0.531274,-4.910001,-0.016000,-0.062000,0.008125,0.468755,-0.275490,0.092095,-3.141587,0.000021,-0.000049
9.144576,-0.610012,-0.551269,-4.960001,-0.017000,-0.063000,0.008125,0.468832,-0.275413,0.092097,-3.141588,0.000017,-0.000037
9.148577,-0.630012,-0.591269,-5.190001,-0.018000,-0.065000,0.009125,0.468909,-0.275335,0.092096,-3.141588,0.000017,-0.000025
9.152577,-0.630014,-0.591279,-5.190002,-0.018000,-0.065000,0.009125,0.468990,-0.275261,0.092095,-3.141586,0.000025,-0.000065
9.156579,-0.630014,-0.591278,-5.190002,-0.018000,-0.065000,0.009125,0.469060,-0.275182,0.092093,-3.141586,0.000024,-0.000019
9.160577,-0.630014,-0.591280,-5.190002,-0.018000,-0.065000,0.009125,0.469136,-0.275104,0.092094,-3.141586,0.000026,-0.000047
9.164579,-0.630015,-0.591286,-5.190002,-0.018000,-0.065000,0.009125,0.469210,-0.275028,0.092091,-3.141585,0.000031,-0.000047
9.168575,-0.630015,-0.591287,-5.190002,-0.018000,-0.065000,0.009125,0.469285,-0.274950,0.092091,-3.141584,0.000032,-0.000048
9.172574,-0.630016,-0.591294,-5.190002,-0.018000,-0.065000,0.009125,0.469367,-0.274874,0.092089,-3.141583,0.000038,-0.000043
9.176581,-0.630015,-0.591288,-5.190002,-0.018000,-0.065000,0.009125,0.469455,-0.274775,0.092089,-3.141584,0.000033,0.000001
9.180576,-0.630014,-0.591281,-5.190002,-0.018000,-0.065000,0.009125,0.469530,-0.274697,0.092089,-3.141586,0.000027,-0.000008
9.184574,-0.630015,-0.591287,-5.190002,-0.018000,-0.065000,0.009125,0.469605,-0.274619,0.092087,-3.141584,0.000032,-0.000016
9.188575,-0.560015,-0.561288,-5.340002,-0.021000,-0.061000,0.009125,0.469680,-0.274540,0.092086,-3.141584,0.000033,-0.000024
9.192575,-0.560016,-0.561289,-5.340002,-0.021000,-0.061000,0.009125,0.469754,-0.274464,0.092086,-3.141584,0.000034,-0.000030
9.196577,-0.560016,-0.561290,-5.340002,-0.021000,-0.061000,0.009125,0.469830,-0.274384,0.092086,-3.141584,0.000035,-0.000020
9.200579,-0.560017,-0.561296,-5.340002,-0.021000,-0.061000,0.009125,0.469903,-0.274308,0.092083,-3.141582,0.000040,-0.000026
9.204574,-0.560016,-0.561291,-5.340002,-0.021000,-0.061000,0.009125,0.469980,-0.274230,0.092084,-3.141584,0.000035,-0.000021
9.208582,-0.560016,-0.561292,-5.340002,-0.021000,-0.061000,0.009125,0.470055,-0.274152,0.092084,-3.141583,0.000036,-0.000016
9.212576,-0.560015,-0.561285,-5.340002,-0.021000,-0.061000,0.009125,0.470131,-0.274074,0.092084,-3.141585,0.000031,-0.000011
9.216576,-0.560016,-0.561294,-5.340002,-0.021000,-0.061000,0.009125,0.470204,-0.273998,0.092083,-3.141583,0.000038,-0.000010
9.220576,-0.560018,-0.561300,-5.340003,-0.020999,-0.061000,0.009125,0.470276,-0.273919,0.092081,-3.141581,0.000044,-0.000011
9.224578,-0.560015,-0.531288,-5.580002,-0.024000,-0.064000,0.010125,0.470354,-0.273841,0.092083,-3.141584,0.000033,-0.000006
9.228576,-0.560016,-0.531294,-5.580002,-0.024000,-0.064000,0.010125,0.470428,-0.273763,0.092080,-3.141583,0.000038,-0.000001
9.232576,-0.560014,-0.531281,-5.580002,-0.024000,-0.064000,0.010125,0.470506,-0.273685,0.092082,-3.141586,0.000027,0.000004
9.236574,-0.560014,-0.531282,-5.580002,-0.024000,-0.064000,0.010125,0.470580,-0.273609,0.092082,-3.141585,0.000028,-0.000009
9.240575,-0.560012,-0.531270,-5.580001,-0.024000,-0.064000,0.010125,0.470657,-0.273531,0.092084,-3.141588,0.000017,-0.000010
9.244575,-0.560014,-0.531282,-5.580002,-0.024000,-0.064000,0.010125,0.470728,-0.273454,0.092079,-3.141586,0.000028,-0.000009
9.248577,-0.560011,-0.531262,-5.580001,-0.024000,-0.064000,0.010125,0.470805,-0.273379,0.092082,-3.141590,0.000010,-0.000022
9.252574,-0.560009,-0.531249,-5.580000,-0.024000,-0.064000,0.010125,0.470882,-0.273303,0.092084,3.141592,-0.000001,-0.000028
9.256574,-0.560010,-0.531255,-5.580001,-0.024000,-0.064000,0.010125,0.470955,-0.273227,0.092081,-3.141592,0.000005,-0.000034
9.260575,-0.560009,-0.531251,-5.580001,-0.024000,-0.064000,0.010125,0.471030,-0.273149,0.092083,-3.141592,0.000001,-0.000036
9.264575,-0.600009,-0.571251,-5.930000,-0.023000,-0.070000,0.011125,0.471105,-0.273073,0.092082,-3.141592,0.000001,-0.000035
9.268576,-0.600009,-0.571252,-5.930001,-0.023000,-0.070000,0.011125,0.471180,-0.272994,0.092082,-3.141592,0.000002,-0.000030
9.272572,-0.600008,-0.571247,-5.930000,-0.023000,-0.070000,0.011125,0.471256,-0.272918,0.092083,3.141592,-0.000003,-0.000029
9.276575,-0.600007,-0.571237,-5.930000,-0.023000,-0.070000,0.011125,0.471333,-0.272841,0.092087,3.141590,-0.000011,-0.000030
9.280571,-0.600007,-0.571238,-5.930000,-0.023000,-0.070000,0.011125,0.471406,-0.272764,0.092086,3.141590,-0.000011,-0.000077
9.284571,-0.600006,-0.571233,-5.930000,-0.023000,-0.070000,0.011125,0.471482,-0.272688,0.092087,3.141589,-0.000015,-0.000042
9.288576,-0.600004,-0.571222,-5.929999,-0.023000,-0.070000,0.011125,0.471556,-0.272612,0.092090,3.141586,-0.000025,-0.000042
9.292573,-0.600005,-0.571230,-5.930000,-0.023000,-0.070000,0.011125,0.471630,-0.272533,0.092089,3.141588,-0.000018,-0.000090
9.296574,-0.600005,-0.571226,-5.929999,-0.023000,-0.070000,0.011125,0.471704,-0.272457,0.092091,3.141587,-0.000021,-0.000096
9.300575,-0.600004,-0.571220,-5.929999,-0.023000,-0.070000,0.011125,0.471797,-0.272361,0.092092,3.141586,-0.000026,-0.000057
9.304581,-0.660003,-0.611217,-6.079999,-0.023000,-0.075000,0.013125,0.471871,-0.272284,0.092094,3.141585,-0.000030,-0.000057
9.308578,-0.660002,-0.611212,-6.079999,-0.023000,-0.075000,0.013125,0.471945,-0.272208,0.092096,3.141584,-0.000033,-0.000069
9.312577,-0.660004,-0.611220,-6.079999,-0.023000,-0.075000,0.013125,0.472035,-0.272111,0.092094,3.141586,-0.000026,-0.000071
9.316575,-0.660004,-0.611220,-6.079999,-0.023000,-0.075000,0.013125,0.472035,-0.272111,0.092094,3.141586,-0.000026,-0.000071
9.320575,-0.660006,-0.611235,-6.080000,-0.023000,-0.075000,0.013125,0.472161,-0.271975,0.092091,3.141589,-0.000014,-0.000069
9.324576,-0.660006,-0.611231,-6.080000,-0.023000,-0.075000,0.013125,0.472234,-0.271898,0.092093,3.141588,-0.000017,-0.000062
9.328573,-0.660008,-0.611245,-6.080000,-0.023000,-0.075000,0.013125,0.472305,-0.271821,0.092090,3.141592,-0.000005,-0.000054
9.332573,-0.660008,-0.611246,-6.080000,-0.023000,-0.075000,0.013125,0.472378,-0.271744,0.092090,3.141592,-0.000004,-0.000054
9.336573,-0.660011,-0.611260,-6.080001,-0.023000,-0.075000,0.013125,0.472449,-0.271665,0.092087,-3.141590,0.000009,-0.000048
9.340575,-0.660010,-0.611256,-6.080001,-0.023000,-0.075000,0.013125,0.472523,-0.271588,0.092089,-3.141591,0.000005,-0.000054
9.344574,-0.710013,-0.631271,-5.930001,-0.020000,-0.076000,0.014125,0.472594,-0.271508,0.092087,-3.141588,0.000018,-0.000056
9.348574,-0.710012,-0.631268,-5.930001,-0.020000,-0.076000,0.014125,0.472670,-0.271432,0.092090,-3.141589,0.000016,-0.000062
9.352576,-0.710013,-0.631275,-5.930001,-0.020000,-0.076000,0.014125,0.472742,-0.271353,0.092088,-3.141587,0.000022,-0.000070
9.356575,-0.710014,-0.631276,-5.930001,-0.020000,-0.076000,0.014125,0.472816,-0.271274,0.092088,-3.141587,0.000023,-0.000072
9.360575,-0.710014,-0.631279,-5.930002,-0.020000,-0.076000,0.014125,0.472890,-0.271195,0.092089,-3.141586,0.000026,-0.000080
9.364575,-0.710013,-0.631275,-5.930001,-0.020000,-0.076000,0.014125,0.472964,-0.271118,0.092091,-3.141587,0.000022,-0.000086
9.368578,-0.710013,-0.631273,-5.930001,-0.020000,-0.076000,0.014125,0.473040,-0.271040,0.092094,-3.141588,0.000020,-0.000081
9.372549,-0.710013,-0.631274,-5.930001,-0.020000,-0.076000,0.014125,0.473113,-0.270963,0.092094,-3.141588,0.000021,-0.000080
9.376588,-0.710011,-0.631264,-5.930001,-0.020000,-0.076000,0.014125,0.473190,-0.270884,0.092097,-3.141590,0.000012,-0.000075
9.380557,-0.710010,-0.631259,-5.930001,-0.020000,-0.076000,0.014125,0.473265,-0.270808,0.092098,-3.141591,0.000007,-0.000074
9.384593,-0.780011,-0.701262,-5.990001,-0.019000,-0.078000,0.014125,0.473338,-0.270731,0.092100,-3.141590,0.000010,-0.000067
9.388572,-0.780012,-0.701265,-5.990001,-0.019000,-0.078000,0.014125,0.473414,-0.270652,0.092100,-3.141590,0.000013,-0.000055
9.392572,-0.780010,-0.701255,-5.990001,-0.019000,-0.078000,0.014125,0.473491,-0.270574,0.092104,-3.141592,0.000004,-0.000043
9.396575,-0.780011,-0.701263,-5.990001,-0.019000,-0.078000,0.014125,0.473562,-0.270499,0.092103,-3.141590,0.000011,-0.000040
9.400576,-0.780010,-0.701258,-5.990001,-0.019000,-0.078000,0.014125,0.473638,-0.270420,0.092104,-3.141591,0.000007,-0.000035
9.404575,-0.780011,-0.701260,-5.990001,-0.019000,-0.078000,0.014125,0.473714,-0.270342,0.092105,-3.141590,0.000009,-0.000029
9.408577,-0.780011,-0.701264,-5.990001,-0.019000,-0.078000,0.014125,0.473787,-0.270265,0.092106,-3.141590,0.000012,-0.000035
9.412575,-0.780011,-0.701259,-5.990001,-0.019000,-0.078000,0.014125,0.473863,-0.270186,0.092108,-3.141591,0.000007,-0.000037
9.416576,-0.780010,-0.701254,-5.990001,-0.019000,-0.078000,0.014125,0.473939,-0.270110,0.092109,-3.141592,0.000003,-0.000043
9.420575,-0.780011,-0.701262,-5.990001,-0.019000,-0.078000,0.014125,0.474012,-0.270030,0.092108,-3.141590,0.000010,-0.000044
9.424576,-0.690012,-0.631267,-6.020001,-0.024000,-0.072000,0.012125,0.474086,-0.269953,0.092110,-3.141589,0.000015,-0.000097
9.428573,-0.690010,-0.631254,-6.020001,-0.024000,-0.072000,0.012125,0.474181,-0.269855,0.092111,-3.141592,0.000003,-0.000061
9.432574,-0.690011,-0.631260,-6.020001,-0.024000,-0.072000,0.012125,0.474255,-0.269776,0.092109,-3.141591,0.000009,-0.000069
9.436572,-0.690011,-0.631262,-6.020001,-0.024000,-0.072000,0.012125,0.474332,-0.269695,0.092109,-3.141590,0.000011,-0.000066
9.440573,-0.690012,-0.631265,-6.020001,-0.024000,-0.072000,0.012125,0.474409,-0.269614,0.092110,-3.141590,0.000013,-0.000070
9.444572,-0.690011,-0.631261,-6.020001,-0.024000,-0.072000,0.012125,0.474489,-0.269531,0.092112,-3.141590,0.000010,-0.000062
9.448580,-0.690012,-0.631267,-6.020001,-0.024000,-0.072000,0.012125,0.474564,-0.269449,0.092109,-3.141589,0.000015,-0.000052
9.452573,-0.690011,-0.631264,-6.020001,-0.024000,-0.072000,0.012125,0.474645,-0.269367,0.092112,-3.141590,0.000012,-0.000038
9.456576,-0.690012,-0.631265,-6.020001,-0.024000,-0.072000,0.012125,0.474725,-0.269284,0.092112,-3.141589,0.000013,-0.000017
9.460572,-0.690012,-0.631268,-6.020001,-0.024000,-0.072000,0.012125,0.474802,-0.269203,0.092112,-3.141589,0.000015,-0.000007
9.464584,-0.600012,-0.551269,-5.750001,-0.024000,-0.065000,0.011125,0.474882,-0.269120,0.092112,-3.141589,0.000016,0.000007
9.468574,-0.600011,-0.551264,-5.750001,-0.024000,-0.065000,0.011125,0.474960,-0.269037,0.092113,-3.141590,0.000012,0.000014
9.472574,-0.600013,-0.551271,-5.750001,-0.024000,-0.065000,0.011125,0.475037,-0.268956,0.092112,-3.141588,0.000019,0.000017
9.476577,-0.600013,-0.551271,-5.750001,-0.024000,-0.065000,0.011125,0.475037,-0.268956,0.092112,-3.141588,0.000019,0.000017
9.480573,-0.600013,-0.551273,-5.750001,-0.024000,-0.065000,0.011125,0.475195,-0.268789,0.092110,-3.141588,0.000020,0.000012
9.484578,-0.600013,-0.551274,-5.750001,-0.024000,-0.065000,0.011125,0.475275,-0.268706,0.092110,-3.141588,0.000021,0.000006
9.488575,-0.600014,-0.551276,-5.750002,-0.024000,-0.065000,0.011125,0.475354,-0.268626,0.092110,-3.141587,0.000022,-0.000011
9.492538,-0.600013,-0.551270,-5.750001,-0.024000,-0.065000,0.011125,0.475434,-0.268543,0.092110,-3.141589,0.000017,-0.000024
9.496574,-0.600011,-0.551264,-5.750001,-0.024000,-0.065000,0.011125,0.475514,-0.268462,0.092111,-3.141590,0.000012,-0.000041
9.500575,-0.600010,-0.551258,-5.750001,-0.024000,-0.065000,0.011125,0.475594,-0.268379,0.092111,-3.141591,0.000007,-0.000053
9.504574,-0.590009,-0.521253,-5.650001,-0.024000,-0.066000,0.009125,0.475675,-0.268299,0.092113,-3.141592,0.000003,-0.000057
9.508577,-0.590008,-0.521247,-5.650000,-0.024000,-0.066000,0.009125,0.475756,-0.268216,0.092113,3.141592,-0.000003,-0.000050
9.512574,-0.590009,-0.521253,-5.650001,-0.024000,-0.066000,0.009125,0.475852,-0.268115,0.092110,-3.141592,0.000002,-0.000035
9.516579,-0.590009,-0.521253,-5.650001,-0.024000,-0.066000,0.009125,0.475852,-0.268115,0.092110,-3.141592,0.000002,-0.000035
9.520576,-0.590006,-0.521237,-5.650000,-0.024000,-0.066000,0.009125,0.475994,-0.267971,0.092114,3.141590,-0.000012,-0.000003
9.524576,-0.590007,-0.521238,-5.650000,-0.024000,-0.066000,0.009125,0.476073,-0.267890,0.092114,3.141590,-0.000011,0.000014
9.528573,-0.590005,-0.521232,-5.650000,-0.024000,-0.066000,0.009125,0.476152,-0.267810,0.092115,3.141589,-0.000016,0.000024
9.532576,-0.590007,-0.521238,-5.650000,-0.024000,-0.066000,0.009125,0.476231,-0.267726,0.092112,3.141590,-0.000010,-0.000016
9.536539,-0.590006,-0.521232,-5.650000,-0.024000,-0.066000,0.009125,0.476311,-0.267645,0.092113,3.141589,-0.000016,-0.000020
9.540575,-0.600006,-0.561235,-5.770000,-0.022000,-0.069000,0.010125,0.476392,-0.267563,0.092113,3.141589,-0.000013,-0.000026
9.544578,-0.610006,-0.561234,-5.780000,-0.022000,-0.069000,0.010125,0.476490,-0.267459,0.092111,3.141589,-0.000015,0.000014
9.548576,-0.610005,-0.561229,-5.780000,-0.022000,-0.069000,0.010125,0.476570,-0.267379,0.092112,3.141588,-0.000018,-0.000004
9.552579,-0.610005,-0.561229,-5.780000,-0.022000,-0.069000,0.010125,0.476570,-0.267379,0.092112,3.141588,-0.000018,-0.000004
9.556584,-0.610005,-0.561231,-5.780000,-0.022000,-0.069000,0.010125,0.476731,-0.267215,0.092111,3.141589,-0.000017,-0.000034
9.560575,-0.610008,-0.561243,-5.780000,-0.022000,-0.069000,0.010125,0.476808,-0.267131,0.092107,3.141591,-0.000006,-0.000046
9.564575,-0.610008,-0.561243,-5.780000,-0.022000,-0.069000,0.010125,0.476808,-0.267131,0.092107,3.141591,-0.000006,-0.000046
9.568577,-0.610008,-0.561244,-5.780000,-0.022000,-0.069000,0.010125,0.476965,-0.266969,0.092105,3.141591,-0.000006,-0.000067
9.572575,-0.610007,-0.561239,-5.780000,-0.022000,-0.069000,0.010125,0.477047,-0.266886,0.092107,3.141590,-0.000010,-0.000066
9.576575,-0.610007,-0.561239,-5.780000,-0.022000,-0.069000,0.010125,0.477047,-0.266886,0.092107,3.141590,-0.000010,-0.000066
9.580574,-0.610008,-0.561247,-5.780000,-0.022000,-0.069000,0.010125,0.477123,-0.266804,0.092105,3.141592,-0.000003,-0.000057
9.584576,-0.610008,-0.561247,-5.780000,-0.022000,-0.069000,0.010125,0.477123,-0.266804,0.092105,3.141592,-0.000003,-0.000057
9.588576,-0.620009,-0.601250,-5.840000,-0.020000,-0.071000,0.010125,0.477361,-0.266558,0.092104,3.141593,-0.000000,-0.000023
9.592539,-0.620012,-0.601265,-5.840001,-0.020000,-0.071000,0.010125,0.477437,-0.266476,0.092101,-3.141590,0.000013,-0.000020
9.596577,-0.620012,-0.601265,-5.840001,-0.020000,-0.071000,0.010125,0.477437,-0.266476,0.092101,-3.141590,0.000013,-0.000020
9.600578,-0.620011,-0.601262,-5.840001,-0.020000,-0.071000,0.010125,0.477596,-0.266314,0.092103,-3.141590,0.000010,-0.000027
9.604576,-0.620012,-0.601263,-5.840001,-0.020000,-0.071000,0.010125,0.477675,-0.266231,0.092103,-3.141590,0.000012,-0.000027
9.608582,-0.620011,-0.601259,-5.840001,-0.020000,-0.071000,0.010125,0.477756,-0.266150,0.092104,-3.141591,0.000008,-0.000037
9.612578,-0.620011,-0.601259,-5.840001,-0.020000,-0.071000,0.010125,0.477756,-0.266150,0.092104,-3.141591,0.000008,-0.000037
9.616584,-0.620011,-0.601260,-5.840001,-0.020000,-0.071000,0.010125,0.477835,-0.266066,0.092104,-3.141591,0.000009,-0.000043
9.620584,-0.620012,-0.601263,-5.840001,-0.020000,-0.071000,0.010125,0.477915,-0.265985,0.092105,-3.141590,0.000011,-0.000060
9.624583,-0.730012,-0.701264,-6.220001,-0.021000,-0.076000,0.011125,0.477993,-0.265904,0.092105,-3.141590,0.000013,-0.000077
9.628582,-0.730011,-0.701260,-6.220001,-0.021000,-0.076000,0.011125,0.478075,-0.265821,0.092106,-3.141591,0.000009,-0.000083
9.632578,-0.730011,-0.701263,-6.220001,-0.021000,-0.076000,0.011125,0.478155,-0.265740,0.092107,-3.141590,0.000011,-0.000087
9.636582,-0.730011,-0.701259,-6.220001,-0.021000,-0.076000,0.011125,0.478232,-0.265660,0.092109,-3.141591,0.000008,-0.000089
9.640582,-0.730012,-0.701267,-6.220001,-0.021000,-0.076000,0.011125,0.478307,-0.265580,0.092107,-3.141589,0.000015,-0.000090
9.644573,-0.730010,-0.701256,-6.220001,-0.021000,-0.076000,0.011125,0.478384,-0.265503,0.092110,-3.141592,0.000005,-0.000076
9.648583,-0.730011,-0.701263,-6.220001,-0.021000,-0.076000,0.011125,0.478457,-0.265425,0.092108,-3.141590,0.000011,-0.000062
9.652578,-0.730010,-0.701255,-6.220001,-0.021000,-0.076000,0.011125,0.478532,-0.265350,0.092113,-3.141592,0.000004,-0.000059
9.656575,-0.730012,-0.701268,-6.220001,-0.021000,-0.076000,0.011125,0.478603,-0.265272,0.092110,-3.141589,0.000016,-0.000045
9.660575,-0.730012,-0.701265,-6.220001,-0.021000,-0.076000,0.011125,0.478699,-0.265175,0.092112,-3.141590,0.000013,-0.000039
9.664575,-0.730015,-0.701282,-6.220002,-0.021000,-0.076000,0.011125,0.478752,-0.265117,0.092111,-3.141586,0.000028,-0.000077
9.668575,-0.750008,-0.691247,-6.600000,-0.026000,-0.077000,0.011125,0.478838,-0.265042,0.092121,3.141592,-0.000003,-0.000076
9.672575,-0.750011,-0.691260,-6.600001,-0.026000,-0.077000,0.011125,0.478909,-0.264963,0.092117,-3.141591,0.000009,-0.000075
9.676574,-0.750010,-0.691257,-6.600001,-0.026000,-0.077000,0.011125,0.478997,-0.264864,0.092119,-3.141591,0.000006,-0.000036
9.680574,-0.750011,-0.691259,-6.600001,-0.026000,-0.077000,0.011125,0.479070,-0.264786,0.092120,-3.141591,0.000008,-0.000042
9.684576,-0.750013,-0.691269,-6.600001,-0.026000,-0.077000,0.011125,0.479143,-0.264708,0.092120,-3.141589,0.000017,-0.000055
9.688575,-0.750011,-0.691258,-6.600001,-0.026000,-0.077000,0.011125,0.479220,-0.264631,0.092123,-3.141591,0.000007,-0.000068
9.692539,-0.750011,-0.691260,-6.600001,-0.026000,-0.077000,0.011125,0.479295,-0.264551,0.092124,-3.141591,0.000009,-0.000069
9.696576,-0.750010,-0.691257,-6.600001,-0.026000,-0.077000,0.011125,0.479371,-0.264474,0.092126,-3.141591,0.000006,-0.000075
9.700572,-0.750011,-0.691259,-6.600001,-0.026000,-0.077000,0.011125,0.479444,-0.264396,0.092126,-3.141591,0.000008,-0.000075
9.704574,-0.700011,-0.651261,-6.690001,-0.028000,-0.076000,0.011125,0.479520,-0.264318,0.092126,-3.141590,0.000009,-0.000067
9.708577,-0.680010,-0.621257,-6.700001,-0.029000,-0.076000,0.010125,0.479596,-0.264241,0.092128,-3.141591,0.000006,-0.000060
9.712576,-0.680010,-0.621254,-6.700001,-0.029000,-0.076000,0.010125,0.479672,-0.264163,0.092131,-3.141592,0.000003,-0.000052
9.716576,-0.680009,-0.621250,-6.700001,-0.029000,-0.076000,0.010125,0.479748,-0.264086,0.092133,3.141593,-0.000000,-0.000045
9.720577,-0.680009,-0.621252,-6.700001,-0.029000,-0.076000,0.010125,0.479824,-0.264006,0.092133,-3.141592,0.000001,-0.000033
9.724575,-0.680008,-0.621247,-6.700000,-0.029000,-0.076000,0.010125,0.479898,-0.263928,0.092134,3.141592,-0.000003,-0.000025
9.728606,-0.680008,-0.621243,-6.700000,-0.029000,-0.076000,0.010125,0.479973,-0.263852,0.092136,3.141591,-0.000006,-0.000029
9.732594,-0.680008,-0.621245,-6.700000,-0.029000,-0.076000,0.010125,0.480049,-0.263775,0.092136,3.141591,-0.000005,-0.000022
9.736594,-0.680007,-0.621242,-6.700000,-0.029000,-0.076000,0.010125,0.480122,-0.263697,0.092139,3.141591,-0.000007,-0.000021
9.740603,-0.680007,-0.621242,-6.700000,-0.029000,-0.076000,0.010125,0.480195,-0.263621,0.092138,3.141591,-0.000007,-0.000018
9.744592,-0.690007,-0.631238,-6.570000,-0.027000,-0.077000,0.010125,0.480271,-0.263543,0.092140,3.141590,-0.000010,-0.000011
9.748585,-0.690006,-0.631233,-6.570000,-0.027000,-0.077000,0.010125,0.480344,-0.263467,0.092142,3.141589,-0.000015,-0.000014
9.752580,-0.690006,-0.631236,-6.570000,-0.027000,-0.077000,0.010125,0.480416,-0.263391,0.092142,3.141590,-0.000013,-0.000025
9.756586,-0.690005,-0.631232,-6.570000,-0.027000,-0.077000,0.010125,0.480492,-0.263314,0.092144,3.141589,-0.000016,-0.000031
9.760576,-0.690004,-0.631227,-6.569999,-0.027000,-0.077000,0.010125,0.480564,-0.263238,0.092146,3.141588,-0.000020,-0.000035
9.764573,-0.690005,-0.631229,-6.569999,-0.027000,-0.077000,0.010125,0.480639,-0.263162,0.092146,3.141588,-0.000019,-0.000045
9.768581,-0.690004,-0.631224,-6.569999,-0.027000,-0.077000,0.010125,0.480713,-0.263084,0.092147,3.141587,-0.000023,-0.000038
9.772572,-0.690005,-0.631231,-6.570000,-0.027000,-0.077000,0.010125,0.480785,-0.263008,0.092145,3.141589,-0.000017,-0.000035
9.776571,-0.690003,-0.631220,-6.569999,-0.027000,-0.077000,0.010125,0.480861,-0.262930,0.092148,3.141587,-0.000027,-0.000027
9.780575,-0.690003,-0.631220,-6.569999,-0.027000,-0.077000,0.010125,0.480933,-0.262854,0.092147,3.141587,-0.000027,-0.000024
9.784571,-0.690003,-0.631222,-6.569999,-0.027000,-0.077000,0.010125,0.481008,-0.262778,0.092147,3.141587,-0.000025,-0.000069
9.788574,-0.710004,-0.641224,-6.389999,-0.025000,-0.077000,0.010125,0.481090,-0.262702,0.092147,3.141587,-0.000023,-0.000061
9.792541,-0.710001,-0.641212,-6.389999,-0.025000,-0.077000,0.010125,0.481179,-0.262605,0.092149,3.141585,-0.000034,-0.000013
9.796575,-0.710001,-0.641212,-6.389999,-0.025000,-0.077000,0.010125,0.481250,-0.262531,0.092148,3.141585,-0.000034,-0.000021
9.800576,-0.709999,-0.641203,-6.389998,-0.025001,-0.077000,0.010125,0.481328,-0.262454,0.092152,3.141583,-0.000042,-0.000014
9.804582,-0.710001,-0.641210,-6.389999,-0.025000,-0.077000,0.010125,0.481401,-0.262375,0.092150,3.141585,-0.000036,-0.000006
9.808583,-0.710001,-0.641211,-6.389999,-0.025000,-0.077000,0.010125,0.481475,-0.262299,0.092150,3.141585,-0.000034,-0.000003
9.812581,-0.710000,-0.641205,-6.389999,-0.025000,-0.077000,0.010125,0.481550,-0.262224,0.092151,3.141584,-0.000040,-0.000014
9.816540,-0.710001,-0.641213,-6.389999,-0.025000,-0.077000,0.010125,0.481621,-0.262147,0.092149,3.141585,-0.000033,-0.000018
9.820581,-0.710002,-0.641214,-6.389999,-0.025000,-0.077000,0.010125,0.481697,-0.262069,0.092149,3.141585,-0.000032,-0.000017
9.824576,-0.640002,-0.631216,-6.139999,-0.022000,-0.073000,0.009125,0.481771,-0.261993,0.092149,3.141586,-0.000031,-0.000028
9.828577,-0.640001,-0.631211,-6.139999,-0.022000,-0.073000,0.009125,0.481843,-0.261917,0.092150,3.141585,-0.000035,-0.000038
9.832575,-0.640001,-0.631212,-6.139999,-0.022000,-0.073000,0.009125,0.481917,-0.261841,0.092150,3.141585,-0.000034,-0.000042
9.836573,-0.640001,-0.631213,-6.139999,-0.022000,-0.073000,0.009125,0.481992,-0.261763,0.092150,3.141585,-0.000033,-0.000041
9.840580,-0.640004,-0.631226,-6.139999,-0.022000,-0.073000,0.009125,0.482065,-0.261684,0.092145,3.141588,-0.000022,-0.000040
9.844573,-0.640004,-0.631227,-6.139999,-0.022000,-0.073000,0.009125,0.482139,-0.261608,0.092145,3.141588,-0.000020,-0.000044
9.848574,-0.640006,-0.631234,-6.140000,-0.022000,-0.073000,0.009125,0.482214,-0.261530,0.092143,3.141589,-0.000015,-0.000037
9.852575,-0.640006,-0.631235,-6.140000,-0.022000,-0.073000,0.009125,0.482289,-0.261452,0.092143,3.141590,-0.000013,-0.000036
9.856580,-0.640007,-0.631241,-6.140000,-0.022000,-0.073000,0.009125,0.482364,-0.261373,0.092140,3.141591,-0.000008,-0.000042
9.860579,-0.690008,-0.681248,-6.170000,-0.021000,-0.074000,0.010125,0.482438,-0.261295,0.092138,3.141592,-0.000002,-0.000041
9.864576,-0.690008,-0.681243,-6.170000,-0.021000,-0.074000,0.010125,0.482516,-0.261217,0.092139,3.141591,-0.000006,-0.000047
9.868579,-0.740009,-0.701250,-6.200000,-0.021000,-0.076000,0.010125,0.482589,-0.261141,0.092137,3.141593,-0.000000,-0.000058
9.872577,-0.740009,-0.701250,-6.200001,-0.021000,-0.076000,0.010125,0.482666,-0.261063,0.092136,3.141593,-0.000000,-0.000057
9.876575,-0.740012,-0.701265,-6.200001,-0.021000,-0.076000,0.010125,0.482738,-0.260984,0.092133,-3.141590,0.000013,-0.000056
9.880575,-0.740011,-0.701260,-6.200001,-0.021000,-0.076000,0.010125,0.482814,-0.260909,0.092135,-3.141591,0.000009,-0.000067
9.884579,-0.740012,-0.701267,-6.200001,-0.021000,-0.076000,0.010125,0.482889,-0.260830,0.092132,-3.141589,0.000015,-0.000066
9.888579,-0.740012,-0.701263,-6.200001,-0.021000,-0.076000,0.010125,0.482972,-0.260756,0.092134,-3.141590,0.000012,-0.000117
9.892539,-0.740011,-0.701258,-6.200001,-0.021000,-0.076000,0.010125,0.483042,-0.260676,0.092135,-3.141591,0.000007,-0.000076
9.896577,-0.740011,-0.701258,-6.200001,-0.021000,-0.076000,0.010125,0.483042,-0.260676,0.092135,-3.141591,0.000007,-0.000076
9.900576,-0.740010,-0.701254,-6.200001,-0.021000,-0.076000,0.010125,0.483195,-0.260523,0.092136,-3.141592,0.000003,-0.000106
9.904576,-0.800009,-0.691250,-6.470000,-0.024000,-0.080000,0.011125,0.483290,-0.260427,0.092138,3.141593,-0.000000,-0.000065
9.908573,-0.800011,-0.691259,-6.470001,-0.024000,-0.080000,0.011125,0.483363,-0.260350,0.092137,-3.141591,0.000008,-0.000062
9.912574,-0.800010,-0.691254,-6.470001,-0.024000,-0.080000,0.011125,0.483440,-0.260272,0.092138,-3.141592,0.000004,-0.000061
9.916546,-0.800009,-0.691250,-6.470000,-0.024000,-0.080000,0.011125,0.483518,-0.260194,0.092140,3.141593,-0.000000,-0.000060
9.920575,-0.800010,-0.691253,-6.470001,-0.024000,-0.080000,0.011125,0.483593,-0.260118,0.092141,-3.141592,0.000002,-0.000064
9.924577,-0.800011,-0.691262,-6.470001,-0.024000,-0.080000,0.011125,0.483667,-0.260040,0.092140,-3.141590,0.000010,-0.000063
9.928573,-0.800012,-0.691264,-6.470001,-0.024000,-0.080000,0.011125,0.483746,-0.259962,0.092140,-3.141590,0.000012,-0.000076
9.932575,-0.800011,-0.691259,-6.470001,-0.024000,-0.080000,0.011125,0.483823,-0.259884,0.092141,-3.141591,0.000008,-0.000089
9.936575,-0.800011,-0.691259,-6.470001,-0.024000,-0.080000,0.011125,0.483823,-0.259884,0.092141,-3.141591,0.000008,-0.000089
9.940582,-0.800012,-0.691263,-6.470001,-0.024000,-0.080000,0.011125,0.483977,-0.259720,0.092142,-3.141590,0.000012,-0.000094
9.944577,-0.800013,-0.691271,-6.470001,-0.024000,-0.080000,0.011125,0.484056,-0.259638,0.092141,-3.141589,0.000019,-0.000091
9.948580,-0.780014,-0.661274,-6.830001,-0.029000,-0.081000,0.013125,0.484135,-0.259555,0.092141,-3.141588,0.000021,-0.000088
9.952577,-0.780016,-0.661283,-6.830002,-0.029000,-0.081000,0.013125,0.484211,-0.259472,0.092141,-3.141586,0.000029,-0.000092
9.956575,-0.780014,-0.661273,-6.830001,-0.029000,-0.081000,0.013125,0.484293,-0.259390,0.092144,-3.141588,0.000020,-0.000082
9.960574,-0.780017,-0.661286,-6.830002,-0.029000,-0.081000,0.013125,0.484369,-0.259306,0.092141,-3.141586,0.000032,-0.000066
9.964580,-0.780015,-0.661277,-6.830002,-0.029000,-0.081000,0.013125,0.484448,-0.259224,0.092144,-3.141587,0.000024,-0.000056
9.968575,-0.780015,-0.661280,-6.830002,-0.029000,-0.081000,0.013125,0.484527,-0.259141,0.092145,-3.141587,0.000026,-0.000046
9.972585,-0.780017,-0.661288,-6.830002,-0.029000,-0.081000,0.013125,0.484605,-0.259058,0.092144,-3.141585,0.000033,-0.000036
9.976579,-0.780018,-0.661292,-6.830002,-0.029000,-0.081000,0.013125,0.484681,-0.258977,0.092145,-3.141585,0.000037,-0.000031
9.980549,-0.750017,-0.621286,-6.780002,-0.030000,-0.079000,0.012125,0.484762,-0.258895,0.092146,-3.141586,0.000032,-0.000028
9.984582,-0.750019,-0.621295,-6.770002,-0.030000,-0.079000,0.012125,0.484838,-0.258812,0.092145,-3.141584,0.000040,-0.000032
9.988582,-0.750019,-0.621295,-6.770002,-0.030000,-0.079000,0.012125,0.484838,-0.258812,0.092145,-3.141584,0.000040,-0.000032
9.992539,-0.750016,-0.621284,-6.770002,-0.030000,-0.079000,0.012125,0.484919,-0.258731,0.092148,-3.141586,0.000030,-0.000040
9.996581,-0.750019,-0.621297,-6.770002,-0.030000,-0.079000,0.012125,0.485077,-0.258566,0.092149,-3.141584,0.000041,-0.000095
10.000580,-0.750012,-0.621266,-6.770001,-0.030000,-0.079000,0.012125,0.485181,-0.258464,0.092155,-3.141590,0.000014,-0.000060
10.004580,-0.750013,-0.621268,-6.770001,-0.030000,-0.079000,0.012125,0.485262,-0.258382,0.092155,-3.141589,0.000016,-0.000064
10.008583,-0.750011,-0.621258,-6.770001,-0.030000,-0.079000,0.012125,0.485342,-0.258301,0.092158,-3.141591,0.000007,-0.000065
10.012582,-0.750008,-0.621248,-6.770000,-0.030000,-0.079000,0.012125,0.485423,-0.258219,0.092161,3.141592,-0.000002,-0.000069
10.016586,-0.750008,-0.621248,-6.770000,-0.030000,-0.079000,0.012125,0.485423,-0.258219,0.092161,3.141592,-0.000002,-0.000069
10.020571,-0.750008,-0.621244,-6.770000,-0.030000,-0.079000,0.012125,0.485504,-0.258136,0.092164,3.141592,-0.000005,-0.000059
10.024576,-0.730006,-0.601238,-6.650000,-0.029000,-0.079000,0.012125,0.485663,-0.257976,0.092169,3.141590,-0.000011,-0.000042
10.028573,-0.730006,-0.601238,-6.650000,-0.029000,-0.079000,0.012125,0.485663,-0.257976,0.092169,3.141590,-0.000011,-0.000042
10.032581,-0.730006,-0.601236,-6.650000,-0.029000,-0.079000,0.012125,0.485821,-0.257812,0.092170,3.141590,-0.000013,-0.000014
10.036582,-0.730005,-0.601233,-6.650000,-0.029000,-0.079000,0.012125,0.485902,-0.257730,0.092173,3.141589,-0.000016,0.000003
10.040577,-0.730003,-0.601222,-6.649999,-0.029000,-0.079000,0.012125,0.485982,-0.257649,0.092176,3.141587,-0.000025,0.000008
10.044574,-0.730005,-0.601230,-6.650000,-0.029000,-0.079000,0.012125,0.486060,-0.257566,0.092174,3.141589,-0.000018,0.000018
10.048582,-0.730005,-0.601230,-6.650000,-0.029000,-0.079000,0.012125,0.486060,-0.257566,0.092174,3.141589,-0.000018,0.000018
10.052583,-0.730007,-0.601241,-6.650000,-0.029000,-0.079000,0.012125,0.486216,-0.257402,0.092174,3.141591,-0.000008,0.000006
10.056583,-0.730007,-0.601241,-6.650000,-0.029000,-0.079000,0.012125,0.486216,-0.257402,0.092174,3.141591,-0.000008,0.000006
10.060578,-0.730007,-0.601241,-6.650000,-0.029000,-0.079000,0.012125,0.486294,-0.257319,0.092173,3.141591,-0.000008,0.000002
10.064584,-0.730007,-0.601241,-6.650000,-0.029000,-0.079000,0.012125,0.486294,-0.257319,0.092173,3.141591,-0.000008,0.000002
10.068581,-0.720012,-0.621263,-6.580001,-0.028000,-0.079000,0.013125,0.486447,-0.257154,0.092168,-3.141590,0.000011,-0.000017
10.072575,-0.720012,-0.621263,-6.580001,-0.028000,-0.079000,0.013125,0.486447,-0.257154,0.092168,-3.141590,0.000011,-0.000017
10.076575,-0.720012,-0.621263,-6.580001,-0.028000,-0.079000,0.013125,0.486447,-0.257154,0.092168,-3.141590,0.000011,-0.000017
10.080579,-0.700012,-0.631265,-6.210001,-0.024000,-0.075000,0.013125,0.486526,-0.257073,0.092168,-3.141590,0.000013,-0.000032
10.084577,-0.700013,-0.631268,-6.210001,-0.024000,-0.075000,0.013125,0.486682,-0.256909,0.092168,-3.141589,0.000016,-0.000064
10.088579,-0.700015,-0.631279,-6.210002,-0.024000,-0.075000,0.013125,0.486846,-0.256746,0.092167,-3.141587,0.000026,-0.000096
10.092539,-0.700014,-0.631273,-6.210002,-0.024000,-0.075000,0.013125,0.486938,-0.256641,0.092168,-3.141588,0.000021,-0.000034
10.096575,-0.700014,-0.631273,-6.210002,-0.024000,-0.075000,0.013125,0.486938,-0.256641,0.092168,-3.141588,0.000021,-0.000034
10.100574,-0.700016,-0.631281,-6.210002,-0.024000,-0.075000,0.013125,0.487003,-0.256582,0.092166,-3.141587,0.000028,-0.000067
10.104575,-0.700016,-0.631281,-6.210002,-0.024000,-0.075000,0.013125,0.487003,-0.256582,0.092166,-3.141587,0.000028,-0.000067
10.108581,-0.710013,-0.611268,-5.850001,-0.021000,-0.072000,0.012125,0.487259,-0.256314,0.092170,-3.141589,0.000016,0.000016
10.112577,-0.710014,-0.611275,-5.850002,-0.021000,-0.072000,0.012125,0.487338,-0.256233,0.092168,-3.141588,0.000022,0.000014
10.116577,-0.710012,-0.611263,-5.850001,-0.021000,-0.072000,0.012125,0.487420,-0.256153,0.092170,-3.141590,0.000012,0.000013
10.120583,-0.710012,-0.611265,-5.850001,-0.021000,-0.072000,0.012125,0.487500,-0.256070,0.092170,-3.141590,0.000013,0.000009
10.124575,-0.710012,-0.611265,-5.850001,-0.021000,-0.072000,0.012125,0.487579,-0.255989,0.092169,-3.141590,0.000013,-0.000006
10.128575,-0.710014,-0.611271,-5.850001,-0.021000,-0.072000,0.012125,0.487659,-0.255906,0.092166,-3.141589,0.000019,-0.000016
10.132575,-0.710012,-0.611266,-5.850001,-0.021000,-0.072000,0.012125,0.487738,-0.255825,0.092167,-3.141590,0.000014,-0.000025
10.136579,-0.710012,-0.611265,-5.850001,-0.021000,-0.072000,0.012125,0.487816,-0.255746,0.092165,-3.141590,0.000014,-0.000044
10.140580,-0.710012,-0.611266,-5.850001,-0.021000,-0.072000,0.012125,0.487892,-0.255667,0.092165,-3.141590,0.000014,-0.000064
10.144577,-0.710013,-0.611268,-5.850001,-0.021000,-0.072000,0.012125,0.487969,-0.255590,0.092165,-3.141589,0.000016,-0.000074
10.148580,-0.770012,-0.691265,-6.100001,-0.023000,-0.074000,0.014125,0.488049,-0.255514,0.092167,-3.141590,0.000013,-0.000125
10.152583,-0.770016,-0.691281,-6.100002,-0.023000,-0.074000,0.014125,0.488121,-0.255437,0.092160,-3.141587,0.000028,-0.000122
10.156575,-0.770016,-0.691282,-6.100002,-0.023000,-0.074000,0.014125,0.488207,-0.255340,0.092159,-3.141587,0.000028,-0.000072
10.160582,-0.770017,-0.691288,-6.100002,-0.023000,-0.074000,0.014125,0.488280,-0.255260,0.092157,-3.141585,0.000034,-0.000058
10.164579,-0.770016,-0.691284,-6.100002,-0.023000,-0.074000,0.014125,0.488354,-0.255185,0.092158,-3.141586,0.000030,-0.000046
10.168577,-0.770018,-0.691292,-6.100002,-0.023000,-0.074000,0.014125,0.488428,-0.255108,0.092157,-3.141585,0.000037,-0.000043
10.172579,-0.770020,-0.691299,-6.100003,-0.023000,-0.074000,0.014125,0.488500,-0.255028,0.092155,-3.141584,0.000044,-0.000035
10.176581,-0.770019,-0.691294,-6.100002,-0.023000,-0.074000,0.014125,0.488574,-0.254953,0.092156,-3.141584,0.000039,-0.000037
10.180576,-0.770019,-0.691294,-6.100002,-0.023000,-0.074000,0.014125,0.488574,-0.254953,0.092156,-3.141584,0.000039,-0.000037
10.184577,-0.770019,-0.691295,-6.100002,-0.023000,-0.074000,0.014125,0.488650,-0.254874,0.092155,-3.141584,0.000040,-0.000029
10.188578,-0.770019,-0.691295,-6.100002,-0.023000,-0.074000,0.014125,0.488650,-0.254874,0.092155,-3.141584,0.000040,-0.000029
10.192541,-0.770019,-0.691295,-6.100002,-0.023000,-0.074000,0.014125,0.488650,-0.254874,0.092155,-3.141584,0.000040,-0.000029
10.196576,-0.770019,-0.691295,-6.100002,-0.023000,-0.074000,0.014125,0.488650,-0.254874,0.092155,-3.141584,0.000040,-0.000029
10.200576,-0.770019,-0.691295,-6.100002,-0.023000,-0.074000,0.014125,0.488650,-0.254874,0.092155,-3.141584,0.000040,-0.000029
10.204579,-0.710021,-0.701304,-6.280003,-0.024999,-0.073000,0.014125,0.488797,-0.254719,0.092154,-3.141583,0.000048,-0.000044
10.208582,-0.710018,-0.701290,-6.280002,-0.025000,-0.073000,0.014125,0.489025,-0.254485,0.092157,-3.141585,0.000035,-0.000077
10.212577,-0.710018,-0.701293,-6.280002,-0.025000,-0.073000,0.014125,0.489101,-0.254406,0.092158,-3.141585,0.000038,-0.000090
10.216578,-0.710015,-0.701278,-6.280002,-0.025000,-0.073000,0.014125,0.489254,-0.254250,0.092163,-3.141588,0.000025,-0.000100
10.220577,-0.710014,-0.701275,-6.280001,-0.025000,-0.073000,0.014125,0.489329,-0.254175,0.092165,-3.141588,0.000022,-0.000108
10.224582,-0.710012,-0.701264,-6.280001,-0.025000,-0.073000,0.014125,0.489408,-0.254096,0.092168,-3.141590,0.000013,-0.000101
10.228581,-0.780012,-0.681263,-6.690001,-0.027000,-0.079000,0.015125,0.489557,-0.253941,0.092171,-3.141590,0.000011,-0.000088
10.232579,-0.780009,-0.681252,-6.690000,-0.027000,-0.079000,0.015125,0.489635,-0.253862,0.092174,-3.141592,0.000002,-0.000067
10.236579,-0.780010,-0.681254,-6.690001,-0.027000,-0.079000,0.015125,0.489713,-0.253783,0.092174,-3.141592,0.000003,-0.000053
10.240579,-0.780008,-0.681244,-6.690000,-0.027000,-0.079000,0.015125,0.489791,-0.253704,0.092177,3.141591,-0.000006,-0.000046
10.244575,-0.780010,-0.681255,-6.690001,-0.027000,-0.079000,0.015125,0.489867,-0.253624,0.092178,-3.141592,0.000005,-0.000085
10.248579,-0.780005,-0.681231,-6.690000,-0.027000,-0.079000,0.015125,0.489966,-0.253525,0.092183,3.141589,-0.000017,-0.000040
10.252576,-0.780005,-0.681232,-6.690000,-0.027000,-0.079000,0.015125,0.490041,-0.253445,0.092182,3.141589,-0.000017,-0.000039
10.256578,-0.780004,-0.681229,-6.689999,-0.027000,-0.079000,0.015125,0.490120,-0.253363,0.092185,3.141589,-0.000019,-0.000040
10.260581,-0.780006,-0.681236,-6.690000,-0.027000,-0.079000,0.015125,0.490195,-0.253283,0.092183,3.141590,-0.000012,-0.000046
10.264578,-0.730006,-0.651239,-6.540000,-0.026000,-0.078000,0.014125,0.490270,-0.253204,0.092184,3.141591,-0.000010,-0.000052
10.268578,-0.730008,-0.651248,-6.540000,-0.026000,-0.078000,0.014125,0.490344,-0.253121,0.092183,3.141592,-0.000002,-0.000067
10.272581,-0.730010,-0.651256,-6.540001,-0.026000,-0.078000,0.014125,0.490419,-0.253041,0.092182,-3.141592,0.000005,-0.000080
10.276576,-0.730011,-0.651259,-6.540001,-0.026000,-0.078000,0.014125,0.490496,-0.252959,0.092183,-3.141591,0.000008,-0.000082
10.280579,-0.730012,-0.651262,-6.540001,-0.026000,-0.078000,0.014125,0.490571,-0.252879,0.092183,-3.141591,0.000010,-0.000081
10.284575,-0.730013,-0.651270,-6.540001,-0.026000,-0.078000,0.014125,0.490646,-0.252799,0.092182,-3.141589,0.000017,-0.000073
10.288577,-0.730013,-0.651267,-6.540001,-0.026000,-0.078000,0.014125,0.490725,-0.252717,0.092184,-3.141590,0.000015,-0.000068
10.292538,-0.730013,-0.651267,-6.540001,-0.026000,-0.078000,0.014125,0.490725,-0.252717,0.092184,-3.141590,0.000015,-0.000068
10.296575,-0.730013,-0.651267,-6.540001,-0.026000,-0.078000,0.014125,0.490725,-0.252717,0.092184,-3.141590,0.000015,-0.000068
10.300576,-0.730013,-0.651269,-6.540001,-0.026000,-0.078000,0.014125,0.490799,-0.252640,0.092185,-3.141589,0.000017,-0.000065
10.304578,-0.720012,-0.621265,-6.020001,-0.023000,-0.075000,0.014125,0.491032,-0.252399,0.092190,-3.141590,0.000013,-0.000038
10.308578,-0.720015,-0.621276,-6.020002,-0.023000,-0.075000,0.014125,0.491106,-0.252318,0.092190,-3.141588,0.000023,-0.000031
10.312575,-0.720005,-0.621274,-6.020001,-0.023000,-0.075000,0.014125,0.491193,-0.252240,0.092193,-3.141582,0.000019,-0.000064
10.316579,-0.720003,-0.621263,-6.020001,-0.023000,-0.075000,0.014125,0.491264,-0.252159,0.092195,-3.141584,0.000008,-0.000016
10.320574,-0.720003,-0.621263,-6.020001,-0.023000,-0.075000,0.014125,0.491264,-0.252159,0.092195,-3.141584,0.000008,-0.000016
10.324577,-0.720002,-0.621260,-6.020001,-0.023000,-0.075000,0.014125,0.491341,-0.252080,0.092198,-3.141585,0.000006,-0.000062
10.328580,-0.720001,-0.621256,-6.020000,-0.023000,-0.075000,0.014125,0.491422,-0.251998,0.092200,-3.141585,0.000002,-0.000010
10.332578,-0.719999,-0.621248,-6.020000,-0.023000,-0.075000,0.014125,0.491577,-0.251839,0.092203,-3.141587,-0.000005,-0.000015
10.336577,-0.719997,-0.621236,-6.020000,-0.023000,-0.075000,0.014125,0.491657,-0.251760,0.092205,-3.141589,-0.000016,-0.000028
10.340577,-0.719997,-0.621236,-6.020000,-0.023000,-0.075000,0.014125,0.491657,-0.251760,0.092205,-3.141589,-0.000016,-0.000028
10.344585,-0.699997,-0.601240,-5.880000,-0.022000,-0.073000,0.012125,0.491813,-0.251595,0.092205,-3.141588,-0.000012,-0.000078
10.348579,-0.700000,-0.601251,-5.880000,-0.022000,-0.073000,0.012125,0.491892,-0.251514,0.092206,-3.141586,-0.000003,-0.000080
10.352579,-0.699996,-0.601233,-5.879999,-0.022000,-0.073000,0.012125,0.491992,-0.251412,0.092209,-3.141590,-0.000019,-0.000036
10.356584,-0.699996,-0.601235,-5.880000,-0.022000,-0.073000,0.012125,0.492070,-0.251329,0.092209,-3.141589,-0.000017,-0.000031
10.360578,-0.699996,-0.601235,-5.880000,-0.022000,-0.073000,0.012125,0.492070,-0.251329,0.092209,-3.141589,-0.000017,-0.000031
10.364577,-0.699997,-0.601236,-5.880000,-0.022000,-0.073000,0.012125,0.492226,-0.251167,0.092208,-3.141589,-0.000016,-0.000025
10.368575,-0.699997,-0.601236,-5.880000,-0.022000,-0.073000,0.012125,0.492226,-0.251167,0.092208,-3.141589,-0.000016,-0.000025
10.372582,-0.699994,-0.601225,-5.879999,-0.022000,-0.073000,0.012125,0.492383,-0.251003,0.092209,-3.141591,-0.000025,-0.000021
10.376595,-0.699994,-0.601226,-5.879999,-0.022000,-0.073000,0.012125,0.492459,-0.250921,0.092208,-3.141591,-0.000025,-0.000016
10.380576,-0.699994,-0.601226,-5.879999,-0.022000,-0.073000,0.012125,0.492459,-0.250921,0.092208,-3.141591,-0.000025,-0.000016
10.384577,-0.709996,-0.601233,-5.859999,-0.022000,-0.072000,0.011125,0.492536,-0.250841,0.092206,-3.141590,-0.000019,-0.000008
10.388578,-0.679996,-0.611235,-5.480000,-0.020000,-0.067000,0.011125,0.492614,-0.250758,0.092206,-3.141589,-0.000017,-0.000003
10.392560,-0.679996,-0.611233,-5.480000,-0.020000,-0.067000,0.011125,0.492770,-0.250594,0.092203,-3.141589,-0.000018,-0.000013
10.396577,-0.679996,-0.611233,-5.480000,-0.020000,-0.067000,0.011125,0.492770,-0.250594,0.092203,-3.141589,-0.000018,-0.000013
10.400587,-0.679998,-0.611240,-5.480000,-0.020000,-0.067000,0.011125,0.492847,-0.250514,0.092200,-3.141588,-0.000012,-0.000012
10.404575,-0.679998,-0.611240,-5.480000,-0.020000,-0.067000,0.011125,0.492847,-0.250514,0.092200,-3.141588,-0.000012,-0.000012
10.408573,-0.679998,-0.611240,-5.480000,-0.020000,-0.067000,0.011125,0.492847,-0.250514,0.092200,-3.141588,-0.000012,-0.000012
10.412576,-0.679998,-0.611244,-5.480000,-0.020000,-0.067000,0.011125,0.493084,-0.250270,0.092199,-3.141588,-0.000009,-0.000075
10.416577,-0.680000,-0.611251,-5.480000,-0.020000,-0.067000,0.011125,0.493161,-0.250187,0.092197,-3.141586,-0.000002,-0.000077
10.420581,-0.680000,-0.611251,-5.480000,-0.020000,-0.067000,0.011125,0.493161,-0.250187,0.092197,-3.141586,-0.000002,-0.000077
10.424577,-0.680000,-0.611251,-5.480000,-0.020000,-0.067000,0.011125,0.493161,-0.250187,0.092197,-3.141586,-0.000002,-0.000077
10.428578,-0.680000,-0.611253,-5.480000,-0.020000,-0.067000,0.011125,0.493259,-0.250085,0.092197,-3.141586,-0.000001,-0.000026
10.432580,-0.639996,-0.591235,-5.420000,-0.021000,-0.064000,0.009125,0.493419,-0.249923,0.092199,-3.141589,-0.000017,-0.000027
10.436579,-0.639997,-0.591236,-5.420000,-0.021000,-0.064000,0.009125,0.493574,-0.249760,0.092197,-3.141589,-0.000016,-0.000035
10.440580,-0.639998,-0.591243,-5.420000,-0.021000,-0.064000,0.009125,0.493652,-0.249678,0.092195,-3.141588,-0.000009,-0.000036
10.444577,-0.639997,-0.591238,-5.420000,-0.021000,-0.064000,0.009125,0.493729,-0.249598,0.092196,-3.141589,-0.000014,-0.000042
10.448588,-0.639997,-0.591238,-5.420000,-0.021000,-0.064000,0.009125,0.493729,-0.249598,0.092196,-3.141589,-0.000014,-0.000042
10.452578,-0.639997,-0.591239,-5.420000,-0.021000,-0.064000,0.009125,0.493885,-0.249432,0.092194,-3.141588,-0.000013,-0.000045
10.456578,-0.639999,-0.591246,-5.420000,-0.021000,-0.064000,0.009125,0.493962,-0.249350,0.092192,-3.141587,-0.000007,-0.000047
10.460576,-0.639999,-0.591246,-5.420000,-0.021000,-0.064000,0.009125,0.493962,-0.249350,0.092192,-3.141587,-0.000007,-0.000047
10.464576,-0.639999,-0.591246,-5.420000,-0.021000,-0.064000,0.009125,0.493962,-0.249350,0.092192,-3.141587,-0.000007,-0.000047
10.468579,-0.669999,-0.631249,-5.840000,-0.023000,-0.069000,0.011125,0.494190,-0.249106,0.092190,-3.141587,-0.000004,-0.000060
10.472583,-0.669999,-0.631249,-5.840000,-0.023000,-0.069000,0.011125,0.494190,-0.249106,0.092190,-3.141587,-0.000004,-0.000060
10.476578,-0.670004,-0.631266,-5.840001,-0.023000,-0.069000,0.011125,0.494340,-0.248944,0.092188,-3.141584,0.000011,-0.000072
10.480578,-0.670004,-0.631266,-5.840001,-0.023000,-0.069000,0.011125,0.494340,-0.248944,0.092188,-3.141584,0.000011,-0.000072
10.484576,-0.670004,-0.631268,-5.840001,-0.023000,-0.069000,0.011125,0.494492,-0.248781,0.092187,-3.141583,0.000013,-0.000053
10.488574,-0.670005,-0.631270,-5.840001,-0.023000,-0.069000,0.011125,0.494570,-0.248698,0.092187,-3.141583,0.000015,-0.000048
10.492557,-0.670007,-0.631278,-5.840001,-0.023000,-0.069000,0.011125,0.494644,-0.248617,0.092186,-3.141582,0.000022,-0.000054
10.496573,-0.670007,-0.631280,-5.840002,-0.023000,-0.069000,0.011125,0.494722,-0.248534,0.092186,-3.141581,0.000023,-0.000055
10.500574,-0.670006,-0.631277,-5.840001,-0.023000,-0.069000,0.011125,0.494799,-0.248454,0.092188,-3.141582,0.000021,-0.000054
10.504577,-0.670006,-0.631277,-5.840001,-0.023000,-0.069000,0.011125,0.494799,-0.248454,0.092188,-3.141582,0.000021,-0.000054
10.508578,-0.710007,-0.601280,-6.140002,-0.026000,-0.074000,0.012125,0.494969,-0.248269,0.092188,-3.141581,0.000024,-0.000071
10.512578,-0.710007,-0.601282,-6.140002,-0.026000,-0.074000,0.012125,0.495047,-0.248186,0.092188,-3.141581,0.000025,-0.000072
10.516577,-0.710009,-0.601290,-6.140002,-0.026000,-0.074000,0.012125,0.495121,-0.248105,0.092187,-3.141579,0.000032,-0.000085
10.520585,-0.710012,-0.601299,-6.140002,-0.025999,-0.074000,0.012125,0.495198,-0.248022,0.092186,-3.141578,0.000041,-0.000086
10.524581,-0.710012,-0.601301,-6.140002,-0.025999,-0.074000,0.012125,0.495274,-0.247941,0.092186,-3.141578,0.000042,-0.000092
10.528577,-0.710013,-0.601303,-6.140003,-0.025999,-0.074000,0.012125,0.495351,-0.247861,0.092186,-3.141577,0.000044,-0.000092
10.532582,-0.710015,-0.601312,-6.140003,-0.025999,-0.074000,0.012125,0.495426,-0.247780,0.092186,-3.141576,0.000053,-0.000091
10.536574,-0.710014,-0.601309,-6.140003,-0.025999,-0.074000,0.012125,0.495502,-0.247701,0.092188,-3.141576,0.000050,-0.000081
10.540576,-0.710013,-0.601306,-6.140003,-0.025999,-0.074000,0.012125,0.495577,-0.247623,0.092191,-3.141577,0.000047,-0.000065
10.544575,-0.750012,-0.611301,-6.290002,-0.025999,-0.078000,0.011125,0.495652,-0.247546,0.092191,-3.141578,0.000042,-0.000053
10.548579,-0.750013,-0.611305,-6.290003,-0.025999,-0.078000,0.011125,0.495724,-0.247472,0.092193,-3.141577,0.000046,-0.000052
10.552576,-0.750012,-0.611300,-6.290002,-0.025999,-0.078000,0.011125,0.495797,-0.247396,0.092195,-3.141578,0.000042,-0.000040
10.556577,-0.750011,-0.611295,-6.290002,-0.026000,-0.078000,0.011125,0.495872,-0.247319,0.092195,-3.141579,0.000037,-0.000035
10.560575,-0.750012,-0.611298,-6.290002,-0.025999,-0.078000,0.011125,0.495944,-0.247243,0.092196,-3.141578,0.000040,-0.000030
10.564580,-0.750012,-0.611301,-6.290002,-0.025999,-0.078000,0.011125,0.496016,-0.247166,0.092197,-3.141578,0.000042,-0.000032
10.568576,-0.750013,-0.611303,-6.290002,-0.025999,-0.078000,0.011125,0.496090,-0.247089,0.092197,-3.141577,0.000044,-0.000040
10.572578,-0.750010,-0.611292,-6.290002,-0.026000,-0.078000,0.011125,0.496165,-0.247013,0.092200,-3.141579,0.000035,-0.000048
10.576578,-0.750012,-0.611300,-6.290002,-0.025999,-0.078000,0.011125,0.496236,-0.246936,0.092199,-3.141578,0.000042,-0.000056
10.580547,-0.750010,-0.611291,-6.290002,-0.026000,-0.078000,0.011125,0.496314,-0.246858,0.092203,-3.141579,0.000034,-0.000053
10.584589,-0.700010,-0.591292,-6.120002,-0.025000,-0.075000,0.010125,0.496386,-0.246781,0.092202,-3.141579,0.000034,-0.000069
10.588578,-0.700010,-0.591294,-6.120002,-0.025000,-0.075000,0.010125,0.496460,-0.246705,0.092202,-3.141579,0.000036,-0.000077
10.592560,-0.680009,-0.581288,-6.040002,-0.025000,-0.073000,0.009125,0.496536,-0.246626,0.092203,-3.141580,0.000031,-0.000074
10.596577,-0.680008,-0.581284,-6.040002,-0.025000,-0.073000,0.009125,0.496612,-0.246550,0.092205,-3.141581,0.000027,-0.000075
10.600580,-0.680007,-0.581279,-6.040001,-0.025000,-0.073000,0.009125,0.496687,-0.246473,0.092205,-3.141582,0.000022,-0.000077
10.604587,-0.680006,-0.581276,-6.040001,-0.025000,-0.073000,0.009125,0.496761,-0.246397,0.092208,-3.141582,0.000020,-0.000079
10.608543,-0.680005,-0.581271,-6.040001,-0.025000,-0.073000,0.009125,0.496852,-0.246302,0.092209,-3.141583,0.000016,-0.000060
10.612585,-0.680007,-0.581278,-6.040001,-0.025000,-0.073000,0.009125,0.496907,-0.246243,0.092207,-3.141582,0.000022,-0.000088
10.616582,-0.680008,-0.581282,-6.040002,-0.025000,-0.073000,0.009125,0.496980,-0.246167,0.092209,-3.141581,0.000026,-0.000070
10.620580,-0.680005,-0.581270,-6.040001,-0.025000,-0.073000,0.009125,0.497075,-0.246072,0.092210,-3.141583,0.000014,-0.000024
10.624578,-0.690003,-0.591265,-5.580001,-0.021000,-0.069000,0.009125,0.497147,-0.245995,0.092212,-3.141584,0.000010,-0.000012
10.628584,-0.690003,-0.591265,-5.580001,-0.021000,-0.069000,0.009125,0.497147,-0.245995,0.092212,-3.141584,0.000010,-0.000012
10.632579,-0.690001,-0.591253,-5.580000,-0.021000,-0.069000,0.009125,0.497299,-0.245840,0.092212,-3.141586,-0.000001,0.000003
10.636578,-0.690000,-0.591249,-5.580000,-0.021000,-0.069000,0.009125,0.497376,-0.245761,0.092214,-3.141587,-0.000004,-0.000001
10.640584,-0.690000,-0.591250,-5.580000,-0.021000,-0.069000,0.009125,0.497454,-0.245680,0.092213,-3.141586,-0.000003,-0.000000
10.644574,-0.690000,-0.591251,-5.580000,-0.021000,-0.069000,0.009125,0.497532,-0.245599,0.092213,-3.141586,-0.000002,-0.000013
10.648555,-0.690001,-0.591257,-5.580001,-0.021000,-0.069000,0.009125,0.497610,-0.245518,0.092210,-3.141585,0.000003,-0.000019
10.652583,-0.690000,-0.591250,-5.580000,-0.021000,-0.069000,0.009125,0.497688,-0.245437,0.092210,-3.141586,-0.000003,-0.000032
10.656584,-0.690000,-0.591251,-5.580000,-0.021000,-0.069000,0.009125,0.497767,-0.245354,0.092209,-3.141586,-0.000002,-0.000040
10.660583,-0.689997,-0.591239,-5.580000,-0.021000,-0.069000,0.009125,0.497848,-0.245274,0.092211,-3.141588,-0.000013,-0.000053
10.664584,-0.629997,-0.561240,-5.170000,-0.020000,-0.063000,0.008125,0.497926,-0.245193,0.092210,-3.141588,-0.000012,-0.000065
10.668583,-0.629996,-0.561235,-5.170000,-0.020000,-0.063000,0.008125,0.498006,-0.245112,0.092211,-3.141589,-0.000017,-0.000072
10.672584,-0.629995,-0.561230,-5.169999,-0.020000,-0.063000,0.008125,0.498086,-0.245032,0.092212,-3.141590,-0.000021,-0.000071
10.676584,-0.629995,-0.561231,-5.169999,-0.020000,-0.063000,0.008125,0.498162,-0.244953,0.092211,-3.141590,-0.000020,-0.000061
10.680581,-0.629994,-0.561226,-5.169999,-0.020000,-0.063000,0.008125,0.498243,-0.244872,0.092212,-3.141590,-0.000025,-0.000047
10.684583,-0.629993,-0.561221,-5.169999,-0.020000,-0.063000,0.008125,0.498323,-0.244791,0.092213,-3.141591,-0.000029,-0.000033
10.688586,-0.629993,-0.561222,-5.169999,-0.020000,-0.063000,0.008125,0.498400,-0.244710,0.092212,-3.141591,-0.000029,-0.000012
10.692553,-0.629992,-0.561217,-5.169999,-0.020000,-0.063000,0.008125,0.498480,-0.244630,0.092213,-3.141592,-0.000033,0.000002
10.696602,-0.629994,-0.561225,-5.169999,-0.020000,-0.063000,0.008125,0.498556,-0.244551,0.092212,-3.141591,-0.000026,0.000012
10.700578,-0.629994,-0.561226,-5.169999,-0.020000,-0.063000,0.008125,0.498634,-0.244469,0.092211,-3.141590,-0.000025,0.000013
10.704584,-0.629994,-0.561226,-5.169999,-0.020000,-0.063000,0.008125,0.498634,-0.244469,0.092211,-3.141590,-0.000025,0.000013
10.708576,-0.549996,-0.501235,-5.050000,-0.022000,-0.058000,0.008125,0.498788,-0.244309,0.092209,-3.141589,-0.000016,0.000003
10.712574,-0.550001,-0.501254,-5.050000,-0.022000,-0.058000,0.008125,0.498862,-0.244227,0.092204,-3.141586,0.000001,-0.000003
10.716574,-0.550000,-0.501250,-5.050000,-0.022000,-0.058000,0.008125,0.498960,-0.244125,0.092205,-3.141586,-0.000003,-0.000018
10.720577,-0.550001,-0.501256,-5.050000,-0.022000,-0.058000,0.008125,0.499017,-0.244065,0.092203,-3.141585,0.000002,-0.000028
10.724576,-0.550001,-0.501256,-5.050000,-0.022000,-0.058000,0.008125,0.499017,-0.244065,0.092203,-3.141585,0.000002,-0.000028
10.728583,-0.550003,-0.501265,-5.050001,-0.022000,-0.058000,0.008125,0.499114,-0.243965,0.092201,-3.141584,0.000010,-0.000102
10.732582,-0.550003,-0.501261,-5.050001,-0.022000,-0.058000,0.008125,0.499258,-0.243825,0.092208,-3.141585,0.000007,-0.000132
10.736576,-0.550009,-0.501284,-5.050002,-0.022000,-0.058000,0.008125,0.499346,-0.243718,0.092199,-3.141581,0.000028,-0.000088
10.740575,-0.550009,-0.501288,-5.050002,-0.022000,-0.058000,0.008125,0.499423,-0.243637,0.092200,-3.141580,0.000031,-0.000088
10.744583,-0.550008,-0.501283,-5.140002,-0.021000,-0.061000,0.008125,0.499503,-0.243556,0.092201,-3.141581,0.000026,-0.000080
10.748540,-0.550012,-0.501298,-5.140002,-0.020999,-0.061000,0.008125,0.499580,-0.243472,0.092199,-3.141578,0.000040,-0.000068
10.752580,-0.550013,-0.501301,-5.140002,-0.020999,-0.061000,0.008125,0.499659,-0.243391,0.092200,-3.141578,0.000043,-0.000054
10.756575,-0.550013,-0.501303,-5.140003,-0.020999,-0.061000,0.008125,0.499739,-0.243309,0.092200,-3.141578,0.000045,-0.000046
10.760575,-0.550013,-0.501303,-5.140003,-0.020999,-0.061000,0.008125,0.499739,-0.243309,0.092200,-3.141578,0.000045,-0.000046
10.764580,-0.550012,-0.501298,-5.140002,-0.020999,-0.061000,0.008125,0.499818,-0.243228,0.092201,-3.141578,0.000040,-0.000039
10.768574,-0.550013,-0.501301,-5.140002,-0.020999,-0.061000,0.008125,0.499899,-0.243145,0.092201,-3.141578,0.000042,-0.000034
10.772574,-0.550013,-0.501303,-5.140003,-0.020999,-0.061000,0.008125,0.499978,-0.243064,0.092202,-3.141578,0.000045,-0.000033
10.776575,-0.550009,-0.501287,-5.140002,-0.021000,-0.061000,0.008125,0.500060,-0.242983,0.092207,-3.141580,0.000030,-0.000032
10.780577,-0.550011,-0.501293,-5.140002,-0.021000,-0.061000,0.008125,0.500137,-0.242901,0.092203,-3.141579,0.000036,-0.000045
10.784577,-0.560008,-0.501283,-5.190002,-0.021000,-0.062000,0.008125,0.500217,-0.242820,0.092207,-3.141581,0.000027,-0.000051
10.788577,-0.600009,-0.511286,-5.470002,-0.022000,-0.067000,0.008125,0.500297,-0.242737,0.092207,-3.141581,0.000029,-0.000059
10.792559,-0.600009,-0.511288,-5.470002,-0.022000,-0.067000,0.008125,0.500377,-0.242653,0.092207,-3.141580,0.000031,-0.000068
10.796575,-0.600010,-0.511289,-5.470002,-0.022000,-0.067000,0.008125,0.500455,-0.242571,0.092207,-3.141580,0.000032,-0.000087
10.800576,-0.600009,-0.511285,-5.470002,-0.022000,-0.067000,0.008125,0.500532,-0.242490,0.092209,-3.141581,0.000028,-0.000147
10.804575,-0.600011,-0.511293,-5.470002,-0.022000,-0.067000,0.008125,0.500610,-0.242406,0.092207,-3.141579,0.000036,-0.000101
10.808580,-0.600008,-0.511283,-5.470002,-0.022000,-0.067000,0.008125,0.500690,-0.242325,0.092211,-3.141581,0.000027,-0.000101
10.812587,-0.600010,-0.511290,-5.470002,-0.022000,-0.067000,0.008125,0.500765,-0.242242,0.092208,-3.141580,0.000033,-0.000100
10.816583,-0.600009,-0.511286,-5.470002,-0.022000,-0.067000,0.008125,0.500843,-0.242161,0.092210,-3.141581,0.000029,-0.000140
10.820577,-0.600009,-0.511287,-5.470002,-0.022000,-0.067000,0.008125,0.500929,-0.242081,0.092209,-3.141580,0.000030,-0.000119
10.824579,-0.600008,-0.511283,-5.470002,-0.022000,-0.067000,0.008125,0.501018,-0.241976,0.092211,-3.141581,0.000027,-0.000066
10.828576,-0.590008,-0.531284,-5.480002,-0.021000,-0.067000,0.008125,0.501095,-0.241894,0.092210,-3.141581,0.000027,-0.000059
10.832577,-0.590007,-0.531278,-5.480001,-0.021000,-0.067000,0.008125,0.501173,-0.241813,0.092210,-3.141582,0.000022,-0.000051
10.836579,-0.590007,-0.531279,-5.480002,-0.021000,-0.067000,0.008125,0.501247,-0.241733,0.092210,-3.141582,0.000023,-0.000041
10.840578,-0.590008,-0.531280,-5.480002,-0.021000,-0.067000,0.008125,0.501323,-0.241653,0.092209,-3.141581,0.000024,-0.000039
10.844583,-0.590005,-0.531269,-5.480001,-0.021000,-0.067000,0.008125,0.501399,-0.241576,0.092212,-3.141583,0.000014,-0.000040
10.848580,-0.590002,-0.531258,-5.480001,-0.021000,-0.067000,0.008125,0.501475,-0.241499,0.092214,-3.141585,0.000004,-0.000042
10.852574,-0.589999,-0.531246,-5.480000,-0.021000,-0.067000,0.008125,0.501551,-0.241421,0.092217,-3.141587,-0.000007,-0.000050
10.856583,-0.589996,-0.531237,-5.480000,-0.021000,-0.067000,0.008125,0.501629,-0.241345,0.092220,-3.141589,-0.000015,-0.000058
10.860576,-0.589994,-0.531227,-5.479999,-0.021000,-0.067000,0.008125,0.501706,-0.241268,0.092223,-3.141590,-0.000024,-0.000067
10.864577,-0.599993,-0.521223,-5.429999,-0.021000,-0.066000,0.008125,0.501781,-0.241190,0.092225,-3.141591,-0.000028,-0.000075
10.868578,-0.639988,-0.541206,-5.399998,-0.020000,-0.067000,0.008125,0.501860,-0.241113,0.092229,3.141592,-0.000044,-0.000083
10.872580,-0.639985,-0.541194,-5.399998,-0.020001,-0.067000,0.008125,0.501935,-0.241036,0.092232,3.141590,-0.000054,-0.000091
10.876584,-0.639984,-0.541189,-5.399998,-0.020001,-0.067000,0.008125,0.502014,-0.240956,0.092233,3.141589,-0.000058,-0.000082
10.880578,-0.639982,-0.541183,-5.399997,-0.020001,-0.067000,0.008125,0.502089,-0.240879,0.092233,3.141588,-0.000064,-0.000077
10.884579,-0.639981,-0.541179,-5.399997,-0.020001,-0.067000,0.008125,0.502164,-0.240802,0.092234,3.141587,-0.000068,-0.000071
10.888576,-0.639981,-0.541180,-5.399997,-0.020001,-0.067000,0.008125,0.502239,-0.240724,0.092234,3.141588,-0.000067,-0.000059
10.892560,-0.639980,-0.541174,-5.399997,-0.020001,-0.067000,0.008125,0.502315,-0.240646,0.092234,3.141587,-0.000073,-0.000054
10.896576,-0.639980,-0.541174,-5.399997,-0.020001,-0.067000,0.008125,0.502391,-0.240567,0.092233,3.141587,-0.000072,-0.000045
10.900574,-0.639982,-0.541181,-5.399997,-0.020001,-0.067000,0.008125,0.502463,-0.240489,0.092231,3.141588,-0.000066,-0.000033
10.904575,-0.629980,-0.551175,-5.199997,-0.019001,-0.064000,0.008125,0.502539,-0.240411,0.092231,3.141587,-0.000071,-0.000034
10.908574,-0.629980,-0.551175,-5.199997,-0.019001,-0.064000,0.008125,0.502539,-0.240411,0.092231,3.141587,-0.000071,-0.000034
10.912578,-0.629985,-0.551196,-5.199998,-0.019001,-0.064000,0.008125,0.502684,-0.240252,0.092225,3.141590,-0.000052,-0.000019
10.916579,-0.629986,-0.551197,-5.199998,-0.019001,-0.064000,0.008125,0.502759,-0.240175,0.092225,3.141590,-0.000052,-0.000014
10.920584,-0.629990,-0.551212,-5.199999,-0.019000,-0.064000,0.008125,0.502848,-0.240077,0.092222,-3.141593,-0.000038,-0.000016
10.924578,-0.629990,-0.551213,-5.199999,-0.019000,-0.064000,0.008125,0.502913,-0.240020,0.092221,-3.141592,-0.000037,-0.000058
10.928575,-0.629994,-0.551227,-5.199999,-0.019000,-0.064000,0.008125,0.502995,-0.239921,0.092219,-3.141590,-0.000024,-0.000025
10.932575,-0.629993,-0.551224,-5.199999,-0.019000,-0.064000,0.008125,0.503071,-0.239844,0.092221,-3.141591,-0.000027,-0.000027
10.936575,-0.629995,-0.551231,-5.199999,-0.019000,-0.064000,0.008125,0.503144,-0.239766,0.092219,-3.141589,-0.000021,-0.000035
10.940592,-0.629995,-0.551232,-5.199999,-0.019000,-0.064000,0.008125,0.503217,-0.239690,0.092218,-3.141589,-0.000020,-0.000041
10.944577,-0.559996,-0.501234,-4.940000,-0.021000,-0.058000,0.007125,0.503294,-0.239613,0.092219,-3.141589,-0.000018,-0.000043
10.948584,-0.559998,-0.501243,-4.940000,-0.021000,-0.058000,0.007125,0.503367,-0.239537,0.092217,-3.141588,-0.000010,-0.000042
10.952593,-0.559998,-0.501245,-4.940000,-0.021000,-0.058000,0.007125,0.503442,-0.239462,0.092218,-3.141587,-0.000008,-0.000042
10.956575,-0.559999,-0.501246,-4.940000,-0.021000,-0.058000,0.007125,0.503516,-0.239384,0.092217,-3.141587,-0.000007,-0.000043
10.960577,-0.560000,-0.501249,-4.940000,-0.021000,-0.058000,0.007125,0.503591,-0.239306,0.092218,-3.141587,-0.000004,-0.000038
10.964582,-0.559998,-0.501244,-4.940000,-0.021000,-0.058000,0.007125,0.503667,-0.239230,0.092219,-3.141587,-0.000009,-0.000031
10.968578,-0.559999,-0.501248,-4.940000,-0.021000,-0.058000,0.007125,0.503741,-0.239152,0.092220,-3.141587,-0.000005,-0.000025
10.972576,-0.559999,-0.501249,-4.940000,-0.021000,-0.058000,0.007125,0.503814,-0.239077,0.092219,-3.141587,-0.000005,-0.000025
10.976577,-0.560000,-0.501249,-4.940000,-0.021000,-0.058000,0.007125,0.503889,-0.238999,0.092219,-3.141586,-0.000004,-0.000020
10.980576,-0.560000,-0.501253,-4.940000,-0.021000,-0.058000,0.007125,0.503962,-0.238923,0.092220,-3.141586,-0.000001,-0.000019
10.984577,-0.590003,-0.541261,-5.470001,-0.023000,-0.064000,0.009125,0.504036,-0.238845,0.092219,-3.141585,0.000007,-0.000014
10.988573,-0.590003,-0.541263,-5.470001,-0.023000,-0.064000,0.009125,0.504108,-0.238769,0.092219,-3.141584,0.000008,-0.000020
10.992556,-0.590005,-0.541271,-5.470001,-0.023000,-0.064000,0.009125,0.504182,-0.238690,0.092217,-3.141583,0.000016,-0.000015
10.996574,-0.590007,-0.541278,-5.470001,-0.023000,-0.064000,0.009125,0.504253,-0.238614,0.092215,-3.141582,0.000022,-0.000021
11.000577,-0.590009,-0.541285,-5.470002,-0.023000,-0.064000,0.009125,0.504325,-0.238536,0.092213,-3.141581,0.000028,-0.000029
11.004573,-0.590011,-0.541293,-5.470002,-0.023000,-0.064000,0.009125,0.504398,-0.238460,0.092211,-3.141580,0.000036,-0.000035
11.008574,-0.590010,-0.541289,-5.470002,-0.023000,-0.064000,0.009125,0.504471,-0.238384,0.092213,-3.141580,0.000032,-0.000048
11.012574,-0.590012,-0.541296,-5.470002,-0.023000,-0.064000,0.009125,0.504544,-0.238305,0.092211,-3.141579,0.000038,-0.000043
11.016577,-0.590014,-0.541303,-5.470003,-0.022999,-0.064000,0.009125,0.504615,-0.238229,0.092209,-3.141578,0.000044,-0.000049
11.020578,-0.590015,-0.541306,-5.470003,-0.022999,-0.064000,0.009125,0.504688,-0.238153,0.092210,-3.141578,0.000047,-0.000048
11.024578,-0.620015,-0.561307,-5.750003,-0.022999,-0.068000,0.011125,0.504762,-0.238075,0.092209,-3.141578,0.000048,-0.000083
11.028576,-0.620014,-0.561303,-5.750003,-0.022999,-0.068000,0.011125,0.504836,-0.237999,0.092211,-3.141578,0.000045,-0.000049
11.032575,-0.620018,-0.561318,-5.750003,-0.022999,-0.068000,0.011125,0.504909,-0.237921,0.092209,-3.141576,0.000059,-0.000084
11.036575,-0.620012,-0.561294,-5.750002,-0.023000,-0.068000,0.011125,0.504998,-0.237842,0.092213,-3.141580,0.000037,-0.000088
11.040578,-0.620009,-0.561283,-5.750002,-0.023000,-0.068000,0.011125,0.505087,-0.237742,0.092216,-3.141581,0.000027,-0.000051
11.044577,-0.620009,-0.561284,-5.750002,-0.023000,-0.068000,0.011125,0.505167,-0.237660,0.092215,-3.141581,0.000028,-0.000057
11.048574,-0.620008,-0.561281,-5.750002,-0.023000,-0.068000,0.011125,0.505247,-0.237580,0.092217,-3.141582,0.000025,-0.000061
11.052574,-0.620005,-0.561270,-5.750001,-0.023000,-0.068000,0.011125,0.505328,-0.237498,0.092220,-3.141583,0.000015,-0.000060
11.056573,-0.620002,-0.561258,-5.750001,-0.023000,-0.068000,0.011125,0.505410,-0.237418,0.092222,-3.141585,0.000004,-0.000064
11.060576,-0.620001,-0.561255,-5.750000,-0.023000,-0.068000,0.011125,0.505490,-0.237336,0.092224,-3.141586,0.000001,-0.000063
11.064578,-0.689998,-0.611243,-6.220000,-0.026000,-0.075000,0.013125,0.505572,-0.237256,0.092226,-3.141587,-0.000010,-0.000074
11.068578,-0.689995,-0.611232,-6.219999,-0.026000,-0.075000,0.013125,0.505652,-0.237176,0.092228,-3.141589,-0.000019,-0.000078
11.072578,-0.689993,-0.611227,-6.219999,-0.026000,-0.075000,0.013125,0.505732,-0.237094,0.092228,-3.141590,-0.000025,-0.000077
11.076575,-0.689990,-0.611216,-6.219999,-0.026000,-0.075000,0.013125,0.505812,-0.237014,0.092231,-3.141592,-0.000034,-0.000074
11.080575,-0.689990,-0.611216,-6.219999,-0.026000,-0.075000,0.013125,0.505890,-0.236934,0.092230,-3.141592,-0.000035,-0.000071
11.084578,-0.689987,-0.611205,-6.219998,-0.026000,-0.075000,0.013125,0.505969,-0.236854,0.092232,3.141592,-0.000044,-0.000068
11.088577,-0.689986,-0.611200,-6.219998,-0.026001,-0.075000,0.013125,0.506046,-0.236776,0.092233,3.141591,-0.000049,-0.000070
11.092558,-0.689986,-0.611200,-6.219998,-0.026001,-0.075000,0.013125,0.506124,-0.236693,0.092232,3.141591,-0.000049,-0.000062
11.096574,-0.689987,-0.611202,-6.219998,-0.026001,-0.075000,0.013125,0.506201,-0.236612,0.092232,3.141592,-0.000047,-0.000059
11.100574,-0.689987,-0.611203,-6.219998,-0.026000,-0.075000,0.013125,0.506276,-0.236531,0.092231,3.141592,-0.000046,-0.000063
11.104573,-0.679987,-0.651203,-6.219998,-0.024000,-0.074000,0.013125,0.506353,-0.236451,0.092230,3.141592,-0.000046,-0.000067
11.108578,-0.679989,-0.651211,-6.219999,-0.024000,-0.074000,0.013125,0.506428,-0.236370,0.092229,-3.141592,-0.000038,-0.000077
11.112574,-0.679989,-0.651211,-6.219999,-0.024000,-0.074000,0.013125,0.506428,-0.236370,0.092229,-3.141592,-0.000038,-0.000077
11.116578,-0.679988,-0.651208,-6.219998,-0.024000,-0.074000,0.013125,0.506584,-0.236209,0.092229,3.141592,-0.000042,-0.000085
11.120572,-0.679988,-0.651208,-6.219998,-0.024000,-0.074000,0.013125,0.506584,-0.236209,0.092229,3.141592,-0.000042,-0.000085
11.124573,-0.679990,-0.651217,-6.219999,-0.024000,-0.074000,0.013125,0.506741,-0.236046,0.092227,-3.141591,-0.000034,-0.000088
11.128597,-0.679990,-0.651213,-6.219999,-0.024000,-0.074000,0.013125,0.506838,-0.235946,0.092228,-3.141592,-0.000037,-0.000091
11.132580,-0.679990,-0.651213,-6.219999,-0.024000,-0.074000,0.013125,0.506897,-0.235885,0.092227,-3.141592,-0.000037,-0.000089
11.136574,-0.679989,-0.651211,-6.219999,-0.024000,-0.074000,0.013125,0.506977,-0.235804,0.092230,-3.141592,-0.000039,-0.000086
11.140577,-0.679989,-0.651212,-6.219999,-0.024000,-0.074000,0.013125,0.507057,-0.235722,0.092230,-3.141592,-0.000038,-0.000072
11.144583,-0.689988,-0.601209,-6.019998,-0.025000,-0.072000,0.012125,0.507136,-0.235641,0.092232,-3.141593,-0.000041,-0.000069
11.148575,-0.689991,-0.601218,-6.019999,-0.025000,-0.072000,0.012125,0.507215,-0.235558,0.092230,-3.141591,-0.000033,-0.000061
11.152575,-0.689990,-0.601214,-6.019999,-0.025000,-0.072000,0.012125,0.507294,-0.235478,0.092232,-3.141592,-0.000036,-0.000051
11.156580,-0.689990,-0.601214,-6.019999,-0.025000,-0.072000,0.012125,0.507294,-0.235478,0.092232,-3.141592,-0.000036,-0.000051
11.160573,-0.689988,-0.601206,-6.019998,-0.025000,-0.072000,0.012125,0.507465,-0.235314,0.092241,3.141592,-0.000043,-0.000077
11.164577,-0.689991,-0.601217,-6.019999,-0.025000,-0.072000,0.012125,0.507543,-0.235234,0.092236,-3.141591,-0.000033,-0.000081
11.168579,-0.689993,-0.601226,-6.019999,-0.025000,-0.072000,0.012125,0.507632,-0.235130,0.092235,-3.141590,-0.000025,-0.000039
11.172576,-0.689995,-0.601233,-6.019999,-0.025000,-0.072000,0.012125,0.507709,-0.235047,0.092233,-3.141589,-0.000019,-0.000045
11.176577,-0.689994,-0.601230,-6.019999,-0.025000,-0.072000,0.012125,0.507788,-0.234966,0.092235,-3.141589,-0.000022,-0.000049
11.180579,-0.709996,-0.581237,-6.160000,-0.028000,-0.071000,0.011125,0.507865,-0.234883,0.092233,-3.141588,-0.000015,-0.000055
11.184589,-0.710000,-0.581252,-6.160000,-0.028000,-0.071000,0.011125,0.507942,-0.234799,0.092230,-3.141586,-0.000002,-0.000061
11.188578,-0.710001,-0.581254,-6.160000,-0.028000,-0.071000,0.011125,0.508018,-0.234718,0.092230,-3.141586,0.000000,-0.000065
11.192556,-0.710003,-0.581261,-6.160001,-0.028000,-0.071000,0.011125,0.508096,-0.234635,0.092228,-3.141585,0.000007,-0.000071
11.196580,-0.710005,-0.581270,-6.160001,-0.028000,-0.071000,0.011125,0.508175,-0.234552,0.092227,-3.141583,0.000015,-0.000070
11.200571,-0.710006,-0.581272,-6.160001,-0.028000,-0.071000,0.011125,0.508251,-0.234471,0.092227,-3.141583,0.000017,-0.000074
11.204577,-0.710008,-0.581281,-6.160002,-0.028000,-0.071000,0.011125,0.508329,-0.234390,0.092226,-3.141582,0.000025,-0.000071
11.208577,-0.710008,-0.581281,-6.160002,-0.028000,-0.071000,0.011125,0.508329,-0.234390,0.092226,-3.141582,0.000025,-0.000071
11.212581,-0.710011,-0.581290,-6.160002,-0.028000,-0.071000,0.011125,0.508408,-0.234307,0.092225,-3.141580,0.000033,-0.000064
11.216582,-0.710013,-0.581297,-6.160002,-0.028000,-0.071000,0.011125,0.508484,-0.234225,0.092223,-3.141579,0.000039,-0.000054
11.220580,-0.680012,-0.581295,-6.240002,-0.029000,-0.072000,0.011125,0.508642,-0.234061,0.092225,-3.141580,0.000037,-0.000023
11.224587,-0.680015,-0.581303,-6.240003,-0.028999,-0.072000,0.011125,0.508720,-0.233980,0.092223,-3.141578,0.000045,-0.000014
11.228588,-0.680014,-0.581300,-6.240002,-0.028999,-0.072000,0.011125,0.508799,-0.233900,0.092225,-3.141579,0.000042,-0.000004
11.232575,-0.680014,-0.581300,-6.240002,-0.028999,-0.072000,0.011125,0.508799,-0.233900,0.092225,-3.141579,0.000042,-0.000004
11.236573,-0.680013,-0.581296,-6.240002,-0.029000,-0.072000,0.011125,0.508953,-0.233740,0.092226,-3.141580,0.000039,0.000004
11.240580,-0.680011,-0.581290,-6.240002,-0.029000,-0.072000,0.011125,0.509030,-0.233663,0.092226,-3.141580,0.000034,0.000005
11.244573,-0.680010,-0.581286,-6.240002,-0.029000,-0.072000,0.011125,0.509106,-0.233585,0.092227,-3.141581,0.000029,0.000003
11.248574,-0.680008,-0.581281,-6.240002,-0.029000,-0.072000,0.011125,0.509181,-0.233508,0.092228,-3.141582,0.000025,-0.000010
11.252582,-0.680007,-0.581276,-6.240001,-0.029000,-0.072000,0.011125,0.509256,-0.233431,0.092229,-3.141583,0.000020,-0.000022
11.256584,-0.680007,-0.581276,-6.240001,-0.029000,-0.072000,0.011125,0.509256,-0.233431,0.092229,-3.141583,0.000020,-0.000022
11.260574,-0.680004,-0.581266,-6.240001,-0.029000,-0.072000,0.011125,0.509407,-0.233273,0.092231,-3.141584,0.000011,-0.000039
11.264578,-0.730004,-0.651267,-6.560001,-0.027000,-0.078000,0.013125,0.509480,-0.233196,0.092230,-3.141584,0.000012,-0.000052
11.268582,-0.730004,-0.651267,-6.560001,-0.027000,-0.078000,0.013125,0.509480,-0.233196,0.092230,-3.141584,0.000012,-0.000052
11.272574,-0.730005,-0.651268,-6.560001,-0.027000,-0.078000,0.013125,0.509553,-0.233119,0.092230,-3.141584,0.000013,-0.000071
11.276579,-0.730003,-0.651263,-6.560001,-0.027000,-0.078000,0.013125,0.509628,-0.233040,0.092231,-3.141585,0.000008,-0.000080
11.280579,-0.730003,-0.651264,-6.560001,-0.027000,-0.078000,0.013125,0.509702,-0.232961,0.092230,-3.141584,0.000009,-0.000074
11.284576,-0.730003,-0.651264,-6.560001,-0.027000,-0.078000,0.013125,0.509776,-0.232884,0.092229,-3.141584,0.000009,-0.000067
11.288579,-0.730002,-0.651257,-6.560000,-0.027000,-0.078000,0.013125,0.509850,-0.232807,0.092229,-3.141585,0.000003,-0.000060
11.292566,-0.730000,-0.651252,-6.560000,-0.027000,-0.078000,0.013125,0.509925,-0.232728,0.092230,-3.141586,-0.000001,-0.000034
11.296576,-0.730001,-0.651255,-6.560000,-0.027000,-0.078000,0.013125,0.509999,-0.232651,0.092230,-3.141586,0.000001,-0.000020
11.300576,-0.730000,-0.651250,-6.560000,-0.027000,-0.078000,0.013125,0.510075,-0.232572,0.092231,-3.141586,-0.000004,-0.000002
11.304577,-0.699998,-0.651245,-6.550000,-0.026000,-0.078000,0.012125,0.510150,-0.232495,0.092232,-3.141587,-0.000008,0.000006
11.308578,-0.699993,-0.651225,-6.549999,-0.026000,-0.078000,0.012125,0.510236,-0.232417,0.092240,-3.141590,-0.000026,-0.000029
11.312578,-0.699996,-0.651237,-6.550000,-0.026000,-0.078000,0.012125,0.510320,-0.232317,0.092235,-3.141588,-0.000015,0.000010
11.316576,-0.699995,-0.651232,-6.549999,-0.026000,-0.078000,0.012125,0.510394,-0.232240,0.092236,-3.141589,-0.000019,-0.000003
11.320577,-0.699992,-0.651224,-6.549999,-0.026000,-0.078000,0.012125,0.510471,-0.232164,0.092241,-3.141590,-0.000027,-0.000009
11.324573,-0.699989,-0.651213,-6.549999,-0.026000,-0.078000,0.012125,0.510558,-0.232086,0.092243,-3.141592,-0.000037,-0.000065
11.328577,-0.699990,-0.651216,-6.549999,-0.026000,-0.078000,0.012125,0.510623,-0.232008,0.092244,-3.141591,-0.000035,-0.000037
11.332576,-0.699991,-0.651218,-6.549999,-0.026000,-0.078000,0.012125,0.510698,-0.231928,0.092244,-3.141591,-0.000033,-0.000045
11.336577,-0.699991,-0.651220,-6.549999,-0.026000,-0.078000,0.012125,0.510772,-0.231851,0.092244,-3.141591,-0.000030,-0.000058
11.340578,-0.699992,-0.651223,-6.549999,-0.026000,-0.078000,0.012125,0.510847,-0.231772,0.092245,-3.141590,-0.000028,-0.000066
11.344577,-0.719992,-0.631224,-6.439999,-0.026000,-0.078000,0.012125,0.510923,-0.231695,0.092244,-3.141590,-0.000027,-0.000086
11.348574,-0.719995,-0.631234,-6.439999,-0.026000,-0.078000,0.012125,0.510997,-0.231615,0.092244,-3.141589,-0.000018,-0.000081
11.352574,-0.719996,-0.631236,-6.440000,-0.026000,-0.078000,0.012125,0.511071,-0.231538,0.092244,-3.141588,-0.000016,-0.000080
11.356576,-0.719996,-0.631238,-6.440000,-0.026000,-0.078000,0.012125,0.511147,-0.231461,0.092244,-3.141588,-0.000015,-0.000079
11.360574,-0.719997,-0.631240,-6.440000,-0.026000,-0.078000,0.012125,0.511221,-0.231384,0.092244,-3.141588,-0.000013,-0.000072
11.364581,-0.719999,-0.631247,-6.440000,-0.026000,-0.078000,0.012125,0.511294,-0.231307,0.092242,-3.141587,-0.000006,-0.000065
11.368571,-0.719999,-0.631250,-6.440000,-0.026000,-0.078000,0.012125,0.511369,-0.231227,0.092243,-3.141586,-0.000004,-0.000046
11.372575,-0.719998,-0.631246,-6.440000,-0.026000,-0.078000,0.012125,0.511445,-0.231150,0.092245,-3.141587,-0.000007,-0.000039
11.376575,-0.720001,-0.631256,-6.440000,-0.026000,-0.078000,0.012125,0.511519,-0.231073,0.092244,-3.141586,0.000002,-0.000038
11.380577,-0.720000,-0.631252,-6.440000,-0.026000,-0.078000,0.012125,0.511595,-0.230996,0.092246,-3.141586,-0.000001,-0.000037
11.384579,-0.719999,-0.631249,-6.440000,-0.026000,-0.078000,0.012125,0.511671,-0.230919,0.092248,-3.141587,-0.000004,-0.000037
11.388579,-0.750002,-0.681258,-6.370001,-0.024000,-0.077000,0.012125,0.511744,-0.230841,0.092248,-3.141585,0.000004,-0.000043
11.392558,-0.750002,-0.681258,-6.370001,-0.024000,-0.077000,0.012125,0.511744,-0.230841,0.092248,-3.141585,0.000004,-0.000043
11.396573,-0.750005,-0.681269,-6.370001,-0.024000,-0.077000,0.012125,0.511893,-0.230687,0.092247,-3.141584,0.000014,-0.000055
11.400575,-0.750006,-0.681272,-6.370001,-0.024000,-0.077000,0.012125,0.511967,-0.230609,0.092248,-3.141583,0.000017,-0.000068
11.404574,-0.750005,-0.681270,-6.370001,-0.024000,-0.077000,0.012125,0.512045,-0.230530,0.092251,-3.141584,0.000015,-0.000076
11.408574,-0.750006,-0.681271,-6.370001,-0.024000,-0.077000,0.012125,0.512121,-0.230453,0.092250,-3.141583,0.000016,-0.000089
11.412577,-0.750007,-0.681273,-6.370001,-0.024000,-0.077000,0.012125,0.512195,-0.230375,0.092250,-3.141583,0.000018,-0.000101
11.416578,-0.750006,-0.681270,-6.370001,-0.024000,-0.077000,0.012125,0.512272,-0.230296,0.092252,-3.141584,0.000015,-0.000110
11.420576,-0.750007,-0.681274,-6.370001,-0.024000,-0.077000,0.012125,0.512347,-0.230219,0.092254,-3.141583,0.000018,-0.000116
11.424576,-0.730007,-0.661276,-6.460001,-0.027000,-0.075000,0.011125,0.512421,-0.230141,0.092254,-3.141583,0.000021,-0.000162
11.428577,-0.730006,-0.661273,-6.460001,-0.027000,-0.075000,0.011125,0.512497,-0.230064,0.092256,-3.141583,0.000017,-0.000114
11.432577,-0.730005,-0.661268,-6.460001,-0.027000,-0.075000,0.011125,0.512571,-0.229987,0.092257,-3.141584,0.000013,-0.000147
11.436577,-0.730004,-0.661264,-6.460001,-0.027000,-0.075000,0.011125,0.512648,-0.229907,0.092259,-3.141584,0.000010,-0.000095
11.440578,-0.730005,-0.661268,-6.460001,-0.027000,-0.075000,0.011125,0.512732,-0.229831,0.092260,-3.141584,0.000013,-0.000121
11.444577,-0.730010,-0.661285,-6.460002,-0.027000,-0.075000,0.011125,0.512795,-0.229752,0.092260,-3.141581,0.000029,-0.000114
11.448581,-0.730002,-0.661260,-6.460001,-0.027000,-0.075000,0.011125,0.512892,-0.229656,0.092263,-3.141585,0.000006,-0.000066
11.452582,-0.730001,-0.661254,-6.460000,-0.027000,-0.075000,0.011125,0.512968,-0.229578,0.092263,-3.141586,0.000000,-0.000052
11.456582,-0.730000,-0.661250,-6.460000,-0.027000,-0.075000,0.011125,0.513044,-0.229501,0.092265,-3.141586,-0.000003,-0.000051
11.460578,-0.729999,-0.661247,-6.460000,-0.027000,-0.075000,0.011125,0.513120,-0.229424,0.092267,-3.141587,-0.000006,-0.000044
11.464577,-0.669997,-0.621241,-6.490000,-0.030000,-0.072000,0.011125,0.513196,-0.229346,0.092268,-3.141588,-0.000012,-0.000050
11.468555,-0.669996,-0.601236,-6.490000,-0.030000,-0.072000,0.010125,0.513270,-0.229269,0.092269,-3.141588,-0.000016,-0.000049
11.472581,-0.669994,-0.601230,-6.489999,-0.030000,-0.072000,0.010125,0.513346,-0.229191,0.092269,-3.141589,-0.000021,-0.000055
11.476573,-0.669991,-0.601220,-6.489999,-0.030000,-0.072000,0.010125,0.513423,-0.229114,0.092271,-3.141591,-0.000031,-0.000068
11.480578,-0.669991,-0.601219,-6.489999,-0.030000,-0.072000,0.010125,0.513496,-0.229036,0.092270,-3.141591,-0.000031,-0.000081
11.484576,-0.669990,-0.601216,-6.489999,-0.030000,-0.072000,0.010125,0.513572,-0.228959,0.092272,-3.141591,-0.000035,-0.000087
11.488576,-0.669988,-0.601211,-6.489998,-0.030000,-0.072000,0.010125,0.513647,-0.228879,0.092273,-3.141592,-0.000039,-0.000089
11.492558,-0.669990,-0.601218,-6.489999,-0.030000,-0.072000,0.010125,0.513720,-0.228801,0.092271,-3.141591,-0.000032,-0.000088
11.496569,-0.669989,-0.601213,-6.489999,-0.030000,-0.072000,0.010125,0.513794,-0.228723,0.092272,-3.141591,-0.000037,-0.000087
11.500534,-0.669991,-0.601221,-6.489999,-0.030000,-0.072000,0.010125,0.513868,-0.228645,0.092270,-3.141590,-0.000030,-0.000087
11.504530,-0.669989,-0.631215,-6.379999,-0.027000,-0.073000,0.010125,0.513944,-0.228568,0.092270,-3.141591,-0.000036,-0.000079
11.508572,-0.669991,-0.631222,-6.379999,-0.027000,-0.073000,0.010125,0.514017,-0.228490,0.092268,-3.141590,-0.000029,-0.000065
11.512577,-0.669990,-0.631218,-6.379999,-0.027000,-0.073000,0.010125,0.514092,-0.228412,0.092270,-3.141591,-0.000032,-0.000058
11.516574,-0.669992,-0.631226,-6.379999,-0.027000,-0.073000,0.010125,0.514165,-0.228334,0.092268,-3.141590,-0.000026,-0.000050
11.520582,-0.669991,-0.631220,-6.379999,-0.027000,-0.073000,0.010125,0.514241,-0.228257,0.092268,-3.141591,-0.000031,-0.000043
11.524584,-0.669991,-0.631220,-6.379999,-0.027000,-0.073000,0.010125,0.514241,-0.228257,0.092268,-3.141591,-0.000031,-0.000043
11.528541,-0.669991,-0.631221,-6.379999,-0.027000,-0.073000,0.010125,0.514335,-0.228159,0.092267,-3.141590,-0.000030,-0.000035
11.532573,-0.669991,-0.631221,-6.379999,-0.027000,-0.073000,0.010125,0.514335,-0.228159,0.092267,-3.141590,-0.000030,-0.000035
11.536578,-0.669989,-0.631215,-6.379999,-0.027000,-0.073000,0.010125,0.514545,-0.227946,0.092270,-3.141591,-0.000036,-0.000027
11.540576,-0.669990,-0.631216,-6.379999,-0.027000,-0.073000,0.010125,0.514619,-0.227871,0.092270,-3.141591,-0.000034,-0.000037
11.544577,-0.679989,-0.611213,-6.359999,-0.027000,-0.076000,0.010125,0.514696,-0.227791,0.092272,-3.141591,-0.000038,-0.000032
11.548577,-0.679989,-0.611214,-6.359999,-0.027000,-0.076000,0.010125,0.514770,-0.227715,0.092272,-3.141591,-0.000036,-0.000043
11.552578,-0.679988,-0.611210,-6.359998,-0.027000,-0.076000,0.010125,0.514866,-0.227618,0.092272,-3.141592,-0.000040,-0.000049
11.556574,-0.679987,-0.611206,-6.359998,-0.027000,-0.076000,0.010125,0.514932,-0.227561,0.092274,-3.141592,-0.000044,-0.000088
11.560576,-0.679987,-0.611208,-6.359998,-0.027000,-0.076000,0.010125,0.515018,-0.227460,0.092274,-3.141592,-0.000042,-0.000043
11.564574,-0.679985,-0.611202,-6.359998,-0.027001,-0.076000,0.010125,0.515094,-0.227382,0.092274,3.141592,-0.000048,-0.000049
11.568576,-0.679987,-0.611209,-6.359998,-0.027000,-0.076000,0.010125,0.515167,-0.227304,0.092272,-3.141592,-0.000041,-0.000041
11.572574,-0.679992,-0.611223,-6.359999,-0.027000,-0.076000,0.010125,0.515239,-0.227226,0.092269,-3.141590,-0.000028,-0.000041
11.576576,-0.679994,-0.611231,-6.359999,-0.027000,-0.076000,0.010125,0.515312,-0.227147,0.092267,-3.141589,-0.000021,-0.000040
11.580573,-0.679996,-0.611238,-6.360000,-0.027000,-0.076000,0.010125,0.515385,-0.227069,0.092265,-3.141588,-0.000015,-0.000039
11.584577,-0.749998,-0.691245,-6.590000,-0.025000,-0.080000,0.010125,0.515457,-0.226991,0.092263,-3.141587,-0.000008,-0.000039
11.588574,-0.750003,-0.691259,-6.590001,-0.025000,-0.080000,0.010125,0.515529,-0.226915,0.092260,-3.141585,0.000005,-0.000043
11.592566,-0.750005,-0.691267,-6.590001,-0.025000,-0.080000,0.010125,0.515601,-0.226836,0.092258,-3.141584,0.000012,-0.000042
11.596574,-0.750005,-0.691269,-6.590001,-0.025000,-0.080000,0.010125,0.515675,-0.226758,0.092259,-3.141584,0.000014,-0.000034
11.600574,-0.750008,-0.691276,-6.590001,-0.025000,-0.080000,0.010125,0.515747,-0.226680,0.092257,-3.141583,0.000021,-0.000034
11.604572,-0.750009,-0.691280,-6.590002,-0.025000,-0.080000,0.010125,0.515821,-0.226604,0.092258,-3.141582,0.000024,-0.000031
11.608574,-0.750009,-0.691282,-6.590002,-0.025000,-0.080000,0.010125,0.515894,-0.226525,0.092258,-3.141582,0.000026,-0.000030
11.612574,-0.750010,-0.691284,-6.590002,-0.025000,-0.080000,0.010125,0.515969,-0.226447,0.092258,-3.141582,0.000028,-0.000030
11.616583,-0.750009,-0.691280,-6.590002,-0.025000,-0.080000,0.010125,0.516044,-0.226369,0.092260,-3.141582,0.000024,-0.000029
11.620576,-0.780008,-0.701277,-6.790001,-0.025000,-0.082000,0.012125,0.516121,-0.226289,0.092262,-3.141583,0.000021,-0.000030
11.624577,-0.780008,-0.701277,-6.790001,-0.025000,-0.082000,0.012125,0.516121,-0.226289,0.092262,-3.141583,0.000021,-0.000030
11.628579,-0.780008,-0.701276,-6.790001,-0.025000,-0.082000,0.012125,0.516273,-0.226133,0.092264,-3.141583,0.000021,-0.000036
11.632579,-0.780008,-0.701279,-6.790001,-0.025000,-0.082000,0.012125,0.516349,-0.226055,0.092265,-3.141582,0.000023,-0.000042
11.636581,-0.780007,-0.701276,-6.790001,-0.025000,-0.082000,0.012125,0.516429,-0.225975,0.092267,-3.141583,0.000021,-0.000043
11.640581,-0.780004,-0.701266,-6.790001,-0.025000,-0.082000,0.012125,0.516510,-0.225895,0.092270,-3.141584,0.000011,-0.000045
11.644579,-0.780003,-0.701261,-6.790001,-0.025000,-0.082000,0.012125,0.516588,-0.225815,0.092271,-3.141585,0.000007,-0.000047
11.648575,-0.780002,-0.701257,-6.790001,-0.025000,-0.082000,0.012125,0.516666,-0.225735,0.092273,-3.141585,0.000003,-0.000048
11.652579,-0.779999,-0.701248,-6.790000,-0.025000,-0.082000,0.012125,0.516746,-0.225652,0.092276,-3.141587,-0.000006,-0.000045
11.656583,-0.779998,-0.701243,-6.790000,-0.025000,-0.082000,0.012125,0.516824,-0.225572,0.092278,-3.141587,-0.000010,-0.000047
11.660578,-0.780003,-0.701260,-6.790001,-0.025000,-0.082000,0.012125,0.516901,-0.225489,0.092277,-3.141585,0.000006,-0.000098
11.664580,-0.899997,-0.741242,-7.260000,-0.030000,-0.088000,0.014125,0.517000,-0.225387,0.092279,-3.141587,-0.000011,-0.000061
11.668578,-0.899996,-0.741237,-7.260000,-0.030000,-0.088000,0.014125,0.517078,-0.225306,0.092280,-3.141588,-0.000015,-0.000062
11.672577,-0.899996,-0.741239,-7.260000,-0.030000,-0.088000,0.014125,0.517154,-0.225225,0.092280,-3.141588,-0.000014,-0.000064
11.676583,-0.899999,-0.741247,-7.260000,-0.030000,-0.088000,0.014125,0.517230,-0.225142,0.092279,-3.141587,-0.000006,-0.000068
11.680577,-0.900002,-0.741257,-7.260001,-0.030000,-0.088000,0.014125,0.517307,-0.225062,0.092279,-3.141585,0.000003,-0.000069
11.684578,-0.899998,-0.741246,-7.260000,-0.030000,-0.088000,0.014125,0.517385,-0.224981,0.092281,-3.141587,-0.000007,-0.000078
11.688573,-0.899997,-0.741241,-7.260000,-0.030000,-0.088000,0.014125,0.517464,-0.224898,0.092282,-3.141587,-0.000011,-0.000081
11.692544,-0.899997,-0.741241,-7.260000,-0.030000,-0.088000,0.014125,0.517464,-0.224898,0.092282,-3.141587,-0.000011,-0.000081
11.696577,-0.899997,-0.741241,-7.260000,-0.030000,-0.088000,0.014125,0.517620,-0.224740,0.092285,-3.141588,-0.000012,-0.000082
11.700574,-0.789994,-0.641231,-6.909999,-0.032000,-0.080000,0.011125,0.517702,-0.224657,0.092287,-3.141589,-0.000021,-0.000079
11.704579,-0.779993,-0.631228,-6.889999,-0.032000,-0.079000,0.010125,0.517781,-0.224577,0.092290,-3.141589,-0.000024,-0.000074
11.708540,-0.779990,-0.631218,-6.889999,-0.032000,-0.079000,0.010125,0.517862,-0.224497,0.092293,-3.141591,-0.000033,-0.000069
11.712579,-0.779990,-0.631218,-6.889999,-0.032000,-0.079000,0.010125,0.517862,-0.224497,0.092293,-3.141591,-0.000033,-0.000069
11.716583,-0.779986,-0.631204,-6.889998,-0.032000,-0.079000,0.010125,0.518021,-0.224336,0.092298,-3.141592,-0.000045,-0.000065
11.720588,-0.779986,-0.631204,-6.889998,-0.032000,-0.079000,0.010125,0.518021,-0.224336,0.092298,-3.141592,-0.000045,-0.000065
11.724582,-0.779983,-0.631194,-6.889998,-0.032001,-0.079000,0.010125,0.518102,-0.224256,0.092301,3.141592,-0.000055,-0.000060
11.728575,-0.779982,-0.631191,-6.889998,-0.032001,-0.079000,0.010125,0.518181,-0.224175,0.092303,3.141591,-0.000058,-0.000062
11.732578,-0.779982,-0.631192,-6.889998,-0.032001,-0.079000,0.010125,0.518260,-0.224092,0.092302,3.141591,-0.000057,-0.000066
11.736609,-0.779978,-0.631180,-6.889997,-0.032001,-0.079000,0.010125,0.518347,-0.224013,0.092309,3.141590,-0.000068,-0.000121
11.740546,-0.779982,-0.631191,-6.889998,-0.032001,-0.079000,0.010125,0.518492,-0.223847,0.092303,3.141591,-0.000057,-0.000093
11.744547,-0.739980,-0.631187,-6.739997,-0.031001,-0.077000,0.011125,0.518570,-0.223764,0.092304,3.141591,-0.000061,-0.000096
11.748541,-0.739985,-0.631201,-6.739998,-0.031001,-0.077000,0.011125,0.518643,-0.223683,0.092302,-3.141593,-0.000048,-0.000098
11.752583,-0.739985,-0.631201,-6.739998,-0.031001,-0.077000,0.011125,0.518643,-0.223683,0.092302,-3.141593,-0.000048,-0.000098
11.756544,-0.739995,-0.631203,-6.739998,-0.031001,-0.077000,0.011125,0.518797,-0.223519,0.092302,3.141587,-0.000043,-0.000097
11.760547,-0.739997,-0.631212,-6.739999,-0.031000,-0.077000,0.011125,0.518873,-0.223436,0.092301,3.141588,-0.000035,-0.000094
11.764542,-0.739998,-0.631213,-6.739999,-0.031000,-0.077000,0.011125,0.518948,-0.223354,0.092300,3.141588,-0.000034,-0.000088
11.768542,-0.739998,-0.631213,-6.739999,-0.031000,-0.077000,0.011125,0.518948,-0.223354,0.092300,3.141588,-0.000034,-0.000088
11.772558,-0.740002,-0.631228,-6.739999,-0.031000,-0.077000,0.011125,0.519098,-0.223192,0.092296,3.141590,-0.000020,-0.000071
11.776543,-0.740002,-0.631228,-6.739999,-0.031000,-0.077000,0.011125,0.519177,-0.223109,0.092298,3.141589,-0.000025,-0.000062
11.780547,-0.740001,-0.631224,-6.739999,-0.031000,-0.077000,0.011125,0.519177,-0.223109,0.092298,3.141589,-0.000025,-0.000062
11.784544,-0.740002,-0.631226,-6.739999,-0.031000,-0.077000,0.011125,0.519254,-0.223028,0.092298,3.141590,-0.000022,-0.000050
11.788547,-0.670004,-0.571234,-6.130000,-0.026000,-0.073000,0.009125,0.519331,-0.222946,0.092296,3.141591,-0.000015,-0.000045
11.792580,-0.670005,-0.571236,-6.130000,-0.026000,-0.073000,0.009125,0.519411,-0.222863,0.092296,3.141591,-0.000013,-0.000035
11.796624,-0.670005,-0.571239,-6.130000,-0.026000,-0.073000,0.009125,0.519487,-0.222785,0.092297,3.141591,-0.000011,-0.000041
11.800579,-0.670006,-0.571239,-6.130000,-0.026000,-0.073000,0.009125,0.519565,-0.222701,0.092295,3.141591,-0.000010,-0.000045
11.804579,-0.670005,-0.571236,-6.130000,-0.026000,-0.073000,0.009125,0.519644,-0.222620,0.092298,3.141591,-0.000013,-0.000093
11.808578,-0.670005,-0.571238,-6.130000,-0.026000,-0.073000,0.009125,0.519723,-0.222539,0.092297,3.141591,-0.000011,-0.000102
11.812542,-0.670006,-0.571240,-6.130000,-0.026000,-0.073000,0.009125,0.519822,-0.222436,0.092297,3.141591,-0.000009,-0.000065
11.816573,-0.670007,-0.571243,-6.130000,-0.026000,-0.073000,0.009125,0.519900,-0.222353,0.092297,3.141592,-0.000007,-0.000069
11.820576,-0.670007,-0.571243,-6.130000,-0.026000,-0.073000,0.009125,0.519977,-0.222272,0.092296,3.141592,-0.000006,-0.000077
11.824580,-0.720007,-0.581245,-6.210000,-0.026000,-0.076000,0.011125,0.520052,-0.222190,0.092296,3.141592,-0.000005,-0.000085
11.828583,-0.720006,-0.581240,-6.210000,-0.026000,-0.076000,0.011125,0.520130,-0.222109,0.092297,3.141591,-0.000009,-0.000087
11.832572,-0.720006,-0.581242,-6.210000,-0.026000,-0.076000,0.011125,0.520205,-0.222028,0.092297,3.141592,-0.000008,-0.000082
11.836542,-0.720007,-0.581243,-6.210000,-0.026000,-0.076000,0.011125,0.520280,-0.221946,0.092296,3.141592,-0.000007,-0.000077
11.840574,-0.720011,-0.581257,-6.210001,-0.026000,-0.076000,0.011125,0.520352,-0.221866,0.092293,-3.141592,0.000007,-0.000069
11.844575,-0.720009,-0.581252,-6.210001,-0.026000,-0.076000,0.011125,0.520426,-0.221787,0.092294,-3.141592,0.000001,-0.000055
11.848575,-0.720010,-0.581253,-6.210001,-0.026000,-0.076000,0.011125,0.520501,-0.221708,0.092293,-3.141592,0.000002,-0.000034
11.852582,-0.720012,-0.581260,-6.210001,-0.026000,-0.076000,0.011125,0.520572,-0.221631,0.092291,-3.141591,0.000009,-0.000025
11.856579,-0.720009,-0.581249,-6.210000,-0.026000,-0.076000,0.011125,0.520647,-0.221552,0.092294,3.141593,-0.000001,-0.000010
11.860577,-0.720010,-0.581253,-6.210001,-0.026000,-0.076000,0.011125,0.520721,-0.221472,0.092295,-3.141592,0.000003,-0.000003
11.864575,-0.750010,-0.641255,-6.320001,-0.024000,-0.078000,0.012125,0.520794,-0.221396,0.092295,-3.141592,0.000004,-0.000000
11.868580,-0.750007,-0.641245,-6.320000,-0.024000,-0.078000,0.012125,0.520871,-0.221317,0.092299,3.141592,-0.000005,0.000001
11.872576,-0.750005,-0.641237,-6.320000,-0.024000,-0.078000,0.012125,0.520949,-0.221238,0.092303,3.141591,-0.000012,-0.000006
11.876573,-0.750002,-0.641228,-6.319999,-0.024000,-0.078000,0.012125,0.521026,-0.221159,0.092307,3.141590,-0.000020,-0.000012
11.880573,-0.750003,-0.641232,-6.320000,-0.024000,-0.078000,0.012125,0.521099,-0.221079,0.092308,3.141590,-0.000017,-0.000018
11.884574,-0.750000,-0.641222,-6.319999,-0.024000,-0.078000,0.012125,0.521177,-0.221003,0.092311,3.141589,-0.000026,-0.000028
11.888572,-0.749999,-0.641220,-6.319999,-0.024000,-0.078000,0.012125,0.521253,-0.220924,0.092314,3.141589,-0.000028,-0.000034
11.892575,-0.749998,-0.641215,-6.319999,-0.024000,-0.078000,0.012125,0.521329,-0.220845,0.092316,3.141588,-0.000032,-0.000047
11.896575,-0.749995,-0.641206,-6.319998,-0.024000,-0.078000,0.012125,0.521406,-0.220766,0.092319,3.141587,-0.000041,-0.000053
11.900583,-0.749996,-0.641209,-6.319999,-0.024000,-0.078000,0.012125,0.521482,-0.220686,0.092320,3.141588,-0.000038,-0.000066
11.904579,-0.759993,-0.621200,-6.469998,-0.027001,-0.078000,0.013125,0.521558,-0.220607,0.092324,3.141586,-0.000047,-0.000079
11.908574,-0.759992,-0.621195,-6.469998,-0.027001,-0.078000,0.013125,0.521635,-0.220528,0.092325,3.141586,-0.000051,-0.000078
11.912577,-0.759991,-0.621192,-6.469998,-0.027001,-0.078000,0.013125,0.521709,-0.220449,0.092327,3.141585,-0.000054,-0.000064
11.916574,-0.759993,-0.621200,-6.469998,-0.027001,-0.078000,0.013125,0.521781,-0.220371,0.092326,3.141586,-0.000046,-0.000054
11.920572,-0.759992,-0.621197,-6.469998,-0.027001,-0.078000,0.013125,0.521856,-0.220292,0.092328,3.141586,-0.000049,-0.000040
11.924581,-0.759993,-0.621198,-6.469998,-0.027001,-0.078000,0.013125,0.521930,-0.220212,0.092327,3.141586,-0.000048,-0.000026
11.928584,-0.759994,-0.621202,-6.469998,-0.027001,-0.078000,0.013125,0.522021,-0.220113,0.092329,3.141587,-0.000044,-0.000005
11.932575,-0.759994,-0.621204,-6.469998,-0.027001,-0.078000,0.013125,0.522085,-0.220056,0.092328,3.141587,-0.000043,-0.000043
11.936585,-0.759991,-0.621194,-6.469998,-0.027001,-0.078000,0.013125,0.522170,-0.219958,0.092332,3.141586,-0.000052,0.000001
11.940543,-0.759992,-0.621196,-6.469998,-0.027001,-0.078000,0.013125,0.522243,-0.219881,0.092331,3.141586,-0.000050,-0.000003
11.944580,-0.649993,-0.511199,-5.849998,-0.026001,-0.067000,0.011125,0.522318,-0.219802,0.092332,3.141586,-0.000048,-0.000002
11.948542,-0.649993,-0.511200,-5.849998,-0.026001,-0.067000,0.011125,0.522390,-0.219727,0.092332,3.141586,-0.000047,-0.000011
11.952589,-0.649993,-0.511200,-5.849998,-0.026001,-0.067000,0.011125,0.522465,-0.219650,0.092330,3.141587,-0.000046,-0.000021
11.956587,-0.649994,-0.511203,-5.849998,-0.026001,-0.067000,0.011125,0.522539,-0.219572,0.092331,3.141587,-0.000044,-0.000032
11.960581,-0.649991,-0.511193,-5.849998,-0.026001,-0.067000,0.011125,0.522617,-0.219496,0.092334,3.141586,-0.000053,-0.000049
11.964581,-0.649991,-0.511193,-5.849998,-0.026001,-0.067000,0.011125,0.522692,-0.219418,0.092333,3.141586,-0.000053,-0.000060
11.968580,-0.649992,-0.511196,-5.849998,-0.026001,-0.067000,0.011125,0.522766,-0.219341,0.092333,3.141586,-0.000050,-0.000077
11.972584,-0.649990,-0.511192,-5.849998,-0.026001,-0.067000,0.011125,0.522841,-0.219264,0.092335,3.141586,-0.000054,-0.000088
11.976584,-0.649989,-0.511187,-5.849998,-0.026001,-0.067000,0.011125,0.522915,-0.219189,0.092336,3.141585,-0.000058,-0.000103
11.980575,-0.649990,-0.511190,-5.849998,-0.026001,-0.067000,0.011125,0.522991,-0.219110,0.092336,3.141585,-0.000056,-0.000102
11.984575,-0.599990,-0.451191,-5.649998,-0.027001,-0.064000,0.009125,0.523065,-0.219032,0.092335,3.141585,-0.000055,-0.000099
11.988578,-0.599988,-0.451186,-5.649998,-0.027001,-0.064000,0.009125,0.523140,-0.218955,0.092336,3.141585,-0.000059,-0.000090
11.992576,-0.599989,-0.451187,-5.649998,-0.027001,-0.064000,0.009125,0.523214,-0.218880,0.092335,3.141585,-0.000059,-0.000078
11.996575,-0.599991,-0.451193,-5.649998,-0.027001,-0.064000,0.009125,0.523287,-0.218803,0.092332,3.141586,-0.000053,-0.000068
12.000574,-0.599991,-0.451193,-5.649998,-0.027001,-0.064000,0.009125,0.523361,-0.218725,0.092331,3.141586,-0.000053,-0.000052
12.004573,-0.599993,-0.451199,-5.649998,-0.027001,-0.064000,0.009125,0.523434,-0.218648,0.092328,3.141587,-0.000047,-0.000042
12.008583,-0.599994,-0.451205,-5.649998,-0.027000,-0.064000,0.009125,0.523507,-0.218573,0.092325,3.141587,-0.000042,-0.000044
12.012586,-0.599996,-0.451211,-5.649999,-0.027000,-0.064000,0.009125,0.523579,-0.218495,0.092322,3.141588,-0.000036,-0.000041
12.016579,-0.599997,-0.451212,-5.649999,-0.027000,-0.064000,0.009125,0.523652,-0.218417,0.092321,3.141588,-0.000035,-0.000045
12.020579,-0.599997,-0.451213,-5.649999,-0.027000,-0.064000,0.009125,0.523726,-0.218342,0.092320,3.141588,-0.000035,-0.000046
12.024585,-0.610001,-0.541226,-5.729999,-0.025000,-0.067000,0.011125,0.523797,-0.218265,0.092317,3.141590,-0.000022,-0.000057
12.028575,-0.610001,-0.541227,-5.729999,-0.025000,-0.067000,0.011125,0.523872,-0.218187,0.092315,3.141590,-0.000022,-0.000061
12.032582,-0.610001,-0.541227,-5.729999,-0.025000,-0.067000,0.011125,0.523872,-0.218187,0.092315,3.141590,-0.000022,-0.000061
12.036579,-0.610002,-0.541228,-5.729999,-0.025000,-0.067000,0.011125,0.523948,-0.218110,0.092315,3.141590,-0.000020,-0.000071
12.040608,-0.610001,-0.541224,-5.729999,-0.025000,-0.067000,0.011125,0.524023,-0.218032,0.092316,3.141590,-0.000024,-0.000082
12.044587,-0.610003,-0.541232,-5.730000,-0.025000,-0.067000,0.011125,0.524172,-0.217877,0.092313,3.141590,-0.000017,-0.000150
12.048578,-0.610010,-0.541254,-5.730001,-0.025000,-0.067000,0.011125,0.524244,-0.217800,0.092310,-3.141592,0.000004,-0.000161
12.052582,-0.610000,-0.541221,-5.729999,-0.025000,-0.067000,0.011125,0.524334,-0.217724,0.092320,3.141589,-0.000027,-0.000158
12.056578,-0.610003,-0.541230,-5.730000,-0.025000,-0.067000,0.011125,0.524419,-0.217625,0.092313,3.141590,-0.000018,-0.000114
12.060578,-0.680003,-0.621233,-6.280000,-0.027000,-0.074000,0.013125,0.524492,-0.217550,0.092314,3.141591,-0.000016,-0.000116
12.064579,-0.680006,-0.621241,-6.280000,-0.027000,-0.074000,0.013125,0.524566,-0.217472,0.092312,3.141592,-0.000009,-0.000106
12.068575,-0.680005,-0.621238,-6.280000,-0.027000,-0.074000,0.013125,0.524642,-0.217395,0.092314,3.141591,-0.000011,-0.000090
12.072576,-0.680004,-0.621234,-6.280000,-0.027000,-0.074000,0.013125,0.524717,-0.217317,0.092315,3.141591,-0.000015,-0.000080
12.076554,-0.680003,-0.621231,-6.280000,-0.027000,-0.074000,0.013125,0.524793,-0.217240,0.092318,3.141590,-0.000018,-0.000064
12.080579,-0.680002,-0.621228,-6.279999,-0.027000,-0.074000,0.013125,0.524870,-0.217163,0.092320,3.141590,-0.000021,-0.000061
12.084575,-0.680005,-0.621238,-6.280000,-0.027000,-0.074000,0.013125,0.524943,-0.217085,0.092320,3.141591,-0.000012,-0.000051
12.088578,-0.680005,-0.621238,-6.280000,-0.027000,-0.074000,0.013125,0.525018,-0.217007,0.092319,3.141591,-0.000011,-0.000042
12.092575,-0.680004,-0.621235,-6.280000,-0.027000,-0.074000,0.013125,0.525094,-0.216929,0.092321,3.141591,-0.000014,-0.000039
12.096574,-0.680005,-0.621238,-6.280000,-0.027000,-0.074000,0.013125,0.525167,-0.216854,0.092322,3.141591,-0.000011,-0.000047
12.100579,-0.680006,-0.621241,-6.280000,-0.027000,-0.074000,0.013125,0.525241,-0.216776,0.092322,3.141592,-0.000009,-0.000051
12.104581,-0.770005,-0.711238,-6.930000,-0.027000,-0.082000,0.015125,0.525317,-0.216699,0.092324,3.141591,-0.000012,-0.000055
12.108573,-0.770003,-0.711233,-6.930000,-0.027000,-0.082000,0.015125,0.525392,-0.216621,0.092326,3.141591,-0.000016,-0.000059
12.112577,-0.770003,-0.711230,-6.930000,-0.027000,-0.082000,0.015125,0.525468,-0.216543,0.092328,3.141590,-0.000018,-0.000063
12.116575,-0.770001,-0.711226,-6.929999,-0.027000,-0.082000,0.015125,0.525543,-0.216466,0.092329,3.141590,-0.000023,-0.000080
12.120577,-0.770000,-0.711223,-6.929999,-0.027000,-0.082000,0.015125,0.525619,-0.216388,0.092331,3.141589,-0.000025,-0.000084
12.124582,-0.769997,-0.711214,-6.929999,-0.027000,-0.082000,0.015125,0.525694,-0.216310,0.092335,3.141588,-0.000034,-0.000094
12.128583,-0.769996,-0.711210,-6.929999,-0.027000,-0.082000,0.015125,0.525789,-0.216215,0.092336,3.141588,-0.000037,-0.000089
12.132577,-0.769994,-0.711206,-6.929998,-0.027000,-0.082000,0.015125,0.525847,-0.216155,0.092338,3.141587,-0.000042,-0.000089
12.136551,-0.769991,-0.711197,-6.929998,-0.027001,-0.082000,0.015125,0.525944,-0.216055,0.092342,3.141586,-0.000050,-0.000081
12.140581,-0.769991,-0.711197,-6.929998,-0.027001,-0.082000,0.015125,0.525944,-0.216055,0.092342,3.141586,-0.000050,-0.000081
12.144582,-0.779991,-0.721195,-7.009998,-0.027001,-0.083000,0.015125,0.526083,-0.215913,0.092343,3.141586,-0.000052,-0.000069
12.148580,-0.809989,-0.721191,-6.979998,-0.027001,-0.083000,0.015125,0.526163,-0.215830,0.092345,3.141586,-0.000055,-0.000057
12.152563,-0.809988,-0.721187,-6.979998,-0.027001,-0.083000,0.015125,0.526242,-0.215750,0.092346,3.141585,-0.000059,-0.000056
12.156551,-0.809987,-0.721183,-6.979997,-0.027001,-0.083000,0.015125,0.526322,-0.215668,0.092348,3.141585,-0.000063,-0.000044
12.160547,-0.809986,-0.721179,-6.979997,-0.027001,-0.083000,0.015125,0.526402,-0.215586,0.092349,3.141584,-0.000066,-0.000032
12.164582,-0.809984,-0.721175,-6.979997,-0.027001,-0.083000,0.015125,0.526481,-0.215506,0.092351,3.141584,-0.000070,-0.000031
12.168577,-0.809983,-0.721171,-6.979997,-0.027001,-0.083000,0.015125,0.526561,-0.215424,0.092352,3.141584,-0.000073,-0.000026
12.172579,-0.809982,-0.721167,-6.979997,-0.027001,-0.083000,0.015125,0.526640,-0.215344,0.092354,3.141583,-0.000077,-0.000026
12.176578,-0.809984,-0.721174,-6.979997,-0.027001,-0.083000,0.015125,0.526717,-0.215261,0.092351,3.141584,-0.000071,-0.000020
12.180578,-0.809982,-0.721169,-6.979997,-0.027001,-0.083000,0.015125,0.526808,-0.215182,0.092351,3.141583,-0.000075,-0.000067
12.184584,-0.819983,-0.651171,-6.729997,-0.029001,-0.080000,0.014125,0.526894,-0.215078,0.092351,3.141584,-0.000074,-0.000028
12.188579,-0.819985,-0.651178,-6.729997,-0.029001,-0.080000,0.014125,0.526970,-0.214998,0.092348,3.141584,-0.000068,-0.000041
12.192583,-0.819987,-0.651184,-6.729997,-0.029001,-0.080000,0.014125,0.527047,-0.214917,0.092346,3.141585,-0.000061,-0.000047
12.196588,-0.819986,-0.651180,-6.729997,-0.029001,-0.080000,0.014125,0.527126,-0.214835,0.092347,3.141585,-0.000065,-0.000048
12.200580,-0.819988,-0.651187,-6.729998,-0.029001,-0.080000,0.014125,0.527203,-0.214754,0.092345,3.141585,-0.000059,-0.000048
12.204580,-0.819990,-0.651193,-6.729998,-0.029001,-0.080000,0.014125,0.527281,-0.214674,0.092341,3.141586,-0.000054,-0.000047
12.208587,-0.819990,-0.651194,-6.729998,-0.029001,-0.080000,0.014125,0.527359,-0.214591,0.092341,3.141586,-0.000052,-0.000042
12.212586,-0.819991,-0.651195,-6.729998,-0.029001,-0.080000,0.014125,0.527437,-0.214511,0.092340,3.141586,-0.000051,-0.000041
12.216579,-0.819993,-0.651203,-6.729998,-0.029001,-0.080000,0.014125,0.527515,-0.214431,0.092338,3.141587,-0.000043,-0.000041
12.220591,-0.759994,-0.621204,-6.569998,-0.030000,-0.076000,0.013125,0.527594,-0.214348,0.092337,3.141587,-0.000043,-0.000029
12.224593,-0.759995,-0.621208,-6.569998,-0.030000,-0.076000,0.013125,0.527673,-0.214268,0.092338,3.141588,-0.000040,-0.000028
12.228582,-0.759995,-0.621209,-6.569998,-0.030000,-0.076000,0.013125,0.527751,-0.214187,0.092337,3.141588,-0.000039,-0.000027
12.232580,-0.759996,-0.621212,-6.569999,-0.030000,-0.076000,0.013125,0.527829,-0.214107,0.092338,3.141588,-0.000036,-0.000027
12.236545,-0.759996,-0.621212,-6.569999,-0.030000,-0.076000,0.013125,0.527829,-0.214107,0.092338,3.141588,-0.000036,-0.000027
12.240577,-0.759997,-0.621214,-6.569999,-0.030000,-0.076000,0.013125,0.527910,-0.214024,0.092338,3.141589,-0.000034,-0.000028
12.244581,-0.759996,-0.621211,-6.569999,-0.030000,-0.076000,0.013125,0.528068,-0.213861,0.092339,3.141588,-0.000036,-0.000029
12.248574,-0.759996,-0.621211,-6.569999,-0.030000,-0.076000,0.013125,0.528068,-0.213861,0.092339,3.141588,-0.000036,-0.000029
12.252575,-0.759997,-0.621215,-6.569999,-0.030000,-0.076000,0.013125,0.528227,-0.213695,0.092339,3.141589,-0.000032,-0.000032
12.256572,-0.760002,-0.621229,-6.569999,-0.030000,-0.076000,0.013125,0.528303,-0.213612,0.092335,3.141590,-0.000020,-0.000034
12.260580,-0.750003,-0.601232,-6.610000,-0.030000,-0.076000,0.012125,0.528381,-0.213532,0.092336,3.141591,-0.000017,-0.000040
12.264581,-0.750003,-0.601232,-6.610000,-0.030000,-0.076000,0.012125,0.528381,-0.213532,0.092336,3.141591,-0.000017,-0.000040
12.268571,-0.770004,-0.661234,-7.060000,-0.031000,-0.082000,0.014125,0.528459,-0.213449,0.092336,3.141591,-0.000015,-0.000041
12.272571,-0.770007,-0.661243,-7.060000,-0.031000,-0.082000,0.014125,0.528534,-0.213368,0.092335,3.141592,-0.000006,-0.000047
12.276573,-0.770008,-0.661248,-7.060000,-0.031000,-0.082000,0.014125,0.528611,-0.213284,0.092337,3.141592,-0.000003,-0.000049
12.280578,-0.770009,-0.661249,-7.060000,-0.031000,-0.082000,0.014125,0.528688,-0.213204,0.092337,3.141593,-0.000001,-0.000048
12.284573,-0.770015,-0.661267,-7.060001,-0.031000,-0.082000,0.014125,0.528765,-0.213121,0.092336,-3.141591,0.000016,-0.000084
12.288571,-0.770010,-0.661254,-7.060001,-0.031000,-0.082000,0.014125,0.528843,-0.213040,0.092337,-3.141592,0.000004,-0.000042
12.292577,-0.770003,-0.661233,-7.060000,-0.031000,-0.082000,0.014125,0.528934,-0.212961,0.092349,3.141591,-0.000016,-0.000089
12.296574,-0.770008,-0.661248,-7.060000,-0.031000,-0.082000,0.014125,0.529020,-0.212856,0.092341,3.141592,-0.000002,-0.000050
12.300571,-0.770009,-0.661250,-7.060000,-0.031000,-0.082000,0.014125,0.529098,-0.212773,0.092341,3.141593,-0.000000,-0.000051
12.304577,-0.800006,-0.711241,-7.460000,-0.032000,-0.087000,0.015125,0.529177,-0.212690,0.092345,3.141592,-0.000008,-0.000053
12.308573,-0.800005,-0.711239,-7.460000,-0.032000,-0.087000,0.015125,0.529258,-0.212609,0.092347,3.141591,-0.000011,-0.000052
12.312577,-0.800004,-0.711235,-7.460000,-0.032000,-0.087000,0.015125,0.529336,-0.212529,0.092349,3.141591,-0.000014,-0.000058
12.316572,-0.800001,-0.711226,-7.459999,-0.032000,-0.087000,0.015125,0.529416,-0.212445,0.092353,3.141590,-0.000023,-0.000060
12.320577,-0.799998,-0.711216,-7.459999,-0.032000,-0.087000,0.015125,0.529498,-0.212363,0.092356,3.141589,-0.000032,-0.000062
12.324586,-0.799996,-0.711213,-7.459999,-0.032000,-0.087000,0.015125,0.529576,-0.212282,0.092357,3.141589,-0.000035,-0.000068
12.328574,-0.799993,-0.711204,-7.459998,-0.032001,-0.087000,0.015125,0.529655,-0.212201,0.092361,3.141588,-0.000043,-0.000080
12.332573,-0.799992,-0.711200,-7.459998,-0.032001,-0.087000,0.015125,0.529733,-0.212120,0.092363,3.141587,-0.000047,-0.000080
12.336574,-0.799989,-0.711191,-7.459998,-0.032001,-0.087000,0.015125,0.529812,-0.212040,0.092367,3.141586,-0.000055,-0.000072
12.340584,-0.799989,-0.711191,-7.459998,-0.032001,-0.087000,0.015125,0.529812,-0.212040,0.092367,3.141586,-0.000055,-0.000072
12.344580,-0.799988,-0.711189,-7.459998,-0.032001,-0.087000,0.015125,0.529960,-0.211884,0.092368,3.141586,-0.000057,-0.000078
12.348581,-0.799988,-0.711189,-7.459998,-0.032001,-0.087000,0.015125,0.530033,-0.211808,0.092367,3.141586,-0.000057,-0.000073
12.352542,-0.869985,-0.761179,-7.369997,-0.029001,-0.089000,0.015125,0.530109,-0.211729,0.092370,3.141585,-0.000066,-0.000063
12.356557,-0.869985,-0.761179,-7.369997,-0.029001,-0.089000,0.015125,0.530181,-0.211652,0.092369,3.141585,-0.000066,-0.000065
12.360546,-0.869983,-0.761175,-7.369997,-0.029001,-0.089000,0.015125,0.530255,-0.211574,0.092370,3.141585,-0.000070,-0.000062
12.364583,-0.869984,-0.761178,-7.369997,-0.029001,-0.089000,0.015125,0.530327,-0.211497,0.092370,3.141585,-0.000068,-0.000063
12.368582,-0.869983,-0.761172,-7.369997,-0.029001,-0.089000,0.015125,0.530402,-0.211420,0.092371,3.141584,-0.000073,-0.000072
12.372587,-0.869983,-0.761175,-7.369997,-0.029001,-0.089000,0.015125,0.530475,-0.211341,0.092372,3.141585,-0.000070,-0.000076
12.376581,-0.869980,-0.761165,-7.369996,-0.029001,-0.089000,0.015125,0.530550,-0.211265,0.092374,3.141584,-0.000079,-0.000091
12.380552,-0.869979,-0.761161,-7.369996,-0.029001,-0.089000,0.015125,0.530627,-0.211186,0.092376,3.141583,-0.000083,-0.000094
12.384586,-0.809978,-0.691160,-6.559996,-0.025001,-0.079000,0.011125,0.530704,-0.211108,0.092379,3.141583,-0.000084,-0.000092
12.388585,-0.809977,-0.691156,-6.559996,-0.025001,-0.079000,0.011125,0.530781,-0.211031,0.092381,3.141583,-0.000088,-0.000100
12.392576,-0.809977,-0.691158,-6.559996,-0.025001,-0.079000,0.011125,0.530856,-0.210952,0.092381,3.141583,-0.000086,-0.000097
12.396575,-0.809976,-0.691154,-6.559996,-0.025001,-0.079000,0.011125,0.530932,-0.210876,0.092382,3.141582,-0.000090,-0.000105
12.400581,-0.809976,-0.691155,-6.559996,-0.025001,-0.079000,0.011125,0.531009,-0.210797,0.092381,3.141582,-0.000089,-0.000109
12.404571,-0.809979,-0.691164,-6.559996,-0.025001,-0.079000,0.011125,0.531083,-0.210718,0.092380,3.141583,-0.000081,-0.000100
12.408579,-0.809980,-0.691164,-6.559996,-0.025001,-0.079000,0.011125,0.531159,-0.210642,0.092379,3.141584,-0.000080,-0.000094
12.412584,-0.809983,-0.691173,-6.559997,-0.025001,-0.079000,0.011125,0.531234,-0.210563,0.092379,3.141585,-0.000072,-0.000085
12.416593,-0.809985,-0.691180,-6.559997,-0.025001,-0.079000,0.011125,0.531307,-0.210486,0.092376,3.141585,-0.000065,-0.000080
12.420577,-0.809986,-0.691183,-6.559997,-0.025001,-0.079000,0.011125,0.531384,-0.210407,0.092377,3.141586,-0.000062,-0.000063
12.424600,-0.799989,-0.631191,-6.219998,-0.026001,-0.075000,0.011125,0.531468,-0.210332,0.092375,3.141586,-0.000055,-0.000092
12.428577,-0.799999,-0.631221,-6.219999,-0.026000,-0.075000,0.011125,0.531530,-0.210251,0.092371,3.141590,-0.000028,-0.000082
12.432578,-0.799999,-0.631221,-6.219999,-0.026000,-0.075000,0.011125,0.531622,-0.210156,0.092370,3.141590,-0.000027,-0.000041
12.436576,-0.800000,-0.631223,-6.219999,-0.026000,-0.075000,0.011125,0.531697,-0.210077,0.092370,3.141590,-0.000025,-0.000038
12.440577,-0.800002,-0.631230,-6.220000,-0.026000,-0.075000,0.011125,0.531771,-0.210000,0.092367,3.141591,-0.000019,-0.000040
12.444575,-0.800004,-0.631237,-6.220000,-0.026000,-0.075000,0.011125,0.531845,-0.209921,0.092365,3.141591,-0.000013,-0.000044
12.448579,-0.800007,-0.631246,-6.220000,-0.026000,-0.075000,0.011125,0.531918,-0.209844,0.092364,3.141592,-0.000004,-0.000052
12.452583,-0.800010,-0.631254,-6.220001,-0.026000,-0.075000,0.011125,0.531994,-0.209767,0.092362,-3.141592,0.000003,-0.000060
12.456581,-0.800009,-0.631250,-6.220000,-0.026000,-0.075000,0.011125,0.532070,-0.209691,0.092364,3.141593,-0.000000,-0.000062
12.460585,-0.800014,-0.631264,-6.220001,-0.026000,-0.075000,0.011125,0.532144,-0.209611,0.092360,-3.141591,0.000012,-0.000073
12.464581,-0.730012,-0.631260,-6.170001,-0.026000,-0.072000,0.010125,0.532220,-0.209535,0.092362,-3.141592,0.000009,-0.000081
12.468581,-0.730011,-0.641256,-6.220001,-0.026000,-0.072000,0.010125,0.532297,-0.209456,0.092363,-3.141592,0.000005,-0.000085
12.472583,-0.730009,-0.641252,-6.220001,-0.026000,-0.072000,0.010125,0.532373,-0.209379,0.092365,-3.141592,0.000002,-0.000086
12.476580,-0.730006,-0.641241,-6.220000,-0.026000,-0.072000,0.010125,0.532450,-0.209300,0.092367,3.141592,-0.000009,-0.000083
12.480578,-0.730004,-0.641237,-6.220000,-0.026000,-0.072000,0.010125,0.532526,-0.209223,0.092369,3.141591,-0.000012,-0.000078
12.484576,-0.730005,-0.641239,-6.220000,-0.026000,-0.072000,0.010125,0.532600,-0.209146,0.092368,3.141591,-0.000011,-0.000073
12.488579,-0.730004,-0.641235,-6.220000,-0.026000,-0.072000,0.010125,0.532676,-0.209070,0.092370,3.141591,-0.000014,-0.000068
12.492582,-0.730002,-0.641229,-6.220000,-0.026000,-0.072000,0.010125,0.532751,-0.208990,0.092370,3.141591,-0.000019,-0.000045
12.496578,-0.730002,-0.641231,-6.220000,-0.026000,-0.072000,0.010125,0.532825,-0.208913,0.092370,3.141591,-0.000018,-0.000026
12.500579,-0.730001,-0.641226,-6.219999,-0.026000,-0.072000,0.010125,0.532900,-0.208836,0.092371,3.141590,-0.000023,-0.000015
12.504584,-0.760003,-0.671234,-6.730000,-0.029000,-0.078000,0.011125,0.532971,-0.208759,0.092369,3.141591,-0.000016,-0.000003
12.508576,-0.760003,-0.671234,-6.730000,-0.029000,-0.078000,0.011125,0.533043,-0.208682,0.092368,3.141591,-0.000015,0.000009
12.512576,-0.760002,-0.671231,-6.730000,-0.029000,-0.078000,0.011125,0.533118,-0.208602,0.092370,3.141591,-0.000018,0.000012
12.516575,-0.760000,-0.671226,-6.729999,-0.029000,-0.078000,0.011125,0.533191,-0.208527,0.092370,3.141590,-0.000023,0.000013
12.520578,-0.759999,-0.671220,-6.729999,-0.029000,-0.078000,0.011125,0.533266,-0.208448,0.092371,3.141590,-0.000028,0.000009
12.524584,-0.759995,-0.671210,-6.729999,-0.029000,-0.078000,0.011125,0.533341,-0.208371,0.092374,3.141589,-0.000037,0.000000
12.528576,-0.759991,-0.671199,-6.729998,-0.029001,-0.078000,0.011125,0.533418,-0.208294,0.092376,3.141587,-0.000048,-0.000008
12.532575,-0.759986,-0.671183,-6.729997,-0.029001,-0.078000,0.011125,0.533495,-0.208215,0.092381,3.141586,-0.000062,-0.000066
12.536578,-0.759982,-0.671172,-6.729997,-0.029001,-0.078000,0.011125,0.533573,-0.208135,0.092383,3.141585,-0.000073,-0.000036
12.540580,-0.749981,-0.681169,-6.759997,-0.029001,-0.078000,0.011125,0.533671,-0.208036,0.092384,3.141584,-0.000076,-0.000053
12.544578,-0.749981,-0.681169,-6.759997,-0.029001,-0.078000,0.011125,0.533671,-0.208036,0.092384,3.141584,-0.000076,-0.000053
12.548590,-0.739968,-0.631134,-6.659995,-0.029001,-0.078000,0.010125,0.533822,-0.207892,0.092397,3.141581,-0.000109,-0.000108
12.552548,-0.739974,-0.631150,-6.659996,-0.029001,-0.078000,0.010125,0.533901,-0.207813,0.092389,3.141582,-0.000094,-0.000118
12.556553,-0.739975,-0.631153,-6.659996,-0.029001,-0.078000,0.010125,0.533987,-0.207709,0.092390,3.141583,-0.000091,-0.000077
12.560551,-0.739972,-0.631143,-6.659995,-0.029001,-0.078000,0.010125,0.534067,-0.207627,0.092393,3.141582,-0.000100,-0.000063
12.564579,-0.739970,-0.631138,-6.659995,-0.029001,-0.078000,0.010125,0.534146,-0.207546,0.092394,3.141581,-0.000105,-0.000049
12.568584,-0.739969,-0.631136,-6.659995,-0.029001,-0.078000,0.010125,0.534226,-0.207464,0.092396,3.141581,-0.000107,-0.000035
12.572584,-0.739970,-0.631139,-6.659995,-0.029001,-0.078000,0.010125,0.534302,-0.207384,0.092397,3.141581,-0.000104,-0.000018
12.576589,-0.739973,-0.631147,-6.659996,-0.029001,-0.078000,0.010125,0.534378,-0.207302,0.092396,3.141582,-0.000096,-0.000004
12.580585,-0.739976,-0.631155,-6.659996,-0.029001,-0.078000,0.010125,0.534454,-0.207222,0.092394,3.141583,-0.000089,0.000005
12.584583,-0.749981,-0.611170,-6.169997,-0.026001,-0.075000,0.010125,0.534530,-0.207140,0.092392,3.141585,-0.000075,0.000006
12.588577,-0.749984,-0.611179,-6.169997,-0.026001,-0.075000,0.010125,0.534607,-0.207058,0.092390,3.141585,-0.000067,0.000013
12.592585,-0.749989,-0.611194,-6.169998,-0.026001,-0.075000,0.010125,0.534682,-0.206978,0.092388,3.141587,-0.000053,0.000003
12.596583,-0.749992,-0.611202,-6.169998,-0.026001,-0.075000,0.010125,0.534758,-0.206896,0.092386,3.141588,-0.000045,-0.000003
12.600583,-0.749995,-0.611210,-6.169999,-0.026000,-0.075000,0.010125,0.534834,-0.206816,0.092385,3.141589,-0.000038,-0.000014
12.604584,-0.749996,-0.611212,-6.169999,-0.026000,-0.075000,0.010125,0.534912,-0.206734,0.092385,3.141589,-0.000036,-0.000020
12.608583,-0.749998,-0.611220,-6.169999,-0.026000,-0.075000,0.010125,0.534988,-0.206654,0.092383,3.141590,-0.000028,-0.000037
12.612582,-0.749998,-0.611219,-6.169999,-0.026000,-0.075000,0.010125,0.535069,-0.206572,0.092387,3.141590,-0.000029,-0.000057
12.616581,-0.750001,-0.611227,-6.169999,-0.026000,-0.075000,0.010125,0.535145,-0.206490,0.092385,3.141590,-0.000022,-0.000070
12.620584,-0.710002,-0.561229,-5.579999,-0.022000,-0.068000,0.009125,0.535223,-0.206411,0.092385,3.141591,-0.000019,-0.000087
12.624591,-0.720002,-0.561232,-5.540000,-0.022000,-0.068000,0.009125,0.535302,-0.206328,0.092385,3.141591,-0.000017,-0.000093
12.628579,-0.720008,-0.561247,-5.540000,-0.022000,-0.068000,0.009125,0.535377,-0.206248,0.092383,3.141592,-0.000003,-0.000097
12.632581,-0.720009,-0.561249,-5.540000,-0.022000,-0.068000,0.009125,0.535455,-0.206166,0.092383,3.141593,-0.000001,-0.000096
12.636582,-0.720009,-0.561251,-5.540000,-0.022000,-0.068000,0.009125,0.535534,-0.206084,0.092383,-3.141593,0.000001,-0.000089
12.640582,-0.720010,-0.561254,-5.540001,-0.022000,-0.068000,0.009125,0.535613,-0.206002,0.092383,-3.141592,0.000003,-0.000075
12.644576,-0.720010,-0.561254,-5.540001,-0.022000,-0.068000,0.009125,0.535613,-0.206002,0.092383,-3.141592,0.000003,-0.000075
12.648586,-0.720008,-0.561249,-5.540000,-0.022000,-0.068000,0.009125,0.535692,-0.205920,0.092384,3.141593,-0.000001,-0.000067
12.652583,-0.720009,-0.561252,-5.540001,-0.022000,-0.068000,0.009125,0.535792,-0.205817,0.092384,-3.141593,0.000001,-0.000053
12.656575,-0.720012,-0.561258,-5.540001,-0.022000,-0.068000,0.009125,0.535848,-0.205758,0.092381,-3.141592,0.000008,-0.000050
12.660576,-0.720011,-0.561256,-5.540001,-0.022000,-0.068000,0.009125,0.536006,-0.205593,0.092382,-3.141592,0.000005,-0.000042
12.664579,-0.780009,-0.611251,-5.640000,-0.023000,-0.069000,0.009125,0.536085,-0.205511,0.092383,-3.141593,0.000001,-0.000041
12.668575,-0.780010,-0.611252,-5.640001,-0.023000,-0.069000,0.009125,0.536162,-0.205429,0.092382,-3.141592,0.000002,-0.000041
12.672576,-0.780010,-0.611253,-5.640001,-0.023000,-0.069000,0.009125,0.536242,-0.205349,0.092381,-3.141592,0.000003,-0.000098
12.676584,-0.780006,-0.611243,-5.640000,-0.023000,-0.069000,0.009125,0.536332,-0.205268,0.092383,3.141592,-0.000007,-0.000104
12.680583,-0.780006,-0.611243,-5.640000,-0.023000,-0.069000,0.009125,0.536332,-0.205268,0.092383,3.141592,-0.000007,-0.000104
12.684589,-0.780007,-0.611244,-5.640000,-0.023000,-0.069000,0.009125,0.536487,-0.205105,0.092381,3.141592,-0.000006,-0.000128
12.688582,-0.780005,-0.611238,-5.640000,-0.023000,-0.069000,0.009125,0.536576,-0.205001,0.092381,3.141591,-0.000012,-0.000107
12.692578,-0.780003,-0.611233,-5.640000,-0.023000,-0.069000,0.009125,0.536655,-0.204919,0.092381,3.141591,-0.000016,-0.000120
12.696579,-0.780000,-0.611226,-5.639999,-0.023000,-0.069000,0.009125,0.536735,-0.204837,0.092380,3.141590,-0.000023,-0.000119
12.700581,-0.689998,-0.551221,-5.619999,-0.025000,-0.064000,0.009125,0.536814,-0.204754,0.092381,3.141590,-0.000028,-0.000118
12.704580,-0.689995,-0.551210,-5.619999,-0.025000,-0.064000,0.009125,0.536895,-0.204672,0.092383,3.141589,-0.000037,-0.000118
12.708584,-0.689993,-0.551205,-5.619998,-0.025000,-0.064000,0.009125,0.536974,-0.204590,0.092384,3.141588,-0.000042,-0.000110
12.712574,-0.689991,-0.551201,-5.619998,-0.025001,-0.064000,0.009125,0.537052,-0.204510,0.092385,3.141588,-0.000047,-0.000101
12.716574,-0.689989,-0.551196,-5.619998,-0.025001,-0.064000,0.009125,0.537131,-0.204427,0.092385,3.141587,-0.000051,-0.000086
12.720577,-0.689990,-0.551198,-5.619998,-0.025001,-0.064000,0.009125,0.537210,-0.204344,0.092385,3.141588,-0.000049,-0.000072
12.724583,-0.689989,-0.551193,-5.619998,-0.025001,-0.064000,0.009125,0.537289,-0.204262,0.092386,3.141587,-0.000053,-0.000065
12.728574,-0.689987,-0.551190,-5.619998,-0.025001,-0.064000,0.009125,0.537369,-0.204182,0.092388,3.141587,-0.000057,-0.000062
12.732573,-0.689987,-0.551190,-5.619998,-0.025001,-0.064000,0.009125,0.537369,-0.204182,0.092388,3.141587,-0.000057,-0.000062
12.736529,-0.689986,-0.551187,-5.619998,-0.025001,-0.064000,0.009125,0.537525,-0.204019,0.092389,3.141587,-0.000059,-0.000052
12.740534,-0.689986,-0.551187,-5.619998,-0.025001,-0.064000,0.009125,0.537525,-0.204019,0.092389,3.141587,-0.000059,-0.000052
12.744535,-0.589987,-0.491189,-5.529998,-0.026001,-0.061000,0.008125,0.537682,-0.203856,0.092392,3.141587,-0.000058,-0.000048
12.748595,-0.589987,-0.491189,-5.529998,-0.026001,-0.061000,0.008125,0.537682,-0.203856,0.092392,3.141587,-0.000058,-0.000048
12.752532,-0.589985,-0.491183,-5.529997,-0.026001,-0.061000,0.008125,0.537841,-0.203694,0.092397,3.141586,-0.000063,-0.000058
12.756539,-0.589984,-0.491180,-5.529997,-0.026001,-0.061000,0.008125,0.537918,-0.203613,0.092399,3.141586,-0.000066,-0.000069
12.760582,-0.589985,-0.491183,-5.529997,-0.026001,-0.061000,0.008125,0.537996,-0.203530,0.092399,3.141586,-0.000064,-0.000075
12.764578,-0.589988,-0.491192,-5.529998,-0.026001,-0.061000,0.008125,0.538073,-0.203450,0.092399,3.141587,-0.000055,-0.000092
12.768575,-0.589987,-0.491189,-5.529998,-0.026001,-0.061000,0.008125,0.538151,-0.203370,0.092402,3.141587,-0.000057,-0.000103
12.772537,-0.589988,-0.491193,-5.529998,-0.026001,-0.061000,0.008125,0.538230,-0.203287,0.092403,3.141587,-0.000054,-0.000095
12.776574,-0.589988,-0.491193,-5.529998,-0.026001,-0.061000,0.008125,0.538230,-0.203287,0.092403,3.141587,-0.000054,-0.000095
12.780550,-0.539994,-0.491210,-5.229999,-0.024000,-0.060000,0.008125,0.538384,-0.203126,0.092400,3.141589,-0.000038,-0.000089
12.784557,-0.539993,-0.491206,-5.229998,-0.024000,-0.060000,0.008125,0.538464,-0.203043,0.092401,3.141589,-0.000041,-0.000082
12.788566,-0.539993,-0.491206,-5.229998,-0.024000,-0.060000,0.008125,0.538464,-0.203043,0.092401,3.141589,-0.000041,-0.000082
12.792581,-0.539993,-0.491207,-5.229998,-0.024000,-0.060000,0.008125,0.538624,-0.202880,0.092404,3.141589,-0.000041,-0.000058
12.796575,-0.539993,-0.491207,-5.229998,-0.024000,-0.060000,0.008125,0.538624,-0.202880,0.092404,3.141589,-0.000041,-0.000058
12.800574,-0.539999,-0.491222,-5.229999,-0.024000,-0.060000,0.008125,0.538701,-0.202800,0.092402,3.141590,-0.000026,-0.000055
12.804579,-0.539998,-0.491219,-5.229999,-0.024000,-0.060000,0.008125,0.538781,-0.202719,0.092404,3.141590,-0.000030,-0.000086
12.808575,-0.540000,-0.491226,-5.229999,-0.024000,-0.060000,0.008125,0.538858,-0.202639,0.092402,3.141590,-0.000023,-0.000043
12.812578,-0.540004,-0.491237,-5.230000,-0.024000,-0.060000,0.008125,0.538937,-0.202556,0.092402,3.141591,-0.000013,-0.000069
12.816576,-0.540009,-0.491251,-5.230000,-0.024000,-0.060000,0.008125,0.539013,-0.202475,0.092399,-3.141593,0.000001,-0.000066
12.820579,-0.540002,-0.491232,-5.230000,-0.024000,-0.060000,0.008125,0.539113,-0.202374,0.092401,3.141591,-0.000017,-0.000023
12.824584,-0.550003,-0.471235,-4.800000,-0.021000,-0.057000,0.007125,0.539190,-0.202293,0.092401,3.141591,-0.000015,-0.000027
12.828577,-0.550003,-0.471235,-4.800000,-0.021000,-0.057000,0.007125,0.539267,-0.202213,0.092399,3.141591,-0.000015,-0.000024
12.832577,-0.550006,-0.471242,-4.800000,-0.021000,-0.057000,0.007125,0.539344,-0.202132,0.092397,3.141592,-0.000008,-0.000027
12.836578,-0.550006,-0.471242,-4.800000,-0.021000,-0.057000,0.007125,0.539419,-0.202051,0.092396,3.141592,-0.000007,-0.000031
12.840540,-0.550004,-0.471238,-4.800000,-0.021000,-0.057000,0.007125,0.539496,-0.201973,0.092397,3.141592,-0.000012,-0.000046
12.844575,-0.550002,-0.471231,-4.800000,-0.021000,-0.057000,0.007125,0.539571,-0.201895,0.092396,3.141591,-0.000018,-0.000048
12.848575,-0.550002,-0.471232,-4.800000,-0.021000,-0.057000,0.007125,0.539646,-0.201816,0.092395,3.141591,-0.000017,-0.000050
12.852577,-0.550003,-0.471233,-4.800000,-0.021000,-0.057000,0.007125,0.539720,-0.201737,0.092394,3.141591,-0.000016,-0.000051
12.856577,-0.549998,-0.471221,-4.799999,-0.021000,-0.057000,0.007125,0.539798,-0.201659,0.092396,3.141590,-0.000027,-0.000046
12.860577,-0.549994,-0.471209,-4.799999,-0.021000,-0.057000,0.007125,0.539874,-0.201583,0.092397,3.141589,-0.000039,-0.000046
12.864585,-0.569992,-0.491204,-4.729998,-0.019000,-0.057000,0.007125,0.539951,-0.201505,0.092398,3.141589,-0.000043,-0.000040
12.868578,-0.569988,-0.481193,-4.739998,-0.020001,-0.057000,0.007125,0.540028,-0.201427,0.092399,3.141587,-0.000054,-0.000042
12.872578,-0.569984,-0.481182,-4.739997,-0.020001,-0.057000,0.007125,0.540107,-0.201349,0.092402,3.141587,-0.000064,-0.000037
12.876578,-0.569980,-0.481170,-4.739997,-0.020001,-0.057000,0.007125,0.540184,-0.201270,0.092403,3.141585,-0.000076,-0.000039
12.880576,-0.569978,-0.481165,-4.739996,-0.020001,-0.057000,0.007125,0.540261,-0.201192,0.092404,3.141585,-0.000080,-0.000033
12.884578,-0.569973,-0.481153,-4.739996,-0.020001,-0.057000,0.007125,0.540338,-0.201113,0.092405,3.141584,-0.000091,-0.000028
12.888577,-0.569972,-0.481148,-4.739996,-0.020001,-0.057000,0.007125,0.540414,-0.201037,0.092406,3.141584,-0.000096,-0.000034
12.892575,-0.569972,-0.481149,-4.739996,-0.020001,-0.057000,0.007125,0.540488,-0.200959,0.092405,3.141584,-0.000095,-0.000029
12.896575,-0.569973,-0.481153,-4.739996,-0.020001,-0.057000,0.007125,0.540562,-0.200880,0.092406,3.141584,-0.000092,-0.000031
12.900577,-0.569973,-0.481153,-4.739996,-0.020001,-0.057000,0.007125,0.540637,-0.200801,0.092405,3.141584,-0.000091,-0.000032
12.904575,-0.589976,-0.481161,-4.789996,-0.020001,-0.057000,0.007125,0.540710,-0.200722,0.092403,3.141585,-0.000084,-0.000034
12.908617,-0.589977,-0.491162,-4.889996,-0.021001,-0.057000,0.007125,0.540784,-0.200644,0.092402,3.141585,-0.000083,-0.000036
12.912579,-0.589980,-0.491170,-4.889997,-0.021001,-0.057000,0.007125,0.540858,-0.200565,0.092401,3.141586,-0.000075,-0.000044
12.916578,-0.589982,-0.491176,-4.889997,-0.021001,-0.057000,0.007125,0.540932,-0.200486,0.092397,3.141586,-0.000070,-0.000052
12.920582,-0.589981,-0.491174,-4.889997,-0.021001,-0.057000,0.007125,0.541008,-0.200407,0.092400,3.141586,-0.000072,-0.000047
12.924576,-0.589984,-0.491182,-4.889997,-0.021001,-0.057000,0.007125,0.541082,-0.200328,0.092398,3.141587,-0.000065,-0.000056
12.928576,-0.589984,-0.491184,-4.889997,-0.021001,-0.057000,0.007125,0.541158,-0.200250,0.092398,3.141587,-0.000063,-0.000057
12.932578,-0.589985,-0.491186,-4.889997,-0.021001,-0.057000,0.007125,0.541232,-0.200173,0.092398,3.141587,-0.000060,-0.000057
12.936578,-0.589984,-0.491183,-4.889997,-0.021001,-0.057000,0.007125,0.541327,-0.200076,0.092400,3.141587,-0.000064,-0.000056
12.940577,-0.589984,-0.491183,-4.889997,-0.021001,-0.057000,0.007125,0.541327,-0.200076,0.092400,3.141587,-0.000064,-0.000056
12.944573,-0.519984,-0.461183,-4.779997,-0.022001,-0.053000,0.007125,0.541477,-0.199923,0.092403,3.141587,-0.000064,-0.000055
12.948531,-0.519985,-0.461184,-4.779997,-0.022001,-0.053000,0.007125,0.541533,-0.199863,0.092403,3.141587,-0.000062,-0.000092
12.952570,-0.519986,-0.461188,-4.779998,-0.022001,-0.053000,0.007125,0.541625,-0.199770,0.092404,3.141587,-0.000059,-0.000067
12.956578,-0.519987,-0.461190,-4.779998,-0.022001,-0.053000,0.007125,0.541700,-0.199692,0.092404,3.141587,-0.000056,-0.000069
12.960553,-0.519988,-0.461194,-4.779998,-0.022001,-0.053000,0.007125,0.541773,-0.199615,0.092405,3.141588,-0.000053,-0.000075
12.964587,-0.519991,-0.461202,-4.779998,-0.022001,-0.053000,0.007125,0.541847,-0.199536,0.092403,3.141588,-0.000046,-0.000070
12.968577,-0.519994,-0.461210,-4.779999,-0.022000,-0.053000,0.007125,0.541919,-0.199459,0.092401,3.141589,-0.000038,-0.000076
12.972578,-0.519997,-0.461218,-4.779999,-0.022000,-0.053000,0.007125,0.541992,-0.199382,0.092400,3.141590,-0.000031,-0.000082
12.976579,-0.520000,-0.461226,-4.779999,-0.022000,-0.053000,0.007125,0.542064,-0.199306,0.092398,3.141591,-0.000023,-0.000081
12.980590,-0.520001,-0.461228,-4.779999,-0.022000,-0.053000,0.007125,0.542135,-0.199229,0.092398,3.141591,-0.000021,-0.000087
12.984587,-0.520004,-0.451235,-5.120000,-0.024000,-0.057000,0.008125,0.542209,-0.199150,0.092396,3.141591,-0.000014,-0.000089
12.988577,-0.520006,-0.451242,-5.120000,-0.024000,-0.057000,0.008125,0.542280,-0.199073,0.092394,3.141592,-0.000008,-0.000088
12.992577,-0.520009,-0.451250,-5.120000,-0.024000,-0.057000,0.008125,0.542352,-0.198996,0.092392,3.141593,-0.000000,-0.000094
12.996581,-0.520009,-0.451251,-5.120001,-0.024000,-0.057000,0.008125,0.542425,-0.198919,0.092391,-3.141593,0.000001,-0.000094
13.000577,-0.520007,-0.451246,-5.120000,-0.024000,-0.057000,0.008125,0.542501,-0.198843,0.092392,3.141592,-0.000004,-0.000093
13.004577,-0.520008,-0.451247,-5.120000,-0.024000,-0.057000,0.008125,0.542574,-0.198764,0.092391,3.141592,-0.000003,-0.000081
13.008580,-0.520004,-0.451237,-5.120000,-0.024000,-0.057000,0.008125,0.542650,-0.198687,0.092394,3.141592,-0.000012,-0.000074
13.012587,-0.520002,-0.451230,-5.120000,-0.024000,-0.057000,0.008125,0.542726,-0.198610,0.092393,3.141591,-0.000019,-0.000067
13.016561,-0.520000,-0.451225,-5.119999,-0.024000,-0.057000,0.008125,0.542801,-0.198534,0.092394,3.141591,-0.000023,-0.000059
13.020581,-0.519998,-0.451221,-5.119999,-0.024000,-0.057000,0.008125,0.542876,-0.198457,0.092395,3.141590,-0.000028,-0.000059
13.024586,-0.589998,-0.511222,-5.489999,-0.025000,-0.064000,0.009125,0.542949,-0.198380,0.092394,3.141590,-0.000027,-0.000065
13.028578,-0.589992,-0.511204,-5.489998,-0.025000,-0.064000,0.009125,0.543027,-0.198304,0.092397,3.141589,-0.000044,-0.000064
13.032579,-0.589988,-0.511194,-5.489998,-0.025001,-0.064000,0.009125,0.543104,-0.198225,0.092400,3.141588,-0.000053,-0.000066
13.036581,-0.589988,-0.511194,-5.489998,-0.025001,-0.064000,0.009125,0.543179,-0.198148,0.092398,3.141588,-0.000053,-0.000072
13.040581,-0.589988,-0.511195,-5.489998,-0.025001,-0.064000,0.009125,0.543253,-0.198069,0.092397,3.141588,-0.000052,-0.000074
13.044579,-0.589988,-0.511195,-5.489998,-0.025001,-0.064000,0.009125,0.543327,-0.197992,0.092396,3.141588,-0.000052,-0.000086
13.048577,-0.589989,-0.511196,-5.489998,-0.025001,-0.064000,0.009125,0.543400,-0.197915,0.092395,3.141588,-0.000051,-0.000092
13.052580,-0.589991,-0.511203,-5.489998,-0.025001,-0.064000,0.009125,0.543475,-0.197838,0.092392,3.141589,-0.000045,-0.000105
13.056576,-0.589989,-0.511198,-5.489998,-0.025001,-0.064000,0.009125,0.543550,-0.197761,0.092393,3.141588,-0.000049,-0.000098
13.060579,-0.589989,-0.511198,-5.489998,-0.025001,-0.064000,0.009125,0.543625,-0.197682,0.092391,3.141588,-0.000049,-0.000093
13.064579,-0.649990,-0.571199,-5.919998,-0.025001,-0.070000,0.011125,0.543698,-0.197605,0.092390,3.141588,-0.000048,-0.000099
13.068578,-0.649991,-0.581201,-5.949998,-0.025001,-0.070000,0.011125,0.543773,-0.197528,0.092390,3.141589,-0.000046,-0.000092
13.072580,-0.649993,-0.581208,-5.949999,-0.025000,-0.070000,0.011125,0.543848,-0.197449,0.092388,3.141589,-0.000040,-0.000080
13.076576,-0.649989,-0.581198,-5.949998,-0.025001,-0.070000,0.011125,0.543925,-0.197372,0.092390,3.141588,-0.000049,-0.000072
13.080580,-0.649990,-0.581200,-5.949998,-0.025001,-0.070000,0.011125,0.544000,-0.197295,0.092390,3.141589,-0.000047,-0.000065
13.084578,-0.649989,-0.581197,-5.949998,-0.025001,-0.070000,0.011125,0.544076,-0.197218,0.092392,3.141588,-0.000050,-0.000051
13.088581,-0.649988,-0.581193,-5.949998,-0.025001,-0.070000,0.011125,0.544153,-0.197141,0.092394,3.141588,-0.000054,-0.000044
13.092577,-0.649988,-0.581195,-5.949998,-0.025001,-0.070000,0.011125,0.544230,-0.197062,0.092393,3.141588,-0.000052,-0.000025
13.096574,-0.649987,-0.581193,-5.949998,-0.025001,-0.070000,0.011125,0.544325,-0.196967,0.092396,3.141588,-0.000054,-0.000015
13.100577,-0.649983,-0.581182,-5.949997,-0.025001,-0.070000,0.011125,0.544402,-0.196890,0.092398,3.141587,-0.000064,-0.000015
13.104578,-0.759984,-0.661184,-6.279997,-0.025001,-0.076000,0.013125,0.544478,-0.196813,0.092397,3.141587,-0.000063,-0.000021
13.108581,-0.759983,-0.661181,-6.279997,-0.025001,-0.076000,0.013125,0.544553,-0.196736,0.092400,3.141587,-0.000065,-0.000027
13.112579,-0.759984,-0.661183,-6.279997,-0.025001,-0.076000,0.013125,0.544627,-0.196659,0.092400,3.141587,-0.000063,-0.000033
13.116579,-0.759985,-0.661186,-6.279997,-0.025001,-0.076000,0.013125,0.544702,-0.196579,0.092400,3.141587,-0.000061,-0.000041
13.120581,-0.759988,-0.661194,-6.279998,-0.025001,-0.076000,0.013125,0.544773,-0.196504,0.092399,3.141588,-0.000053,-0.000052
13.124580,-0.759991,-0.661203,-6.279998,-0.025001,-0.076000,0.013125,0.544848,-0.196424,0.092398,3.141589,-0.000045,-0.000060
13.128575,-0.759992,-0.661205,-6.279998,-0.025000,-0.076000,0.013125,0.544922,-0.196347,0.092398,3.141589,-0.000042,-0.000067
13.132575,-0.759998,-0.661220,-6.279999,-0.025000,-0.076000,0.013125,0.544994,-0.196267,0.092396,3.141590,-0.000028,-0.000068
13.136575,-0.760001,-0.661230,-6.279999,-0.025000,-0.076000,0.013125,0.545069,-0.196188,0.092395,3.141591,-0.000019,-0.000077
13.140582,-0.760002,-0.661231,-6.280000,-0.025000,-0.076000,0.013125,0.545147,-0.196106,0.092395,3.141591,-0.000018,-0.000074
13.144579,-0.850000,-0.691228,-6.719999,-0.028000,-0.079000,0.014125,0.545225,-0.196024,0.092397,3.141591,-0.000021,-0.000077
13.148580,-0.850002,-0.691231,-6.720000,-0.028000,-0.079000,0.014125,0.545303,-0.195942,0.092398,3.141591,-0.000018,-0.000068
13.152586,-0.850000,-0.691227,-6.719999,-0.028000,-0.079000,0.014125,0.545383,-0.195860,0.092399,3.141591,-0.000022,-0.000058
13.156585,-0.850000,-0.691227,-6.719999,-0.028000,-0.079000,0.014125,0.545383,-0.195860,0.092399,3.141591,-0.000022,-0.000058
13.160580,-0.849999,-0.691225,-6.719999,-0.028000,-0.079000,0.014125,0.545463,-0.195778,0.092402,3.141591,-0.000024,-0.000042
13.164580,-0.849994,-0.691212,-6.719999,-0.028000,-0.079000,0.014125,0.545622,-0.195616,0.092406,3.141590,-0.000036,-0.000014
13.168577,-0.849993,-0.691208,-6.719999,-0.028000,-0.079000,0.014125,0.545700,-0.195537,0.092408,3.141589,-0.000040,-0.000002
13.172581,-0.849991,-0.691204,-6.719998,-0.028000,-0.079000,0.014125,0.545780,-0.195455,0.092409,3.141589,-0.000044,0.000008
13.176579,-0.849990,-0.691201,-6.719998,-0.028001,-0.079000,0.014125,0.545858,-0.195373,0.092411,3.141589,-0.000047,0.000017
13.180577,-0.879989,-0.711197,-6.839998,-0.029001,-0.081000,0.015125,0.545935,-0.195293,0.092412,3.141588,-0.000050,0.000016
13.184578,-0.929989,-0.731199,-7.209998,-0.032001,-0.084000,0.016125,0.546012,-0.195213,0.092412,3.141589,-0.000049,0.000008
13.188580,-0.929990,-0.731201,-7.209998,-0.032001,-0.084000,0.016125,0.546108,-0.195110,0.092412,3.141589,-0.000046,-0.000003
13.192584,-0.929991,-0.731202,-7.209998,-0.032001,-0.084000,0.016125,0.546165,-0.195051,0.092411,3.141589,-0.000046,-0.000005
13.196575,-0.929991,-0.731202,-7.209998,-0.032001,-0.084000,0.016125,0.546165,-0.195051,0.092411,3.141589,-0.000046,-0.000005
13.200577,-0.929990,-0.731202,-7.209998,-0.032001,-0.084000,0.016125,0.546338,-0.194868,0.092413,3.141589,-0.000046,-0.000030
13.204575,-0.929989,-0.731198,-7.209998,-0.032001,-0.084000,0.016125,0.546408,-0.194808,0.092415,3.141589,-0.000049,-0.000081
13.208573,-0.929988,-0.731195,-7.209998,-0.032001,-0.084000,0.016125,0.546493,-0.194706,0.092417,3.141588,-0.000053,-0.000063
13.212575,-0.929986,-0.731191,-7.209998,-0.032001,-0.084000,0.016125,0.546571,-0.194623,0.092418,3.141588,-0.000056,-0.000066
13.216583,-0.929985,-0.731188,-7.209998,-0.032001,-0.084000,0.016125,0.546649,-0.194541,0.092420,3.141588,-0.000059,-0.000070
13.220584,-0.849984,-0.701184,-7.479997,-0.035001,-0.084000,0.015125,0.546726,-0.194461,0.092422,3.141588,-0.000062,-0.000072
13.224584,-0.849984,-0.701184,-7.479997,-0.035001,-0.084000,0.015125,0.546726,-0.194461,0.092422,3.141588,-0.000062,-0.000072
13.228584,-0.849981,-0.701177,-7.479997,-0.035001,-0.084000,0.015125,0.546883,-0.194299,0.092425,3.141587,-0.000070,-0.000050
13.232581,-0.849981,-0.701178,-7.479997,-0.035001,-0.084000,0.015125,0.546960,-0.194219,0.092424,3.141587,-0.000068,-0.000045
13.236583,-0.849980,-0.701175,-7.479997,-0.035001,-0.084000,0.015125,0.547036,-0.194141,0.092426,3.141587,-0.000072,-0.000031
13.240580,-0.849976,-0.701164,-7.479996,-0.035001,-0.084000,0.015125,0.547114,-0.194061,0.092428,3.141586,-0.000081,-0.000013
13.244576,-0.849976,-0.701166,-7.479997,-0.035001,-0.084000,0.015125,0.547190,-0.193984,0.092428,3.141586,-0.000080,0.000002
13.248584,-0.849978,-0.701169,-7.479997,-0.035001,-0.084000,0.015125,0.547266,-0.193904,0.092429,3.141586,-0.000077,0.000013
13.252577,-0.849976,-0.701166,-7.479997,-0.035001,-0.084000,0.015125,0.547342,-0.193826,0.092431,3.141586,-0.000080,0.000021
13.256545,-0.849979,-0.701173,-7.479997,-0.035001,-0.084000,0.015125,0.547416,-0.193748,0.092428,3.141587,-0.000073,0.000021
13.260579,-0.849979,-0.701173,-7.479997,-0.035001,-0.084000,0.015125,0.547416,-0.193748,0.092428,3.141587,-0.000073,0.000021
13.264581,-0.859981,-0.721177,-7.689997,-0.036001,-0.087000,0.016125,0.547566,-0.193590,0.092428,3.141587,-0.000070,0.000007
13.268593,-0.859983,-0.721184,-7.689997,-0.036001,-0.087000,0.016125,0.547640,-0.193513,0.092425,3.141588,-0.000063,-0.000006
13.272585,-0.859982,-0.721180,-7.689997,-0.036001,-0.087000,0.016125,0.547717,-0.193432,0.092427,3.141587,-0.000066,-0.000014
13.276549,-0.859985,-0.721187,-7.689998,-0.036001,-0.087000,0.016125,0.547790,-0.193354,0.092425,3.141588,-0.000060,-0.000034
13.280592,-0.859988,-0.721196,-7.689998,-0.036001,-0.087000,0.016125,0.547865,-0.193277,0.092423,3.141589,-0.000052,-0.000047
13.284584,-0.859993,-0.721210,-7.689999,-0.036000,-0.087000,0.016125,0.547939,-0.193196,0.092420,3.141590,-0.000038,-0.000062
13.288574,-0.859992,-0.721206,-7.689998,-0.036000,-0.087000,0.016125,0.548015,-0.193118,0.092422,3.141589,-0.000042,-0.000075
13.292574,-0.859995,-0.721215,-7.689999,-0.036000,-0.087000,0.016125,0.548091,-0.193038,0.092421,3.141590,-0.000034,-0.000083
13.296571,-0.859995,-0.721215,-7.689999,-0.036000,-0.087000,0.016125,0.548091,-0.193038,0.092421,3.141590,-0.000034,-0.000083
13.300580,-0.859997,-0.721220,-7.689999,-0.036000,-0.087000,0.016125,0.548242,-0.192880,0.092421,3.141590,-0.000029,-0.000084
13.304579,-0.859997,-0.721220,-7.689999,-0.036000,-0.087000,0.016125,0.548242,-0.192880,0.092421,3.141590,-0.000029,-0.000084
13.308581,-0.850000,-0.791228,-7.739999,-0.033000,-0.089000,0.016125,0.548317,-0.192802,0.092420,3.141591,-0.000021,-0.000083
13.312573,-0.849999,-0.791225,-7.739999,-0.033000,-0.089000,0.016125,0.548394,-0.192722,0.092422,3.141591,-0.000024,-0.000072
13.316576,-0.850002,-0.791233,-7.740000,-0.033000,-0.089000,0.016125,0.548469,-0.192644,0.092420,3.141591,-0.000016,-0.000058
13.320574,-0.850003,-0.791235,-7.740000,-0.033000,-0.089000,0.016125,0.548545,-0.192566,0.092420,3.141591,-0.000015,-0.000043
13.324546,-0.850003,-0.791236,-7.740000,-0.033000,-0.089000,0.016125,0.548621,-0.192485,0.092419,3.141592,-0.000014,-0.000032
13.328587,-0.850004,-0.791237,-7.740000,-0.033000,-0.089000,0.016125,0.548697,-0.192408,0.092418,3.141592,-0.000012,-0.000024
13.332588,-0.850003,-0.791234,-7.740000,-0.033000,-0.089000,0.016125,0.548772,-0.192330,0.092420,3.141591,-0.000015,-0.000017
13.336576,-0.850003,-0.791234,-7.740000,-0.033000,-0.089000,0.016125,0.548846,-0.192251,0.092418,3.141591,-0.000016,-0.000016
13.340577,-0.850001,-0.791231,-7.740000,-0.033000,-0.089000,0.016125,0.548942,-0.192155,0.092420,3.141591,-0.000018,-0.000020
13.344577,-0.969995,-0.861213,-8.189999,-0.033000,-0.097000,0.018125,0.549012,-0.192097,0.092429,3.141590,-0.000035,-0.000062
13.348577,-0.970001,-0.861229,-8.190000,-0.033000,-0.097000,0.018125,0.549093,-0.191999,0.092421,3.141591,-0.000020,-0.000032
13.352583,-0.969999,-0.861226,-8.189999,-0.033000,-0.097000,0.018125,0.549162,-0.191940,0.092423,3.141591,-0.000023,-0.000081
13.356577,-0.970001,-0.861229,-8.190000,-0.033000,-0.097000,0.018125,0.549243,-0.191845,0.092424,3.141591,-0.000020,-0.000056
13.360579,-0.970001,-0.861231,-8.190000,-0.033000,-0.097000,0.018125,0.549318,-0.191767,0.092423,3.141591,-0.000019,-0.000069
13.364572,-0.970000,-0.861227,-8.189999,-0.033000,-0.097000,0.018125,0.549395,-0.191686,0.092425,3.141591,-0.000022,-0.000077
13.368578,-0.969999,-0.861224,-8.189999,-0.033000,-0.097000,0.018125,0.549470,-0.191611,0.092427,3.141591,-0.000025,-0.000094
13.372578,-0.969998,-0.861222,-8.189999,-0.033000,-0.097000,0.018125,0.549547,-0.191533,0.092430,3.141591,-0.000027,-0.000107
13.376575,-0.969996,-0.861218,-8.189999,-0.033000,-0.097000,0.018125,0.549623,-0.191455,0.092432,3.141590,-0.000030,-0.000113
13.380579,-0.969998,-0.861222,-8.189999,-0.033000,-0.097000,0.018125,0.549698,-0.191376,0.092433,3.141591,-0.000027,-0.000113
13.384576,-0.969999,-0.861226,-8.189999,-0.033000,-0.097000,0.018125,0.549773,-0.191298,0.092434,3.141591,-0.000023,-0.000112
13.388578,-1.010001,-0.881229,-8.700000,-0.037000,-0.100000,0.019125,0.549848,-0.191220,0.092435,3.141591,-0.000020,-0.000105
13.392577,-1.010000,-0.881228,-8.699999,-0.037000,-0.100000,0.019125,0.549923,-0.191142,0.092439,3.141591,-0.000021,-0.000097
13.396580,-1.009995,-0.881215,-8.699999,-0.037000,-0.100000,0.019125,0.550002,-0.191064,0.092445,3.141590,-0.000034,-0.000083
13.400578,-1.009994,-0.881214,-8.699999,-0.037000,-0.100000,0.019125,0.550076,-0.190988,0.092449,3.141590,-0.000035,-0.000067
13.404576,-1.009995,-0.881214,-8.699999,-0.037000,-0.100000,0.019125,0.550153,-0.190910,0.092454,3.141590,-0.000035,-0.000053
13.408578,-1.009996,-0.881218,-8.699999,-0.037000,-0.100000,0.019125,0.550228,-0.190831,0.092455,3.141590,-0.000031,-0.000046
13.412577,-1.009993,-0.881211,-8.699999,-0.037000,-0.100000,0.019125,0.550305,-0.190753,0.092460,3.141590,-0.000037,-0.000031
13.416584,-1.009993,-0.881210,-8.699999,-0.037000,-0.100000,0.019125,0.550380,-0.190675,0.092464,3.141590,-0.000038,-0.000024
13.420579,-1.009993,-0.881209,-8.699999,-0.037000,-0.100000,0.019125,0.550456,-0.190596,0.092468,3.141590,-0.000039,-0.000017
13.424545,-1.039992,-0.851208,-8.679999,-0.039000,-0.100000,0.018125,0.550531,-0.190518,0.092471,3.141590,-0.000040,-0.000009
13.428578,-1.039994,-0.851211,-8.679999,-0.039000,-0.100000,0.018125,0.550605,-0.190442,0.092473,3.141590,-0.000037,-0.000013
13.432579,-1.040001,-0.851232,-8.680000,-0.039000,-0.100000,0.018125,0.550678,-0.190363,0.092474,3.141591,-0.000018,-0.000060
13.436578,-1.039995,-0.851215,-8.679999,-0.039000,-0.100000,0.018125,0.550753,-0.190285,0.092478,3.141590,-0.000034,-0.000066
13.440579,-1.039993,-0.851210,-8.679999,-0.039000,-0.100000,0.018125,0.550848,-0.190188,0.092484,3.141590,-0.000039,-0.000043
13.444577,-1.039995,-0.851214,-8.679999,-0.039000,-0.100000,0.018125,0.550921,-0.190109,0.092486,3.141590,-0.000034,-0.000056
13.448580,-1.039994,-0.851213,-8.679999,-0.039000,-0.100000,0.018125,0.550995,-0.190033,0.092490,3.141590,-0.000035,-0.000066
13.452578,-1.039994,-0.851212,-8.679999,-0.039000,-0.100000,0.018125,0.551070,-0.189954,0.092494,3.141590,-0.000036,-0.000072
13.456577,-1.039993,-0.851211,-8.679999,-0.039000,-0.100000,0.018125,0.551144,-0.189878,0.092498,3.141590,-0.000037,-0.000076
13.460551,-1.039993,-0.851210,-8.679999,-0.039000,-0.100000,0.018125,0.551219,-0.189800,0.092501,3.141590,-0.000038,-0.000076
13.464585,-0.989994,-0.751214,-8.279999,-0.039000,-0.094000,0.016125,0.551294,-0.189721,0.092503,3.141590,-0.000035,-0.000075
13.468580,-0.929991,-0.691206,-7.919998,-0.038000,-0.090000,0.014125,0.551370,-0.189643,0.092507,3.141590,-0.000042,-0.000061
13.472577,-0.929991,-0.691206,-7.919998,-0.038000,-0.090000,0.014125,0.551446,-0.189567,0.092512,3.141590,-0.000042,-0.000051
13.476579,-0.929991,-0.691204,-7.919998,-0.038000,-0.090000,0.014125,0.551523,-0.189488,0.092515,3.141589,-0.000044,-0.000037
13.480597,-0.929988,-0.691197,-7.919998,-0.038001,-0.090000,0.014125,0.551599,-0.189412,0.092520,3.141589,-0.000050,-0.000035
13.484582,-0.929987,-0.691194,-7.919998,-0.038001,-0.090000,0.014125,0.551675,-0.189331,0.092522,3.141589,-0.000054,-0.000016
13.488579,-0.929991,-0.691205,-7.919998,-0.038000,-0.090000,0.014125,0.551748,-0.189255,0.092523,3.141590,-0.000043,-0.000013
13.492587,-0.929988,-0.691196,-7.919998,-0.038001,-0.090000,0.014125,0.551823,-0.189178,0.092527,3.141589,-0.000051,-0.000004
13.496579,-0.929989,-0.691200,-7.919998,-0.038001,-0.090000,0.014125,0.551898,-0.189100,0.092528,3.141589,-0.000048,0.000004
13.500586,-0.929992,-0.691208,-7.919999,-0.038000,-0.090000,0.014125,0.551971,-0.189023,0.092527,3.141590,-0.000040,0.000007
13.504581,-0.789996,-0.631218,-7.049999,-0.033000,-0.080000,0.011125,0.552044,-0.188944,0.092526,3.141590,-0.000031,0.000007
13.508576,-0.790002,-0.631232,-7.050000,-0.033000,-0.080000,0.011125,0.552116,-0.188865,0.092523,3.141591,-0.000017,0.000015
13.512580,-0.790003,-0.631236,-7.050000,-0.033000,-0.080000,0.011125,0.552189,-0.188789,0.092524,3.141592,-0.000014,0.000011
13.516578,-0.790006,-0.631244,-7.050000,-0.033000,-0.080000,0.011125,0.552264,-0.188710,0.092523,3.141592,-0.000006,0.000011
13.520580,-0.790011,-0.631256,-7.050001,-0.033000,-0.080000,0.011125,0.552335,-0.188634,0.092518,-3.141592,0.000005,0.000001
13.524570,-0.790013,-0.631259,-7.050001,-0.033000,-0.080000,0.011125,0.552410,-0.188555,0.092519,-3.141592,0.000009,-0.000005
13.528559,-0.790018,-0.631273,-7.050001,-0.033000,-0.080000,0.011125,0.552483,-0.188478,0.092515,-3.141591,0.000021,-0.000023
13.532577,-0.790021,-0.631281,-7.050002,-0.033000,-0.080000,0.011125,0.552557,-0.188399,0.092514,-3.141591,0.000029,-0.000022
13.536577,-0.790022,-0.631284,-7.050002,-0.033000,-0.080000,0.011125,0.552633,-0.188323,0.092515,-3.141590,0.000032,-0.000026
13.540579,-0.730018,-0.621274,-6.600002,-0.030000,-0.075000,0.010125,0.552728,-0.188225,0.092517,-3.141591,0.000022,-0.000030
13.544581,-0.730019,-0.621276,-6.600002,-0.030000,-0.075000,0.010125,0.552785,-0.188165,0.092517,-3.141591,0.000024,-0.000058
13.548581,-0.700016,-0.621267,-6.340001,-0.028000,-0.073000,0.010125,0.552881,-0.188070,0.092521,-3.141592,0.000016,-0.000026
13.552591,-0.700011,-0.621256,-6.340001,-0.028000,-0.073000,0.010125,0.552958,-0.187991,0.092523,-3.141592,0.000005,-0.000019
13.556590,-0.700010,-0.621253,-6.340001,-0.028000,-0.073000,0.010125,0.553033,-0.187915,0.092524,-3.141592,0.000002,-0.000016
13.560579,-0.700006,-0.621242,-6.340000,-0.028000,-0.073000,0.010125,0.553108,-0.187836,0.092527,3.141592,-0.000008,-0.000016
13.564581,-0.700004,-0.621239,-6.340000,-0.028000,-0.073000,0.010125,0.553183,-0.187757,0.092529,3.141592,-0.000011,-0.000008
13.568578,-0.700003,-0.621235,-6.340000,-0.028000,-0.073000,0.010125,0.553257,-0.187683,0.092531,3.141592,-0.000014,-0.000010
13.572580,-0.700004,-0.621238,-6.340000,-0.028000,-0.073000,0.010125,0.553330,-0.187604,0.092531,3.141592,-0.000012,-0.000003
13.576582,-0.700003,-0.621234,-6.340000,-0.028000,-0.073000,0.010125,0.553405,-0.187525,0.092533,3.141592,-0.000015,0.000005
13.580553,-0.700001,-0.621230,-6.340000,-0.028000,-0.073000,0.010125,0.553477,-0.187448,0.092533,3.141591,-0.000020,0.000001
13.584584,-0.770002,-0.681232,-6.610000,-0.028000,-0.078000,0.010125,0.553550,-0.187369,0.092534,3.141591,-0.000018,0.000008
13.588580,-0.770000,-0.681228,-6.609999,-0.028000,-0.078000,0.010125,0.553624,-0.187292,0.092535,3.141591,-0.000021,0.000004
13.592579,-0.769994,-0.681213,-6.609999,-0.028000,-0.078000,0.010125,0.553699,-0.187215,0.092541,3.141590,-0.000035,0.000001
13.596580,-0.769996,-0.681217,-6.609999,-0.028000,-0.078000,0.010125,0.553773,-0.187136,0.092542,3.141590,-0.000032,-0.000006
13.600587,-0.769994,-0.681214,-6.609999,-0.028000,-0.078000,0.010125,0.553848,-0.187060,0.092544,3.141590,-0.000035,-0.000016
13.604576,-0.769992,-0.681209,-6.609999,-0.028000,-0.078000,0.010125,0.553924,-0.186980,0.092545,3.141590,-0.000039,-0.000016
13.608576,-0.769989,-0.681200,-6.609998,-0.028001,-0.078000,0.010125,0.554002,-0.186901,0.092548,3.141589,-0.000048,-0.000022
13.612581,-0.769985,-0.681191,-6.609998,-0.028001,-0.078000,0.010125,0.554077,-0.186827,0.092552,3.141589,-0.000056,-0.000030
13.616597,-0.769984,-0.681188,-6.609998,-0.028001,-0.078000,0.010125,0.554152,-0.186748,0.092554,3.141589,-0.000060,-0.000030
13.620580,-0.799978,-0.711173,-6.599997,-0.026001,-0.077000,0.010125,0.554230,-0.186672,0.092559,3.141588,-0.000074,-0.000040
13.624581,-0.799974,-0.701163,-6.469996,-0.026001,-0.076000,0.010125,0.554306,-0.186592,0.092561,3.141587,-0.000083,-0.000040
13.628580,-0.799974,-0.701164,-6.469996,-0.026001,-0.076000,0.010125,0.554380,-0.186513,0.092561,3.141587,-0.000082,-0.000032
13.632580,-0.799972,-0.701160,-6.469996,-0.026001,-0.076000,0.010125,0.554456,-0.186436,0.092562,3.141587,-0.000086,-0.000036
13.636580,-0.799973,-0.701162,-6.469996,-0.026001,-0.076000,0.010125,0.554533,-0.186355,0.092562,3.141587,-0.000084,-0.000038
13.640581,-0.799976,-0.701170,-6.469997,-0.026001,-0.076000,0.010125,0.554609,-0.186275,0.092560,3.141588,-0.000077,-0.000044
13.644581,-0.799975,-0.701167,-6.469997,-0.026001,-0.076000,0.010125,0.554688,-0.186194,0.092562,3.141587,-0.000079,-0.000045
13.648580,-0.799978,-0.701174,-6.469997,-0.026001,-0.076000,0.010125,0.554764,-0.186114,0.092560,3.141588,-0.000072,-0.000052
13.652581,-0.799979,-0.701177,-6.469997,-0.026001,-0.076000,0.010125,0.554842,-0.186030,0.092560,3.141588,-0.000070,-0.000055
13.656578,-0.799980,-0.701179,-6.469997,-0.026001,-0.076000,0.010125,0.554920,-0.185951,0.092560,3.141588,-0.000068,-0.000062
13.660578,-0.799982,-0.701183,-6.469997,-0.026001,-0.076000,0.010125,0.554998,-0.185869,0.092561,3.141588,-0.000064,-0.000063
13.664577,-0.719982,-0.611185,-5.689997,-0.023001,-0.066000,0.009125,0.555077,-0.185787,0.092561,3.141589,-0.000062,-0.000065
13.668577,-0.719988,-0.611199,-5.689998,-0.023001,-0.066000,0.009125,0.555155,-0.185705,0.092557,3.141589,-0.000049,-0.000066
13.672581,-0.719989,-0.611202,-5.689998,-0.023001,-0.066000,0.009125,0.555235,-0.185624,0.092558,3.141590,-0.000046,-0.000068
13.676584,-0.719990,-0.611203,-5.689998,-0.023001,-0.066000,0.009125,0.555316,-0.185542,0.092557,3.141590,-0.000045,-0.000076
13.680584,-0.719990,-0.611204,-5.689998,-0.023000,-0.066000,0.009125,0.555394,-0.185463,0.092556,3.141590,-0.000044,-0.000082
13.684581,-0.719993,-0.611212,-5.689999,-0.023000,-0.066000,0.009125,0.555474,-0.185381,0.092554,3.141590,-0.000036,-0.000077
13.688580,-0.719996,-0.611219,-5.689999,-0.023000,-0.066000,0.009125,0.555551,-0.185301,0.092551,3.141591,-0.000030,-0.000077
13.692577,-0.720000,-0.611228,-5.689999,-0.023000,-0.066000,0.009125,0.555630,-0.185219,0.092550,3.141591,-0.000022,-0.000072
13.696577,-0.719998,-0.611224,-5.689999,-0.023000,-0.066000,0.009125,0.555723,-0.185138,0.092551,3.141591,-0.000025,-0.000107
13.700579,-0.720001,-0.611231,-5.690000,-0.023000,-0.066000,0.009125,0.555808,-0.185036,0.092548,3.141591,-0.000019,-0.000072
13.704577,-0.720004,-0.611238,-5.690000,-0.023000,-0.066000,0.009125,0.555884,-0.184957,0.092546,3.141592,-0.000012,-0.000072
13.708578,-0.680004,-0.571239,-5.520000,-0.024000,-0.062000,0.008125,0.555961,-0.184875,0.092545,3.141592,-0.000011,-0.000060
13.712578,-0.680007,-0.571245,-5.520000,-0.024000,-0.062000,0.008125,0.556038,-0.184795,0.092542,3.141592,-0.000005,-0.000066
13.716577,-0.680010,-0.571252,-5.520001,-0.024000,-0.062000,0.008125,0.556114,-0.184713,0.092540,-3.141593,0.000002,-0.000074
13.720580,-0.680013,-0.571260,-5.520001,-0.024000,-0.062000,0.008125,0.556190,-0.184633,0.092537,-3.141592,0.000009,-0.000087
13.724583,-0.680011,-0.571255,-5.520001,-0.024000,-0.062000,0.008125,0.556269,-0.184551,0.092538,-3.141592,0.000004,-0.000089
13.728575,-0.680012,-0.571256,-5.520001,-0.024000,-0.062000,0.008125,0.556347,-0.184472,0.092537,-3.141592,0.000006,-0.000095
13.732576,-0.680009,-0.571251,-5.520001,-0.024000,-0.062000,0.008125,0.556426,-0.184390,0.092537,-3.141593,0.000001,-0.000097
13.736577,-0.680007,-0.571246,-5.520000,-0.024000,-0.062000,0.008125,0.556505,-0.184308,0.092538,3.141592,-0.000004,-0.000105
13.740588,-0.680007,-0.571246,-5.520000,-0.024000,-0.062000,0.008125,0.556505,-0.184308,0.092538,3.141592,-0.000004,-0.000105
13.744585,-0.689997,-0.621222,-6.139999,-0.027000,-0.068000,0.009125,0.556667,-0.184146,0.092546,3.141591,-0.000027,-0.000113
13.748636,-0.689997,-0.621222,-6.139999,-0.027000,-0.068000,0.009125,0.556667,-0.184146,0.092546,3.141591,-0.000027,-0.000113
13.752585,-0.689993,-0.621212,-6.139999,-0.027000,-0.068000,0.009125,0.556747,-0.184064,0.092549,3.141590,-0.000037,-0.000108
13.756573,-0.689990,-0.621203,-6.139998,-0.027000,-0.068000,0.009125,0.556828,-0.183982,0.092553,3.141590,-0.000045,-0.000103
13.760538,-0.689985,-0.621193,-6.139998,-0.027001,-0.068000,0.009125,0.556910,-0.183897,0.092555,3.141589,-0.000055,-0.000093
13.764598,-0.689979,-0.621177,-6.139997,-0.027001,-0.068000,0.009125,0.557067,-0.183736,0.092558,3.141588,-0.000070,-0.000074
13.768532,-0.689977,-0.621172,-6.139997,-0.027001,-0.068000,0.009125,0.557147,-0.183653,0.092558,3.141588,-0.000075,-0.000069
13.772534,-0.689977,-0.621172,-6.139997,-0.027001,-0.068000,0.009125,0.557147,-0.183653,0.092558,3.141588,-0.000075,-0.000069
13.776533,-0.689971,-0.621158,-6.139996,-0.027001,-0.068000,0.009125,0.557226,-0.183571,0.092563,3.141587,-0.000089,-0.000057
13.780536,-0.689972,-0.621161,-6.139996,-0.027001,-0.068000,0.009125,0.557379,-0.183409,0.092562,3.141587,-0.000086,-0.000044
13.784562,-0.759968,-0.651151,-6.749996,-0.031001,-0.076000,0.011125,0.557458,-0.183326,0.092565,3.141587,-0.000095,-0.000039
13.788534,-0.759968,-0.651151,-6.749996,-0.031001,-0.076000,0.011125,0.557458,-0.183326,0.092565,3.141587,-0.000095,-0.000039
13.792538,-0.759968,-0.651151,-6.749996,-0.031001,-0.076000,0.011125,0.557535,-0.183244,0.092563,3.141587,-0.000095,-0.000041
13.796544,-0.759969,-0.651153,-6.749996,-0.031001,-0.076000,0.011125,0.557612,-0.183164,0.092563,3.141587,-0.000093,-0.000047
13.800544,-0.759965,-0.651144,-6.749995,-0.031001,-0.075999,0.011125,0.557693,-0.183082,0.092567,3.141587,-0.000101,-0.000048
13.804554,-0.759964,-0.651141,-6.749995,-0.031001,-0.075999,0.011125,0.557773,-0.183002,0.092568,3.141586,-0.000105,-0.000055
13.808569,-0.759967,-0.651149,-6.749996,-0.031001,-0.076000,0.011125,0.557850,-0.182919,0.092567,3.141587,-0.000096,-0.000063
13.812575,-0.759967,-0.651148,-6.749996,-0.031001,-0.076000,0.011125,0.557943,-0.182838,0.092570,3.141587,-0.000098,-0.000105
13.816589,-0.759969,-0.651152,-6.749996,-0.031001,-0.076000,0.011125,0.558021,-0.182755,0.092571,3.141587,-0.000094,-0.000113
13.820576,-0.759977,-0.651173,-6.749997,-0.031001,-0.076000,0.011125,0.558104,-0.182653,0.092567,3.141588,-0.000074,-0.000079
13.824582,-0.759981,-0.651182,-6.749997,-0.031001,-0.076000,0.011125,0.558182,-0.182570,0.092566,3.141589,-0.000065,-0.000080
13.828587,-0.769987,-0.641198,-6.389998,-0.028001,-0.075000,0.011125,0.558270,-0.182491,0.092564,3.141590,-0.000050,-0.000127
13.832580,-0.769993,-0.641211,-6.389999,-0.028000,-0.075000,0.011125,0.558335,-0.182407,0.092561,3.141590,-0.000037,-0.000081
13.836578,-0.769996,-0.641220,-6.389999,-0.028000,-0.075000,0.011125,0.558412,-0.182327,0.092560,3.141591,-0.000029,-0.000081
13.840580,-0.770000,-0.641227,-6.389999,-0.028000,-0.075000,0.011125,0.558486,-0.182249,0.092557,3.141591,-0.000022,-0.000078
13.844585,-0.770003,-0.641235,-6.390000,-0.028000,-0.075000,0.011125,0.558562,-0.182167,0.092555,3.141592,-0.000015,-0.000053
13.848583,-0.770003,-0.641235,-6.390000,-0.028000,-0.075000,0.011125,0.558636,-0.182091,0.092554,3.141592,-0.000014,-0.000041
13.852583,-0.770006,-0.641243,-6.390000,-0.028000,-0.075000,0.011125,0.558711,-0.182011,0.092552,3.141592,-0.000007,-0.000020
13.856579,-0.770009,-0.641250,-6.390000,-0.028000,-0.075000,0.011125,0.558785,-0.181933,0.092550,3.141593,-0.000000,-0.000011
13.860585,-0.770012,-0.641258,-6.390001,-0.028000,-0.075000,0.011125,0.558860,-0.181853,0.092547,-3.141592,0.000007,0.000010
13.864579,-0.770013,-0.641260,-6.390001,-0.028000,-0.075000,0.011125,0.558935,-0.181775,0.092548,-3.141592,0.000010,0.000020
13.868580,-0.830018,-0.661272,-6.370002,-0.027000,-0.077000,0.012125,0.559009,-0.181697,0.092543,-3.141591,0.000021,0.000023
13.872577,-0.830016,-0.661268,-6.370001,-0.027000,-0.077000,0.012125,0.559084,-0.181619,0.092544,-3.141592,0.000017,0.000026
13.876581,-0.830014,-0.661263,-6.370001,-0.027000,-0.077000,0.012125,0.559162,-0.181539,0.092544,-3.141592,0.000012,0.000026
13.880579,-0.830017,-0.661270,-6.370001,-0.027000,-0.077000,0.012125,0.559236,-0.181461,0.092542,-3.141592,0.000019,0.000022
13.884585,-0.830007,-0.661247,-6.370000,-0.027000,-0.077000,0.012125,0.559327,-0.181384,0.092553,3.141592,-0.000003,-0.000029
13.888578,-0.830020,-0.661276,-6.370002,-0.027000,-0.077000,0.012125,0.559389,-0.181303,0.092543,-3.141591,0.000025,-0.000042
13.892577,-0.830003,-0.661236,-6.370000,-0.027000,-0.077000,0.012125,0.559478,-0.181226,0.092553,3.141592,-0.000014,-0.000052
13.896578,-0.830009,-0.661250,-6.370000,-0.027000,-0.077000,0.012125,0.559559,-0.181125,0.092544,-3.141593,0.000000,-0.000029
13.900578,-0.830002,-0.661233,-6.370000,-0.027000,-0.077000,0.012125,0.559637,-0.181048,0.092547,3.141592,-0.000016,-0.000033
13.904581,-0.930000,-0.771229,-7.299999,-0.031000,-0.085000,0.016125,0.559713,-0.180967,0.092548,3.141592,-0.000020,-0.000046
13.908581,-0.929998,-0.771225,-7.299999,-0.031000,-0.085000,0.016125,0.559788,-0.180889,0.092549,3.141591,-0.000024,-0.000056
13.912581,-0.929991,-0.771208,-7.299998,-0.031000,-0.085000,0.016125,0.559866,-0.180809,0.092553,3.141590,-0.000041,-0.000063
13.916579,-0.929989,-0.771204,-7.299998,-0.031000,-0.085000,0.016125,0.559941,-0.180731,0.092554,3.141590,-0.000045,-0.000066
13.920578,-0.929987,-0.771198,-7.299998,-0.031001,-0.085000,0.016125,0.560019,-0.180650,0.092554,3.141590,-0.000050,-0.000059
13.924578,-0.929981,-0.771184,-7.299997,-0.031001,-0.085000,0.016125,0.560096,-0.180572,0.092559,3.141589,-0.000064,-0.000043
13.928577,-0.929979,-0.771179,-7.299997,-0.031001,-0.085000,0.016125,0.560171,-0.180494,0.092560,3.141589,-0.000068,-0.000026
13.932579,-0.929977,-0.771175,-7.299997,-0.031001,-0.085000,0.016125,0.560246,-0.180416,0.092561,3.141589,-0.000072,-0.000010
13.936578,-0.929974,-0.771166,-7.299996,-0.031001,-0.085000,0.016125,0.560322,-0.180338,0.092565,3.141588,-0.000081,0.000006
13.940585,-0.929973,-0.771164,-7.299996,-0.031001,-0.085000,0.016125,0.560395,-0.180262,0.092568,3.141588,-0.000083,0.000018
13.944562,-0.929969,-0.771155,-7.299996,-0.031001,-0.085000,0.016125,0.560470,-0.180187,0.092572,3.141588,-0.000091,0.000023
13.948579,-0.979970,-0.791158,-7.959996,-0.036001,-0.090000,0.017125,0.560544,-0.180109,0.092572,3.141588,-0.000089,0.000033
13.952579,-0.979969,-0.791156,-7.959996,-0.036001,-0.090000,0.017125,0.560617,-0.180035,0.092575,3.141588,-0.000090,0.000033
13.956579,-0.979968,-0.791154,-7.959996,-0.036001,-0.090000,0.017125,0.560691,-0.179957,0.092578,3.141588,-0.000092,0.000036
13.960580,-0.979973,-0.791164,-7.959996,-0.036001,-0.090000,0.017125,0.560763,-0.179884,0.092578,3.141588,-0.000083,0.000023
13.964579,-0.979972,-0.791163,-7.959996,-0.036001,-0.090000,0.017125,0.560838,-0.179808,0.092582,3.141588,-0.000084,0.000021
13.968580,-0.979976,-0.791173,-7.959997,-0.036001,-0.090000,0.017125,0.560911,-0.179733,0.092582,3.141589,-0.000074,0.000013
13.972579,-0.979978,-0.791178,-7.959997,-0.036001,-0.090000,0.017125,0.560985,-0.179654,0.092584,3.141589,-0.000069,0.000002
13.976581,-0.979978,-0.791178,-7.959997,-0.036001,-0.090000,0.017125,0.560985,-0.179654,0.092584,3.141589,-0.000069,0.000002
13.980578,-0.979978,-0.791178,-7.959997,-0.036001,-0.090000,0.017125,0.560985,-0.179654,0.092584,3.141589,-0.000069,0.000002
13.984582,-0.979980,-0.791182,-7.959997,-0.036001,-0.090000,0.017125,0.561060,-0.179579,0.092585,3.141589,-0.000065,-0.000013
13.988580,-0.979980,-0.791182,-7.959997,-0.036001,-0.090000,0.017125,0.561060,-0.179579,0.092585,3.141589,-0.000065,-0.000013
13.992578,-0.889990,-0.701204,-7.769998,-0.037000,-0.087000,0.016125,0.561352,-0.179273,0.092590,3.141590,-0.000044,-0.000069
13.996577,-0.890001,-0.701231,-7.770000,-0.037000,-0.087000,0.016125,0.561423,-0.179197,0.092591,3.141592,-0.000019,-0.000111
14.000577,-0.890001,-0.701231,-7.770000,-0.037000,-0.087000,0.016125,0.561423,-0.179197,0.092591,3.141592,-0.000019,-0.000111
14.004574,-0.890001,-0.701231,-7.770000,-0.037000,-0.087000,0.016125,0.561423,-0.179197,0.092591,3.141592,-0.000019,-0.000111
14.008575,-0.889996,-0.701218,-7.769999,-0.037000,-0.087000,0.016125,0.561509,-0.179121,0.092591,3.141591,-0.000031,-0.000113
14.012577,-0.890005,-0.701240,-7.770000,-0.037000,-0.087000,0.016125,0.561733,-0.178873,0.092591,3.141592,-0.000009,-0.000048
14.016575,-0.890006,-0.701243,-7.770000,-0.037000,-0.087000,0.016125,0.561807,-0.178797,0.092592,3.141592,-0.000007,-0.000036
14.020581,-0.810006,-0.661244,-7.390000,-0.036000,-0.082000,0.015125,0.561881,-0.178719,0.092590,3.141592,-0.000006,-0.000020
14.024610,-0.810007,-0.661245,-7.390000,-0.036000,-0.082000,0.015125,0.561956,-0.178643,0.092590,3.141592,-0.000005,-0.000008
14.028582,-0.810003,-0.661235,-7.390000,-0.036000,-0.082000,0.015125,0.562032,-0.178567,0.092592,3.141592,-0.000014,-0.000003
14.032582,-0.810003,-0.661237,-7.390000,-0.036000,-0.082000,0.015125,0.562108,-0.178489,0.092592,3.141592,-0.000012,-0.000000
14.036580,-0.809999,-0.661226,-7.389999,-0.036000,-0.082000,0.015125,0.562187,-0.178410,0.092594,3.141591,-0.000023,0.000003
14.040573,-0.809999,-0.661227,-7.389999,-0.036000,-0.082000,0.015125,0.562265,-0.178329,0.092593,3.141592,-0.000022,0.000003
14.044547,-0.810000,-0.661229,-7.390000,-0.036000,-0.082000,0.015125,0.562342,-0.178248,0.092592,3.141592,-0.000020,-0.000003
14.048580,-0.809997,-0.661223,-7.389999,-0.036000,-0.082000,0.015125,0.562421,-0.178167,0.092592,3.141591,-0.000026,-0.000016
14.052581,-0.809995,-0.661217,-7.389999,-0.036000,-0.082000,0.015125,0.562500,-0.178086,0.092591,3.141591,-0.000032,-0.000028
14.056584,-0.809995,-0.661217,-7.389999,-0.036000,-0.082000,0.015125,0.562500,-0.178086,0.092591,3.141591,-0.000032,-0.000028
14.060581,-0.809990,-0.661205,-7.389998,-0.036000,-0.082000,0.015125,0.562657,-0.177924,0.092591,3.141590,-0.000043,-0.000061
14.064556,-0.809990,-0.661205,-7.389998,-0.036000,-0.082000,0.015125,0.562657,-0.177924,0.092591,3.141590,-0.000043,-0.000061
14.068575,-0.819982,-0.691187,-7.479997,-0.035001,-0.085000,0.016125,0.562747,-0.177844,0.092599,3.141590,-0.000061,-0.000114
14.072539,-0.819993,-0.691212,-7.479999,-0.035000,-0.085000,0.016125,0.562829,-0.177740,0.092585,3.141591,-0.000037,-0.000080
14.076577,-0.819993,-0.691212,-7.479999,-0.035000,-0.085000,0.016125,0.562829,-0.177740,0.092585,3.141591,-0.000037,-0.000080
14.080546,-0.819991,-0.691208,-7.479998,-0.035000,-0.085000,0.016125,0.562983,-0.177577,0.092585,3.141591,-0.000040,-0.000099
14.084578,-0.819992,-0.691211,-7.479999,-0.035000,-0.085000,0.016125,0.563138,-0.177415,0.092583,3.141591,-0.000038,-0.000091
14.088541,-0.819992,-0.691211,-7.479999,-0.035000,-0.085000,0.016125,0.563138,-0.177415,0.092583,3.141591,-0.000038,-0.000091
14.092591,-0.819993,-0.691214,-7.479999,-0.035000,-0.085000,0.016125,0.563292,-0.177255,0.092582,3.141591,-0.000035,-0.000074
14.096545,-0.819990,-0.691205,-7.479998,-0.035000,-0.085000,0.016125,0.563371,-0.177174,0.092586,3.141591,-0.000043,-0.000060
14.100578,-0.929989,-0.771203,-7.789998,-0.034001,-0.090000,0.018125,0.563451,-0.177093,0.092588,3.141590,-0.000046,-0.000046
14.104577,-0.929989,-0.771203,-7.789998,-0.034001,-0.090000,0.018125,0.563451,-0.177093,0.092588,3.141590,-0.000046,-0.000046
14.108581,-0.929988,-0.771201,-7.789998,-0.034001,-0.090000,0.018125,0.563530,-0.177011,0.092591,3.141590,-0.000047,-0.000032
14.112586,-0.929993,-0.771213,-7.789999,-0.034000,-0.090000,0.018125,0.563683,-0.176849,0.092591,3.141591,-0.000036,-0.000017
14.116580,-0.929993,-0.771213,-7.789999,-0.034000,-0.090000,0.018125,0.563683,-0.176849,0.092591,3.141591,-0.000036,-0.000017
14.120579,-0.929990,-0.771207,-7.789998,-0.034000,-0.090000,0.018125,0.563761,-0.176770,0.092597,3.141591,-0.000041,-0.000014
14.124580,-0.929990,-0.771207,-7.789998,-0.034000,-0.090000,0.018125,0.563761,-0.176770,0.092597,3.141591,-0.000041,-0.000014
14.128584,-0.930001,-0.771232,-7.790000,-0.034000,-0.090000,0.018125,0.563912,-0.176607,0.092594,3.141592,-0.000018,-0.000013
14.132581,-0.930006,-0.771242,-7.790000,-0.034000,-0.090000,0.018125,0.564065,-0.176441,0.092593,3.141592,-0.000008,-0.000021
14.136586,-0.930005,-0.771241,-7.790000,-0.034000,-0.090000,0.018125,0.564143,-0.176360,0.092596,3.141592,-0.000009,-0.000027
14.140586,-0.930010,-0.771252,-7.790001,-0.034000,-0.090000,0.018125,0.564218,-0.176278,0.092597,-3.141593,0.000001,-0.000040
14.144498,-0.930010,-0.771252,-7.790001,-0.034000,-0.090000,0.018125,0.564218,-0.176278,0.092597,-3.141593,0.000001,-0.000040
14.148540,-1.040016,-0.851267,-8.170001,-0.034000,-0.095000,0.020125,0.564315,-0.176175,0.092594,-3.141592,0.000016,-0.000059
14.152582,-1.040015,-0.851264,-8.170001,-0.034000,-0.095000,0.020125,0.564376,-0.176113,0.092597,-3.141592,0.000013,-0.000067
14.156541,-1.040016,-0.851268,-8.170001,-0.034000,-0.095000,0.020125,0.564473,-0.176012,0.092597,-3.141592,0.000017,-0.000078
14.160578,-1.040018,-0.851272,-8.170002,-0.034000,-0.095000,0.020125,0.564546,-0.175948,0.092599,-3.141592,0.000021,-0.000109
14.164534,-1.040017,-0.851270,-8.170001,-0.034000,-0.095000,0.020125,0.564633,-0.175846,0.092601,-3.141592,0.000019,-0.000072
14.168587,-1.040018,-0.851272,-8.170002,-0.034000,-0.095000,0.020125,0.564713,-0.175762,0.092601,-3.141592,0.000021,-0.000067
14.172571,-1.040017,-0.851270,-8.170001,-0.034000,-0.095000,0.020125,0.564793,-0.175681,0.092604,-3.141592,0.000019,-0.000060
14.176580,-1.040018,-0.851272,-8.170002,-0.034000,-0.095000,0.020125,0.564873,-0.175599,0.092603,-3.141592,0.000021,-0.000052
14.180548,-1.040020,-0.851275,-8.170002,-0.034000,-0.095000,0.020125,0.564951,-0.175518,0.092604,-3.141592,0.000024,-0.000045
14.184590,-1.040018,-0.851271,-8.170002,-0.034000,-0.095000,0.020125,0.565030,-0.175433,0.092605,-3.141592,0.000020,-0.000033
14.188579,-0.970015,-0.751265,-7.760001,-0.037000,-0.088000,0.017125,0.565109,-0.175352,0.092605,-3.141592,0.000014,-0.000026
14.192579,-0.970014,-0.751261,-7.760001,-0.037000,-0.088000,0.017125,0.565187,-0.175270,0.092606,-3.141592,0.000011,-0.000018
14.196579,-0.970012,-0.751258,-7.760001,-0.037000,-0.088000,0.017125,0.565266,-0.175186,0.092607,-3.141592,0.000007,-0.000007
14.200587,-0.970012,-0.751258,-7.760001,-0.037000,-0.088000,0.017125,0.565344,-0.175104,0.092606,-3.141592,0.000008,0.000001
14.204578,-0.970006,-0.751244,-7.760000,-0.037000,-0.088000,0.017125,0.565425,-0.175023,0.092612,3.141592,-0.000006,0.000008
14.208581,-0.970005,-0.751240,-7.760000,-0.037000,-0.088000,0.017125,0.565503,-0.174941,0.092613,3.141592,-0.000009,0.000002
14.212578,-0.970006,-0.751243,-7.760000,-0.037000,-0.088000,0.017125,0.565583,-0.174859,0.092613,3.141592,-0.000007,0.000003
14.216546,-0.970002,-0.751233,-7.760000,-0.037000,-0.088000,0.017125,0.565663,-0.174777,0.092616,3.141592,-0.000016,-0.000004
14.220580,-0.970001,-0.751231,-7.760000,-0.037000,-0.088000,0.017125,0.565744,-0.174693,0.092619,3.141592,-0.000019,-0.000005
14.224542,-0.900003,-0.691235,-7.490000,-0.037000,-0.084000,0.017125,0.565823,-0.174611,0.092620,3.141592,-0.000014,-0.000018
14.228587,-0.900000,-0.691231,-7.490000,-0.037000,-0.084000,0.017125,0.565903,-0.174530,0.092621,3.141592,-0.000019,-0.000024
14.232542,-0.899999,-0.691228,-7.489999,-0.037000,-0.084000,0.017125,0.565983,-0.174448,0.092623,3.141592,-0.000021,-0.000030
14.236582,-0.900000,-0.691230,-7.490000,-0.037000,-0.084000,0.017125,0.566062,-0.174369,0.092623,3.141592,-0.000019,-0.000034
14.240546,-0.899999,-0.691227,-7.489999,-0.037000,-0.084000,0.017125,0.566138,-0.174292,0.092624,3.141592,-0.000023,-0.000036
14.244581,-0.900000,-0.691230,-7.489999,-0.037000,-0.084000,0.017125,0.566215,-0.174212,0.092625,3.141592,-0.000020,-0.000033
14.248583,-0.900004,-0.691239,-7.490000,-0.037000,-0.084000,0.017125,0.566288,-0.174135,0.092624,3.141592,-0.000011,-0.000028
14.252582,-0.900008,-0.691247,-7.490000,-0.037000,-0.084000,0.017125,0.566362,-0.174058,0.092623,3.141593,-0.000003,-0.000023
14.256579,-0.900009,-0.691249,-7.490000,-0.037000,-0.084000,0.017125,0.566436,-0.173982,0.092623,3.141593,-0.000001,-0.000018
14.260584,-0.900012,-0.691258,-7.490001,-0.037000,-0.084000,0.017125,0.566511,-0.173902,0.092622,-3.141592,0.000007,-0.000042
14.264580,-0.900013,-0.691260,-7.490001,-0.037000,-0.084000,0.017125,0.566598,-0.173826,0.092621,-3.141592,0.000010,-0.000037
14.268586,-0.730017,-0.621269,-6.890001,-0.033000,-0.076000,0.013125,0.566678,-0.173725,0.092620,-3.141592,0.000018,0.000009
14.272581,-0.730024,-0.621285,-6.890002,-0.033000,-0.076000,0.013125,0.566751,-0.173648,0.092618,-3.141591,0.000033,0.000007
14.276582,-0.730025,-0.621288,-6.890002,-0.033000,-0.076000,0.013125,0.566827,-0.173571,0.092619,-3.141591,0.000036,0.000005
14.280581,-0.730025,-0.621286,-6.890002,-0.033000,-0.076000,0.013125,0.566904,-0.173492,0.092622,-3.141591,0.000035,0.000015
14.284580,-0.730025,-0.621286,-6.890002,-0.033000,-0.076000,0.013125,0.566904,-0.173492,0.092622,-3.141591,0.000035,0.000015
14.288584,-0.730024,-0.621284,-6.890002,-0.033000,-0.076000,0.013125,0.566981,-0.173417,0.092625,-3.141591,0.000032,0.000002
14.292534,-0.730024,-0.621285,-6.890002,-0.033000,-0.076000,0.013125,0.567135,-0.173258,0.092629,-3.141591,0.000034,0.000008
14.296579,-0.730024,-0.621284,-6.890002,-0.033000,-0.076000,0.013125,0.567211,-0.173181,0.092632,-3.141591,0.000033,0.000006
14.300539,-0.680025,-0.611286,-6.450002,-0.029000,-0.073000,0.013125,0.567288,-0.173104,0.092632,-3.141591,0.000035,0.000004
14.304580,-0.680019,-0.611273,-6.450002,-0.029000,-0.073000,0.013125,0.567366,-0.173025,0.092638,-3.141592,0.000022,0.000007
14.308543,-0.690017,-0.611269,-6.440001,-0.028000,-0.073000,0.013125,0.567442,-0.172947,0.092640,-3.141592,0.000018,-0.000001
14.312581,-0.690016,-0.611266,-6.440001,-0.028000,-0.073000,0.013125,0.567517,-0.172870,0.092642,-3.141592,0.000016,-0.000003
14.316542,-0.690020,-0.611275,-6.440002,-0.028000,-0.073000,0.013125,0.567591,-0.172790,0.092641,-3.141592,0.000024,-0.000007
14.320587,-0.690016,-0.611267,-6.440001,-0.028000,-0.073000,0.013125,0.567668,-0.172713,0.092645,-3.141592,0.000016,-0.000008
14.324577,-0.690016,-0.611266,-6.440001,-0.028000,-0.073000,0.013125,0.567742,-0.172636,0.092643,-3.141592,0.000015,-0.000017
14.328571,-0.690012,-0.611256,-6.440001,-0.028000,-0.073000,0.013125,0.567818,-0.172556,0.092645,-3.141592,0.000006,-0.000014
14.332573,-0.690012,-0.611258,-6.440001,-0.028000,-0.073000,0.013125,0.567893,-0.172476,0.092645,-3.141592,0.000008,-0.000011
14.336572,-0.690007,-0.611245,-6.440000,-0.028000,-0.073000,0.013125,0.567971,-0.172397,0.092645,3.141592,-0.000005,-0.000008
14.340573,-0.690003,-0.611236,-6.440000,-0.028000,-0.073000,0.013125,0.568048,-0.172317,0.092649,3.141592,-0.000013,-0.000005
14.344572,-0.699998,-0.601225,-6.079999,-0.026000,-0.071000,0.011125,0.568128,-0.172237,0.092650,3.141592,-0.000025,-0.000009
14.348576,-0.699996,-0.601221,-6.079999,-0.026000,-0.071000,0.011125,0.568222,-0.172140,0.092651,3.141592,-0.000028,-0.000022
14.352573,-0.700001,-0.601231,-6.080000,-0.026000,-0.071000,0.011125,0.568280,-0.172077,0.092652,3.141592,-0.000019,-0.000057
14.356574,-0.699989,-0.601206,-6.079998,-0.026000,-0.071000,0.011125,0.568380,-0.171978,0.092654,3.141591,-0.000043,-0.000025
14.360572,-0.699988,-0.601202,-6.079998,-0.026001,-0.071000,0.011125,0.568457,-0.171898,0.092655,3.141591,-0.000047,-0.000029
14.364575,-0.699986,-0.601197,-6.079998,-0.026001,-0.071000,0.011125,0.568536,-0.171818,0.092656,3.141591,-0.000051,-0.000040
14.368573,-0.699986,-0.601198,-6.079998,-0.026001,-0.071000,0.011125,0.568613,-0.171735,0.092655,3.141591,-0.000050,-0.000032
14.372577,-0.699986,-0.601199,-6.079998,-0.026001,-0.071000,0.011125,0.568690,-0.171655,0.092653,3.141591,-0.000049,-0.000043
14.376575,-0.699985,-0.601195,-6.079998,-0.026001,-0.071000,0.011125,0.568766,-0.171575,0.092655,3.141591,-0.000053,-0.000047
14.380575,-0.699988,-0.601203,-6.079998,-0.026000,-0.071000,0.011125,0.568842,-0.171495,0.092653,3.141591,-0.000046,-0.000051
14.384575,-0.699988,-0.601203,-6.079998,-0.026000,-0.071000,0.011125,0.568842,-0.171495,0.092653,3.141591,-0.000046,-0.000051
14.388575,-0.669989,-0.581204,-5.299998,-0.020000,-0.064000,0.009125,0.568919,-0.171415,0.092652,3.141591,-0.000045,-0.000055
14.392583,-0.669990,-0.581208,-5.299998,-0.020000,-0.064000,0.009125,0.569071,-0.171258,0.092651,3.141591,-0.000041,-0.000060
14.396580,-0.669994,-0.581216,-5.299999,-0.020000,-0.064000,0.009125,0.569146,-0.171180,0.092649,3.141591,-0.000033,-0.000055
14.400581,-0.669995,-0.581219,-5.299999,-0.020000,-0.064000,0.009125,0.569222,-0.171100,0.092650,3.141591,-0.000030,-0.000052
14.404586,-0.669998,-0.581225,-5.299999,-0.020000,-0.064000,0.009125,0.569298,-0.171020,0.092646,3.141592,-0.000025,-0.000043
14.408577,-0.669996,-0.581221,-5.299999,-0.020000,-0.064000,0.009125,0.569376,-0.170937,0.092647,3.141592,-0.000029,-0.000029
14.412578,-0.669997,-0.581223,-5.299999,-0.020000,-0.064000,0.009125,0.569453,-0.170860,0.092647,3.141592,-0.000026,-0.000024
14.416588,-0.670000,-0.581231,-5.300000,-0.020000,-0.064000,0.009125,0.569528,-0.170782,0.092645,3.141592,-0.000019,-0.000032
14.420582,-0.670000,-0.581231,-5.300000,-0.020000,-0.064000,0.009125,0.569528,-0.170782,0.092645,3.141592,-0.000019,-0.000032
14.424548,-0.630003,-0.511236,-4.830000,-0.020000,-0.057000,0.008125,0.569683,-0.170619,0.092646,3.141592,-0.000014,-0.000035
14.428562,-0.630004,-0.511239,-4.830000,-0.020000,-0.057000,0.008125,0.569760,-0.170536,0.092647,3.141592,-0.000011,-0.000042
14.432563,-0.630008,-0.511247,-4.830000,-0.020000,-0.057000,0.008125,0.569836,-0.170456,0.092645,3.141593,-0.000003,-0.000052
14.436564,-0.630012,-0.511256,-4.830001,-0.020000,-0.057000,0.008125,0.569913,-0.170376,0.092644,-3.141592,0.000006,-0.000063
14.440568,-0.630015,-0.511264,-4.830001,-0.020000,-0.057000,0.008125,0.569989,-0.170295,0.092642,-3.141592,0.000013,-0.000067
14.444597,-0.630011,-0.511255,-4.830001,-0.020000,-0.057000,0.008125,0.570067,-0.170215,0.092645,-3.141592,0.000004,-0.000118
14.448586,-0.630011,-0.511255,-4.830001,-0.020000,-0.057000,0.008125,0.570067,-0.170215,0.092645,-3.141592,0.000004,-0.000118
14.452582,-0.630016,-0.511266,-4.830001,-0.020000,-0.057000,0.008125,0.570224,-0.170050,0.092644,-3.141592,0.000015,-0.000110
14.456565,-0.630012,-0.511256,-4.830001,-0.020000,-0.057000,0.008125,0.570323,-0.169949,0.092646,-3.141592,0.000006,-0.000078
14.460579,-0.630012,-0.511256,-4.830001,-0.020000,-0.057000,0.008125,0.570323,-0.169949,0.092646,-3.141592,0.000006,-0.000078
14.464582,-0.570014,-0.461261,-4.750001,-0.021000,-0.054000,0.007125,0.570481,-0.169783,0.092646,-3.141592,0.000010,-0.000070
14.468583,-0.570012,-0.461256,-4.750001,-0.021000,-0.054000,0.007125,0.570559,-0.169703,0.092647,-3.141592,0.000006,-0.000060
14.472581,-0.570009,-0.461251,-4.750001,-0.021000,-0.054000,0.007125,0.570638,-0.169623,0.092647,-3.141593,0.000001,-0.000057
14.476584,-0.570009,-0.461251,-4.750001,-0.021000,-0.054000,0.007125,0.570717,-0.169540,0.092648,3.141593,-0.000004,-0.000036
14.480581,-0.570005,-0.461242,-4.750000,-0.021000,-0.054000,0.007125,0.570795,-0.169459,0.092648,3.141592,-0.000008,-0.000034
14.484581,-0.570005,-0.461242,-4.750000,-0.021000,-0.054000,0.007125,0.570795,-0.169459,0.092648,3.141592,-0.000008,-0.000034
14.488582,-0.570005,-0.461242,-4.750000,-0.021000,-0.054000,0.007125,0.570874,-0.169376,0.092646,3.141592,-0.000008,-0.000020
14.492587,-0.570006,-0.461244,-4.750000,-0.021000,-0.054000,0.007125,0.570952,-0.169296,0.092646,3.141592,-0.000006,-0.000017
14.496584,-0.570002,-0.461234,-4.750000,-0.021000,-0.054000,0.007125,0.571111,-0.169132,0.092646,3.141592,-0.000016,0.000000
14.500579,-0.569997,-0.461223,-4.749999,-0.021000,-0.054000,0.007125,0.571192,-0.169052,0.092648,3.141592,-0.000026,-0.000004
14.504577,-0.499998,-0.391226,-4.559999,-0.022000,-0.051000,0.007125,0.571270,-0.168971,0.092648,3.141592,-0.000024,-0.000008
14.508585,-0.499996,-0.391222,-4.559999,-0.022000,-0.051000,0.007125,0.571350,-0.168891,0.092650,3.141592,-0.000027,-0.000018
14.512582,-0.499996,-0.391222,-4.559999,-0.022000,-0.051000,0.007125,0.571350,-0.168891,0.092650,3.141592,-0.000027,-0.000018
14.516580,-0.499997,-0.391224,-4.559999,-0.022000,-0.051000,0.007125,0.571506,-0.168727,0.092648,3.141592,-0.000025,-0.000035
14.520589,-0.499997,-0.391224,-4.559999,-0.022000,-0.051000,0.007125,0.571584,-0.168647,0.092646,3.141592,-0.000025,-0.000046
14.524588,-0.499995,-0.391220,-4.559999,-0.022000,-0.051000,0.007125,0.571663,-0.168563,0.092646,3.141592,-0.000030,-0.000045
14.528545,-0.499995,-0.391220,-4.559999,-0.022000,-0.051000,0.007125,0.571663,-0.168563,0.092646,3.141592,-0.000030,-0.000045
14.532587,-0.499997,-0.391223,-4.559999,-0.022000,-0.051000,0.007125,0.571816,-0.168404,0.092645,3.141592,-0.000027,-0.000064
14.536576,-0.499997,-0.391223,-4.559999,-0.022000,-0.051000,0.007125,0.571816,-0.168404,0.092645,3.141592,-0.000027,-0.000064
14.540574,-0.499994,-0.391217,-4.559999,-0.022000,-0.051000,0.007125,0.571893,-0.168324,0.092644,3.141592,-0.000033,-0.000068
14.544590,-0.499997,-0.391223,-4.559999,-0.022000,-0.051000,0.007125,0.571966,-0.168245,0.092641,3.141592,-0.000026,-0.000070
14.548581,-0.490000,-0.401231,-4.490000,-0.020000,-0.051000,0.005125,0.572040,-0.168167,0.092639,3.141592,-0.000019,-0.000071
14.552580,-0.490000,-0.401231,-4.490000,-0.020000,-0.051000,0.005125,0.572040,-0.168167,0.092639,3.141592,-0.000019,-0.000071
14.556582,-0.489999,-0.401228,-4.489999,-0.020000,-0.051000,0.005125,0.572190,-0.168013,0.092639,3.141592,-0.000022,-0.000045
14.560580,-0.490002,-0.401235,-4.490000,-0.020000,-0.051000,0.005125,0.572285,-0.167915,0.092637,3.141592,-0.000015,-0.000024
14.564583,-0.490002,-0.401235,-4.490000,-0.020000,-0.051000,0.005125,0.572285,-0.167915,0.092637,3.141592,-0.000015,-0.000024
14.568592,-0.490002,-0.401235,-4.490000,-0.020000,-0.051000,0.005125,0.572420,-0.167779,0.092639,3.141592,-0.000015,-0.000003
14.572580,-0.490002,-0.401235,-4.490000,-0.020000,-0.051000,0.005125,0.572496,-0.167700,0.092638,3.141592,-0.000014,-0.000018
14.576584,-0.490004,-0.401239,-4.490000,-0.020000,-0.051000,0.005125,0.572570,-0.167622,0.092639,3.141592,-0.000011,0.000027
14.580582,-0.490005,-0.401241,-4.490000,-0.020000,-0.051000,0.005125,0.572665,-0.167526,0.092638,3.141592,-0.000009,0.000037
14.584583,-0.490006,-0.401244,-4.490000,-0.020000,-0.051000,0.005125,0.572739,-0.167448,0.092639,3.141592,-0.000006,0.000042
14.588580,-0.550010,-0.461252,-4.750001,-0.021000,-0.057000,0.007125,0.572814,-0.167369,0.092637,-3.141593,0.000002,0.000040
14.592553,-0.550010,-0.461252,-4.750001,-0.021000,-0.057000,0.007125,0.572814,-0.167369,0.092637,-3.141593,0.000002,0.000040
14.596588,-0.550014,-0.461262,-4.750001,-0.021000,-0.057000,0.007125,0.572961,-0.167215,0.092635,-3.141592,0.000011,0.000026
14.600591,-0.550012,-0.461257,-4.750001,-0.021000,-0.057000,0.007125,0.573034,-0.167136,0.092635,-3.141592,0.000006,0.000017
14.604582,-0.550010,-0.461253,-4.750001,-0.021000,-0.057000,0.007125,0.573110,-0.167058,0.092637,-3.141593,0.000002,0.000009
14.608588,-0.550008,-0.461249,-4.750000,-0.021000,-0.057000,0.007125,0.573186,-0.166977,0.092638,3.141593,-0.000001,-0.000002
14.612578,-0.550011,-0.461255,-4.750001,-0.021000,-0.057000,0.007125,0.573258,-0.166901,0.092635,-3.141592,0.000005,-0.000022
14.616579,-0.550007,-0.461246,-4.750000,-0.021000,-0.057000,0.007125,0.573335,-0.166822,0.092638,3.141593,-0.000004,-0.000030
14.620583,-0.550007,-0.461247,-4.750000,-0.021000,-0.057000,0.007125,0.573410,-0.166744,0.092637,3.141593,-0.000003,-0.000038
14.624582,-0.550003,-0.461238,-4.750000,-0.021000,-0.057000,0.007125,0.573488,-0.166665,0.092640,3.141592,-0.000012,-0.000053
14.628581,-0.600004,-0.541240,-5.050000,-0.020000,-0.061000,0.008125,0.573564,-0.166590,0.092640,3.141592,-0.000010,-0.000066
14.632544,-0.600004,-0.541240,-5.050000,-0.020000,-0.061000,0.008125,0.573564,-0.166590,0.092640,3.141592,-0.000010,-0.000066
14.636588,-0.600001,-0.541233,-5.050000,-0.020000,-0.061000,0.008125,0.573718,-0.166432,0.092643,3.141592,-0.000017,-0.000050
14.640578,-0.599999,-0.541229,-5.049999,-0.020000,-0.061000,0.008125,0.573793,-0.166354,0.092644,3.141592,-0.000021,-0.000038
14.644575,-0.600000,-0.541230,-5.049999,-0.020000,-0.061000,0.008125,0.573867,-0.166278,0.092643,3.141592,-0.000020,-0.000024
14.648576,-0.600000,-0.541231,-5.050000,-0.020000,-0.061000,0.008125,0.573940,-0.166199,0.092643,3.141592,-0.000018,-0.000005
14.652579,-0.599999,-0.541228,-5.049999,-0.020000,-0.061000,0.008125,0.574014,-0.166123,0.092644,3.141592,-0.000022,0.000009
14.656583,-0.599999,-0.541229,-5.049999,-0.020000,-0.061000,0.008125,0.574086,-0.166047,0.092644,3.141592,-0.000020,0.000023
14.660574,-0.599999,-0.541229,-5.049999,-0.020000,-0.061000,0.008125,0.574086,-0.166047,0.092644,3.141592,-0.000020,0.000023
14.664580,-0.599995,-0.541220,-5.049999,-0.020000,-0.061000,0.008125,0.574172,-0.165968,0.092653,3.141592,-0.000029,0.000008
14.668579,-0.650008,-0.561249,-5.360000,-0.023000,-0.062000,0.008125,0.574302,-0.165816,0.092641,3.141593,-0.000002,0.000016
14.672576,-0.650007,-0.561245,-5.360000,-0.023000,-0.062000,0.008125,0.574395,-0.165719,0.092643,3.141593,-0.000005,0.000052
14.676539,-0.650005,-0.561241,-5.360000,-0.023000,-0.062000,0.008125,0.574469,-0.165643,0.092644,3.141592,-0.000009,0.000046
14.680577,-0.650005,-0.561242,-5.360000,-0.023000,-0.062000,0.008125,0.574544,-0.165564,0.092643,3.141592,-0.000008,0.000044
14.684576,-0.650001,-0.561233,-5.360000,-0.023000,-0.062000,0.008125,0.574621,-0.165488,0.092646,3.141592,-0.000017,0.000038
14.688575,-0.650003,-0.561236,-5.360000,-0.023000,-0.062000,0.008125,0.574694,-0.165412,0.092647,3.141592,-0.000014,0.000025
14.692576,-0.649998,-0.561227,-5.359999,-0.023000,-0.062000,0.008125,0.574772,-0.165333,0.092650,3.141592,-0.000023,0.000017
14.696581,-0.649997,-0.561223,-5.359999,-0.023000,-0.062000,0.008125,0.574846,-0.165257,0.092651,3.141592,-0.000026,0.000004
14.700575,-0.649995,-0.561219,-5.359999,-0.023000,-0.062000,0.008125,0.574920,-0.165180,0.092652,3.141592,-0.000030,-0.000016
14.704574,-0.649991,-0.561210,-5.359999,-0.023000,-0.062000,0.008125,0.574997,-0.165101,0.092656,3.141592,-0.000039,-0.000031
14.708572,-0.679992,-0.551213,-5.859999,-0.028000,-0.067000,0.009125,0.575071,-0.165025,0.092656,3.141592,-0.000036,-0.000044
14.712543,-0.679990,-0.551209,-5.859998,-0.028000,-0.067000,0.009125,0.575145,-0.164949,0.092658,3.141592,-0.000040,-0.000063
14.716578,-0.679991,-0.551211,-5.859999,-0.028000,-0.067000,0.009125,0.575218,-0.164870,0.092657,3.141592,-0.000038,-0.000065
14.720576,-0.679991,-0.551212,-5.859999,-0.028000,-0.067000,0.009125,0.575292,-0.164793,0.092656,3.141592,-0.000037,-0.000071
14.724578,-0.679993,-0.551215,-5.859999,-0.028000,-0.067000,0.009125,0.575365,-0.164717,0.092657,3.141592,-0.000034,-0.000064
14.728576,-0.679994,-0.551217,-5.859999,-0.028000,-0.067000,0.009125,0.575438,-0.164638,0.092657,3.141592,-0.000033,-0.000052
14.732576,-0.679992,-0.551214,-5.859999,-0.028000,-0.067000,0.009125,0.575514,-0.164562,0.092659,3.141592,-0.000035,-0.000045
14.736583,-0.679993,-0.551215,-5.859999,-0.028000,-0.067000,0.009125,0.575589,-0.164480,0.092658,3.141592,-0.000034,-0.000022
14.740573,-0.679991,-0.551212,-5.859999,-0.028000,-0.067000,0.009125,0.575667,-0.164401,0.092659,3.141592,-0.000037,-0.000017
14.744574,-0.709990,-0.571209,-6.429998,-0.031000,-0.072000,0.010125,0.575747,-0.164319,0.092661,3.141592,-0.000041,-0.000000
14.748582,-0.709985,-0.571198,-6.429998,-0.031001,-0.072000,0.010125,0.575826,-0.164240,0.092663,3.141591,-0.000051,0.000005
14.752578,-0.709982,-0.571193,-6.429998,-0.031001,-0.072000,0.010125,0.575905,-0.164159,0.092663,3.141591,-0.000056,-0.000026
14.756575,-0.709978,-0.571184,-6.429997,-0.031001,-0.072000,0.010125,0.575986,-0.164077,0.092666,3.141591,-0.000065,0.000010
14.760585,-0.709979,-0.571186,-6.429997,-0.031001,-0.072000,0.010125,0.576083,-0.163978,0.092665,3.141591,-0.000063,0.000004
14.764586,-0.709979,-0.571186,-6.429997,-0.031001,-0.072000,0.010125,0.576083,-0.163978,0.092665,3.141591,-0.000063,0.000004
14.768583,-0.709978,-0.571183,-6.429997,-0.031001,-0.072000,0.010125,0.576221,-0.163837,0.092666,3.141591,-0.000065,-0.000004
14.772575,-0.709979,-0.571185,-6.429997,-0.031001,-0.072000,0.010125,0.576298,-0.163756,0.092666,3.141591,-0.000063,-0.000014
14.776574,-0.709985,-0.571199,-6.429998,-0.031001,-0.072000,0.010125,0.576373,-0.163676,0.092663,3.141591,-0.000050,-0.000023
14.780596,-0.709989,-0.571207,-6.429998,-0.031000,-0.072000,0.010125,0.576447,-0.163594,0.092661,3.141592,-0.000042,-0.000040
14.784586,-0.759995,-0.601221,-6.839999,-0.032000,-0.078000,0.010125,0.576522,-0.163515,0.092657,3.141592,-0.000029,-0.000048
14.788579,-0.760002,-0.601234,-6.840000,-0.032000,-0.078000,0.010125,0.576598,-0.163436,0.092654,3.141592,-0.000015,-0.000070
14.792579,-0.760006,-0.601243,-6.840000,-0.032000,-0.078000,0.010125,0.576694,-0.163334,0.092652,3.141592,-0.000007,-0.000079
14.796579,-0.759998,-0.601227,-6.839999,-0.032000,-0.078000,0.010125,0.576765,-0.163275,0.092663,3.141592,-0.000023,-0.000130
14.800583,-0.760014,-0.601260,-6.840001,-0.032000,-0.078000,0.010125,0.576847,-0.163172,0.092650,-3.141592,0.000010,-0.000098
14.804578,-0.760012,-0.601257,-6.840001,-0.032000,-0.078000,0.010125,0.576926,-0.163091,0.092652,-3.141592,0.000007,-0.000095
14.808579,-0.760013,-0.601258,-6.840001,-0.032000,-0.078000,0.010125,0.577004,-0.163009,0.092651,-3.141592,0.000008,-0.000092
14.812579,-0.760005,-0.601243,-6.840000,-0.032000,-0.078000,0.010125,0.577085,-0.162929,0.092655,3.141592,-0.000007,-0.000080
14.816575,-0.760001,-0.601234,-6.840000,-0.032000,-0.078000,0.010125,0.577166,-0.162850,0.092658,3.141592,-0.000016,-0.000068
14.820574,-0.760008,-0.601248,-6.840000,-0.032000,-0.078000,0.010125,0.577241,-0.162771,0.092655,3.141593,-0.000003,-0.000057
14.824574,-0.760006,-0.601244,-6.840000,-0.032000,-0.078000,0.010125,0.577319,-0.162689,0.092656,3.141593,-0.000006,-0.000040
14.828580,-0.840001,-0.701234,-7.620000,-0.033000,-0.089000,0.014125,0.577399,-0.162607,0.092659,3.141592,-0.000016,-0.000024
14.832588,-0.840002,-0.701236,-7.620000,-0.033000,-0.089000,0.014125,0.577475,-0.162527,0.092659,3.141592,-0.000014,-0.000019
14.836578,-0.840003,-0.701237,-7.620000,-0.033000,-0.089000,0.014125,0.577553,-0.162445,0.092658,3.141592,-0.000012,-0.000009
14.840583,-0.840001,-0.701234,-7.620000,-0.033000,-0.089000,0.014125,0.577632,-0.162363,0.092659,3.141592,-0.000016,-0.000006
14.844583,-0.839999,-0.701229,-7.619999,-0.033000,-0.089000,0.014125,0.577709,-0.162281,0.092660,3.141592,-0.000020,0.000003
14.848579,-0.839998,-0.701227,-7.619999,-0.033000,-0.089000,0.014125,0.577789,-0.162199,0.092663,3.141592,-0.000022,0.000006
14.852580,-0.840000,-0.701231,-7.619999,-0.033000,-0.089000,0.014125,0.577867,-0.162117,0.092664,3.141592,-0.000019,0.000002
14.856578,-0.839998,-0.701227,-7.619999,-0.033000,-0.089000,0.014125,0.577949,-0.162032,0.092664,3.141592,-0.000023,0.000003
14.860609,-0.839996,-0.701223,-7.619999,-0.033000,-0.089000,0.014125,0.578026,-0.161953,0.092666,3.141592,-0.000026,-0.000006
14.864580,-0.999995,-0.841220,-8.669999,-0.038000,-0.100000,0.018125,0.578105,-0.161871,0.092668,3.141592,-0.000029,-0.000016
14.868573,-0.999993,-0.841216,-8.669999,-0.038000,-0.100000,0.018125,0.578186,-0.161786,0.092669,3.141592,-0.000033,-0.000029
14.872582,-0.999989,-0.841207,-8.669998,-0.038000,-0.100000,0.018125,0.578267,-0.161704,0.092672,3.141592,-0.000042,-0.000040
14.876574,-0.999988,-0.841205,-8.669998,-0.038000,-0.100000,0.018125,0.578347,-0.161624,0.092675,3.141592,-0.000044,-0.000055
14.880574,-0.999984,-0.841196,-8.669998,-0.038001,-0.100000,0.018125,0.578427,-0.161542,0.092678,3.141592,-0.000053,-0.000066
14.884580,-0.999984,-0.841198,-8.669998,-0.038001,-0.100000,0.018125,0.578505,-0.161462,0.092677,3.141592,-0.000051,-0.000067
14.888575,-0.999986,-0.841201,-8.669998,-0.038001,-0.100000,0.018125,0.578583,-0.161380,0.092678,3.141592,-0.000048,-0.000064
14.892583,-0.999986,-0.841201,-8.669998,-0.038001,-0.100000,0.018125,0.578583,-0.161380,0.092678,3.141592,-0.000048,-0.000064
14.896572,-0.999988,-0.841205,-8.669998,-0.038000,-0.100000,0.018125,0.578661,-0.161298,0.092679,3.141592,-0.000044,-0.000055
14.900577,-0.999989,-0.841207,-8.669998,-0.038000,-0.100000,0.018125,0.578741,-0.161215,0.092679,3.141592,-0.000042,-0.000045
14.904581,-1.109993,-0.901217,-8.979999,-0.038000,-0.104000,0.020125,0.578817,-0.161130,0.092679,3.141592,-0.000033,-0.000031
14.908580,-1.109997,-0.901225,-8.979999,-0.038000,-0.104000,0.020125,0.578973,-0.160971,0.092682,3.141592,-0.000025,-0.000048
14.912581,-1.109992,-0.901214,-8.979998,-0.038000,-0.104000,0.020125,0.579066,-0.160886,0.092696,3.141592,-0.000035,-0.000034
14.916583,-1.109992,-0.901214,-8.979998,-0.038000,-0.104000,0.020125,0.579066,-0.160886,0.092696,3.141592,-0.000035,-0.000034
14.920579,-1.110007,-0.901245,-8.980000,-0.038000,-0.104000,0.020125,0.579228,-0.160703,0.092692,3.141593,-0.000005,0.000010
14.924579,-1.110017,-0.901267,-8.980001,-0.038000,-0.104000,0.020125,0.579304,-0.160620,0.092689,-3.141592,0.000016,0.000020
14.928576,-1.110017,-0.901267,-8.980001,-0.038000,-0.104000,0.020125,0.579304,-0.160620,0.092689,-3.141592,0.000016,0.000020
14.932579,-1.110023,-0.901279,-8.980002,-0.038000,-0.104000,0.020125,0.579463,-0.160456,0.092695,-3.141592,0.000028,0.000032
14.936577,-1.110024,-0.901283,-8.980002,-0.038000,-0.104000,0.020125,0.579541,-0.160373,0.092696,-3.141592,0.000032,0.000035
14.940579,-1.110029,-0.901293,-8.980002,-0.038000,-0.104000,0.020125,0.579618,-0.160290,0.092697,-3.141592,0.000042,0.000031
14.944587,-1.090032,-0.881298,-8.980003,-0.041000,-0.101000,0.020125,0.579696,-0.160211,0.092699,-3.141592,0.000047,0.000023
14.948548,-1.090034,-0.881303,-8.980003,-0.040999,-0.101000,0.020125,0.579775,-0.160131,0.092701,-3.141592,0.000052,0.000014
14.952583,-1.090038,-0.881312,-8.980003,-0.040999,-0.101001,0.020125,0.579849,-0.160051,0.092700,-3.141592,0.000060,0.000006
14.956590,-1.090037,-0.881310,-8.980003,-0.040999,-0.101001,0.020125,0.579925,-0.159971,0.092703,-3.141592,0.000058,-0.000003
14.960581,-1.090037,-0.881310,-8.980003,-0.040999,-0.101001,0.020125,0.579925,-0.159971,0.092703,-3.141592,0.000058,-0.000003
14.964584,-1.090039,-0.881314,-8.980003,-0.040999,-0.101001,0.020125,0.579999,-0.159896,0.092705,-3.141591,0.000062,-0.000007
14.968581,-1.090036,-0.881308,-8.980003,-0.040999,-0.101000,0.020125,0.580134,-0.159756,0.092709,-3.141592,0.000056,-0.000006
14.972580,-1.090038,-0.881311,-8.980003,-0.040999,-0.101001,0.020125,0.580194,-0.159692,0.092710,-3.141592,0.000059,-0.000001
14.976579,-1.090036,-0.881308,-8.980003,-0.040999,-0.101000,0.020125,0.580250,-0.159635,0.092713,-3.141592,0.000057,0.000004
14.980577,-0.990035,-0.781305,-8.780003,-0.042999,-0.097000,0.018125,0.580302,-0.159583,0.092715,-3.141592,0.000053,0.000007
14.984585,-0.990028,-0.781290,-8.780002,-0.043000,-0.097000,0.018125,0.580350,-0.159537,0.092720,-3.141592,0.000039,0.000014
14.988583,-0.990028,-0.781290,-8.780002,-0.043000,-0.097000,0.018125,0.580350,-0.159537,0.092720,-3.141592,0.000039,0.000014
14.992580,-0.990028,-0.781291,-8.780002,-0.043000,-0.097000,0.018125,0.580421,-0.159467,0.092726,-3.141592,0.000039,0.000014
14.996583,-0.990028,-0.781291,-8.780002,-0.043000,-0.097000,0.018125,0.580421,-0.159467,0.092726,-3.141592,0.000039,0.000014
15.000583,-0.990025,-0.781284,-8.780002,-0.043000,-0.097000,0.018125,0.580467,-0.159421,0.092733,-3.141592,0.000033,0.000015
15.004587,-0.990027,-0.781288,-8.780002,-0.043000,-0.097000,0.018125,0.580482,-0.159405,0.092735,-3.141592,0.000037,0.000015
15.008585,-0.990026,-0.781286,-8.780002,-0.043000,-0.097000,0.018125,0.580494,-0.159395,0.092740,-3.141592,0.000035,0.000019
15.012584,-0.990029,-0.781293,-8.780003,-0.043000,-0.097000,0.018125,0.580499,-0.159387,0.092739,-3.141592,0.000042,0.000019
15.016581,-0.990028,-0.781291,-8.780002,-0.043000,-0.097000,0.018125,0.580503,-0.159384,0.092744,-3.141592,0.000040,0.000017
15.020583,-0.860026,-0.701286,-8.490002,-0.041000,-0.093000,0.018125,0.580505,-0.159384,0.092746,-3.141592,0.000035,0.000011
15.024584,-0.860029,-0.701292,-8.490003,-0.041000,-0.093000,0.018125,0.580504,-0.159384,0.092745,-3.141592,0.000041,0.000017
